bag_timestamp_ns,accel2_x,accel2_y,accel2_z
1710529171535740866,9.76928424835205,0.6059399247169495,1.2561877965927124
1710529171554720746,9.748927116394043,0.6035449504852295,1.2945080995559692
1710529171573925290,9.76928424835205,0.65863037109375,1.2693603038787842
1710529171597388467,9.757309913635254,0.6131250262260437,1.2849279642105103
1710529171609935353,9.757309913635254,0.6131250262260437,1.2849279642105103
1710529171662482987,9.775272369384766,0.6298901438713074,1.266965389251709
1710529171675035030,9.762099266052246,0.6131250262260437,1.2741503715515137
1710529171715001032,9.753717422485352,0.6382727026939392,1.302890658378601
1710529171716996328,9.748927116394043,0.640667736530304,1.3088781833648682
1710529171746362868,9.768087387084961,0.6382727026939392,1.2621753215789795
1710529171761313178,9.765691757202148,0.6322851777076721,1.2861255407333374
1710529171788732686,9.776470184326172,0.6574328541755676,1.2597802877426147
1710529171813899355,9.771679878234863,0.6502478122711182,1.2741503715515137
1710529171849510450,9.772876739501953,0.6239025592803955,1.2705578804016113
1710529171900217503,9.776470184326172,0.6598278880119324,1.2801378965377808
1710529171916638992,9.77407455444336,0.6442602276802063,1.2801378965377808
1710529171920795549,9.752519607543945,0.646655261516571,1.2981005907058716
1710529171937713737,9.762099266052246,0.6322851777076721,1.2992980480194092
1710529171960881282,9.75012493133545,0.646655261516571,1.2992980480194092
1710529171986237691,9.75970458984375,0.6310876607894897,1.2992980480194092
1710529172013916569,9.746532440185547,0.6526428461074829,1.3208532333374023
1710529172026198792,9.756112098693848,0.640667736530304,1.3052856922149658
1710529172051273161,9.772876739501953,0.6550378203392029,1.2992980480194092
1710529172074419157,9.775272369384766,0.6203100681304932,1.2645703554153442
1710529172093072463,9.778864860534668,0.6334826946258545,1.2490026950836182
1710529172099356798,9.763297080993652,0.6059399247169495,1.2801378965377808
1710529172128928753,9.777667045593262,0.6334826946258545,1.2801378965377808
1710529172148024363,9.771679878234863,0.6203100681304932,1.2801378965377808
1710529172171012108,9.757309913635254,0.6418652534484863,1.3052856922149658
1710529172175201858,9.741742134094238,0.6203100681304932,1.2885204553604126
1710529172196289323,9.757309913635254,0.6574328541755676,1.2753479480743408
1710529172215011215,9.766889572143555,0.6550378203392029,1.2885204553604126
1710529172223677296,9.766889572143555,0.6550378203392029,1.2885204553604126
1710529172248920071,9.765691757202148,0.6239025592803955,1.3004956245422363
1710529172252990218,9.747729301452637,0.6191125512123108,1.3100756406784058
1710529172265745968,9.775272369384766,0.6215075850486755,1.2621753215789795
1710529172285281551,9.757309913635254,0.6203100681304932,1.302890658378601
1710529172312090993,9.751321792602539,0.6658154129981995,1.302890658378601
1710529172328958079,9.777667045593262,0.6071374416351318,1.271755337715149
1710529172366718948,9.760902404785156,0.6262975931167603,1.2909154891967773
1710529172427660661,9.762099266052246,0.6346801519393921,1.302890658378601
1710529172442511372,9.747729301452637,0.6430627703666687,1.2945080995559692
1710529172461209290,9.762099266052246,0.6215075850486755,1.293310523033142
1710529172475870352,9.75970458984375,0.646655261516571,1.2789404392242432
1710529172503248088,9.75970458984375,0.646655261516571,1.2789404392242432
1710529172518198578,9.771679878234863,0.6514453291893005,1.2753479480743408
1710529172534648898,9.758506774902344,0.616717517375946,1.2825329303741455
1710529172549461901,9.75012493133545,0.6274951100349426,1.2789404392242432
1710529172654853820,9.775272369384766,0.6155200004577637,1.2705578804016113
1710529172662875629,9.780062675476074,0.6203100681304932,1.271755337715149
1710529172675478666,9.75012493133545,0.65863037109375,1.3220508098602295
1710529172690052509,9.740544319152832,0.6119275093078613,1.3172607421875
1710529172702576603,9.781259536743164,0.6370751857757568,1.2885204553604126
1710529172717501356,9.794432640075684,0.6059399247169495,1.271755337715149
1710529172738437724,9.768087387084961,0.6478527784347534,1.2945080995559692
1710529172757046238,9.763297080993652,0.6418652534484863,1.3172607421875
1710529172780490563,9.77407455444336,0.6251000761985779,1.293310523033142
1710529172790758265,9.75012493133545,0.6143224835395813,1.3160632848739624
1710529172813974656,9.772876739501953,0.6753954887390137,1.2609777450561523
1710529172837228574,9.735754013061523,0.6478527784347534,1.3280383348464966
1710529172886415228,9.75970458984375,0.6538403034210205,1.296903133392334
1710529172906714075,9.778864860534668,0.6430627703666687,1.271755337715149
1710529172944630020,9.758506774902344,0.6610254049301147,1.2789404392242432
1710529172946697965,9.765691757202148,0.6514453291893005,1.2992980480194092
1710529172961369171,9.770482063293457,0.6777905225753784,1.2921130657196045
1710529172993036193,9.75970458984375,0.6658154129981995,1.2861255407333374
1710529173041223948,9.757309913635254,0.65863037109375,1.2897180318832397
1710529173047578922,9.75970458984375,0.610729992389679,1.3004956245422363
1710529173056123123,9.771679878234863,0.6442602276802063,1.2789404392242432
1710529173079163543,9.795629501342773,0.6442602276802063,1.2537927627563477
1710529173108862754,9.746532440185547,0.6143224835395813,1.2885204553604126
1710529173110743025,9.75012493133545,0.6143224835395813,1.3100756406784058
1710529173123331864,9.75012493133545,0.6251000761985779,1.2789404392242432
1710529173155101145,9.771679878234863,0.6490502953529358,1.2957055568695068
1710529173236890255,9.75970458984375,0.6514453291893005,1.2789404392242432
1710529173257897958,9.758506774902344,0.6382727026939392,1.2861255407333374
1710529173312222071,9.742938995361328,0.6358776688575745,1.2741503715515137
1710529173341979926,9.763297080993652,0.6143224835395813,1.2825329303741455
1710529173373567439,9.765691757202148,0.6143224835395813,1.2945080995559692
1710529173404981495,9.775272369384766,0.6358776688575745,1.2753479480743408
1710529173419927919,9.738149642944336,0.616717517375946,1.3160632848739624
1710529173443071307,9.770482063293457,0.6334826946258545,1.281335473060608
1710529173497840232,9.760902404785156,0.6502478122711182,1.2801378965377808
1710529173525472359,9.754914283752441,0.6095324754714966,1.301693081855774
1710529173567366719,9.766889572143555,0.6418652534484863,1.2861255407333374
1710529173575622272,9.764494895935059,0.6478527784347534,1.281335473060608
1710529173598654317,9.74533462524414,0.610729992389679,1.307680606842041
1710529173695423168,9.781259536743164,0.628692626953125,1.2549902200698853
1710529173703748717,9.772876739501953,0.6131250262260437,1.2705578804016113
1710529173724938848,9.770482063293457,0.5999523997306824,1.311273217201233
1710529173733242451,9.73695182800293,0.6478527784347534,1.3256433010101318
1710529173752332117,9.772876739501953,0.6394702196121216,1.266965389251709
1710529173756788356,9.777667045593262,0.5927673578262329,1.2753479480743408
1710529173771191448,9.748927116394043,0.6251000761985779,1.3136682510375977
1710529173794256568,9.746532440185547,0.6131250262260437,1.3100756406784058
1710529173807130590,9.77407455444336,0.6574328541755676,1.25738525390625
1710529173821866711,9.763297080993652,0.6251000761985779,1.293310523033142
1710529173842763158,9.770482063293457,0.6215075850486755,1.293310523033142
1710529173895411043,9.765691757202148,0.6454577445983887,1.293310523033142
1710529173903664831,9.770482063293457,0.6502478122711182,1.3184581995010376
1710529173947935603,9.799221992492676,0.628692626953125,1.2549902200698853
1710529173977527691,9.754914283752441,0.6215075850486755,1.311273217201233
1710529174011074531,9.763297080993652,0.6215075850486755,1.3208532333374023
1710529174034960196,9.772876739501953,0.6310876607894897,1.263372778892517
1710529174068037923,9.74533462524414,0.6358776688575745,1.331630825996399
1710529174114390469,9.764494895935059,0.6262975931167603,1.2753479480743408
1710529174139531294,9.741742134094238,0.6502478122711182,1.2992980480194092
1710529174169155198,9.766889572143555,0.640667736530304,1.2909154891967773
1710529174171387586,9.763297080993652,0.6310876607894897,1.2992980480194092
1710529174188271423,9.763297080993652,0.6298901438713074,1.2801378965377808
1710529174204974925,9.75970458984375,0.6358776688575745,1.311273217201233
1710529174213358408,9.723779678344727,0.6227051019668579,1.332828402519226
1710529174255365957,9.776470184326172,0.6490502953529358,1.287322998046875
1710529174259790341,9.78245735168457,0.6191125512123108,1.2825329303741455
1710529174267975094,9.75012493133545,0.6346801519393921,1.302890658378601
1710529174280691337,9.776470184326172,0.6610254049301147,1.2885204553604126
1710529174293257394,9.777667045593262,0.6119275093078613,1.2621753215789795
1710529174318549824,9.74533462524414,0.6370751857757568,1.311273217201233
1710529174341789729,9.752519607543945,0.610729992389679,1.3280383348464966
1710529174360732769,9.783655166625977,0.6179150342941284,1.2645703554153442
1710529174392242678,9.742938995361328,0.6011499166488647,1.3280383348464966
1710529174406710873,9.762099266052246,0.6262975931167603,1.3004956245422363
1710529174421384198,9.757309913635254,0.6310876607894897,1.302890658378601
1710529174436249261,9.753717422485352,0.6478527784347534,1.2897180318832397
1710529174465493331,9.770482063293457,0.6454577445983887,1.293310523033142
1710529174494687697,9.739346504211426,0.6550378203392029,1.3172607421875
1710529174534959065,9.739346504211426,0.6550378203392029,1.3172607421875
1710529174551481857,9.776470184326172,0.6514453291893005,1.2801378965377808
1710529174587561361,9.751321792602539,0.6239025592803955,1.2945080995559692
1710529174646471039,9.747729301452637,0.6634204387664795,1.331630825996399
1710529174675896196,9.75970458984375,0.6394702196121216,1.296903133392334
1710529174713859917,9.762099266052246,0.6514453291893005,1.2992980480194092
1710529174808553061,9.741742134094238,0.5891748070716858,1.3495935201644897
1710529174827373461,9.762099266052246,0.5987548828125,1.2753479480743408
1710529174838001063,9.752519607543945,0.6478527784347534,1.263372778892517
1710529174860911813,9.768087387084961,0.6394702196121216,1.347198486328125
1710529174924290424,9.762099266052246,0.6251000761985779,1.3004956245422363
1710529174951405821,9.77407455444336,0.6442602276802063,1.3004956245422363
1710529174993564653,9.75012493133545,0.6670129299163818,1.2957055568695068
1710529175010496928,9.776470184326172,0.6035449504852295,1.2705578804016113
1710529175031390154,9.75970458984375,0.6442602276802063,1.272952914237976
1710529175052342808,9.768087387084961,0.6274951100349426,1.293310523033142
1710529175106998432,9.762099266052246,0.640667736530304,1.3064831495285034
1710529175157446072,9.752519607543945,0.6478527784347534,1.3160632848739624
1710529175168082063,9.771679878234863,0.6191125512123108,1.263372778892517
1710529175210399604,9.764494895935059,0.6095324754714966,1.3004956245422363
1710529175212520183,9.744136810302734,0.6310876607894897,1.3100756406784058
1710529175220852828,9.764494895935059,0.640667736530304,1.287322998046875
1710529175237842997,9.766889572143555,0.6358776688575745,1.2992980480194092
1710529175269110017,9.75970458984375,0.6430627703666687,1.3040881156921387
1710529175311125536,9.762099266052246,0.6023474335670471,1.3244458436965942
1710529175346936854,9.800419807434082,0.6143224835395813,1.2561877965927124
1710529175359357528,9.744136810302734,0.6215075850486755,1.2992980480194092
1710529175384770205,9.756112098693848,0.6478527784347534,1.3136682510375977
1710529175407777725,9.762099266052246,0.6131250262260437,1.3148657083511353
1710529175433323301,9.807604789733887,0.6358776688575745,1.2502001523971558
1710529175439571946,9.776470184326172,0.6418652534484863,1.271755337715149
1710529175458236740,9.752519607543945,0.5927673578262329,1.281335473060608
1710529175559122140,9.75970458984375,0.5927673578262329,1.311273217201233
1710529175584561242,9.780062675476074,0.6239025592803955,1.2801378965377808
1710529175615819769,9.766889572143555,0.6682104468345642,1.2741503715515137
1710529175622092324,9.770482063293457,0.646655261516571,1.2693603038787842
1710529175631124447,9.752519607543945,0.6430627703666687,1.3196557760238647
1710529175691138126,9.764494895935059,0.6598278880119324,1.2909154891967773
1710529175716589026,9.75970458984375,0.6334826946258545,1.2909154891967773
1710529175781618288,9.780062675476074,0.6322851777076721,1.2789404392242432
1710529175796401707,9.756112098693848,0.6346801519393921,1.293310523033142
1710529175811239163,9.764494895935059,0.6514453291893005,1.296903133392334
1710529175825805862,9.741742134094238,0.6179150342941284,1.3340258598327637
1710529175857180081,9.733359336853027,0.6430627703666687,1.323248267173767
1710529175871839523,9.789642333984375,0.9125024676322937,1.263372778892517
1710529175900984279,9.770482063293457,0.6514453291893005,1.2537927627563477
1710529175934782117,9.742938995361328,0.6131250262260437,1.3088781833648682
1710529175968708340,9.73695182800293,0.6239025592803955,1.3340258598327637
1710529175991514319,9.757309913635254,0.6670129299163818,1.281335473060608
1710529176012612603,9.744136810302734,0.6203100681304932,1.3364208936691284
1710529176025121562,9.757309913635254,0.6298901438713074,1.2957055568695068
1710529176035664515,9.76928424835205,0.6239025592803955,1.296903133392334
1710529176071425797,9.766889572143555,0.6143224835395813,1.2885204553604126
1710529176096532141,9.772876739501953,0.6334826946258545,1.2861255407333374
1710529176132357894,9.75970458984375,0.6382727026939392,1.2981005907058716
1710529176149120450,9.768087387084961,0.6011499166488647,1.2897180318832397
1710529176159682939,9.781259536743164,0.6442602276802063,1.277742862701416
1710529176182678213,9.754914283752441,0.6083349585533142,1.301693081855774
1710529176201580361,9.770482063293457,0.6179150342941284,1.2801378965377808
1710529176239365417,9.781259536743164,0.6274951100349426,1.2885204553604126
1710529176272908541,9.771679878234863,0.6502478122711182,1.2861255407333374
1710529176298030675,9.75970458984375,0.646655261516571,1.301693081855774
1710529176321330387,9.752519607543945,0.6262975931167603,1.2957055568695068
1710529176335989054,9.764494895935059,0.6119275093078613,1.2837305068969727
1710529176344519240,9.762099266052246,0.6262975931167603,1.2681628465652466
1710529176380256287,9.765691757202148,0.6394702196121216,1.3040881156921387
1710529176414170314,9.747729301452637,0.6227051019668579,1.3208532333374023
1710529176420364747,9.752519607543945,0.6155200004577637,1.25738525390625
1710529176443250960,9.747729301452637,0.6083349585533142,1.3400133848190308
1710529176486225812,9.760902404785156,0.646655261516571,1.2502001523971558
1710529176489131645,9.778864860534668,0.5831872820854187,1.2645703554153442
1710529176499551420,9.754914283752441,0.6478527784347534,1.2693603038787842
1710529176516899574,9.77407455444336,0.6059399247169495,1.301693081855774
1710529176546359519,9.75970458984375,0.616717517375946,1.2621753215789795
1710529176632477284,9.764494895935059,0.640667736530304,1.2992980480194092
1710529176691144332,9.762099266052246,0.6346801519393921,1.2909154891967773
1710529176716642070,9.75012493133545,0.640667736530304,1.3064831495285034
1710529176733278863,9.735754013061523,0.5700146555900574,1.3160632848739624
1710529176787822067,9.766889572143555,0.6538403034210205,1.2992980480194092
1710529176806931546,9.753717422485352,0.628692626953125,1.2801378965377808
1710529176842719751,9.75970458984375,0.616717517375946,1.2657678127288818
1710529176859265187,9.775272369384766,0.628692626953125,1.2753479480743408
1710529176865579708,9.772876739501953,0.6442602276802063,1.2825329303741455
1710529176887883935,9.756112098693848,0.6334826946258545,1.2861255407333374
1710529176920537500,9.76928424835205,0.610729992389679,1.2992980480194092
1710529176943693802,9.772876739501953,0.6526428461074829,1.2849279642105103
1710529176968905527,9.775272369384766,0.6370751857757568,1.237027645111084
1710529177023188702,9.748927116394043,0.6741979718208313,1.2981005907058716
1710529177048434546,9.753717422485352,0.6346801519393921,1.3040881156921387
1710529177088953635,9.765691757202148,0.6502478122711182,1.2861255407333374
1710529177107402752,9.746532440185547,0.6550378203392029,1.311273217201233
1710529177122011361,9.780062675476074,0.646655261516571,1.2741503715515137
1710529177134731358,9.742938995361328,0.6023474335670471,1.3160632848739624
1710529177147424786,9.766889572143555,0.6262975931167603,1.272952914237976
1710529177166313309,9.752519607543945,0.6358776688575745,1.2945080995559692
1710529177191523602,9.742938995361328,0.6239025592803955,1.2837305068969727
1710529177199881566,9.762099266052246,0.6251000761985779,1.2885204553604126
1710529177225322943,9.757309913635254,0.616717517375946,1.2789404392242432
1710529177242093378,9.758506774902344,0.6562353372573853,1.281335473060608
1710529177273558819,9.757309913635254,0.616717517375946,1.2861255407333374
1710529177290457676,9.740544319152832,0.6262975931167603,1.323248267173767
1710529177292407007,9.740544319152832,0.6262975931167603,1.323248267173767
1710529177326477658,9.78245735168457,0.6322851777076721,1.2681628465652466
1710529177355888233,9.760902404785156,0.6346801519393921,1.2992980480194092
1710529177402219248,9.771679878234863,0.6203100681304932,1.2885204553604126
1710529177437759703,9.76928424835205,0.6215075850486755,1.301693081855774
1710529177540969935,9.766889572143555,0.6418652534484863,1.3124706745147705
1710529177545277848,9.780062675476074,0.6071374416351318,1.2466076612472534
1710529177566219532,9.758506774902344,0.6358776688575745,1.263372778892517
1710529177595643294,9.74533462524414,0.6203100681304932,1.2981005907058716
1710529177600017989,9.784852027893066,0.65863037109375,1.2909154891967773
1710529177623010671,9.795629501342773,0.6334826946258545,1.2442126274108887
1710529177629327398,9.754914283752441,0.6059399247169495,1.2621753215789795
1710529177660749595,9.751321792602539,0.5987548828125,1.3148657083511353
1710529177665000509,9.751321792602539,0.5987548828125,1.3148657083511353
1710529177679802843,9.776470184326172,0.6538403034210205,1.263372778892517
1710529177692124478,9.793234825134277,0.6155200004577637,1.243015170097351
1710529177719810627,9.76928424835205,0.6358776688575745,1.2921130657196045
1710529177768282685,9.781259536743164,0.5903723239898682,1.2657678127288818
1710529177847983917,9.777667045593262,0.6574328541755676,1.2609777450561523
1710529177887781670,9.760902404785156,0.6334826946258545,1.2992980480194092
1710529177929680943,9.770482063293457,0.6454577445983887,1.2861255407333374
1710529177957141474,9.776470184326172,0.6382727026939392,1.277742862701416
1710529178013980624,9.768087387084961,0.610729992389679,1.2897180318832397
1710529178022453191,9.721384048461914,0.6239025592803955,1.3340258598327637
1710529178031042889,9.78245735168457,0.6442602276802063,1.2825329303741455
1710529178054052837,9.775272369384766,0.6239025592803955,0.9723779559135437
1710529178090099116,9.71419906616211,0.610729992389679,1.3735437393188477
1710529178104472854,9.792037010192871,0.6957531571388245,1.2657678127288818
1710529178129859918,9.754914283752441,0.5556445121765137,1.277742862701416
1710529178165594127,9.765691757202148,0.6897656321525574,1.2992980480194092
1710529178207500397,9.787247657775879,0.6526428461074829,1.247805118560791
1710529178209611460,9.763297080993652,0.6215075850486755,1.2490026950836182
1710529178218052929,9.762099266052246,0.6298901438713074,1.293310523033142
1710529178262203243,9.748927116394043,0.6251000761985779,1.3004956245422363
1710529178293492584,9.752519607543945,0.6454577445983887,1.3004956245422363
1710529178355695237,9.772876739501953,0.6334826946258545,1.3064831495285034
1710529178359082777,9.765691757202148,0.6310876607894897,1.287322998046875
1710529178367445296,9.778864860534668,0.6143224835395813,1.2657678127288818
1710529178394872888,9.757309913635254,0.6634204387664795,1.2921130657196045
1710529178457810557,9.763297080993652,0.6550378203392029,1.287322998046875
1710529178478738055,9.75970458984375,0.6346801519393921,1.2957055568695068
1710529178514692337,9.758506774902344,0.6251000761985779,1.2981005907058716
1710529178518855429,9.78245735168457,0.6394702196121216,1.2502001523971558
1710529178567081871,9.75012493133545,0.5999523997306824,1.3100756406784058
1710529178571238156,9.75012493133545,0.5999523997306824,1.3100756406784058
1710529178602814625,9.78245735168457,0.6298901438713074,1.25738525390625
1710529178624011878,9.75970458984375,0.6454577445983887,1.3052856922149658
1710529178646941794,9.762099266052246,0.6526428461074829,1.2921130657196045
1710529178726571184,9.770482063293457,0.6442602276802063,1.2442126274108887
1710529178749930068,9.780062675476074,0.5879772901535034,1.2885204553604126
1710529178779651738,9.76928424835205,0.6191125512123108,1.2849279642105103
1710529178811172690,9.760902404785156,0.6634204387664795,1.3172607421875
1710529178846842149,9.752519607543945,0.6382727026939392,1.2981005907058716
1710529178878545247,9.770482063293457,0.628692626953125,1.2861255407333374
1710529178899431277,9.777667045593262,0.5975573658943176,1.3184581995010376
1710529178922827754,9.753717422485352,0.6334826946258545,1.3040881156921387
1710529178968856811,9.753717422485352,0.6179150342941284,1.2885204553604126
1710529178987826091,9.771679878234863,0.6227051019668579,1.293310523033142
1710529179042555211,9.75970458984375,0.6011499166488647,1.2921130657196045
1710529179055228813,9.771679878234863,0.6370751857757568,1.2681628465652466
1710529179080499912,9.792037010192871,0.6310876607894897,1.2454102039337158
1710529179103449367,9.744136810302734,0.6215075850486755,1.3280383348464966
1710529179130789752,9.734557151794434,0.6430627703666687,1.3184581995010376
1710529179141545431,9.77407455444336,0.646655261516571,1.2537927627563477
1710529179185551231,9.730964660644531,0.6430627703666687,1.3448034524917603
1710529179208780767,9.775272369384766,0.5652245879173279,1.2849279642105103
1710529179221676890,9.752519607543945,0.6179150342941284,1.287322998046875
1710529179259339687,9.760902404785156,0.6562353372573853,1.3388159275054932
1710529179265670789,9.762099266052246,0.610729992389679,1.2693603038787842
1710529179290779249,9.738149642944336,0.6179150342941284,1.361568570137024
1710529179305446012,9.760902404785156,0.6191125512123108,1.3148657083511353
1710529179333115594,9.764494895935059,0.640667736530304,1.2849279642105103
1710529179358642082,9.74533462524414,0.670605480670929,1.2981005907058716
1710529179379533537,9.75012493133545,0.6730005145072937,1.3220508098602295
1710529179396367742,9.786049842834473,0.5987548828125,1.2466076612472534
1710529179409309517,9.735754013061523,0.6251000761985779,1.3004956245422363
1710529179421700584,9.771679878234863,0.6418652534484863,1.293310523033142
1710529179440552497,9.752519607543945,0.6203100681304932,1.3160632848739624
1710529179469946611,9.780062675476074,0.6143224835395813,1.2897180318832397
1710529179501396081,9.776470184326172,0.5987548828125,1.266965389251709
1710529179516149825,9.780062675476074,0.6909631490707397,1.2981005907058716
1710529179526584640,9.777667045593262,0.6370751857757568,1.2909154891967773
1710529179545351920,9.762099266052246,0.5879772901535034,1.2981005907058716
1710529179566707093,9.765691757202148,0.6310876607894897,1.2801378965377808
1710529179579317223,9.76928424835205,0.6071374416351318,1.2765454053878784
1710529179617207772,9.754914283752441,0.6143224835395813,1.2921130657196045
1710529179655069640,9.746532440185547,0.6634204387664795,1.3256433010101318
1710529179671731518,9.784852027893066,0.6011499166488647,1.2992980480194092
1710529179694791974,9.78245735168457,0.640667736530304,1.271755337715149
1710529179711561489,9.711804389953613,0.6251000761985779,1.3388159275054932
1710529179793599573,9.757309913635254,0.6215075850486755,1.281335473060608
1710529179842218950,9.775272369384766,0.6334826946258545,1.287322998046875
1710529179862854344,9.75012493133545,0.6179150342941284,1.3196557760238647
1710529179902472841,9.790840148925781,0.6753954887390137,1.2825329303741455
1710529179934479645,9.747729301452637,0.6430627703666687,1.311273217201233
1710529179957588567,9.763297080993652,0.6035449504852295,1.296903133392334
1710529180045687865,9.763297080993652,0.640667736530304,1.296903133392334
1710529180054045265,9.772876739501953,0.6203100681304932,1.301693081855774
1710529180068646115,9.75012493133545,0.616717517375946,1.323248267173767
1710529180123343486,9.784852027893066,0.6454577445983887,1.2945080995559692
1710529180142415192,9.766889572143555,0.6131250262260437,1.2981005907058716
1710529180167387095,9.766889572143555,0.6131250262260437,1.2981005907058716
1710529180196917645,9.75012493133545,0.6011499166488647,1.347198486328125
1710529180207337865,9.751321792602539,0.6550378203392029,1.323248267173767
1710529180234685324,9.751321792602539,0.6550378203392029,1.323248267173767
1710529180247131271,9.778864860534668,0.640667736530304,1.271755337715149
1710529180268220418,9.771679878234863,0.6155200004577637,1.2945080995559692
1710529180295387885,9.789642333984375,0.580792248249054,1.2621753215789795
1710529180331204190,9.768087387084961,0.6682104468345642,1.3100756406784058
1710529180356399361,9.772876739501953,0.616717517375946,1.271755337715149
1710529180377458571,9.744136810302734,0.6119275093078613,1.3460010290145874
1710529180457323931,9.76928424835205,0.6239025592803955,1.2909154891967773
1710529180488667854,9.768087387084961,0.6322851777076721,1.2885204553604126
1710529180516151984,9.76928424835205,0.646655261516571,1.2885204553604126
1710529180526608463,9.766889572143555,0.6143224835395813,1.2981005907058716
1710529180547629209,9.768087387084961,0.6119275093078613,1.2981005907058716
1710529180572846770,9.757309913635254,0.6310876607894897,1.3172607421875
1710529180585642549,9.757309913635254,0.6310876607894897,1.3172607421875
1710529180600407021,9.770482063293457,0.6322851777076721,1.2753479480743408
1710529180606778377,9.747729301452637,0.6358776688575745,1.331630825996399
1710529180631694856,9.76928424835205,0.6262975931167603,1.2992980480194092
1710529180673822750,9.775272369384766,0.6274951100349426,1.296903133392334
1710529180719900345,9.75970458984375,0.6011499166488647,1.2981005907058716
1710529180812882781,9.777667045593262,0.6574328541755676,1.2861255407333374
1710529180817118718,9.75970458984375,0.5903723239898682,1.337618350982666
1710529180859078931,9.72258186340332,0.6239025592803955,1.3124706745147705
1710529180869534967,9.72258186340332,0.6239025592803955,1.3124706745147705
1710529180882222637,9.747729301452637,0.6239025592803955,1.3052856922149658
1710529180925995445,9.758506774902344,0.6322851777076721,1.3256433010101318
1710529180951549637,9.752519607543945,0.6274951100349426,1.301693081855774
1710529180984776614,9.775272369384766,0.6143224835395813,1.293310523033142
1710529181006068650,9.770482063293457,0.6538403034210205,1.2801378965377808
1710529181008132240,9.764494895935059,0.6610254049301147,1.302890658378601
1710529181066999956,9.768087387084961,0.6334826946258545,1.2921130657196045
1710529181090260065,9.751321792602539,0.6251000761985779,1.3040881156921387
1710529181167778694,9.75970458984375,0.6358776688575745,1.3088781833648682
1710529181212223194,9.76928424835205,0.6191125512123108,1.2837305068969727
1710529181237139996,9.754914283752441,0.6322851777076721,1.2992980480194092
1710529181268663943,9.77407455444336,0.6550378203392029,1.296903133392334
1710529181293860757,9.740544319152832,0.6753954887390137,1.353186011314392
1710529181313002643,9.735754013061523,0.6418652534484863,1.347198486328125
1710529181332014570,9.775272369384766,0.6670129299163818,1.2957055568695068
1710529181361379404,9.732161521911621,0.5652245879173279,1.3172607421875
1710529181367804023,9.792037010192871,0.568817138671875,1.3280383348464966
1710529181397189702,9.762099266052246,0.5987548828125,1.332828402519226
1710529181451658945,9.735754013061523,0.6334826946258545,1.3220508098602295
1710529181472750213,9.772876739501953,0.6382727026939392,1.271755337715149
1710529181493699424,9.735754013061523,0.6274951100349426,1.3795312643051147
1710529181518700778,9.770482063293457,0.6239025592803955,1.2825329303741455
1710529181546169919,9.804012298583984,0.6550378203392029,1.2921130657196045
1710529181556923432,9.760902404785156,0.6490502953529358,1.3064831495285034
1710529181571508497,9.77407455444336,0.6598278880119324,1.3148657083511353
1710529181588287927,9.75012493133545,0.6310876607894897,1.3352234363555908
1710529181613589845,9.765691757202148,0.6083349585533142,1.3040881156921387
1710529181634624365,9.760902404785156,0.6370751857757568,1.3172607421875
1710529181659812882,9.77407455444336,0.6346801519393921,1.3064831495285034
1710529181688518966,9.752519607543945,0.6502478122711182,1.3220508098602295
1710529181704015304,9.766889572143555,0.646655261516571,1.3208532333374023
1710529181752211866,9.753717422485352,0.5915698409080505,1.3040881156921387
1710529181767313658,9.776470184326172,0.6430627703666687,1.2885204553604126
1710529181798537638,9.768087387084961,0.6274951100349426,1.311273217201233
1710529181800498352,9.762099266052246,0.5903723239898682,1.302890658378601
1710529181823805184,9.746532440185547,0.6023474335670471,1.3136682510375977
1710529181867862676,9.765691757202148,0.640667736530304,1.302890658378601
1710529181905570421,9.765691757202148,0.6274951100349426,1.3364208936691284
1710529181930980534,9.751321792602539,0.6310876607894897,1.2885204553604126
1710529181952017604,9.748927116394043,0.616717517375946,1.3172607421875
1710529181975161883,9.788444519042969,0.6179150342941284,1.247805118560791
1710529181991957285,9.775272369384766,0.628692626953125,1.281335473060608
1710529182090375319,9.768087387084961,0.6442602276802063,1.3100756406784058
1710529182090854751,9.751321792602539,0.6382727026939392,1.3304333686828613
1710529182101124560,9.739346504211426,0.6203100681304932,1.3483959436416626
1710529182147638203,9.784852027893066,0.628692626953125,1.2837305068969727
1710529182149583708,9.765691757202148,0.6227051019668579,1.3148657083511353
1710529182193723557,9.75012493133545,0.6310876607894897,1.3256433010101318
1710529182235612436,9.762099266052246,0.6526428461074829,1.3004956245422363
1710529182252426954,9.763297080993652,0.6382727026939392,1.3004956245422363
1710529182260831269,9.766889572143555,0.6143224835395813,1.3148657083511353
1710529182292471921,9.742938995361328,0.6262975931167603,1.3256433010101318
1710529182313685093,9.753717422485352,0.6418652534484863,1.3196557760238647
1710529182366185738,9.786049842834473,0.6298901438713074,1.2705578804016113
1710529182372459434,9.713001251220703,0.5760021805763245,1.3759387731552124
1710529182399836225,9.793234825134277,0.6418652534484863,1.2502001523971558
1710529182425007238,9.780062675476074,0.6322851777076721,1.2945080995559692
1710529182441715192,9.741742134094238,0.5927673578262329,1.3687536716461182
1710529182456358612,9.744136810302734,0.5771996974945068,1.3208532333374023
1710529182464946792,9.780062675476074,0.6610254049301147,1.2981005907058716
1710529182479500508,9.75970458984375,0.5903723239898682,1.307680606842041
1710529182504702883,9.758506774902344,0.6322851777076721,1.3495935201644897
1710529182517370972,9.746532440185547,0.6215075850486755,1.3388159275054932
1710529182532164798,9.76928424835205,0.6322851777076721,1.2693603038787842
1710529182551060456,9.771679878234863,0.6598278880119324,1.2945080995559692
1710529182557233929,9.747729301452637,0.616717517375946,1.3400133848190308
1710529182599461517,9.75970458984375,0.610729992389679,1.3004956245422363
1710529182605869463,9.775272369384766,0.6490502953529358,1.3064831495285034
1710529182635571567,9.74533462524414,0.616717517375946,1.3483959436416626
1710529182673018645,9.760902404785156,0.6251000761985779,1.332828402519226
1710529182679294027,9.76928424835205,0.646655261516571,1.3388159275054932
1710529182687841526,9.783655166625977,0.6155200004577637,1.2681628465652466
1710529182689637514,9.76928424835205,0.6179150342941284,1.301693081855774
1710529182702454964,9.75970458984375,0.6490502953529358,1.301693081855774
1710529182716988137,9.744136810302734,0.6191125512123108,1.331630825996399
1710529182733465361,9.753717422485352,0.616717517375946,1.3448034524917603
1710529182767207449,9.777667045593262,0.6095324754714966,1.2825329303741455
1710529182788342697,9.751321792602539,0.6262975931167603,1.3304333686828613
1710529182794690022,9.752519607543945,0.6035449504852295,1.3304333686828613
1710529182822500108,9.770482063293457,0.6191125512123108,1.3004956245422363
1710529182834915033,9.780062675476074,0.6346801519393921,1.2693603038787842
1710529182854040901,9.742938995361328,0.6215075850486755,1.3388159275054932
1710529182866582693,9.756112098693848,0.6358776688575745,1.3136682510375977
1710529182891684329,9.77407455444336,0.6442602276802063,1.266965389251709
1710529182923225391,9.728569030761719,0.6023474335670471,1.3364208936691284
1710529182950469061,9.786049842834473,0.6310876607894897,1.3004956245422363
1710529182977961231,9.775272369384766,0.6334826946258545,1.2945080995559692
1710529183007138017,9.735754013061523,0.628692626953125,1.3591735363006592
1710529183045332266,9.75970458984375,0.9017248749732971,1.287322998046875
1710529183053546430,9.778864860534668,0.6502478122711182,1.287322998046875
1710529183106232535,9.781259536743164,0.6298901438713074,1.296903133392334
1710529183150286507,9.786049842834473,0.646655261516571,1.2753479480743408
1710529183188267577,9.752519607543945,0.6310876607894897,1.3148657083511353
1710529183192261753,9.772876739501953,0.5891748070716858,1.3184581995010376
1710529183228092171,9.765691757202148,0.6239025592803955,1.311273217201233
1710529183240761414,9.800419807434082,0.6131250262260437,1.277742862701416
1710529183278619991,9.763297080993652,0.6478527784347534,1.3244458436965942
1710529183309808664,9.753717422485352,0.6047424077987671,1.3220508098602295
1710529183339715774,9.771679878234863,0.6227051019668579,1.2981005907058716
1710529183371342050,9.75970458984375,0.6346801519393921,1.3184581995010376
1710529183406763842,9.748927116394043,0.6346801519393921,1.3220508098602295
1710529183417346164,9.752519607543945,0.6274951100349426,1.3352234363555908
1710529183467540780,9.73695182800293,0.5736072063446045,1.3388159275054932
1710529183489793353,9.739346504211426,0.718505859375,1.416654109954834
1710529183511768915,9.801617622375488,0.646655261516571,1.2753479480743408
1710529183534830792,9.778864860534668,0.6813830733299255,1.2765454053878784
1710529183555915256,9.764494895935059,0.6083349585533142,1.3388159275054932
1710529183570747021,9.78245735168457,0.6322851777076721,1.3100756406784058
1710529183593687808,9.781259536743164,0.5927673578262329,1.311273217201233
1710529183610530228,9.72258186340332,0.6574328541755676,1.3795312643051147
1710529183642000074,9.763297080993652,0.5831872820854187,1.2597802877426147
1710529183677641975,9.751321792602539,0.6227051019668579,1.3280383348464966
1710529183689764556,9.772876739501953,0.6418652534484863,1.3100756406784058
1710529183713156496,9.768087387084961,0.6095324754714966,1.2861255407333374
1710529183767921810,9.752519607543945,0.6442602276802063,1.311273217201233
1710529183780699333,9.766889572143555,0.6550378203392029,1.2992980480194092
1710529183799614658,9.758506774902344,0.6562353372573853,1.3196557760238647
1710529183839499989,9.75970458984375,0.6119275093078613,1.3184581995010376
1710529183850151990,9.751321792602539,0.640667736530304,1.3220508098602295
1710529183868698505,9.760902404785156,0.6370751857757568,1.311273217201233
1710529183889148830,9.754914283752441,0.5999523997306824,1.3280383348464966
1710529183904675821,9.777667045593262,0.6442602276802063,1.293310523033142
1710529183927755588,9.775272369384766,0.6227051019668579,1.3124706745147705
1710529183971997427,9.776470184326172,0.646655261516571,1.2945080995559692
1710529184003128646,9.724976539611816,0.6646178960800171,1.3735437393188477
1710529184007578920,9.770482063293457,0.6191125512123108,1.3436059951782227
1710529184028470413,9.73695182800293,0.7125183343887329,1.3483959436416626
1710529184043189696,9.730964660644531,0.5831872820854187,1.3352234363555908
1710529184064379118,9.783655166625977,0.5771996974945068,1.2765454053878784
1710529184076806685,9.771679878234863,0.6382727026939392,1.2753479480743408
1710529184102160943,9.784852027893066,0.6622229218482971,1.2621753215789795
1710529184112570683,9.762099266052246,0.6227051019668579,1.3196557760238647
1710529184121123521,9.757309913635254,0.5819897651672363,1.326840877532959
1710529184146161886,9.74533462524414,0.646655261516571,1.3388159275054932
1710529184173773567,9.783655166625977,0.6502478122711182,1.281335473060608
1710529184182239869,9.735754013061523,0.5376818776130676,1.3747411966323853
1710529184205609609,9.784852027893066,0.6430627703666687,1.277742862701416
1710529184247618295,9.742938995361328,0.586779773235321,1.3172607421875
1710529184339923045,9.756112098693848,0.6215075850486755,1.302890658378601
1710529184369329783,9.751321792602539,0.5951623320579529,1.3244458436965942
1710529184394358981,9.748927116394043,0.628692626953125,1.3340258598327637
1710529184406977414,9.754914283752441,0.6370751857757568,1.2957055568695068
1710529184471884698,9.752519607543945,0.646655261516571,1.3364208936691284
1710529184474013724,9.75970458984375,0.6526428461074829,1.326840877532959
1710529184489306411,9.75012493133545,0.6023474335670471,1.332828402519226
1710529184489789591,9.78245735168457,0.6143224835395813,1.3196557760238647
1710529184520186678,9.778864860534668,0.6454577445983887,1.2705578804016113
1710529184545575071,9.776470184326172,0.6191125512123108,1.341210961341858
1710529184571166638,9.754914283752441,0.5951623320579529,1.3579760789871216
1710529184579276832,9.741742134094238,0.6382727026939392,1.3519885540008545
1710529184602398620,9.812395095825195,0.6622229218482971,1.2502001523971558
1710529184617078089,9.754914283752441,0.628692626953125,1.311273217201233
1710529184637981875,9.75970458984375,0.5712121725082397,1.3400133848190308
1710529184671627698,9.739346504211426,0.6155200004577637,1.3244458436965942
1710529184696632452,9.757309913635254,0.6718029975891113,1.337618350982666
1710529184717595561,9.775272369384766,0.6155200004577637,1.2957055568695068
1710529184740730274,9.766889572143555,0.5987548828125,1.3747411966323853
1710529184747116552,9.739346504211426,0.6227051019668579,1.3364208936691284
1710529184766031361,9.74533462524414,0.646655261516571,1.3220508098602295
1710529184782822305,9.756112098693848,0.6574328541755676,1.332828402519226
1710529184806043822,9.766889572143555,0.646655261516571,1.341210961341858
1710529184833498313,9.777667045593262,0.6143224835395813,1.3004956245422363
1710529184871084634,9.747729301452637,0.6454577445983887,1.3256433010101318
1710529184912897782,9.75970458984375,0.6155200004577637,1.3160632848739624
1710529184914938841,9.752519607543945,0.640667736530304,1.3184581995010376
1710529184938423540,9.747729301452637,0.6119275093078613,1.3352234363555908
1710529184953130812,9.766889572143555,0.6370751857757568,1.301693081855774
1710529185005745112,9.753717422485352,0.6143224835395813,1.3172607421875
1710529185016262847,9.754914283752441,0.6215075850486755,1.3244458436965942
1710529185062436167,9.75970458984375,0.6502478122711182,1.3400133848190308
1710529185087986608,9.73695182800293,0.6550378203392029,1.3579760789871216
1710529185096021351,9.756112098693848,0.5855822563171387,1.3064831495285034
1710529185114986729,9.742938995361328,0.6095324754714966,1.391506314277649
1710529185134017916,9.776470184326172,0.6382727026939392,1.277742862701416
1710529185144628069,9.746532440185547,0.586779773235321,1.3388159275054932
1710529185178198428,9.780062675476074,0.6298901438713074,1.2861255407333374
1710529185184506489,9.730964660644531,0.6011499166488647,1.4094690084457397
1710529185195060984,9.780062675476074,0.6358776688575745,1.281335473060608
1710529185203424628,9.757309913635254,0.5724096894264221,1.3088781833648682
1710529185226545856,9.757309913635254,0.5724096894264221,1.341210961341858
1710529185255797995,9.777667045593262,0.6502478122711182,1.296903133392334
1710529185262177853,9.78245735168457,0.6538403034210205,1.272952914237976
1710529185304227705,9.742938995361328,0.5783972144126892,1.3723461627960205
1710529185319144541,9.744136810302734,0.6634204387664795,1.3555810451507568
1710529185342198771,9.771679878234863,0.670605480670929,1.3148657083511353
1710529185392776679,9.784852027893066,0.6095324754714966,1.2981005907058716
1710529185447264590,9.762099266052246,0.6310876607894897,1.3280383348464966
1710529185462185081,9.765691757202148,0.616717517375946,1.3244458436965942
1710529185478840088,9.77407455444336,0.6179150342941284,1.3124706745147705
1710529185552484618,9.752519607543945,0.6514453291893005,1.3100756406784058
1710529185636901679,9.792037010192871,0.6274951100349426,1.2502001523971558
1710529185651189561,9.780062675476074,0.6011499166488647,1.243015170097351
1710529185672420268,9.746532440185547,0.5700146555900574,1.2921130657196045
1710529185781710090,9.721384048461914,0.6262975931167603,1.3591735363006592
1710529185796446066,9.768087387084961,0.5831872820854187,1.3424084186553955
1710529185821561176,9.787247657775879,0.6634204387664795,1.2537927627563477
1710529185838204072,9.740544319152832,0.5760021805763245,1.362766146659851
1710529185869953336,9.754914283752441,0.6514453291893005,1.3064831495285034
1710529185905448079,9.760902404785156,0.586779773235321,1.301693081855774
1710529185920472765,9.739346504211426,0.6119275093078613,1.3460010290145874
1710529185929263541,9.789642333984375,0.6370751857757568,1.2753479480743408
1710529185945752433,9.778864860534668,0.5915698409080505,1.2921130657196045
1710529185966505624,9.770482063293457,0.6203100681304932,1.3172607421875
1710529185991936054,9.75970458984375,0.6083349585533142,1.2945080995559692
1710529186004512850,9.766889572143555,0.5831872820854187,1.3196557760238647
1710529186015107273,9.760902404785156,0.610729992389679,1.3088781833648682
1710529186038290857,9.792037010192871,0.6574328541755676,1.3004956245422363
1710529186052924241,9.75970458984375,0.6227051019668579,1.3172607421875
1710529186071810323,9.764494895935059,0.6227051019668579,1.2981005907058716
1710529186080322870,9.780062675476074,0.616717517375946,1.3100756406784058
1710529186109540919,9.756112098693848,0.6119275093078613,1.3196557760238647
1710529186155938028,9.768087387084961,0.6215075850486755,1.3064831495285034
1710529186187710966,9.784852027893066,0.5843847393989563,1.2861255407333374
1710529186195900137,9.742938995361328,0.6095324754714966,1.3579760789871216
1710529186210504537,9.741742134094238,0.6550378203392029,1.3555810451507568
1710529186237679394,9.771679878234863,0.5592370629310608,1.277742862701416
1710529186273301568,9.75012493133545,0.5580395460128784,1.3495935201644897
1710529186336348641,9.752519607543945,0.6418652534484863,1.3579760789871216
1710529186338477161,9.778864860534668,0.6119275093078613,1.3100756406784058
1710529186366080314,9.784852027893066,0.5795947313308716,1.2561877965927124
1710529186370414556,9.75970458984375,0.6346801519393921,1.347198486328125
1710529186387118168,9.740544319152832,0.610729992389679,1.3304333686828613
1710529186414452250,9.771679878234863,0.6454577445983887,1.3100756406784058
1710529186420796247,9.770482063293457,0.5915698409080505,1.3040881156921387
1710529186475299830,9.78245735168457,0.640667736530304,1.2837305068969727
1710529186523694075,9.780062675476074,0.6478527784347534,1.2921130657196045
1710529186540337949,9.757309913635254,0.6047424077987671,1.3160632848739624
1710529186559525379,9.757309913635254,0.6251000761985779,1.3280383348464966
1710529186567745910,9.757309913635254,0.6251000761985779,1.3280383348464966
1710529186591638415,9.766889572143555,0.6370751857757568,1.3148657083511353
1710529186626865960,9.760902404785156,0.5628296136856079,1.3172607421875
1710529186631164486,9.742938995361328,0.6071374416351318,1.3052856922149658
1710529186641690262,9.77407455444336,0.6095324754714966,1.2801378965377808
1710529186664703663,9.763297080993652,0.6658154129981995,1.3040881156921387
1710529186698172520,9.734557151794434,0.6442602276802063,1.3507909774780273
1710529186731704941,9.770482063293457,0.5891748070716858,1.287322998046875
1710529186746555324,9.79682731628418,0.6418652534484863,1.2502001523971558
1710529186767828825,9.775272369384766,0.5556445121765137,1.337618350982666
1710529186776150692,9.744136810302734,0.5927673578262329,1.3256433010101318
1710529186801304551,9.75012493133545,0.5460644364356995,1.3160632848739624
1710529186832884043,9.748927116394043,0.6658154129981995,1.2849279642105103
1710529186849780713,9.793234825134277,0.6143224835395813,1.3148657083511353
1710529186872761255,9.786049842834473,0.6310876607894897,1.3088781833648682
1710529186904383180,9.778864860534668,0.6418652534484863,1.3400133848190308
1710529186908634006,9.776470184326172,0.5891748070716858,1.2549902200698853
1710529186931886315,9.744136810302734,0.6131250262260437,1.3651611804962158
1710529186963530490,9.748927116394043,0.6418652534484863,1.3208532333374023
1710529186976201477,9.775272369384766,0.6298901438713074,1.2897180318832397
1710529186993090676,9.740544319152832,0.6358776688575745,1.3579760789871216
1710529187010017071,9.752519607543945,0.5855822563171387,1.3448034524917603
1710529187045550716,9.739346504211426,0.6059399247169495,1.3304333686828613
1710529187060323634,9.766889572143555,0.6155200004577637,1.2945080995559692
1710529187077187139,9.775272369384766,0.6215075850486755,1.3148657083511353
1710529187106596725,9.75970458984375,0.6227051019668579,1.311273217201233
1710529187112944425,9.778864860534668,0.6298901438713074,1.3040881156921387
1710529187131960370,9.763297080993652,0.6239025592803955,1.2992980480194092
1710529187144830280,9.775272369384766,0.6370751857757568,1.296903133392334
1710529187180776033,9.74533462524414,0.6023474335670471,1.3244458436965942
1710529187186791710,9.752519607543945,0.6095324754714966,1.3244458436965942
1710529187233209030,9.756112098693848,0.6418652534484863,1.3208532333374023
1710529187260432438,9.781259536743164,0.6095324754714966,1.2585827112197876
1710529187277152950,9.724976539611816,0.700543224811554,1.3807287216186523
1710529187288535042,9.742938995361328,0.53887939453125,1.3388159275054932
1710529187321174647,9.74533462524414,0.5712121725082397,1.353186011314392
1710529187338052281,9.752519607543945,0.6059399247169495,1.2992980480194092
1710529187354814622,9.724976539611816,0.586779773235321,1.341210961341858
1710529187367557903,9.724976539611816,0.586779773235321,1.341210961341858
1710529187392790441,9.764494895935059,0.6490502953529358,1.3148657083511353
1710529187464189028,9.757309913635254,0.5891748070716858,1.3292357921600342
1710529187489758576,9.727372169494629,0.6179150342941284,1.3448034524917603
1710529187571381764,9.777667045593262,0.5999523997306824,1.2992980480194092
1710529187605207947,9.751321792602539,0.6262975931167603,1.3364208936691284
1710529187617639765,9.754914283752441,0.6059399247169495,1.3184581995010376
1710529187628268049,9.735754013061523,0.6047424077987671,1.3639636039733887
1710529187653328121,9.771679878234863,0.6143224835395813,1.3100756406784058
1710529187676569362,9.762099266052246,0.6394702196121216,1.3292357921600342
1710529187728773223,9.751321792602539,0.5927673578262329,1.347198486328125
1710529187781545187,9.757309913635254,0.6095324754714966,1.326840877532959
1710529187813139836,9.760902404785156,0.6095324754714966,1.3196557760238647
1710529187838422468,9.738149642944336,0.5736072063446045,1.3436059951782227
1710529187861554530,9.798025131225586,0.6909631490707397,1.2765454053878784
1710529187888567699,9.744136810302734,0.5304968357086182,1.3340258598327637
1710529187932701404,9.756112098693848,0.6119275093078613,1.3507909774780273
1710529187943413953,9.669891357421875,0.5712121725082397,1.332828402519226
1710529187964658078,9.794432640075684,0.6119275093078613,1.2609777450561523
1710529187977303461,9.80521011352539,0.6418652534484863,1.293310523033142
1710529188012773062,9.8100004196167,0.5520520210266113,1.2082873582839966
1710529188054705167,9.812395095825195,0.5436694622039795,1.2645703554153442
1710529188109292162,9.78245735168457,0.7113208174705505,1.2885204553604126
1710529188200045490,9.764494895935059,0.6370751857757568,1.302890658378601
1710529188242031805,9.804012298583984,0.6598278880119324,1.293310523033142
1710529188260793660,9.772876739501953,0.6322851777076721,1.302890658378601
1710529188310966195,9.777667045593262,0.6011499166488647,1.2897180318832397
1710529188355437000,9.756112098693848,0.6418652534484863,1.337618350982666
1710529188363768345,9.740544319152832,0.646655261516571,1.3651611804962158
1710529188391173877,9.752519607543945,0.6203100681304932,1.2825329303741455
1710529188416340468,9.768087387084961,0.6730005145072937,1.3136682510375977
1710529188441451507,9.775272369384766,0.5700146555900574,1.3208532333374023
1710529188462604257,9.740544319152832,0.6430627703666687,1.3304333686828613
1710529188488473611,9.772876739501953,0.6274951100349426,1.2609777450561523
1710529188500221082,9.756112098693848,0.6562353372573853,1.3699511289596558
1710529188516996539,9.73695182800293,0.6670129299163818,1.337618350982666
1710529188557073860,9.73695182800293,0.6059399247169495,1.3543835878372192
1710529188559286573,9.73695182800293,0.6059399247169495,1.3543835878372192
1710529188575981403,9.753717422485352,0.6155200004577637,1.3256433010101318
1710529188605443511,9.729766845703125,0.6478527784347534,1.367556095123291
1710529188622278396,9.781259536743164,0.6239025592803955,1.2693603038787842
1710529188641100289,9.760902404785156,0.6478527784347534,1.296903133392334
1710529188664226521,9.751321792602539,0.6011499166488647,1.3196557760238647
1710529188691755629,9.739346504211426,0.6179150342941284,1.3292357921600342
1710529188716587454,9.760902404785156,0.6538403034210205,1.3040881156921387
1710529188830525998,9.757309913635254,0.6322851777076721,1.3100756406784058
1710529188864064345,9.746532440185547,0.6298901438713074,1.3364208936691284
1710529188873808847,9.771679878234863,0.628692626953125,1.271755337715149
1710529188895504379,9.733359336853027,0.6095324754714966,1.3460010290145874
1710529188914644949,9.787247657775879,0.580792248249054,1.301693081855774
1710529188956766289,9.808802604675293,0.6358776688575745,1.2286449670791626
1710529188977895529,9.786049842834473,0.6227051019668579,1.241817593574524
1710529189000877686,9.738149642944336,0.6059399247169495,1.3591735363006592
1710529189019929867,9.746532440185547,0.6262975931167603,1.3184581995010376
1710529189062021809,9.783655166625977,0.6825805902481079,1.277742862701416
1710529189070275280,9.748927116394043,0.6227051019668579,1.2921130657196045
1710529189126948640,9.757309913635254,0.5939648151397705,1.301693081855774
1710529189154367557,9.812395095825195,0.6514453291893005,1.2681628465652466
1710529189179551497,9.754914283752441,0.6059399247169495,1.3220508098602295
1710529189181684845,9.776470184326172,0.6382727026939392,1.332828402519226
1710529189198388429,9.776470184326172,0.6358776688575745,1.3304333686828613
1710529189217335541,9.768087387084961,0.6083349585533142,1.2861255407333374
1710529189242696089,9.794432640075684,0.6059399247169495,1.3052856922149658
1710529189274407768,9.78245735168457,0.6298901438713074,1.293310523033142
1710529189280425002,9.74533462524414,0.5903723239898682,1.3460010290145874
1710529189314080161,9.770482063293457,0.6538403034210205,1.2981005907058716
1710529189328739146,9.764494895935059,0.65863037109375,1.311273217201233
1710529189347539767,9.772876739501953,0.6119275093078613,1.341210961341858
1710529189406530958,9.770482063293457,0.6203100681304932,1.301693081855774
1710529189429588333,9.758506774902344,0.6191125512123108,1.3040881156921387
1710529189475663447,9.748927116394043,0.6526428461074829,1.3280383348464966
1710529189492505947,9.744136810302734,0.6215075850486755,1.3088781833648682
1710529189557745878,9.741742134094238,0.5748046636581421,1.3352234363555908
1710529189572479003,9.778864860534668,0.6442602276802063,1.302890658378601
1710529189580817988,9.776470184326172,0.5963598489761353,1.2753479480743408
1710529189595789437,9.734557151794434,0.6382727026939392,1.3699511289596558
1710529189625039676,9.754914283752441,0.6454577445983887,1.293310523033142
1710529189648266916,9.738149642944336,0.5700146555900574,1.3603711128234863
1710529189667213533,9.775272369384766,0.6035449504852295,1.293310523033142
1710529189691958217,9.73695182800293,0.6370751857757568,1.361568570137024
1710529189692521690,9.778864860534668,0.6598278880119324,1.2765454053878784
1710529189712475857,9.777667045593262,0.5879772901535034,1.2981005907058716
1710529189744947609,9.78245735168457,0.6622229218482971,1.2992980480194092
1710529189774540466,9.795629501342773,0.6813830733299255,1.2837305068969727
1710529189816451309,9.777667045593262,0.6622229218482971,1.2801378965377808
1710529189829222087,9.778864860534668,0.6694079637527466,1.2825329303741455
1710529189848036235,9.780062675476074,0.65863037109375,1.2789404392242432
1710529189860540119,9.765691757202148,0.6227051019668579,1.326840877532959
1710529189881389699,9.746532440185547,0.6011499166488647,1.326840877532959
1710529189898264336,9.775272369384766,0.6047424077987671,1.3172607421875
1710529189902480781,9.752519607543945,0.586779773235321,1.332828402519226
1710529189940647887,9.781259536743164,0.6239025592803955,1.2825329303741455
1710529189982540127,9.73695182800293,0.6227051019668579,1.3388159275054932
1710529190026415651,9.74533462524414,0.6059399247169495,1.397493839263916
1710529190045417478,9.772876739501953,0.6083349585533142,1.293310523033142
1710529190057936963,9.770482063293457,0.6454577445983887,1.2861255407333374
1710529190091419164,9.754914283752441,0.6382727026939392,1.3340258598327637
1710529190106265580,9.754914283752441,0.6239025592803955,1.3424084186553955
1710529190114886805,9.784852027893066,0.6442602276802063,1.2837305068969727
1710529190146214411,9.757309913635254,0.6298901438713074,1.301693081855774
1710529190160936886,9.772876739501953,0.6394702196121216,1.3124706745147705
1710529190186073137,9.757309913635254,0.6011499166488647,1.3052856922149658
1710529190215565847,9.751321792602539,0.6215075850486755,1.332828402519226
1710529190270323853,9.765691757202148,0.6215075850486755,1.331630825996399
1710529190369196290,9.772876739501953,0.5927673578262329,1.3184581995010376
1710529190396767374,9.76928424835205,0.6598278880119324,1.3148657083511353
1710529190421802877,9.756112098693848,0.6239025592803955,1.3424084186553955
1710529190489230048,9.751321792602539,0.6203100681304932,1.326840877532959
1710529190503937316,9.752519607543945,0.6322851777076721,1.3424084186553955
1710529190518494543,9.776470184326172,0.6035449504852295,1.2681628465652466
1710529190560532593,9.77407455444336,0.6538403034210205,1.307680606842041
1710529190596584003,9.764494895935059,0.6394702196121216,1.3340258598327637
1710529190669761093,9.728569030761719,0.5676196217536926,1.392703890800476
1710529190690663447,9.768087387084961,0.6538403034210205,1.323248267173767
1710529190713846803,9.783655166625977,0.6346801519393921,1.2921130657196045
1710529190728812756,9.741742134094238,0.6322851777076721,1.356778621673584
1710529190749840640,9.741742134094238,0.868194580078125,1.2957055568695068
1710529190756277627,9.778864860534668,0.5939648151397705,1.2885204553604126
1710529190772869672,9.778864860534668,0.5939648151397705,1.2885204553604126
1710529190785506563,9.772876739501953,0.6514453291893005,1.3124706745147705
1710529190819325723,9.770482063293457,0.5736072063446045,1.2957055568695068
1710529190894911312,9.780062675476074,0.6346801519393921,1.2765454053878784
1710529190913703499,9.757309913635254,0.5520520210266113,1.3172607421875
1710529190930808872,9.776470184326172,0.6502478122711182,1.3100756406784058
1710529191012684186,9.766889572143555,0.6203100681304932,1.3040881156921387
1710529191050433281,9.748927116394043,0.6622229218482971,1.3364208936691284
1710529191056782579,9.757309913635254,0.5927673578262329,1.3340258598327637
1710529191065047062,9.75012493133545,0.6059399247169495,1.3292357921600342
1710529191134300930,9.747729301452637,0.6526428461074829,1.3400133848190308
1710529191161626487,9.758506774902344,0.6334826946258545,1.311273217201233
1710529191175062217,9.751321792602539,0.6322851777076721,1.332828402519226
1710529191203806295,9.778864860534668,0.6239025592803955,1.2992980480194092
1710529191224723279,9.77407455444336,0.6274951100349426,1.3004956245422363
1710529191260541482,9.757309913635254,0.6274951100349426,1.332828402519226
1710529191266803738,9.741742134094238,0.6694079637527466,1.3603711128234863
1710529191290171763,9.753717422485352,0.568817138671875,1.3172607421875
1710529191308908077,9.730964660644531,0.6957531571388245,1.4118640422821045
1710529191329785920,9.752519607543945,0.6047424077987671,1.3304333686828613
1710529191361307672,9.776470184326172,0.6718029975891113,1.3040881156921387
1710529191365504551,9.758506774902344,0.5532495379447937,1.3244458436965942
1710529191374030096,9.76928424835205,0.6454577445983887,1.3172607421875
1710529191382385351,9.763297080993652,0.568817138671875,1.3292357921600342
1710529191401352010,9.775272369384766,0.6442602276802063,1.3172607421875
1710529191417975982,9.756112098693848,0.6011499166488647,1.3160632848739624
1710529191441141461,9.751321792602539,0.6227051019668579,1.3184581995010376
1710529191491343549,9.756112098693848,0.6035449504852295,1.3184581995010376
1710529191493535189,9.776470184326172,0.6334826946258545,1.301693081855774
1710529191506017559,9.764494895935059,0.6095324754714966,1.323248267173767
1710529191533678722,9.766889572143555,0.580792248249054,1.2992980480194092
1710529191550529861,9.777667045593262,0.6322851777076721,1.2945080995559692
1710529191590599418,9.754914283752441,0.6849755644798279,1.326840877532959
1710529191597050159,9.738149642944336,0.5939648151397705,1.3364208936691284
1710529191620095249,9.772876739501953,0.5951623320579529,1.2597802877426147
1710529191631522288,9.787247657775879,0.6334826946258545,1.2765454053878784
1710529191664043445,9.76928424835205,0.6730005145072937,1.301693081855774
1710529191672783946,9.760902404785156,0.568817138671875,1.337618350982666
1710529191689216571,9.702223777770996,0.6047424077987671,1.4382091760635376
1710529191748443235,9.787247657775879,0.6957531571388245,1.2597802877426147
1710529191763010883,9.730964660644531,0.586779773235321,1.3747411966323853
1710529191777758316,9.744136810302734,0.6562353372573853,1.3304333686828613
1710529191800744925,9.732161521911621,0.6083349585533142,1.367556095123291
1710529191832342611,9.752519607543945,0.6730005145072937,1.3124706745147705
1710529191834541979,9.777667045593262,0.5712121725082397,1.293310523033142
1710529191865993794,9.753717422485352,0.6131250262260437,1.3424084186553955
1710529191887997562,9.729766845703125,0.6969506740570068,1.3555810451507568
1710529191899549055,9.783655166625977,0.646655261516571,1.2825329303741455
1710529191912223810,9.770482063293457,0.6394702196121216,1.3483959436416626
1710529191937598395,9.770482063293457,0.6394702196121216,1.3483959436416626
1710529191945823455,9.75012493133545,0.6095324754714966,1.3400133848190308
1710529191965042326,9.77407455444336,0.6382727026939392,1.296903133392334
1710529192040743616,9.75012493133545,0.6011499166488647,1.326840877532959
1710529192061578652,9.766889572143555,0.610729992389679,1.3352234363555908
1710529192131056469,9.739346504211426,0.6454577445983887,1.3448034524917603
1710529192152141329,9.762099266052246,0.6059399247169495,1.2957055568695068
1710529192162666199,9.776470184326172,0.5975573658943176,1.293310523033142
1710529192183808495,9.775272369384766,0.646655261516571,1.2837305068969727
1710529192204816235,9.777667045593262,0.7017407417297363,1.2837305068969727
1710529192209408931,9.747729301452637,0.5843847393989563,1.353186011314392
1710529192210978087,9.705816268920898,0.5879772901535034,1.4441968202590942
1710529192236275459,9.757309913635254,0.5604345798492432,1.301693081855774
1710529192255418571,9.744136810302734,0.5520520210266113,1.326840877532959
1710529192289179568,9.783655166625977,0.5855822563171387,1.3052856922149658
1710529192303187340,9.76928424835205,0.6753954887390137,1.326840877532959
1710529192309928050,9.790840148925781,0.586779773235321,1.3340258598327637
1710529192326691241,9.753717422485352,0.6454577445983887,1.3172607421875
1710529192385826872,9.777667045593262,0.5783972144126892,1.293310523033142
1710529192400720678,9.739346504211426,0.6418652534484863,1.3364208936691284
1710529192415193703,9.754914283752441,0.6550378203392029,1.3220508098602295
1710529192436197824,9.764494895935059,0.6095324754714966,1.3136682510375977
1710529192442820650,9.744136810302734,0.5927673578262329,1.341210961341858
1710529192457182975,9.778864860534668,0.6454577445983887,1.3352234363555908
1710529192467399774,9.762099266052246,0.610729992389679,1.311273217201233
1710529192490444312,9.738149642944336,0.5927673578262329,1.3196557760238647
1710529192589303976,9.762099266052246,0.6155200004577637,1.323248267173767
1710529192633330668,9.771679878234863,0.6334826946258545,1.3220508098602295
1710529192637517389,9.747729301452637,0.6083349585533142,1.3448034524917603
1710529192677606610,9.753717422485352,0.6394702196121216,1.3495935201644897
1710529192692231850,9.747729301452637,0.6095324754714966,1.3340258598327637
1710529192709127464,9.768087387084961,0.6035449504852295,1.2921130657196045
1710529192759699873,9.75970458984375,0.676593005657196,1.347198486328125
1710529192780644046,9.730964660644531,0.5760021805763245,1.4034814834594727
1710529192786956360,9.739346504211426,0.6071374416351318,1.3783336877822876
1710529192797411160,9.814789772033691,0.7017407417297363,1.2358300685882568
1710529192814271122,9.740544319152832,0.6071374416351318,1.4202466011047363
1710529192832924530,9.798025131225586,0.628692626953125,1.2705578804016113
1710529192866909330,9.726174354553223,0.6131250262260437,1.362766146659851
1710529192872912486,9.765691757202148,0.6011499166488647,1.341210961341858
1710529192890085534,9.75970458984375,0.6382727026939392,1.3400133848190308
1710529192919343368,9.770482063293457,0.5771996974945068,1.3160632848739624
1710529192940332490,9.726174354553223,0.6083349585533142,1.391506314277649
1710529192946559308,9.770482063293457,0.6502478122711182,1.3256433010101318
1710529192965599853,9.760902404785156,0.6131250262260437,1.3340258598327637
1710529192982226932,9.763297080993652,0.5987548828125,1.3256433010101318
1710529193039571421,9.786049842834473,0.6215075850486755,1.3052856922149658
1710529193060489603,9.748927116394043,0.5771996974945068,1.3555810451507568
1710529193073074957,9.753717422485352,0.6203100681304932,1.3352234363555908
1710529193081612508,9.747729301452637,0.6490502953529358,1.3424084186553955
1710529193104400155,9.742938995361328,0.5760021805763245,1.3483959436416626
1710529193119196383,9.766889572143555,0.6119275093078613,1.3124706745147705
1710529193150981271,9.760902404785156,0.6370751857757568,1.337618350982666
1710529193167682996,9.777667045593262,0.6119275093078613,1.302890658378601
1710529193186741123,9.74533462524414,0.5903723239898682,1.3220508098602295
1710529193211885643,9.765691757202148,0.6490502953529358,1.3004956245422363
1710529193218180468,9.758506774902344,0.6502478122711182,1.3400133848190308
1710529193232835725,9.748927116394043,0.6262975931167603,1.3280383348464966
1710529193243271332,9.784852027893066,0.6203100681304932,1.277742862701416
1710529193257885187,9.766889572143555,0.6047424077987671,1.2921130657196045
1710529193278924365,9.777667045593262,0.6239025592803955,1.272952914237976
1710529193308437440,9.748927116394043,0.6694079637527466,1.3304333686828613
1710529193337732914,9.764494895935059,0.6023474335670471,1.311273217201233
1710529193365305391,9.783655166625977,0.6203100681304932,1.287322998046875
1710529193392829258,9.752519607543945,0.5903723239898682,1.3160632848739624
1710529193445325475,9.762099266052246,0.580792248249054,1.326840877532959
1710529193455641183,9.777667045593262,0.47181883454322815,1.2657678127288818
1710529193464059937,9.777667045593262,0.6730005145072937,1.2657678127288818
1710529193488891735,9.720187187194824,0.5963598489761353,1.3759387731552124
1710529193522803439,9.763297080993652,0.6550378203392029,1.302890658378601
1710529193539657836,9.780062675476074,0.6071374416351318,1.2897180318832397
1710529193582059966,9.778864860534668,0.5724096894264221,1.2645703554153442
1710529193613552070,9.766889572143555,0.6334826946258545,1.3436059951782227
1710529193630366275,9.765691757202148,0.6119275093078613,1.2992980480194092
1710529193653310263,9.771679878234863,0.5987548828125,1.2957055568695068
1710529193668173427,9.775272369384766,0.6418652534484863,1.2957055568695068
1710529193688856091,9.780062675476074,0.6298901438713074,1.3136682510375977
1710529193712144569,9.747729301452637,0.6191125512123108,1.326840877532959
1710529193733368286,9.772876739501953,0.580792248249054,1.2992980480194092
1710529193771230743,9.735754013061523,0.6550378203392029,1.3663586378097534
1710529193802784367,9.802814483642578,0.6203100681304932,1.3136682510375977
1710529193847140858,9.703421592712402,0.5939648151397705,1.4286291599273682
1710529193863807551,9.788444519042969,0.6490502953529358,1.277742862701416
1710529193893051510,9.71419906616211,0.5352868437767029,1.416654109954834
1710529193905740095,9.813592910766602,0.7053332328796387,1.2537927627563477
1710529193909930378,9.75970458984375,0.670605480670929,1.3136682510375977
1710529193928814715,9.754914283752441,0.6047424077987671,1.326840877532959
1710529193956811575,9.79682731628418,0.6047424077987671,1.2705578804016113
1710529193979402078,9.738149642944336,0.5999523997306824,1.331630825996399
1710529193985798133,9.756112098693848,0.6298901438713074,1.3436059951782227
1710529193992097097,9.75012493133545,0.6179150342941284,1.3436059951782227
1710529194036213309,9.752519607543945,0.6227051019668579,1.3507909774780273
1710529194055105774,9.752519607543945,0.6574328541755676,1.337618350982666
1710529194096935107,9.733359336853027,0.5915698409080505,1.361568570137024
1710529194138998431,9.75012493133545,0.6155200004577637,1.371148705482483
1710529194157983072,9.739346504211426,0.6191125512123108,1.3651611804962158
1710529194176940359,9.787247657775879,0.6310876607894897,1.2765454053878784
1710529194183215370,9.751321792602539,0.628692626953125,1.3208532333374023
1710529194198068416,9.770482063293457,0.6262975931167603,1.311273217201233
1710529194223261783,9.765691757202148,0.6382727026939392,1.3220508098602295
1710529194340698401,9.756112098693848,0.6262975931167603,1.3304333686828613
1710529194342833924,9.75970458984375,0.6514453291893005,1.3340258598327637
1710529194395317603,9.720187187194824,0.5831872820854187,1.371148705482483
1710529194431149861,9.766889572143555,0.526904284954071,1.3172607421875
1710529194462934062,9.754914283752441,0.6239025592803955,1.3292357921600342
1710529194477314324,9.758506774902344,0.5939648151397705,1.362766146659851
1710529194496102789,9.75970458984375,0.616717517375946,1.3208532333374023
1710529194508862178,9.764494895935059,0.6227051019668579,1.323248267173767
1710529194539123141,9.754914283752441,0.6502478122711182,1.3555810451507568
1710529194559654677,9.76928424835205,0.6358776688575745,1.3052856922149658
1710529194569925441,9.746532440185547,0.5616320967674255,1.3495935201644897
1710529194588838576,9.746532440185547,0.6035449504852295,1.3879138231277466
1710529194611874986,9.74533462524414,0.6550378203392029,1.3304333686828613
1710529194643443736,9.746532440185547,0.5951623320579529,1.3292357921600342
1710529194693533793,9.754914283752441,0.5496569871902466,1.3244458436965942
1710529194750025643,9.776470184326172,0.6502478122711182,1.3064831495285034
1710529194766815455,9.764494895935059,0.6215075850486755,1.3196557760238647
1710529194780105363,9.751321792602539,0.640667736530304,1.332828402519226
1710529194800989226,9.748927116394043,0.6059399247169495,1.3555810451507568
1710529194836878832,9.770482063293457,0.6047424077987671,1.3256433010101318
1710529194859675296,9.74533462524414,0.6502478122711182,1.3639636039733887
1710529194870180757,9.75012493133545,0.6011499166488647,1.3436059951782227
1710529194903536979,9.75012493133545,0.6011499166488647,1.3436059951782227
1710529194911949739,9.787247657775879,0.6155200004577637,1.302890658378601
1710529194956337140,9.75012493133545,0.6490502953529358,1.353186011314392
1710529194960490507,9.752519607543945,0.5783972144126892,1.331630825996399
1710529194971008906,9.766889572143555,0.6370751857757568,1.332828402519226
1710529194989841015,9.75970458984375,0.6298901438713074,1.3124706745147705
1710529195004590685,9.75970458984375,0.6634204387664795,1.3196557760238647
1710529195038147740,9.777667045593262,0.6718029975891113,1.307680606842041
1710529195052928039,9.766889572143555,0.688568115234375,1.3448034524917603
1710529195087432962,9.753717422485352,0.6179150342941284,1.323248267173767
1710529195094681078,9.777667045593262,0.5771996974945068,1.3064831495285034
1710529195120298559,9.74533462524414,0.628692626953125,1.3747411966323853
1710529195246495265,9.771679878234863,0.6538403034210205,1.3304333686828613
1710529195252631818,9.777667045593262,0.6478527784347534,1.2921130657196045
1710529195287540769,9.756112098693848,0.5771996974945068,1.3436059951782227
1710529195309433658,9.775272369384766,0.610729992389679,1.3196557760238647
1710529195360000957,9.766889572143555,0.6454577445983887,1.353186011314392
1710529195372676481,9.756112098693848,0.6598278880119324,1.3400133848190308
1710529195402049065,9.751321792602539,0.646655261516571,1.347198486328125
1710529195446210957,9.746532440185547,0.6155200004577637,1.3436059951782227
1710529195473420147,9.733359336853027,0.6334826946258545,1.3663586378097534
1710529195477613981,9.720187187194824,0.6370751857757568,1.392703890800476
1710529195496489248,9.770482063293457,0.6239025592803955,1.337618350982666
1710529195534415774,9.758506774902344,0.5963598489761353,1.3579760789871216
1710529195558429757,9.747729301452637,0.5783972144126892,1.3591735363006592
1710529195561767270,9.740544319152832,0.6083349585533142,1.3543835878372192
1710529195581498747,9.748927116394043,0.6358776688575745,1.353186011314392
1710529195603913619,9.752519607543945,0.646655261516571,1.347198486328125
1710529195618801470,9.752519607543945,0.646655261516571,1.347198486328125
1710529195646275351,9.76928424835205,0.6131250262260437,1.2981005907058716
1710529195689217924,9.732161521911621,0.6095324754714966,1.3843213319778442
1710529195710875439,9.75970458984375,0.550854504108429,1.326840877532959
1710529195723345039,9.754914283752441,0.6670129299163818,1.3543835878372192
1710529195751038124,9.753717422485352,0.6203100681304932,1.3340258598327637
1710529195759081387,9.75012493133545,0.6155200004577637,1.3400133848190308
1710529195769898237,9.752519607543945,0.6227051019668579,1.3400133848190308
1710529195790979793,9.741742134094238,0.6131250262260437,1.361568570137024
1710529195813891111,9.783655166625977,0.6538403034210205,1.307680606842041
1710529195849857071,9.780062675476074,0.6538403034210205,1.2921130657196045
1710529195874937161,9.73695182800293,0.6490502953529358,1.3795312643051147
1710529195891581936,9.764494895935059,0.5951623320579529,1.3292357921600342
1710529195906148683,9.756112098693848,0.5879772901535034,1.3388159275054932
1710529195935944309,9.78245735168457,0.6502478122711182,1.3172607421875
1710529195980300004,9.764494895935059,0.6059399247169495,1.3256433010101318
1710529196014229192,9.780062675476074,0.646655261516571,1.332828402519226
1710529196043383149,9.724976539611816,0.5831872820854187,1.3962963819503784
1710529196047532987,9.752519607543945,0.6035449504852295,1.337618350982666
1710529196070545316,9.751321792602539,0.6215075850486755,1.3483959436416626
1710529196091382350,9.768087387084961,0.6598278880119324,1.3196557760238647
1710529196127234911,9.771679878234863,0.6239025592803955,1.3196557760238647
1710529196144413874,9.758506774902344,0.6262975931167603,1.332828402519226
1710529196162949104,9.74533462524414,0.6179150342941284,1.3280383348464966
1710529196175543018,9.772876739501953,0.6227051019668579,1.3196557760238647
1710529196200723515,9.757309913635254,0.5975573658943176,1.3256433010101318
1710529196219692961,9.751321792602539,0.628692626953125,1.356778621673584
1710529196244881473,9.76928424835205,0.616717517375946,1.3184581995010376
1710529196289971194,9.739346504211426,0.6370751857757568,1.3687536716461182
1710529196314076882,9.765691757202148,0.6538403034210205,1.3256433010101318
1710529196324545369,9.752519607543945,0.6011499166488647,1.3364208936691284
1710529196343593321,9.75012493133545,0.6550378203392029,1.3519885540008545
1710529196373146634,9.765691757202148,0.6131250262260437,1.3280383348464966
1710529196375223253,9.762099266052246,0.5831872820854187,1.311273217201233
1710529196414989352,9.76928424835205,0.6538403034210205,1.3208532333374023
1710529196417162439,9.76928424835205,0.6538403034210205,1.3208532333374023
1710529196429784367,9.746532440185547,0.640667736530304,1.3424084186553955
1710529196475754243,9.75012493133545,0.5891748070716858,1.323248267173767
1710529196480893976,9.760902404785156,0.6298901438713074,1.3352234363555908
1710529196514031022,9.756112098693848,0.6274951100349426,1.3436059951782227
1710529196536947954,9.777667045593262,0.6215075850486755,1.3088781833648682
1710529196583569939,9.735754013061523,0.6023474335670471,1.3759387731552124
1710529196595697704,9.747729301452637,0.4586462378501892,1.3256433010101318
1710529196602054967,9.758506774902344,0.6957531571388245,1.331630825996399
1710529196612461679,9.752519607543945,0.748443603515625,1.3543835878372192
1710529196635605436,9.757309913635254,0.718505859375,1.3280383348464966
1710529196675337884,9.777667045593262,0.6298901438713074,1.3124706745147705
1710529196687316465,9.783655166625977,0.5831872820854187,1.3292357921600342
1710529196696235122,9.766889572143555,0.6203100681304932,1.3400133848190308
1710529196721642876,9.752519607543945,0.6442602276802063,1.3460010290145874
1710529196732268428,9.744136810302734,0.586779773235321,1.3495935201644897
1710529196765813042,9.754914283752441,0.6514453291893005,1.331630825996399
1710529196772184889,9.770482063293457,0.6418652534484863,1.3783336877822876
1710529196782862993,9.783655166625977,0.6801855564117432,1.2789404392242432
1710529196797548056,9.777667045593262,0.5891748070716858,1.2981005907058716
1710529196810175992,9.733359336853027,0.5520520210266113,1.3735437393188477
1710529196825644596,9.766889572143555,0.6753954887390137,1.3280383348464966
1710529196837255987,9.744136810302734,0.5783972144126892,1.3340258598327637
1710529196873168844,9.776470184326172,0.6274951100349426,1.3292357921600342
1710529196894251812,9.75970458984375,0.6346801519393921,1.337618350982666
1710529196915526199,9.792037010192871,0.5903723239898682,1.311273217201233
1710529196931888220,9.764494895935059,0.6346801519393921,1.3388159275054932
1710529196950905342,9.756112098693848,0.6837780475616455,1.3400133848190308
1710529196959120277,9.760902404785156,0.6634204387664795,1.37713623046875
1710529196976057468,9.747729301452637,0.580792248249054,1.3483959436416626
1710529197007540228,9.754914283752441,0.5987548828125,1.3364208936691284
1710529197034591743,9.756112098693848,0.6490502953529358,1.347198486328125
1710529197038874633,9.756112098693848,0.6526428461074829,1.3507909774780273
1710529197059896078,9.756112098693848,0.6083349585533142,1.3088781833648682
1710529197089043568,9.78245735168457,0.6095324754714966,1.3004956245422363
1710529197135461910,9.74533462524414,0.5951623320579529,1.4346166849136353
1710529197148717727,9.789642333984375,0.6670129299163818,1.3196557760238647
1710529197198584420,9.753717422485352,0.5760021805763245,1.3280383348464966
1710529197238558252,9.780062675476074,0.5939648151397705,1.323248267173767
1710529197253293071,9.760902404785156,0.6550378203392029,1.356778621673584
1710529197287949767,9.76928424835205,0.6155200004577637,1.3124706745147705
1710529197297512873,9.73695182800293,0.6191125512123108,1.3783336877822876
1710529197312234472,9.744136810302734,0.628692626953125,1.3352234363555908
1710529197326963767,9.771679878234863,0.6251000761985779,1.3160632848739624
1710529197345896130,9.754914283752441,0.6358776688575745,1.3352234363555908
1710529197377298565,9.758506774902344,0.5891748070716858,1.347198486328125
1710529197411047328,9.781259536743164,0.6322851777076721,1.301693081855774
1710529197515753820,9.75012493133545,0.6454577445983887,1.3603711128234863
1710529197539501574,9.751321792602539,0.6023474335670471,1.3208532333374023
1710529197574836925,9.760902404785156,0.6095324754714966,1.3196557760238647
1710529197587481949,9.754914283752441,0.5939648151397705,1.3244458436965942
1710529197621017205,9.76928424835205,0.6083349585533142,1.3220508098602295
1710529197644212982,9.78245735168457,0.5975573658943176,1.281335473060608
1710529197685739312,9.747729301452637,0.6454577445983887,1.3448034524917603
1710529197719876859,9.74533462524414,0.6777905225753784,1.353186011314392
1710529197749322603,9.746532440185547,0.5652245879173279,1.3639636039733887
1710529197789191599,9.762099266052246,0.6298901438713074,1.3448034524917603
1710529197793450208,9.758506774902344,0.6394702196121216,1.332828402519226
1710529197808816504,9.758506774902344,0.6394702196121216,1.332828402519226
1710529197831263572,9.768087387084961,0.5795947313308716,1.3292357921600342
1710529197854396073,9.748927116394043,0.610729992389679,1.3448034524917603
1710529197879644769,9.754914283752441,0.6730005145072937,1.347198486328125
1710529197928147416,9.75012493133545,0.6011499166488647,1.3639636039733887
1710529197932188668,9.757309913635254,0.6502478122711182,1.3448034524917603
1710529197942728000,9.747729301452637,0.6179150342941284,1.361568570137024
1710529197967867161,9.760902404785156,0.6251000761985779,1.3340258598327637
1710529197982596224,9.754914283752441,0.6382727026939392,1.3280383348464966
1710529198005842374,9.75012493133545,0.5927673578262329,1.3100756406784058
1710529198056237640,9.742938995361328,0.5951623320579529,1.3460010290145874
1710529198088330902,9.765691757202148,0.6071374416351318,1.3460010290145874
1710529198125476131,9.760902404785156,0.628692626953125,1.341210961341858
1710529198131847658,9.744136810302734,0.6215075850486755,1.3543835878372192
1710529198161327631,9.768087387084961,0.6179150342941284,1.3124706745147705
1710529198201175542,9.776470184326172,0.586779773235321,1.323248267173767
1710529198205306909,9.777667045593262,0.6442602276802063,1.302890658378601
1710529198234991570,9.753717422485352,0.5939648151397705,1.332828402519226
1710529198268549710,9.765691757202148,0.6514453291893005,1.3148657083511353
1710529198312510773,9.75012493133545,0.5819897651672363,1.3483959436416626
1710529198409368956,9.739346504211426,0.6346801519393921,1.3723461627960205
1710529198413595858,9.75012493133545,0.6131250262260437,1.3507909774780273
1710529198429450914,9.766889572143555,0.5771996974945068,1.331630825996399
1710529198445105768,9.768087387084961,0.5891748070716858,1.3579760789871216
1710529198459993367,9.747729301452637,0.6514453291893005,1.3663586378097534
1710529198495283767,9.741742134094238,0.5831872820854187,1.3483959436416626
1710529198512688830,9.792037010192871,0.6274951100349426,1.3052856922149658
1710529198539638148,9.748927116394043,0.6861730813980103,1.3687536716461182
1710529198592162801,9.764494895935059,0.6646178960800171,1.353186011314392
1710529198596528443,9.770482063293457,0.6658154129981995,1.3124706745147705
1710529198615705757,9.735754013061523,0.6370751857757568,1.3747411966323853
1710529198634290789,9.762099266052246,0.5903723239898682,1.307680606842041
1710529198642826013,9.74533462524414,0.6227051019668579,1.3639636039733887
1710529198663891690,9.775272369384766,0.640667736530304,1.326840877532959
1710529198676487047,9.748927116394043,0.6215075850486755,1.3448034524917603
1710529198686710784,9.747729301452637,0.586779773235321,1.362766146659851
1710529198714284642,9.780062675476074,0.5891748070716858,1.3088781833648682
1710529198741772186,9.733359336853027,0.6251000761985779,1.3998888731002808
1710529198779581588,9.75012493133545,0.5831872820854187,1.3244458436965942
1710529198802671193,9.746532440185547,0.65863037109375,1.3651611804962158
1710529198819391439,9.777667045593262,0.5640270709991455,1.301693081855774
1710529198847179023,9.753717422485352,0.5891748070716858,1.3579760789871216
1710529198869777542,9.757309913635254,0.5855822563171387,1.3064831495285034
1710529198876038993,9.744136810302734,0.646655261516571,1.3603711128234863
1710529198892665048,9.76928424835205,0.6143224835395813,1.3136682510375977
1710529198917671986,9.744136810302734,0.6059399247169495,1.3519885540008545
1710529198938762710,9.764494895935059,0.550854504108429,1.3483959436416626
1710529198959943824,9.770482063293457,0.6730005145072937,1.3100756406784058
1710529198991279246,9.756112098693848,0.5652245879173279,1.3507909774780273
1710529199035775920,9.754914283752441,0.6179150342941284,1.337618350982666
1710529199073469952,9.764494895935059,0.6526428461074829,1.3495935201644897
1710529199104785546,9.756112098693848,0.5795947313308716,1.307680606842041
1710529199106916692,9.753717422485352,0.5903723239898682,1.3352234363555908
1710529199126031233,9.771679878234863,0.6538403034210205,1.3124706745147705
1710529199134438682,9.752519607543945,0.6191125512123108,1.3663586378097534
1710529199172365889,9.763297080993652,0.6227051019668579,1.3495935201644897
1710529199186961771,9.748927116394043,0.6083349585533142,1.3292357921600342
1710529199218440770,9.772876739501953,0.6262975931167603,1.3400133848190308
1710529199230993066,9.754914283752441,0.6322851777076721,1.3591735363006592
1710529199264655377,9.757309913635254,0.5963598489761353,1.3160632848739624
1710529199279201621,9.78245735168457,0.5975573658943176,1.2609777450561523
1710529199300145839,9.756112098693848,0.670605480670929,1.397493839263916
1710529199323581863,9.764494895935059,0.6251000761985779,1.3543835878372192
1710529199384519623,9.754914283752441,0.5891748070716858,1.362766146659851
1710529199403481590,9.766889572143555,0.6394702196121216,1.3400133848190308
1710529199438997526,9.77407455444336,0.6418652534484863,1.3052856922149658
1710529199443067086,9.75012493133545,0.640667736530304,1.3220508098602295
1710529199474551620,9.778864860534668,0.6394702196121216,1.2992980480194092
1710529199502024274,9.765691757202148,0.6969506740570068,1.311273217201233
1710529199531458826,9.756112098693848,0.6227051019668579,1.353186011314392
1710529199554497257,9.753717422485352,0.6071374416351318,1.331630825996399
1710529199564979502,9.748927116394043,0.610729992389679,1.3483959436416626
1710529199604902500,9.770482063293457,0.6346801519393921,1.3244458436965942
1710529199624035421,9.752519607543945,0.6119275093078613,1.353186011314392
1710529199639320179,9.763297080993652,0.646655261516571,1.3400133848190308
1710529199647098786,9.768087387084961,0.5783972144126892,1.3196557760238647
1710529199653330877,9.754914283752441,0.6239025592803955,1.3400133848190308
1710529199695220866,9.754914283752441,0.6789880394935608,1.3304333686828613
1710529199720709144,9.739346504211426,0.5891748070716858,1.367556095123291
1710529199754362200,9.766889572143555,0.6430627703666687,1.3352234363555908
1710529199773245500,9.747729301452637,0.6203100681304932,1.3495935201644897
1710529199779479958,9.771679878234863,0.610729992389679,1.332828402519226
1710529199785910872,9.770482063293457,0.610729992389679,1.2681628465652466
1710529199802720831,9.786049842834473,0.610729992389679,1.2681628465652466
1710529199848897624,9.716594696044922,0.5532495379447937,1.383123755455017
1710529199855122774,9.790840148925781,0.7867639064788818,1.353186011314392
1710529199899482727,9.738149642944336,0.4849914610385895,1.3244458436965942
1710529199935253227,9.73695182800293,0.6131250262260437,1.3807287216186523
1710529199989939233,9.790840148925781,0.5927673578262329,1.307680606842041
1710529200050767818,9.780062675476074,0.6274951100349426,1.3388159275054932
1710529200094877958,9.775272369384766,0.5987548828125,1.3424084186553955
1710529200115673546,9.762099266052246,0.5999523997306824,1.3364208936691284
1710529200141205807,9.754914283752441,0.5760021805763245,1.3220508098602295
1710529200179278077,9.781259536743164,0.6155200004577637,1.3340258598327637
1710529200206799856,9.76928424835205,0.5748046636581421,1.3196557760238647
1710529200250952984,9.747729301452637,0.5963598489761353,1.3352234363555908
1710529200278059286,9.744136810302734,0.6059399247169495,1.337618350982666
1710529200283699908,9.772876739501953,0.5771996974945068,1.326840877532959
1710529200288258516,9.765691757202148,0.6262975931167603,1.332828402519226
1710529200307640461,9.73695182800293,0.6131250262260437,1.3747411966323853
1710529200341499519,9.772876739501953,0.6382727026939392,1.3136682510375977
1710529200419770060,9.754914283752441,0.5771996974945068,1.3304333686828613
1710529200436458673,9.756112098693848,0.6490502953529358,1.337618350982666
1710529200449036192,9.760902404785156,0.6239025592803955,1.3579760789871216
1710529200490648098,9.742938995361328,0.5951623320579529,1.3579760789871216
1710529200491265449,9.76928424835205,0.5855822563171387,1.301693081855774
1710529200535191923,9.766889572143555,0.6298901438713074,1.3400133848190308
1710529200560289282,9.776470184326172,0.5879772901535034,1.3100756406784058
1710529200569126737,9.746532440185547,0.6346801519393921,1.361568570137024
1710529200575183890,9.728569030761719,0.6251000761985779,1.3639636039733887
1710529200606741356,9.741742134094238,0.5903723239898682,1.347198486328125
1710529200634002640,9.762099266052246,0.628692626953125,1.3148657083511353
1710529200663365346,9.741742134094238,0.6083349585533142,1.3759387731552124
1710529200671854314,9.772876739501953,0.6382727026939392,1.3184581995010376
1710529200680471989,9.746532440185547,0.5748046636581421,1.3603711128234863
1710529200770821329,9.741742134094238,0.6622229218482971,1.362766146659851
1710529200779479164,9.753717422485352,0.6227051019668579,1.337618350982666
1710529200810741824,9.754914283752441,0.6119275093078613,1.3148657083511353
1710529200846649166,9.760902404785156,0.6418652534484863,1.337618350982666
1710529200889746860,9.771679878234863,0.6047424077987671,1.2945080995559692
1710529200892407423,9.780062675476074,0.6047424077987671,1.3124706745147705
1710529200905093108,9.751321792602539,0.5927673578262329,1.3424084186553955
1710529200943087217,9.786049842834473,0.6346801519393921,1.2537927627563477
1710529200949355679,9.726174354553223,0.5760021805763245,1.4262341260910034
1710529200980974517,9.77407455444336,0.6921606659889221,1.367556095123291
1710529200999771597,9.747729301452637,0.6179150342941284,1.3244458436965942
1710529201023094957,9.715396881103516,0.5616320967674255,1.361568570137024
1710529201037758464,9.777667045593262,0.7256909012794495,1.3256433010101318
1710529201062856772,9.757309913635254,0.49217650294303894,1.3460010290145874
1710529201094097553,9.768087387084961,0.6849755644798279,1.3184581995010376
1710529201159759380,9.804012298583984,0.6418652534484863,1.2909154891967773
1710529201201693485,9.734557151794434,0.6298901438713074,1.37713623046875
1710529201235136456,9.726174354553223,0.5197192430496216,1.4022839069366455
1710529201243812239,9.777667045593262,0.6909631490707397,1.3040881156921387
1710529201266862467,9.778864860534668,0.6143224835395813,1.301693081855774
1710529201293882200,9.77407455444336,0.6143224835395813,1.337618350982666
1710529201306445672,9.724976539611816,0.6598278880119324,1.3723461627960205
1710529201323679072,9.752519607543945,0.6574328541755676,1.361568570137024
1710529201351055705,9.778864860534668,0.6143224835395813,1.331630825996399
1710529201369799425,9.756112098693848,0.6239025592803955,1.3483959436416626
1710529201416012041,9.752519607543945,0.6071374416351318,1.353186011314392
1710529201455883130,9.776470184326172,0.6334826946258545,1.287322998046875
1710529201479007184,9.724976539611816,0.610729992389679,1.3699511289596558
1710529201491555798,9.75970458984375,0.7352709770202637,1.332828402519226
1710529201521664327,9.777667045593262,0.6119275093078613,1.3352234363555908
1710529201550589931,9.766889572143555,0.6454577445983887,1.3400133848190308
1710529201573765121,9.741742134094238,0.700543224811554,1.3483959436416626
1710529201586263708,9.744136810302734,0.5652245879173279,1.3579760789871216
1710529201609358145,9.738149642944336,0.5855822563171387,1.3819262981414795
1710529201615694780,9.764494895935059,0.676593005657196,1.37713623046875
1710529201678784099,9.73695182800293,0.5640270709991455,1.3519885540008545
1710529201699757788,9.777667045593262,0.6909631490707397,1.3448034524917603
1710529201775630114,9.754914283752441,0.616717517375946,1.3519885540008545
1710529201796566282,9.757309913635254,0.6262975931167603,1.3364208936691284
1710529201821997019,9.753717422485352,0.610729992389679,1.3388159275054932
1710529201861762480,9.758506774902344,0.5975573658943176,1.3280383348464966
1710529201924455649,9.74533462524414,0.5879772901535034,1.367556095123291
1710529201960809676,9.765691757202148,0.6251000761985779,1.3304333686828613
1710529201992518281,9.764494895935059,0.5795947313308716,1.323248267173767
1710529202023989982,9.739346504211426,0.5712121725082397,1.3819262981414795
1710529202088204603,9.732161521911621,0.6011499166488647,1.3998888731002808
1710529202097987657,9.770482063293457,0.6370751857757568,1.3244458436965942
1710529202124802774,9.741742134094238,0.5472619533538818,1.362766146659851
1710529202166852454,9.777667045593262,0.640667736530304,1.2765454053878784
1710529202192085621,9.740544319152832,0.5580395460128784,1.3651611804962158
1710529202208725120,9.730964660644531,0.5819897651672363,1.3962963819503784
1710529202223507504,9.741742134094238,0.6370751857757568,1.3819262981414795
1710529202248662256,9.724976539611816,0.6179150342941284,1.407073974609375
1710529202269504324,9.760902404785156,0.6298901438713074,1.3220508098602295
1710529202290617526,9.756112098693848,0.6071374416351318,1.3304333686828613
1710529202315612080,9.741742134094238,0.586779773235321,1.356778621673584
1710529202336652913,9.75970458984375,0.6478527784347534,1.3280383348464966
1710529202364495324,9.768087387084961,0.6370751857757568,1.311273217201233
1710529202391546670,9.751321792602539,0.6023474335670471,1.3436059951782227
1710529202421180196,9.744136810302734,0.5951623320579529,1.362766146659851
1710529202448876744,9.76928424835205,0.5891748070716858,1.311273217201233
1710529202469785634,9.757309913635254,0.6011499166488647,1.341210961341858
1710529202490624683,9.744136810302734,0.6119275093078613,1.3507909774780273
1710529202522413089,9.747729301452637,0.6239025592803955,1.3340258598327637
1710529202562729471,9.786049842834473,0.6418652534484863,1.2801378965377808
1710529202606406930,9.77407455444336,0.6131250262260437,1.3280383348464966
1710529202629613935,9.74533462524414,0.6825805902481079,1.3292357921600342
1710529202669521215,9.752519607543945,0.6095324754714966,1.3100756406784058
1710529202698668959,9.748927116394043,0.6502478122711182,1.3208532333374023
1710529202709478609,9.72258186340332,0.6059399247169495,1.3555810451507568
1710529202745237175,9.762099266052246,0.5975573658943176,1.3064831495285034
1710529202780845820,9.75012493133545,0.6430627703666687,1.356778621673584
1710529202786992509,9.783655166625977,0.6334826946258545,1.2801378965377808
1710529202799684693,9.757309913635254,0.6227051019668579,1.4106664657592773
1710529202835338716,9.746532440185547,0.6191125512123108,1.371148705482483
1710529202877277145,9.742938995361328,0.6442602276802063,1.362766146659851
1710529202921590567,9.741742134094238,0.616717517375946,1.3460010290145874
1710529202947118720,9.763297080993652,0.6454577445983887,1.3364208936691284
1710529202970106539,9.757309913635254,0.6502478122711182,1.3543835878372192
1710529203011988266,9.763297080993652,0.5819897651672363,1.323248267173767
1710529203087486586,9.775272369384766,0.6143224835395813,1.3088781833648682
1710529203131966045,9.697434425354004,0.6682104468345642,1.457369327545166
1710529203133850885,9.740544319152832,0.6730005145072937,1.371148705482483
1710529203140163324,9.751321792602539,0.550854504108429,1.371148705482483
1710529203157170056,9.775272369384766,0.6753954887390137,1.301693081855774
1710529203169743673,9.786049842834473,0.5628296136856079,1.301693081855774
1710529203194881313,9.744136810302734,0.670605480670929,1.4286291599273682
1710529203209534847,9.772876739501953,0.5939648151397705,1.3208532333374023
1710529203222123196,9.77407455444336,0.6670129299163818,1.3507909774780273
1710529203226324136,9.75012493133545,0.5843847393989563,1.3460010290145874
1710529203245149164,9.751321792602539,0.5819897651672363,1.356778621673584
1710529203318966779,9.781259536743164,0.5999523997306824,1.326840877532959
1710529203356824441,9.778864860534668,0.5855822563171387,1.3136682510375977
1710529203360954433,9.740544319152832,0.6179150342941284,1.367556095123291
1710529203388230893,9.740544319152832,0.5891748070716858,1.362766146659851
1710529203403004302,9.776470184326172,0.6203100681304932,1.3436059951782227
1710529203455308340,9.757309913635254,0.6143224835395813,1.3591735363006592
1710529203476328402,9.763297080993652,0.5987548828125,1.3160632848739624
1710529203499569954,9.742938995361328,0.6179150342941284,1.3783336877822876
1710529203516205786,9.75970458984375,0.6873705983161926,1.3555810451507568
1710529203545897163,9.76928424835205,0.6143224835395813,1.323248267173767
1710529203558077127,9.75012493133545,0.640667736530304,1.3543835878372192
1710529203587450187,9.73695182800293,0.6251000761985779,1.3735437393188477
1710529203597935905,9.738149642944336,0.640667736530304,1.3699511289596558
1710529203614841215,9.764494895935059,0.5939648151397705,1.3304333686828613
1710529203689991160,9.738149642944336,0.5760021805763245,1.3879138231277466
1710529203698685068,9.752519607543945,0.6634204387664795,1.356778621673584
1710529203711728689,9.760902404785156,0.6358776688575745,1.3400133848190308
1710529203751671092,9.757309913635254,0.616717517375946,1.3699511289596558
1710529203764216978,9.770482063293457,0.6155200004577637,1.3543835878372192
1710529203780861424,9.754914283752441,0.6562353372573853,1.3519885540008545
1710529203797763286,9.741742134094238,0.6191125512123108,1.3807287216186523
1710529203808166331,9.76928424835205,0.5963598489761353,1.3196557760238647
1710529203820698676,9.75970458984375,0.6179150342941284,1.3495935201644897
1710529203837658714,9.738149642944336,0.8873547315597534,1.3495935201644897
1710529203854377446,9.746532440185547,0.6179150342941284,1.3495935201644897
1710529203881732131,9.777667045593262,0.6394702196121216,1.3352234363555908
1710529203890793575,9.747729301452637,0.646655261516571,1.3579760789871216
1710529203898397436,9.758506774902344,0.6179150342941284,1.3448034524917603
1710529203911099904,9.748927116394043,0.6370751857757568,1.3687536716461182
1710529203929936654,9.752519607543945,0.6251000761985779,1.3543835878372192
1710529203957175295,9.772876739501953,0.6298901438713074,1.337618350982666
1710529203972091341,9.75970458984375,0.6526428461074829,1.353186011314392
1710529203986943895,9.73695182800293,0.6382727026939392,1.3723461627960205
1710529204003716178,9.764494895935059,0.6239025592803955,1.3292357921600342
1710529204047887452,9.77407455444336,0.6442602276802063,1.337618350982666
1710529204089499946,9.757309913635254,0.640667736530304,1.3507909774780273
1710529204100111610,9.768087387084961,0.6119275093078613,1.337618350982666
1710529204123282169,9.754914283752441,0.6059399247169495,1.3759387731552124
1710529204137897737,9.741742134094238,0.6322851777076721,1.3687536716461182
1710529204158746532,9.758506774902344,0.6478527784347534,1.3436059951782227
1710529204181836545,9.758506774902344,0.6023474335670471,1.3436059951782227
1710529204219869809,9.776470184326172,0.6682104468345642,1.3052856922149658
1710529204236786393,9.746532440185547,0.6502478122711182,1.3939013481140137
1710529204247443504,9.744136810302734,0.6598278880119324,1.371148705482483
1710529204253760435,9.744136810302734,0.7244933843612671,1.3555810451507568
1710529204278822036,9.723779678344727,0.5460644364356995,1.3747411966323853
1710529204308059032,9.727372169494629,0.44188109040260315,1.353186011314392
1710529204352413452,9.739346504211426,0.5400769114494324,1.3998888731002808
1710529204371666422,9.732161521911621,0.5903723239898682,1.392703890800476
1710529204386265067,9.738149642944336,0.616717517375946,1.3663586378097534
1710529204409376647,9.738149642944336,0.6059399247169495,1.3950989246368408
1710529204430357325,9.738149642944336,0.6191125512123108,1.386716365814209
1710529204449440417,9.75012493133545,0.6143224835395813,1.3603711128234863
1710529204459783749,9.757309913635254,0.6538403034210205,1.3735437393188477
1710529204476906033,9.768087387084961,0.32692015171051025,1.3507909774780273
1710529204499731618,9.760902404785156,0.6119275093078613,1.3436059951782227
1710529204526960113,9.766889572143555,0.6274951100349426,1.3687536716461182
1710529204573547970,9.762099266052246,0.6011499166488647,1.3483959436416626
1710529204604827244,9.747729301452637,0.6658154129981995,1.361568570137024
1710529204651245935,9.75012493133545,0.5963598489761353,1.3591735363006592
1710529204672050282,9.757309913635254,0.6047424077987671,1.341210961341858
1710529204692845895,9.760902404785156,0.6047424077987671,1.3340258598327637
1710529204711594524,9.754914283752441,0.6155200004577637,1.341210961341858
1710529204745463693,9.766889572143555,0.6155200004577637,1.323248267173767
1710529204762466107,9.734557151794434,0.5676196217536926,1.3903088569641113
1710529204783485227,9.780062675476074,0.670605480670929,1.3136682510375977
1710529204815282552,9.747729301452637,0.5712121725082397,1.4058765172958374
1710529204840450821,9.740544319152832,0.640667736530304,1.3891112804412842
1710529204873818706,9.766889572143555,0.5963598489761353,1.3448034524917603
1710529204888633813,9.726174354553223,0.586779773235321,1.4202466011047363
1710529204930487965,9.758506774902344,0.6358776688575745,1.3483959436416626
1710529204993618139,9.744136810302734,0.6322851777076721,1.3543835878372192
1710529204995867803,9.744136810302734,0.6322851777076721,1.3543835878372192
1710529205002073186,9.784852027893066,0.6670129299163818,1.323248267173767
1710529205027298501,9.748927116394043,0.6334826946258545,1.3400133848190308
1710529205039847545,9.747729301452637,0.568817138671875,1.362766146659851
1710529205067256729,9.741742134094238,0.6562353372573853,1.3555810451507568
1710529205089322015,9.74533462524414,0.640667736530304,1.353186011314392
1710529205121858739,9.733359336853027,0.5975573658943176,1.392703890800476
1710529205140718372,9.75012493133545,0.5783972144126892,1.3603711128234863
1710529205159639482,9.742938995361328,0.5783972144126892,1.3747411966323853
1710529205205880608,9.748927116394043,0.5760021805763245,1.3795312643051147
1710529205212137348,9.748927116394043,0.5915698409080505,1.3855187892913818
1710529205231056990,9.76928424835205,0.6179150342941284,1.337618350982666
1710529205250063761,9.776470184326172,0.6334826946258545,1.3040881156921387
1710529205287051651,9.753717422485352,0.676593005657196,1.3495935201644897
1710529205310846818,9.716594696044922,0.6298901438713074,1.451381802558899
1710529205331914008,9.768087387084961,0.6095324754714966,1.3340258598327637
1710529205352736132,9.742938995361328,0.6143224835395813,1.3687536716461182
1710529205411807726,9.770482063293457,0.6646178960800171,1.3400133848190308
1710529205437021963,9.757309913635254,0.6179150342941284,1.332828402519226
1710529205468339225,9.734557151794434,0.6262975931167603,1.391506314277649
1710529205491183329,9.770482063293457,0.6143224835395813,1.3388159275054932
1710529205510412079,9.73695182800293,0.6394702196121216,1.3950989246368408
1710529205533580753,9.780062675476074,0.6035449504852295,1.326840877532959
1710529205544061351,9.738149642944336,0.6143224835395813,1.4058765172958374
1710529205583945255,9.763297080993652,0.6430627703666687,1.3364208936691284
1710529205588230013,9.742938995361328,0.5999523997306824,1.3507909774780273
1710529205649230660,9.760902404785156,0.5975573658943176,1.3448034524917603
1710529205670251217,9.754914283752441,0.640667736530304,1.3747411966323853
1710529205697416982,9.756112098693848,0.6550378203392029,1.3783336877822876
1710529205714234583,9.758506774902344,0.586779773235321,1.3543835878372192
1710529205723424630,9.735754013061523,0.6203100681304932,1.3651611804962158
1710529205743803657,9.77407455444336,0.6155200004577637,1.3519885540008545
1710529205796243946,9.734557151794434,0.646655261516571,1.3855187892913818
1710529205848974398,9.726174354553223,0.6598278880119324,1.4046789407730103
1710529205888272537,9.766889572143555,0.4598437547683716,1.3280383348464966
1710529205933136829,9.728569030761719,0.5185217261314392,1.367556095123291
1710529205937160162,9.721384048461914,0.6191125512123108,1.4298266172409058
1710529205949832819,9.75970458984375,0.6203100681304932,1.3639636039733887
1710529205962394987,9.748927116394043,0.6155200004577637,1.3687536716461182
1710529205998387765,9.75012493133545,0.7017407417297363,1.3843213319778442
1710529206015063226,9.739346504211426,0.5831872820854187,1.391506314277649
1710529206042246123,9.734557151794434,0.5927673578262329,1.3795312643051147
1710529206088337451,9.772876739501953,0.6215075850486755,1.3304333686828613
1710529206126163083,9.752519607543945,0.6071374416351318,1.332828402519226
1710529206138827298,9.732161521911621,0.6071374416351318,1.4118640422821045
1710529206159845778,9.814789772033691,0.6418652534484863,1.307680606842041
1710529206171090457,9.754914283752441,0.6251000761985779,1.347198486328125
1710529206195747746,9.721384048461914,0.5891748070716858,1.407073974609375
1710529206216631860,9.77407455444336,0.6634204387664795,1.3388159275054932
1710529206220893057,9.742938995361328,0.6119275093078613,1.3807287216186523
1710529206273193077,9.763297080993652,0.6310876607894897,1.3400133848190308
1710529206334169950,9.762099266052246,0.6358776688575745,1.341210961341858
1710529206359614345,9.795629501342773,0.6262975931167603,1.302890658378601
1710529206386697714,9.728569030761719,0.6215075850486755,1.4334192276000977
1710529206424708358,9.726174354553223,0.628692626953125,1.3783336877822876
1710529206460797683,9.770482063293457,0.6598278880119324,1.367556095123291
1710529206468574533,9.72258186340332,0.5771996974945068,1.4106664657592773
1710529206491446644,9.763297080993652,0.5855822563171387,1.3735437393188477
1710529206516806164,9.776470184326172,0.6274951100349426,1.326840877532959
1710529206518937071,9.760902404785156,0.6358776688575745,1.3603711128234863
1710529206538018420,9.746532440185547,0.568817138671875,1.356778621673584
1710529206613705039,9.75012493133545,0.6346801519393921,1.3519885540008545
1710529206672390149,9.752519607543945,0.640667736530304,1.3651611804962158
1710529206697360814,9.741742134094238,0.610729992389679,1.3663586378097534
1710529206710223336,9.754914283752441,0.6849755644798279,1.3807287216186523
1710529206718423491,9.75012493133545,0.6394702196121216,1.3388159275054932
1710529206759176028,9.762099266052246,0.6035449504852295,1.3507909774780273
1710529206771325365,9.744136810302734,0.6646178960800171,1.3807287216186523
1710529206796405655,9.751321792602539,0.616717517375946,1.361568570137024
1710529206823796651,9.756112098693848,0.5975573658943176,1.3448034524917603
1710529206846758715,9.76928424835205,0.6370751857757568,1.3483959436416626
1710529206853097436,9.735754013061523,0.640667736530304,1.3819262981414795
1710529206890866025,9.735754013061523,0.6011499166488647,1.371148705482483
1710529206907583605,9.772876739501953,0.6394702196121216,1.3172607421875
1710529206929654555,9.764494895935059,0.6825805902481079,1.3783336877822876
1710529206981311863,9.741742134094238,0.5795947313308716,1.3364208936691284
1710529207000218944,9.762099266052246,0.6203100681304932,1.3280383348464966
1710529207012956855,9.739346504211426,0.526904284954071,1.3950989246368408
1710529207027593013,9.765691757202148,0.6646178960800171,1.3148657083511353
1710529207067258596,9.765691757202148,0.6646178960800171,1.3148657083511353
1710529207089523239,9.715396881103516,0.6610254049301147,1.4034814834594727
1710529207113621347,9.768087387084961,0.6358776688575745,1.3495935201644897
1710529207124003867,9.75012493133545,0.6502478122711182,1.3603711128234863
1710529207139571368,9.751321792602539,0.6334826946258545,1.337618350982666
1710529207191387914,9.732161521911621,0.6610254049301147,1.3950989246368408
1710529207220849834,9.753717422485352,0.6023474335670471,1.3543835878372192
1710529207235358226,9.741742134094238,0.6191125512123108,1.3579760789871216
1710529207273247303,9.747729301452637,0.6813830733299255,1.3687536716461182
1710529207275215561,9.746532440185547,0.6502478122711182,1.3663586378097534
1710529207355301653,9.772876739501953,0.6442602276802063,1.3436059951782227
1710529207411921581,9.756112098693848,0.6251000761985779,1.353186011314392
1710529207439063592,9.74533462524414,0.5915698409080505,1.3603711128234863
1710529207480899989,9.780062675476074,0.6574328541755676,1.2957055568695068
1710529207503917740,9.768087387084961,0.6969506740570068,1.3148657083511353
1710529207512497709,9.778864860534668,0.7017407417297363,1.3304333686828613
1710529207550433747,9.751321792602539,0.6945556402206421,1.3687536716461182
1710529207560762923,9.757309913635254,0.6741979718208313,1.356778621673584
1710529207567151381,9.752519607543945,0.6239025592803955,1.3304333686828613
1710529207592505033,9.738149642944336,0.6035449504852295,1.3998888731002808
1710529207615460965,9.740544319152832,0.5855822563171387,1.4094690084457397
1710529207646757290,9.726174354553223,0.6239025592803955,1.4046789407730103
1710529207657235529,9.75012493133545,0.3448828160762787,1.3208532333374023
1710529207678243373,9.728569030761719,0.5760021805763245,1.3903088569641113
1710529207735222216,9.738149642944336,0.568817138671875,1.4118640422821045
1710529207760790889,9.771679878234863,0.6478527784347534,1.3280383348464966
1710529207766956036,9.74533462524414,0.5544469952583313,1.3699511289596558
1710529207807063893,9.79682731628418,0.6442602276802063,1.3148657083511353
1710529207813181885,9.754914283752441,0.6215075850486755,1.3388159275054932
1710529207827841099,9.768087387084961,0.6095324754714966,1.3100756406784058
1710529207844832596,9.766889572143555,0.65863037109375,1.3436059951782227
1710529207870066322,9.741742134094238,0.6610254049301147,1.353186011314392
1710529207895456256,9.78245735168457,0.6083349585533142,1.3639636039733887
1710529207918257671,9.73695182800293,0.5939648151397705,1.3244458436965942
1710529207939449897,9.76928424835205,0.6550378203392029,1.3244458436965942
1710529207975422925,9.734557151794434,0.6071374416351318,1.383123755455017
1710529207994157538,9.760902404785156,0.6227051019668579,1.2753479480743408
1710529208078322562,9.741742134094238,0.6562353372573853,1.3759387731552124
1710529208116161803,9.748927116394043,0.6035449504852295,1.4034814834594727
1710529208120314087,9.771679878234863,0.6610254049301147,1.3460010290145874
1710529208143251195,9.746532440185547,0.6251000761985779,1.3448034524917603
1710529208158714504,9.763297080993652,0.6382727026939392,1.3388159275054932
1710529208170671312,9.752519607543945,0.6119275093078613,1.3603711128234863
1710529208189305838,9.764494895935059,0.5783972144126892,1.3172607421875
1710529208223333515,9.748927116394043,0.6071374416351318,1.3723461627960205
1710529208225114637,9.744136810302734,0.65863037109375,1.3879138231277466
1710529208261099530,9.748927116394043,0.6298901438713074,1.3543835878372192
1710529208280550489,9.74533462524414,0.6610254049301147,1.371148705482483
1710529208298556718,9.751321792602539,0.6298901438713074,1.3579760789871216
1710529208410106963,9.771679878234863,0.6011499166488647,1.341210961341858
1710529208422885106,9.75012493133545,0.6071374416351318,1.3663586378097534
1710529208425310184,9.762099266052246,0.6921606659889221,1.3723461627960205
1710529208473234864,9.758506774902344,0.6059399247169495,1.3424084186553955
1710529208517648999,9.763297080993652,0.6454577445983887,1.356778621673584
1710529208530155491,9.764494895935059,0.6418652534484863,1.3483959436416626
1710529208563859995,9.734557151794434,0.6562353372573853,1.442999243736267
1710529208607933984,9.704619407653809,0.5760021805763245,1.4441968202590942
1710529208626847640,9.742938995361328,0.6718029975891113,1.4034814834594727
1710529208661092152,9.754914283752441,0.6227051019668579,1.3304333686828613
1710529208672956872,9.74533462524414,0.6658154129981995,1.367556095123291
1710529208813805859,9.73695182800293,0.6251000761985779,1.3663586378097534
1710529208851660180,9.744136810302734,0.5987548828125,1.3795312643051147
1710529208893244389,9.734557151794434,0.6418652534484863,1.3783336877822876
1710529208910228533,9.74533462524414,0.6334826946258545,1.3603711128234863
1710529208946151879,9.744136810302734,0.6610254049301147,1.3651611804962158
1710529208954762239,9.75012493133545,0.646655261516571,1.37713623046875
1710529208979782474,9.751321792602539,0.6095324754714966,1.367556095123291
1710529208990285743,9.735754013061523,0.6251000761985779,1.3879138231277466
1710529209011615859,9.77407455444336,0.6179150342941284,1.3304333686828613
1710529209051401176,9.758506774902344,0.6598278880119324,1.3747411966323853
1710529209076418796,9.775272369384766,0.610729992389679,1.332828402519226
1710529209097346436,9.770482063293457,0.6981481909751892,1.3639636039733887
1710529209116386103,9.733359336853027,0.6682104468345642,1.4094690084457397
1710529209137506762,9.740544319152832,0.5652245879173279,1.4346166849136353
1710529209152302478,9.733359336853027,0.6179150342941284,1.3986914157867432
1710529209177569311,9.753717422485352,0.6825805902481079,1.3962963819503784
1710529209213022550,9.742938995361328,0.628692626953125,1.3663586378097534
1710529209229991879,9.724976539611816,0.6454577445983887,1.401086449623108
1710529209252844573,9.733359336853027,0.6490502953529358,1.392703890800476
1710529209269854250,9.75012493133545,0.6310876607894897,1.3340258598327637
1710529209290231250,9.757309913635254,0.5783972144126892,1.367556095123291
1710529209311883972,9.757309913635254,0.6047424077987671,1.3855187892913818
1710529209330854890,9.754914283752441,0.6526428461074829,1.37713623046875
1710529209349858136,9.764494895935059,0.6143224835395813,1.331630825996399
1710529209381237662,9.74533462524414,0.6526428461074829,1.383123755455017
1710529209393938015,9.763297080993652,0.6251000761985779,1.3939013481140137
1710529209406417359,9.752519607543945,0.6215075850486755,1.356778621673584
1710529209418925968,9.753717422485352,0.6849755644798279,1.3795312643051147
1710529209429721183,9.768087387084961,0.6131250262260437,1.367556095123291
1710529209444339291,9.742938995361328,0.5855822563171387,1.3687536716461182
1710529209452775644,9.764494895935059,0.6227051019668579,1.3388159275054932
1710529209465314231,9.768087387084961,0.6215075850486755,1.3807287216186523
1710529209545347145,9.752519607543945,0.6239025592803955,1.383123755455017
1710529209585618430,9.75012493133545,0.6310876607894897,1.3591735363006592
1710529209673493592,9.711804389953613,0.6346801519393921,1.4537768363952637
1710529209688465214,9.754914283752441,0.6526428461074829,1.371148705482483
1710529209705159755,9.732161521911621,0.6741979718208313,1.391506314277649
1710529209734249197,9.75012493133545,0.5676196217536926,1.392703890800476
1710529209803825652,9.764494895935059,0.8286767601966858,1.3292357921600342
1710529209839369263,9.728569030761719,0.5628296136856079,1.37713623046875
1710529209847994367,9.744136810302734,0.5963598489761353,1.3843213319778442
1710529209875171884,9.751321792602539,0.6670129299163818,1.3663586378097534
1710529209896085860,9.758506774902344,0.6442602276802063,1.3483959436416626
1710529209925475183,9.75012493133545,0.586779773235321,1.3663586378097534
1710529209965692058,9.740544319152832,0.5843847393989563,1.3663586378097534
1710529209980534368,9.74533462524414,0.6442602276802063,1.3819262981414795
1710529209990983441,9.766889572143555,0.6490502953529358,1.3603711128234863
1710529210005559694,9.765691757202148,0.6394702196121216,1.3663586378097534
1710529210022527274,9.765691757202148,0.6394702196121216,1.3663586378097534
1710529210041383120,9.768087387084961,0.6298901438713074,1.3591735363006592
1710529210084018662,9.727372169494629,0.6370751857757568,1.4298266172409058
1710529210085419942,9.754914283752441,0.5915698409080505,1.3747411966323853
1710529210125471072,9.780062675476074,0.6837780475616455,1.3519885540008545
1710529210144647871,9.777667045593262,0.6825805902481079,1.3495935201644897
1710529210168006851,9.752519607543945,0.6083349585533142,1.3747411966323853
1710529210243418543,9.777667045593262,0.6658154129981995,1.311273217201233
1710529210256282576,9.756112098693848,0.6478527784347534,1.3507909774780273
1710529210283687926,9.735754013061523,0.6131250262260437,1.3783336877822876
1710529210293903685,9.776470184326172,0.5197192430496216,1.3687536716461182
1710529210323502793,9.748927116394043,0.6789880394935608,1.37713623046875
1710529210342544172,9.716594696044922,0.5999523997306824,1.4441968202590942
1710529210363402552,9.783655166625977,0.5724096894264221,1.3208532333374023
1710529210367572845,9.783655166625977,0.5724096894264221,1.3208532333374023
1710529210378105663,9.742938995361328,0.6394702196121216,1.397493839263916
1710529210394940239,9.73695182800293,0.586779773235321,1.3747411966323853
1710529210430661467,9.739346504211426,0.6921606659889221,1.4154565334320068
1710529210434759225,9.766889572143555,0.5795947313308716,1.3483959436416626
1710529210453611109,9.754914283752441,0.556842029094696,1.3699511289596558
1710529210489149420,9.751321792602539,0.6646178960800171,1.3903088569641113
1710529210525001738,9.75970458984375,0.6454577445983887,1.341210961341858
1710529210540115211,9.74533462524414,0.6394702196121216,1.401086449623108
1710529210559169654,9.76928424835205,0.5999523997306824,1.3591735363006592
1710529210584410146,9.715396881103516,0.5987548828125,1.4453942775726318
1710529210590642283,9.751321792602539,0.6502478122711182,1.3891112804412842
1710529210601095615,9.786049842834473,0.6610254049301147,1.3352234363555908
1710529210628407654,9.757309913635254,0.6622229218482971,1.3424084186553955
1710529210634883726,9.740544319152832,0.5700146555900574,1.3759387731552124
1710529210664164653,9.793234825134277,0.6215075850486755,1.3436059951782227
1710529210668185699,9.752519607543945,0.616717517375946,1.401086449623108
1710529210688246395,9.751321792602539,0.6502478122711182,1.3807287216186523
1710529210704087587,9.757309913635254,0.5975573658943176,1.3747411966323853
1710529210746065162,9.757309913635254,0.6921606659889221,1.3891112804412842
1710529210758706841,9.6902494430542,0.5592370629310608,1.511257290840149
1710529210783976458,9.76928424835205,0.6262975931167603,1.3483959436416626
1710529210828185000,9.756112098693848,0.580792248249054,1.353186011314392
1710529210846978621,9.770482063293457,0.5520520210266113,1.3555810451507568
1710529210886506662,9.727372169494629,0.7520361542701721,1.4441968202590942
1710529210932748888,9.707014083862305,0.6047424077987671,1.4753320217132568
1710529210953699169,9.764494895935059,0.646655261516571,1.3555810451507568
1710529210981513040,9.738149642944336,0.6023474335670471,1.397493839263916
1710529211033976112,9.740544319152832,0.5987548828125,1.4190490245819092
1710529211036246379,9.754914283752441,0.6358776688575745,1.3855187892913818
1710529211055115103,9.776470184326172,0.6179150342941284,1.356778621673584
1710529211082442016,9.770482063293457,0.6119275093078613,1.353186011314392
1710529211099193351,9.74533462524414,0.5975573658943176,1.3783336877822876
1710529211107633452,9.765691757202148,0.6131250262260437,1.3687536716461182
1710529211122489002,9.739346504211426,0.6262975931167603,1.407073974609375
1710529211141247471,9.741742134094238,0.6562353372573853,1.3903088569641113
1710529211160138210,9.75970458984375,0.3436852991580963,1.4190490245819092
1710529211174917961,9.74533462524414,0.6155200004577637,1.392703890800476
1710529211187453170,9.775272369384766,0.6191125512123108,1.3304333686828613
1710529211219145639,9.748927116394043,0.6262975931167603,1.4022839069366455
1710529211229695561,9.748927116394043,0.6262975931167603,1.3735437393188477
1710529211242231258,9.775272369384766,0.5855822563171387,1.341210961341858
1710529211275846296,9.766889572143555,0.6203100681304932,1.341210961341858
1710529211300678293,9.718989372253418,0.5700146555900574,1.476529598236084
1710529211313520751,9.729766845703125,0.5712121725082397,1.4034814834594727
1710529211317807997,9.747729301452637,0.5903723239898682,1.367556095123291
1710529211351213239,9.747729301452637,0.5903723239898682,1.367556095123291
1710529211378658107,9.74533462524414,0.65863037109375,1.3891112804412842
1710529211382925708,9.780062675476074,0.6334826946258545,1.3292357921600342
1710529211403812493,9.71419906616211,0.5748046636581421,1.4549744129180908
1710529211439940278,9.729766845703125,0.6562353372573853,1.4238390922546387
1710529211454424452,9.746532440185547,0.6610254049301147,1.3855187892913818
1710529211496391624,9.746532440185547,0.670605480670929,1.3939013481140137
1710529211509123201,9.742938995361328,0.6394702196121216,1.3855187892913818
1710529211546993318,9.758506774902344,0.6346801519393921,1.3819262981414795
1710529211580537946,9.729766845703125,0.6191125512123108,1.3819262981414795
1710529211612151893,9.76928424835205,0.6514453291893005,1.3364208936691284
1710529211639499214,9.770482063293457,0.6634204387664795,1.3891112804412842
1710529211677386721,9.757309913635254,0.6262975931167603,1.3759387731552124
1710529211688879930,9.74533462524414,0.6502478122711182,1.397493839263916
1710529211702263513,9.760902404785156,0.6430627703666687,1.3903088569641113
1710529211721258214,9.740544319152832,0.5939648151397705,1.407073974609375
1710529211774120826,9.747729301452637,0.5939648151397705,1.3735437393188477
1710529211797120387,9.74533462524414,0.628692626953125,1.3986914157867432
1710529211826537707,9.806407928466797,0.6239025592803955,1.3148657083511353
1710529211841196683,9.747729301452637,0.6801855564117432,1.4238390922546387
1710529211862242406,9.718989372253418,0.6215075850486755,1.4178515672683716
1710529211877148789,9.775272369384766,0.6682104468345642,1.356778621673584
1710529211889412709,9.738149642944336,0.6981481909751892,1.401086449623108
1710529211918957950,9.732161521911621,0.6203100681304932,1.4501843452453613
1710529211944304048,9.723779678344727,0.6334826946258545,1.3962963819503784
1710529211951200051,9.772876739501953,0.6047424077987671,1.341210961341858
1710529212024728237,9.740544319152832,0.6191125512123108,1.4082714319229126
1710529212074834594,9.765691757202148,0.6095324754714966,1.337618350982666
1710529212097826100,9.772876739501953,0.6382727026939392,1.386716365814209
1710529212127617293,9.716594696044922,0.6274951100349426,1.4094690084457397
1710529212146473519,9.764494895935059,0.6071374416351318,1.3783336877822876
1710529212154937612,9.754914283752441,0.6658154129981995,1.3735437393188477
1710529212184349835,9.740544319152832,0.6035449504852295,1.3986914157867432
1710529212218067892,9.742938995361328,0.5915698409080505,1.3855187892913818
1710529212247435603,9.768087387084961,0.6179150342941284,1.3687536716461182
1710529212274735006,9.757309913635254,0.6191125512123108,1.3843213319778442
1710529212295709639,9.738149642944336,0.6370751857757568,1.397493839263916
1710529212312416770,9.738149642944336,0.6370751857757568,1.397493839263916
1710529212380086531,9.786049842834473,0.6370751857757568,1.3687536716461182
1710529212396908878,9.720187187194824,0.5017566084861755,1.413061499595642
1710529212422502489,9.757309913635254,0.6634204387664795,1.3639636039733887
1710529212441217029,9.777667045593262,0.670605480670929,1.3651611804962158
1710529212464329389,9.727372169494629,0.6622229218482971,1.4489867687225342
1710529212493410422,9.76928424835205,0.6921606659889221,1.3783336877822876
1710529212539841398,9.766889572143555,0.5736072063446045,1.3579760789871216
1710529212546098005,9.76928424835205,0.6526428461074829,1.3424084186553955
1710529212573252855,9.757309913635254,0.6071374416351318,1.3783336877822876
1710529212598421026,9.754914283752441,0.616717517375946,1.3795312643051147
1710529212699053962,9.763297080993652,0.628692626953125,1.3843213319778442
1710529212722536899,9.762099266052246,0.6143224835395813,1.3783336877822876
1710529212741377887,9.768087387084961,0.6119275093078613,1.3687536716461182
1710529212753957410,9.752519607543945,0.6394702196121216,1.3807287216186523
1710529212776669430,9.739346504211426,0.6646178960800171,1.401086449623108
1710529212833567184,9.762099266052246,0.6262975931167603,1.361568570137024
1710529212837927078,9.746532440185547,0.628692626953125,1.4022839069366455
1710529212850478268,9.75012493133545,0.6035449504852295,1.397493839263916
1710529212865109268,9.768087387084961,0.6310876607894897,1.3747411966323853
1710529212941415897,9.728569030761719,0.6490502953529358,1.421444058418274
1710529212953416501,9.739346504211426,0.6239025592803955,1.4082714319229126
1710529212970523950,9.747729301452637,0.6262975931167603,1.3364208936691284
1710529212989177873,9.752519607543945,0.700543224811554,1.392703890800476
1710529213001917532,9.741742134094238,0.6262975931167603,1.413061499595642
1710529213039788236,9.762099266052246,0.5819897651672363,1.3795312643051147
1710529213052354061,9.724976539611816,0.4742138683795929,1.4298266172409058
1710529213088668741,9.740544319152832,0.6035449504852295,1.4441968202590942
1710529213098597108,9.783655166625977,0.6047424077987671,1.3088781833648682
1710529213111305684,9.758506774902344,0.6119275093078613,1.3579760789871216
1710529213134549833,9.720187187194824,0.6191125512123108,1.422641634941101
1710529213161839405,9.727372169494629,0.5975573658943176,1.4022839069366455
1710529213185043482,9.766889572143555,0.6682104468345642,1.3663586378097534
1710529213229251899,9.740544319152832,0.6610254049301147,1.371148705482483
1710529213254366433,9.751321792602539,0.6143224835395813,1.371148705482483
1710529213264984615,9.74533462524414,0.6490502953529358,1.371148705482483
1710529213290293793,9.766889572143555,0.5843847393989563,1.3495935201644897
1710529213311209455,9.765691757202148,0.6813830733299255,1.3663586378097534
1710529213336407860,9.751321792602539,0.6646178960800171,1.371148705482483
1710529213382794924,9.739346504211426,0.6358776688575745,1.3723461627960205
1710529213409952166,9.741742134094238,0.6143224835395813,1.3998888731002808
1710529213458267474,9.751321792602539,0.6047424077987671,1.3759387731552124
1710529213475331347,9.781259536743164,0.6418652534484863,1.2837305068969727
1710529213494063947,9.747729301452637,0.6310876607894897,1.4250366687774658
1710529213502226455,9.747729301452637,0.6298901438713074,1.3879138231277466
1710529213519081460,9.724976539611816,0.7137157917022705,1.391506314277649
1710529213546974493,9.724976539611816,0.40715330839157104,1.3783336877822876
1710529213559467098,9.752519607543945,0.6478527784347534,1.301693081855774
1710529213599296995,9.784852027893066,0.7017407417297363,1.3603711128234863
1710529213622370656,9.735754013061523,0.6215075850486755,1.3939013481140137
1710529213662212534,9.716594696044922,0.6526428461074829,1.431024193763733
1710529213668585232,9.748927116394043,0.6861730813980103,1.3591735363006592
1710529213691587864,9.777667045593262,0.5364843606948853,1.3603711128234863
1710529213720925793,9.734557151794434,0.5855822563171387,1.3939013481140137
1710529213756839041,9.778864860534668,0.5855822563171387,1.3448034524917603
1710529213760962122,9.74533462524414,0.6753954887390137,1.3903088569641113
1710529213784229136,9.752519607543945,0.5831872820854187,1.3903088569641113
1710529213807328803,9.75970458984375,0.646655261516571,1.3507909774780273
1710529213834558158,9.748927116394043,0.6047424077987671,1.3807287216186523
1710529213874483288,9.741742134094238,0.5831872820854187,1.3795312643051147
1710529213901833845,9.752519607543945,0.616717517375946,1.3795312643051147
1710529213914431219,9.748927116394043,0.6203100681304932,1.383123755455017
1710529213929023208,9.777667045593262,0.6191125512123108,1.3807287216186523
1710529213943817934,9.741742134094238,0.6310876607894897,1.3903088569641113
1710529213956411807,9.74533462524414,0.6322851777076721,1.4118640422821045
1710529214000800806,9.754914283752441,0.6310876607894897,1.3507909774780273
1710529214009535950,9.75012493133545,0.5628296136856079,1.3555810451507568
1710529214042654471,9.764494895935059,0.6598278880119324,1.5076647996902466
1710529214090861934,9.776470184326172,0.6418652534484863,1.3436059951782227
1710529214105710455,9.728569030761719,0.5903723239898682,1.4561718702316284
1710529214120363747,9.746532440185547,0.5891748070716858,1.3663586378097534
1710529214149680569,9.753717422485352,0.6155200004577637,1.3795312643051147
1710529214189849944,9.752519607543945,0.6262975931167603,1.392703890800476
1710529214210952982,9.753717422485352,0.646655261516571,1.3879138231277466
1710529214223564219,9.752519607543945,0.6358776688575745,1.397493839263916
1710529214254816632,9.762099266052246,0.6442602276802063,1.3723461627960205
1710529214269726790,9.75012493133545,0.5963598489761353,1.386716365814209
1710529214313805792,9.757309913635254,0.6322851777076721,1.3555810451507568
1710529214341235749,9.740544319152832,0.6562353372573853,1.3699511289596558
1710529214397973818,9.757309913635254,0.640667736530304,1.3591735363006592
1710529214410683871,9.747729301452637,0.6574328541755676,1.3699511289596558
1710529214429527171,9.74533462524414,0.6203100681304932,1.3819262981414795
1710529214505335383,9.758506774902344,0.646655261516571,1.3879138231277466
1710529214524283894,9.763297080993652,0.628692626953125,1.3639636039733887
1710529214536836990,9.75970458984375,0.6083349585533142,1.3579760789871216
1710529214549559229,9.738149642944336,0.6622229218482971,1.397493839263916
1710529214562219672,9.753717422485352,0.6526428461074829,1.4202466011047363
1710529214585248693,9.741742134094238,0.616717517375946,1.4346166849136353
1710529214595932813,9.739346504211426,0.5903723239898682,1.3507909774780273
1710529214614881963,9.7094087600708,0.6610254049301147,1.416654109954834
1710529214654692074,9.728569030761719,0.6849755644798279,1.422641634941101
1710529214688955295,9.728569030761719,0.6849755644798279,1.422641634941101
1710529214732376123,9.760902404785156,0.6777905225753784,1.3819262981414795
1710529214744845010,9.724976539611816,0.5580395460128784,1.3723461627960205
1710529214763962254,9.729766845703125,0.6215075850486755,1.4118640422821045
1710529214793490734,9.730964660644531,0.640667736530304,1.4322216510772705
1710529214822979581,9.764494895935059,0.6418652534484863,1.3388159275054932
1710529214827164228,9.764494895935059,0.6418652534484863,1.3388159275054932
1710529214850124019,9.747729301452637,0.6191125512123108,1.3855187892913818
1710529214864871354,9.748927116394043,0.6035449504852295,1.3843213319778442
1710529214919260713,9.724976539611816,0.6442602276802063,1.4190490245819092
1710529214944716552,9.751321792602539,0.6861730813980103,1.4058765172958374
1710529214953141281,9.733359336853027,0.6598278880119324,1.4346166849136353
1710529215003468017,9.728569030761719,0.6262975931167603,1.413061499595642
1710529215041189118,9.765691757202148,0.6274951100349426,1.3687536716461182
1710529215066589859,9.74533462524414,0.6071374416351318,1.367556095123291
1710529215076993432,9.747729301452637,0.6023474335670471,1.3663586378097534
1710529215104527553,9.784852027893066,0.6274951100349426,1.3292357921600342
1710529215125605028,9.727372169494629,0.5795947313308716,1.413061499595642
1710529215161035907,9.770482063293457,0.6382727026939392,1.3663586378097534
1710529215217918441,9.728569030761719,0.5364843606948853,1.401086449623108
1710529215251595841,9.732161521911621,0.5724096894264221,1.3950989246368408
1710529215274663669,9.748927116394043,0.6143224835395813,1.3723461627960205
1710529215314480495,9.757309913635254,0.586779773235321,1.3879138231277466
1710529215335725163,9.74533462524414,0.5987548828125,1.4046789407730103
1710529215358740630,9.75970458984375,0.6215075850486755,1.3903088569641113
1710529215396554848,9.75012493133545,0.5927673578262329,1.3962963819503784
1710529215426146605,9.752519607543945,0.9053173661231995,1.362766146659851
1710529215442824986,9.742938995361328,0.5855822563171387,1.3795312643051147
1710529215507860308,9.760902404785156,0.6454577445983887,1.3819262981414795
1710529215516261803,9.74533462524414,0.6179150342941284,1.4022839069366455
1710529215571059969,9.75970458984375,0.6131250262260437,1.3663586378097534
1710529215589844294,9.754914283752441,0.6298901438713074,1.3819262981414795
1710529215644517637,9.757309913635254,0.6071374416351318,1.3759387731552124
1710529215673998826,9.738149642944336,0.5903723239898682,1.4142590761184692
1710529215692531040,9.748927116394043,0.6322851777076721,1.4142590761184692
1710529215705225863,9.752519607543945,0.5855822563171387,1.3855187892913818
1710529215720058427,9.748927116394043,0.6478527784347534,1.386716365814209
1710529215778836628,9.739346504211426,0.6239025592803955,1.4082714319229126
1710529215780812813,9.756112098693848,0.5700146555900574,1.383123755455017
1710529215806010788,9.751321792602539,0.5975573658943176,1.431024193763733
1710529215833286718,9.763297080993652,0.6215075850486755,1.3687536716461182
1710529215837576664,9.747729301452637,0.6358776688575745,1.422641634941101
1710529215858711501,9.75012493133545,0.6430627703666687,1.4058765172958374
1710529215879635480,9.744136810302734,0.6011499166488647,1.401086449623108
1710529215896353804,9.744136810302734,0.6011499166488647,1.401086449623108
1710529215911139414,9.757309913635254,0.6274951100349426,1.3783336877822876
1710529215949062737,9.740544319152832,0.6191125512123108,1.4082714319229126
1710529215978545419,9.726174354553223,0.5999523997306824,1.4262341260910034
1710529216012235594,9.754914283752441,0.6203100681304932,1.3855187892913818
1710529216024940726,9.752519607543945,0.6179150342941284,1.383123755455017
1710529216035285915,9.747729301452637,0.6777905225753784,1.4094690084457397
1710529216049996450,9.753717422485352,0.6718029975891113,1.4034814834594727
1710529216070837165,9.75012493133545,0.6382727026939392,1.3962963819503784
1710529216108889801,9.758506774902344,0.6155200004577637,1.383123755455017
1710529216127654591,9.754914283752441,0.6251000761985779,1.3843213319778442
1710529216131947842,9.754914283752441,0.6251000761985779,1.3998888731002808
1710529216140499539,9.757309913635254,0.6227051019668579,1.386716365814209
1710529216190934984,9.76928424835205,0.616717517375946,1.3747411966323853
1710529216197117673,9.751321792602539,0.5891748070716858,1.3819262981414795
1710529216228790723,9.73695182800293,0.6454577445983887,1.4549744129180908
1710529216249605338,9.753717422485352,0.6310876607894897,1.3843213319778442
1710529216278916185,9.778864860534668,0.6119275093078613,1.3543835878372192
1710529216378039531,9.765691757202148,0.53887939453125,1.3639636039733887
1710529216401043301,9.758506774902344,0.65863037109375,1.4058765172958374
1710529216407459889,9.735754013061523,0.550854504108429,1.3795312643051147
1710529216413695479,9.716594696044922,0.5245092511177063,1.431024193763733
1710529216430364612,9.780062675476074,0.7747887969017029,1.3220508098602295
1710529216453404304,9.78245735168457,0.6358776688575745,1.3436059951782227
1710529216499905281,9.777667045593262,0.5939648151397705,1.3340258598327637
1710529216502064488,9.717791557312012,0.6454577445983887,1.452579379081726
1710529216607356478,9.738149642944336,0.6370751857757568,1.4286291599273682
1710529216624230124,9.756112098693848,0.5975573658943176,1.3723461627960205
1710529216638854485,9.775272369384766,0.6071374416351318,1.3304333686828613
1710529216657932969,9.738149642944336,0.6442602276802063,1.413061499595642
1710529216684826582,9.77407455444336,0.6574328541755676,1.3747411966323853
1710529216728793833,9.726174354553223,0.6011499166488647,1.4094690084457397
1710529216733512826,9.74533462524414,0.5879772901535034,1.392703890800476
1710529216741593806,9.780062675476074,0.6418652534484863,1.3352234363555908
1710529216762808059,9.738149642944336,0.6442602276802063,1.43701171875
1710529216787946743,9.770482063293457,0.5879772901535034,1.371148705482483
1710529216813047826,9.776470184326172,0.6694079637527466,1.353186011314392
1710529216817119932,9.740544319152832,0.5484594702720642,1.4190490245819092
1710529216838328724,9.752519607543945,0.6095324754714966,1.3723461627960205
1710529216865522434,9.754914283752441,0.6203100681304932,1.407073974609375
1710529216879962663,9.754914283752441,0.6203100681304932,1.407073974609375
1710529216905080267,9.754914283752441,0.6119275093078613,1.4094690084457397
1710529216932808433,9.742938995361328,0.5939648151397705,1.3879138231277466
1710529216960310196,9.727372169494629,0.6610254049301147,1.4190490245819092
1710529216966730836,9.764494895935059,0.6346801519393921,1.3483959436416626
1710529216985479948,9.732161521911621,0.6442602276802063,1.4334192276000977
1710529217015106369,9.751321792602539,0.6215075850486755,1.3950989246368408
1710529217019176078,9.751321792602539,0.5999523997306824,1.3783336877822876
1710529217044686321,9.763297080993652,0.6346801519393921,1.3986914157867432
1710529217059329555,9.747729301452637,0.6526428461074829,1.4058765172958374
1710529217090625900,9.738149642944336,0.6478527784347534,1.4190490245819092
1710529217098959234,9.776470184326172,0.6179150342941284,1.367556095123291
1710529217175040845,9.721384048461914,0.6730005145072937,1.4178515672683716
1710529217202200987,9.770482063293457,0.5652245879173279,1.371148705482483
1710529217284009280,9.778864860534668,0.628692626953125,1.326840877532959
1710529217320008302,9.705816268920898,0.6634204387664795,1.4837145805358887
1710529217343104703,9.724976539611816,0.6718029975891113,1.4801220893859863
1710529217363996499,9.644743919372559,0.5963598489761353,1.5579601526260376
1710529217391272601,9.718989372253418,0.3245251476764679,1.4633569717407227
1710529217412428500,9.814789772033691,0.8238866925239563,1.2945080995559692
1710529217456760285,9.780062675476074,0.6298901438713074,1.3687536716461182
1710529217479871212,9.7094087600708,0.6227051019668579,1.4441968202590942
1710529217523915763,9.732161521911621,0.6059399247169495,1.422641634941101
1710529217530217036,9.724976539611816,0.5628296136856079,1.4453942775726318
1710529217555732840,9.802814483642578,0.6993457078933716,1.3148657083511353
1710529217585081420,9.783655166625977,0.6741979718208313,1.3148657083511353
1710529217601717163,9.735754013061523,0.5927673578262329,1.4382091760635376
1710529217656565087,9.752519607543945,0.6119275093078613,1.3747411966323853
1710529217662845694,9.758506774902344,0.6394702196121216,1.383123755455017
1710529217687881402,9.733359336853027,0.6083349585533142,1.4034814834594727
1710529217717286091,9.754914283752441,0.610729992389679,1.3723461627960205
1710529217801271954,9.75012493133545,0.6035449504852295,1.3795312643051147
1710529217912724851,9.776470184326172,0.6418652534484863,1.3807287216186523
1710529217946422417,9.79682731628418,0.6131250262260437,1.2981005907058716
1710529217988650261,9.776470184326172,0.6730005145072937,1.3579760789871216
1710529218028591487,9.728569030761719,0.6143224835395813,1.4346166849136353
1710529218036869294,9.786049842834473,0.610729992389679,1.2597802877426147
1710529218056020083,9.752519607543945,0.5951623320579529,1.4334192276000977
1710529218058034048,9.742938995361328,0.6227051019668579,1.3388159275054932
1710529218082211614,9.718989372253418,0.5316943526268005,1.4597643613815308
1710529218116837335,9.707014083862305,0.646655261516571,1.4645544290542603
1710529218188429453,9.740544319152832,0.5101391673088074,1.3483959436416626
1710529218213798665,9.775272369384766,0.6215075850486755,1.3388159275054932
1710529218232614188,9.752519607543945,0.6526428461074829,1.3747411966323853
1710529218253579876,9.71419906616211,0.6825805902481079,1.4789245128631592
1710529218266288496,9.77407455444336,0.6298901438713074,1.3759387731552124
1710529218293330074,9.753717422485352,0.568817138671875,1.37713623046875
1710529218314207186,9.739346504211426,0.6538403034210205,1.4106664657592773
1710529218326703344,9.739346504211426,0.6538403034210205,1.4106664657592773
1710529218360718632,9.756112098693848,0.5819897651672363,1.3555810451507568
1710529218404939607,9.7094087600708,0.6071374416351318,1.4837145805358887
1710529218442813603,9.76928424835205,0.6119275093078613,1.337618350982666
1710529218499656337,9.739346504211426,0.6358776688575745,1.4142590761184692
1710529218505925972,9.734557151794434,0.6119275093078613,1.4358142614364624
1710529218514452773,9.776470184326172,0.5903723239898682,1.3160632848739624
1710529218529091340,9.740544319152832,0.5017566084861755,1.3088781833648682
1710529218543853629,9.912985801696777,0.6011499166488647,1.1555969715118408
1710529218566849359,9.636361122131348,0.20836669206619263,1.5519726276397705
1710529218589934192,9.608818054199219,0.5891748070716858,1.6190332174301147
1710529218608892972,9.784852027893066,0.748443603515625,1.323248267173767
1710529218623585661,9.847123146057129,0.9244775176048279,1.2394225597381592
1710529218646833663,9.735754013061523,0.3544628918170929,1.466949462890625
1710529218678084535,9.860295295715332,0.6969506740570068,1.0861413478851318
1710529218688330209,9.860295295715332,0.6969506740570068,1.0861413478851318
1710529218703229489,9.735754013061523,0.760418713092804,1.4106664657592773
1710529218747828869,9.765691757202148,0.6011499166488647,1.287322998046875
1710529218772913314,9.732161521911621,0.730480968952179,1.407073974609375
1710529218800247774,9.724976539611816,0.646655261516571,1.401086449623108
1710529218823301995,9.770482063293457,0.508941650390625,1.281335473060608
1710529218833645389,9.75012493133545,0.7137157917022705,1.4693444967269897
1710529218861041970,9.760902404785156,0.7795788645744324,1.362766146659851
1710529218875639853,9.744136810302734,0.5113366842269897,1.3843213319778442
1710529218898560723,9.728569030761719,0.6514453291893005,1.4118640422821045
1710529218915750487,9.751321792602539,0.5640270709991455,1.397493839263916
1710529218940995798,9.762099266052246,0.5292993187904358,1.3460010290145874
1710529218963997375,9.764494895935059,0.5113366842269897,1.331630825996399
1710529218989532275,9.739346504211426,0.6227051019668579,1.451381802558899
1710529219054259392,9.703421592712402,0.7053332328796387,1.3998888731002808
1710529219077377496,9.734557151794434,0.7149133086204529,1.3950989246368408
1710529219094123468,9.734557151794434,0.5125342011451721,1.4202466011047363
1710529219115318370,9.764494895935059,0.6634204387664795,1.3687536716461182
1710529219163741125,9.744136810302734,0.6047424077987671,1.3939013481140137
1710529219189674095,9.75012493133545,0.6191125512123108,1.3950989246368408
1710529219208050184,9.766889572143555,0.5975573658943176,1.3819262981414795
1710529219245908059,9.74533462524414,0.5760021805763245,1.3950989246368408
1710529219252314522,9.713001251220703,0.6502478122711182,1.4537768363952637
1710529219279388309,9.778864860534668,0.6310876607894897,1.3388159275054932
1710529219304623345,9.747729301452637,0.6143224835395813,1.4046789407730103
1710529219334005959,9.747729301452637,0.6143224835395813,1.4046789407730103
1710529219384768066,9.762099266052246,0.6634204387664795,1.3747411966323853
1710529219405523071,9.768087387084961,0.6418652534484863,1.3603711128234863
1710529219412086253,9.754914283752441,0.6694079637527466,1.367556095123291
1710529219430666781,9.738149642944336,0.5831872820854187,1.4034814834594727
1710529219439099930,9.741742134094238,0.6251000761985779,1.3651611804962158
1710529219462358262,9.777667045593262,0.8885522484779358,1.3088781833648682
1710529219475145817,9.713001251220703,0.6490502953529358,1.4477893114089966
1710529219498126445,9.72258186340332,0.5736072063446045,1.457369327545166
1710529219540032267,9.742938995361328,0.6873705983161926,1.397493839263916
1710529219569485631,9.710606575012207,0.5544469952583313,1.427431583404541
1710529219626243213,9.74533462524414,0.6861730813980103,1.4082714319229126
1710529219645188370,9.763297080993652,0.5771996974945068,1.3352234363555908
1710529219678985554,9.718989372253418,0.6478527784347534,1.4537768363952637
1710529219693178647,9.734557151794434,0.670605480670929,1.4418017864227295
1710529219710137694,9.763297080993652,0.6262975931167603,1.3687536716461182
1710529219746058198,9.754914283752441,0.6191125512123108,1.3843213319778442
1710529219764856014,9.740544319152832,0.580792248249054,1.391506314277649
1710529219787902274,9.728569030761719,0.6251000761985779,1.442999243736267
1710529219810938039,9.770482063293457,0.6215075850486755,1.3304333686828613
1710529219842513779,9.75012493133545,0.5664221048355103,1.3460010290145874
1710529219890788696,9.752519607543945,0.616717517375946,1.3939013481140137
1710529219916030076,9.740544319152832,0.6310876607894897,1.383123755455017
1710529219917918400,9.741742134094238,0.6059399247169495,1.3843213319778442
1710529219941255740,9.742938995361328,0.6239025592803955,1.392703890800476
1710529219964364784,9.739346504211426,0.6454577445983887,1.3950989246368408
1710529219993948444,9.724976539611816,0.5903723239898682,1.4250366687774658
1710529220014865478,9.729766845703125,0.610729992389679,1.4322216510772705
1710529220052811888,9.753717422485352,0.6789880394935608,1.3723461627960205
1710529220141198632,9.727372169494629,0.5185217261314392,1.3747411966323853
1710529220164052443,9.72258186340332,0.6777905225753784,1.3759387731552124
1710529220168344727,9.754914283752441,0.6418652534484863,1.3603711128234863
1710529220191392223,9.764494895935059,0.6334826946258545,1.3388159275054932
1710529220224958690,9.715396881103516,0.6394702196121216,1.3962963819503784
1710529220298194448,9.751321792602539,0.46104127168655396,1.3184581995010376
1710529220338428030,9.814789772033691,0.5352868437767029,1.2621753215789795
1710529220353226470,9.793234825134277,0.5316943526268005,1.281335473060608
1710529220359632933,9.720187187194824,0.7735912799835205,1.4058765172958374
1710529220395359558,9.744136810302734,0.7220984101295471,1.3364208936691284
1710529220420570646,9.747729301452637,0.5340893268585205,1.296903133392334
1710529220431108105,9.787247657775879,0.8059240579605103,1.3292357921600342
1710529220460705375,9.775272369384766,0.508941650390625,1.247805118560791
1710529220464753238,9.79682731628418,0.670605480670929,1.2046948671340942
1710529220489257256,9.808802604675293,0.6646178960800171,1.2645703554153442
1710529220511221149,9.636361122131348,0.5580395460128784,1.4441968202590942
1710529220536438911,9.681866645812988,0.5053490996360779,1.4897021055221558
1710529220548988081,9.705816268920898,0.6370751857757568,1.3603711128234863
1710529220597174277,9.735754013061523,0.5843847393989563,1.203497290611267
1710529220603596154,9.723779678344727,0.4586462378501892,1.3687536716461182
1710529220635285299,9.768087387084961,0.6777905225753784,1.251397728919983
1710529220643534839,9.821974754333496,0.7137157917022705,1.502874732017517
1710529220688857228,9.708211898803711,0.628692626953125,1.422641634941101
1710529220714996424,9.802814483642578,0.5448669195175171,1.177152156829834
1710529220736590083,9.776470184326172,0.670605480670929,1.2885204553604126
1710529220761164106,9.776470184326172,0.4442761242389679,1.2741503715515137
1710529220801097601,9.687853813171387,0.4203259348869324,1.427431583404541
1710529220841046649,9.784852027893066,0.8214917182922363,1.2741503715515137
1710529220922967443,9.741742134094238,0.7352709770202637,1.3795312643051147
1710529220927178430,9.760902404785156,0.8957372903823853,1.281335473060608
1710529220937902819,9.783655166625977,0.760418713092804,1.1987072229385376
1710529220952946072,9.747729301452637,0.6825805902481079,1.3256433010101318
1710529221003176715,9.680668830871582,0.38559815287590027,1.4298266172409058
1710529221018800245,9.787247657775879,0.7460485696792603,1.266965389251709
1710529221087770557,9.78245735168457,0.6023474335670471,1.2358300685882568
1710529221103783142,9.729766845703125,0.6382727026939392,1.311273217201233
1710529221116682613,9.758506774902344,0.6334826946258545,1.2657678127288818
1710529221137410778,9.757309913635254,0.7220984101295471,1.2849279642105103
1710529221160828911,9.756112098693848,0.5604345798492432,1.25738525390625
1710529221167084470,9.733359336853027,0.5185217261314392,1.3352234363555908
1710529221183907114,9.693841934204102,0.4981640577316284,1.347198486328125
1710529221276458328,9.784852027893066,0.8178991675376892,1.2825329303741455
1710529221314030831,9.802814483642578,0.4742138683795929,1.187929630279541
1710529221320591727,9.735754013061523,0.6694079637527466,1.2885204553604126
1710529221364797990,9.814789772033691,0.7496411204338074,1.183139681816101
1710529221370992100,9.778864860534668,0.6538403034210205,1.2442126274108887
1710529221385480715,9.76928424835205,0.628692626953125,1.2801378965377808
1710529221398210093,9.733359336853027,0.6598278880119324,1.237027645111084
1710529221416929752,9.760902404785156,0.5304968357086182,1.243015170097351
1710529221469630985,9.79682731628418,0.6215075850486755,1.241817593574524
1710529221511648904,9.74533462524414,0.6478527784347534,1.2897180318832397
1710529221564074261,9.770482063293457,0.6131250262260437,1.2909154891967773
1710529221595521990,9.741742134094238,0.5700146555900574,1.311273217201233
1710529221620602658,9.758506774902344,0.6071374416351318,1.2909154891967773
1710529221639605254,9.783655166625977,0.6598278880119324,1.2502001523971558
1710529221660657652,9.776470184326172,0.3484753370285034,1.2992980480194092
1710529221671360134,9.784852027893066,0.5724096894264221,1.2549902200698853
1710529221711474582,9.777667045593262,0.6418652534484863,1.25738525390625
1710529221717781632,9.781259536743164,0.6682104468345642,1.266965389251709
1710529221764052862,9.77407455444336,0.610729992389679,1.2681628465652466
1710529221833353153,9.777667045593262,0.6478527784347534,1.2585827112197876
1710529221856254401,9.766889572143555,0.6622229218482971,1.281335473060608
1710529221891704953,9.75012493133545,0.5915698409080505,1.302890658378601
1710529221919327494,9.768087387084961,0.6227051019668579,1.2837305068969727
1710529221994913510,9.771679878234863,0.616717517375946,1.2885204553604126
1710529222024529387,9.752519607543945,0.6310876607894897,1.2992980480194092
1710529222045552196,9.75970458984375,0.5903723239898682,1.2849279642105103
1710529222051677348,9.757309913635254,0.6526428461074829,1.2885204553604126
1710529222074789329,9.768087387084961,0.6298901438713074,1.311273217201233
1710529222114885238,9.778864860534668,0.6143224835395813,1.2657678127288818
1710529222137986441,9.76928424835205,0.6334826946258545,1.302890658378601
1710529222173545633,9.776470184326172,0.6502478122711182,1.2585827112197876
1710529222180139893,9.787247657775879,0.6370751857757568,1.266965389251709
1710529222217735378,9.788444519042969,0.6370751857757568,1.2693603038787842
1710529222241034490,9.770482063293457,0.6155200004577637,1.2861255407333374
1710529222259740521,9.758506774902344,0.6179150342941284,1.2861255407333374
1710529222278626526,9.764494895935059,0.610729992389679,1.2837305068969727
1710529222308558255,9.776470184326172,0.6179150342941284,1.2693603038787842
1710529222326920469,9.762099266052246,0.6502478122711182,1.3124706745147705
1710529222344040047,9.758506774902344,0.6143224835395813,1.293310523033142
1710529222362868092,9.77407455444336,0.5760021805763245,1.2681628465652466
1710529222371281421,9.758506774902344,0.6670129299163818,1.302890658378601
1710529222394383289,9.752519607543945,0.616717517375946,1.287322998046875
1710529222430106498,9.757309913635254,0.5783972144126892,1.2957055568695068
1710529222467914835,9.752519607543945,0.5855822563171387,1.3004956245422363
1710529222486879687,9.770482063293457,0.5987548828125,1.2861255407333374
1710529222503495172,9.76928424835205,0.6227051019668579,1.281335473060608
