bag_timestamp_ns,accel0_x,accel0_y,accel0_z
1710532974466277224,-9.159751892089844,-0.8298742771148682,-2.5614733695983887
1710532974489721622,-9.165740013122559,-0.8370593190193176,-2.553090810775757
1710532974519121262,-9.177715301513672,-0.8849596977233887,-2.554288387298584
1710532974540029000,-9.184900283813477,-0.8969348073005676,-2.577040910720825
1710532974546425467,-9.174121856689453,-0.8849596977233887,-2.577040910720825
1710532974569592890,-9.180109977722168,-0.8789721727371216,-2.5698559284210205
1710532974601330369,-9.165740013122559,-0.8705896139144897,-2.5411157608032227
1710532974639155068,-9.159751892089844,-0.8274792432785034,-2.543510675430298
1710532974657954384,-9.166936874389648,-0.8454418778419495,-2.553090810775757
1710532974668089089,-9.182504653930664,-0.8825647234916687,-2.5602757930755615
1710532974683074567,-9.180109977722168,-0.8873547315597534,-2.566263437271118
1710532974703705166,-9.17531967163086,-0.8813672065734863,-2.5506958961486816
1710532974722729317,-9.165740013122559,-0.880169689655304,-2.565065860748291
1710532974735130322,-9.171727180480957,-0.8586145043373108,-2.5614733695983887
1710532974749902543,-9.171727180480957,-0.8466393947601318,-2.562670946121216
1710532974775141686,-9.168134689331055,-0.8610095381736755,-2.566263437271118
1710532974833925276,-9.17531967163086,-0.8873547315597534,-2.583028554916382
1710532974863092278,-9.171727180480957,-0.8837621808052063,-2.584226131439209
1710532974879927989,-9.166936874389648,-0.8777746558189392,-2.5494983196258545
1710532974892443358,-9.174121856689453,-0.8765771389007568,-2.5315356254577637
1710532974915654307,-9.171727180480957,-0.8598120212554932,-2.5387206077575684
1710532974930475382,-9.17052936553955,-0.8586145043373108,-2.54231333732605
1710532974959676668,-9.17531967163086,-0.8610095381736755,-2.5411157608032227
1710532974997759627,-9.177715301513672,-0.8897497653961182,-2.5590784549713135
1710532975018695259,-9.157357215881348,-0.8909472823143005,-2.565065860748291
1710532975090065248,-9.184900283813477,-0.8334667682647705,-2.566263437271118
1710532975128134290,-9.172924995422363,-0.8705896139144897,-2.545905828475952
1710532975146806297,-9.165740013122559,-0.8873547315597534,-2.566263437271118
1710532975171958328,-9.172924995422363,-0.8717871308326721,-2.57464599609375
1710532975186962994,-9.171727180480957,-0.8669970631599426,-2.577040910720825
1710532975195062591,-9.172924995422363,-0.8646020293235779,-2.5686583518981934
1710532975216301129,-9.169332504272461,-0.8741821050643921,-2.5686583518981934
1710532975245629825,-9.169332504272461,-0.8693920969963074,-2.566263437271118
1710532975275196327,-9.171727180480957,-0.8490344285964966,-2.565065860748291
1710532975285597292,-9.171727180480957,-0.8849596977233887,-2.5806336402893066
1710532975292016558,-9.171727180480957,-0.8873547315597534,-2.5674610137939453
1710532975308888258,-9.164542198181152,-0.8873547315597534,-2.565065860748291
1710532975315001908,-9.177715301513672,-0.8885522484779358,-2.555485725402832
1710532975350780606,-9.17531967163086,-0.868194580078125,-2.5602757930755615
1710532975373569444,-9.171727180480957,-0.8741821050643921,-2.5471031665802
1710532975394789139,-9.16094970703125,-0.8358618021011353,-2.536325693130493
1710532975403107521,-9.162147521972656,-0.8454418778419495,-2.544708251953125
1710532975426312298,-9.169332504272461,-0.8418493866920471,-2.555485725402832
1710532975455625805,-9.190887451171875,-0.8741821050643921,-2.584226131439209
1710532975470251057,-9.15137004852295,-0.8945397734642029,-2.584226131439209
1710532975501876319,-9.168134689331055,-0.9005273580551147,-2.573448419570923
1710532975560489459,-9.17531967163086,-0.8346642851829529,-2.545905828475952
1710532975568757618,-9.165740013122559,-0.8334667682647705,-2.545905828475952
1710532975604551638,-9.168134689331055,-0.8657995462417603,-2.54231333732605
1710532975614999521,-9.189689636230469,-0.8777746558189392,-2.573448419570923
1710532975625594259,-9.166936874389648,-0.8622070550918579,-2.577040910720825
1710532975644438740,-9.165740013122559,-0.8622070550918579,-2.5794360637664795
1710532975665437533,-9.169332504272461,-0.8729846477508545,-2.554288387298584
1710532975682353175,-9.162147521972656,-0.89813232421875,-2.545905828475952
1710532975696934454,-9.171727180480957,-0.8741821050643921,-2.5375232696533203
1710532975711769227,-9.166936874389648,-0.8514294624328613,-2.554288387298584
1710532975747386827,-9.178912162780762,-0.8598120212554932,-2.5698559284210205
1710532975755939081,-9.154962539672852,-0.8741821050643921,-2.563868522644043
1710532975777035084,-9.184900283813477,-0.8825647234916687,-2.554288387298584
1710532975814786378,-9.178912162780762,-0.8610095381736755,-2.5710535049438477
1710532975842015401,-9.165740013122559,-0.8705896139144897,-2.573448419570923
1710532975860882330,-9.192085266113281,-0.8574169874191284,-2.5506958961486816
1710532975873497400,-9.180109977722168,-0.8586145043373108,-2.5674610137939453
1710532975892519684,-9.163344383239746,-0.8514294624328613,-2.5602757930755615
1710532975949093118,-9.168134689331055,-0.868194580078125,-2.5483007431030273
1710532975974142403,-9.166936874389648,-0.8466393947601318,-2.5602757930755615
1710532976043547865,-9.176517486572266,-0.8741821050643921,-2.572251081466675
1710532976070892876,-9.180109977722168,-0.8598120212554932,-2.5890161991119385
1710532976085393654,-9.174121856689453,-0.8657995462417603,-2.577040910720825
1710532976108639729,-9.163344383239746,-0.8825647234916687,-2.5806336402893066
1710532976188629965,-9.172924995422363,-0.8155041337013245,-2.57464599609375
1710532976207403578,-9.216034889221191,-0.7939489483833313,-2.6572742462158203
1710532976228335541,-9.538165092468262,-0.646655261516571,-2.8488757610321045
1710532976245272524,-9.044791221618652,-1.3424084186553955,-2.517165422439575
1710532976264151928,-8.914262771606445,-0.6035449504852295,-2.284848690032959
1710532976272549449,-8.795709609985352,-0.48259642720222473,-2.4608826637268066
1710532976291457069,-9.498647689819336,-0.760418713092804,-2.277663469314575
1710532976318800565,-9.431587219238281,-0.7819738984107971,-2.664459228515625
1710532976350369313,-8.93581771850586,-0.5077441334724426,-2.7866051197052
1710532976375780648,-9.366921424865723,-0.7376660108566284,-2.7710375785827637
1710532976424233859,-9.056766510009766,-0.9532177448272705,-2.436932325363159
1710532976445107085,-9.219627380371094,-0.9364526271820068,-2.494412899017334
1710532976489128666,-9.275910377502441,-0.7640112042427063,-2.5674610137939453
1710532976497360140,-9.249565124511719,-0.7939489483833313,-2.4105870723724365
1710532976529053023,-9.189689636230469,-0.8765771389007568,-2.3686742782592773
1710532976558315726,-9.164542198181152,-0.8190966844558716,-2.5710535049438477
1710532976585844431,-9.238787651062012,-0.6694079637527466,-2.6668541431427
1710532976596486251,-9.060359001159668,-0.9292675852775574,-2.572251081466675
1710532976613092794,-9.060359001159668,-0.9292675852775574,-2.572251081466675
1710532976632078616,-9.17531967163086,-0.9113049507141113,-2.4321422576904297
1710532976655197304,-9.133406639099121,-0.8717871308326721,-2.406994581222534
1710532976669234548,-9.180109977722168,-0.8526269793510437,-2.5147705078125
1710532976676083260,-9.232800483703613,-0.8777746558189392,-2.524350643157959
1710532976716058148,-9.168134689331055,-0.6969506740570068,-2.6093738079071045
1710532976737056159,-9.192085266113281,-0.8717871308326721,-2.6117687225341797
1710532976760002783,-9.402846336364746,-0.7711963057518005,-2.784210205078125
1710532976789334917,-9.334589004516602,-1.2046948671340942,-2.314786434173584
1710532976806413015,-9.457932472229004,-1.0813512802124023,-2.203418016433716
1710532976820960898,-9.047185897827148,-0.6442602276802063,-2.366279363632202
1710532976844036576,-8.93581771850586,-0.8849596977233887,-2.3818469047546387
1710532976875139983,-9.119036674499512,-0.6682104468345642,-2.9590466022491455
1710532976908927670,-9.444759368896484,-0.8741821050643921,-2.5698559284210205
1710532976913336887,-9.103468894958496,-1.0669811964035034,-2.416574716567993
1710532976934542140,-9.103468894958496,-0.760418713092804,-2.4620800018310547
1710532976949250435,-9.192085266113281,-0.8418493866920471,-2.414179801940918
1710532977003716578,-9.23519515991211,-0.7879614233970642,-2.513572931289673
1710532977024822089,-9.127419471740723,-1.0011181831359863,-2.4081921577453613
1710532977045596941,-9.17531967163086,-0.9975256323814392,-2.434537410736084
1710532977071382630,-9.181307792663574,-0.9304651021957397,-2.532733201980591
1710532977098140408,-9.177715301513672,-0.5915698409080505,-2.6273365020751953
1710532977121386663,-9.17531967163086,-0.7232959270477295,-2.4896228313446045
1710532977152946117,-9.128617286682129,-0.940045177936554,-2.4105870723724365
1710532977180438188,-9.162147521972656,-0.9544152617454529,-2.456092596054077
1710532977218102167,-9.218430519104004,-0.9544152617454529,-2.6680517196655273
1710532977247706306,-9.171727180480957,-0.8370593190193176,-2.6189539432525635
1710532977264665096,-9.187294960021973,-0.730480968952179,-2.5506958961486816
1710532977278906570,-9.182504653930664,-0.6825805902481079,-2.442919969558716
1710532977323238394,-9.346563339233398,-1.1196715831756592,-2.4584875106811523
1710532977363071420,-9.10107421875,-0.766406238079071,-2.2992186546325684
1710532977384215075,-9.190887451171875,-0.9963281154632568,-2.305206298828125
1710532977398691339,-9.005273818969727,-1.1567944288253784,-2.363884210586548
1710532977435308914,-9.254355430603027,-0.6825805902481079,-2.792592763900757
1710532977470184650,-9.336983680725098,-0.6981481909751892,-2.623744010925293
1710532977497540562,-9.190887451171875,-0.8454418778419495,-2.386636972427368
1710532977533332159,-9.233997344970703,-0.7149133086204529,-2.375859260559082
1710532977541594379,-9.2304048538208,-0.7520361542701721,-2.5578808784484863
1710532977577478860,-9.188492774963379,-1.083746314048767,-2.642904043197632
1710532977583793499,-9.274713516235352,-1.1424243450164795,-2.644101619720459
1710532977611209804,-9.207653045654297,-0.9077123999595642,-2.544708251953125
1710532977617532363,-9.147777557373047,-0.7640112042427063,-2.584226131439209
1710532977638568807,-9.23519515991211,-0.5795947313308716,-2.5686583518981934
1710532977655271455,-9.184900283813477,-0.5712121725082397,-2.42256236076355
1710532977689072076,-9.194479942321777,-0.6933581829071045,-2.3914270401000977
1710532977720593283,-9.139394760131836,-0.9807605147361755,-2.4992029666900635
1710532977726963379,-9.20645523071289,-1.047821044921875,-2.563868522644043
1710532977760415545,-9.14657974243164,-1.1064990758895874,-2.6908044815063477
1710532977766735074,-8.891510009765625,-1.0430309772491455,-2.634521484375
1710532977802516685,-9.187294960021973,-0.796343982219696,-2.565065860748291
1710532977804655813,-9.201664924621582,-0.6813830733299255,-2.4896228313446045
1710532977812893537,-9.18370246887207,-0.5891748070716858,-2.363884210586548
1710532977840282957,-9.321415901184082,-0.5484594702720642,-2.5087828636169434
1710532977867060618,-9.096283912658691,-0.7580236792564392,-2.612966299057007
1710532977871478676,-9.286687850952148,-1.1148816347122192,-2.475252628326416
1710532977901034559,-9.035211563110352,-0.9903405904769897,-2.345921516418457
1710532977955991881,-9.289083480834961,-1.1388317346572876,-2.6405091285705566
1710532977968555152,-9.159751892089844,-0.65863037109375,-2.774630069732666
1710532978006362740,-9.231602668762207,-0.8765771389007568,-2.503993034362793
1710532978025237272,-9.0914945602417,-1.003513216972351,-2.3986120223999023
1710532978035778646,-9.24357795715332,-1.033450961112976,-2.4105870723724365
1710532978071406320,-9.236392974853516,-0.5891748070716858,-2.4704625606536865
1710532978122044136,-9.247170448303223,-1.1124866008758545,-2.54231333732605
1710532978134593355,-9.128617286682129,-1.038240909576416,-2.453697443008423
1710532978164364262,-9.231602668762207,-1.0298583507537842,-2.5207581520080566
1710532978208081133,-9.202862739562988,-0.6358776688575745,-2.4788451194763184
1710532978225009747,-9.200467109680176,-0.7197033762931824,-2.3902294635772705
1710532978231287997,-9.200467109680176,-0.7197033762931824,-2.3902294635772705
1710532978243796176,-9.174121856689453,-0.8406518697738647,-2.404599666595459
1710532978272018677,-9.159751892089844,-0.946032702922821,-2.416574716567993
1710532978283696156,-9.164542198181152,-0.9987231492996216,-2.502795457839966
1710532978292262372,-9.140591621398926,-1.038240909576416,-2.562670946121216
1710532978307131159,-9.19807243347168,-1.0957214832305908,-2.7171497344970703
1710532978367883179,-9.190887451171875,-0.616717517375946,-2.3519091606140137
1710532978396006327,-9.336983680725098,-0.5700146555900574,-2.4800426959991455
1710532978418494951,-9.139394760131836,-0.9292675852775574,-2.4596850872039795
1710532978445888010,-9.080716133117676,-0.7771838307380676,-2.272873640060425
1710532978471893614,-9.11544418334961,-1.2537927627563477,-2.377056837081909
1710532978485646666,-9.11544418334961,-1.2801378965377808,-2.463277578353882
1710532978515080317,-9.196874618530273,-1.0645861625671387,-2.766247510910034
1710532978538214439,-9.249565124511719,-0.6370751857757568,-2.5818309783935547
1710532978569710958,-9.249565124511719,-1.033450961112976,-2.2980213165283203
1710532978590966818,-9.184900283813477,-0.8178991675376892,-2.3411316871643066
1710532978613868045,-9.259145736694336,-0.5819897651672363,-2.4417223930358887
1710532978628598324,-9.2304048538208,-0.6753954887390137,-2.505190372467041
1710532978641061314,-9.119036674499512,-0.868194580078125,-2.583028554916382
1710532978689593572,-9.12382698059082,-1.131646752357483,-2.456092596054077
1710532978704411412,-9.201664924621582,-1.0310559272766113,-2.45489501953125
1710532978731407470,-9.159751892089844,-0.8538244366645813,-2.563868522644043
1710532978756605848,-9.217232704162598,-0.580792248249054,-2.4908204078674316
1710532978763396846,-9.217232704162598,-0.5077441334724426,-2.3998095989227295
1710532978775417650,-9.210047721862793,-0.5484594702720642,-2.356699228286743
1710532978788384290,-9.141789436340332,-0.8921447992324829,-2.3423290252685547
1710532978809195505,-9.212442398071289,-1.0550061464309692,-2.39501953125
1710532978838582797,-9.111851692199707,-1.1053014993667603,-2.5399181842803955
1710532978872392636,-9.200467109680176,-1.0825488567352295,-2.7111620903015137
1710532978891108583,-9.222023010253906,-0.9951305985450745,-2.672841787338257
1710532978914306931,-9.159751892089844,-0.6813830733299255,-2.4022045135498047
1710532978937306351,-9.347761154174805,-0.5233117938041687,-2.4620800018310547
1710532978956974953,-9.089098930358887,-0.856219470500946,-2.495610237121582
1710532978983418849,-9.079519271850586,-0.7472460865974426,-2.2393431663513184
1710532979008802419,-9.189689636230469,-0.9963281154632568,-2.347119092941284
1710532979040290711,-9.129814147949219,-1.4238390922546387,-2.4776477813720703
1710532979075963524,-9.224417686462402,-0.6945556402206421,-2.513572931289673
1710532979086536157,-9.223219871520996,-0.8310717940330505,-2.397414445877075
1710532979109501377,-9.20645523071289,-0.9711804389953613,-2.236948251724243
1710532979138957883,-9.178912162780762,-0.7711963057518005,-2.2920336723327637
1710532979160172737,-9.218430519104004,-0.47660887241363525,-2.3686742782592773
1710532979179030743,-9.176517486572266,-0.6969506740570068,-2.6405091285705566
1710532979208402498,-9.18370246887207,-1.3124706745147705,-2.502795457839966
1710532979313256886,-9.168134689331055,-0.449066162109375,-2.3818469047546387
1710532979319622975,-9.148974418640137,-0.5592370629310608,-2.373464345932007
1710532979328001287,-9.193282127380371,-0.706530749797821,-2.3411316871643066
1710532979363913414,-9.180109977722168,-0.999920666217804,-2.3387365341186523
1710532979380385363,-9.184900283813477,-1.1687694787979126,-2.543510675430298
1710532979391071156,-9.158555030822754,-1.191522240638733,-2.693199396133423
1710532979418372115,-9.202862739562988,-0.9951305985450745,-2.6584715843200684
1710532979433193560,-9.2208251953125,-0.6993457078933716,-2.465672492980957
1710532979447916547,-9.204059600830078,-0.5760021805763245,-2.2429358959198
1710532979460720996,-9.346563339233398,-0.5484594702720642,-2.3614892959594727
1710532979477238504,-9.244775772094727,-0.4047583043575287,-2.6009912490844727
1710532979521361586,-9.079519271850586,-0.7125183343887329,-2.2992186546325684
1710532979529852945,-9.359736442565918,-0.9867480397224426,-2.284848690032959
1710532979574215053,-9.172924995422363,-1.4501843452453613,-2.3519091606140137
1710532979588570975,-9.111851692199707,-1.4621593952178955,-2.515968084335327
1710532979635018459,-9.309440612792969,-0.8011340498924255,-2.991379499435425
1710532979649321129,-9.104666709899902,-1.0562036037445068,-2.21539306640625
1710532979678584262,-9.141789436340332,-0.9639953374862671,-2.2118005752563477
1710532979687256103,-9.233997344970703,-0.5292993187904358,-2.2082080841064453
1710532979695583738,-9.31782341003418,-0.628692626953125,-2.5818309783935547
1710532979729245364,-9.042396545410156,-0.9376501441001892,-2.6692492961883545
1710532979763077239,-9.255553245544434,-1.332828402519226,-2.4477100372314453
1710532979783813981,-9.208849906921387,-1.1807446479797363,-2.744692325592041
1710532979799266122,-9.242380142211914,-0.9627978801727295,-2.464475154876709
1710532979850902596,-9.128617286682129,-0.8370593190193176,-2.5818309783935547
1710532979894887745,-9.228010177612305,-0.7089257836341858,-2.294428825378418
1710532979897035155,-9.133406639099121,-0.9172924757003784,-2.277663469314575
1710532979924673272,-9.19807243347168,-1.1256592273712158,-2.393821954727173
1710532979947738022,-9.187294960021973,-1.143621802330017,-2.7506799697875977
1710532979964516404,-9.148974418640137,-1.0442285537719727,-2.695594549179077
1710532979993720968,-9.231602668762207,-0.8765771389007568,-2.5890161991119385
1710532980000661485,-9.251960754394531,-0.7197033762931824,-2.484832763671875
1710532980023341015,-9.411229133605957,-0.45146119594573975,-2.4309449195861816
1710532980031717894,-9.164542198181152,-0.4287084937095642,-2.486030340194702
1710532980061221114,-9.402846336364746,-1.0047106742858887,-2.2489233016967773
1710532980070684772,-9.402846336364746,-1.0047106742858887,-2.2489233016967773
1710532980075641460,-8.94420051574707,-0.6682104468345642,-2.332749128341675
1710532980091102616,-9.05077838897705,-0.6322851777076721,-2.3219714164733887
1710532980092685405,-9.05077838897705,-0.6322851777076721,-2.3219714164733887
1710532980132587274,-9.090296745300293,-1.4801220893859863,-2.3519091606140137
1710532980151476068,-9.090296745300293,-1.4801220893859863,-2.3519091606140137
1710532980157881527,-9.265132904052734,-1.1639795303344727,-2.7542724609375
1710532980180886448,-9.201664924621582,-0.6358776688575745,-2.7075695991516113
1710532980239663865,-9.208849906921387,-0.9927356243133545,-2.343526601791382
1710532980273226634,-9.184900283813477,-0.6897656321525574,-2.5183629989624023
1710532980285699192,-9.35494613647461,-1.3292357921600342,-2.5195605754852295
1710532980315356534,-9.315428733825684,-1.2789404392242432,-2.4692652225494385
1710532980370833004,-9.278306007385254,-1.0059082508087158,-2.5111780166625977
1710532980382591278,-9.081913948059082,-0.856219470500946,-2.5614733695983887
1710532980393008022,-9.245972633361816,-0.5915698409080505,-2.3998095989227295
1710532980403768633,-9.193282127380371,-0.389190673828125,-2.3183789253234863
1710532980422429833,-9.247170448303223,-0.43709105253219604,-2.336341619491577
1710532980437046782,-9.134604454040527,-0.9927356243133545,-2.3183789253234863
1710532980441203992,-9.192085266113281,-1.0849438905715942,-2.3602917194366455
1710532980470233854,-9.113049507141113,-1.0993139743804932,-2.603386163711548
1710532980487375539,-9.154962539672852,-1.167572021484375,-2.654879093170166
1710532980497927819,-9.237590789794922,-1.2346326112747192,-2.7195446491241455
1710532980519027840,-9.140591621398926,-1.0957214832305908,-2.6908044815063477
1710532980540100765,-9.217232704162598,-0.9532177448272705,-2.5782384872436523
1710532980546366552,-9.214838027954102,-0.6322851777076721,-2.3507115840911865
1710532980573685936,-9.241183280944824,-0.3987707495689392,-2.5985960960388184
1710532980586233592,-9.043593406677246,-0.5352868437767029,-2.4980053901672363
1710532980603160246,-9.3309965133667,-1.0202783346176147,-2.2309606075286865
1710532980624228011,-9.422006607055664,-0.9484277367591858,-2.2118005752563477
1710532980669492373,-9.10107421875,-1.580712914466858,-2.305206298828125
1710532980674158047,-9.072334289550781,-1.5184423923492432,-2.36747670173645
1710532980706370860,-9.200467109680176,-0.8047265410423279,-3.032094717025757
1710532980714361761,-9.194479942321777,-0.610729992389679,-2.8812084197998047
1710532980743661326,-9.281898498535156,-0.8598120212554932,-2.3495142459869385
1710532980760575143,-9.247170448303223,-0.7460485696792603,-2.216590642929077
1710532980793890150,-9.14657974243164,-0.43230101466178894,-2.3016138076782227
1710532980850584071,-9.195677757263184,-1.2466076612472534,-2.524350643157959
1710532980879868791,-9.07832145690918,-1.2454102039337158,-2.484832763671875
1710532980894340167,-9.244775772094727,-1.2561877965927124,-2.426154851913452
1710532980908958616,-9.150172233581543,-0.8274792432785034,-2.5303380489349365
1710532980968527394,-9.242380142211914,-0.43709105253219604,-2.264491081237793
1710532980995692395,-9.236392974853516,-1.1639795303344727,-2.355501651763916
1710532981088116230,-9.20645523071289,-0.8729846477508545,-2.4584875106811523
1710532981140644748,-9.032815933227539,-0.868194580078125,-2.403402090072632
1710532981172196903,-9.250762939453125,-0.6897656321525574,-2.2513184547424316
1710532981182695658,-9.20645523071289,-0.9089099168777466,-2.384242057800293
1710532981199529048,-9.283095359802246,-1.1855347156524658,-2.283651113510132
1710532981216279323,-9.095087051391602,-1.4358142614364624,-2.337538957595825
1710532981230912710,-9.307045936584473,-1.1651769876480103,-2.6991870403289795
1710532981270158881,-9.163344383239746,-0.7532336711883545,-2.713557243347168
1710532981291866694,-9.23519515991211,-0.8178991675376892,-2.4920177459716797
1710532981314853915,-9.184900283813477,-1.0430309772491455,-2.2716760635375977
1710532981321382971,-9.090296745300293,-0.9604028463363647,-2.3423290252685547
1710532981337947382,-9.216034889221191,-0.3341052234172821,-2.3195765018463135
1710532981382107964,-9.204059600830078,-0.7652087211608887,-2.544708251953125
1710532981384360226,-9.2304048538208,-0.9891430735588074,-2.515968084335327
1710532981390413753,-9.2112455368042,-1.2322375774383545,-2.435734748840332
1710532981419928725,-9.122629165649414,-1.2597802877426147,-2.5111780166625977
1710532981438905134,-9.219627380371094,-1.1867321729660034,-2.496807813644409
1710532981455627196,-9.165740013122559,-0.8430469036102295,-2.545905828475952
1710532981495604102,-9.241183280944824,-0.5819897651672363,-2.446512460708618
1710532981523051921,-9.194479942321777,-0.616717517375946,-2.227368116378784
1710532981537583984,-9.17052936553955,-0.8586145043373108,-2.274070978164673
1710532981548250779,-9.226812362670898,-1.1041040420532227,-2.3806493282318115
1710532981560843541,-9.229207992553711,-1.1448193788528442,-2.5111780166625977
1710532981562898575,-9.165740013122559,-1.1124866008758545,-2.5698559284210205
1710532981598587782,-9.205257415771484,-1.157991886138916,-2.735112190246582
1710532981607341319,-9.238787651062012,-1.227447509765625,-2.7375073432922363
1710532981636397351,-9.2208251953125,-0.9807605147361755,-2.442919969558716
1710532981659397015,-9.289083480834961,-0.5221142768859863,-2.4596850872039795
1710532981703472247,-9.297466278076172,-0.9855505228042603,-2.1890478134155273
1710532981718274358,-9.291478157043457,-0.646655261516571,-2.1291723251342773
1710532981732974444,-9.144184112548828,-0.8729846477508545,-2.3016138076782227
1710532981758377271,-9.244775772094727,-1.3244458436965942,-2.2106029987335205
1710532981773130369,-9.119036674499512,-1.3723461627960205,-2.5471031665802
1710532981821355807,-9.247170448303223,-0.8825647234916687,-2.8979735374450684
1710532981852787624,-9.224417686462402,-0.8813672065734863,-2.2513184547424316
1710532981943120816,-9.32620620727539,-0.9747729301452637,-2.5387206077575684
1710532981966333391,-9.200467109680176,-1.2561877965927124,-2.4501049518585205
1710532981974678524,-9.184900283813477,-1.3364208936691284,-2.5518932342529297
1710532981997781811,-9.219627380371094,-0.9125024676322937,-2.544708251953125
1710532982035613366,-9.219627380371094,-0.5292993187904358,-2.3890318870544434
1710532982056511119,-9.248368263244629,-0.3832031190395355,-2.2501208782196045
1710532982071029428,-9.245972633361816,-0.43709105253219604,-2.2285656929016113
1710532982102699812,-9.210047721862793,-1.0861413478851318,-2.4177722930908203
1710532982119607159,-9.201664924621582,-1.1591894626617432,-2.646496534347534
1710532982137057905,-9.229207992553711,-1.187929630279541,-2.6189539432525635
1710532982149006820,-9.229207992553711,-1.1543993949890137,-2.586621046066284
1710532982184869720,-9.186097145080566,-1.092128872871399,-2.484832763671875
1710532982190990462,-9.17052936553955,-1.0130932331085205,-2.4596850872039795
1710532982199614190,-9.321415901184082,-0.6574328541755676,-2.4896228313446045
1710532982238116498,-9.105864524841309,-0.46104127168655396,-2.575843572616577
1710532982249855635,-9.051976203918457,-0.8190966844558716,-2.2980213165283203
1710532982258341577,-9.051976203918457,-0.8190966844558716,-2.2980213165283203
1710532982281678340,-9.066346168518066,-0.5053490996360779,-2.186652898788452
1710532982302592155,-9.293872833251953,-0.8538244366645813,-2.2405407428741455
1710532982304787622,-9.325008392333984,-1.0190807580947876,-2.33514404296875
1710532982323885906,-9.168134689331055,-1.1963123083114624,-2.5207581520080566
1710532982363962380,-9.16094970703125,-0.9639953374862671,-2.4776477813720703
1710532982378581387,-9.265132904052734,-1.0597960948944092,-2.374661922454834
1710532982391224991,-9.178912162780762,-1.033450961112976,-2.345921516418457
1710532982424787699,-9.307045936584473,-0.6801855564117432,-2.1878502368927
1710532982468669831,-9.256750106811523,-0.7939489483833313,-2.466870069503784
1710532982483550138,-9.225615501403809,-1.167572021484375,-2.3507115840911865
1710532982498563801,-9.169332504272461,-1.1591894626617432,-2.3423290252685547
1710532982521616198,-9.274713516235352,-1.331630825996399,-2.494412899017334
1710532982536326262,-9.268725395202637,-1.2046948671340942,-2.5602757930755615
1710532982565583629,-9.263935089111328,-0.9041198492050171,-2.5195605754852295
1710532982582409293,-9.210047721862793,-0.6730005145072937,-2.3590941429138184
1710532982597255134,-9.245972633361816,-0.43589356541633606,-2.233355760574341
1710532982626427547,-9.204059600830078,-0.7113208174705505,-2.226170539855957
1710532982668964413,-9.164542198181152,-1.0526111125946045,-2.6512866020202637
1710532982693464274,-9.245972633361816,-1.2094848155975342,-2.653681755065918
1710532982708381787,-9.244775772094727,-1.197509765625,-2.622546434402466
1710532982739871045,-9.232800483703613,-0.8933422565460205,-2.305206298828125
1710532982760902535,-9.172924995422363,-0.8047265410423279,-2.2022204399108887
1710532982790347181,-9.172924995422363,-0.8047265410423279,-2.2022204399108887
1710532982840517308,-9.065149307250977,-0.6801855564117432,-2.2788610458374023
1710532982870603895,-9.339378356933594,-0.9041198492050171,-2.2489233016967773
1710532982878279998,-9.335785865783691,-1.2537927627563477,-2.7003846168518066
1710532982903413707,-9.219627380371094,-0.9220825433731079,-2.4620800018310547
1710532982920509322,-9.278306007385254,-1.098116397857666,-2.1794676780700684
1710532982971899085,-9.237590789794922,-0.4993615746498108,-2.2585034370422363
1710532982994125800,-9.237590789794922,-0.4993615746498108,-2.2585034370422363
1710532983017176706,-9.238787651062012,-0.5879772901535034,-2.5075855255126953
1710532983077886977,-9.129814147949219,-1.2382251024246216,-2.4201672077178955
1710532983113801979,-9.236392974853516,-0.8442443609237671,-2.5494983196258545
1710532983204058850,-9.196874618530273,-0.946032702922821,-2.235750675201416
1710532983227257814,-9.214838027954102,-1.1208691596984863,-2.6213488578796387
1710532983241920336,-9.247170448303223,-1.1364368200302124,-2.6572742462158203
1710532983271099329,-9.250762939453125,-0.8969348073005676,-2.4704625606536865
1710532983306772898,-9.051976203918457,-0.8119116425514221,-2.313588857650757
1710532983317659978,-9.313033103942871,-0.9292675852775574,-2.0704944133758545
1710532983338861685,-9.372908592224121,-0.8622070550918579,-2.1124072074890137
1710532983361518632,-9.105864524841309,-0.6849755644798279,-2.293231248855591
1710532983384698569,-9.034013748168945,-0.8190966844558716,-2.4105870723724365
1710532983386970018,-9.166936874389648,-1.0801538228988647,-2.3207738399505615
1710532983416256744,-9.2112455368042,-1.207089900970459,-2.695594549179077
1710532983428803958,-9.420809745788574,-1.1627819538116455,-2.8177404403686523
1710532983445456075,-9.109457015991211,-0.7568261623382568,-2.555485725402832
1710532983518607162,-9.530980110168457,-0.748443603515625,-2.326761484146118
1710532983533607016,-9.025630950927734,-0.25626710057258606,-2.4309449195861816
1710532983548282194,-9.314230918884277,-0.6298901438713074,-2.445314884185791
1710532983600859720,-9.080716133117676,-1.3088781833648682,-2.4093897342681885
1710532983615529283,-9.120234489440918,-1.1747571229934692,-2.506387948989868
1710532983632599512,-9.315428733825684,-0.8717871308326721,-2.572251081466675
1710532983646991353,-9.147777557373047,-0.7232959270477295,-2.5914111137390137
1710532983684756165,-9.286687850952148,-0.6514453291893005,-2.326761484146118
1710532983720849999,-9.132209777832031,-0.7316784858703613,-2.1387524604797363
1710532983743805898,-9.231602668762207,-0.9951305985450745,-2.3195765018463135
1710532983752455514,-9.214838027954102,-1.1555969715118408,-2.5219554901123047
1710532983771452256,-9.171727180480957,-1.1268566846847534,-2.686014413833618
1710532983803360906,-9.17531967163086,-1.1064990758895874,-2.4680676460266113
1710532983842633753,-9.32620620727539,-0.5652245879173279,-2.4093897342681885
1710532983855210045,-9.05556869506836,-0.700543224811554,-2.424957275390625
1710532983871748715,-9.325008392333984,-0.8131091594696045,-2.1591100692749023
1710532983901469225,-9.419611930847168,-0.6550378203392029,-2.114802360534668
1710532983930784768,-9.020840644836426,-0.4682263135910034,-2.174677848815918
1710532983953851988,-9.260342597961426,-1.177152156829834,-2.1890478134155273
1710532983974867397,-9.251960754394531,-1.2011022567749023,-2.751877546310425
1710532983983294485,-9.166936874389648,-0.8993298411369324,-2.8404932022094727
1710532983991741681,-9.059161186218262,-0.9496252536773682,-2.654879093170166
1710532984027442974,-9.2304048538208,-0.9747729301452637,-2.1914429664611816
1710532984033787410,-9.075926780700684,-0.8813672065734863,-2.236948251724243
1710532984042057136,-9.287885665893555,-0.7699987888336182,-2.2585034370422363
1710532984071230937,-9.210047721862793,-0.4598437547683716,-2.1818628311157227
1710532984090391715,-9.320218086242676,-0.36763548851013184,-2.224973201751709
1710532984141355535,-9.248368263244629,-1.2154724597930908,-2.48722767829895
1710532984164126376,-9.307045936584473,-1.2789404392242432,-2.456092596054077
1710532984185171355,-9.218430519104004,-1.2789404392242432,-2.456092596054077
1710532984201878946,-9.228010177612305,-0.5604345798492432,-2.377056837081909
1710532984214480288,-9.228010177612305,-0.5604345798492432,-2.377056837081909
1710532984235553200,-9.253157615661621,-0.4430786073207855,-2.324366569519043
1710532984248237504,-9.165740013122559,-0.916094958782196,-2.185455322265625
1710532984266979643,-9.251960754394531,-1.0262658596038818,-2.2417383193969727
1710532984298807036,-9.177715301513672,-1.1244616508483887,-2.345921516418457
1710532984319909543,-9.251960754394531,-1.1603869199752808,-2.586621046066284
1710532984336763860,-9.176517486572266,-1.2298425436019897,-2.656076669692993
1710532984345251567,-9.224417686462402,-1.2226574420928955,-2.6309289932250977
1710532984389209252,-9.202862739562988,-0.7927514910697937,-2.244133234024048
1710532984483635136,-9.193282127380371,-1.157991886138916,-2.18306040763855
1710532984498747329,-9.159751892089844,-1.4597643613815308,-2.54231333732605
1710532984506976807,-9.277108192443848,-1.2046948671340942,-2.743494987487793
1710532984530116872,-9.216034889221191,-1.0310559272766113,-2.653681755065918
1710532984540804492,-9.216034889221191,-1.0310559272766113,-2.653681755065918
1710532984563639773,-9.135802268981934,-1.093326449394226,-2.135159969329834
1710532984576323889,-9.285490989685059,-0.4299060106277466,-2.106419563293457
1710532984590987921,-9.162147521972656,-0.5161266922950745,-2.156715154647827
1710532984622532059,-9.357341766357422,-0.32692015171051025,-2.2812561988830566
1710532984645419464,-9.152566909790039,-0.8047265410423279,-2.5387206077575684
1710532984698354726,-9.253157615661621,-1.5136523246765137,-2.4010071754455566
1710532984710865924,-9.20645523071289,-1.442999243736267,-2.3602917194366455
1710532984742574618,-9.27112102508545,-0.7699987888336182,-2.554288387298584
1710532984748701186,-9.278306007385254,-0.6646178960800171,-2.5471031665802
1710532984765491554,-9.24357795715332,-0.49696654081344604,-2.4273521900177
1710532984792762716,-9.226812362670898,-0.4730163514614105,-2.1315674781799316
1710532984823975573,-9.213640213012695,-0.9891430735588074,-2.2082080841064453
1710532984848639052,-9.177715301513672,-0.9975256323814392,-2.317181348800659
1710532984866170244,-9.207653045654297,-1.2310400009155273,-2.7003846168518066
1710532984929389734,-9.341773986816406,-0.6945556402206421,-2.396217107772827
1710532984950497593,-9.432784080505371,-0.5041515827178955,-2.3315515518188477
1710532984975347400,-9.620793342590332,-1.0490185022354126,-1.9938538074493408
1710532985011153896,-9.2304048538208,-0.42152345180511475,-2.323168992996216
1710532985025986772,-9.309440612792969,-1.0705736875534058,-2.177072763442993
1710532985057368381,-9.342970848083496,-1.1352392435073853,-2.544708251953125
1710532985078182434,-9.2112455368042,-1.2322375774383545,-2.675236701965332
1710532985215127370,-9.262738227844238,-1.1100915670394897,-2.265688419342041
1710532985229749299,-9.11544418334961,-1.0789562463760376,-2.306403875350952
1710532985244442415,-9.260342597961426,-1.3807287216186523,-2.404599666595459
1710532985252901921,-9.233997344970703,-1.4022839069366455,-2.4309449195861816
1710532985294765764,-9.202862739562988,-1.047821044921875,-2.472857713699341
1710532985311568208,-9.357341766357422,-0.586779773235321,-2.234553337097168
1710532985335043088,-9.20645523071289,-0.4598437547683716,-2.173480272293091
1710532985358331377,-9.224417686462402,-0.7232959270477295,-2.203418016433716
1710532985417182747,-9.254355430603027,-1.1783496141433716,-2.457289934158325
1710532985431784435,-9.216034889221191,-1.0825488567352295,-2.6105713844299316
1710532985461166450,-9.249565124511719,-1.0358459949493408,-2.5111780166625977
1710532985492417613,-9.006470680236816,-0.6825805902481079,-2.304008722305298
1710532985544869532,-9.250762939453125,-0.7616162300109863,-2.0525317192077637
1710532985566009576,-9.261540412902832,-0.9508227705955505,-2.1519250869750977
1710532985580682937,-9.195677757263184,-1.4537768363952637,-2.414179801940918
1710532985587057007,-9.320218086242676,-1.416654109954834,-2.5674610137939453
1710532985591336030,-9.200467109680176,-0.910107433795929,-2.7410998344421387
1710532985618484989,-9.200467109680176,-0.910107433795929,-2.7410998344421387
1710532985626927207,-9.145381927490234,-0.8753796219825745,-2.6285338401794434
1710532985650095931,-9.283095359802246,-1.281335473060608,-2.404599666595459
1710532985669062002,-9.133406639099121,-1.2394225597381592,-2.265688419342041
1710532985670959701,-9.133406639099121,-1.2394225597381592,-2.265688419342041
1710532985690091881,-9.281898498535156,-0.4586462378501892,-2.203418016433716
1710532985714804039,-9.314230918884277,-0.4095483422279358,-2.2980213165283203
1710532985759220940,-9.268725395202637,-0.9687854051589966,-2.305206298828125
1710532985851287242,-9.277108192443848,-0.8011340498924255,-2.525547981262207
1710532985888983578,-9.14657974243164,-0.6658154129981995,-2.174677848815918
1710532985939402989,-9.268725395202637,-0.8849596977233887,-2.2225780487060547
1710532985970800826,-9.196874618530273,-1.0825488567352295,-2.636916399002075
1710532985993950385,-9.254355430603027,-1.0957214832305908,-2.577040910720825
1710532986015125024,-9.236392974853516,-1.0801538228988647,-2.466870069503784
1710532986025452884,-9.314230918884277,-0.6358776688575745,-2.3399341106414795
1710532986052939290,-9.089098930358887,-0.8095166087150574,-2.1890478134155273
1710532986099155982,-9.182504653930664,-0.45625123381614685,-2.086061954498291
1710532986189597295,-9.204059600830078,-0.8370593190193176,-2.57464599609375
1710532986198025611,-9.176517486572266,-1.4561718702316284,-2.416574716567993
1710532986257074242,-9.310638427734375,-0.36763548851013184,-2.2752685546875
1710532986279793989,-9.233997344970703,-0.9891430735588074,-2.3087987899780273
1710532986330294639,-9.109457015991211,-1.002315640449524,-2.314786434173584
1710532986355883783,-9.163344383239746,-1.2082873582839966,-2.5411157608032227
1710532986385252489,-9.162147521972656,-0.975970447063446,-2.5997936725616455
1710532986399737807,-9.278306007385254,-0.7891589403152466,-2.513572931289673
1710532986405825358,-9.204059600830078,-0.7101233005523682,-2.296823740005493
1710532986429058086,-9.28070068359375,-0.7232959270477295,-2.18306040763855
1710532986435255666,-9.226812362670898,-0.5951623320579529,-2.1519250869750977
1710532986496381140,-9.188492774963379,-1.1029064655303955,-2.4297473430633545
1710532986542717880,-9.247170448303223,-1.0142908096313477,-2.3986120223999023
1710532986555504683,-9.174121856689453,-1.0358459949493408,-2.356699228286743
1710532986602122010,-9.108259201049805,-0.5197192430496216,-2.306403875350952
1710532986616760375,-9.422006607055664,-1.0358459949493408,-2.1112096309661865
1710532986631123890,-9.218430519104004,-0.4837939441204071,-2.136357307434082
1710532986677063641,-9.196874618530273,-1.4753320217132568,-2.384242057800293
1710532986691618428,-9.29028034210205,-1.2490026950836182,-2.573448419570923
1710532986721463047,-9.278306007385254,-0.9544152617454529,-2.5494983196258545
1710532986748727616,-9.268725395202637,-1.147214412689209,-2.494412899017334
1710532986752808402,-9.178912162780762,-1.3939013481140137,-2.236948251724243
1710532986826313975,-9.323810577392578,-0.6574328541755676,-2.3303539752960205
1710532986841203278,-9.30345344543457,-0.9532177448272705,-2.3902294635772705
1710532986887421284,-9.14657974243164,-1.2226574420928955,-2.283651113510132
1710532986901917108,-9.272317886352539,-1.3986914157867432,-2.30281138420105
1710532986950427231,-9.327404022216797,-0.6969506740570068,-2.265688419342041
1710532986973477412,-9.181307792663574,-0.6215075850486755,-2.147135019302368
1710532987053339336,-9.272317886352539,-1.2046948671340942,-2.4213647842407227
1710532987055406409,-9.256750106811523,-1.1867321729660034,-2.512375593185425
1710532987070724873,-9.244775772094727,-0.9807605147361755,-2.5303380489349365
1710532987095092391,-9.272317886352539,-0.9747729301452637,-2.4884252548217773
1710532987120488272,-9.036408424377441,-0.6191125512123108,-2.4201672077178955
1710532987147652811,-9.267528533935547,-0.9172924757003784,-2.2022204399108887
1710532987208824668,-9.239985466003418,-0.9448351860046387,-2.254910945892334
1710532987225676462,-9.274713516235352,-1.4118640422821045,-2.475252628326416
1710532987273718078,-9.260342597961426,-1.237027645111084,-2.406994581222534
1710532987307633365,-9.247170448303223,-0.7652087211608887,-2.0285816192626953
1710532987328623030,-9.232800483703613,-0.3652404844760895,-2.1207897663116455
1710532987351564239,-9.275910377502441,-0.29219236969947815,-2.236948251724243
1710532987360062929,-9.28070068359375,-0.3496728539466858,-2.4022045135498047
1710532987381137269,-9.267528533935547,-0.5077441334724426,-2.414179801940918
1710532987387553361,-9.259145736694336,-1.0430309772491455,-2.244133234024048
1710532987393928280,-9.219627380371094,-1.093326449394226,-2.2189855575561523
1710532987425346301,-9.129814147949219,-1.3052856922149658,-2.2920336723327637
1710532987470173237,-9.189689636230469,-1.1352392435073853,-2.5087828636169434
1710532987477374589,-9.274713516235352,-0.6825805902481079,-2.4273521900177
1710532987481647755,-9.2208251953125,-0.6873705983161926,-2.246528387069702
1710532987500487763,-9.293872833251953,-0.5795947313308716,-2.0920495986938477
1710532987517301989,-9.293872833251953,-0.5795947313308716,-2.098037004470825
1710532987532527163,-9.172924995422363,-0.5580395460128784,-2.098037004470825
1710532987549038278,-9.131011962890625,-0.6634204387664795,-2.1219873428344727
1710532987550977070,-9.308243751525879,-0.9328601360321045,-2.2022204399108887
1710532987576365486,-9.273515701293945,-1.241817593574524,-2.563868522644043
1710532987595380446,-9.273515701293945,-1.241817593574524,-2.563868522644043
1710532987597352092,-9.272317886352539,-1.2406201362609863,-2.6117687225341797
1710532987628818012,-9.223219871520996,-1.092128872871399,-2.444117546081543
1710532987700181348,-9.362131118774414,-0.8155041337013245,-1.8944604396820068
1710532987742326341,-9.15137004852295,-0.3137475550174713,-2.147135019302368
1710532987750760272,-9.259145736694336,-0.766406238079071,-2.2189855575561523
1710532987786512143,-9.285490989685059,-1.517244815826416,-2.506387948989868
1710532987815932057,-9.260342597961426,-1.1639795303344727,-2.186652898788452
1710532987832768108,-9.190887451171875,-1.1783496141433716,-2.0489392280578613
1710532987876793194,-9.190887451171875,-1.1783496141433716,-2.0489392280578613
1710532987891396480,-9.2112455368042,-0.6897656321525574,-1.8130297660827637
1710532987914397199,-9.229207992553711,-0.4981640577316284,-1.8669177293777466
1710532987920808460,-9.293872833251953,-0.34727782011032104,-2.1782703399658203
1710532987950465834,-9.219627380371094,-1.1987072229385376,-2.2752685546875
1710532987975645074,-9.28070068359375,-1.5220348834991455,-2.33514404296875
1710532988017516531,-9.187294960021973,-0.8957372903823853,-2.4285497665405273
1710532988057255636,-9.255553245544434,-0.5520520210266113,-2.253713369369507
1710532988071784741,-9.345366477966309,-0.5161266922950745,-2.2597010135650635
1710532988078158982,-9.189689636230469,-0.5400769114494324,-2.1207897663116455
1710532988139301685,-9.224417686462402,-1.2597802877426147,-2.595003604888916
1710532988166702157,-9.224417686462402,-1.2597802877426147,-2.595003604888916
1710532988191591800,-9.36332893371582,-0.7640112042427063,-2.3507115840911865
1710532988223273187,-9.387279510498047,-0.5795947313308716,-2.2908360958099365
1710532988281781144,-9.37769889831543,-0.9364526271820068,-1.8812878131866455
1710532988305328084,-9.241183280944824,-0.34608033299446106,-2.197430372238159
1710532988315352380,-9.321415901184082,-1.3136682510375977,-2.5075855255126953
1710532988323777576,-9.321415901184082,-1.3136682510375977,-2.5075855255126953
1710532988349166507,-9.142987251281738,-0.7855663895606995,-2.565065860748291
1710532988378620152,-9.216034889221191,-1.4621593952178955,-2.3507115840911865
1710532988433201669,-9.163344383239746,-0.17723144590854645,-2.0309765338897705
1710532988452131682,-9.253157615661621,-0.7652087211608887,-2.236948251724243
1710532988475186110,-9.19807243347168,-0.9939330816268921,-2.224973201751709
1710532988483671972,-9.293872833251953,-1.003513216972351,-2.1878502368927
1710532988498458705,-9.144184112548828,-1.0609936714172363,-2.1806652545928955
1710532988542407219,-9.309440612792969,-1.5004796981811523,-2.3698718547821045
1710532988559511832,-9.305848121643066,-0.7017407417297363,-2.3722667694091797
1710532988588727253,-9.249565124511719,-0.7077282667160034,-2.3219714164733887
1710532988611819637,-9.262738227844238,-0.5975573658943176,-2.066901922225952
1710532988649433405,-9.135802268981934,-0.556842029094696,-2.0285816192626953
1710532988685328733,-9.269923210144043,-1.2442126274108887,-2.5818309783935547
1710532988702078382,-9.217232704162598,-1.1867321729660034,-2.496807813644409
1710532988760853305,-9.102272033691406,-0.48259642720222473,-2.365081787109375
1710532988781974858,-9.188492774963379,-0.9005273580551147,-2.084864616394043
1710532988790455939,-9.420809745788574,-1.003513216972351,-1.925595760345459
1710532988805036951,-9.036408424377441,-0.3532653748989105,-1.9878661632537842
1710532988859773493,-9.036408424377441,-0.42751097679138184,-2.143542528152466
1710532988868597573,-9.320218086242676,-0.9568102955818176,-2.1507275104522705
1710532988874197247,-9.213640213012695,-1.6501684188842773,-2.433339834213257
1710532988897593318,-9.080716133117676,-0.7927514910697937,-2.7075695991516113
1710532988912199171,-9.275910377502441,-1.0202783346176147,-2.6093738079071045
1710532988926837611,-9.42320442199707,-1.2705578804016113,-2.5494983196258545
1710532988954137316,-9.399253845214844,-0.796343982219696,-1.8824853897094727
1710532988973296742,-9.181307792663574,-0.23231689631938934,-2.1327648162841797
1710532989002684500,-9.322613716125488,-0.526904284954071,-2.2908360958099365
1710532989046731870,-9.150172233581543,-1.047821044921875,-2.2908360958099365
1710532989069469831,-9.284293174743652,-1.4920971393585205,-2.36747670173645
1710532989090736604,-9.196874618530273,-1.281335473060608,-2.3782544136047363
1710532989107580178,-9.248368263244629,-0.8382568359375,-2.2980213165283203
1710532989162219308,-9.364526748657227,-0.6358776688575745,-2.1878502368927
1710532989174726530,-9.242380142211914,-0.7652087211608887,-2.114802360534668
1710532989195800505,-9.242380142211914,-1.0490185022354126,-2.204615592956543
1710532989218931569,-9.196874618530273,-1.1999047994613647,-2.414179801940918
1710532989248421221,-9.242380142211914,-1.0801538228988647,-2.4273521900177
1710532989268641304,-9.267528533935547,-1.0262658596038818,-2.3507115840911865
1710532989283837791,-9.283095359802246,-0.9556127786636353,-2.3076012134552
1710532989309400995,-9.157357215881348,-0.5448669195175171,-2.3195765018463135
1710532989332572189,-9.16094970703125,-1.0741662979125977,-1.9243981838226318
1710532989361936970,-9.053174018859863,-0.4131408631801605,-1.961521029472351
1710532989395385120,-9.380093574523926,-0.7831714153289795,-2.3207738399505615
1710532989443649344,-9.165740013122559,-0.7412585616111755,-2.5291407108306885
1710532989452125140,-9.019643783569336,-0.7472460865974426,-2.494412899017334
1710532989491925623,-9.043593406677246,-1.3184581995010376,-2.115999698638916
1710532989519412775,-9.208849906921387,-0.3700305223464966,-2.0585193634033203
1710532989534233279,-9.181307792663574,-0.2933898866176605,-2.2417383193969727
1710532989588897944,-9.200467109680176,-1.1244616508483887,-2.212998151779175
1710532989654046314,-9.228010177612305,-1.0011181831359863,-2.4908204078674316
1710532989708662301,-9.262738227844238,-0.7041357159614563,-2.117197275161743
1710532989736025184,-9.283095359802246,-1.0909314155578613,-2.163900136947632
1710532989759571777,-9.205257415771484,-1.101709008216858,-2.3099963665008545
1710532989782439046,-9.284293174743652,-1.0993139743804932,-2.5183629989624023
1710532989809656012,-9.229207992553711,-0.999920666217804,-2.393821954727173
1710532989826591669,-9.261540412902832,-0.9807605147361755,-2.347119092941284
1710532989853585081,-9.06395149230957,-0.7879614233970642,-2.2309606075286865
1710532989891260093,-9.311836242675781,-1.087338924407959,-1.9890637397766113
1710532989908224286,-9.19807243347168,-0.5496569871902466,-2.2106029987335205
1710532989920702821,-9.396859169006348,-0.6933581829071045,-2.1327648162841797
1710532989969074371,-9.275910377502441,-1.6657360792160034,-2.3602917194366455
1710532989983914095,-9.321415901184082,-0.8909472823143005,-2.453697443008423
1710532989998704165,-9.23519515991211,-0.8897497653961182,-2.5602757930755615
1710532990009218071,-9.132209777832031,-1.266965389251709,-2.1794676780700684
1710532990032256814,-9.356143951416016,-0.8214917182922363,-1.8992505073547363
1710532990055436457,-9.186097145080566,-0.37721556425094604,-2.0501368045806885
1710532990114601055,-9.314230918884277,-0.6370751857757568,-2.266885995864868
1710532990118725012,-9.277108192443848,-1.033450961112976,-2.276466131210327
1710532990144150428,-9.169332504272461,-1.2406201362609863,-2.33514404296875
1710532990154538529,-9.275910377502441,-1.4106664657592773,-2.337538957595825
1710532990163032667,-9.28070068359375,-1.4585669040679932,-2.317181348800659
1710532990179914210,-9.213640213012695,-1.1939172744750977,-2.3818469047546387
1710532990194596608,-9.248368263244629,-0.9412426948547363,-2.353106737136841
1710532990226098830,-9.23519515991211,-0.7292834520339966,-2.184257745742798
1710532990253410255,-9.164542198181152,-0.6215075850486755,-2.1519250869750977
1710532990306092035,-9.194479942321777,-1.1555969715118408,-2.325563907623291
1710532990337480012,-9.278306007385254,-1.1591894626617432,-2.465672492980957
1710532990366857037,-9.287885665893555,-0.9867480397224426,-2.4273521900177
1710532990404601391,-9.388476371765137,-0.8095166087150574,-2.363884210586548
1710532990442416035,-9.382489204406738,-0.9592053294181824,-1.8681151866912842
1710532990457271412,-9.119036674499512,-0.5340893268585205,-2.1806652545928955
1710532990486266505,-9.381291389465332,-0.7688012719154358,-2.2489233016967773
1710532990494760058,-9.164542198181152,-1.2741503715515137,-2.3004162311553955
1710532990516030312,-9.40045166015625,-0.6670129299163818,-2.4117846488952637
1710532990541092438,-9.467512130737305,-1.2466076612472534,-2.365081787109375
1710532990568600667,-9.148974418640137,-1.2106823921203613,-2.0405566692352295
1710532990585220198,-9.380093574523926,-0.8969348073005676,-1.9567309617996216
1710532990606270455,-9.376501083374023,-0.5879772901535034,-1.9339783191680908
1710532990614713851,-9.158555030822754,-0.33290770649909973,-2.2094054222106934
1710532990703062120,-9.152566909790039,-1.233435034751892,-2.245330810546875
1710532990717619224,-9.231602668762207,-1.367556095123291,-2.3183789253234863
1710532990738715285,-9.208849906921387,-1.143621802330017,-2.48722767829895
1710532990740758970,-9.277108192443848,-0.7592211961746216,-2.4297473430633545
1710532990749352262,-9.277108192443848,-0.7592211961746216,-2.304008722305298
1710532990770217630,-9.28070068359375,-0.8178991675376892,-2.1124072074890137
1710532990787047591,-9.353748321533203,-0.7580236792564392,-2.0621118545532227
1710532990793375759,-9.304651260375977,-0.6825805902481079,-2.0309765338897705
1710532990810240685,-9.152566909790039,-0.6622229218482971,-2.0118165016174316
1710532990824912680,-9.259145736694336,-0.9172924757003784,-2.0357666015625
1710532990854364673,-9.259145736694336,-1.1304491758346558,-2.486030340194702
1710532990883640468,-9.284293174743652,-1.1460168361663818,-2.5315356254577637
1710532990914992111,-9.238787651062012,-1.0693762302398682,-2.233355760574341
1710532990944480949,-9.336983680725098,-0.6921606659889221,-2.3507115840911865
1710532990988609365,-9.13819694519043,-0.7352709770202637,-1.8753002882003784
1710532991011680874,-9.140591621398926,-0.49097901582717896,-1.9543359279632568
1710532991070424805,-9.159751892089844,-1.622625708580017,-2.2513184547424316
1710532991085027961,-9.32620620727539,-1.2765454053878784,-2.386636972427368
1710532991093379772,-9.305848121643066,-0.9723779559135437,-2.5494983196258545
1710532991107999886,-9.287885665893555,-1.4202466011047363,-2.3219714164733887
1710532991137770614,-9.384883880615234,-0.8789721727371216,-1.906435489654541
1710532991173478981,-9.163344383239746,-0.3604504466056824,-1.9040405750274658
1710532991181889028,-9.18370246887207,-1.023870825767517,-2.2201831340789795
1710532991200514502,-9.325008392333984,-1.0394384860992432,-2.227368116378784
1710532991240396975,-9.142987251281738,-1.217867374420166,-2.2824535369873047
1710532991326550602,-9.194479942321777,-0.8442443609237671,-2.104024648666382
1710532991357901074,-9.255553245544434,-0.8753796219825745,-2.1112096309661865
1710532991387534396,-9.165740013122559,-1.1340417861938477,-2.2405407428741455
1710532991398129330,-9.20645523071289,-1.1747571229934692,-2.3998095989227295
1710532991479876342,-9.320218086242676,-1.1663745641708374,-2.4117846488952637
1710532991482093536,-9.223219871520996,-0.9831554889678955,-2.4920177459716797
1710532991490490414,-9.28070068359375,-1.0825488567352295,-2.2417383193969727
1710532991505115754,-9.188492774963379,-1.147214412689209,-2.016606330871582
1710532991530710511,-9.236392974853516,-0.7532336711883545,-1.7998571395874023
1710532991557977639,-9.040000915527344,-0.49696654081344604,-1.9591259956359863
1710532991566317410,-9.153764724731445,-0.5556445121765137,-2.0788769721984863
1710532991572621447,-9.147777557373047,-1.4633569717407227,-2.315983772277832
1710532991583049988,-9.164542198181152,-1.4693444967269897,-2.3782544136047363
1710532991633515055,-9.238787651062012,-0.9256750345230103,-2.442919969558716
1710532991654439203,-9.238787651062012,-0.9256750345230103,-2.442919969558716
1710532991702627695,-9.163344383239746,-0.37601807713508606,-2.1890478134155273
1710532991715523421,-9.279502868652344,-0.49576905369758606,-2.325563907623291
1710532991770422033,-9.286687850952148,-1.0801538228988647,-2.212998151779175
1710532991776520728,-9.273515701293945,-1.0442285537719727,-2.1686902046203613
1710532991791340414,-9.27112102508545,-1.3436059951782227,-2.283651113510132
1710532991803944029,-9.226812362670898,-1.071771264076233,-2.42256236076355
1710532991856418453,-9.332193374633789,-0.7616162300109863,-2.2213807106018066
1710532991873277131,-9.245972633361816,-0.8705896139144897,-2.1483325958251953
1710532991906975704,-9.154962539672852,-0.7244933843612671,-2.087259531021118
1710532991934442351,-9.200467109680176,-1.152004361152649,-2.2321581840515137
1710532991963714880,-9.28070068359375,-1.1328442096710205,-2.4177722930908203
1710532991980576100,-9.210047721862793,-0.9939330816268921,-2.4417223930358887
1710532992005710519,-9.29507064819336,-1.0454260110855103,-2.2285656929016113
1710532992024890405,-9.356143951416016,-0.856219470500946,-2.2620959281921387
1710532992085876562,-9.144184112548828,-0.5113366842269897,-2.1315674781799316
1710532992102669544,-9.328600883483887,-0.6071374416351318,-2.195035457611084
1710532992113094127,-9.244775772094727,-1.107696533203125,-2.156715154647827
1710532992127830636,-9.16094970703125,-1.3939013481140137,-2.287243604660034
1710532992144617970,-9.245972633361816,-1.4322216510772705,-2.2585034370422363
1710532992180473825,-9.213640213012695,-0.718505859375,-2.456092596054077
1710532992205775562,-9.307045936584473,-1.3663586378097534,-2.264491081237793
1710532992258212654,-9.233997344970703,-0.39757323265075684,-2.2094054222106934
1710532992272864906,-9.273515701293945,-0.8394543528556824,-2.2597010135650635
1710532992317269785,-9.28070068359375,-1.1591894626617432,-2.1794676780700684
1710532992430587457,-9.308243751525879,-0.7209008932113647,-2.087259531021118
1710532992443233812,-9.236392974853516,-0.8873547315597534,-2.0728893280029297
1710532992535641480,-9.309440612792969,-1.0657837390899658,-2.4489073753356934
1710532992556840688,-9.283095359802246,-1.047821044921875,-2.2381458282470703
1710532992577751564,-9.376501083374023,-0.8885522484779358,-2.353106737136841
1710532992579866219,-9.376501083374023,-0.8885522484779358,-2.353106737136841
1710532992619896593,-9.348958969116211,-1.0442285537719727,-1.786684513092041
1710532992653445136,-9.174121856689453,-0.6957531571388245,-2.098037004470825
1710532992666074307,-9.26633071899414,-1.047821044921875,-2.1986279487609863
1710532992668204296,-9.26633071899414,-1.047821044921875,-2.1986279487609863
1710532992714504830,-9.384883880615234,-0.9867480397224426,-2.323168992996216
1710532992741753597,-9.15137004852295,-0.7149133086204529,-2.4776477813720703
1710532992743891712,-9.241183280944824,-0.8765771389007568,-2.4189696311950684
1710532992752390006,-9.201664924621582,-1.2597802877426147,-2.0525317192077637
1710532992767214391,-9.253157615661621,-1.0897338390350342,-1.871707797050476
1710532992796580416,-9.301058769226074,-0.6502478122711182,-2.0285816192626953
1710532992804968928,-9.237590789794922,-0.4586462378501892,-2.205812931060791
1710532992815375689,-9.287885665893555,-0.49696654081344604,-2.333946466445923
1710532992846765384,-9.2208251953125,-1.1927196979522705,-2.137554883956909
1710532992872029497,-9.214838027954102,-1.1555969715118408,-2.0992345809936523
1710532992895408076,-9.283095359802246,-1.237027645111084,-2.2429358959198
1710532992931078154,-9.26633071899414,-1.002315640449524,-2.3614892959594727
1710532992960393831,-9.268725395202637,-0.7939489483833313,-2.075284481048584
1710532992977361159,-9.309440612792969,-0.6945556402206421,-1.996248722076416
1710532992992897297,-9.178912162780762,-0.7831714153289795,-1.969903588294983
1710532993015206581,-9.224417686462402,-0.9532177448272705,-2.0501368045806885
1710532993050740734,-9.233997344970703,-1.122066617012024,-2.3578968048095703
1710532993052928894,-9.278306007385254,-1.1555969715118408,-2.4321422576904297
1710532993080197933,-9.24357795715332,-0.9819580316543579,-2.4010071754455566
1710532993090853752,-9.268725395202637,-1.032253384590149,-2.167492628097534
1710532993105588016,-9.401649475097656,-0.8741821050643921,-2.186652898788452
1710532993128921404,-9.298663139343262,-0.7460485696792603,-2.214195489883423
1710532993147910065,-9.336983680725098,-1.057401180267334,-1.9950512647628784
1710532993164519630,-9.2112455368042,-1.0490185022354126,-1.871707797050476
1710532993179241109,-9.2208251953125,-0.5364843606948853,-1.955533504486084
1710532993193927027,-9.224417686462402,-0.520916759967804,-2.0094213485717773
1710532993254835389,-9.224417686462402,-1.4346166849136353,-2.286046028137207
1710532993307411412,-9.171727180480957,-1.356778621673584,-2.0800745487213135
1710532993322115713,-9.320218086242676,-0.8095166087150574,-1.9148181676864624
1710532993368430995,-9.263935089111328,-0.8669970631599426,-2.163900136947632
1710532993374674673,-9.194479942321777,-1.0442285537719727,-2.197430372238159
1710532993383153997,-9.313033103942871,-1.0753637552261353,-2.1591100692749023
1710532993410407790,-9.218430519104004,-1.0071057081222534,-2.1004321575164795
1710532993425148056,-9.187294960021973,-1.098116397857666,-2.1914429664611816
1710532993471320271,-9.207653045654297,-0.9352551102638245,-2.315983772277832
1710532993495305636,-9.189689636230469,-0.9352551102638245,-2.056124210357666
1710532993523986843,-9.265132904052734,-0.9077123999595642,-2.053729295730591
1710532993570509631,-9.168134689331055,-0.730480968952179,-2.0513341426849365
1710532993583201379,-9.345366477966309,-1.0310559272766113,-2.0920495986938477
1710532993585140991,-9.177715301513672,-1.1412267684936523,-2.256108283996582
1710532993599913430,-9.308243751525879,-1.0825488567352295,-2.332749128341675
1710532993652165573,-9.297466278076172,-1.033450961112976,-2.24772572517395
1710532993681864757,-9.16094970703125,-0.8837621808052063,-2.174677848815918
1710532993728027891,-9.20645523071289,-0.5460644364356995,-1.9974462985992432
1710532993757537978,-9.202862739562988,-1.5376025438308716,-2.2189855575561523
1710532993778513035,-9.323810577392578,-1.427431583404541,-2.2585034370422363
1710532993786915248,-9.369316101074219,-1.1352392435073853,-2.3123912811279297
1710532993810036684,-9.208849906921387,-0.6430627703666687,-2.45489501953125
1710532993839389126,-9.181307792663574,-1.4394067525863647,-2.014211416244507
1710532993883510450,-9.253157615661621,-1.2166699171066284,-1.9232007265090942
1710532993896083312,-9.366921424865723,-0.7376660108566284,-2.2501208782196045
1710532993914929702,-9.286687850952148,-0.8526269793510437,-2.2213807106018066
1710532993938083045,-9.311836242675781,-0.9927356243133545,-2.09564208984375
1710532993997108439,-9.225615501403809,-1.2382251024246216,-2.1902453899383545
1710532994005358875,-9.279502868652344,-1.3244458436965942,-2.233355760574341
1710532994019826972,-9.237590789794922,-1.1292517185211182,-2.3291563987731934
1710532994034476156,-9.304651260375977,-0.850231945514679,-2.1698877811431885
1710532994040850869,-9.253157615661621,-0.9627978801727295,-2.117197275161743
1710532994110341662,-9.310638427734375,-1.0550061464309692,-1.9483484029769897
1710532994139607950,-9.28070068359375,-1.1352392435073853,-2.244133234024048
1710532994190262803,-9.296268463134766,-1.0909314155578613,-2.296823740005493
1710532994230130210,-9.422006607055664,-0.9172924757003784,-2.257305860519409
1710532994292947019,-9.178912162780762,-0.5496569871902466,-1.8753002882003784
1710532994301353680,-9.260342597961426,-0.5017566084861755,-1.9746936559677124
1710532994333105407,-9.296268463134766,-1.3998888731002808,-2.223775625228882
1710532994358337039,-9.165740013122559,-0.7939489483833313,-2.483635187149048
1710532994364602134,-9.165740013122559,-0.7939489483833313,-2.483635187149048
1710532994377200296,-9.396859169006348,-1.3495935201644897,-2.2800586223602295
1710532994404443747,-9.166936874389648,-1.4202466011047363,-2.026186466217041
1710532994440322126,-9.255553245544434,-0.5065466165542603,-2.1004321575164795
1710532994484390517,-9.293872833251953,-0.9496252536773682,-2.114802360534668
1710532994490565371,-9.19807243347168,-1.087338924407959,-2.12797474861145
1710532994511961807,-9.336983680725098,-1.3543835878372192,-2.235750675201416
1710532994528928931,-9.301058769226074,-1.3400133848190308,-2.3183789253234863
1710532994552107582,-9.244775772094727,-1.0897338390350342,-2.336341619491577
1710532994574970961,-9.29028034210205,-0.9089099168777466,-2.126777410507202
1710532994604162156,-9.311836242675781,-0.8837621808052063,-2.057321786880493
1710532994626022671,-9.263935089111328,-0.6442602276802063,-1.9770885705947876
1710532994635766489,-9.292675971984863,-1.0370434522628784,-2.047741651535034
1710532994665238211,-9.272317886352539,-1.1340417861938477,-2.115999698638916
1710532994688112950,-9.286687850952148,-1.0657837390899658,-2.3483166694641113
1710532994721656299,-9.251960754394531,-1.1256592273712158,-2.1399500370025635
1710532994738431473,-9.335785865783691,-1.0849438905715942,-2.1519250869750977
1710532994767770390,-9.139394760131836,-0.7268884181976318,-2.254910945892334
1710532994776121397,-9.139394760131836,-0.7268884181976318,-2.254910945892334
1710532994805501254,-9.277108192443848,-1.0214757919311523,-1.826202392578125
1710532994837003642,-9.313033103942871,-0.7460485696792603,-2.0010387897491455
1710532994866729392,-9.238787651062012,-1.3040881156921387,-2.143542528152466
1710532994889350607,-9.356143951416016,-1.0993139743804932,-2.304008722305298
1710532994910427891,-9.241183280944824,-0.6993457078933716,-2.423759698867798
1710532994956809979,-9.228010177612305,-1.386716365814209,-1.985471248626709
1710532994986003575,-9.239985466003418,-0.5376818776130676,-1.9878661632537842
1710532995011265437,-9.286687850952148,-0.8897497653961182,-2.166295051574707
1710532995061814099,-9.18370246887207,-1.1244616508483887,-2.093247175216675
1710532995093541683,-9.205257415771484,-1.0370434522628784,-2.2812561988830566
1710532995108233779,-9.321415901184082,-0.9268725514411926,-2.1722826957702637
1710532995124995671,-9.261540412902832,-0.9639953374862671,-2.144740104675293
1710532995143950035,-9.23519515991211,-0.9424402117729187,-2.1591100692749023
1710532995194500756,-9.251960754394531,-0.9639953374862671,-1.9722986221313477
1710532995238468085,-9.292675971984863,-0.975970447063446,-2.336341619491577
1710532995280444927,-9.348958969116211,-1.092128872871399,-2.1902453899383545
1710532995310030829,-9.269923210144043,-0.7723938226699829,-2.1806652545928955
1710532995331020338,-9.157357215881348,-0.7795788645744324,-2.2201831340789795
1710532995333125218,-9.233997344970703,-0.9136999249458313,-2.167492628097534
1710532995368802415,-9.195677757263184,-0.7400610446929932,-1.7172290086746216
1710532995377244497,-9.216034889221191,-0.7173083424568176,-1.8741028308868408
1710532995392045910,-9.284293174743652,-1.1555969715118408,-2.1100122928619385
1710532995415280199,-9.277108192443848,-1.3052856922149658,-2.175875186920166
1710532995442437211,-9.272317886352539,-0.7807763814926147,-2.4297473430633545
1710532995450654058,-9.297466278076172,-1.3424084186553955,-2.1926403045654297
1710532995539015347,-9.275910377502441,-0.526904284954071,-1.9842736721038818
1710532995602084675,-9.202862739562988,-1.2992980480194092,-2.027384042739868
1710532995625308129,-9.267528533935547,-1.4178515672683716,-2.1782703399658203
1710532995650696971,-9.296268463134766,-1.361568570137024,-2.2716760635375977
1710532995652732923,-9.277108192443848,-1.177152156829834,-2.3303539752960205
1710532995677657021,-9.272317886352539,-0.670605480670929,-2.0190014839172363
1710532995698587837,-9.30345344543457,-0.5831872820854187,-1.981878638267517
1710532995736583842,-9.213640213012695,-1.0502160787582397,-1.8944604396820068
1710532995740841472,-9.253157615661621,-1.181942105293274,-1.9507434368133545
1710532995757479684,-9.273515701293945,-1.2537927627563477,-2.133962392807007
1710532995780716680,-9.319021224975586,-0.9903405904769897,-2.472857713699341
1710532995797509233,-9.281898498535156,-1.0669811964035034,-2.446512460708618
1710532995818382279,-9.244775772094727,-1.2298425436019897,-2.075284481048584
1710532995835164022,-9.244775772094727,-0.9232800006866455,-2.0225939750671387
1710532995854115098,-9.454339981079102,-0.9592053294181824,-2.1219873428344727
1710532995862533973,-9.31782341003418,-0.7125183343887329,-2.1878502368927
1710532995870747657,-9.102272033691406,-0.6550378203392029,-2.207010507583618
1710532995908696258,-9.28070068359375,-0.7616162300109863,-1.7375866174697876
1710532995939996746,-9.351353645324707,-1.0969189405441284,-2.093247175216675
1710532995999119114,-9.29507064819336,-0.7496411204338074,-2.354304313659668
1710532996044953915,-9.177715301513672,-1.1400293111801147,-1.9579284191131592
1710532996065700448,-9.272317886352539,-0.42152345180511475,-1.9507434368133545
1710532996095270121,-9.299860954284668,-0.8741821050643921,-2.065704345703125
1710532996114293728,-9.268725395202637,-1.1196715831756592,-2.0357666015625
1710532996118457126,-9.268725395202637,-1.1196715831756592,-2.0357666015625
1710532996124634313,-9.322613716125488,-1.143621802330017,-2.0417542457580566
1710532996154195443,-9.208849906921387,-1.3040881156921387,-2.223775625228882
1710532996160465587,-9.31782341003418,-1.3519885540008545,-2.3183789253234863
1710532996191901769,-9.265132904052734,-1.0861413478851318,-2.2980213165283203
1710532996231789549,-9.248368263244629,-0.8945397734642029,-2.0190014839172363
1710532996246563112,-9.308243751525879,-0.8047265410423279,-2.047741651535034
1710532996275491600,-9.262738227844238,-0.9472302198410034,-1.8848804235458374
1710532996290477973,-9.307045936584473,-1.0813512802124023,-1.8992505073547363
1710532996315743364,-9.327404022216797,-1.0202783346176147,-2.3806493282318115
1710532996328809193,-9.314230918884277,-1.002315640449524,-2.444117546081543
1710532996337138221,-9.259145736694336,-1.057401180267334,-2.374661922454834
1710532996395930953,-9.1106538772583,-0.6921606659889221,-2.257305860519409
1710532996425432254,-9.304651260375977,-1.0286608934402466,-2.105222225189209
1710532996473566825,-9.223219871520996,-0.7807763814926147,-1.9196081161499023
1710532996492576861,-9.223219871520996,-1.0669811964035034,-1.9267932176589966
1710532996524430474,-9.268725395202637,-1.0585986375808716,-2.347119092941284
1710532996547638916,-9.169332504272461,-0.9316626191139221,-2.406994581222534
1710532996562340321,-9.301058769226074,-1.592687964439392,-2.3016138076782227
1710532996694586295,-9.200467109680176,-0.8574169874191284,-1.930385708808899
1710532996700899099,-9.17052936553955,-0.8921447992324829,-2.0094213485717773
1710532996719983927,-9.255553245544434,-1.1244616508483887,-2.384242057800293
1710532996740940745,-9.299860954284668,-1.1567944288253784,-2.2321581840515137
1710532996770226622,-9.353748321533203,-1.2190649509429932,-2.163900136947632
1710532996824806851,-9.238787651062012,-0.9005273580551147,-1.9172130823135376
1710532996866795591,-9.287885665893555,-0.9627978801727295,-2.383044481277466
1710532996938164147,-9.37769889831543,-0.6741979718208313,-2.295626163482666
1710532996988526247,-9.205257415771484,-0.8226892352104187,-1.6717236042022705
1710532997001011258,-9.158555030822754,-0.5987548828125,-1.835782527923584
1710532997011363684,-9.3309965133667,-0.796343982219696,-1.9375708103179932
1710532997034462531,-9.216034889221191,-1.3364208936691284,-2.145937442779541
1710532997057516842,-9.205257415771484,-1.4585669040679932,-2.2417383193969727
1710532997118458651,-9.291478157043457,-1.5388000011444092,-1.9483484029769897
1710532997129014552,-9.351353645324707,-0.5484594702720642,-1.8669177293777466
1710532997154573009,-9.166936874389648,-0.5328918695449829,-2.1495299339294434
1710532997200514909,-9.285490989685059,-1.1460168361663818,-1.9746936559677124
1710532997335032647,-9.187294960021973,-0.8634045124053955,-2.054926872253418
1710532997341329339,-9.261540412902832,-0.8729846477508545,-1.966310977935791
1710532997364529076,-9.313033103942871,-1.1268566846847534,-2.036964178085327
1710532997385375648,-9.348958969116211,-1.2286449670791626,-2.214195489883423
1710532997393812194,-9.3309965133667,-1.13763427734375,-2.1926403045654297
1710532997410561495,-9.310638427734375,-1.0729687213897705,-2.214195489883423
1710532997440090869,-9.278306007385254,-1.161584496498108,-2.1722826957702637
1710532997452613790,-9.233997344970703,-1.1843371391296387,-2.154320001602173
1710532997482215139,-9.316625595092773,-1.033450961112976,-2.076481819152832
1710532997507647400,-9.277108192443848,-1.1603869199752808,-2.0501368045806885
1710532997528720604,-9.189689636230469,-0.8119116425514221,-1.6992663145065308
1710532997539197890,-9.158555030822754,-0.7735912799835205,-1.7471667528152466
1710532997551687843,-9.261540412902832,-1.0729687213897705,-1.901645541191101
1710532997574808934,-9.419611930847168,-1.2957055568695068,-1.955533504486084
1710532997583938372,-8.992100715637207,-1.4501843452453613,-2.216590642929077
1710532997604366316,-9.181307792663574,-1.311273217201233,-2.347119092941284
1710532997612639485,-9.447154998779297,-1.047821044921875,-2.3986120223999023
1710532997635595998,-9.080716133117676,-0.7568261623382568,-2.373464345932007
1710532997681499972,-9.360934257507324,-0.6179150342941284,-1.8082396984100342
1710532997709128300,-9.232800483703613,-0.5376818776130676,-2.1303699016571045
1710532997723749509,-9.325008392333984,-0.6430627703666687,-2.24772572517395
1710532997732184869,-9.396859169006348,-0.7688012719154358,-2.1818628311157227
1710532997740432896,-9.255553245544434,-1.123264193534851,-2.094444513320923
1710532997784938503,-9.248368263244629,-1.4082714319229126,-2.1315674781799316
1710532997808040434,-9.301058769226074,-1.2298425436019897,-2.166295051574707
1710532997837297276,-9.356143951416016,-0.9651928544044495,-2.2429358959198
1710532997845749722,-9.387279510498047,-0.8538244366645813,-2.2082080841064453
1710532997852118183,-9.302255630493164,-0.7843688726425171,-2.126777410507202
1710532997864438491,-9.302255630493164,-0.7843688726425171,-2.126777410507202
1710532997870818040,-9.254355430603027,-0.7532336711883545,-1.9531384706497192
1710532997879278885,-9.332193374633789,-0.7149133086204529,-1.8034497499465942
1710532997896242566,-9.242380142211914,-0.790356457233429,-1.7675243616104126
1710532997904472679,-9.212442398071289,-0.9639953374862671,-1.8944604396820068
1710532997919228232,-9.323810577392578,-1.1460168361663818,-2.106419563293457
1710532997940273336,-9.248368263244629,-1.1029064655303955,-2.2297632694244385
1710532997951018778,-9.28070068359375,-1.1603869199752808,-2.3123912811279297
1710532998018147929,-9.441166877746582,-0.8753796219825745,-2.1423449516296387
1710532998039118562,-9.372908592224121,-0.7209008932113647,-2.2800586223602295
1710532998062023996,-9.376501083374023,-1.1041040420532227,-1.880090355873108
1710532998108249656,-9.157357215881348,-0.7424560785293579,-1.7555493116378784
1710532998129239831,-9.222023010253906,-1.4394067525863647,-2.054926872253418
1710532998137649023,-9.152566909790039,-1.5759228467941284,-2.24772572517395
1710532998144010026,-9.272317886352539,-1.4082714319229126,-2.2908360958099365
1710532998158800420,-9.438772201538086,-1.173559546470642,-2.4596850872039795
1710532998167224476,-9.485474586486816,-0.8059240579605103,-2.365081787109375
1710532998194500977,-9.492659568786621,-1.5256274938583374,-2.09564208984375
1710532998219814110,-9.098679542541504,-1.4861096143722534,-1.7375866174697876
1710532998234480943,-9.42320442199707,-0.7951464653015137,-1.6753162145614624
1710532998240722577,-9.20645523071289,-0.40595582127571106,-1.9591259956359863
1710532998299826877,-9.345366477966309,-1.356778621673584,-2.054926872253418
1710532998383639310,-9.375304222106934,-0.8514294624328613,-2.1986279487609863
1710532998406576659,-9.251960754394531,-0.7472460865974426,-1.9842736721038818
1710532998467535224,-9.366921424865723,-1.1555969715118408,-2.0417542457580566
1710532998488545831,-9.232800483703613,-1.0585986375808716,-2.3076012134552
1710532998496997762,-9.308243751525879,-1.183139681816101,-2.333946466445923
1710532998532576237,-9.316625595092773,-1.3004956245422363,-2.293231248855591
1710532998557717060,-9.249565124511719,-1.2298425436019897,-2.2213807106018066
1710532998572437887,-9.291478157043457,-1.0813512802124023,-1.9866687059402466
1710532998587286075,-9.380093574523926,-0.7891589403152466,-2.24772572517395
1710532998603832192,-9.079519271850586,-0.9029223918914795,-2.133962392807007
1710532998625677529,-9.278306007385254,-1.1064990758895874,-1.8944604396820068
1710532998637516997,-9.224417686462402,-0.6694079637527466,-1.646575927734375
1710532998648012593,-9.188492774963379,-0.6550378203392029,-1.8010547161102295
1710532998662910901,-9.269923210144043,-0.9783654808998108,-1.961521029472351
1710532998704672593,-9.232800483703613,-0.7041357159614563,-2.3710694313049316
1710532998729835780,-9.332193374633789,-1.2310400009155273,-2.2704784870147705
1710532998744525975,-9.489067077636719,-1.431024193763733,-2.0824694633483887
1710532998767645667,-9.114246368408203,-1.413061499595642,-1.8082396984100342
1710532998792770527,-9.2208251953125,-0.5125342011451721,-2.117197275161743
1710532998826438017,-9.286687850952148,-0.9005273580551147,-2.0118165016174316
1710532998847608529,-9.267528533935547,-1.117276668548584,-1.9986437559127808
1710532998879077449,-9.184900283813477,-1.2849279642105103,-2.083667039871216
1710532998906501237,-9.253157615661621,-1.1364368200302124,-2.195035457611084
1710532998914964094,-9.342970848083496,-1.0130932331085205,-2.195035457611084
1710532998931703766,-9.347761154174805,-0.9544152617454529,-2.1591100692749023
1710532998946565321,-9.23519515991211,-0.8310717940330505,-1.9830762147903442
1710532998963002992,-9.346563339233398,-0.7771838307380676,-1.7639318704605103
1710532998993007342,-9.249565124511719,-0.7771838307380676,-1.7495617866516113
1710532999007219507,-9.37769889831543,-1.1364368200302124,-2.0405566692352295
1710532999011278504,-9.332193374633789,-1.0801538228988647,-2.09564208984375
1710532999042862394,-9.23519515991211,-1.0609936714172363,-2.264491081237793
1710532999051352243,-9.309440612792969,-1.1460168361663818,-2.274070978164673
1710532999068222200,-9.265132904052734,-1.207089900970459,-2.195035457611084
1710532999101757624,-9.286687850952148,-1.1963123083114624,-1.9711010456085205
1710532999171155037,-9.205257415771484,-0.6658154129981995,-1.5495775938034058
1710532999179389493,-9.205257415771484,-0.48139894008636475,-1.6501684188842773
1710532999299311628,-9.456734657287598,-1.4358142614364624,-2.093247175216675
1710532999322491722,-9.229207992553711,-1.2142748832702637,-1.8142273426055908
1710532999343615209,-9.212442398071289,-0.5113366842269897,-1.876497745513916
1710532999372883466,-9.315428733825684,-0.8322693109512329,-1.9878661632537842
1710532999383428818,-9.263935089111328,-1.0011181831359863,-2.0130138397216797
1710532999404546236,-9.283095359802246,-1.2011022567749023,-2.0501368045806885
1710532999433630622,-9.319021224975586,-1.087338924407959,-1.9926562309265137
1710532999463154694,-9.255553245544434,-1.1567944288253784,-2.2692809104919434
1710532999477727152,-9.32620620727539,-0.9735754132270813,-2.1890478134155273
1710532999488511409,-9.308243751525879,-0.8574169874191284,-2.0297789573669434
1710532999503023143,-9.287885665893555,-0.8274792432785034,-1.8788927793502808
1710532999522029357,-9.3309965133667,-0.8011340498924255,-1.7639318704605103
1710532999534474398,-9.2112455368042,-0.8634045124053955,-1.8932629823684692
1710532999549520670,-9.278306007385254,-1.0262658596038818,-1.9507434368133545
1710532999561945661,-9.338181495666504,-1.1053014993667603,-2.0190014839172363
1710532999574440165,-9.219627380371094,-1.117276668548584,-2.1878502368927
1710532999587232361,-9.298663139343262,-1.2094848155975342,-2.2309606075286865
1710532999606051004,-9.338181495666504,-1.1999047994613647,-2.2812561988830566
1710532999608014093,-9.338181495666504,-1.1388317346572876,-2.2285656929016113
1710532999635410923,-9.316625595092773,-1.117276668548584,-2.084864616394043
1710532999658468620,-9.336983680725098,-1.1124866008758545,-2.0118165016174316
1710532999688033119,-9.102272033691406,-0.9125024676322937,-2.12797474861145
1710532999690084250,-9.260342597961426,-1.1244616508483887,-1.961521029472351
1710532999711095594,-9.357341766357422,-1.0514135360717773,-1.6417858600616455
1710532999719552573,-9.224417686462402,-0.4394860863685608,-1.6334033012390137
1710532999759476934,-9.210047721862793,-1.502874732017517,-2.197430372238159
1710532999795287707,-9.431587219238281,-1.123264193534851,-2.2884411811828613
1710532999831077897,-9.441166877746582,-1.427431583404541,-2.0297789573669434
1710532999868669999,-9.232800483703613,-1.2058923244476318,-1.8441650867462158
1710532999885686618,-9.192085266113281,-0.5185217261314392,-2.0585193634033203
1710532999906431491,-9.396859169006348,-0.6035449504852295,-2.093247175216675
1710532999929560272,-9.339378356933594,-1.247805118560791,-2.0297789573669434
1710532999965483884,-9.31782341003418,-1.0969189405441284,-1.961521029472351
1710532999982261642,-9.327404022216797,-1.4645544290542603,-2.0896544456481934
1710532999990717599,-9.334589004516602,-1.3004956245422363,-2.1112096309661865
1710533000011517671,-9.242380142211914,-1.1555969715118408,-2.2189855575561523
1710533000019990170,-9.38608169555664,-0.940045177936554,-2.1926403045654297
1710533000028392735,-9.369316101074219,-0.8957372903823853,-2.096839666366577
1710533000055477844,-9.338181495666504,-0.8586145043373108,-1.8729052543640137
1710533000101940004,-9.378896713256836,-1.0777587890625,-1.9711010456085205
1710533000131251508,-9.245972633361816,-1.0597960948944092,-2.1603076457977295
1710533000139919693,-9.320218086242676,-1.1891272068023682,-2.274070978164673
1710533000152074103,-9.29507064819336,-1.237027645111084,-2.2118005752563477
1710533000181663716,-9.272317886352539,-1.161584496498108,-2.1112096309661865
1710533000206938704,-9.36332893371582,-0.7879614233970642,-2.2106029987335205
1710533000236605937,-9.171727180480957,-0.7220984101295471,-2.214195489883423
1710533000274094537,-9.23519515991211,-0.8849596977233887,-1.8130297660827637
1710533000303503207,-9.389674186706543,-1.1603869199752808,-1.8836828470230103
1710533000326502470,-9.205257415771484,-1.4789245128631592,-2.1028270721435547
1710533000333863351,-9.269923210144043,-1.3843213319778442,-2.227368116378784
1710533000393778706,-9.269923210144043,-1.5831079483032227,-1.8741028308868408
1710533000438089685,-9.180109977722168,-0.5352868437767029,-1.9076330661773682
1710533000446379632,-9.29507064819336,-0.5185217261314392,-2.0429515838623047
1710533000454929276,-9.433981895446777,-0.5783972144126892,-2.065704345703125
1710533000492618859,-9.284293174743652,-1.1795470714569092,-2.0357666015625
1710533000505515895,-9.244775772094727,-1.0214757919311523,-1.985471248626709
1710533000513854711,-9.245972633361816,-1.0466235876083374,-2.0022363662719727
1710533000531097284,-9.311836242675781,-1.4418017864227295,-2.0190014839172363
1710533000555897028,-9.320218086242676,-1.3855187892913818,-2.0489392280578613
1710533000566860035,-9.265132904052734,-1.1460168361663818,-2.193837881088257
1710533000574540764,-9.321415901184082,-0.9328601360321045,-2.1782703399658203
1710533000593455288,-9.298663139343262,-0.8634045124053955,-1.8872753381729126
1710533000599846376,-9.362131118774414,-0.8550219535827637,-1.7842895984649658
1710533000621127089,-9.233997344970703,-0.8298742771148682,-1.7543518543243408
1710533000654421362,-9.382489204406738,-1.0286608934402466,-1.9627184867858887
1710533000679422719,-9.305848121643066,-1.0669811964035034,-2.004631280899048
1710533000706638150,-9.275910377502441,-1.1795470714569092,-2.1495299339294434
1710533000717534967,-9.357341766357422,-1.221459984779358,-2.1818628311157227
1710533000732229320,-9.308243751525879,-1.1208691596984863,-2.0896544456481934
1710533000738523680,-9.36332893371582,-1.123264193534851,-2.1183948516845703
1710533000755311848,-9.467512130737305,-0.9891430735588074,-2.1998255252838135
1710533000782429683,-9.186097145080566,-0.9340575933456421,-2.0501368045806885
1710533000809988872,-9.316625595092773,-1.2190649509429932,-1.7256115674972534
1710533000820563806,-9.316625595092773,-1.2190649509429932,-1.7256115674972534
1710533000843815292,-9.293872833251953,-0.8849596977233887,-1.850152611732483
1710533000866576908,-9.321415901184082,-1.2442126274108887,-2.007026433944702
1710533000889798858,-9.158555030822754,-1.353186011314392,-2.1495299339294434
1710533000934400220,-9.287885665893555,-1.4849121570587158,-1.8226099014282227
1710533000971731906,-9.3309965133667,-1.0609936714172363,-1.7028589248657227
1710533000988631416,-9.30345344543457,-0.5580395460128784,-2.0680992603302
1710533001022367718,-9.322613716125488,-0.8777746558189392,-2.0884571075439453
1710533001032735634,-9.311836242675781,-1.113684058189392,-1.9938538074493408
1710533001053400723,-9.18370246887207,-1.2849279642105103,-1.8908679485321045
1710533001070649797,-9.336983680725098,-1.3424084186553955,-1.9794836044311523
1710533001089533224,-9.248368263244629,-1.2298425436019897,-2.1088147163391113
1710533001121139636,-9.28070068359375,-0.9089099168777466,-2.1004321575164795
1710533001144356998,-9.287885665893555,-0.8466393947601318,-1.6980688571929932
1710533001159123590,-9.278306007385254,-0.8095166087150574,-1.6489709615707397
1710533001175550888,-9.28070068359375,-0.8454418778419495,-1.716031551361084
1710533001202822059,-9.332193374633789,-1.0454260110855103,-1.9543359279632568
1710533001228103689,-9.278306007385254,-1.143621802330017,-2.1902453899383545
1710533001249074686,-9.357341766357422,-1.2202624082565308,-2.2381458282470703
1710533001257458947,-9.309440612792969,-1.1328442096710205,-2.1686902046203613
1710533001276256526,-9.25794792175293,-1.1196715831756592,-2.0393590927124023
1710533001310198875,-9.31782341003418,-0.808319091796875,-2.147135019302368
1710533001347814215,-9.122629165649414,-0.8909472823143005,-1.5388000011444092
1710533001377292956,-9.304651260375977,-0.8825647234916687,-1.7615368366241455
1710533001406862975,-9.278306007385254,-1.221459984779358,-1.991458773612976
1710533001436478516,-9.190887451171875,-0.7268884181976318,-2.2597010135650635
1710533001451115917,-9.147777557373047,-0.9184899926185608,-2.224973201751709
1710533001467731003,-9.454339981079102,-1.386716365814209,-1.880090355873108
1710533001480323846,-9.262738227844238,-1.4286291599273682,-1.6836987733840942
1710533001488632234,-9.10107421875,-1.386716365814209,-1.7315990924835205
1710533001490627417,-9.237590789794922,-1.227447509765625,-1.7232165336608887
1710533001520534895,-9.247170448303223,-0.6155200004577637,-1.9842736721038818
1710533001539287789,-9.439969062805176,-0.6251000761985779,-2.135159969329834
1710533001558163248,-9.299860954284668,-0.856219470500946,-1.966310977935791
1710533001602511753,-9.2208251953125,-1.272952914237976,-1.7950671911239624
1710533001644466159,-9.311836242675781,-1.161584496498108,-2.1698877811431885
1710533001680013980,-9.278306007385254,-0.8226892352104187,-1.9411633014678955
1710533001757937743,-9.268725395202637,-1.1041040420532227,-2.264491081237793
1710533001767114113,-9.393266677856445,-1.1807446479797363,-2.2381458282470703
1710533001783155900,-9.298663139343262,-1.2011022567749023,-2.2082080841064453
1710533001812629407,-9.313033103942871,-1.131646752357483,-2.0884571075439453
1710533001825212540,-9.358538627624512,-1.1508069038391113,-1.930385708808899
1710533001844032025,-9.358538627624512,-1.1064990758895874,-1.9591259956359863
1710533001850212355,-9.422006607055664,-0.9472302198410034,-2.1519250869750977
1710533001864896002,-9.244775772094727,-1.011895775794983,-2.1100122928619385
1710533001885789232,-9.327404022216797,-1.0394384860992432,-1.640588402748108
1710533001923523134,-9.201664924621582,-0.5891748070716858,-1.6741186380386353
1710533001944600214,-9.299860954284668,-1.4657520055770874,-1.9483484029769897
1710533001990981065,-9.321415901184082,-0.8442443609237671,-2.2513184547424316
1710533002005486032,-9.272317886352539,-0.9807605147361755,-2.30281138420105
1710533002028755058,-9.3501558303833,-1.506467342376709,-1.9866687059402466
1710533002049748909,-9.260342597961426,-1.1927196979522705,-1.8968554735183716
1710533002051856400,-9.29028034210205,-0.8705896139144897,-1.8082396984100342
1710533002081096811,-9.362131118774414,-0.7280859351158142,-1.9471508264541626
1710533002110500039,-9.334589004516602,-1.0993139743804932,-1.9172130823135376
1710533002142058735,-9.184900283813477,-1.1855347156524658,-2.064506769180298
1710533002179945519,-9.394464492797852,-1.371148705482483,-2.166295051574707
1710533002190441758,-9.216034889221191,-1.0957214832305908,-2.174677848815918
1710533002224296162,-9.351353645324707,-1.0394384860992432,-1.9531384706497192
1710533002238991125,-9.351353645324707,-1.0394384860992432,-1.9531384706497192
1710533002291470190,-9.250762939453125,-0.9065148830413818,-1.9387682676315308
1710533002335664461,-9.278306007385254,-1.1999047994613647,-2.094444513320923
1710533002358728664,-9.307045936584473,-1.203497290611267,-2.016606330871582
1710533002373422747,-9.29028034210205,-1.173559546470642,-1.951940894126892
1710533002394395292,-9.420809745788574,-1.1124866008758545,-2.0621118545532227
1710533002419889364,-9.348958969116211,-1.2789404392242432,-1.7651294469833374
1710533002442912074,-9.277108192443848,-0.8095166087150574,-1.4705419540405273
1710533002487020148,-9.28070068359375,-1.3651611804962158,-1.9567309617996216
1710533002499556135,-9.366921424865723,-1.217867374420166,-2.284848690032959
1710533002547763685,-9.304651260375977,-0.9604028463363647,-2.353106737136841
1710533002585519963,-9.244775772094727,-1.5376025438308716,-1.7040563821792603
1710533002612996080,-9.219627380371094,-0.6514453291893005,-1.9196081161499023
1710533002636014166,-9.36332893371582,-0.8394543528556824,-2.0489392280578613
1710533002667222155,-9.368119239807129,-1.0298583507537842,-2.004631280899048
1710533002673438263,-9.3309965133667,-1.0011181831359863,-1.9387682676315308
1710533002719973840,-9.310638427734375,-1.302890658378601,-1.9076330661773682
1710533002734654860,-9.297466278076172,-1.311273217201233,-2.0357666015625
1710533002763958822,-9.299860954284668,-0.9412426948547363,-2.0525317192077637
1710533002808054655,-9.274713516235352,-0.9987231492996216,-1.7687219381332397
1710533002828847085,-9.321415901184082,-1.0801538228988647,-1.8393750190734863
1710533002845638655,-9.262738227844238,-1.1256592273712158,-1.9974462985992432
1710533002875126892,-9.352551460266113,-1.1400293111801147,-2.0585193634033203
1710533002896397667,-9.287885665893555,-1.117276668548584,-2.1986279487609863
1710533002927764128,-9.275910377502441,-1.1160790920257568,-1.936373233795166
1710533002944631140,-9.296268463134766,-0.8155041337013245,-2.0992345809936523
1710533002974130321,-9.214838027954102,-1.123264193534851,-1.9782861471176147
1710533002991033127,-9.228010177612305,-0.6610254049301147,-1.5795153379440308
1710533003007637648,-9.356143951416016,-0.8753796219825745,-1.8226099014282227
1710533003018180907,-9.353748321533203,-1.117276668548584,-1.8776953220367432
1710533003041266405,-9.315428733825684,-1.3723461627960205,-2.0010387897491455
1710533003072962800,-9.296268463134766,-0.7544311285018921,-2.214195489883423
1710533003091842364,-9.256750106811523,-0.7508386373519897,-2.173480272293091
1710533003114978800,-9.348958969116211,-1.542392611503601,-1.8513500690460205
1710533003140128251,-9.248368263244629,-1.4537768363952637,-1.7447717189788818
1710533003161284683,-9.320218086242676,-0.6370751857757568,-2.0692968368530273
1710533003184283946,-9.369316101074219,-0.8969348073005676,-2.0106189250946045
1710533003274979853,-9.35494613647461,-1.4561718702316284,-2.0034339427948
1710533003289818759,-9.309440612792969,-1.2094848155975342,-2.1686902046203613
1710533003296088127,-9.369316101074219,-0.8765771389007568,-2.1100122928619385
1710533003317027086,-9.262738227844238,-0.9663903713226318,-1.9232007265090942
1710533003348585030,-9.2304048538208,-0.8610095381736755,-1.7327966690063477
1710533003371622161,-9.364526748657227,-1.0454260110855103,-1.9136205911636353
1710533003417840074,-9.360934257507324,-1.1843371391296387,-2.166295051574707
1710533003453403376,-9.327404022216797,-1.1663745641708374,-1.8776953220367432
1710533003493234186,-9.32620620727539,-0.7077282667160034,-2.046544075012207
1710533003499431475,-9.255553245544434,-1.0346484184265137,-2.084864616394043
1710533003508087499,-9.382489204406738,-1.2992980480194092,-1.7687219381332397
1710533003535342810,-9.31782341003418,-1.123264193534851,-1.5783178806304932
1710533003543923105,-9.2304048538208,-0.6849755644798279,-1.511257290840149
1710533003596558218,-9.27112102508545,-1.4537768363952637,-1.865720272064209
1710533003630165345,-9.323810577392578,-1.2322375774383545,-2.033371686935425
1710533003642819026,-9.359736442565918,-1.5100598335266113,-1.8573375940322876
1710533003663972574,-9.316625595092773,-1.5735278129577637,-1.720821499824524
1710533003680788055,-9.263935089111328,-1.1759545803070068,-1.6549584865570068
1710533003729153525,-9.399253845214844,-0.7328760027885437,-2.0513341426849365
1710533003762805527,-9.3501558303833,-1.0957214832305908,-1.895658016204834
1710533003775560918,-9.250762939453125,-1.1388317346572876,-1.8693127632141113
1710533003790199236,-9.259145736694336,-1.4262341260910034,-1.9734960794448853
1710533003800607501,-9.336983680725098,-1.5076647996902466,-1.945953369140625
1710533003806877410,-9.339378356933594,-1.476529598236084,-2.0297789573669434
1710533003819762196,-9.320218086242676,-0.9424402117729187,-2.1627025604248047
1710533003851089233,-9.356143951416016,-0.8406518697738647,-1.9806811809539795
1710533003880310891,-9.313033103942871,-0.9663903713226318,-1.756746768951416
1710533003950041972,-9.310638427734375,-1.2502001523971558,-2.0800745487213135
1710533003962606140,-9.320218086242676,-1.2226574420928955,-2.046544075012207
1710533003994282123,-9.339378356933594,-1.1053014993667603,-2.005828857421875
1710533004008950449,-9.339378356933594,-1.1053014993667603,-2.005828857421875
1710533004010902464,-9.347761154174805,-1.0705736875534058,-1.936373233795166
1710533004027911706,-9.399253845214844,-0.6837780475616455,-2.086061954498291
1710533004032074206,-9.154962539672852,-0.7891589403152466,-2.184257745742798
1710533004050734009,-9.260342597961426,-1.008303165435791,-2.124382257461548
1710533004078077500,-9.224417686462402,-0.9819580316543579,-1.3208532333374023
1710533004114433782,-9.254355430603027,-0.8143066167831421,-1.4238390922546387
1710533004145428762,-9.41003131866455,-1.3843213319778442,-2.3483166694641113
1710533004181137251,-9.237590789794922,-0.8023315668106079,-2.3016138076782227
1710533004212608354,-9.265132904052734,-1.5280224084854126,-1.5435900688171387
1710533004235568469,-9.340576171875,-0.5771996974945068,-1.6944763660430908
1710533004261013216,-9.315428733825684,-0.5496569871902466,-2.024989128112793
1710533004285998659,-9.286687850952148,-1.0753637552261353,-1.9878661632537842
1710533004302873904,-9.323810577392578,-1.1987072229385376,-1.9375708103179932
1710533004317328441,-9.253157615661621,-1.353186011314392,-1.8094372749328613
1710533004323623299,-9.205257415771484,-1.4789245128631592,-1.8010547161102295
1710533004353859549,-9.245972633361816,-1.5986754894256592,-1.8788927793502808
1710533004355455299,-9.293872833251953,-1.6298108100891113,-1.9112255573272705
1710533004391289265,-9.38608169555664,-0.8274792432785034,-2.1399500370025635
1710533004429239686,-9.313033103942871,-0.8646020293235779,-1.7232165336608887
1710533004488247823,-9.31782341003418,-1.211879849433899,-1.9124231338500977
1710533004513589117,-9.382489204406738,-1.2897180318832397,-2.2896387577056885
1710533004563869262,-9.328600883483887,-1.2394225597381592,-2.1207897663116455
1710533004565765062,-9.345366477966309,-1.2011022567749023,-1.9734960794448853
1710533004586957487,-9.461524963378906,-0.8885522484779358,-1.9878661632537842
1710533004607819465,-9.135802268981934,-0.7951464653015137,-1.895658016204834
1710533004639519196,-9.231602668762207,-0.7017407417297363,-1.5447876453399658
1710533004668631860,-9.284293174743652,-0.5448669195175171,-1.4346166849136353
1710533004670700540,-9.178912162780762,-0.6047424077987671,-1.666933536529541
1710533004683265948,-9.325008392333984,-1.5855029821395874,-2.027384042739868
1710533004723857808,-9.237590789794922,-1.1124866008758545,-2.096839666366577
1710533004745261274,-9.41482162475586,-1.5435900688171387,-1.8633252382278442
1710533004755092353,-9.247170448303223,-1.5555652379989624,-1.7100439071655273
1710533004782514805,-9.275910377502441,-0.5017566084861755,-1.6453784704208374
1710533004849540850,-9.336983680725098,-1.263372778892517,-1.9878661632537842
1710533004853741470,-9.325008392333984,-1.3460010290145874,-1.9435583353042603
1710533004881612002,-9.3501558303833,-1.577120304107666,-2.1016297340393066
1710533004925382138,-9.292675971984863,-1.1496093273162842,-2.212998151779175
1710533004937962010,-9.29028034210205,-0.7735912799835205,-1.7639318704605103
1710533004954851857,-9.245972633361816,-0.8526269793510437,-1.6777111291885376
1710533004973792225,-9.316625595092773,-0.8885522484779358,-1.607058048248291
1710533004990565411,-9.231602668762207,-0.7735912799835205,-1.7471667528152466
1710533005007491424,-9.231602668762207,-0.7735912799835205,-1.7471667528152466
1710533005045367074,-9.233997344970703,-1.2549902200698853,-2.1100122928619385
1710533005080776358,-9.313033103942871,-1.2861255407333374,-1.9770885705947876
1710533005097685798,-9.313033103942871,-1.122066617012024,-1.8226099014282227
1710533005120860694,-9.394464492797852,-1.0166858434677124,-1.9184106588363647
1710533005150205612,-9.174121856689453,-0.9867480397224426,-2.0501368045806885
1710533005171273353,-9.454339981079102,-1.3723461627960205,-1.6501684188842773
1710533005175581763,-9.222023010253906,-0.7244933843612671,-1.3687536716461182
1710533005181826537,-9.154962539672852,-0.6430627703666687,-1.5100598335266113
1710533005203027505,-9.35494613647461,-0.9436376690864563,-1.5902929306030273
1710533005217562197,-9.453142166137695,-1.281335473060608,-1.8285974264144897
1710533005224001107,-9.360934257507324,-1.532812476158142,-1.9232007265090942
1710533005232316414,-9.311836242675781,-1.5040723085403442,-2.2189855575561523
1710533005240599387,-9.492659568786621,-1.147214412689209,-2.325563907623291
1710533005270045059,-9.177715301513672,-0.8047265410423279,-2.2597010135650635
1710533005282492643,-9.447154998779297,-1.662143588066101,-1.6753162145614624
1710533005314064695,-9.214838027954102,-1.0969189405441284,-1.6717236042022705
1710533005343259529,-9.181307792663574,-0.6610254049301147,-1.9351757764816284
1710533005366713855,-9.181307792663574,-0.6610254049301147,-1.9351757764816284
1710533005389865022,-9.498647689819336,-0.8634045124053955,-1.9746936559677124
1710533005434113185,-9.168134689331055,-1.2609777450561523,-1.7771044969558716
1710533005461591307,-9.309440612792969,-1.3735437393188477,-2.1100122928619385
1710533005539340078,-9.416019439697266,-0.886157214641571,-1.6250207424163818
1710533005568972835,-9.370513916015625,-1.0777587890625,-1.8369799852371216
1710533005577154958,-9.229207992553711,-1.152004361152649,-2.015408992767334
1710533005604626541,-9.392068862915039,-1.2909154891967773,-2.1231849193573
1710533005623512800,-9.277108192443848,-1.2454102039337158,-2.113604784011841
1710533005652892944,-9.315428733825684,-1.1627819538116455,-1.8441650867462158
1710533005658918502,-9.399253845214844,-1.053808569908142,-1.9387682676315308
1710533005673444294,-9.489067077636719,-0.8789721727371216,-2.06330943107605
1710533005696748395,-9.084308624267578,-0.766406238079071,-1.9974462985992432
1710533005724200709,-9.24357795715332,-1.0514135360717773,-1.5004796981811523
1710533005740999686,-9.247170448303223,-0.6550378203392029,-1.487307071685791
1710533005757763987,-9.380093574523926,-1.002315640449524,-1.6645386219024658
1710533005772567071,-9.30345344543457,-1.5459851026535034,-1.9890637397766113
1710533005778996804,-9.1106538772583,-1.6513659954071045,-2.205812931060791
1710533005814568804,-9.399253845214844,-0.8310717940330505,-2.205812931060791
1710533005843822058,-9.177715301513672,-1.512454867362976,-1.632205843925476
1710533005877532259,-9.426796913146973,-0.7520361542701721,-1.6238232851028442
1710533005966203464,-9.157357215881348,-1.547182559967041,-1.9076330661773682
1710533005974401347,-9.320218086242676,-1.5639477968215942,-1.9483484029769897
1710533005989266585,-9.427994728088379,-1.4717395305633545,-2.084864616394043
1710533006012323230,-9.384883880615234,-1.211879849433899,-2.1207897663116455
1710533006050188119,-9.283095359802246,-0.9436376690864563,-1.7232165336608887
1710533006079233749,-9.207653045654297,-0.8047265410423279,-1.670526146888733
1710533006102438483,-9.245972633361816,-0.9891430735588074,-1.7878820896148682
1710533006111097866,-9.398056983947754,-1.143621802330017,-1.8633252382278442
1710533006115236742,-9.23519515991211,-1.2202624082565308,-2.0716919898986816
1710533006146729974,-9.360934257507324,-1.3460010290145874,-2.105222225189209
1710533006163614234,-9.274713516235352,-1.3340258598327637,-2.0094213485717773
1710533006178446469,-9.387279510498047,-1.1543993949890137,-1.7974621057510376
1710533006222631470,-9.340576171875,-0.9867480397224426,-1.8824853897094727
1710533006235119600,-9.219627380371094,-0.7161108255386353,-1.966310977935791
1710533006245575296,-9.443561553955078,-1.3543835878372192,-1.6717236042022705
1710533006266484520,-9.3501558303833,-1.1460168361663818,-1.422641634941101
1710533006348593177,-9.195677757263184,-1.0729687213897705,-2.1124072074890137
1710533006386263283,-9.47469711303711,-1.5399975776672363,-1.7794995307922363
1710533006470157321,-9.325008392333984,-0.9747729301452637,-1.8812878131866455
1710533006491394945,-9.37769889831543,-1.213077425956726,-1.8010547161102295
1710533006508357241,-9.188492774963379,-1.4118640422821045,-1.786684513092041
1710533006523141804,-9.351353645324707,-1.601070523262024,-1.9651135206222534
1710533006531375419,-9.44595718383789,-1.5136523246765137,-2.046544075012207
1710533006556524794,-9.431587219238281,-0.9148974418640137,-2.0692968368530273
1710533006581851479,-9.259145736694336,-1.0214757919311523,-1.7315990924835205
1710533006611061189,-9.371711730957031,-0.9687854051589966,-1.5579601526260376
1710533006638493333,-9.281898498535156,-0.9256750345230103,-1.775907039642334
1710533006663618960,-9.281898498535156,-1.1891272068023682,-1.930385708808899
1710533006699359603,-9.37769889831543,-1.2585827112197876,-2.094444513320923
1710533006718353516,-9.316625595092773,-1.326840877532959,-1.901645541191101
1710533006741400766,-9.31782341003418,-1.2106823921203613,-1.7543518543243408
1710533006745659429,-9.412426948547363,-1.087338924407959,-1.9052380323410034
1710533006768687413,-9.195677757263184,-0.9819580316543579,-1.9770885705947876
1710533006875593808,-9.546547889709473,-1.1639795303344727,-2.2680835723876953
1710533006917513329,-9.158555030822754,-0.826281726360321,-2.155517578125
1710533006932429459,-9.222023010253906,-1.602268099784851,-1.6501684188842773
1710533006951219982,-9.455536842346191,-0.7496411204338074,-1.511257290840149
1710533006986909292,-9.265132904052734,-0.6454577445983887,-1.9124231338500977
1710533007018592517,-9.268725395202637,-0.9388476610183716,-1.9267932176589966
1710533007039622324,-9.338181495666504,-1.197509765625,-1.8597326278686523
1710533007062726347,-9.279502868652344,-1.3088781833648682,-1.6801061630249023
1710533007119334742,-9.425599098205566,-0.8622070550918579,-2.087259531021118
1710533007136292718,-9.44595718383789,-0.89813232421875,-1.8884729146957397
1710533007144728092,-9.23519515991211,-1.057401180267334,-1.6441808938980103
1710533007159410421,-9.424402236938477,-0.8550219535827637,-1.520837426185608
1710533007180358409,-9.360934257507324,-0.7352709770202637,-1.5447876453399658
1710533007190854634,-9.207653045654297,-0.9568102955818176,-1.7172290086746216
1710533007197129773,-9.427994728088379,-1.1496093273162842,-1.8273998498916626
1710533007218013672,-9.178912162780762,-1.1987072229385376,-2.0513341426849365
1710533007241166590,-9.325008392333984,-1.2394225597381592,-2.1016297340393066
1710533007270485066,-9.382489204406738,-1.2190649509429932,-1.790277123451233
1710533007278700327,-9.329798698425293,-1.2190649509429932,-1.790277123451233
1710533007302154336,-9.485474586486816,-0.8669970631599426,-1.9136205911636353
1710533007317030200,-9.305848121643066,-0.7077282667160034,-2.047741651535034
1710533007348385107,-9.30345344543457,-1.0957214832305908,-1.3663586378097534
1710533007383992727,-9.27112102508545,-0.7376660108566284,-1.3424084186553955
1710533007407139895,-9.449549674987793,-1.6142431497573853,-1.862127661705017
1710533007430285454,-9.495055198669434,-1.49688720703125,-2.197430372238159
1710533007451106926,-9.255553245544434,-1.13763427734375,-2.1387524604797363
1710533007474007369,-9.444759368896484,-1.656156063079834,-1.7447717189788818
1710533007514127096,-9.244775772094727,-0.6442602276802063,-1.9279906749725342
1710533007533029782,-9.516610145568848,-0.8741821050643921,-1.892065405845642
1710533007556502205,-9.214838027954102,-1.1352392435073853,-1.790277123451233
1710533007570915537,-9.420809745788574,-1.1543993949890137,-1.7256115674972534
1710533007627660263,-9.461524963378906,-1.526824951171875,-1.9938538074493408
1710533007653193888,-9.313033103942871,-0.9484277367591858,-2.0357666015625
1710533007705741055,-9.335785865783691,-1.0526111125946045,-1.5986754894256592
1710533007729037129,-9.438772201538086,-1.0597960948944092,-1.8094372749328613
1710533007745946472,-9.492659568786621,-1.1088939905166626,-1.8908679485321045
1710533007781430992,-9.347761154174805,-1.1999047994613647,-2.054926872253418
1710533007808705917,-9.285490989685059,-1.3735437393188477,-1.9722986221313477
1710533007810833875,-9.378896713256836,-1.3507909774780273,-1.9291882514953613
1710533007840164112,-9.298663139343262,-1.1807446479797363,-1.7735120058059692
1710533007903418352,-9.213640213012695,-0.7831714153289795,-1.3543835878372192
1710533007909717571,-9.200467109680176,-0.5712121725082397,-1.311273217201233
1710533007936949340,-9.356143951416016,-0.886157214641571,-1.596280574798584
1710533007953771052,-9.436376571655273,-1.446591854095459,-2.234553337097168
1710533007991519567,-9.352551460266113,-0.7927514910697937,-2.186652898788452
1710533007999968591,-9.108259201049805,-0.8622070550918579,-2.166295051574707
1710533008033638750,-9.196874618530273,-1.361568570137024,-1.5914905071258545
1710533008044065765,-9.134604454040527,-1.4861096143722534,-1.5914905071258545
1710533008058954757,-9.333391189575195,-0.6047424077987671,-1.666933536529541
1710533008067067044,-9.194479942321777,-0.6095324754714966,-1.865720272064209
1710533008102794353,-9.545350074768066,-0.7735912799835205,-2.033371686935425
1710533008104768327,-9.486672401428223,-0.8574169874191284,-1.9184106588363647
1710533008115365241,-9.360934257507324,-1.1843371391296387,-1.716031551361084
1710533008143012900,-9.162147521972656,-1.3352234363555908,-1.7315990924835205
1710533008149359119,-9.219627380371094,-1.502874732017517,-1.805844783782959
1710533008165845226,-9.448351860046387,-1.4897021055221558,-1.9627184867858887
1710533008187050852,-9.448351860046387,-1.4897021055221558,-1.9627184867858887
1710533008193057902,-9.344168663024902,-1.3160632848739624,-2.047741651535034
1710533008218462688,-9.254355430603027,-1.01788330078125,-1.780696988105774
1710533008253953391,-9.23519515991211,-1.0585986375808716,-1.696871280670166
1710533008306813372,-9.444759368896484,-1.167572021484375,-1.826202392578125
1710533008327703267,-9.340576171875,-1.1567944288253784,-2.1112096309661865
1710533008352939837,-9.365723609924316,-1.3256433010101318,-1.8741028308868408
1710533008376013741,-9.402846336364746,-1.2645703554153442,-1.751956820487976
1710533008405460962,-9.353748321533203,-0.748443603515625,-2.0489392280578613
1710533008418195886,-9.422006607055664,-1.2322375774383545,-1.880090355873108
1710533008434765117,-9.329798698425293,-1.033450961112976,-1.4382091760635376
1710533008464168214,-9.202862739562988,-0.748443603515625,-1.3603711128234863
1710533008523031570,-9.504634857177734,-1.4741345643997192,-1.9208056926727295
1710533008541805531,-9.457932472229004,-1.008303165435791,-2.193837881088257
1710533008571391270,-9.4603271484375,-1.4777270555496216,-1.4741345643997192
1710533008584238192,-9.380093574523926,-1.266965389251709,-1.7028589248657227
1710533008601111488,-9.24357795715332,-0.9005273580551147,-1.5675402879714966
1710533008628548098,-9.340576171875,-0.7448510527610779,-1.7579443454742432
1710533008636687663,-9.302255630493164,-0.8717871308326721,-1.7747094631195068
1710533008640829432,-9.430389404296875,-1.011895775794983,-1.7256115674972534
1710533008682816916,-9.268725395202637,-1.3064831495285034,-1.9076330661773682
1710533008703755034,-9.19807243347168,-1.4334192276000977,-1.9124231338500977
1710533008705981555,-9.346563339233398,-1.4777270555496216,-1.9471508264541626
1710533008720819589,-9.336983680725098,-1.3747411966323853,-1.9184106588363647
1710533008741551840,-9.23519515991211,-1.2693603038787842,-1.9531384706497192
1710533008758563195,-9.335785865783691,-0.9771679639816284,-1.750759243965149
1710533008767030403,-9.260342597961426,-1.1064990758895874,-1.692081332206726
1710533008792698578,-9.42320442199707,-1.0765613317489624,-1.6657360792160034
1710533008823523797,-9.334589004516602,-0.8909472823143005,-1.816622257232666
1710533008832084234,-9.441166877746582,-1.041833519935608,-1.8285974264144897
1710533008863676432,-9.274713516235352,-1.2358300685882568,-1.8609302043914795
1710533008876196788,-9.281898498535156,-1.2945080995559692,-1.8812878131866455
1710533008896875704,-9.380093574523926,-1.2705578804016113,-1.8489550352096558
1710533008907639045,-9.320218086242676,-1.1352392435073853,-1.8250049352645874
1710533008926583594,-9.417217254638672,-1.0106981992721558,-1.9950512647628784
1710533008945427754,-9.165740013122559,-0.8574169874191284,-2.066901922225952
1710533008962099367,-9.272317886352539,-1.1699670553207397,-1.9243981838226318
1710533008981524884,-9.237590789794922,-0.9388476610183716,-1.2801378965377808
1710533008998130140,-9.187294960021973,-0.7328760027885437,-1.281335473060608
1710533009019149231,-9.224417686462402,-0.7807763814926147,-1.4034814834594727
1710533009027492376,-9.352551460266113,-0.9508227705955505,-1.610650658607483
1710533009101079872,-9.204059600830078,-0.7723938226699829,-2.1698877811431885
1710533009117761841,-9.23519515991211,-1.5232324600219727,-1.4022839069366455
1710533009172652300,-9.323810577392578,-0.6478527784347534,-1.8633252382278442
1710533009208379971,-9.32620620727539,-1.272952914237976,-1.7555493116378784
1710533009242075035,-9.267528533935547,-1.353186011314392,-1.6142431497573853
1710533009281927064,-9.332193374633789,-1.002315640449524,-2.084864616394043
1710533009305184735,-9.327404022216797,-0.9556127786636353,-1.8345849514007568
1710533009315511867,-9.289083480834961,-1.0454260110855103,-1.7184264659881592
1710533009355619306,-9.332193374633789,-1.0645861625671387,-1.602268099784851
1710533009361946497,-9.269923210144043,-0.8945397734642029,-1.5352075099945068
1710533009372632617,-9.335785865783691,-1.1364368200302124,-1.6537610292434692
1710533009380830756,-9.348958969116211,-1.2753479480743408,-1.871707797050476
1710533009414527921,-9.405241966247559,-1.2693603038787842,-2.106419563293457
1710533009425079344,-9.395661354064941,-1.266965389251709,-2.0884571075439453
1710533009454467264,-9.358538627624512,-1.2250524759292603,-1.886077880859375
1710533009468966842,-9.3501558303833,-1.221459984779358,-1.7615368366241455
1710533009500810112,-9.27112102508545,-0.8190966844558716,-1.9243981838226318
1710533009530464273,-9.345366477966309,-1.3483959436416626,-1.6789087057113647
1710533009553432546,-9.165740013122559,-0.730480968952179,-1.4585669040679932
1710533009605838295,-9.308243751525879,-1.5579601526260376,-1.9651135206222534
1710533009626950457,-9.48307991027832,-1.1711645126342773,-2.036964178085327
1710533009658409217,-9.425599098205566,-1.572330355644226,-1.692081332206726
1710533009700469640,-9.358538627624512,-0.6538403034210205,-1.865720272064209
1710533009732086002,-9.427994728088379,-0.9292675852775574,-1.8848804235458374
1710533009763525023,-9.28070068359375,-1.3148657083511353,-1.5747253894805908
1710533009866058510,-9.359736442565918,-0.9927356243133545,-1.7387841939926147
1710533009880657909,-9.315428733825684,-1.0585986375808716,-1.4777270555496216
1710533009897404379,-9.342970848083496,-0.8945397734642029,-1.541195034980774
1710533009948096863,-9.285490989685059,-1.243015170097351,-2.0417542457580566
1710533009956619443,-9.340576171875,-1.2657678127288818,-2.06330943107605
1710533009977404209,-9.332193374633789,-1.3184581995010376,-1.931583285331726
1710533010017332691,-9.31782341003418,-1.0777587890625,-1.6453784704208374
1710533010054983150,-9.351353645324707,-0.7268884181976318,-2.0106189250946045
1710533010069622356,-9.455536842346191,-1.3352234363555908,-1.775907039642334
1710533010092662884,-9.297466278076172,-1.1759545803070068,-1.4334192276000977
1710533010107538194,-9.287885665893555,-0.8921447992324829,-1.3304333686828613
1710533010143149522,-9.344168663024902,-1.101709008216858,-1.5531702041625977
1710533010159986209,-9.419611930847168,-1.4082714319229126,-2.12797474861145
1710533010172453729,-9.249565124511719,-0.7699987888336182,-2.12797474861145
1710533010191730484,-9.435179710388184,-1.4118640422821045,-1.8645226955413818
1710533010212568414,-9.275910377502441,-1.0657837390899658,-1.4657520055770874
1710533010248083046,-9.319021224975586,-0.7879614233970642,-1.4477893114089966
1710533010265000494,-9.43757438659668,-0.8789721727371216,-1.925595760345459
1710533010332273846,-9.27112102508545,-1.3136682510375977,-1.7256115674972534
1710533010380760576,-9.360934257507324,-1.011895775794983,-1.8549426794052124
1710533010414197361,-9.283095359802246,-1.0490185022354126,-1.7292040586471558
1710533010428788045,-9.389674186706543,-0.8454418778419495,-1.5974780321121216
1710533010435187130,-9.310638427734375,-0.8047265410423279,-1.626218318939209
1710533010441517731,-9.319021224975586,-1.098116397857666,-1.6884887218475342
1710533010473516075,-9.426796913146973,-1.237027645111084,-1.7339941263198853
1710533010492191509,-9.268725395202637,-1.2382251024246216,-1.8597326278686523
1710533010502574086,-9.357341766357422,-1.2645703554153442,-1.9543359279632568
1710533010519532456,-9.291478157043457,-1.293310523033142,-1.9483484029769897
1710533010531833312,-9.291478157043457,-1.293310523033142,-1.9483484029769897
1710533010607598472,-9.275910377502441,-0.8107141256332397,-1.9675085544586182
1710533010632661354,-9.32620620727539,-1.122066617012024,-1.362766146659851
1710533010651699926,-9.267528533935547,-0.7520361542701721,-1.5256274938583374
1710533010660026156,-9.376501083374023,-1.0406359434127808,-1.656156063079834
1710533010685521381,-9.325008392333984,-1.5819103717803955,-2.007026433944702
1710533010700262951,-9.422006607055664,-1.407073974609375,-2.1315674781799316
1710533010729523561,-9.313033103942871,-1.157991886138916,-1.9136205911636353
1710533010750630244,-9.375304222106934,-1.4980846643447876,-1.7711169719696045
1710533010775814014,-9.357341766357422,-0.7328760027885437,-1.5998730659484863
1710533010805170039,-9.319021224975586,-0.7125183343887329,-1.8142273426055908
1710533010828281226,-9.308243751525879,-1.1424243450164795,-1.6992663145065308
1710533010908458531,-9.284293174743652,-1.5567626953125,-1.7962646484375
1710533010925047044,-9.411229133605957,-1.0142908096313477,-1.9243981838226318
1710533010946032033,-9.268725395202637,-1.0825488567352295,-1.6477733850479126
1710533010967115650,-9.382489204406738,-0.9412426948547363,-1.482517123222351
1710533011013149005,-9.41003131866455,-1.1951147317886353,-1.7351917028427124
1710533011038278083,-9.380093574523926,-1.2322375774383545,-1.9926562309265137
1710533011090708535,-9.336983680725098,-1.243015170097351,-1.716031551361084
1710533011117987390,-9.43757438659668,-1.0106981992721558,-1.8273998498916626
1710533011134868353,-9.491462707519531,-0.8286767601966858,-1.922003149986267
1710533011189498882,-9.285490989685059,-0.8238866925239563,-1.452579379081726
1710533011239787244,-9.453142166137695,-1.4322216510772705,-2.1722826957702637
1710533011254462656,-9.455536842346191,-0.8478369116783142,-2.075284481048584
1710533011285994575,-9.275910377502441,-0.8969348073005676,-2.024989128112793
1710533011321768199,-9.368119239807129,-1.646575927734375,-1.5651452541351318
1710533011336715546,-9.353748321533203,-0.6346801519393921,-1.6585509777069092
1710533011353518126,-9.352551460266113,-0.7855663895606995,-1.895658016204834
1710533011366167172,-9.4603271484375,-0.9029223918914795,-1.9148181676864624
1710533011401760966,-9.315428733825684,-1.191522240638733,-1.7292040586471558
1710533011479201491,-9.394464492797852,-1.0154882669448853,-1.9675085544586182
1710533011492090721,-9.36332893371582,-1.0394384860992432,-1.7280066013336182
1710533011532223866,-9.365723609924316,-0.8550219535827637,-1.4861096143722534
1710533011584693472,-9.31782341003418,-1.241817593574524,-1.9435583353042603
1710533011597477813,-9.370513916015625,-1.296903133392334,-1.939965844154358
1710533011628827039,-9.352551460266113,-1.383123755455017,-1.7411792278289795
1710533011637199549,-9.335785865783691,-1.2549902200698853,-1.690883755683899
1710533011674903427,-9.44595718383789,-1.0130932331085205,-1.8537451028823853
1710533011681095912,-9.478289604187012,-0.8035290241241455,-1.8884729146957397
1710533011689641605,-9.289083480834961,-0.9388476610183716,-1.8872753381729126
1710533011702355340,-9.499844551086426,-1.3352234363555908,-1.622625708580017
1710533011704462492,-9.376501083374023,-1.3256433010101318,-1.4537768363952637
1710533011735989236,-9.190887451171875,-0.7029382586479187,-1.25738525390625
1710533011748665189,-9.347761154174805,-0.760418713092804,-1.481319546699524
1710533011778132256,-9.370513916015625,-1.6741186380386353,-2.0417542457580566
1710533011788509953,-9.467512130737305,-1.442999243736267,-2.1411473751068115
1710533011830342970,-9.283095359802246,-0.9053173661231995,-2.0321741104125977
1710533011840794758,-9.398056983947754,-1.5088622570037842,-1.716031551361084
1710533011870010850,-9.36332893371582,-1.0250684022903442,-1.466949462890625
1710533011893297997,-9.314230918884277,-0.6454577445983887,-1.760339379310608
1710533011914311427,-9.320218086242676,-1.068178653717041,-1.750759243965149
1710533011943698816,-9.332193374633789,-1.1927196979522705,-1.6142431497573853
1710533011952120638,-9.245972633361816,-1.3843213319778442,-1.5783178806304932
1710533011974974407,-9.250762939453125,-1.5292199850082397,-1.6250207424163818
1710533012014957768,-9.344168663024902,-1.233435034751892,-2.057321786880493
1710533012034011412,-9.267528533935547,-1.0885363817214966,-1.5986754894256592
1710533012071732508,-9.383686065673828,-0.9687854051589966,-1.422641634941101
1710533012080385397,-9.279502868652344,-0.8322693109512329,-1.4441968202590942
1710533012103312107,-9.425599098205566,-1.1160790920257568,-1.7315990924835205
1710533012156115549,-9.382489204406738,-1.2765454053878784,-1.9639160633087158
1710533012177104607,-9.35494613647461,-1.4382091760635376,-1.7938696146011353
1710533012206443650,-9.453142166137695,-1.0466235876083374,-1.8477575778961182
1710533012237922654,-9.339378356933594,-0.8286767601966858,-1.9830762147903442
1710533012250452874,-9.250762939453125,-0.9304651021957397,-2.084864616394043
1710533012281815381,-9.184900283813477,-0.8226892352104187,-1.197509765625
1710533012305620016,-9.237590789794922,-0.6945556402206421,-1.197509765625
1710533012332456778,-9.41003131866455,-1.1029064655303955,-2.2022204399108887
1710533012353515359,-9.389674186706543,-1.2406201362609863,-1.9734960794448853
1710533012378849658,-9.287885665893555,-1.6441808938980103,-1.4322216510772705
1710533012401958683,-9.29507064819336,-1.6441808938980103,-1.4322216510772705
1710533012439774012,-9.352551460266113,-0.6370751857757568,-1.7771044969558716
1710533012463435530,-9.345366477966309,-1.0262658596038818,-1.7184264659881592
1710533012486105052,-9.321415901184082,-1.197509765625,-1.6537610292434692
1710533012521738215,-9.253157615661621,-1.4657520055770874,-1.6633410453796387
1710533012566125372,-9.405241966247559,-1.0585986375808716,-1.8513500690460205
1710533012583086635,-9.328600883483887,-1.0741662979125977,-1.601070523262024
1710533012612395621,-9.328600883483887,-0.9472302198410034,-1.4394067525863647
1710533012627586382,-9.277108192443848,-0.9196875095367432,-1.4920971393585205
1710533012656473237,-9.327404022216797,-1.038240909576416,-1.596280574798584
1710533012679334229,-9.3501558303833,-1.266965389251709,-1.9746936559677124
1710533012708987010,-9.31782341003418,-1.416654109954834,-1.8369799852371216
1710533012731948436,-9.339378356933594,-1.3460010290145874,-1.7172290086746216
1710533012748993243,-9.340576171875,-1.2849279642105103,-1.660946011543274
1710533012776270051,-9.236392974853516,-1.2502001523971558,-1.7495617866516113
1710533012814300330,-9.441166877746582,-1.3256433010101318,-1.3939013481140137
1710533012820567506,-9.341773986816406,-1.027463436126709,-1.167572021484375
1710533012841350319,-9.404044151306152,-1.371148705482483,-1.5986754894256592
1710533012868513414,-9.225615501403809,-1.6417858600616455,-1.8944604396820068
1710533012902652350,-9.29507064819336,-1.686093807220459,-1.9878661632537842
1710533012913083299,-9.202862739562988,-0.928070068359375,-2.045346736907959
1710533012927986630,-9.244775772094727,-1.6932787895202637,-1.4058765172958374
1710533012940524141,-9.201664924621582,-1.3998888731002808,-1.4058765172958374
1710533012984448064,-9.448351860046387,-0.748443603515625,-1.4705419540405273
1710533013001288625,-9.255553245544434,-0.8430469036102295,-1.8753002882003784
1710533013024628139,-9.35494613647461,-1.247805118560791,-1.5136523246765137
1710533013053923428,-9.18370246887207,-1.4920971393585205,-1.5795153379440308
1710533013098006388,-9.468709945678711,-1.4920971393585205,-1.9627184867858887
1710533013100075307,-9.348958969116211,-1.287322998046875,-2.016606330871582
1710533013108626380,-9.365723609924316,-1.0825488567352295,-2.0680992603302
1710533013182119084,-9.323810577392578,-0.7544311285018921,-1.3555810451507568
1710533013234672567,-9.455536842346191,-1.2597802877426147,-1.960323452949524
1710533013249194797,-9.455536842346191,-1.2597802877426147,-1.960323452949524
1710533013264113314,-9.287885665893555,-1.4597643613815308,-1.8345849514007568
1710533013272309360,-9.310638427734375,-1.5004796981811523,-1.790277123451233
1710533013316531701,-9.196874618530273,-0.9256750345230103,-1.9028429985046387
1710533013348011917,-9.475894927978516,-1.4238390922546387,-1.682501196861267
1710533013377590968,-9.315428733825684,-0.676593005657196,-1.3136682510375977
1710533013429879464,-9.563312530517578,-1.5004796981811523,-2.155517578125
1710533013444605626,-9.292675971984863,-0.8059240579605103,-2.0429515838623047
1710533013526937092,-9.200467109680176,-0.6071374416351318,-1.7711169719696045
1710533013541278298,-9.586065292358398,-0.8586145043373108,-1.865720272064209
1710533013614895898,-9.346563339233398,-1.2789404392242432,-1.5519726276397705
1710533013728327320,-9.180109977722168,-0.8657995462417603,-1.446591854095459
1710533013759811633,-9.287885665893555,-1.1244616508483887,-1.8992505073547363
1710533013797423571,-9.4699068069458,-1.323248267173767,-1.8788927793502808
1710533013803870445,-9.353748321533203,-1.422641634941101,-1.8178198337554932
1710533013810280270,-9.399253845214844,-1.4082714319229126,-1.6537610292434692
1710533013826807172,-9.310638427734375,-1.2262500524520874,-1.6441808938980103
1710533013858367354,-9.430389404296875,-0.8250842094421387,-1.985471248626709
1710533013887348288,-9.41003131866455,-1.4334192276000977,-1.6741186380386353
1710533013908396675,-9.169332504272461,-0.5245092511177063,-1.302890658378601
1710533013961067567,-9.217232704162598,-1.6717236042022705,-1.6693285703659058
1710533014007361366,-9.334589004516602,-1.3555810451507568,-1.9184106588363647
1710533014017774765,-9.416019439697266,-1.826202392578125,-1.536405086517334
1710533014049083059,-9.462721824645996,-0.7831714153289795,-1.446591854095459
1710533014057570207,-9.389674186706543,-0.6322851777076721,-1.5747253894805908
1710533014080698065,-9.566905975341797,-0.8358618021011353,-1.8896703720092773
1710533014097519995,-9.26633071899414,-0.9939330816268921,-1.6693285703659058
1710533014133074761,-9.238787651062012,-1.1196715831756592,-1.5843054056167603
1710533014139554399,-9.375304222106934,-1.2346326112747192,-1.5615527629852295
1710533014179218802,-9.422006607055664,-1.622625708580017,-1.810634732246399
1710533014208711201,-9.416019439697266,-1.1424243450164795,-1.6884887218475342
1710533014217265762,-9.248368263244629,-1.203497290611267,-1.586700439453125
1710533014244586000,-9.260342597961426,-1.2022998332977295,-1.5280224084854126
1710533014315993267,-9.262738227844238,-1.1029064655303955,-1.8693127632141113
1710533014374808044,-9.339378356933594,-1.2681628465652466,-1.5567626953125
1710533014404192638,-9.548942565917969,-0.9268725514411926,-1.8729052543640137
1710533014454275574,-9.395661354064941,-1.1244616508483887,-1.1939172744750977
1710533014471119784,-9.441166877746582,-1.0011181831359863,-1.4094690084457397
1710533014500714769,-9.487870216369629,-1.3759387731552124,-1.5052697658538818
1710533014517479641,-9.254355430603027,-1.6741186380386353,-1.870510220527649
1710533014542739491,-9.201664924621582,-0.8957372903823853,-2.0225939750671387
1710533014567984416,-9.39087200164795,-1.8477575778961182,-1.5292199850082397
1710533014622806951,-9.462721824645996,-0.7580236792564392,-1.4406042098999023
1710533014637384533,-9.298663139343262,-0.8298742771148682,-1.8609302043914795
1710533014645708357,-9.27112102508545,-1.0370434522628784,-1.6334033012390137
1710533014670827251,-9.216034889221191,-1.157991886138916,-1.5878978967666626
1710533014696286733,-9.164542198181152,-1.4106664657592773,-1.571132779121399
1710533014713175278,-9.49744987487793,-1.5495775938034058,-1.871707797050476
1710533014727725827,-9.351353645324707,-1.3400133848190308,-1.9435583353042603
1710533014748765139,-9.490264892578125,-1.062191128730774,-1.8429675102233887
1710533014776714559,-9.427994728088379,-1.1029064655303955,-1.700463891029358
1710533014780390738,-9.259145736694336,-1.1543993949890137,-1.596280574798584
1710533014787096226,-9.260342597961426,-1.1448193788528442,-1.512454867362976
1710533014810871423,-9.301058769226074,-0.7987390160560608,-1.361568570137024
1710533014830729771,-9.304651260375977,-1.122066617012024,-1.5088622570037842
1710533014860505901,-9.255553245544434,-1.1304491758346558,-1.8884729146957397
1710533014883081606,-9.381291389465332,-1.1987072229385376,-1.9351757764816284
1710533014887490551,-9.383686065673828,-1.371148705482483,-1.8453625440597534
1710533014908464532,-9.374106407165527,-1.3962963819503784,-1.6741186380386353
1710533014960905835,-9.233997344970703,-0.9496252536773682,-1.8381774425506592
1710533014981877116,-9.551338195800781,-1.4418017864227295,-1.3124706745147705
1710533015000936471,-9.228010177612305,-0.760418713092804,-1.1795470714569092
1710533015004900930,-9.228010177612305,-0.760418713092804,-1.1795470714569092
1710533015017622143,-9.31782341003418,-0.706530749797821,-1.332828402519226
1710533015049092523,-9.425599098205566,-1.3795312643051147,-1.5819103717803955
1710533015095513192,-9.339378356933594,-1.287322998046875,-1.8788927793502808
1710533015118629233,-9.253157615661621,-1.7184264659881592,-1.371148705482483
1710533015124918043,-9.228010177612305,-1.4118640422821045,-1.347198486328125
1710533015148160414,-9.44595718383789,-0.7676037549972534,-1.4322216510772705
1710533015169034615,-9.313033103942871,-0.8538244366645813,-1.8633252382278442
1710533015206814977,-9.268725395202637,-1.0645861625671387,-1.601070523262024
1710533015265459759,-9.249565124511719,-1.5639477968215942,-1.6537610292434692
1710533015301383615,-9.358538627624512,-1.1100915670394897,-1.9651135206222534
1710533015326527816,-9.41482162475586,-1.0502160787582397,-1.3986914157867432
1710533015358024376,-9.308243751525879,-0.8226892352104187,-1.3663586378097534
1710533015387121429,-9.491462707519531,-1.2909154891967773,-1.6082556247711182
1710533015389277720,-9.315428733825684,-1.183139681816101,-1.805844783782959
1710533015429284500,-9.378896713256836,-1.383123755455017,-1.8285974264144897
1710533015466836348,-9.381291389465332,-1.4178515672683716,-1.6274157762527466
1710533015515077418,-9.2304048538208,-0.9580078125,-1.8848804235458374
1710533015538284086,-9.17531967163086,-0.7460485696792603,-1.2861255407333374
1710533015576040348,-9.492659568786621,-1.4250366687774658,-1.502874732017517
1710533015591524298,-9.222023010253906,-1.7411792278289795,-1.8609302043914795
1710533015633096020,-9.559720039367676,-1.0645861625671387,-2.1231849193573
1710533015664450477,-9.248368263244629,-1.7052539587020874,-1.3879138231277466
1710533015696272302,-9.456734657287598,-0.748443603515625,-1.3519885540008545
1710533015740464495,-9.55732536315918,-0.8765771389007568,-1.8513500690460205
1710533015755261694,-9.293872833251953,-1.0406359434127808,-1.636995792388916
1710533015792875621,-9.180109977722168,-1.4633569717407227,-1.5495775938034058
1710533015845207167,-9.241183280944824,-1.173559546470642,-1.9567309617996216
1710533015866069118,-9.255553245544434,-1.1268566846847534,-1.481319546699524
1710533015904218616,-9.304651260375977,-0.8035290241241455,-1.3388159275054932
1710533015925103605,-9.196874618530273,-0.928070068359375,-1.3879138231277466
1710533015956650859,-9.459129333496094,-1.277742862701416,-1.690883755683899
1710533015973276996,-9.387279510498047,-1.391506314277649,-1.8429675102233887
1710533015987999223,-9.299860954284668,-1.431024193763733,-1.7842895984649658
1710533016002744058,-9.394464492797852,-1.4082714319229126,-1.6346008777618408
1710533016008942267,-9.396859169006348,-1.3579760789871216,-1.5531702041625977
1710533016013141651,-9.382489204406738,-1.1328442096710205,-1.7280066013336182
1710533016017418371,-9.569300651550293,-0.9172924757003784,-1.8645226955413818
1710533016042468538,-9.232800483703613,-1.3088781833648682,-1.7100439071655273
1710533016069693855,-9.577683448791504,-1.4262341260910034,-1.3723461627960205
1710533016099348446,-9.358538627624512,-1.0825488567352295,-1.2741503715515137
1710533016116221037,-9.436376571655273,-1.0609936714172363,-1.4238390922546387
1710533016137423220,-9.26633071899414,-1.6681311130523682,-1.9184106588363647
1710533016166675429,-9.546547889709473,-1.057401180267334,-2.075284481048584
1710533016204466281,-9.315428733825684,-1.3795312643051147,-1.8453625440597534
1710533016210634243,-9.427994728088379,-1.8513500690460205,-1.4777270555496216
1710533016225362856,-9.267528533935547,-1.7256115674972534,-1.3555810451507568
1710533016231704344,-9.449549674987793,-0.7652087211608887,-1.4142590761184692
1710533016256869803,-9.339378356933594,-0.8897497653961182,-1.8046472072601318
1710533016317859782,-9.360934257507324,-1.2502001523971558,-1.547182559967041
1710533016334780570,-9.244775772094727,-1.5831079483032227,-1.5890954732894897
1710533016370165027,-9.336983680725098,-1.2753479480743408,-1.8944604396820068
1710533016385048742,-9.53457260131836,-1.1064990758895874,-1.8130297660827637
1710533016399717361,-9.253157615661621,-1.1484118700027466,-1.547182559967041
1710533016426951331,-9.255553245544434,-1.1508069038391113,-1.466949462890625
1710533016439539174,-9.204059600830078,-0.9819580316543579,-1.386716365814209
1710533016466618462,-9.4699068069458,-1.2897180318832397,-1.6896862983703613
1710533016481174355,-9.32620620727539,-1.1963123083114624,-1.7687219381332397
1710533016529707195,-9.471104621887207,-1.251397728919983,-1.8681151866912842
1710533016561402654,-9.338181495666504,-1.2861255407333374,-1.5016772747039795
1710533016578330240,-9.351353645324707,-0.8442443609237671,-1.9734960794448853
1710533016599273243,-9.208849906921387,-1.3460010290145874,-1.7962646484375
1710533016616234850,-9.486672401428223,-1.511257290840149,-1.6202306747436523
1710533016630791675,-9.163344383239746,-0.7508386373519897,-1.2490026950836182
1710533016643469166,-9.314230918884277,-0.7616162300109863,-1.2490026950836182
1710533016654065509,-9.448351860046387,-1.0406359434127808,-1.4142590761184692
1710533016685335867,-9.20645523071289,-1.6357983350753784,-1.6956738233566284
1710533016700047403,-9.247170448303223,-1.6573535203933716,-1.811832308769226
1710533016714841171,-9.28070068359375,-0.8035290241241455,-1.9267932176589966
1710533016771610850,-9.254355430603027,-1.7256115674972534,-1.3783336877822876
1710533016786033260,-9.351353645324707,-1.098116397857666,-1.332828402519226
1710533016796608484,-9.218430519104004,-0.7640112042427063,-1.6357983350753784
1710533016813277305,-9.582472801208496,-0.9687854051589966,-1.850152611732483
1710533016863790593,-9.335785865783691,-1.3555810451507568,-1.4489867687225342
1710533016895107344,-9.44595718383789,-1.6082556247711182,-1.6956738233566284
1710533016909962223,-9.523795127868652,-1.4897021055221558,-1.8214123249053955
1710533016947832096,-9.381291389465332,-1.1747571229934692,-1.9507434368133545
1710533016973122318,-9.418414115905762,-1.0645861625671387,-1.3495935201644897
1710533017050655843,-9.262738227844238,-1.1100915670394897,-1.8932629823684692
1710533017073553180,-9.387279510498047,-1.3304333686828613,-1.8429675102233887
1710533017103277256,-9.336983680725098,-1.3208532333374023,-1.4382091760635376
1710533017117867040,-9.376501083374023,-1.1759545803070068,-1.6657360792160034
1710533017126349525,-9.53457260131836,-0.969982922077179,-1.73638916015625
1710533017204212133,-9.098679542541504,-0.6670129299163818,-1.2394225597381592
1710533017222981693,-9.262738227844238,-1.6597485542297363,-1.5531702041625977
1710533017239770669,-9.352551460266113,-1.6789087057113647,-1.7890795469284058
1710533017246027188,-9.493857383728027,-0.9963281154632568,-2.0417542457580566
1710533017263364137,-9.2208251953125,-0.7795788645744324,-1.9794836044311523
1710533017273264481,-9.468709945678711,-1.2885204553604126,-1.9028429985046387
1710533017315485632,-9.256750106811523,-1.7950671911239624,-1.3483959436416626
1710533017338863616,-9.348958969116211,-0.7376660108566284,-1.571132779121399
1710533017351466539,-9.362131118774414,-0.9196875095367432,-1.7495617866516113
1710533017357515771,-9.362131118774414,-0.9196875095367432,-1.7495617866516113
1710533017368086461,-9.493857383728027,-1.0370434522628784,-1.662143588066101
1710533017435614088,-9.29028034210205,-1.487307071685791,-1.5843054056167603
1710533017439752326,-9.455536842346191,-1.577120304107666,-1.6573535203933716
1710533017464446253,-9.307045936584473,-1.3891112804412842,-1.7794995307922363
1710533017506912653,-9.370513916015625,-1.1460168361663818,-1.7028589248657227
1710533017523469332,-9.41003131866455,-0.9556127786636353,-1.3424084186553955
1710533017538695394,-9.251960754394531,-1.0298583507537842,-1.3687536716461182
1710533017576238887,-9.304651260375977,-1.1328442096710205,-1.7399816513061523
1710533017614047672,-9.297466278076172,-1.4118640422821045,-1.6693285703659058
1710533017624663630,-9.40045166015625,-1.4298266172409058,-1.602268099784851
1710533017637066448,-9.358538627624512,-1.37713623046875,-1.5304174423217773
1710533017658280400,-9.439969062805176,-1.1603869199752808,-1.7950671911239624
1710533017754642635,-9.274713516235352,-0.7975414991378784,-1.0693762302398682
1710533017809395650,-9.255553245544434,-0.9053173661231995,-2.015408992767334
1710533017830286916,-9.340576171875,-1.8489550352096558,-1.5399975776672363
1710533017847117930,-9.241183280944824,-1.7579443454742432,-1.3304333686828613
1710533017870170472,-9.412426948547363,-1.0801538228988647,-1.243015170097351
1710533017884860847,-9.316625595092773,-0.766406238079071,-1.61663818359375
1710533017912316180,-9.467512130737305,-0.9077123999595642,-1.73638916015625
1710533017918645906,-9.381291389465332,-0.9891430735588074,-1.592687964439392
1710533017975501142,-9.254355430603027,-1.4022839069366455,-1.5304174423217773
1710533018006928578,-9.315428733825684,-1.4106664657592773,-1.8178198337554932
1710533018025924743,-9.47469711303711,-1.1184741258621216,-1.7232165336608887
1710533018042675077,-9.259145736694336,-1.1412267684936523,-1.502874732017517
1710533018057473281,-9.4699068069458,-1.0550061464309692,-1.3519885540008545
1710533018064094050,-9.371711730957031,-0.946032702922821,-1.2909154891967773
1710533018093028677,-9.275910377502441,-1.0466235876083374,-1.2945080995559692
1710533018107939167,-9.417217254638672,-1.1891272068023682,-1.4322216510772705
1710533018145699422,-9.346563339233398,-1.3783336877822876,-1.7830920219421387
1710533018200468895,-9.335785865783691,-1.3208532333374023,-1.5340100526809692
1710533018204532920,-9.442364692687988,-1.173559546470642,-1.750759243965149
1710533018234005168,-9.260342597961426,-0.9424402117729187,-1.8944604396820068
1710533018236067758,-9.260342597961426,-0.9424402117729187,-1.8944604396820068
1710533018242434762,-9.31782341003418,-1.353186011314392,-1.652563452720642
1710533018267241602,-9.277108192443848,-1.1783496141433716,-1.2549902200698853
1710533018275735036,-9.311836242675781,-0.8418493866920471,-1.247805118560791
1710533018303126660,-9.431587219238281,-0.6813830733299255,-1.311273217201233
1710533018326277031,-9.260342597961426,-1.6441808938980103,-1.6046631336212158
1710533018347303244,-9.517807960510254,-1.4022839069366455,-1.8046472072601318
1710533018370412793,-9.365723609924316,-1.607058048248291,-1.607058048248291
1710533018387362535,-9.321415901184082,-1.3172607421875,-1.4286291599273682
1710533018410617860,-9.388476371765137,-1.1053014993667603,-1.421444058418274
1710533018429238194,-9.388476371765137,-1.1053014993667603,-1.421444058418274
1710533018452491712,-9.3501558303833,-1.0226733684539795,-1.5352075099945068
1710533018481705933,-9.310638427734375,-1.152004361152649,-1.4561718702316284
1710533018534137644,-9.43757438659668,-1.4118640422821045,-1.8573375940322876
1710533018548727764,-9.43757438659668,-1.4118640422821045,-1.8573375940322876
1710533018552791632,-9.316625595092773,-1.1699670553207397,-1.8741028308868408
1710533018611772674,-9.348958969116211,-1.1699670553207397,-1.361568570137024
1710533018626431331,-9.27112102508545,-0.9364526271820068,-1.3280383348464966
1710533018680834133,-9.319021224975586,-1.1951147317886353,-1.7435742616653442
1710533018708755507,-9.41003131866455,-1.3400133848190308,-1.7735120058059692
1710533018724668283,-9.392068862915039,-1.3795312643051147,-1.4789245128631592
1710533018775441670,-9.308243751525879,-0.856219470500946,-1.910028100013733
1710533018792272742,-9.562115669250488,-1.511257290840149,-1.487307071685791
1710533018815988296,-9.164542198181152,-0.7915539741516113,-1.181942105293274
1710533018844930093,-9.430389404296875,-1.0957214832305908,-1.2549902200698853
1710533018897128297,-9.239985466003418,-1.6477733850479126,-1.6944763660430908
1710533018911817133,-9.724976539611816,-1.3591735363006592,-1.955533504486084
1710533018934987002,-9.279502868652344,-1.6441808938980103,-1.311273217201233
1710533018964247836,-9.392068862915039,-1.122066617012024,-1.25738525390625
1710533018989597071,-9.499844551086426,-0.9113049507141113,-1.7579443454742432
1710533019023278816,-9.370513916015625,-1.1867321729660034,-1.5651452541351318
1710533019048545447,-9.279502868652344,-1.3843213319778442,-1.4106664657592773
1710533019054583328,-9.263935089111328,-1.5136523246765137,-1.4717395305633545
1710533019073450298,-9.422006607055664,-1.566342830657959,-1.626218318939209
1710533019077866148,-9.388476371765137,-1.5040723085403442,-1.73638916015625
1710533019092548363,-9.353748321533203,-1.341210961341858,-1.862127661705017
1710533019107310490,-9.43757438659668,-1.2466076612472534,-1.790277123451233
1710533019130535848,-9.359736442565918,-1.113684058189392,-1.631008267402649
1710533019143040903,-9.370513916015625,-1.0514135360717773,-1.4777270555496216
1710533019159660118,-9.448351860046387,-0.8945397734642029,-1.3448034524917603
1710533019174496751,-9.286687850952148,-0.928070068359375,-1.2957055568695068
1710533019233101000,-9.340576171875,-1.243015170097351,-1.7555493116378784
1710533019256371236,-9.352551460266113,-1.431024193763733,-1.756746768951416
1710533019302420663,-9.486672401428223,-0.9424402117729187,-1.6944763660430908
1710533019332053165,-9.248368263244629,-1.0861413478851318,-1.7184264659881592
1710533019348567724,-9.283095359802246,-1.0825488567352295,-1.1412267684936523
1710533019361271873,-9.273515701293945,-0.8478369116783142,-1.1340417861938477
1710533019378080015,-9.200467109680176,-0.7400610446929932,-1.2298425436019897
1710533019395254802,-9.422006607055664,-0.8310717940330505,-1.3220508098602295
1710533019398980406,-9.465117454528809,-1.0705736875534058,-1.4178515672683716
1710533019424562794,-9.550140380859375,-1.4585669040679932,-1.880090355873108
1710533019445444257,-9.425599098205566,-1.3962963819503784,-1.7351917028427124
1710533019466302111,-9.32620620727539,-1.7711169719696045,-1.4394067525863647
1710533019489411389,-9.296268463134766,-1.6118481159210205,-1.307680606842041
1710533019533538295,-9.407636642456055,-0.8646020293235779,-1.7028589248657227
1710533019558847728,-9.341773986816406,-1.1412267684936523,-1.4681469202041626
1710533019571282391,-9.344168663024902,-1.3172607421875,-1.4058765172958374
1710533019579780306,-9.380093574523926,-1.332828402519226,-1.4058765172958374
1710533019621676527,-9.333391189575195,-1.3507909774780273,-1.7926721572875977
1710533019646752408,-9.338181495666504,-1.311273217201233,-1.8381774425506592
1710533019655226059,-9.431587219238281,-1.2621753215789795,-1.751956820487976
1710533019720286755,-9.380093574523926,-0.8933422565460205,-1.2981005907058716
1710533019745604971,-9.319021224975586,-1.2657678127288818,-1.6753162145614624
1710533019760287796,-9.425599098205566,-1.3148657083511353,-1.7914745807647705
1710533019779118210,-9.41003131866455,-1.362766146659851,-1.8238073587417603
1710533019797942599,-9.31782341003418,-1.4705419540405273,-1.6872912645339966
1710533019825491712,-9.35494613647461,-1.4849121570587158,-1.6178356409072876
1710533019850630160,-9.457932472229004,-1.1124866008758545,-1.7016613483428955
1710533019856714428,-9.297466278076172,-0.8765771389007568,-1.7591418027877808
1710533019932628777,-9.247170448303223,-0.7448510527610779,-1.211879849433899
1710533019978681338,-9.398056983947754,-1.1460168361663818,-1.8872753381729126
1710533019985150713,-9.311836242675781,-0.999920666217804,-1.8788927793502808
1710533020008116217,-9.347761154174805,-1.4453942775726318,-1.7890795469284058
1710533020018513637,-9.522597312927246,-1.682501196861267,-1.512454867362976
1710533020041686451,-9.396859169006348,-1.0454260110855103,-1.311273217201233
1710533020083942905,-9.389674186706543,-1.0406359434127808,-1.5447876453399658
1710533020098460082,-9.345366477966309,-1.1603869199752808,-1.4777270555496216
1710533020121818631,-9.383686065673828,-1.203497290611267,-1.4753320217132568
1710533020136414820,-9.269923210144043,-1.481319546699524,-1.5459851026535034
1710533020155502357,-9.362131118774414,-1.601070523262024,-1.586700439453125
1710533020165547041,-9.427994728088379,-1.6046631336212158,-1.6657360792160034
1710533020216070056,-9.341773986816406,-1.1963123083114624,-1.5843054056167603
1710533020230484902,-9.341773986816406,-1.1963123083114624,-1.5843054056167603
1710533020236803148,-9.424402236938477,-1.0442285537719727,-1.431024193763733
1710533020276532749,-9.313033103942871,-0.9113049507141113,-1.287322998046875
1710533020291457669,-9.345366477966309,-1.0071057081222534,-1.311273217201233
1710533020314462169,-9.39087200164795,-1.277742862701416,-1.5004796981811523
1710533020327012886,-9.383686065673828,-1.2705578804016113,-1.756746768951416
1710533020352835475,-9.371711730957031,-1.5100598335266113,-1.6190332174301147
1710533020375380499,-9.339378356933594,-1.442999243736267,-1.487307071685791
1710533020398542116,-9.48307991027832,-1.197509765625,-1.726809024810791
1710533020411273021,-9.284293174743652,-1.128054141998291,-1.751956820487976
1710533020425983402,-9.24357795715332,-1.362766146659851,-1.5603551864624023
1710533020449009746,-9.364526748657227,-1.0262658596038818,-1.1029064655303955
1710533020486743092,-9.2112455368042,-0.6334826946258545,-0.9316626191139221
1710533020510118073,-9.192085266113281,-1.640588402748108,-1.592687964439392
1710533020535279314,-9.359736442565918,-1.1400293111801147,-1.8094372749328613
1710533020560456885,-9.394464492797852,-1.772314429283142,-1.4932947158813477
1710533020612722010,-9.370513916015625,-1.1651769876480103,-1.3519885540008545
1710533020652781508,-9.309440612792969,-1.1244616508483887,-1.3699511289596558
1710533020682752437,-9.401649475097656,-1.2597802877426147,-1.4980846643447876
1710533020713538169,-9.472302436828613,-1.517244815826416,-1.6848962306976318
1710533020747326353,-9.42320442199707,-1.3519885540008545,-1.5591577291488647
1710533020765971731,-9.32620620727539,-1.1412267684936523,-1.4657520055770874
1710533020793004111,-9.419611930847168,-0.9951305985450745,-1.4046789407730103
1710533020803668241,-9.348958969116211,-1.1843371391296387,-1.3052856922149658
1710533020837209673,-9.406438827514648,-1.1304491758346558,-1.3160632848739624
1710533020858258386,-9.356143951416016,-1.2753479480743408,-1.6429834365844727
1710533020886084218,-9.339378356933594,-1.3747411966323853,-1.7028589248657227
1710533020915440941,-9.394464492797852,-1.481319546699524,-1.5220348834991455
1710533020919264805,-9.342970848083496,-1.4453942775726318,-1.4693444967269897
1710533020963353107,-9.461524963378906,-0.9220825433731079,-1.7687219381332397
1710533021003358691,-9.321415901184082,-1.0466235876083374,-1.002315640449524
1710533021026481056,-9.366921424865723,-0.9256750345230103,-1.2058923244476318
1710533021106208813,-9.429191589355469,-1.6477733850479126,-1.3783336877822876
1710533021133435760,-9.327404022216797,-1.3962963819503784,-1.2549902200698853
1710533021154575405,-9.319021224975586,-1.1627819538116455,-1.3460010290145874
1710533021179613526,-9.439969062805176,-0.706530749797821,-1.572330355644226
1710533021206869885,-9.346563339233398,-1.3735437393188477,-1.4382091760635376
1710533021238491450,-9.37769889831543,-1.331630825996399,-1.451381802558899
1710533021280427697,-9.431587219238281,-1.5938855409622192,-1.577120304107666
1710533021297314861,-9.278306007385254,-1.3004956245422363,-1.6992663145065308
1710533021318196187,-9.468709945678711,-1.1747571229934692,-1.5843054056167603
1710533021327033283,-9.348958969116211,-1.1196715831756592,-1.5340100526809692
1710533021335089679,-9.320218086242676,-1.038240909576416,-1.421444058418274
1710533021349714014,-9.425599098205566,-0.9184899926185608,-1.2789404392242432
1710533021417024418,-9.417217254638672,-1.2897180318832397,-1.7938696146011353
1710533021433495547,-9.396859169006348,-1.3579760789871216,-1.632205843925476
1710533021452511707,-9.362131118774414,-1.431024193763733,-1.632205843925476
1710533021513037635,-9.523795127868652,-1.1100915670394897,-1.6717236042022705
1710533021515205392,-9.283095359802246,-0.9496252536773682,-1.7627344131469727
1710533021523572152,-9.484277725219727,-1.5699353218078613,-1.2406201362609863
1710533021544626597,-9.353748321533203,-0.9604028463363647,-1.038240909576416
1710533021559328231,-9.223219871520996,-0.7759863138198853,-1.0693762302398682
1710533021582394467,-9.357341766357422,-1.4920971393585205,-1.4657520055770874
1710533021603441526,-9.459129333496094,-1.481319546699524,-1.6693285703659058
1710533021624869231,-9.4507474899292,-1.011895775794983,-1.8908679485321045
1710533021641015280,-9.392068862915039,-1.2154724597930908,-1.7411792278289795
1710533021655637620,-9.38608169555664,-1.7495617866516113,-1.361568570137024
1710533021663972520,-9.393266677856445,-1.7771044969558716,-1.2753479480743408
1710533021697826903,-9.485474586486816,-0.8466393947601318,-1.5447876453399658
1710533021731364327,-9.431587219238281,-0.9711804389953613,-1.3939013481140137
1710533021754437622,-9.338181495666504,-1.147214412689209,-1.3136682510375977
1710533021771810162,-9.389674186706543,-1.37713623046875,-1.431024193763733
1710533021800649031,-9.345366477966309,-1.5340100526809692,-1.6250207424163818
1710533021806876879,-9.439969062805176,-1.4501843452453613,-1.6992663145065308
1710533021827932904,-9.396859169006348,-1.3460010290145874,-1.6932787895202637
1710533021842688162,-9.466314315795898,-1.332828402519226,-1.5819103717803955
1710533021867600614,-9.43757438659668,-1.2286449670791626,-1.4956897497177124
1710533021910006640,-9.314230918884277,-1.1747571229934692,-1.3424084186553955
1710533021972997830,-9.358538627624512,-1.207089900970459,-1.780696988105774
1710533021987676022,-9.405241966247559,-1.2885204553604126,-1.7675243616104126
1710533022002343845,-9.332193374633789,-1.5783178806304932,-1.4406042098999023
1710533022025444643,-9.3501558303833,-1.452579379081726,-1.392703890800476
1710533022054653403,-9.516610145568848,-1.1460168361663818,-1.7016613483428955
1710533022069436866,-9.516610145568848,-1.1460168361663818,-1.7016613483428955
1710533022081964593,-9.347761154174805,-1.371148705482483,-1.5088622570037842
1710533022086270379,-9.344168663024902,-1.0262658596038818,-0.9663903713226318
1710533022100836172,-9.192085266113281,-0.7699987888336182,-1.0885363817214966
1710533022119862348,-9.48307991027832,-1.1951147317886353,-1.271755337715149
1710533022143113404,-9.285490989685059,-1.5795153379440308,-1.4944921731948853
1710533022197742889,-9.320218086242676,-1.023870825767517,-1.9866687059402466
1710533022212587542,-9.418414115905762,-1.8130297660827637,-1.2502001523971558
1710533022218883965,-9.287885665893555,-1.6489709615707397,-1.1711645126342773
1710533022239769084,-9.31782341003418,-1.173559546470642,-1.3136682510375977
1710533022256679011,-9.435179710388184,-0.9687854051589966,-1.3699511289596558
1710533022258697313,-9.478289604187012,-0.8310717940330505,-1.427431583404541
1710533022279336985,-9.526189804077148,-0.9125024676322937,-1.550775170326233
1710533022308789363,-9.23519515991211,-1.2645703554153442,-1.3400133848190308
1710533022340394615,-9.387279510498047,-1.4382091760635376,-1.4082714319229126
1710533022384747808,-9.345366477966309,-1.3424084186553955,-1.6585509777069092
1710533022445752502,-9.341773986816406,-1.003513216972351,-1.2202624082565308
1710533022456209513,-9.296268463134766,-1.092128872871399,-1.233435034751892
1710533022464520828,-9.296268463134766,-1.1939172744750977,-1.2861255407333374
1710533022483199656,-9.448351860046387,-1.2981005907058716,-1.4849121570587158
1710533022504894271,-9.389674186706543,-1.2861255407333374,-1.6178356409072876
1710533022510855173,-9.347761154174805,-1.2561877965927124,-1.6992663145065308
1710533022533986330,-9.328600883483887,-1.4621593952178955,-1.607058048248291
1710533022550977229,-9.382489204406738,-1.512454867362976,-1.4418017864227295
1710533022588643558,-9.181307792663574,-1.3100756406784058,-1.0226733684539795
1710533022615809942,-9.14657974243164,-0.8921447992324829,-0.8322693109512329
1710533022641058750,-9.27112102508545,-1.2657678127288818,-1.183139681816101
1710533022691506607,-9.551338195800781,-1.4477893114089966,-2.333946466445923
1710533022714848321,-9.381291389465332,-1.0514135360717773,-1.850152611732483
1710533022737944951,-9.381291389465332,-1.0514135360717773,-1.850152611732483
1710533022743931884,-9.487870216369629,-1.0406359434127808,-1.3448034524917603
1710533022760574407,-9.254355430603027,-1.0969189405441284,-1.107696533203125
1710533022767072634,-9.404044151306152,-1.183139681816101,-1.271755337715149
1710533022796655190,-9.184900283813477,-0.6598278880119324,-1.6848962306976318
1710533022804943211,-9.395661354064941,-0.8059240579605103,-1.8094372749328613
1710533022842543264,-9.37769889831543,-1.2909154891967773,-2.2513184547424316
1710533022955939763,-9.244775772094727,-1.353186011314392,-1.6777111291885376
1710533023004329469,-9.383686065673828,-1.5004796981811523,-2.0285816192626953
1710533023016890074,-9.406438827514648,-1.476529598236084,-2.315983772277832
1710533023044099591,-9.426796913146973,-1.2801378965377808,-2.315983772277832
1710533023052552078,-8.994495391845703,-1.326840877532959,-2.2788610458374023
1710533023058865211,-9.093889236450195,-1.5016772747039795,-2.0201990604400635
1710533023084012207,-9.486672401428223,-1.361568570137024,-2.1914429664611816
1710533023092494341,-9.313033103942871,-0.16046631336212158,-1.7830920219421387
1710533023119753955,-9.558523178100586,-0.10538086295127869,-1.7591418027877808
1710533023141095247,-9.368119239807129,-0.16286133229732513,-1.5579601526260376
1710533023163887448,-9.487870216369629,-1.826202392578125,-2.217787981033325
1710533023178604107,-9.259145736694336,-1.8788927793502808,-2.323168992996216
1710533023191337351,-9.053174018859863,-1.0454260110855103,-2.603386163711548
1710533023218627172,-9.214838027954102,-1.13763427734375,-2.414179801940918
1710533023254216828,-9.144184112548828,-0.9855505228042603,-1.936373233795166
1710533023262933871,-9.259145736694336,-0.7975414991378784,-1.8285974264144897
1710533023300382287,-9.169332504272461,-0.8107141256332397,-2.015408992767334
1710533023306932168,-9.292675971984863,-0.8382568359375,-1.7280066013336182
1710533023323498240,-9.496252059936523,-0.65863037109375,-2.204615592956543
1710533023359411988,-9.188492774963379,-1.0550061464309692,-2.6393115520477295
1710533023376159355,-9.242380142211914,-1.9483484029769897,-2.614163875579834
1710533023401296521,-8.964557647705078,-1.7794995307922363,-2.5399181842803955
1710533023426829624,-9.333391189575195,-0.9041198492050171,-2.212998151779175
1710533023516824048,-9.229207992553711,-0.7568261623382568,-2.5782384872436523
1710533023531649570,-9.10107421875,-0.628692626953125,-2.392624616622925
1710533023549184005,-9.242380142211914,-0.9568102955818176,-2.1986279487609863
1710533023583804386,-8.970545768737793,-1.4956897497177124,-2.253713369369507
1710533023613431574,-9.309440612792969,-0.6083349585533142,-2.872825860977173
1710533023630227893,-9.200467109680176,-0.6251000761985779,-2.762655019760132
1710533023659668761,-9.148974418640137,-0.7352709770202637,-2.7542724609375
1710533023666197457,-9.181307792663574,-0.8250842094421387,-2.5099804401397705
1710533023688677626,-9.606423377990723,-0.17962646484375,-3.0608348846435547
1710533023699290799,-9.182504653930664,-0.10418334603309631,-3.494333505630493
1710533023718242265,-9.365723609924316,-0.9029223918914795,-2.5698559284210205
1710533023734983648,-9.125024795532227,-0.880169689655304,-2.4081921577453613
1710533023749779510,-8.818462371826172,-0.8729846477508545,-2.2800586223602295
1710533023772562945,-9.223219871520996,-1.0286608934402466,-1.9327807426452637
1710533023797976764,-9.250762939453125,-1.13763427734375,-2.5387206077575684
1710533023802357241,-9.339378356933594,-1.002315640449524,-2.7698400020599365
1710533023827376934,-9.297466278076172,-0.9232800006866455,-2.9291088581085205
1710533023833561619,-9.351353645324707,-1.0286608934402466,-2.7710375785827637
1710533023852591739,-9.116641998291016,-1.0130932331085205,-2.5411157608032227
1710533023869031295,-9.066346168518066,-1.0071057081222534,-2.3315515518188477
1710533023942781252,-9.204059600830078,-0.7568261623382568,-2.762655019760132
1710533023953119824,-9.212442398071289,-0.8490344285964966,-2.7075695991516113
1710533023967810477,-9.156159400939941,-1.063388705253601,-2.5315356254577637
1710533023988784176,-9.174121856689453,-1.057401180267334,-2.4620800018310547
1710533024003526003,-9.13819694519043,-0.9616003632545471,-2.397414445877075
1710533024028848341,-9.092691421508789,-0.9017248749732971,-2.4117846488952637
1710533024041272042,-9.174121856689453,-0.7723938226699829,-2.5494983196258545
1710533024064712879,-9.205257415771484,-0.7053332328796387,-2.6417064666748047
1710533024079055613,-9.204059600830078,-0.736468493938446,-2.682421922683716
1710533024093777489,-9.19807243347168,-0.8047265410423279,-2.6692492961883545
1710533024125569806,-9.164542198181152,-0.9855505228042603,-2.4992029666900635
1710533024146607525,-9.156159400939941,-0.9424402117729187,-2.544708251953125
1710533024193190830,-9.164542198181152,-0.8741821050643921,-2.6393115520477295
1710533024260286468,-9.199270248413086,-0.8526269793510437,-2.532733201980591
1710533024280853037,-9.159751892089844,-0.8586145043373108,-2.616558790206909
1710533024312267752,-9.18370246887207,-0.9017248749732971,-2.66206431388855
1710533024318449096,-9.192085266113281,-0.9005273580551147,-2.5914111137390137
1710533024371097128,-9.140591621398926,-0.8885522484779358,-2.5387206077575684
1710533024409041493,-9.192085266113281,-0.8382568359375,-2.555485725402832
1710533024446723394,-9.180109977722168,-0.8657995462417603,-2.554288387298584
1710533024564638911,-9.182504653930664,-0.8634045124053955,-2.5602757930755615
1710533024604503187,-9.163344383239746,-0.8334667682647705,-2.553090810775757
1710533024619277581,-9.13819694519043,-0.8849596977233887,-2.572251081466675
1710533024642291160,-9.181307792663574,-0.8921447992324829,-2.5710535049438477
1710533024668273294,-9.178912162780762,-0.9029223918914795,-2.5710535049438477
1710533024715602130,-9.199270248413086,-0.880169689655304,-2.532733201980591
1710533024732592523,-9.17052936553955,-0.8538244366645813,-2.54231333732605
1710533024745235260,-9.166936874389648,-0.8646020293235779,-2.544708251953125
1710533024768366208,-9.159751892089844,-0.8837621808052063,-2.5578808784484863
1710533024829236517,-9.162147521972656,-0.9472302198410034,-2.584226131439209
1710533024837645409,-9.190887451171875,-0.928070068359375,-2.5686583518981934
1710533024845916333,-9.193282127380371,-0.8813672065734863,-2.5315356254577637
1710533024879434108,-9.140591621398926,-0.8418493866920471,-2.525547981262207
1710533024934482079,-9.169332504272461,-0.8598120212554932,-2.57464599609375
1710533024963788229,-9.184900283813477,-0.9029223918914795,-2.535128116607666
1710533025001726541,-9.142987251281738,-0.9364526271820068,-2.5818309783935547
1710533025018683669,-9.189689636230469,-0.8765771389007568,-2.5914111137390137
1710533025048111522,-9.204059600830078,-0.8705896139144897,-2.5782384872436523
1710533025061152103,-9.166936874389648,-0.8526269793510437,-2.596201181411743
1710533025063349703,-9.154962539672852,-0.8598120212554932,-2.585423469543457
1710533025083679714,-9.188492774963379,-0.868194580078125,-2.544708251953125
