bag_timestamp_ns,accel0_x,accel0_y,accel0_z
1710529087941489196,-8.714278221130371,-2.69439697265625,-3.1494507789611816
1710529087951984618,-8.647217750549316,-2.654879093170166,-3.142265558242798
1710529087958520587,-8.722661018371582,-2.683619499206543,-3.1171178817749023
1710529087968838185,-8.679551124572754,-2.733914852142334,-3.105142831802368
1710529087986064443,-8.674760818481445,-2.7710375785827637,-3.1566357612609863
1710529088055421058,-8.703500747680664,-2.8608508110046387,-3.162623405456543
1710529088093072197,-8.7322416305542,-2.8009753227233887,-3.1398706436157227
1710529088124818965,-8.680747985839844,-2.742297410964966,-3.1302905082702637
1710529088160436833,-8.702303886413574,-2.5004003047943115,-3.144660711288452
1710529088164570272,-8.738228797912598,-2.744692325592041,-3.093167781829834
1710529088196422771,-8.702303886413574,-2.8105554580688477,-3.184178352355957
1710529088231632762,-8.665180206298828,-2.8476781845092773,-3.2332763671875
1710529088271660517,-8.743019104003906,-2.705174446105957,-3.112327814102173
1710529088313408254,-8.690328598022461,-2.7315196990966797,-3.1698083877563477
1710529088334671843,-8.699908256530762,-2.605781316757202,-3.08598256111145
1710529088378966478,-8.709488868713379,-2.7183470726013184,-3.230881452560425
1710529088391559941,-8.77894401550293,-2.6512866020202637,-3.1889684200286865
1710529088418849011,-8.707093238830566,-3.08598256111145,-3.17340087890625
1710529088456741320,-8.817264556884766,-2.2393431663513184,-3.084785223007202
1710529088467133570,-8.65919303894043,-2.8883936405181885,-3.2165112495422363
1710529088473358744,-8.684340476989746,-2.5087828636169434,-3.171005964279175
1710529088496378982,-8.766968727111816,-2.714754581451416,-3.113525390625
1710529088502711824,-8.58494758605957,-2.733914852142334,-3.155438184738159
1710529088532234377,-8.796906471252441,-2.553090810775757,-3.0476622581481934
1710529088547106019,-8.766968727111816,-2.623744010925293,-3.2284862995147705
1710529088576691517,-8.628057479858398,-2.7794201374053955,-3.1566357612609863
1710529088620715897,-8.616083145141602,-2.644101619720459,-3.0907726287841797
1710529088666745925,-8.635242462158203,-2.5794360637664795,-3.112327814102173
1710529088681575283,-8.722661018371582,-2.6201512813568115,-3.093167781829834
1710529088707192957,-8.686736106872559,-2.7866051197052,-3.194956064224243
1710529088713525226,-8.697513580322266,-2.622546434402466,-3.041674852371216
1710529088738718560,-8.717870712280273,-2.7399022579193115,-3.1171178817749023
1710529088749149527,-8.721463203430176,-2.6596691608428955,-3.1171178817749023
1710529088770171858,-8.679551124572754,-2.7410998344421387,-3.1674132347106934
1710529088791280671,-8.686736106872559,-2.6081762313842773,-3.094365119934082
1710529088815144723,-8.709488868713379,-2.793790340423584,-3.1973509788513184
1710529088856400051,-8.679551124572754,-2.682421922683716,-3.132685661315918
1710529088873201482,-8.707093238830566,-2.7375073432922363,-3.1901659965515137
1710529088904716507,-8.708291053771973,-2.7219398021698,-3.105142831802368
1710529088959471663,-8.705896377563477,-2.6991870403289795,-3.1171178817749023
1710529088999358733,-8.668773651123047,-2.6884093284606934,-3.135080575942993
1710529089037344459,-8.655600547790527,-2.755470037460327,-3.3063244819641113
1710529089050123768,-8.7514009475708,-2.842888116836548,-3.192561149597168
1710529089091764433,-8.731043815612793,-2.6572742462158203,-3.163820743560791
1710529089117107891,-8.716673851013184,-2.745889902114868,-3.105142831802368
1710529089188629321,-8.766968727111816,-2.6979894638061523,-3.0608348846435547
1710529089215958453,-8.701106071472168,-2.6512866020202637,-3.1075377464294434
1710529089238931561,-8.740623474121094,-2.686014413833618,-3.161425828933716
1710529089268367931,-8.711883544921875,-2.6704468727111816,-3.1590306758880615
1710529089293449096,-8.686736106872559,-2.7590625286102295,-3.1458580493927
1710529089314412864,-8.635242462158203,-2.645298957824707,-3.131488084793091
1710529089335655774,-8.731043815612793,-2.7410998344421387,-3.191363573074341
1710529089344157089,-8.695117950439453,-2.6213488578796387,-3.1195130348205566
1710529089350407067,-8.716673851013184,-2.713557243347168,-3.193758487701416
1710529089375699690,-8.707093238830566,-2.783012628555298,-3.132685661315918
1710529089413477169,-8.710685729980469,-2.7494823932647705,-3.1099328994750977
1710529089440916313,-8.71906852722168,-2.7375073432922363,-3.1302905082702637
1710529089451250170,-8.653205871582031,-2.674039363861084,-3.1769933700561523
1710529089484914795,-8.737030982971191,-2.732717275619507,-3.161425828933716
1710529089501520656,-8.657995223999023,-2.702779531478882,-3.1290929317474365
1710529089560409523,-8.708291053771973,-2.623744010925293,-3.1374754905700684
1710529089587513634,-8.705896377563477,-2.8404932022094727,-3.1398706436157227
1710529089627450308,-8.709488868713379,-2.706372022628784,-3.012934684753418
1710529089650548458,-8.715476036071777,-2.7387049198150635,-3.2476465702056885
1710529089709040283,-8.638835906982422,-2.69439697265625,-3.1266980171203613
1710529089713304196,-8.707093238830566,-2.652484178543091,-3.1087353229522705
1710529089725818014,-8.697513580322266,-2.7291247844696045,-3.172203302383423
1710529089742606609,-8.692723274230957,-2.7375073432922363,-3.1398706436157227
1710529089778616159,-8.721463203430176,-2.6896069049835205,-3.230881452560425
1710529089780707282,-8.668773651123047,-2.6800267696380615,-3.1458580493927
1710529089803878799,-8.692723274230957,-2.6596691608428955,-3.1482532024383545
1710529089816900341,-8.68194580078125,-2.7602601051330566,-3.1566357612609863
1710529089833212527,-8.70469856262207,-2.6680517196655273,-3.132685661315918
1710529089845976211,-8.70469856262207,-2.6680517196655273,-3.132685661315918
1710529089868934531,-8.716673851013184,-2.7207422256469727,-3.132685661315918
1710529089894038945,-8.678353309631348,-2.7410998344421387,-3.084785223007202
1710529089976306501,-8.666378021240234,-2.6213488578796387,-3.165018320083618
1710529089999246761,-8.750204086303711,-2.653681755065918,-3.17340087890625
1710529090011959125,-8.683143615722656,-2.663261651992798,-3.1075377464294434
1710529090037016211,-8.695117950439453,-2.7099645137786865,-3.132685661315918
1710529090056044936,-8.684340476989746,-2.6596691608428955,-3.1266980171203613
1710529090070385783,-8.675958633422852,-2.725532293319702,-3.142265558242798
1710529090085411899,-8.729846000671387,-2.674039363861084,-3.171005964279175
1710529090120881966,-8.650810241699219,-2.652484178543091,-3.131488084793091
1710529090135946329,-8.710685729980469,-2.5674610137939453,-3.1099328994750977
1710529090148698268,-8.675958633422852,-2.7315196990966797,-3.191363573074341
1710529090178108507,-8.692723274230957,-2.7770252227783203,-3.101550340652466
1710529090201210511,-8.723858833312988,-2.6213488578796387,-3.135080575942993
1710529090272793795,-8.595725059509277,-2.852468252182007,-3.221301317214966
1710529090334024783,-8.701106071472168,-2.6488916873931885,-3.115920305252075
1710529090356902053,-8.69631576538086,-2.7003846168518066,-3.1458580493927
1710529090382260588,-8.692723274230957,-2.6908044815063477,-3.1494507789611816
1710529090407464270,-8.665180206298828,-2.7315196990966797,-3.155438184738159
1710529090457963148,-8.722661018371582,-2.7494823932647705,-3.0596375465393066
1710529090510405218,-8.714278221130371,-2.72672963142395,-3.1458580493927
1710529090514497605,-8.692723274230957,-2.644101619720459,-3.1769933700561523
1710529090527512306,-8.66757583618164,-2.616558790206909,-3.161425828933716
1710529090552690090,-8.655600547790527,-2.7291247844696045,-3.14106822013855
1710529090563161636,-8.690328598022461,-2.69439697265625,-3.165018320083618
1710529090582075759,-8.678353309631348,-2.6297314167022705,-3.1458580493927
1710529090602927873,-8.769364356994629,-2.775827646255493,-3.114722967147827
1710529090611544872,-8.654402732849121,-2.626138925552368,-3.151845693588257
1710529090622248554,-8.739426612854004,-2.684816837310791,-3.1686108112335205
1710529090638933103,-8.678353309631348,-2.706372022628784,-3.1674132347106934
1710529090664162755,-8.657995223999023,-2.715952157974243,-3.215313673019409
1710529090670480724,-8.657995223999023,-2.715952157974243,-3.215313673019409
1710529090699639572,-8.668773651123047,-2.586621046066284,-3.101550340652466
1710529090727153083,-8.677155494689941,-2.755470037460327,-3.1266980171203613
1710529090756687695,-8.701106071472168,-2.696791887283325,-3.105142831802368
1710529090769238112,-8.673563003540039,-2.6896069049835205,-3.153043270111084
1710529090784038603,-8.665180206298828,-2.743494987487793,-3.1781909465789795
1710529090800949118,-8.726253509521484,-2.6285338401794434,-3.0668225288391113
1710529090837120757,-8.723858833312988,-2.6680517196655273,-3.172203302383423
1710529090851636945,-8.669970512390137,-2.712359666824341,-3.1482532024383545
1710529090870476622,-8.701106071472168,-2.7890002727508545,-3.102747917175293
1710529090889095531,-8.690328598022461,-2.6704468727111816,-3.171005964279175
1710529090964979964,-8.734636306762695,-2.725532293319702,-3.1374754905700684
1710529091017773971,-8.710685729980469,-2.702779531478882,-3.1901659965515137
1710529091030305326,-8.702303886413574,-2.7387049198150635,-3.112327814102173
1710529091043113966,-8.690328598022461,-2.6584715843200684,-3.1602282524108887
1710529091068329369,-8.713081359863281,-2.723137140274048,-3.1207103729248047
1710529091080900358,-8.702303886413574,-2.6979894638061523,-3.1602282524108887
1710529091112591804,-8.668773651123047,-2.6991870403289795,-3.151845693588257
1710529091114504344,-8.733438491821289,-2.733914852142334,-3.131488084793091
1710529091145996357,-8.699908256530762,-2.714754581451416,-3.113525390625
1710529091175318829,-8.726253509521484,-2.6979894638061523,-3.17340087890625
1710529091196500976,-8.654402732849121,-2.665656805038452,-3.1901659965515137
1710529091219566787,-8.668773651123047,-2.7901978492736816,-3.1985485553741455
1710529091234301201,-8.710685729980469,-2.811753034591675,-3.112327814102173
1710529091236442967,-8.702303886413574,-2.6704468727111816,-3.083587646484375
1710529091265919456,-8.707093238830566,-2.802172899246216,-3.1662158966064453
1710529091293008301,-8.734636306762695,-2.723137140274048,-3.1207103729248047
1710529091381383942,-8.680747985839844,-2.8800110816955566,-3.171005964279175
1710529091385746323,-8.735834121704102,-2.644101619720459,-3.1075377464294434
1710529091394127081,-8.717870712280273,-2.6584715843200684,-3.123105525970459
1710529091415251098,-8.662785530090332,-2.756667375564575,-3.172203302383423
1710529091436287233,-8.69152545928955,-2.674039363861084,-3.0991551876068115
1710529091438139336,-8.714278221130371,-2.5914111137390137,-3.1470556259155273
1710529091494862445,-8.723858833312988,-2.6608667373657227,-3.123105525970459
1710529091526256042,-8.699908256530762,-2.5997936725616455,-3.131488084793091
1710529091541109595,-8.689130783081055,-2.7686426639556885,-3.162623405456543
1710529091562145111,-8.675958633422852,-2.6393115520477295,-3.135080575942993
1710529091623274736,-8.661587715148926,-2.751877546310425,-3.143463134765625
1710529091625386753,-8.661587715148926,-2.751877546310425,-3.143463134765625
1710529091639968208,-8.710685729980469,-2.6991870403289795,-3.1386730670928955
1710529091721948194,-8.650810241699219,-2.7506799697875977,-3.105142831802368
1710529091783202336,-8.679551124572754,-2.66206431388855,-3.1686108112335205
1710529091810478850,-8.625662803649902,-2.7542724609375,-3.1769933700561523
1710529091818723869,-8.721463203430176,-2.6417064666748047,-3.115920305252075
1710529091833509805,-8.70469856262207,-2.745889902114868,-3.1087353229522705
1710529091856709534,-8.687932968139648,-2.6812243461608887,-3.1470556259155273
1710529091871208996,-8.620872497558594,-2.4800426959991455,-3.1099328994750977
1710529091894400472,-8.692723274230957,-2.796185255050659,-3.1769933700561523
1710529091923911215,-8.721463203430176,-2.793790340423584,-3.1602282524108887
1710529091955595741,-8.702303886413574,-2.6201512813568115,-3.17340087890625
1710529092081498272,-8.713081359863281,-2.702779531478882,-3.1290929317474365
1710529092104626657,-8.692723274230957,-2.6908044815063477,-3.1362781524658203
1710529092140706687,-8.689130783081055,-2.692002058029175,-3.1506481170654297
1710529092174289123,-8.646020889282227,-2.683619499206543,-3.1458580493927
1710529092193288941,-8.750204086303711,-2.703977108001709,-3.151845693588257
1710529092208477107,-8.663983345031738,-2.676434278488159,-3.165018320083618
1710529092224822450,-8.663983345031738,-2.676434278488159,-3.165018320083618
1710529092231284704,-8.586145401000977,-2.9566516876220703,-3.32548451423645
1710529092254298495,-8.679551124572754,-2.2189855575561523,-2.9578490257263184
1710529092266970522,-8.613687515258789,-2.955454111099243,-3.3853600025177
1710529092291010150,-8.652008056640625,-2.6872119903564453,-2.924318790435791
1710529092317178043,-8.67236614227295,-2.735112190246582,-3.283571720123291
1710529092344604438,-8.648415565490723,-2.636916399002075,-3.082390069961548
1710529092411885959,-8.698711395263672,-2.7399022579193115,-3.1997461318969727
1710529092439632766,-8.683143615722656,-2.5973987579345703,-3.1099328994750977
1710529092453794113,-8.770561218261719,-2.7602601051330566,-3.154240608215332
1710529092476954494,-8.673563003540039,-2.6393115520477295,-3.1290929317474365
1710529092495786886,-8.687932968139648,-2.703977108001709,-3.17340087890625
1710529092517294035,-8.684340476989746,-2.6788294315338135,-3.132685661315918
1710529092527623758,-8.740623474121094,-2.66206431388855,-3.1207103729248047
1710529092550612868,-8.668773651123047,-2.6476941108703613,-3.182981014251709
1710529092582283392,-8.710685729980469,-2.7015819549560547,-3.181783437728882
1710529092628533476,-8.70469856262207,-2.6896069049835205,-3.1003527641296387
1710529092692331826,-8.68194580078125,-2.742297410964966,-3.1195130348205566
1710529092697436475,-8.634045600891113,-2.674039363861084,-3.1458580493927
1710529092718551172,-8.671168327331543,-2.6704468727111816,-3.114722967147827
1710529092735347360,-8.762179374694824,-2.7279272079467773,-3.154240608215332
1710529092739594000,-8.699908256530762,-2.7207422256469727,-3.262016534805298
1710529092754549438,-8.78732681274414,-2.724334716796875,-3.5985169410705566
1710529092773499929,-8.543034553527832,-2.9075536727905273,-2.994971990585327
1710529092792612756,-8.854387283325195,-2.883603572845459,-2.66206431388855
1710529092809175119,-8.820857048034668,-3.105142831802368,-3.0069470405578613
1710529092829969486,-8.693921089172363,-2.665656805038452,-3.002156972885132
1710529092859682646,-8.695117950439453,-2.6213488578796387,-3.4955310821533203
1710529092878605405,-8.593330383300781,-2.775827646255493,-3.203338623046875
1710529092920262448,-8.695117950439453,-2.8812084197998047,-3.393742561340332
1710529092941149446,-8.6316499710083,-2.891986131668091,-3.1961536407470703
1710529092960493969,-8.586145401000977,-2.7542724609375,-3.1578333377838135
1710529092983410234,-8.709488868713379,-2.8476781845092773,-3.1183154582977295
1710529093012794350,-8.743019104003906,-2.5375232696533203,-3.252436637878418
1710529093025694453,-8.617280006408691,-2.702779531478882,-3.2859668731689453
1710529093042248965,-8.747808456420898,-2.8369007110595703,-3.0967602729797363
1710529093086467245,-8.679551124572754,-2.632126569747925,-3.223696231842041
1710529093124435061,-8.716673851013184,-2.705174446105957,-3.1566357612609863
1710529093172750057,-8.680747985839844,-2.7279272079467773,-3.161425828933716
1710529093189517462,-8.699908256530762,-2.6608667373657227,-3.264411687850952
1710529093221269676,-8.699908256530762,-2.7542724609375,-3.1183154582977295
1710529093244779134,-8.652008056640625,-2.7111620903015137,-3.1997461318969727
1710529093258950669,-8.721463203430176,-2.733914852142334,-3.143463134765625
1710529093347126731,-8.654402732849121,-2.9183313846588135,-2.435734748840332
1710529093422908311,-8.714278221130371,-2.796185255050659,-3.314707040786743
1710529093441795062,-8.708291053771973,-2.796185255050659,-3.3673975467681885
1710529093477262577,-8.604107856750488,-2.811753034591675,-3.1362781524658203
1710529093498327575,-8.707093238830566,-2.585423469543457,-3.123105525970459
1710529093521180038,-8.634045600891113,-2.5183629989624023,-3.1566357612609863
1710529093601390068,-8.677155494689941,-2.6500890254974365,-2.944676399230957
1710529093618151737,-8.822054862976074,-2.506387948989868,-3.0871801376342773
1710529093635091419,-8.662785530090332,-2.834505558013916,-3.1865735054016113
1710529093639292496,-8.794511795043945,-2.8081603050231934,-3.2500414848327637
1710529093649790922,-8.589737892150879,-2.645298957824707,-3.0967602729797363
1710529093672974523,-8.692723274230957,-2.472857713699341,-3.056044816970825
1710529093695949639,-8.653205871582031,-2.7878026962280273,-3.1506481170654297
1710529093723150404,-8.668773651123047,-2.753074884414673,-3.132685661315918
1710529093738180481,-8.7418212890625,-2.562670946121216,-3.171005964279175
1710529093771689850,-8.6316499710083,-2.596201181411743,-3.0764026641845703
1710529093780083969,-8.66757583618164,-2.816542863845825,-3.17340087890625
1710529093805322923,-8.616083145141602,-2.7913951873779297,-3.1398706436157227
1710529093841000003,-8.869955062866211,-2.6081762313842773,-3.3673975467681885
1710529093892949102,-8.582552909851074,-3.0177245140075684,-1.951940894126892
1710529093901832873,-8.642428398132324,-2.9698243141174316,-2.931504011154175
1710529093931480451,-8.569379806518555,-2.8201355934143066,-3.494333505630493
1710529093952388840,-8.8711519241333,-2.4010071754455566,-3.113525390625
1710529094040581505,-8.83881950378418,-2.683619499206543,-3.0967602729797363
1710529094055277299,-8.738228797912598,-2.374661922454834,-3.1362781524658203
1710529094094387714,-8.605304718017578,-3.204536199569702,-3.392545223236084
1710529094094553658,-8.647217750549316,-2.844085693359375,-3.056044816970825
1710529094116306507,-8.813672065734863,-2.6608667373657227,-2.9111461639404297
1710529094174861657,-8.716673851013184,-2.9614417552948,-3.351829767227173
1710529094204235993,-8.686736106872559,-2.706372022628784,-3.1195130348205566
1710529094231700708,-8.840017318725586,-2.766247510910034,-3.1302905082702637
1710529094300838947,-8.6124906539917,-2.8967761993408203,-3.174598455429077
1710529094309384622,-8.837621688842773,-2.7015819549560547,-3.1302905082702637
1710529094322034308,-8.687932968139648,-2.5794360637664795,-3.071612596511841
1710529094360119422,-8.590934753417969,-2.8081603050231934,-3.165018320083618
1710529094370672597,-8.889115333557129,-2.644101619720459,-3.410507917404175
1710529094391559726,-8.722661018371582,-2.6476941108703613,-3.840413808822632
1710529094414875243,-8.574170112609863,-2.8105554580688477,-2.7219398021698
1710529094427376306,-8.604107856750488,-2.9782068729400635,-1.9052380323410034
1710529094452573665,-8.683143615722656,-2.484832763671875,-3.5158886909484863
1710529094476114785,-8.783734321594238,-3.3661999702453613,-2.515968084335327
1710529094478039033,-8.468789100646973,-3.242856502532959,-3.072810173034668
1710529094500940513,-8.965755462646484,-2.3087987899780273,-2.785407781600952
1710529094513852602,-8.60770034790039,-2.526745557785034,-2.9087512493133545
1710529094534910790,-8.812474250793457,-2.7387049198150635,-3.331472158432007
1710529094564288662,-8.593330383300781,-2.8967761993408203,-3.125500440597534
1710529094579081580,-8.587342262268066,-2.7578649520874023,-3.083587646484375
1710529094595891964,-8.837621688842773,-2.2920336723327637,-3.114722967147827
1710529094608573084,-8.656798362731934,-2.2094054222106934,-3.1386730670928955
1710529094644301659,-8.660390853881836,-2.816542863845825,-2.905158758163452
1710529094677790002,-8.656798362731934,-2.384242057800293,-3.0273046493530273
1710529094700909281,-8.734636306762695,-2.577040910720825,-2.974614143371582
1710529094707235661,-8.683143615722656,-2.9303064346313477,-3.0991551876068115
1710529094720126272,-8.705896377563477,-2.913541316986084,-3.305126905441284
1710529094745124992,-8.747808456420898,-2.686014413833618,-3.1362781524658203
1710529094759907485,-8.678353309631348,-2.595003604888916,-2.945873975753784
1710529094774427187,-8.83881950378418,-2.6213488578796387,-2.963836669921875
1710529094795590078,-8.589737892150879,-2.8979735374450684,-3.1805858612060547
1710529094829162431,-8.744215965270996,-2.90156626701355,-3.1290929317474365
1710529094930980104,-8.800498962402344,-2.66206431388855,-3.8559813499450684
1710529094944946114,-8.473579406738281,-2.7794201374053955,-2.6273365020751953
1710529094976663276,-8.549022674560547,-2.106419563293457,-3.3003368377685547
1710529095010222867,-8.650810241699219,-2.577040910720825,-3.494333505630493
1710529095029020817,-8.540639877319336,-2.8369007110595703,-3.7182679176330566
1710529095037517063,-8.739426612854004,-2.645298957824707,-3.4260754585266113
1710529095062759235,-8.634045600891113,-2.3818469047546387,-2.6201512813568115
1710529095077521752,-8.768166542053223,-2.5686583518981934,-3.251239061355591
1710529095098452810,-8.686736106872559,-3.052452325820923,-3.2272887229919434
1710529095113251601,-8.589737892150879,-2.695594549179077,-3.1183154582977295
1710529095125818008,-8.723858833312988,-2.3578968048095703,-3.044069766998291
1710529095136362725,-8.856781959533691,-2.105222225189209,-3.131488084793091
1710529095174341385,-8.717870712280273,-2.856060743331909,-2.8369007110595703
1710529095182663479,-8.467591285705566,-3.0105395317077637,-3.271596670150757
1710529095201728209,-8.820857048034668,-2.632126569747925,-2.9398865699768066
1710529095212214552,-8.721463203430176,-2.632126569747925,-2.9398865699768066
1710529095231220909,-8.619675636291504,-2.465672492980957,-3.105142831802368
1710529095239535167,-8.829239845275879,-2.614163875579834,-3.003354549407959
1710529095256296675,-8.626860618591309,-2.875221014022827,-3.2692017555236816
1710529095294014760,-8.81606674194336,-2.563868522644043,-3.0261070728302
1710529095327951729,-8.772956848144531,-2.535128116607666,-3.1075377464294434
1710529095329887989,-8.70469856262207,-2.696791887283325,-3.0668225288391113
1710529095353022735,-8.592132568359375,-2.802172899246216,-3.125500440597534
1710529095373998380,-8.800498962402344,-2.864443302154541,-3.1769933700561523
1710529095394921546,-8.728649139404297,-2.702779531478882,-3.1063404083251953
1710529095405536566,-8.725055694580078,-2.616558790206909,-3.0787975788116455
1710529095426557457,-8.786128997802734,-2.6596691608428955,-3.105142831802368
1710529095443409169,-8.643625259399414,-2.7913951873779297,-3.144660711288452
1710529095479123333,-8.689130783081055,-2.743494987487793,-3.1302905082702637
1710529095493833151,-8.551417350769043,-2.577040910720825,-3.3781750202178955
1710529095499974715,-8.589737892150879,-2.8488757610321045,-2.0680992603302
1710529095533447545,-8.697513580322266,-2.1399500370025635,-3.430865526199341
1710529095550605916,-8.647217750549316,-3.2703990936279297,-2.8380980491638184
1710529095569535440,-8.570577621459961,-3.044069766998291,-3.382965087890625
1710529095657736413,-8.795709609985352,-3.024909734725952,-3.1769933700561523
1710529095672431145,-8.754993438720703,-2.3279590606689453,-3.1278955936431885
1710529095693138101,-8.844806671142578,-2.1986279487609863,-3.0895752906799316
1710529095712282597,-8.600515365600586,-2.924318790435791,-2.963836669921875
1710529095743760454,-8.611292839050293,-3.005749464035034,-3.3458423614501953
1710529095777472673,-8.728649139404297,-2.314786434173584,-3.123105525970459
1710529095785942691,-8.758586883544922,-2.513572931289673,-2.9985644817352295
1710529095823851402,-8.823251724243164,-2.9207262992858887,-3.244053840637207
1710529095825912528,-8.823251724243164,-2.891986131668091,-3.302731990814209
1710529095855288922,-8.800498962402344,-2.652484178543091,-2.9686267375946045
1710529095882451537,-8.780141830444336,-2.903961181640625,-3.1183154582977295
1710529095922340108,-8.638835906982422,-2.7171497344970703,-3.105142831802368
1710529095945615237,-8.70469856262207,-2.524350643157959,-3.091970205307007
1710529095958203027,-8.770561218261719,-2.742297410964966,-3.065624952316284
1710529095981180417,-8.799302101135254,-2.7602601051330566,-3.1386730670928955
1710529096012447601,-8.81127643585205,-2.696791887283325,-3.144660711288452
1710529096035739581,-8.83881950378418,-2.7878026962280273,-3.5362462997436523
1710529096048360848,-8.560997009277344,-2.7686426639556885,-3.252436637878418
1710529096088253098,-8.695117950439453,-2.517165422439575,-3.3685948848724365
1710529096102862480,-8.859177589416504,-2.835703134536743,-2.695594549179077
1710529096138937224,-8.6124906539917,-3.2093262672424316,-3.324287176132202
1710529096238260668,-8.766968727111816,-2.4776477813720703,-3.155438184738159
1710529096242480514,-8.57656478881836,-2.7183470726013184,-3.321892023086548
1710529096250592809,-8.818462371826172,-2.7578649520874023,-2.924318790435791
1710529096267694380,-8.604107856750488,-3.0584399700164795,-3.282374382019043
1710529096282203474,-8.604107856750488,-3.0584399700164795,-3.282374382019043
1710529096292191063,-8.65919303894043,-2.6512866020202637,-3.0273046493530273
1710529096311527353,-8.880732536315918,-2.4117846488952637,-3.056044816970825
1710529096360074027,-8.786128997802734,-2.8213329315185547,-3.171005964279175
1710529096404461627,-8.814868927001953,-2.435734748840332,-3.0081446170806885
1710529096414726939,-8.731043815612793,-2.5219554901123047,-3.0308971405029297
1710529096454426633,-8.768166542053223,-2.8201355934143066,-3.1003527641296387
1710529096465294280,-8.768166542053223,-2.72672963142395,-3.1087353229522705
1710529096471599032,-8.83881950378418,-2.5602757930755615,-3.0201196670532227
1710529096511322587,-8.618477821350098,-2.5303380489349365,-3.074007511138916
1710529096536659773,-8.82444953918457,-2.652484178543091,-3.1075377464294434
1710529096557592083,-8.625662803649902,-2.6608667373657227,-3.114722967147827
1710529096585003933,-8.749006271362305,-2.565065860748291,-3.8260436058044434
1710529096641727313,-8.564589500427246,-1.936373233795166,-3.245251417160034
1710529096660377562,-8.709488868713379,-2.925516366958618,-2.6896069049835205
1710529096671417860,-8.632847785949707,-3.054847478866577,-3.4859509468078613
1710529096700344742,-8.632847785949707,-2.1483325958251953,-2.833308219909668
1710529096752960578,-8.818462371826172,-2.793790340423584,-2.9997620582580566
1710529096767664085,-8.818462371826172,-2.793790340423584,-2.9997620582580566
1710529096788735687,-8.70469856262207,-2.1591100692749023,-3.075205087661743
1710529096792819696,-8.818462371826172,-2.692002058029175,-2.871628522872925
1710529096805615979,-8.624464988708496,-2.9195287227630615,-2.9698243141174316
1710529096814032899,-8.734636306762695,-3.034489631652832,-3.2488439083099365
1710529096837228176,-8.726253509521484,-2.865640878677368,-2.9410839080810547
1710529096864589851,-8.726253509521484,-2.865640878677368,-2.9410839080810547
1710529096883680231,-8.663983345031738,-2.69439697265625,-3.023712158203125
1710529096919050833,-8.733438491821289,-2.743494987487793,-3.083587646484375
1710529096931751821,-8.733438491821289,-2.743494987487793,-3.083587646484375
1710529096961514569,-8.679551124572754,-2.495610237121582,-2.945873975753784
1710529096978408460,-8.814868927001953,-2.811753034591675,-3.1686108112335205
1710529097022442713,-8.807683944702148,-2.9075536727905273,-3.034489631652832
1710529097039368195,-8.822054862976074,-2.636916399002075,-3.163820743560791
1710529097052114769,-8.799302101135254,-2.6680517196655273,-3.1171178817749023
1710529097127429148,-8.947793006896973,-2.7494823932647705,-3.354224920272827
1710529097161375345,-8.812474250793457,-2.653681755065918,-2.555485725402832
1710529097194995823,-8.677155494689941,-3.105142831802368,-3.4476306438446045
1710529097234987206,-8.810079574584961,-2.72672963142395,-3.0261070728302
1710529097264320050,-8.72745132446289,-2.355501651763916,-2.792592763900757
1710529097272644641,-8.849596977233887,-3.0261070728302,-3.062032461166382
1710529097314543900,-8.733438491821289,-2.822530508041382,-3.0404772758483887
1710529097340085458,-8.78732681274414,-2.674039363861084,-2.994971990585327
1710529097352761429,-8.849596977233887,-2.8488757610321045,-2.876418352127075
1710529097388380606,-8.663983345031738,-2.962639093399048,-3.305126905441284
1710529097428320208,-8.714278221130371,-2.732717275619507,-2.9686267375946045
1710529097442961127,-8.714278221130371,-2.732717275619507,-2.9686267375946045
1710529097480644534,-8.75619125366211,-2.5471031665802,-2.984194278717041
1710529097499354678,-8.782536506652832,-2.652484178543091,-2.9506640434265137
1710529097520820647,-8.70469856262207,-2.6979894638061523,-3.1195130348205566
1710529097577441414,-8.768166542053223,-2.6584715843200684,-2.974614143371582
1710529097594313541,-8.772956848144531,-2.7698400020599365,-3.0476622581481934
1710529097625661090,-8.661587715148926,-2.7590625286102295,-2.996169328689575
1710529097672094285,-8.513096809387207,-2.8285181522369385,-2.283651113510132
1710529097699041232,-9.07832145690918,-2.751877546310425,-2.865640878677368
1710529097709644094,-8.448431015014648,-1.9387682676315308,-3.38057017326355
1710529097734718661,-8.793313980102539,-2.7602601051330566,-3.0967602729797363
1710529097800202455,-8.701106071472168,-2.7171497344970703,-3.174598455429077
1710529097814921370,-8.673563003540039,-3.023712158203125,-3.103945255279541
1710529097823297744,-8.669970512390137,-2.8369007110595703,-3.103945255279541
1710529097842258722,-8.7514009475708,-2.8189380168914795,-2.9710216522216797
1710529097918206307,-8.715476036071777,-2.9770092964172363,-3.244053840637207
1710529097953846240,-8.723858833312988,-2.5506958961486816,-3.1003527641296387
1710529097970660837,-8.723858833312988,-2.5506958961486816,-3.1003527641296387
1710529098008581921,-8.780141830444336,-2.533930778503418,-3.052452325820923
1710529098035892481,-8.6220703125,-2.5219554901123047,-3.131488084793091
1710529098050659643,-8.873547554016113,-2.523153066635132,-2.994971990585327
1710529098073830416,-8.641230583190918,-2.876418352127075,-3.212918758392334
1710529098082127549,-8.662785530090332,-2.871628522872925,-2.9506640434265137
1710529098090860241,-8.613687515258789,-2.5483007431030273,-3.124302864074707
1710529098102904131,-8.762179374694824,-2.6692492961883545,-3.075205087661743
1710529098130467316,-8.777746200561523,-2.695594549179077,-2.9279112815856934
1710529098153458686,-8.836424827575684,-2.5195605754852295,-3.035687208175659
1710529098177332201,-8.760981559753418,-2.624941349029541,-3.094365119934082
1710529098195698926,-8.703500747680664,-2.775827646255493,-3.414100408554077
1710529098225182622,-8.58494758605957,-2.577040910720825,-3.2189061641693115
1710529098254817226,-8.628057479858398,-2.014211416244507,-3.235671281814575
1710529098275809297,-8.628057479858398,-2.014211416244507,-3.235671281814575
1710529098291557797,-8.589737892150879,-2.935096502304077,-3.3865575790405273
1710529098319456093,-8.899892807006836,-2.3602917194366455,-2.642904043197632
1710529098325823774,-8.673563003540039,-2.5674610137939453,-3.192561149597168
1710529098361952042,-8.753796577453613,-2.862048387527466,-2.8979735374450684
1710529098387279256,-8.637638092041016,-2.8740234375,-3.1290929317474365
1710529098412432694,-8.749006271362305,-2.205812931060791,-3.1195130348205566
1710529098433358876,-8.784931182861328,-2.6417064666748047,-2.815345525741577
1710529098469186713,-8.583749771118164,-2.923121452331543,-3.1985485553741455
1710529098504836417,-8.749006271362305,-2.355501651763916,-2.9099488258361816
1710529098508962762,-8.799302101135254,-2.614163875579834,-2.805765390396118
1710529098523889683,-8.655600547790527,-2.8105554580688477,-3.1961536407470703
1710529098542744326,-8.734636306762695,-2.965034246444702,-3.111130475997925
1710529098555412162,-8.777746200561523,-2.644101619720459,-2.9997620582580566
1710529098570195345,-8.733438491821289,-2.496807813644409,-3.0979578495025635
1710529098584868065,-8.7514009475708,-2.496807813644409,-3.0979578495025635
1710529098597446974,-8.763376235961914,-2.5878186225891113,-2.853665828704834
1710529098622706151,-8.701106071472168,-2.7410998344421387,-3.1865735054016113
1710529098658526089,-8.794511795043945,-2.9710216522216797,-2.9997620582580566
1710529098690884066,-8.763376235961914,-2.6417064666748047,-2.9997620582580566
1710529098715106763,-8.685538291931152,-2.6476941108703613,-3.035687208175659
1710529098755389569,-8.703500747680664,-2.7171497344970703,-3.0464649200439453
1710529098837050105,-8.865164756774902,-2.263293504714966,-3.3685948848724365
1710529098878950723,-8.865164756774902,-2.543510675430298,-3.0081446170806885
1710529098883239111,-8.600515365600586,-2.48722767829895,-2.8189380168914795
1710529098921151426,-8.774153709411621,-3.0572423934936523,-3.131488084793091
1710529098944218428,-8.717870712280273,-2.4992029666900635,-2.9806017875671387
1710529098956801293,-8.722661018371582,-2.153122663497925,-3.1087353229522705
1710529098971369297,-8.841214179992676,-2.5890161991119385,-2.924318790435791
1710529098986081695,-8.653205871582031,-2.9865894317626953,-3.033292293548584
1710529098992379456,-8.746611595153809,-2.931504011154175,-3.215313673019409
1710529099027881807,-8.540639877319336,-2.9279112815856934,-3.263214111328125
1710529099062115710,-8.6316499710083,-2.653681755065918,-2.9937744140625
1710529099091044020,-8.800498962402344,-2.8871960639953613,-3.0883777141571045
1710529099101161138,-8.745413780212402,-2.586621046066284,-3.0404772758483887
1710529099120517371,-8.715476036071777,-2.605781316757202,-2.9877867698669434
1710529099158194199,-8.774153709411621,-2.792592763900757,-3.1290929317474365
1710529099192155847,-8.652008056640625,-2.6417064666748047,-3.103945255279541
1710529099208847318,-8.758586883544922,-2.592608690261841,-2.9171338081359863
1710529099271985197,-8.835227012634277,-2.8584558963775635,-2.985391855239868
1710529099311889730,-8.743019104003906,-2.696791887283325,-3.2787816524505615
1710529099334966989,-8.743019104003906,-2.696791887283325,-3.2787816524505615
1710529099412773690,-8.629255294799805,-2.9386889934539795,-3.4200878143310547
1710529099446225134,-8.771759033203125,-2.4513025283813477,-3.115920305252075
1710529099482038140,-8.77894401550293,-2.811753034591675,-3.0380823612213135
1710529099508963397,-8.655600547790527,-2.1183948516845703,-3.125500440597534
1710529099525877425,-8.855585098266602,-2.4980053901672363,-3.003354549407959
1710529099568323441,-8.780141830444336,-3.045267343521118,-2.925516366958618
1710529099579210195,-8.695117950439453,-2.932701349258423,-2.965034246444702
1710529099599745740,-8.75619125366211,-2.6716442108154297,-2.924318790435791
1710529099612800784,-8.75619125366211,-2.6716442108154297,-2.9470715522766113
1710529099631332128,-8.707093238830566,-2.876418352127075,-3.1003527641296387
1710529099633369586,-8.707093238830566,-2.876418352127075,-3.1003527641296387
1710529099660622435,-8.735834121704102,-2.7770252227783203,-3.011737108230591
1710529099677462503,-8.77894401550293,-2.5578808784484863,-2.994971990585327
1710529099692784353,-8.790919303894043,-2.6512866020202637,-2.9686267375946045
1710529099706687861,-8.652008056640625,-2.9063560962677,-3.0285022258758545
1710529099717178099,-8.774153709411621,-2.9063560962677,-3.0285022258758545
1710529099729807247,-8.690328598022461,-2.672841787338257,-3.103945255279541
1710529099755334900,-8.760981559753418,-2.6393115520477295,-3.0308971405029297
1710529099797318687,-8.69631576538086,-2.553090810775757,-3.0608348846435547
1710529099812124722,-8.673563003540039,-2.6512866020202637,-3.1195130348205566
1710529099826853434,-8.804091453552246,-2.7794201374053955,-3.065624952316284
1710529099858251099,-8.873547554016113,-2.7578649520874023,-3.391347646713257
1710529099895825433,-8.628057479858398,-2.592608690261841,-2.415377140045166
1710529099938259151,-8.66757583618164,-2.736309766769409,-3.4176928997039795
1710529099963308266,-8.879534721374512,-2.553090810775757,-2.624941349029541
1710529099969833466,-8.725055694580078,-2.4477100372314453,-3.0991551876068115
1710529099992902141,-8.733438491821289,-2.9794042110443115,-3.0165271759033203
1710529100005408361,-8.677155494689941,-2.871628522872925,-3.0764026641845703
1710529100047299842,-8.84720230102539,-2.7303223609924316,-3.023712158203125
1710529100078989606,-8.806487083435059,-2.2225780487060547,-3.054847478866577
1710529100148277392,-8.75619125366211,-2.8009753227233887,-2.9099488258361816
1710529100163078330,-8.692723274230957,-2.925516366958618,-3.0764026641845703
1710529100192506587,-8.735834121704102,-2.705174446105957,-3.0105395317077637
1710529100230198022,-8.737030982971191,-2.78181529045105,-3.131488084793091
1710529100251467798,-8.697513580322266,-2.872825860977173,-2.981799364089966
1710529100282512263,-8.746611595153809,-2.8883936405181885,-2.9782068729400635
1710529100294903451,-8.665180206298828,-2.615361213684082,-3.0967602729797363
1710529100339222197,-8.716673851013184,-2.5902135372161865,-3.051254987716675
1710529100358271262,-8.769364356994629,-2.766247510910034,-3.0464649200439453
1710529100383479556,-8.886719703674316,-2.7410998344421387,-3.355422258377075
1710529100412953328,-8.933423042297363,-2.9099488258361816,-2.098037004470825
1710529100467343740,-8.642428398132324,-2.2417383193969727,-3.1805858612060547
1710529100520021236,-8.922645568847656,-2.347119092941284,-2.577040910720825
1710529100528446409,-8.671168327331543,-2.426154851913452,-2.8883936405181885
1710529100557864346,-8.717870712280273,-3.0488598346710205,-3.103945255279541
1710529100564199427,-8.861572265625,-2.692002058029175,-2.963836669921875
1710529100585199071,-8.79211711883545,-2.4704625606536865,-2.975811719894409
1710529100608435477,-8.810079574584961,-2.233355760574341,-3.0787975788116455
1710529100669264387,-8.705896377563477,-2.463277578353882,-3.0308971405029297
1710529100693898777,-8.762179374694824,-2.3111939430236816,-2.9207262992858887
1710529100711076664,-8.70469856262207,-2.7387049198150635,-3.041674852371216
1710529100738648136,-8.784931182861328,-2.973416805267334,-2.996169328689575
1710529100747053520,-8.750204086303711,-2.5782384872436523,-3.033292293548584
1710529100791155287,-8.842411994934082,-2.634521484375,-2.894381046295166
1710529100873103626,-8.739426612854004,-2.783012628555298,-3.003354549407959
1710529100931991289,-8.749006271362305,-2.7806177139282227,-3.0764026641845703
1710529100955220232,-8.735834121704102,-2.5015978813171387,-3.5194811820983887
1710529100957366962,-8.869955062866211,-2.925516366958618,-1.9986437559127808
1710529100976135024,-8.795709609985352,-2.775827646255493,-2.2309606075286865
1710529100987243567,-8.713081359863281,-2.0692968368530273,-3.493135929107666
1710529101003214056,-8.873547554016113,-2.834505558013916,-2.36747670173645
1710529101045431649,-8.679551124572754,-2.834505558013916,-3.7062926292419434
1710529101095559684,-8.795709609985352,-2.4309449195861816,-2.9494664669036865
1710529101099988759,-8.722661018371582,-2.4189696311950684,-3.2703990936279297
1710529101138036432,-8.774153709411621,-2.8512706756591797,-3.0704150199890137
1710529101155480870,-8.862770080566406,-2.3099963665008545,-3.064427375793457
1710529101179778267,-8.723858833312988,-2.8584558963775635,-3.0201196670532227
1710529101194490953,-8.680747985839844,-3.034489631652832,-2.8668384552001953
1710529101223990570,-8.745413780212402,-2.3411316871643066,-3.0404772758483887
1710529101234544658,-8.855585098266602,-2.626138925552368,-2.7878026962280273
1710529101251425032,-8.758586883544922,-2.6596691608428955,-2.723137140274048
1710529101264150360,-8.643625259399414,-2.8572583198547363,-3.2668066024780273
1710529101308800796,-8.77894401550293,-2.6009912490844727,-3.0105395317077637
1710529101318608822,-8.820857048034668,-2.4896228313446045,-2.871628522872925
1710529101337517761,-8.725055694580078,-2.674039363861084,-3.052452325820923
1710529101356961129,-8.766968727111816,-2.9602441787719727,-3.033292293548584
1710529101364899070,-8.699908256530762,-2.7890002727508545,-3.093167781829834
1710529101377403084,-8.763376235961914,-2.8009753227233887,-3.0883777141571045
1710529101400686537,-8.69631576538086,-2.5303380489349365,-2.991379499435425
1710529101428058597,-8.709488868713379,-2.6991870403289795,-2.972219228744507
1710529101459540076,-8.725055694580078,-2.6908044815063477,-3.135080575942993
1710529101478630132,-8.744215965270996,-2.674039363861084,-2.991379499435425
1710529101488400121,-8.740623474121094,-2.573448419570923,-3.720662832260132
1710529101505596185,-8.754993438720703,-2.9386889934539795,-1.5938855409622192
1710529101550032078,-8.805289268493652,-1.8848804235458374,-3.574566602706909
1710529101608913110,-8.48794937133789,-2.885998487472534,-3.713477849960327
1710529101612962043,-8.789721488952637,-2.2620959281921387,-2.573448419570923
1710529101638464505,-8.758586883544922,-3.2296838760375977,-3.02131724357605
1710529101680435027,-8.783734321594238,-1.9794836044311523,-3.0488598346710205
1710529101749902264,-8.820857048034668,-2.8500733375549316,-3.142265558242798
1710529101779448618,-8.780141830444336,-2.7913951873779297,-2.8967761993408203
1710529101804669659,-8.813672065734863,-2.784210205078125,-2.8105554580688477
1710529101821549409,-8.69152545928955,-2.8979735374450684,-2.8668384552001953
1710529101840319031,-8.699908256530762,-2.586621046066284,-3.101550340652466
1710529101896130755,-8.832832336425781,-2.586621046066284,-2.834505558013916
1710529101903247909,-8.728649139404297,-2.81414794921875,-2.9506640434265137
1710529101966615496,-8.725055694580078,-2.6584715843200684,-3.0704150199890137
1710529101995968521,-8.780141830444336,-2.895578622817993,-2.914738655090332
1710529102004354810,-8.726253509521484,-2.7866051197052,-3.02131724357605
1710529102031643631,-8.798104286193848,-2.7003846168518066,-3.071612596511841
1710529102050602864,-8.840017318725586,-3.0764026641845703,-1.790277123451233
1710529102069249745,-8.93102741241455,-2.9566516876220703,-2.326761484146118
1710529102124331934,-8.819659233093262,-3.1973509788513184,-2.2884411811828613
1710529102138946874,-8.643625259399414,-2.6872119903564453,-3.7278478145599365
1710529102197991667,-8.678353309631348,-3.142265558242798,-2.9710216522216797
1710529102240066276,-8.818462371826172,-2.723137140274048,-2.9865894317626953
1710529102269333856,-8.649613380432129,-2.9063560962677,-3.0907726287841797
1710529102281864596,-8.643625259399414,-2.9386889934539795,-3.3362622261047363
1710529102294238695,-8.717870712280273,-2.963836669921875,-3.0404772758483887
1710529102325836969,-8.80169677734375,-2.3111939430236816,-3.0093419551849365
1710529102349209702,-8.723858833312988,-2.883603572845459,-3.135080575942993
1710529102378691417,-8.776549339294434,-2.842888116836548,-2.893183708190918
1710529102399645960,-8.744215965270996,-2.562670946121216,-2.984194278717041
1710529102422907068,-8.793313980102539,-2.745889902114868,-2.9410839080810547
1710529102439793530,-8.749006271362305,-2.876418352127075,-3.022514581680298
1710529102463105584,-8.768166542053223,-2.865640878677368,-2.8871960639953613
1710529102500467083,-8.775351524353027,-2.7782225608825684,-2.902763605117798
1710529102519343535,-8.776549339294434,-2.6512866020202637,-3.0296998023986816
1710529102555428785,-8.72745132446289,-2.863245964050293,-2.862048387527466
1710529102557371863,-8.78732681274414,-2.8979735374450684,-3.004551887512207
1710529102589065709,-8.550219535827637,-2.5614733695983887,-2.4776477813720703
1710529102610027782,-8.709488868713379,-2.735112190246582,-2.076481819152832
1710529102632928404,-8.79211711883545,-2.1112096309661865,-3.5362462997436523
1710529102647825111,-8.674760818481445,-2.5015978813171387,-3.082390069961548
1710529102679149512,-8.951385498046875,-2.3195765018463135,-2.345921516418457
1710529102739940475,-8.735834121704102,-2.774630069732666,-3.015329599380493
1710529102746242606,-8.715476036071777,-2.686014413833618,-2.965034246444702
1710529102781953640,-8.806487083435059,-2.406994581222534,-2.924318790435791
1710529102792634431,-8.80169677734375,-2.2585034370422363,-2.9614417552948
1710529102807315287,-8.735834121704102,-3.051254987716675,-2.794987678527832
1710529102834687859,-8.646020889282227,-2.845283269882202,-3.20573353767395
1710529102845224535,-8.829239845275879,-3.056044816970825,-2.7770252227783203
1710529102851324912,-8.7322416305542,-2.415377140045166,-3.1075377464294434
1710529102880791671,-8.810079574584961,-2.2716760635375977,-2.96623158454895
1710529102892221655,-8.77894401550293,-2.762655019760132,-2.9973669052124023
1710529102969102410,-8.780141830444336,-2.4992029666900635,-2.975811719894409
1710529102973423366,-8.715476036071777,-2.775827646255493,-3.093167781829834
1710529102986084305,-8.777746200561523,-2.8380980491638184,-2.854863166809082
1710529103030317501,-8.772956848144531,-2.8309130668640137,-2.9267139434814453
1710529103038682531,-8.758586883544922,-2.6285338401794434,-3.0704150199890137
1710529103061806490,-8.775351524353027,-2.6872119903564453,-3.023712158203125
1710529103098536241,-8.711883544921875,-2.7015819549560547,-3.0979578495025635
1710529103114383384,-8.777746200561523,-2.703977108001709,-3.044069766998291
1710529103152343548,-8.820857048034668,-2.7375073432922363,-3.533851385116577
1710529103234011954,-8.837621688842773,-2.7111620903015137,-3.14106822013855
1710529103282616229,-8.81127643585205,-3.1266980171203613,-2.9614417552948
1710529103322587080,-8.837621688842773,-2.505190372467041,-2.9877867698669434
1710529103341742654,-8.825647354125977,-2.8512706756591797,-2.7806177139282227
1710529103352291981,-8.743019104003906,-2.9794042110443115,-2.7686426639556885
1710529103369086016,-8.69631576538086,-2.9602441787719727,-3.0787975788116455
1710529103396336742,-8.831634521484375,-3.005749464035034,-2.672841787338257
1710529103412841838,-8.798104286193848,-2.365081787109375,-3.112327814102173
1710529103467346440,-8.752598762512207,-2.7279272079467773,-2.856060743331909
1710529103487906326,-8.79211711883545,-2.6500890254974365,-2.9686267375946045
1710529103490278683,-8.800498962402344,-2.6009912490844727,-2.84648060798645
1710529103507659199,-8.759783744812012,-2.6896069049835205,-2.96623158454895
1710529103536908571,-8.739426612854004,-2.7602601051330566,-2.9590466022491455
1710529103572536355,-8.765771865844727,-2.796185255050659,-2.945873975753784
1710529103589397602,-8.733438491821289,-2.6788294315338135,-3.082390069961548
1710529103593426409,-8.737030982971191,-2.5602757930755615,-2.9207262992858887
1710529103643945720,-8.701106071472168,-2.785407781600952,-2.981799364089966
1710529103673413930,-8.780141830444336,-2.672841787338257,-3.5961217880249023
1710529103692305291,-8.528664588928223,-2.6788294315338135,-2.306403875350952
1710529103730135403,-8.703500747680664,-2.723137140274048,-3.0680201053619385
1710529103801976430,-8.745413780212402,-2.4081921577453613,-3.0668225288391113
1710529103810414227,-8.749006271362305,-3.1686108112335205,-2.973416805267334
1710529103829246650,-8.749006271362305,-3.1686108112335205,-2.973416805267334
1710529103839730985,-8.720266342163086,-2.712359666824341,-2.8979735374450684
1710529103858671031,-8.738228797912598,-2.7291247844696045,-2.96623158454895
1710529103873428572,-8.781338691711426,-2.446512460708618,-2.7985804080963135
1710529103893984601,-8.826844215393066,-2.8416907787323,-2.6584715843200684
1710529103908859113,-8.708291053771973,-2.982996940612793,-2.833308219909668
1710529103928051593,-8.601712226867676,-2.7878026962280273,-3.174598455429077
1710529103930241594,-8.601712226867676,-2.7878026962280273,-3.174598455429077
1710529103953190140,-8.746611595153809,-2.493215322494507,-2.965034246444702
1710529104045940497,-8.774153709411621,-2.6991870403289795,-2.9782068729400635
1710529104064886611,-8.848400115966797,-2.6189539432525635,-2.8476781845092773
1710529104134242090,-8.726253509521484,-2.705174446105957,-3.034489631652832
1710529104163538083,-8.740623474121094,-2.656076669692993,-2.875221014022827
1710529104226601492,-8.625662803649902,-2.6009912490844727,-3.5182836055755615
1710529104262354992,-8.604107856750488,-2.1423449516296387,-3.165018320083618
1710529104274971390,-8.684340476989746,-2.5794360637664795,-2.882405996322632
1710529104295983305,-8.964557647705078,-3.0093419551849365,-2.2022204399108887
1710529104327824765,-8.865164756774902,-2.572251081466675,-2.4189696311950684
1710529104336275993,-8.769364356994629,-2.563868522644043,-3.094365119934082
1710529104365632500,-8.729846000671387,-2.7878026962280273,-2.882405996322632
1710529104388743893,-8.733438491821289,-2.682421922683716,-2.945873975753784
1710529104412039998,-8.860374450683594,-2.4117846488952637,-2.914738655090332
1710529104435137550,-8.740623474121094,-2.263293504714966,-2.942281484603882
1710529104458407061,-8.772956848144531,-2.9590466022491455,-2.864443302154541
1710529104477022078,-8.794511795043945,-2.854863166809082,-2.8201355934143066
1710529104510629110,-8.770561218261719,-2.5914111137390137,-2.942281484603882
1710529104538209957,-8.747808456420898,-2.822530508041382,-2.975811719894409
1710529104565584944,-8.771759033203125,-2.5878186225891113,-2.975811719894409
1710529104575906408,-8.830436706542969,-2.6309289932250977,-2.794987678527832
1710529104586485277,-8.830436706542969,-2.6309289932250977,-2.852468252182007
1710529104613719528,-8.769364356994629,-2.7614574432373047,-2.9602441787719727
1710529104647467341,-8.758586883544922,-2.822530508041382,-2.8871960639953613
1710529104657705962,-8.746611595153809,-2.634521484375,-2.885998487472534
1710529104690134199,-8.79211711883545,-2.6572742462158203,-2.9566516876220703
1710529104691101983,-8.770561218261719,-2.663261651992798,-2.9374914169311523
1710529104706020365,-8.80169677734375,-2.8704309463500977,-2.834505558013916
1710529104739734630,-8.78732681274414,-2.7710375785827637,-2.955454111099243
1710529104754535874,-8.934619903564453,-2.775827646255493,-3.284769296646118
1710529104779749895,-8.977730751037598,-2.7494823932647705,-3.2703990936279297
1710529104803066643,-9.05556869506836,-3.0380823612213135,-2.0992345809936523
1710529104840792813,-8.810079574584961,-2.586621046066284,-3.323089599609375
1710529104901706728,-8.69152545928955,-3.2081286907196045,-3.054847478866577
1710529104990238748,-8.783734321594238,-2.981799364089966,-2.7794201374053955
1710529105000736360,-8.652008056640625,-2.984194278717041,-3.08598256111145
1710529105026155873,-8.745413780212402,-2.876418352127075,-2.902763605117798
1710529105040590294,-8.807683944702148,-2.793790340423584,-2.774630069732666
1710529105068111507,-8.775351524353027,-2.536325693130493,-2.842888116836548
1710529105088410175,-8.837621688842773,-2.8093578815460205,-2.865640878677368
1710529105126957186,-8.796906471252441,-2.5291407108306885,-2.9494664669036865
1710529105158433054,-8.7322416305542,-2.745889902114868,-2.9865894317626953
1710529105183624210,-8.780141830444336,-2.894381046295166,-2.973416805267334
1710529105194314316,-8.753796577453613,-2.636916399002075,-2.9207262992858887
1710529105212912547,-8.796906471252441,-2.693199396133423,-2.8177404403686523
1710529105252839909,-8.745413780212402,-2.6309289932250977,-2.811753034591675
1710529105267521973,-8.793313980102539,-2.812950372695923,-2.9386889934539795
1710529105328599079,-9.049581527709961,-3.05364990234375,-2.197430372238159
1710529105339093863,-8.7514009475708,-2.205812931060791,-2.9063560962677
1710529105356108240,-8.994495391845703,-3.05364990234375,-2.3614892959594727
1710529105364604478,-8.687932968139648,-3.2476465702056885,-2.745889902114868
1710529105383433100,-8.634045600891113,-2.7303223609924316,-3.302731990814209
1710529105389794484,-8.818462371826172,-2.4788451194763184,-2.5111780166625977
1710529105414956528,-8.747808456420898,-2.5471031665802,-2.8009753227233887
1710529105454861609,-8.775351524353027,-2.585423469543457,-2.8895909786224365
1710529105461331242,-8.674760818481445,-3.0787975788116455,-2.954256534576416
1710529105482040673,-8.749006271362305,-3.0273046493530273,-2.994971990585327
1710529105498864854,-8.855585098266602,-2.475252628326416,-2.8776159286499023
1710529105526294040,-8.79211711883545,-2.8476781845092773,-2.593806266784668
1710529105562243232,-8.794511795043945,-2.9782068729400635,-2.824925422668457
1710529105583092531,-8.817264556884766,-2.5087828636169434,-2.921923875808716
1710529105658667775,-8.758586883544922,-2.7410998344421387,-2.8416907787323
1710529105677505967,-8.758586883544922,-2.7410998344421387,-2.8416907787323
1710529105692054956,-8.776549339294434,-2.811753034591675,-2.9087512493133545
1710529105708775781,-8.788524627685547,-2.8704309463500977,-2.9386889934539795
1710529105732095773,-8.744215965270996,-2.8177404403686523,-2.9865894317626953
1710529105749309502,-8.794511795043945,-2.714754581451416,-2.8500733375549316
1710529105782845962,-8.746611595153809,-2.6692492961883545,-2.822530508041382
1710529105805517880,-8.777746200561523,-2.644101619720459,-2.923121452331543
1710529105830942876,-8.788524627685547,-2.854863166809082,-2.8668384552001953
1710529105845482694,-8.799302101135254,-2.702779531478882,-2.914738655090332
1710529105853937579,-8.602910041809082,-2.6584715843200684,-3.4260754585266113
1710529105883283181,-8.316705703735352,-2.6189539432525635,-2.3387365341186523
1710529105891978405,-9.044791221618652,-3.005749464035034,-2.1231849193573
1710529105918985679,-8.675958633422852,-2.4992029666900635,-2.373464345932007
1710529105923391440,-8.556207656860352,-2.9386889934539795,-3.2596216201782227
1710529105947088788,-8.652008056640625,-2.7866051197052,-3.313509464263916
1710529105971366393,-8.794511795043945,-2.4788451194763184,-3.0500574111938477
1710529106001088508,-8.769364356994629,-2.6009912490844727,-2.8740234375
1710529106003062809,-8.740623474121094,-2.8788135051727295,-2.895578622817993
1710529106034684069,-8.738228797912598,-2.633323907852173,-2.8812084197998047
1710529106055433609,-8.743019104003906,-2.3076012134552,-2.923121452331543
1710529106093062710,-8.72745132446289,-2.9279112815856934,-2.9063560962677
1710529106112293977,-8.738228797912598,-3.004551887512207,-3.131488084793091
1710529106175235305,-8.708291053771973,-2.796185255050659,-2.992576837539673
1710529106183668401,-8.766968727111816,-2.811753034591675,-2.9614417552948
1710529106205009867,-8.796906471252441,-2.8991711139678955,-2.8883936405181885
1710529106261264464,-8.725055694580078,-2.8788135051727295,-2.894381046295166
1710529106278078808,-8.776549339294434,-2.773432731628418,-3.0081446170806885
1710529106292283389,-8.769364356994629,-2.6788294315338135,-2.8177404403686523
1710529106328444264,-8.796906471252441,-2.686014413833618,-2.815345525741577
1710529106345010842,-8.769364356994629,-2.844085693359375,-2.8177404403686523
1710529106370388312,-8.762179374694824,-2.663261651992798,-2.9710216522216797
1710529106399814756,-8.977730751037598,-2.766247510910034,-3.32548451423645
1710529106403949764,-9.181307792663574,-2.8584558963775635,-3.4188904762268066
1710529106479398431,-8.716673851013184,-2.3794519901275635,-2.8991711139678955
1710529106500286940,-8.569379806518555,-2.756667375564575,-3.272794246673584
1710529106563448998,-8.879534721374512,-3.0273046493530273,-2.955454111099243
1710529106569786402,-8.641230583190918,-2.8273205757141113,-2.891986131668091
1710529106595769883,-8.798104286193848,-2.78181529045105,-2.9997620582580566
1710529106647820247,-8.822054862976074,-2.9674291610717773,-2.8009753227233887
1710529106666865182,-8.783734321594238,-2.4704625606536865,-2.8416907787323
1710529106690984316,-8.822054862976074,-2.7111620903015137,-2.7506799697875977
1710529106761197636,-8.757389068603516,-2.5219554901123047,-2.915936231613159
1710529106767521834,-8.853189468383789,-2.635719060897827,-2.775827646255493
1710529106805472018,-8.747808456420898,-2.844085693359375,-2.965034246444702
1710529106813899138,-8.747808456420898,-2.9494664669036865,-2.8776159286499023
1710529106851820862,-8.775351524353027,-2.6201512813568115,-2.8009753227233887
1710529106888891029,-8.745413780212402,-2.7207422256469727,-2.84648060798645
1710529106908396555,-8.771759033203125,-2.8584558963775635,-2.96623158454895
1710529106927682551,-8.965755462646484,-2.7219398021698,-3.2656090259552
1710529106948452808,-8.286767959594727,-2.54231333732605,-2.3782544136047363
1710529106982043007,-8.635242462158203,-2.8380980491638184,-2.233355760574341
1710529107076533316,-8.776549339294434,-2.8081603050231934,-2.9901819229125977
1710529107092281348,-8.82444953918457,-3.064427375793457,-2.903961181640625
1710529107118642569,-8.843609809875488,-2.686014413833618,-2.834505558013916
1710529107150226701,-8.862770080566406,-2.7087671756744385,-2.9207262992858887
1710529107154276696,-8.822054862976074,-2.3602917194366455,-2.872825860977173
1710529107225734540,-8.679551124572754,-2.9674291610717773,-3.065624952316284
1710529107255153920,-8.772956848144531,-2.822530508041382,-2.7913951873779297
1710529107257211295,-8.78732681274414,-2.9195287227630615,-2.913541316986084
1710529107301185046,-8.822054862976074,-2.794987678527832,-2.7698400020599365
1710529107322199637,-8.749006271362305,-2.577040910720825,-2.902763605117798
1710529107345398132,-8.775351524353027,-2.6572742462158203,-2.7770252227783203
1710529107349610059,-8.772956848144531,-2.9674291610717773,-2.885998487472534
1710529107379082132,-8.77894401550293,-2.6788294315338135,-2.7890002727508545
1710529107387405371,-8.726253509521484,-2.6081762313842773,-2.845283269882202
1710529107433483755,-8.837621688842773,-2.692002058029175,-2.8991711139678955
1710529107442150568,-8.770561218261719,-2.7291247844696045,-2.8081603050231934
1710529107454569794,-8.760981559753418,-2.871628522872925,-2.942281484603882
1710529107458750898,-8.737030982971191,-2.69439697265625,-2.9614417552948
1710529107477779464,-8.905879974365234,-2.7482848167419434,-3.295546770095825
1710529107498513028,-8.989706039428711,-2.7482848167419434,-3.1997461318969727
1710529107547232351,-8.829239845275879,-2.2189855575561523,-2.9937744140625
1710529107637356371,-8.80169677734375,-2.7614574432373047,-2.9494664669036865
1710529107715203411,-8.758586883544922,-2.765049934387207,-2.724334716796875
1710529107740761983,-8.654402732849121,-2.975811719894409,-2.8883936405181885
1710529107767866235,-8.835227012634277,-2.756667375564575,-2.7770252227783203
1710529107807728988,-8.746611595153809,-2.8177404403686523,-2.823728084564209
1710529107837302231,-8.775351524353027,-2.885998487472534,-2.8668384552001953
1710529107862361621,-8.701106071472168,-2.7303223609924316,-2.835703134536743
1710529107892079320,-8.788524627685547,-2.8309130668640137,-2.7913951873779297
1710529107906551409,-8.709488868713379,-2.9171338081359863,-2.9303064346313477
1710529107967794797,-8.873547554016113,-2.646496534347534,-2.856060743331909
1710529107976229713,-8.865164756774902,-2.644101619720459,-2.862048387527466
1710529107988798851,-8.713081359863281,-2.8979735374450684,-2.826122999191284
1710529108007671427,-8.802894592285156,-2.7542724609375,-2.93389892578125
1710529108020413932,-8.968151092529297,-2.6979894638061523,-3.3194971084594727
1710529108024489746,-8.632847785949707,-3.034489631652832,-3.29315185546875
1710529108045558255,-8.93581771850586,-2.8189380168914795,-3.1985485553741455
1710529108058952682,-8.862770080566406,-2.735112190246582,-2.1986279487609863
1710529108079292001,-8.752598762512207,-2.5004003047943115,-3.3566198348999023
1710529108098088346,-8.55261516571045,-2.9171338081359863,-2.7866051197052
1710529108140456572,-8.757389068603516,-2.7207422256469727,-2.8213329315185547
1710529108148744356,-8.819659233093262,-2.684816837310791,-2.794987678527832
1710529108184367935,-8.725055694580078,-3.0392796993255615,-2.812950372695923
1710529108207377892,-8.857979774475098,-2.684816837310791,-2.8309130668640137
1710529108217986457,-8.846004486083984,-2.626138925552368,-2.912343740463257
1710529108247438261,-8.802894592285156,-2.712359666824341,-2.753074884414673
1710529108266136494,-8.744215965270996,-2.766247510910034,-2.803370475769043
1710529108278747290,-8.690328598022461,-2.8500733375549316,-2.724334716796875
1710529108291752885,-8.780141830444336,-2.7470874786376953,-2.816542863845825
1710529108297415822,-8.842411994934082,-2.706372022628784,-2.875221014022827
1710529108318282481,-8.705896377563477,-2.7890002727508545,-2.762655019760132
1710529108335100199,-8.703500747680664,-2.8369007110595703,-2.763852596282959
1710529108362374628,-8.76457405090332,-2.7782225608825684,-2.7674450874328613
1710529108391965961,-8.862770080566406,-2.6608667373657227,-2.893183708190918
1710529108457234400,-8.860374450683594,-2.705174446105957,-2.8596532344818115
1710529108473920546,-8.760981559753418,-2.7315196990966797,-2.793790340423584
1710529108530773115,-8.7418212890625,-2.713557243347168,-2.8177404403686523
1710529108570852028,-8.856781959533691,-2.6273365020751953,-2.9770092964172363
1710529108589932952,-8.753796577453613,-2.90156626701355,-3.2596216201782227
1710529108613001541,-8.588540077209473,-2.8189380168914795,-2.36747670173645
1710529108625785745,-8.698711395263672,-2.5506958961486816,-2.9602441787719727
1710529108692626070,-8.81606674194336,-2.6488916873931885,-2.724334716796875
1710529108722454507,-8.708291053771973,-2.802172899246216,-2.816542863845825
1710529108766694519,-8.81606674194336,-2.706372022628784,-2.8512706756591797
1710529108800113378,-8.7322416305542,-2.8800110816955566,-2.7997777462005615
1710529108867365554,-8.826844215393066,-2.8404932022094727,-2.84648060798645
1710529108917912922,-8.740623474121094,-2.756667375564575,-2.8812084197998047
1710529108943225825,-8.865164756774902,-2.6393115520477295,-2.854863166809082
1710529108985231150,-8.740623474121094,-2.804567813873291,-2.7183470726013184
1710529109002099030,-8.720266342163086,-2.815345525741577,-2.7973828315734863
1710529109018889406,-8.743019104003906,-2.8776159286499023,-2.7890002727508545
1710529109046346467,-8.78732681274414,-2.6812243461608887,-2.852468252182007
1710529109060795030,-8.709488868713379,-2.824925422668457,-2.763852596282959
1710529109090451561,-8.798104286193848,-2.7075695991516113,-2.835703134536743
1710529109100745618,-8.856781959533691,-2.684816837310791,-2.9063560962677
1710529109136637233,-8.886719703674316,-2.8380980491638184,-3.275189161300659
1710529109158008541,-8.474776268005371,-2.6381139755249023,-2.3890318870544434
1710529109206290553,-8.747808456420898,-2.8680357933044434,-3.0273046493530273
1710529109233648159,-9.014853477478027,-2.604583740234375,-2.793790340423584
1710529109254918341,-8.675958633422852,-2.9303064346313477,-2.702779531478882
1710529109267263247,-8.807683944702148,-2.871628522872925,-2.8500733375549316
1710529109332484270,-8.834029197692871,-2.7686426639556885,-2.853665828704834
1710529109374671626,-8.826844215393066,-2.7015819549560547,-2.7794201374053955
1710529109384998183,-8.768166542053223,-2.751877546310425,-2.7686426639556885
1710529109410182605,-8.675958633422852,-2.834505558013916,-2.686014413833618
1710529109437537504,-8.798104286193848,-2.7171497344970703,-2.816542863845825
1710529109464725448,-8.75619125366211,-2.824925422668457,-2.7866051197052
1710529109477314018,-8.841214179992676,-2.6417064666748047,-2.845283269882202
1710529109489333531,-8.786128997802734,-2.7614574432373047,-2.7686426639556885
1710529109519264807,-8.788524627685547,-2.7291247844696045,-2.794987678527832
1710529109521829196,-8.702303886413574,-2.7782225608825684,-2.665656805038452
1710529109533977271,-8.726253509521484,-2.871628522872925,-2.714754581451416
1710529109559281336,-8.743019104003906,-2.8979735374450684,-2.844085693359375
1710529109614094760,-8.786128997802734,-2.8105554580688477,-2.72672963142395
1710529109641377974,-8.853189468383789,-2.6680517196655273,-2.8668384552001953
1710529109670553127,-8.772956848144531,-2.792592763900757,-2.8105554580688477
1710529109691272689,-8.887917518615723,-2.751877546310425,-3.192561149597168
1710529109693567825,-8.8711519241333,-2.984194278717041,-3.295546770095825
1710529109738120363,-8.7322416305542,-2.972219228744507,-2.822530508041382
1710529109777952662,-8.775351524353027,-2.6177563667297363,-2.913541316986084
1710529109800915917,-8.836424827575684,-2.6979894638061523,-2.794987678527832
1710529109821925023,-8.860374450683594,-2.674039363861084,-2.833308219909668
1710529109840931833,-8.766968727111816,-2.803370475769043,-2.733914852142334
1710529109849296616,-8.738228797912598,-2.794987678527832,-2.78181529045105
1710529109866002478,-8.923842430114746,-2.6189539432525635,-2.8201355934143066
1710529109893781546,-8.740623474121094,-2.816542863845825,-2.686014413833618
1710529109899457254,-8.733438491821289,-2.7207422256469727,-2.5399181842803955
1710529109907882797,-8.860374450683594,-2.8069629669189453,-2.804567813873291
1710529109929179248,-8.863966941833496,-2.7171497344970703,-2.96623158454895
1710529109945922358,-8.771759033203125,-2.736309766769409,-2.635719060897827
1710529109962804595,-8.76457405090332,-2.793790340423584,-2.7506799697875977
1710529109971330216,-8.854387283325195,-2.8273205757141113,-2.8009753227233887
1710529110007194119,-8.854387283325195,-2.8273205757141113,-2.8009753227233887
1710529110021759372,-8.8519926071167,-2.7207422256469727,-2.842888116836548
1710529110045253438,-8.857979774475098,-2.6800267696380615,-2.8404932022094727
1710529110111813773,-8.7514009475708,-2.7890002727508545,-2.6908044815063477
1710529110118085348,-8.717870712280273,-2.8895909786224365,-2.7686426639556885
1710529110120180766,-8.865164756774902,-2.7698400020599365,-2.9279112815856934
1710529110156281473,-8.849596977233887,-2.7542724609375,-2.823728084564209
1710529110173195008,-8.747808456420898,-2.8584558963775635,-2.703977108001709
1710529110188060207,-8.826844215393066,-2.7782225608825684,-2.856060743331909
1710529110204779258,-8.92144775390625,-2.762655019760132,-3.172203302383423
1710529110246991214,-8.531059265136719,-2.8369007110595703,-2.323168992996216
1710529110278319630,-8.902287483215332,-2.555485725402832,-3.0296998023986816
1710529110284399794,-8.72745132446289,-3.012934684753418,-2.6584715843200684
1710529110309626914,-8.804091453552246,-2.8476781845092773,-2.9782068729400635
1710529110326870480,-8.747808456420898,-2.682421922683716,-2.615361213684082
1710529110364612560,-8.735834121704102,-2.762655019760132,-2.636916399002075
1710529110366708234,-8.771759033203125,-2.891986131668091,-2.6285338401794434
1710529110383664317,-8.725055694580078,-2.775827646255493,-2.6884093284606934
1710529110417336175,-8.869955062866211,-2.6788294315338135,-2.9410839080810547
1710529110444812533,-8.867559432983398,-2.724334716796875,-2.6405091285705566
1710529110467566238,-8.783734321594238,-2.84648060798645,-2.852468252182007
1710529110494527361,-8.891510009765625,-2.6812243461608887,-2.7878026962280273
1710529110553271718,-8.880732536315918,-2.753074884414673,-2.8500733375549316
1710529110576586310,-8.754993438720703,-2.805765390396118,-2.733914852142334
1710529110591332273,-8.840017318725586,-2.6584715843200684,-2.7794201374053955
1710529110606100798,-8.740623474121094,-2.7674450874328613,-2.682421922683716
1710529110635601183,-8.740623474121094,-2.8740234375,-2.7219398021698
1710529110675421912,-8.807683944702148,-2.783012628555298,-2.842888116836548
1710529110681930514,-8.889115333557129,-2.6716442108154297,-2.773432731628418
1710529110694221296,-8.76457405090332,-2.8201355934143066,-2.713557243347168
1710529110730020775,-8.739426612854004,-2.822530508041382,-2.6908044815063477
1710529110772053109,-8.828042030334473,-2.924318790435791,-3.184178352355957
1710529110809618552,-8.822054862976074,-2.592608690261841,-2.1615052223205566
1710529110822313125,-8.763376235961914,-2.775827646255493,-2.6812243461608887
1710529110847633576,-8.697513580322266,-2.943479061126709,-2.404599666595459
1710529110891543735,-8.679551124572754,-2.9865894317626953,-2.562670946121216
1710529110908337119,-8.679551124572754,-2.9865894317626953,-2.562670946121216
1710529110914711780,-8.960965156555176,-2.773432731628418,-2.7003846168518066
1710529110958674059,-8.746611595153809,-2.464475154876709,-2.822530508041382
1710529110984090491,-8.783734321594238,-2.8297154903411865,-2.765049934387207
1710529111011239295,-8.854387283325195,-2.8380980491638184,-2.9865894317626953
1710529111027944265,-8.914262771606445,-2.646496534347534,-2.7291247844696045
1710529111091338075,-8.896300315856934,-2.762655019760132,-2.811753034591675
1710529111091393176,-8.857979774475098,-2.6381139755249023,-2.7794201374053955
1710529111099118839,-8.775351524353027,-2.863245964050293,-2.7315196990966797
1710529111130989054,-8.733438491821289,-2.7590625286102295,-2.675236701965332
1710529111152769229,-8.794511795043945,-2.834505558013916,-2.6979894638061523
1710529111185777757,-8.731043815612793,-2.8668384552001953,-2.705174446105957
1710529111252983152,-8.843609809875488,-2.7614574432373047,-2.834505558013916
1710529111293958232,-8.832832336425781,-2.743494987487793,-2.7614574432373047
1710529111313380877,-8.807683944702148,-2.9506640434265137,-3.3171019554138184
1710529111357977572,-8.737030982971191,-2.533930778503418,-2.0357666015625
1710529111385182437,-8.92144775390625,-2.833308219909668,-2.9794042110443115
1710529111416661225,-8.923842430114746,-2.6201512813568115,-2.743494987487793
1710529111442129366,-8.69152545928955,-2.9303064346313477,-2.7806177139282227
1710529111452202056,-8.880732536315918,-2.6812243461608887,-2.84648060798645
1710529111481558627,-8.828042030334473,-2.724334716796875,-2.7901978492736816
1710529111508801670,-8.814868927001953,-2.7399022579193115,-2.7003846168518066
1710529111512874647,-8.725055694580078,-2.9063560962677,-2.765049934387207
1710529111540802479,-8.853189468383789,-2.7770252227783203,-2.7590625286102295
1710529111574095793,-8.765771865844727,-2.805765390396118,-2.7542724609375
1710529111588651003,-8.753796577453613,-2.7602601051330566,-2.593806266784668
1710529111613959880,-8.705896377563477,-2.9075536727905273,-2.6979894638061523
1710529111618088694,-8.813672065734863,-2.8369007110595703,-2.713557243347168
1710529111647601072,-8.735834121704102,-2.816542863845825,-2.6596691608428955
1710529111676849518,-8.867559432983398,-2.803370475769043,-2.8584558963775635
1710529111691388632,-8.808881759643555,-2.753074884414673,-2.7782225608825684
1710529111744614587,-8.857979774475098,-2.7866051197052,-2.7770252227783203
1710529111745974232,-8.832832336425781,-2.7590625286102295,-2.742297410964966
1710529111783898894,-8.823251724243164,-2.7997777462005615,-2.7470874786376953
1710529111796547296,-8.757389068603516,-2.815345525741577,-2.626138925552368
1710529111821777360,-8.872349739074707,-2.7482848167419434,-2.792592763900757
1710529111834425867,-8.829239845275879,-2.824925422668457,-2.826122999191284
1710529111891078010,-8.914262771606445,-2.9782068729400635,-2.7985804080963135
1710529111952912919,-8.745413780212402,-2.7195446491241455,-2.773432731628418
1710529111977364084,-8.8519926071167,-2.8105554580688477,-2.663261651992798
1710529112080155397,-8.899892807006836,-2.695594549179077,-2.5590784549713135
1710529112097102355,-8.872349739074707,-2.7003846168518066,-2.7866051197052
1710529112128425256,-8.796906471252441,-2.7183470726013184,-2.72672963142395
1710529112153724553,-8.892707824707031,-2.812950372695923,-2.8416907787323
1710529112166279006,-8.832832336425781,-2.6991870403289795,-2.664459228515625
1710529112183001948,-8.806487083435059,-2.803370475769043,-2.682421922683716
1710529112195813998,-8.738228797912598,-2.815345525741577,-2.6680517196655273
1710529112227376954,-8.842411994934082,-2.693199396133423,-2.7087671756744385
1710529112259069946,-8.846004486083984,-2.8740234375,-2.8009753227233887
1710529112311323884,-8.738228797912598,-2.8907885551452637,-2.7387049198150635
1710529112315449183,-8.84720230102539,-2.766247510910034,-2.763852596282959
1710529112359897069,-8.861572265625,-2.736309766769409,-2.6405091285705566
1710529112374575252,-8.762179374694824,-2.8404932022094727,-2.6405091285705566
1710529112376610572,-8.766968727111816,-2.793790340423584,-2.6872119903564453
1710529112395606008,-8.804091453552246,-2.826122999191284,-2.7590625286102295
1710529112419402642,-8.916657447814941,-2.8907885551452637,-2.9003686904907227
1710529112435443661,-8.813672065734863,-2.6297314167022705,-2.4297473430633545
1710529112475454332,-8.937015533447266,-2.636916399002075,-2.975811719894409
1710529112505466044,-8.842411994934082,-2.692002058029175,-2.5471031665802
1710529112534307618,-8.8711519241333,-2.8189380168914795,-2.713557243347168
1710529112553392996,-8.865164756774902,-2.7482848167419434,-2.8369007110595703
1710529112574410803,-8.84720230102539,-2.794987678527832,-2.517165422439575
1710529112612353045,-8.68194580078125,-2.9566516876220703,-2.586621046066284
1710529112668909113,-8.78732681274414,-2.853665828704834,-2.642904043197632
1710529112702202105,-8.84720230102539,-2.8871960639953613,-2.742297410964966
1710529112723565968,-8.8519926071167,-2.8105554580688477,-2.773432731628418
1710529112731801277,-8.822054862976074,-2.692002058029175,-2.663261651992798
1710529112758882228,-8.861572265625,-2.7470874786376953,-2.765049934387207
1710529112765312273,-8.770561218261719,-2.8596532344818115,-2.7183470726013184
1710529112788505854,-8.82444953918457,-2.706372022628784,-2.6800267696380615
1710529112843178982,-8.753796577453613,-2.844085693359375,-2.652484178543091
1710529112884986016,-8.775351524353027,-2.7890002727508545,-2.676434278488159
1710529112885033155,-8.731043815612793,-2.8488757610321045,-2.573448419570923
1710529112904201639,-8.735834121704102,-2.891986131668091,-2.653681755065918
1710529112914806617,-8.848400115966797,-2.72672963142395,-2.7494823932647705
1710529112955116640,-8.953780174255371,-2.9087512493133545,-3.011737108230591
1710529112977902597,-8.873547554016113,-2.7973828315734863,-3.1578333377838135
1710529113015748279,-8.703500747680664,-2.803370475769043,-2.472857713699341
1710529113043260017,-8.867559432983398,-2.6812243461608887,-2.713557243347168
1710529113088711306,-8.826844215393066,-2.7878026962280273,-2.736309766769409
1710529113131209066,-8.784931182861328,-2.826122999191284,-2.712359666824341
1710529113139715010,-8.881930351257324,-2.7506799697875977,-2.784210205078125
1710529113169297180,-8.675958633422852,-2.9770092964172363,-2.39501953125
1710529113194437743,-8.802894592285156,-2.8201355934143066,-2.7195446491241455
1710529113209379298,-8.78732681274414,-2.796185255050659,-2.6608667373657227
1710529113228308711,-8.710685729980469,-2.8380980491638184,-2.5806336402893066
1710529113232427996,-8.891510009765625,-2.796185255050659,-2.7375073432922363
1710529113259696462,-8.763376235961914,-2.7901978492736816,-2.6381139755249023
1710529113293112078,-8.709488868713379,-2.884800910949707,-2.6417064666748047
1710529113307733233,-8.857979774475098,-2.724334716796875,-2.7686426639556885
1710529113326804130,-8.830436706542969,-2.793790340423584,-2.7015819549560547
1710529113330969673,-8.769364356994629,-2.732717275619507,-2.54231333732605
1710529113352340423,-8.891510009765625,-2.755470037460327,-2.7470874786376953
1710529113362779202,-8.877140045166016,-2.8213329315185547,-2.751877546310425
1710529113375269921,-8.826844215393066,-2.824925422668457,-2.682421922683716
1710529113383645383,-8.865164756774902,-2.7303223609924316,-2.7075695991516113
1710529113411223117,-8.865164756774902,-2.7303223609924316,-2.7075695991516113
1710529113427990303,-8.735834121704102,-2.914738655090332,-2.6417064666748047
1710529113461849496,-8.828042030334473,-2.824925422668457,-2.686014413833618
1710529113493042669,-8.813672065734863,-2.872825860977173,-3.0165271759033203
1710529113537605593,-8.665180206298828,-2.463277578353882,-2.1303699016571045
1710529113552280877,-8.613687515258789,-3.1266980171203613,-2.674039363861084
1710529113587922154,-8.722661018371582,-2.9195287227630615,-2.5219554901123047
1710529113615371421,-8.859177589416504,-2.9003686904907227,-2.6608667373657227
1710529113640625469,-8.843609809875488,-2.751877546310425,-2.4800426959991455
1710529113644951076,-8.793313980102539,-2.9063560962677,-2.751877546310425
1710529113659502833,-8.750204086303711,-2.8608508110046387,-2.6896069049835205
1710529113692224846,-8.823251724243164,-2.745889902114868,-2.7195446491241455
1710529113720256996,-8.818462371826172,-2.7973828315734863,-2.603386163711548
1710529113752834727,-8.819659233093262,-2.7087671756744385,-2.593806266784668
1710529113825554086,-8.820857048034668,-2.8297154903411865,-2.723137140274048
1710529113901003439,-8.805289268493652,-2.765049934387207,-2.6117687225341797
1710529113907292239,-8.789721488952637,-2.864443302154541,-2.6668541431427
1710529113928555465,-8.857979774475098,-2.72672963142395,-2.7279272079467773
1710529113936930737,-8.842411994934082,-2.7578649520874023,-2.712359666824341
1710529113960457986,-8.794511795043945,-2.8488757610321045,-2.7099645137786865
1710529113987491241,-8.763376235961914,-2.8608508110046387,-2.626138925552368
1710529114025479326,-8.916657447814941,-2.756667375564575,-2.812950372695923
1710529114048427477,-8.868757247924805,-2.9470715522766113,-2.9374914169311523
1710529114054911298,-8.692723274230957,-2.9279112815856934,-2.442919969558716
1710529114065277579,-8.861572265625,-2.626138925552368,-2.373464345932007
1710529114091399525,-8.81606674194336,-2.8273205757141113,-2.973416805267334
1710529114111784461,-8.788524627685547,-2.8788135051727295,-2.693199396133423
1710529114139119937,-8.946595191955566,-2.5985960960388184,-2.6512866020202637
1710529114158092203,-8.855585098266602,-2.8416907787323,-2.8584558963775635
1710529114162358334,-8.723858833312988,-2.9794042110443115,-2.72672963142395
1710529114172783844,-8.812474250793457,-2.7878026962280273,-2.5985960960388184
1710529114200163836,-8.857979774475098,-2.816542863845825,-2.7183470726013184
1710529114220918313,-8.846004486083984,-2.7674450874328613,-2.732717275619507
1710529114237705857,-8.81606674194336,-2.8584558963775635,-2.7399022579193115
1710529114275308098,-8.826844215393066,-2.755470037460327,-2.5878186225891113
1710529114300552008,-8.857979774475098,-2.7973828315734863,-2.6417064666748047
1710529114334689013,-8.758586883544922,-2.8704309463500977,-2.7015819549560547
1710529114382608243,-8.901089668273926,-2.744692325592041,-2.724334716796875
1710529114409685108,-8.804091453552246,-2.775827646255493,-2.614163875579834
1710529114476988268,-8.823251724243164,-2.8967761993408203,-2.6884093284606934
1710529114527647747,-8.81127643585205,-2.826122999191284,-2.6201512813568115
1710529114556958185,-8.862770080566406,-2.775827646255493,-2.7375073432922363
1710529114582360502,-8.8711519241333,-2.895578622817993,-2.9003686904907227
1710529114590572047,-8.899892807006836,-2.885998487472534,-2.826122999191284
1710529114633088117,-8.717870712280273,-2.6093738079071045,-2.2489233016967773
1710529114645351457,-8.8519926071167,-2.7698400020599365,-2.7003846168518066
1710529114672647846,-8.895102500915527,-2.9111461639404297,-2.72672963142395
1710529114694749889,-8.804091453552246,-2.8668384552001953,-2.6800267696380615
1710529114733149166,-8.79211711883545,-2.9602441787719727,-2.725532293319702
1710529114758760138,-8.878337860107422,-2.8488757610321045,-2.765049934387207
1710529114792437244,-8.860374450683594,-2.8189380168914795,-2.682421922683716
1710529114866139524,-8.8519926071167,-2.834505558013916,-2.6872119903564453
1710529114891663714,-8.795709609985352,-2.864443302154541,-2.5698559284210205
1710529114911941568,-8.802894592285156,-2.832110643386841,-2.604583740234375
1710529114937417999,-8.781338691711426,-2.845283269882202,-2.605781316757202
1710529114943829510,-8.781338691711426,-2.823728084564209,-2.5973987579345703
1710529114973109835,-8.805289268493652,-2.884800910949707,-2.646496534347534
1710529114994501601,-8.856781959533691,-2.8273205757141113,-2.7387049198150635
1710529115027581410,-8.822054862976074,-2.7973828315734863,-2.634521484375
1710529115054905625,-8.865164756774902,-2.78181529045105,-2.7375073432922363
1710529115092651533,-8.84720230102539,-2.8392956256866455,-2.663261651992798
1710529115101450594,-8.820857048034668,-2.8608508110046387,-2.693199396133423
1710529115122673640,-8.975336074829102,-2.8584558963775635,-3.103945255279541
1710529115128400725,-8.975336074829102,-2.8584558963775635,-3.103945255279541
1710529115143164858,-8.642428398132324,-3.0500574111938477,-2.445314884185791
1710529115174784770,-8.927434921264648,-2.2896387577056885,-1.7639318704605103
1710529115250293603,-8.857979774475098,-2.844085693359375,-2.6608667373657227
1710529115269211796,-8.768166542053223,-2.854863166809082,-2.524350643157959
1710529115279742011,-8.93102741241455,-2.8392956256866455,-2.8309130668640137
1710529115302891524,-8.92144775390625,-2.623744010925293,-2.6512866020202637
1710529115311212560,-8.758586883544922,-2.9470715522766113,-2.642904043197632
1710529115365993632,-8.945398330688477,-3.0296998023986816,-2.4680676460266113
1710529115391518210,-8.819659233093262,-2.8895909786224365,-2.6668541431427
1710529115423159153,-8.856781959533691,-2.763852596282959,-2.604583740234375
1710529115426823902,-8.836424827575684,-2.8776159286499023,-2.5973987579345703
1710529115473150751,-8.799302101135254,-2.8404932022094727,-2.5794360637664795
1710529115491915547,-8.856781959533691,-2.822530508041382,-2.725532293319702
1710529115519232005,-8.868757247924805,-2.7590625286102295,-2.6716442108154297
1710529115546833391,-8.80169677734375,-2.8189380168914795,-2.5375232696533203
1710529115551131034,-8.831634521484375,-2.8189380168914795,-2.572251081466675
1710529115570004435,-8.863966941833496,-2.842888116836548,-2.6979894638061523
1710529115601405999,-8.889115333557129,-2.804567813873291,-2.695594549179077
1710529115616112986,-8.770561218261719,-2.8895909786224365,-2.5674610137939453
1710529115641215992,-8.82444953918457,-2.7985804080963135,-2.656076669692993
1710529115655840503,-8.861572265625,-2.826122999191284,-2.715952157974243
1710529115676817426,-8.794511795043945,-2.635719060897827,-2.2513184547424316
1710529115710410288,-8.72745132446289,-2.393821954727173,-2.064506769180298
1710529115744236144,-8.919053077697754,-2.8213329315185547,-2.8680357933044434
1710529115892621954,-8.654402732849121,-2.965034246444702,-2.3806493282318115
1710529115905742046,-8.731043815612793,-2.9782068729400635,-2.5602757930755615
1710529115911977858,-8.817264556884766,-2.875221014022827,-2.6800267696380615
1710529115937276119,-8.901089668273926,-2.835703134536743,-2.6776318550109863
1710529115943644948,-8.953780174255371,-2.7195446491241455,-2.756667375564575
1710529115966864349,-8.814868927001953,-2.9291088581085205,-2.565065860748291
1710529115996006795,-8.829239845275879,-2.8967761993408203,-2.6117687225341797
1710529116031871687,-8.867559432983398,-2.8596532344818115,-2.684816837310791
1710529116048857202,-8.835227012634277,-2.763852596282959,-2.6512866020202637
1710529116084402752,-8.726253509521484,-2.9207262992858887,-2.4920177459716797
1710529116092571897,-8.587342262268066,-2.914738655090332,-2.603386163711548
1710529116113605440,-8.873547554016113,-2.863245964050293,-2.6812243461608887
1710529116162213322,-8.837621688842773,-2.774630069732666,-2.622546434402466
1710529116229706849,-8.881930351257324,-2.785407781600952,-2.775827646255493
1710529116263223472,-8.654402732849121,-2.864443302154541,-2.1195921897888184
1710529116290276177,-8.837621688842773,-2.8500733375549316,-2.356699228286743
1710529116311563812,-8.829239845275879,-2.783012628555298,-2.715952157974243
1710529116317683764,-8.93581771850586,-2.7099645137786865,-2.5375232696533203
1710529116342907829,-8.865164756774902,-2.875221014022827,-2.7219398021698
1710529116359649101,-8.737030982971191,-2.9303064346313477,-2.424957275390625
1710529116391674707,-8.903485298156738,-2.743494987487793,-2.705174446105957
1710529116403795136,-8.734636306762695,-2.9494664669036865,-2.5506958961486816
1710529116424741962,-8.807683944702148,-2.834505558013916,-2.562670946121216
1710529116450166902,-8.7418212890625,-2.90156626701355,-2.424957275390625
1710529116500462221,-8.844806671142578,-2.8105554580688477,-2.583028554916382
1710529116504451770,-8.794511795043945,-2.8476781845092773,-2.6021888256073
1710529116521629718,-8.794511795043945,-2.8476781845092773,-2.6021888256073
1710529116542551122,-8.799302101135254,-2.811753034591675,-2.5387206077575684
1710529116569907866,-8.798104286193848,-2.885998487472534,-2.5890161991119385
1710529116614254949,-8.763376235961914,-2.90156626701355,-2.494412899017334
1710529116624691661,-8.90707778930664,-2.8297154903411865,-2.684816837310791
1710529116643778812,-8.782536506652832,-2.882405996322632,-2.5494983196258545
1710529116654390659,-8.87594223022461,-2.8285181522369385,-2.703977108001709
1710529116675299280,-8.88432502746582,-2.7698400020599365,-2.633323907852173
1710529116715081790,-8.893904685974121,-2.7806177139282227,-2.692002058029175
1710529116719405370,-8.867559432983398,-2.8776159286499023,-2.653681755065918
1710529116738462944,-8.793313980102539,-2.863245964050293,-2.5602757930755615
1710529116780429823,-8.850794792175293,-2.975811719894409,-3.1590306758880615
1710529116788933692,-8.881930351257324,-2.9985644817352295,-2.8177404403686523
1710529116795333822,-8.793313980102539,-2.5914111137390137,-2.344724178314209
1710529116812025016,-8.903485298156738,-2.8093578815460205,-2.6381139755249023
1710529116852115093,-8.820857048034668,-2.844085693359375,-2.3507115840911865
1710529116891464120,-8.819659233093262,-2.9207262992858887,-2.593806266784668
1710529116927226382,-8.806487083435059,-2.7782225608825684,-2.577040910720825
1710529116950521676,-8.829239845275879,-2.875221014022827,-2.626138925552368
1710529116975711309,-8.788524627685547,-2.8596532344818115,-2.553090810775757
1710529117024062518,-8.795709609985352,-2.924318790435791,-2.614163875579834
1710529117042930427,-8.830436706542969,-2.7698400020599365,-2.523153066635132
1710529117087139303,-8.77894401550293,-2.9063560962677,-2.565065860748291
1710529117112125630,-8.840017318725586,-2.875221014022827,-2.566263437271118
1710529117169198785,-8.874744415283203,-2.796185255050659,-2.622546434402466
1710529117192173493,-8.869955062866211,-2.8309130668640137,-2.6692492961883545
1710529117207138631,-8.783734321594238,-2.8871960639953613,-2.5471031665802
1710529117219386396,-8.877140045166016,-2.772235155105591,-2.6584715843200684
1710529117248943540,-8.834029197692871,-2.862048387527466,-2.595003604888916
1710529117263682593,-8.784931182861328,-2.912343740463257,-2.5710535049438477
1710529117280525593,-8.853189468383789,-2.8093578815460205,-2.6189539432525635
1710529117297132460,-8.905879974365234,-2.8213329315185547,-2.732717275619507
1710529117311999185,-8.890312194824219,-2.9279112815856934,-3.1769933700561523
1710529117343786221,-8.81127643585205,-2.5399181842803955,-1.9974462985992432
1710529117369035483,-8.705896377563477,-2.9578490257263184,-2.515968084335327
1710529117379529217,-8.798104286193848,-3.044069766998291,-2.293231248855591
1710529117392042304,-8.857979774475098,-2.9195287227630615,-2.6273365020751953
1710529117425625320,-8.994495391845703,-2.5806336402893066,-2.584226131439209
1710529117431959324,-8.786128997802734,-2.7219398021698,-2.4776477813720703
1710529117433981455,-8.823251724243164,-2.942281484603882,-2.4417223930358887
1710529117463352069,-8.863966941833496,-2.8201355934143066,-2.633323907852173
1710529117507569417,-8.819659233093262,-2.954256534576416,-2.6273365020751953
1710529117528655969,-8.82444953918457,-2.84648060798645,-2.54231333732605
1710529117574906931,-8.856781959533691,-2.794987678527832,-2.5902135372161865
1710529117589595398,-8.780141830444336,-2.844085693359375,-2.60697865486145
1710529117616792575,-8.800498962402344,-2.852468252182007,-2.4716601371765137
1710529117644288971,-8.790919303894043,-2.864443302154541,-2.5590784549713135
1710529117660909398,-8.891510009765625,-2.8177404403686523,-2.66206431388855
1710529117681889089,-8.881930351257324,-2.7878026962280273,-2.6596691608428955
1710529117687976064,-8.830436706542969,-2.8273205757141113,-2.585423469543457
1710529117692147373,-8.762179374694824,-2.903961181640625,-2.4596850872039795
1710529117751435055,-8.749006271362305,-2.9782068729400635,-2.515968084335327
1710529117765960656,-8.840017318725586,-2.8093578815460205,-2.566263437271118
1710529117808501486,-8.781338691711426,-2.8680357933044434,-2.496807813644409
1710529117843963612,-8.92144775390625,-2.783012628555298,-2.684816837310791
1710529117848236466,-8.84720230102539,-2.8776159286499023,-2.6117687225341797
1710529117869233568,-8.703500747680664,-2.692002058029175,-1.7794995307922363
1710529117890174260,-8.925040245056152,-2.475252628326416,-2.3099963665008545
1710529117896269781,-8.939410209655762,-2.6381139755249023,-2.595003604888916
1710529117928017090,-8.648415565490723,-3.101550340652466,-2.2896387577056885
1710529117934272967,-8.850794792175293,-2.783012628555298,-2.8380980491638184
1710529117980436062,-8.867559432983398,-2.914738655090332,-2.6476941108703613
1710529117995284732,-8.94420051574707,-2.6405091285705566,-2.676434278488159
1710529118001411005,-8.770561218261719,-2.9111461639404297,-2.535128116607666
1710529118025141174,-8.841214179992676,-2.805765390396118,-2.634521484375
1710529118047512723,-8.759783744812012,-2.8285181522369385,-2.5387206077575684
1710529118106184367,-8.956175804138184,-2.8105554580688477,-2.593806266784668
1710529118152690834,-8.820857048034668,-2.8369007110595703,-2.592608690261841
1710529118199112024,-8.836424827575684,-2.9003686904907227,-2.5806336402893066
1710529118240870151,-8.925040245056152,-2.702779531478882,-2.635719060897827
1710529118243061907,-8.790919303894043,-2.8788135051727295,-2.4812402725219727
1710529118251412702,-8.855585098266602,-2.8309130668640137,-2.5399181842803955
1710529118268271327,-8.76457405090332,-2.9686267375946045,-2.5195605754852295
1710529118282808145,-8.948990821838379,-2.823728084564209,-2.6417064666748047
1710529118295119141,-8.810079574584961,-2.8680357933044434,-2.517165422439575
1710529118310075453,-8.890312194824219,-2.8105554580688477,-2.592608690261841
1710529118348087398,-8.768166542053223,-2.8668384552001953,-2.4381299018859863
1710529118377481944,-8.874744415283203,-2.81414794921875,-2.616558790206909
1710529118400653090,-8.946595191955566,-3.245251417160034,-3.1961536407470703
1710529118484633571,-8.76457405090332,-3.075205087661743,-2.5818309783935547
1710529118511838653,-8.743019104003906,-2.8584558963775635,-2.6093738079071045
1710529118522316639,-8.976532936096191,-2.5075855255126953,-2.2489233016967773
1710529118528587721,-8.710685729980469,-3.0596375465393066,-2.793790340423584
1710529118532801866,-8.7514009475708,-3.0105395317077637,-2.472857713699341
1710529118572407977,-8.794511795043945,-2.864443302154541,-2.5303380489349365
1710529118585196581,-8.945398330688477,-2.8596532344818115,-2.7315196990966797
1710529118615005982,-9.005273818969727,-2.624941349029541,-2.4608826637268066
1710529118629709125,-8.723858833312988,-3.0668225288391113,-2.5147705078125
1710529118648473240,-8.902287483215332,-2.8309130668640137,-2.5698559284210205
1710529118661139179,-8.794511795043945,-2.8883936405181885,-2.5147705078125
1710529118692639824,-8.812474250793457,-2.852468252182007,-2.4417223930358887
1710529118722091942,-8.922645568847656,-2.7866051197052,-2.532733201980591
1710529118732539862,-8.813672065734863,-2.9207262992858887,-2.452500104904175
1710529118806332274,-8.75619125366211,-3.004551887512207,-2.442919969558716
1710529118843974436,-8.929830551147461,-2.7506799697875977,-2.6285338401794434
1710529118871245751,-8.941805839538574,-2.8105554580688477,-2.6213488578796387
1710529118898406100,-8.895102500915527,-2.842888116836548,-2.5614733695983887
1710529118923850808,-8.896300315856934,-2.8512706756591797,-2.634521484375
1710529118970303090,-8.848400115966797,-2.572251081466675,-1.8741028308868408
1710529118999547484,-8.88432502746582,-2.5015978813171387,-2.397414445877075
1710529119022499169,-8.914262771606445,-2.833308219909668,-2.805765390396118
1710529119041619553,-8.872349739074707,-2.6213488578796387,-2.3878345489501953
1710529119102106737,-8.746611595153809,-3.1003527641296387,-2.4285497665405273
1710529119129437863,-8.784931182861328,-2.7375073432922363,-2.3998095989227295
1710529119169485012,-8.883127212524414,-2.84648060798645,-2.6704468727111816
1710529119171438491,-8.843609809875488,-2.943479061126709,-2.5973987579345703
1710529119188380803,-8.788524627685547,-2.982996940612793,-2.472857713699341
1710529119198757147,-8.927434921264648,-2.8907885551452637,-2.603386163711548
1710529119238848503,-8.780141830444336,-2.96623158454895,-2.5578808784484863
1710529119316206996,-8.859177589416504,-2.8871960639953613,-2.6105713844299316
1710529119320424604,-8.91186809539795,-2.812950372695923,-2.605781316757202
1710529119332999414,-8.890312194824219,-2.774630069732666,-2.603386163711548
1710529119387849405,-8.734636306762695,-2.962639093399048,-2.452500104904175
1710529119398402628,-8.774153709411621,-3.003354549407959,-2.506387948989868
1710529119400390610,-8.826844215393066,-2.891986131668091,-2.523153066635132
1710529119421486294,-8.928632736206055,-2.713557243347168,-2.5806336402893066
1710529119440805058,-8.841214179992676,-2.8800110816955566,-2.5483007431030273
1710529119455097311,-8.903485298156738,-2.835703134536743,-2.6093738079071045
1710529119465536039,-8.805289268493652,-2.9806017875671387,-2.5518932342529297
1710529119503178676,-8.861572265625,-2.9710216522216797,-2.826122999191284
1710529119556140967,-8.819659233093262,-3.012934684753418,-2.377056837081909
1710529119574940099,-8.689130783081055,-2.9889843463897705,-2.645298957824707
1710529119591817937,-8.950187683105469,-2.5782384872436523,-2.4992029666900635
1710529119696621262,-8.83881950378418,-2.854863166809082,-2.5985960960388184
1710529119726263511,-8.861572265625,-2.853665828704834,-2.323168992996216
1710529119745226200,-8.90707778930664,-2.8776159286499023,-2.6716442108154297
1710529119753568169,-8.95857048034668,-2.756667375564575,-2.543510675430298
1710529119762058401,-8.8711519241333,-2.7985804080963135,-2.616558790206909
1710529119783067473,-8.841214179992676,-2.8704309463500977,-2.5399181842803955
1710529119795695629,-8.91186809539795,-2.815345525741577,-2.554288387298584
1710529119816832948,-8.943002700805664,-2.69439697265625,-2.5890161991119385
1710529119838336883,-8.798104286193848,-2.8871960639953613,-2.512375593185425
1710529119858833870,-8.802894592285156,-2.8871960639953613,-2.4896228313446045
1710529119964066175,-8.83881950378418,-2.8297154903411865,-2.493215322494507
1710529120005918671,-8.927434921264648,-2.7506799697875977,-2.562670946121216
1710529120012457785,-8.78732681274414,-2.9195287227630615,-2.4105870723724365
1710529120043751986,-8.932225227355957,-2.7003846168518066,-2.5902135372161865
1710529120092068018,-8.968151092529297,-2.4824378490448,-2.375859260559082
1710529120114972437,-8.905879974365234,-2.772235155105591,-2.236948251724243
1710529120123299897,-8.8711519241333,-2.9303064346313477,-2.832110643386841
1710529120169796053,-8.974138259887695,-2.6309289932250977,-2.526745557785034
1710529120176239011,-8.769364356994629,-2.8369007110595703,-2.257305860519409
1710529120186780314,-8.908275604248047,-2.885998487472534,-2.502795457839966
1710529120190979283,-8.9717435836792,-2.7315196990966797,-2.6189539432525635
1710529120214127083,-8.77894401550293,-2.96623158454895,-2.633323907852173
1710529120239403042,-8.885522842407227,-2.823728084564209,-2.654879093170166
1710529120245805046,-8.784931182861328,-3.112327814102173,-2.5015978813171387
1710529120277411020,-8.7418212890625,-2.9494664669036865,-2.3890318870544434
1710529120289930441,-8.835227012634277,-2.853665828704834,-2.6417064666748047
1710529120294087130,-8.812474250793457,-2.9195287227630615,-2.486030340194702
1710529120348665274,-8.928632736206055,-2.7782225608825684,-2.5590784549713135
1710529120363526923,-8.802894592285156,-2.96623158454895,-2.416574716567993
1710529120382523473,-8.889115333557129,-2.8883936405181885,-2.603386163711548
1710529120395221439,-8.873547554016113,-2.824925422668457,-2.5411157608032227
1710529120426873231,-8.910670280456543,-2.8800110816955566,-2.2405407428741455
1710529120437345532,-8.883127212524414,-2.852468252182007,-2.5099804401397705
1710529120451973705,-8.789721488952637,-3.0380823612213135,-2.5698559284210205
1710529120481252618,-8.915460586547852,-2.8776159286499023,-2.4980053901672363
1710529120498082495,-8.818462371826172,-2.992576837539673,-2.505190372467041
1710529120513084401,-8.855585098266602,-2.891986131668091,-2.5111780166625977
1710529120527481624,-8.902287483215332,-2.8596532344818115,-2.6009912490844727
1710529120544676266,-8.782536506652832,-2.9901819229125977,-2.5279431343078613
1710529120578029420,-8.889115333557129,-2.8404932022094727,-2.604583740234375
1710529120580144894,-8.889115333557129,-2.8404932022094727,-2.604583740234375
1710529120611891534,-8.754993438720703,-2.6979894638061523,-2.0225939750671387
1710529120618304243,-8.771759033203125,-2.9937744140625,-2.706372022628784
1710529120777734669,-8.879534721374512,-2.893183708190918,-2.5483007431030273
1710529120847276164,-8.723858833312988,-3.072810173034668,-2.4980053901672363
1710529120866048782,-8.877140045166016,-2.8081603050231934,-2.4321422576904297
1710529120891726047,-8.865164756774902,-2.8213329315185547,-2.5183629989624023
1710529120920782853,-8.823251724243164,-2.902763605117798,-2.506387948989868
1710529120988249685,-8.808881759643555,-2.9482691287994385,-2.4489073753356934
1710529121009233973,-8.808881759643555,-2.9482691287994385,-2.4489073753356934
1710529121025935794,-8.891510009765625,-2.902763605117798,-2.575843572616577
1710529121032386465,-8.795709609985352,-2.9291088581085205,-2.4908204078674316
1710529121053279710,-8.959768295288086,-2.7578649520874023,-2.264491081237793
1710529121103444420,-8.867559432983398,-2.882405996322632,-2.4022045135498047
1710529121129100515,-8.81606674194336,-3.0488598346710205,-2.72672963142395
1710529121145887331,-8.780141830444336,-2.8692333698272705,-2.0896544456481934
1710529121160455135,-8.721463203430176,-2.6884093284606934,-2.026186466217041
1710529121173058678,-8.835227012634277,-2.7482848167419434,-2.3399341106414795
1710529121189840981,-8.566985130310059,-3.1374754905700684,-2.4105870723724365
1710529121194113154,-8.784931182861328,-2.785407781600952,-2.4105870723724365
1710529121213059403,-8.849596977233887,-2.7506799697875977,-2.5195605754852295
1710529121227756617,-8.89869499206543,-2.783012628555298,-2.4081921577453613
1710529121271896560,-8.8519926071167,-2.7985804080963135,-2.4620800018310547
1710529121316134200,-8.880732536315918,-2.8979735374450684,-2.5483007431030273
1710529121330744923,-8.914262771606445,-2.8883936405181885,-2.5902135372161865
1710529121351576537,-8.804091453552246,-3.012934684753418,-2.3303539752960205
1710529121372675930,-8.956175804138184,-2.744692325592041,-2.535128116607666
1710529121414547984,-8.800498962402344,-2.891986131668091,-2.3986120223999023
1710529121418616873,-8.90707778930664,-2.824925422668457,-2.626138925552368
1710529121452896858,-8.960965156555176,-2.7866051197052,-2.494412899017334
1710529121473163264,-8.814868927001953,-2.951861619949341,-2.4992029666900635
1710529121490214765,-8.865164756774902,-2.845283269882202,-2.4620800018310547
1710529121530385211,-8.945398330688477,-2.7578649520874023,-2.562670946121216
1710529121536714754,-8.789721488952637,-3.0201196670532227,-2.39501953125
1710529121578719181,-8.772956848144531,-3.0201196670532227,-2.513572931289673
1710529121629217654,-8.774153709411621,-2.9698243141174316,-2.3818469047546387
1710529121673168709,-8.856781959533691,-3.2260913848876953,-2.715952157974243
1710529121700263447,-8.863966941833496,-2.5818309783935547,-2.216590642929077
1710529121748828865,-8.725055694580078,-2.9267139434814453,-2.412982225418091
1710529121795230357,-8.760981559753418,-2.804567813873291,-2.464475154876709
1710529121828605083,-8.796906471252441,-2.963836669921875,-2.3099963665008545
1710529121834886237,-8.970545768737793,-2.756667375564575,-2.424957275390625
1710529121849686306,-8.733438491821289,-2.6991870403289795,-2.474055290222168
1710529121868445254,-8.863966941833496,-2.7099645137786865,-2.5183629989624023
1710529121891481752,-8.79211711883545,-3.003354549407959,-2.1794676780700684
1710529121910414951,-8.777746200561523,-3.005749464035034,-2.4992029666900635
1710529121937884529,-8.917855262756348,-2.812950372695923,-2.4309449195861816
1710529121948499629,-8.775351524353027,-3.004551887512207,-2.5111780166625977
1710529122034566953,-8.829239845275879,-2.842888116836548,-2.4022045135498047
1710529122053330225,-8.79211711883545,-2.9171338081359863,-2.36747670173645
1710529122073146674,-8.743019104003906,-2.992576837539673,-2.366279363632202
1710529122101988301,-8.849596977233887,-3.0261070728302,-2.465672492980957
1710529122114481050,-8.831634521484375,-2.9386889934539795,-2.5207581520080566
1710529122137727990,-8.94420051574707,-2.8213329315185547,-2.584226131439209
1710529122209510103,-8.970545768737793,-2.7710375785827637,-2.714754581451416
1710529122224277941,-8.874744415283203,-2.944676399230957,-2.9578490257263184
1710529122241077721,-8.910670280456543,-2.8081603050231934,-2.6009912490844727
1710529122247142159,-8.78732681274414,-2.5279431343078613,-2.353106737136841
1710529122268451404,-9.226812362670898,-2.5914111137390137,-2.6776318550109863
1710529122295495237,-8.989706039428711,-2.476450204849243,-2.472857713699341
1710529122299843896,-8.564589500427246,-2.8476781845092773,-2.622546434402466
1710529122322727406,-8.860374450683594,-2.6081762313842773,-2.672841787338257
1710529122344046299,-8.826844215393066,-3.1099328994750977,-2.353106737136841
1710529122350147498,-8.893904685974121,-3.0273046493530273,-2.5004003047943115
1710529122365003952,-8.771759033203125,-3.02131724357605,-2.3986120223999023
1710529122405128615,-8.965755462646484,-2.7003846168518066,-2.60697865486145
1710529122442528761,-8.93581771850586,-2.8380980491638184,-2.4908204078674316
1710529122467893090,-8.82444953918457,-3.0584399700164795,-2.3519091606140137
1710529122469907746,-8.819659233093262,-2.844085693359375,-2.3878345489501953
1710529122493629796,-8.905879974365234,-2.8512706756591797,-2.5375232696533203
1710529122503260240,-8.861572265625,-2.8704309463500977,-2.5015978813171387
1710529122524624311,-8.891510009765625,-3.0296998023986816,-2.5087828636169434
1710529122556201022,-8.897497177124023,-2.883603572845459,-2.5483007431030273
1710529122587507149,-8.928632736206055,-2.756667375564575,-2.4620800018310547
1710529122602326372,-8.867559432983398,-2.8907885551452637,-2.3111939430236816
1710529122730870797,-8.820857048034668,-3.0476622581481934,-2.5794360637664795
1710529122757931558,-8.856781959533691,-2.9578490257263184,-2.4812402725219727
1710529122806343327,-8.819659233093262,-2.9674291610717773,-2.2189855575561523
1710529122812602673,-8.903485298156738,-2.84648060798645,-2.0597167015075684
1710529122825340695,-8.866362571716309,-2.426154851913452,-2.2501208782196045
1710529122862859668,-8.702303886413574,-3.004551887512207,-2.446512460708618
1710529122869206031,-8.896300315856934,-2.7506799697875977,-2.496807813644409
1710529122875529003,-8.977730751037598,-2.8297154903411865,-2.536325693130493
1710529122892769563,-8.81127643585205,-2.811753034591675,-2.4824378490448
1710529122919479165,-8.77894401550293,-2.9578490257263184,-2.4596850872039795
1710529122949402041,-8.905879974365234,-2.9075536727905273,-2.5219554901123047
1710529122968663795,-8.90707778930664,-2.8309130668640137,-2.5099804401397705
1710529123014523115,-8.781338691711426,-3.023712158203125,-2.4177722930908203
1710529123079877917,-8.891510009765625,-2.805765390396118,-2.5087828636169434
1710529123124618102,-8.83881950378418,-2.932701349258423,-2.445314884185791
1710529123142855092,-8.828042030334473,-2.8871960639953613,-2.4285497665405273
1710529123185126555,-8.909472465515137,-2.9291088581085205,-2.465672492980957
1710529123207993784,-8.804091453552246,-2.9865894317626953,-2.3507115840911865
1710529123235640325,-8.926238059997559,-2.826122999191284,-2.5147705078125
1710529123241779791,-8.832832336425781,-2.9003686904907227,-2.436932325363159
1710529123260854890,-8.84720230102539,-2.864443302154541,-2.452500104904175
1710529123289025125,-8.872349739074707,-2.883603572845459,-2.5111780166625977
1710529123317471330,-8.945398330688477,-2.8991711139678955,-2.5914111137390137
1710529123340656577,-8.954977989196777,-2.931504011154175,-1.5747253894805908
1710529123395271765,-8.850794792175293,-2.863245964050293,-2.2082080841064453
1710529123422457652,-8.752598762512207,-3.045267343521118,-2.715952157974243
1710529123434959647,-8.975336074829102,-2.84648060798645,-2.524350643157959
1710529123468443931,-8.853189468383789,-2.852468252182007,-2.4213647842407227
1710529123514574809,-8.908275604248047,-2.816542863845825,-2.5399181842803955
1710529123531724046,-8.812474250793457,-2.9674291610717773,-2.4213647842407227
1710529123552769711,-8.952583312988281,-3.161425828933716,-2.3782544136047363
1710529123596850923,-8.917855262756348,-2.893183708190918,-2.5375232696533203
1710529123607255017,-8.781338691711426,-3.054847478866577,-2.3626868724823
1710529123609372476,-8.95857048034668,-2.7806177139282227,-2.4992029666900635
1710529123632749665,-8.877140045166016,-2.823728084564209,-2.444117546081543
1710529123668205554,-8.959768295288086,-2.824925422668457,-2.5279431343078613
1710529123695238205,-8.887917518615723,-2.8608508110046387,-2.396217107772827
1710529123739518195,-8.794511795043945,-3.045267343521118,-2.324366569519043
1710529123752130475,-8.834029197692871,-2.9075536727905273,-2.48722767829895
1710529123783736437,-8.80169677734375,-2.945873975753784,-2.4117846488952637
1710529123796301640,-8.81127643585205,-2.9398865699768066,-2.3219714164733887
1710529123815444040,-8.853189468383789,-2.8812084197998047,-2.414179801940918
1710529123842440677,-8.928632736206055,-2.8081603050231934,-2.5794360637664795
1710529123846578959,-8.928632736206055,-2.8081603050231934,-2.5794360637664795
1710529123867569333,-8.794511795043945,-2.8476781845092773,-2.8105554580688477
1710529123890633179,-8.701106071472168,-2.8776159286499023,-2.1004321575164795
1710529123896829055,-8.861572265625,-2.90156626701355,-1.751956820487976
1710529123913934856,-8.731043815612793,-2.984194278717041,-2.423759698867798
1710529123960130257,-8.89869499206543,-2.852468252182007,-2.294428825378418
1710529123972648996,-8.899892807006836,-2.765049934387207,-2.4489073753356934
1710529124002155995,-8.822054862976074,-3.005749464035034,-2.3423290252685547
1710529124046133502,-8.881930351257324,-2.775827646255493,-2.4489073753356934
1710529124052547870,-8.947793006896973,-2.712359666824341,-2.5614733695983887
1710529124075508325,-8.810079574584961,-3.054847478866577,-2.2812561988830566
1710529124100603437,-8.810079574584961,-3.054847478866577,-2.2812561988830566
1710529124130738636,-8.81606674194336,-2.965034246444702,-2.3890318870544434
1710529124212451916,-8.794511795043945,-2.972219228744507,-2.375859260559082
1710529124220802680,-8.908275604248047,-2.882405996322632,-2.545905828475952
1710529124255046972,-8.897497177124023,-2.692002058029175,-2.3686742782592773
1710529124275317278,-8.836424827575684,-3.023712158203125,-2.495610237121582
1710529124290569132,-8.806487083435059,-3.0368847846984863,-2.586621046066284
1710529124317230856,-8.807683944702148,-2.9303064346313477,-2.377056837081909
1710529124361663388,-8.796906471252441,-2.9674291610717773,-2.465672492980957
1710529124399425081,-9.016051292419434,-2.8608508110046387,-3.111130475997925
1710529124421101173,-8.819659233093262,-3.065624952316284,-2.895578622817993
1710529124454330614,-8.774153709411621,-2.925516366958618,-2.2716760635375977
1710529124473047296,-8.83881950378418,-2.7794201374053955,-2.484832763671875
1710529124493903498,-8.895102500915527,-2.7901978492736816,-2.556683301925659
1710529124521092048,-8.857979774475098,-2.8416907787323,-2.263293504714966
1710529124533814622,-8.823251724243164,-2.9183313846588135,-2.3483166694641113
1710529124559318698,-8.807683944702148,-2.872825860977173,-2.4489073753356934
1710529124580427975,-8.802894592285156,-3.051254987716675,-2.293231248855591
1710529124592993287,-8.897497177124023,-2.714754581451416,-2.533930778503418
1710529124611842312,-8.849596977233887,-2.9865894317626953,-2.42256236076355
1710529124618472321,-8.927434921264648,-2.7806177139282227,-2.4596850872039795
1710529124630774763,-8.914262771606445,-2.8596532344818115,-2.4704625606536865
1710529124651798528,-8.860374450683594,-2.914738655090332,-2.347119092941284
1710529124662330631,-8.923842430114746,-2.8309130668640137,-2.4285497665405273
1710529124693461113,-8.605304718017578,-2.923121452331543,-2.3399341106414795
1710529124699905963,-8.830436706542969,-2.8812084197998047,-2.3986120223999023
1710529124714617018,-8.830436706542969,-2.8812084197998047,-2.3986120223999023
1710529124737806572,-8.830436706542969,-2.9267139434814453,-2.383044481277466
1710529124805472092,-8.914262771606445,-2.8788135051727295,-2.453697443008423
1710529124828536725,-8.872349739074707,-2.925516366958618,-2.4081921577453613
1710529124864066765,-8.810079574584961,-2.932701349258423,-2.5219554901123047
1710529124876663956,-8.859177589416504,-2.893183708190918,-2.377056837081909
1710529124903919369,-8.78732681274414,-2.9985644817352295,-2.384242057800293
1710529124941679898,-8.928632736206055,-2.864443302154541,-2.553090810775757
1710529124950214853,-8.953780174255371,-2.785407781600952,-2.6117687225341797
1710529124981773404,-8.910670280456543,-2.715952157974243,-2.505190372467041
1710529125002781040,-8.840017318725586,-3.0165271759033203,-2.06330943107605
1710529125015326979,-8.905879974365234,-2.7901978492736816,-2.315983772277832
1710529125034466118,-8.848400115966797,-2.845283269882202,-2.584226131439209
1710529125053139359,-8.828042030334473,-2.84648060798645,-2.505190372467041
1710529125101602640,-8.80169677734375,-3.022514581680298,-2.235750675201416
1710529125126724019,-8.950187683105469,-2.842888116836548,-2.4620800018310547
1710529125149969182,-8.890312194824219,-2.834505558013916,-2.3614892959594727
1710529125156410992,-8.794511795043945,-2.9602441787719727,-2.2608983516693115
1710529125181448351,-8.93102741241455,-2.921923875808716,-2.4393274784088135
1710529125187959620,-8.828042030334473,-2.9267139434814453,-2.3411316871643066
1710529125213018137,-8.850794792175293,-2.9171338081359863,-2.4489073753356934
1710529125269554809,-8.899892807006836,-2.793790340423584,-2.456092596054077
1710529125299100750,-8.938213348388672,-2.763852596282959,-2.4417223930358887
1710529125328431499,-8.848400115966797,-2.935096502304077,-2.3411316871643066
1710529125375140610,-8.929830551147461,-2.8967761993408203,-2.512375593185425
1710529125391649283,-8.893904685974121,-2.805765390396118,-2.423759698867798
1710529125406319596,-8.825647354125977,-2.9303064346313477,-2.433339834213257
1710529125435731365,-8.822054862976074,-2.891986131668091,-2.333946466445923
1710529125455131621,-8.8519926071167,-2.974614143371582,-2.3602917194366455
1710529125465169780,-8.854387283325195,-2.914738655090332,-2.4381299018859863
1710529125505051052,-9.020840644836426,-2.8069629669189453,-2.6500890254974365
1710529125506978283,-8.948990821838379,-3.0764026641845703,-2.981799364089966
1710529125532054263,-8.865164756774902,-2.614163875579834,-2.027384042739868
1710529125540810935,-8.860374450683594,-2.7542724609375,-2.5183629989624023
1710529125553376556,-8.857979774475098,-3.144660711288452,-2.626138925552368
1710529125561709445,-8.88432502746582,-2.826122999191284,-2.325563907623291
1710529125578652921,-8.93102741241455,-2.9398865699768066,-2.6189539432525635
1710529125622635383,-8.826844215393066,-3.0069470405578613,-2.3602917194366455
1710529125643582086,-8.650810241699219,-2.9195287227630615,-2.3315515518188477
1710529125675094949,-8.919053077697754,-2.893183708190918,-2.4980053901672363
1710529125704483406,-8.909472465515137,-2.8512706756591797,-2.483635187149048
1710529125727732100,-8.835227012634277,-2.945873975753784,-2.3087987899780273
1710529125738284115,-8.897497177124023,-2.822530508041382,-2.4010071754455566
1710529125757294520,-8.854387283325195,-2.942281484603882,-2.377056837081909
1710529125774018673,-8.832832336425781,-2.975811719894409,-2.344724178314209
1710529125813954635,-8.880732536315918,-2.8704309463500977,-2.385439395904541
1710529125835061666,-8.895102500915527,-2.852468252182007,-2.3578968048095703
1710529125876973435,-8.916657447814941,-2.744692325592041,-2.435734748840332
1710529125878939497,-8.846004486083984,-2.894381046295166,-2.343526601791382
1710529125916667400,-8.860374450683594,-2.9386889934539795,-2.343526601791382
1710529125939956548,-8.862770080566406,-2.923121452331543,-2.4117846488952637
1710529125967474099,-8.831634521484375,-2.924318790435791,-2.354304313659668
1710529125975940865,-8.865164756774902,-2.8584558963775635,-2.3602917194366455
1710529125996965172,-8.836424827575684,-2.9782068729400635,-2.354304313659668
1710529126034744055,-9.057964324951172,-2.965034246444702,-2.9937744140625
1710529126072436581,-8.946595191955566,-2.8512706756591797,-1.8669177293777466
1710529126093353658,-8.782536506652832,-2.57464599609375,-1.6681311130523682
1710529126139800957,-8.9813232421875,-2.812950372695923,-2.5387206077575684
1710529126181901368,-8.799302101135254,-3.0296998023986816,-2.263293504714966
1710529126190335050,-8.910670280456543,-2.884800910949707,-2.4321422576904297
1710529126219798167,-8.844806671142578,-2.9303064346313477,-2.383044481277466
1710529126266001896,-8.857979774475098,-2.8812084197998047,-2.3710694313049316
1710529126311989815,-8.887917518615723,-2.932701349258423,-2.363884210586548
1710529126387839417,-8.842411994934082,-2.9506640434265137,-2.2704784870147705
1710529126404724405,-8.916657447814941,-2.963836669921875,-2.4692652225494385
1710529126417369306,-8.885522842407227,-2.893183708190918,-2.3483166694641113
1710529126469803365,-8.928632736206055,-2.872825860977173,-2.4620800018310547
1710529126516174140,-8.887917518615723,-2.834505558013916,-2.375859260559082
1710529126539315920,-8.920249938964844,-2.9207262992858887,-2.3902294635772705
1710529126554181564,-8.94420051574707,-2.8105554580688477,-2.474055290222168
1710529126572868999,-8.896300315856934,-2.9063560962677,-2.436932325363159
1710529126619367255,-8.899892807006836,-2.6991870403289795,-1.5376025438308716
1710529126650991422,-8.89869499206543,-2.9111461639404297,-2.634521484375
1710529126694752267,-8.922645568847656,-2.7590625286102295,-2.3423290252685547
1710529126734779440,-8.869955062866211,-3.0177245140075684,-2.4201672077178955
1710529126755945106,-8.880732536315918,-2.921923875808716,-2.464475154876709
1710529126802115658,-8.840017318725586,-2.8572583198547363,-2.385439395904541
1710529126812666805,-8.822054862976074,-2.953059196472168,-2.1902453899383545
1710529126816777018,-8.945398330688477,-2.8895909786224365,-2.4477100372314453
1710529126844240140,-8.915460586547852,-2.8297154903411865,-2.4680676460266113
1710529126894301684,-8.850794792175293,-2.8967761993408203,-2.4405248165130615
1710529126911365848,-8.929830551147461,-2.8488757610321045,-2.4704625606536865
1710529126923927927,-8.897497177124023,-2.9075536727905273,-2.4022045135498047
1710529126965987338,-8.855585098266602,-2.8369007110595703,-2.384242057800293
1710529126976544250,-8.939410209655762,-2.7997777462005615,-2.475252628326416
1710529126980611842,-8.813672065734863,-2.992576837539673,-2.274070978164673
1710529127005796902,-8.853189468383789,-2.9698243141174316,-2.3914270401000977
1710529127039483408,-8.849596977233887,-2.9303064346313477,-2.3219714164733887
1710529127072963178,-8.829239845275879,-2.942281484603882,-2.3722667694091797
1710529127117063545,-8.910670280456543,-2.8800110816955566,-2.466870069503784
1710529127121068514,-8.850794792175293,-2.8776159286499023,-2.81414794921875
1710529127148597811,-9.005273818969727,-2.915936231613159,-1.7687219381332397
1710529127171797125,-8.99569320678711,-2.6979894638061523,-2.4776477813720703
1710529127192889687,-8.766968727111816,-3.135080575942993,-2.245330810546875
1710529127211887550,-8.926238059997559,-2.822530508041382,-2.0130138397216797
1710529127241132636,-8.950187683105469,-2.78181529045105,-2.5483007431030273
1710529127249858831,-8.795709609985352,-2.9770092964172363,-2.6009912490844727
1710529127255963080,-8.831634521484375,-3.102747917175293,-2.326761484146118
1710529127276935565,-8.897497177124023,-2.942281484603882,-2.2692809104919434
1710529127319461223,-8.972940444946289,-2.844085693359375,-2.524350643157959
1710529127354655298,-8.862770080566406,-2.872825860977173,-2.397414445877075
1710529127369536725,-8.830436706542969,-2.9267139434814453,-2.2884411811828613
1710529127392696885,-8.854387283325195,-3.0105395317077637,-2.356699228286743
1710529127430679050,-8.93581771850586,-2.8369007110595703,-2.502795457839966
1710529127440958625,-8.877140045166016,-2.8500733375549316,-2.317181348800659
1710529127470439859,-8.938213348388672,-2.8692333698272705,-2.4477100372314453
1710529127492418985,-8.938213348388672,-2.7303223609924316,-2.4716601371765137
1710529127512326782,-8.840017318725586,-2.921923875808716,-2.2716760635375977
1710529127518862210,-8.923842430114746,-2.8692333698272705,-2.363884210586548
1710529127564901469,-8.843609809875488,-2.9973669052124023,-2.3303539752960205
1710529127592376760,-8.802894592285156,-2.864443302154541,-2.3087987899780273
1710529127638479373,-8.887917518615723,-2.8476781845092773,-2.3411316871643066
1710529127676320397,-8.9909029006958,-2.833308219909668,-2.5399181842803955
1710529127718348366,-8.92144775390625,-2.844085693359375,-2.353106737136841
1710529127747892512,-8.842411994934082,-3.1087353229522705,-2.2525157928466797
1710529127752120933,-8.822054862976074,-2.9410839080810547,-2.403402090072632
1710529127783701214,-8.87594223022461,-2.8213329315185547,-2.2812561988830566
1710529127808643858,-8.904682159423828,-2.845283269882202,-2.4501049518585205
1710529127819397262,-8.89869499206543,-2.8213329315185547,-2.384242057800293
1710529127846757091,-8.818462371826172,-2.914738655090332,-2.2884411811828613
1710529127865633469,-8.818462371826172,-2.914738655090332,-2.2884411811828613
1710529127894872534,-8.840017318725586,-2.8800110816955566,-2.2608983516693115
1710529127901299462,-8.926238059997559,-2.9482691287994385,-2.3087987899780273
1710529127928454200,-8.923842430114746,-2.8213329315185547,-2.464475154876709
1710529127955855520,-8.878337860107422,-2.8883936405181885,-2.3890318870544434
1710529127985193563,-8.932225227355957,-2.8668384552001953,-2.452500104904175
1710529128000023865,-8.883127212524414,-2.9973669052124023,-2.3698718547821045
1710529128027360735,-8.963360786437988,-2.724334716796875,-2.4513025283813477
1710529128050655641,-8.865164756774902,-2.8979735374450684,-2.3123912811279297
1710529128069286560,-8.830436706542969,-2.981799364089966,-2.3315515518188477
1710529128083872678,-8.91186809539795,-2.924318790435791,-2.414179801940918
1710529128117642251,-8.927434921264648,-2.865640878677368,-2.416574716567993
1710529128145073198,-8.937015533447266,-2.8105554580688477,-2.4093897342681885
1710529128168133620,-8.93581771850586,-2.7602601051330566,-2.385439395904541
1710529128189150180,-8.830436706542969,-2.93389892578125,-2.3399341106414795
1710529128220501091,-9.024433135986328,-2.981799364089966,-2.872825860977173
1710529128250128882,-8.823251724243164,-2.793790340423584,-1.5435900688171387
1710529128376492926,-8.822054862976074,-3.011737108230591,-2.253713369369507
1710529128382769272,-8.905879974365234,-2.8297154903411865,-2.4800426959991455
1710529128418598306,-8.893904685974121,-2.936293840408325,-2.4010071754455566
1710529128470995355,-8.916657447814941,-2.852468252182007,-2.397414445877075
1710529128489180605,-8.963360786437988,-2.8512706756591797,-2.3806493282318115
1710529128502131928,-8.853189468383789,-2.943479061126709,-2.2608983516693115
1710529128516984444,-8.928632736206055,-2.811753034591675,-2.5375232696533203
1710529128525252014,-8.820857048034668,-2.93389892578125,-2.2920336723327637
1710529128557067158,-8.820857048034668,-2.93389892578125,-2.2920336723327637
1710529128593066158,-8.8711519241333,-2.8213329315185547,-2.3614892959594727
1710529128620236555,-8.855585098266602,-2.852468252182007,-2.30281138420105
1710529128639308445,-8.841214179992676,-3.0165271759033203,-2.2309606075286865
1710529128668575967,-8.84720230102539,-2.9686267375946045,-2.326761484146118
1710529128727221710,-8.82444953918457,-2.9075536727905273,-2.265688419342041
1710529128758789686,-8.920249938964844,-2.891986131668091,-2.42256236076355
1710529128794426962,-8.818462371826172,-2.7075695991516113,-2.203418016433716
1710529128809253287,-8.861572265625,-2.7578649520874023,-1.7052539587020874
1710529128832447184,-8.897497177124023,-2.982996940612793,-2.5004003047943115
1710529128845282186,-8.848400115966797,-2.9171338081359863,-2.0357666015625
1710529128876711897,-8.941805839538574,-2.8584558963775635,-2.3519091606140137
1710529128890022642,-8.857979774475098,-2.84648060798645,-2.227368116378784
1710529128895494077,-8.842411994934082,-3.044069766998291,-2.2920336723327637
1710529128918854067,-8.932225227355957,-2.8081603050231934,-2.3303539752960205
1710529128935636465,-8.885522842407227,-2.96623158454895,-2.39501953125
1710529128971734070,-8.91186809539795,-2.842888116836548,-2.385439395904541
1710529128992513732,-8.937015533447266,-2.693199396133423,-2.354304313659668
1710529129022079139,-8.976532936096191,-2.8500733375549316,-2.4584875106811523
1710529129126959565,-8.913064956665039,-2.9410839080810547,-2.363884210586548
1710529129139577348,-8.89869499206543,-2.8297154903411865,-2.386636972427368
1710529129200619689,-9.114246368408203,-2.9111461639404297,-2.386636972427368
1710529129319763593,-8.81127643585205,-2.8213329315185547,-2.595003604888916
1710529129347156517,-8.738228797912598,-2.48722767829895,-1.870510220527649
1710529129372422095,-8.950187683105469,-2.6189539432525635,-2.2800586223602295
1710529129389284895,-8.843609809875488,-3.044069766998291,-2.414179801940918
1710529129441836379,-8.8519926071167,-2.8189380168914795,-2.294428825378418
1710529129494588757,-8.916657447814941,-2.9075536727905273,-2.2788610458374023
1710529129494644050,-8.859177589416504,-2.9590466022491455,-2.3423290252685547
1710529129521614041,-8.8519926071167,-2.895578622817993,-2.2525157928466797
1710529129582678700,-8.910670280456543,-2.8213329315185547,-2.2405407428741455
1710529129637537673,-8.88432502746582,-2.9303064346313477,-2.264491081237793
1710529129654208231,-8.923842430114746,-2.905158758163452,-2.384242057800293
1710529129664564732,-8.885522842407227,-2.8871960639953613,-2.383044481277466
1710529129710476078,-8.937015533447266,-2.783012628555298,-2.3602917194366455
1710529129723198284,-8.890312194824219,-2.9590466022491455,-2.264491081237793
1710529129727498548,-8.883127212524414,-2.953059196472168,-2.2381458282470703
1710529129778377781,-8.861572265625,-2.893183708190918,-2.2501208782196045
1710529129819840049,-8.872349739074707,-2.8369007110595703,-2.236948251724243
1710529129864179803,-8.878337860107422,-2.9099488258361816,-2.2920336723327637
1710529129901903340,-8.874744415283203,-2.7782225608825684,-2.256108283996582
1710529129929239508,-8.993298530578613,-2.9901819229125977,-2.555485725402832
1710529129938048909,-8.957372665405273,-2.923121452331543,-2.3207738399505615
1710529129954412908,-8.822054862976074,-2.9267139434814453,-2.324366569519043
1710529129969045980,-8.93102741241455,-2.8584558963775635,-2.2908360958099365
1710529129981821856,-8.860374450683594,-2.914738655090332,-2.296823740005493
1710529130017478050,-8.892707824707031,-2.9686267375946045,-2.155517578125
1710529130053540819,-8.87594223022461,-2.865640878677368,-2.343526601791382
1710529130082635649,-8.840017318725586,-3.0009593963623047,-2.1327648162841797
1710529130091389790,-8.954977989196777,-2.944676399230957,-2.3495142459869385
1710529130105720219,-8.909472465515137,-2.862048387527466,-2.3219714164733887
1710529130135131080,-8.939410209655762,-2.863245964050293,-2.4285497665405273
1710529130170977007,-8.859177589416504,-2.963836669921875,-2.2106029987335205
1710529130202530049,-8.856781959533691,-3.012934684753418,-2.3004162311553955
1710529130210753998,-8.927434921264648,-2.8584558963775635,-2.406994581222534
1710529130235976740,-8.899892807006836,-2.804567813873291,-2.344724178314209
1710529130273612013,-8.885522842407227,-2.7890002727508545,-2.3004162311553955
1710529130309408266,-8.868757247924805,-2.8812084197998047,-2.293231248855591
1710529130317826143,-8.968151092529297,-2.815345525741577,-2.343526601791382
1710529130330367534,-8.863966941833496,-2.885998487472534,-2.264491081237793
1710529130338817746,-8.863966941833496,-2.885998487472534,-2.264491081237793
1710529130370529823,-8.950187683105469,-2.893183708190918,-2.3722667694091797
1710529130378566431,-8.842411994934082,-2.9374914169311523,-2.293231248855591
1710529130406116350,-9.035211563110352,-2.8500733375549316,-2.545905828475952
1710529130443978414,-8.677155494689941,-2.8285181522369385,-1.6549584865570068
1710529130475141828,-8.889115333557129,-2.9267139434814453,-2.1315674781799316
1710529130491533973,-8.807683944702148,-2.6417064666748047,-2.353106737136841
1710529130500250603,-8.819659233093262,-3.063230037689209,-2.4105870723724365
1710529130511563476,-8.982521057128906,-2.8213329315185547,-2.1998255252838135
1710529130527696931,-8.909472465515137,-2.723137140274048,-2.2417383193969727
1710529130557066038,-8.752598762512207,-3.114722967147827,-2.0800745487213135
1710529130577979397,-8.980125427246094,-2.8105554580688477,-2.565065860748291
1710529130611671730,-8.822054862976074,-2.834505558013916,-2.175875186920166
1710529130640986929,-8.863966941833496,-3.0308971405029297,-2.203418016433716
1710529130670631988,-8.881930351257324,-2.9279112815856934,-2.3387365341186523
1710529130678887236,-8.914262771606445,-2.8416907787323,-2.343526601791382
1710529130712600679,-8.897497177124023,-2.90156626701355,-2.2608983516693115
1710529130727330674,-8.862770080566406,-2.914738655090332,-2.304008722305298
1710529130754559686,-8.878337860107422,-2.9973669052124023,-2.3626868724823
1710529130813366027,-8.867559432983398,-2.9506640434265137,-2.2597010135650635
1710529130834496741,-8.873547554016113,-2.953059196472168,-2.293231248855591
1710529130849052669,-8.915460586547852,-2.8512706756591797,-2.325563907623291
1710529130872109554,-8.932225227355957,-2.90156626701355,-2.3076012134552
1710529130930991027,-8.901089668273926,-2.883603572845459,-2.33514404296875
1710529130941424437,-9.011260986328125,-2.90156626701355,-2.48722767829895
1710529130968941344,-8.943002700805664,-2.9386889934539795,-2.6273365020751953
1710529130975159871,-8.857979774475098,-2.7614574432373047,-2.5195605754852295
1710529131015315584,-8.93581771850586,-2.9267139434814453,-2.5806336402893066
1710529131030022160,-8.769364356994629,-3.1602282524108887,-2.257305860519409
1710529131074130399,-8.904682159423828,-2.826122999191284,-2.356699228286743
1710529131076144837,-8.91186809539795,-2.803370475769043,-2.356699228286743
1710529131114172887,-8.889115333557129,-2.9183313846588135,-2.286046028137207
1710529131135180417,-8.868757247924805,-2.871628522872925,-2.4680676460266113
1710529131158430704,-8.889115333557129,-2.8812084197998047,-2.343526601791382
1710529131166718379,-8.917855262756348,-2.883603572845459,-2.365081787109375
1710529131183629534,-8.90707778930664,-2.885998487472534,-2.256108283996582
1710529131254751827,-8.934619903564453,-2.755470037460327,-2.354304313659668
1710529131322221988,-8.915460586547852,-2.7806177139282227,-2.294428825378418
1710529131334967553,-8.932225227355957,-2.885998487472534,-2.3087987899780273
1710529131359699440,-8.878337860107422,-2.994971990585327,-2.246528387069702
1710529131401916932,-8.88432502746582,-2.935096502304077,-2.245330810546875
1710529131429176224,-8.889115333557129,-2.882405996322632,-2.2513184547424316
1710529131438252080,-8.879534721374512,-2.903961181640625,-2.3099963665008545
1710529131458575037,-8.867559432983398,-2.932701349258423,-2.244133234024048
1710529131473223524,-8.865164756774902,-3.003354549407959,-2.265688419342041
1710529131477522939,-8.996891021728516,-2.8895909786224365,-2.435734748840332
1710529131515172478,-8.975336074829102,-2.9889843463897705,-2.475252628326416
1710529131519312945,-8.796906471252441,-2.60697865486145,-1.9339783191680908
1710529131544644324,-8.954977989196777,-3.1674132347106934,-2.505190372467041
1710529131569801053,-8.849596977233887,-2.9386889934539795,-2.323168992996216
1710529131582216584,-8.945398330688477,-2.8177404403686523,-2.214195489883423
1710529131601205922,-8.790919303894043,-2.9386889934539795,-2.3806493282318115
1710529131613672921,-8.929830551147461,-2.765049934387207,-2.3087987899780273
1710529131622601455,-8.902287483215332,-2.965034246444702,-2.1926403045654297
1710529131639117055,-8.927434921264648,-2.8991711139678955,-2.2812561988830566
1710529131688227219,-8.848400115966797,-2.9698243141174316,-2.3303539752960205
1710529131697583613,-8.873547554016113,-2.8871960639953613,-2.264491081237793
1710529131710135707,-8.902287483215332,-2.774630069732666,-2.355501651763916
1710529131712206073,-8.859177589416504,-2.9183313846588135,-2.233355760574341
1710529131729226009,-8.943002700805664,-2.8069629669189453,-2.377056837081909
1710529131746347869,-8.855585098266602,-2.9865894317626953,-2.1591100692749023
1710529131780797906,-8.945398330688477,-2.8740234375,-2.2585034370422363
1710529131786286311,-8.830436706542969,-2.945873975753784,-2.39501953125
1710529131813444853,-8.88432502746582,-2.905158758163452,-2.1698877811431885
1710529131840782638,-8.941805839538574,-2.8416907787323,-2.3902294635772705
1710529131853200527,-8.850794792175293,-2.951861619949341,-2.217787981033325
1710529131868009014,-8.909472465515137,-2.863245964050293,-2.2189855575561523
1710529131891888904,-8.93581771850586,-2.865640878677368,-2.2585034370422363
1710529131904417858,-8.849596977233887,-2.974614143371582,-2.234553337097168
1710529131908132116,-8.940608024597168,-2.822530508041382,-2.2896387577056885
1710529131933367234,-8.902287483215332,-2.8668384552001953,-2.317181348800659
1710529131939553975,-8.92144775390625,-2.824925422668457,-2.2896387577056885
1710529131962699564,-8.859177589416504,-2.9171338081359863,-2.2094054222106934
1710529131996372689,-8.885522842407227,-2.923121452331543,-2.2884411811828613
1710529132035990732,-8.883127212524414,-2.93389892578125,-2.636916399002075
1710529132057167909,-8.666378021240234,-2.6788294315338135,-1.7172290086746216
1710529132069751004,-8.583749771118164,-2.5387206077575684,-1.7639318704605103
1710529132087512465,-9.148974418640137,-2.6512866020202637,-2.136357307434082
1710529132128597749,-8.915460586547852,-2.7878026962280273,-2.223775625228882
1710529132168490655,-8.969347953796387,-2.955454111099243,-2.2201831340789795
1710529132185304525,-8.983717918395996,-2.6417064666748047,-2.284848690032959
1710529132208474152,-8.835227012634277,-2.832110643386841,-2.277663469314575
1710529132244500800,-8.829239845275879,-2.845283269882202,-2.144740104675293
1710529132265150912,-8.956175804138184,-2.8404932022094727,-2.1986279487609863
1710529132279799334,-8.82444953918457,-3.1171178817749023,-2.2752685546875
1710529132292229747,-8.849596977233887,-2.9686267375946045,-2.093247175216675
1710529132349014831,-8.896300315856934,-2.8800110816955566,-2.156715154647827
1710529132372213617,-8.897497177124023,-2.852468252182007,-2.3483166694641113
1710529132410309411,-8.927434921264648,-2.733914852142334,-2.305206298828125
1710529132418645093,-8.913064956665039,-2.8201355934143066,-2.2225780487060547
1710529132429038625,-8.849596977233887,-2.9374914169311523,-2.235750675201416
1710529132443616659,-8.940608024597168,-2.793790340423584,-2.2680835723876953
1710529132458385766,-8.953780174255371,-2.893183708190918,-2.332749128341675
1710529132468876965,-8.887917518615723,-2.9590466022491455,-2.2297632694244385
1710529132488749150,-8.889115333557129,-2.8572583198547363,-2.3411316871643066
1710529132495968059,-8.868757247924805,-2.9494664669036865,-2.2285656929016113
1710529132513750708,-8.862770080566406,-2.965034246444702,-2.204615592956543
1710529132546596160,-8.846004486083984,-3.051254987716675,-2.2704784870147705
1710529132559155288,-8.957372665405273,-2.7602601051330566,-2.3602917194366455
1710529132576065732,-8.933423042297363,-3.114722967147827,-2.835703134536743
1710529132597039816,-8.848400115966797,-2.9985644817352295,-2.3914270401000977
1710529132645670296,-8.983717918395996,-2.702779531478882,-1.4441968202590942
1710529132666821736,-8.823251724243164,-2.7686426639556885,-2.3291563987731934
1710529132693905251,-8.920249938964844,-2.9063560962677,-2.1902453899383545
1710529132719224936,-8.977730751037598,-2.8740234375,-2.2680835723876953
1710529132748663845,-8.865164756774902,-2.7614574432373047,-2.306403875350952
1710529132776066994,-8.929830551147461,-3.071612596511841,-2.256108283996582
1710529132786359347,-8.846004486083984,-2.953059196472168,-2.3303539752960205
1710529132811913277,-8.874744415283203,-3.0787975788116455,-2.3590941429138184
1710529132839223982,-8.850794792175293,-2.8907885551452637,-2.086061954498291
1710529132862186428,-8.905879974365234,-2.7770252227783203,-2.2405407428741455
1710529132895714031,-8.865164756774902,-3.024909734725952,-2.236948251724243
1710529132918793981,-8.933423042297363,-2.792592763900757,-2.333946466445923
1710529132935784921,-8.939410209655762,-2.9710216522216797,-2.315983772277832
1710529132948594370,-8.881930351257324,-2.8380980491638184,-2.163900136947632
1710529132956885074,-8.881930351257324,-2.8380980491638184,-2.163900136947632
1710529132971601860,-8.881930351257324,-3.0093419551849365,-2.2118005752563477
1710529132984264934,-8.928632736206055,-2.96623158454895,-2.1782703399658203
1710529133001081150,-8.859177589416504,-3.011737108230591,-2.216590642929077
1710529133017864151,-8.960965156555176,-2.823728084564209,-2.263293504714966
1710529133064162940,-8.950187683105469,-2.8369007110595703,-2.3914270401000977
1710529133091073349,-8.903485298156738,-3.0105395317077637,-2.195035457611084
1710529133112512897,-8.947793006896973,-2.8404932022094727,-2.392624616622925
1710529133129473015,-8.830436706542969,-3.1781909465789795,-2.54231333732605
1710529133177862494,-8.986113548278809,-3.0069470405578613,-2.463277578353882
1710529133184153268,-9.042396545410156,-2.7482848167419434,-1.670526146888733
1710529133201048332,-8.790919303894043,-3.0692174434661865,-2.163900136947632
1710529133226042280,-8.836424827575684,-2.596201181411743,-2.2118005752563477
1710529133242914097,-8.922645568847656,-3.072810173034668,-2.3207738399505615
1710529133276316022,-8.932225227355957,-2.823728084564209,-2.104024648666382
1710529133299408358,-8.855585098266602,-3.0081446170806885,-2.2213807106018066
1710529133316233598,-8.908275604248047,-2.9794042110443115,-2.2525157928466797
1710529133330921566,-8.890312194824219,-2.845283269882202,-2.2704784870147705
1710529133339599157,-8.860374450683594,-2.8596532344818115,-2.293231248855591
1710529133366886039,-8.94420051574707,-2.8596532344818115,-2.293231248855591
1710529133406728084,-8.895102500915527,-2.895578622817993,-2.2501208782196045
1710529133440515991,-8.885522842407227,-2.8907885551452637,-2.2189855575561523
1710529133489116489,-8.908275604248047,-2.9207262992858887,-2.223775625228882
1710529133505267102,-8.948990821838379,-2.755470037460327,-2.21539306640625
1710529133526575409,-8.93102741241455,-2.8572583198547363,-2.244133234024048
1710529133537300118,-8.878337860107422,-3.022514581680298,-2.1710851192474365
1710529133549625082,-8.916657447814941,-2.955454111099243,-2.233355760574341
1710529133566518642,-8.872349739074707,-2.9806017875671387,-2.3315515518188477
1710529133587358828,-8.969347953796387,-2.775827646255493,-2.294428825378418
1710529133620922087,-8.969347953796387,-2.775827646255493,-2.294428825378418
1710529133667213788,-8.943002700805664,-2.8680357933044434,-2.294428825378418
1710529133671406315,-8.972940444946289,-2.8788135051727295,-2.502795457839966
1710529133690384105,-8.850794792175293,-2.895578622817993,-2.2309606075286865
1710529133700949937,-9.081913948059082,-2.6680517196655273,-1.8848804235458374
1710529133719919032,-9.089098930358887,-2.8812084197998047,-2.6704468727111816
1710529133736999425,-8.80169677734375,-3.35302734375,-2.2513184547424316
1710529133753336240,-8.855585098266602,-3.1961536407470703,-1.8968554735183716
1710529133782851009,-8.938213348388672,-2.5483007431030273,-2.343526601791382
1710529133839863724,-8.880732536315918,-2.9674291610717773,-2.2525157928466797
1710529133871250092,-9.000483512878418,-2.8500733375549316,-2.21539306640625
1710529133909164313,-8.954977989196777,-2.8883936405181885,-2.264491081237793
1710529133915417861,-8.913064956665039,-2.9794042110443115,-2.165097713470459
1710529133921857195,-8.887917518615723,-2.915936231613159,-2.163900136947632
1710529133936466504,-8.950187683105469,-2.931504011154175,-2.2381458282470703
1710529133968124378,-8.869955062866211,-2.951861619949341,-2.3519091606140137
1710529133993045657,-8.874744415283203,-2.8704309463500977,-2.1507275104522705
1710529134035118470,-8.874744415283203,-2.8704309463500977,-2.1507275104522705
1710529134060413055,-8.878337860107422,-2.8201355934143066,-2.2106029987335205
1710529134097905164,-8.862770080566406,-2.931504011154175,-2.21539306640625
1710529134113080735,-8.956175804138184,-2.9075536727905273,-2.2082080841064453
1710529134127698215,-8.910670280456543,-2.845283269882202,-2.306403875350952
1710529134129895796,-8.90707778930664,-2.8788135051727295,-2.2812561988830566
1710529134152936854,-8.946595191955566,-2.805765390396118,-2.2525157928466797
1710529134171819591,-8.925040245056152,-2.924318790435791,-2.1399500370025635
1710529134188715937,-8.878337860107422,-2.9865894317626953,-2.224973201751709
1710529134203270088,-8.960965156555176,-2.9099488258361816,-2.224973201751709
1710529134213699938,-8.853189468383789,-2.9374914169311523,-2.24772572517395
1710529134220035554,-9.051976203918457,-2.7985804080963135,-2.4213647842407227
1710529134245051887,-8.804091453552246,-3.071612596511841,-2.7375073432922363
1710529134270303380,-8.917855262756348,-2.496807813644409,-2.245330810546875
1710529134293202727,-8.695117950439453,-3.252436637878418,-2.573448419570923
1710529134308261616,-8.897497177124023,-3.135080575942993,-1.9136205911636353
1710529134316700381,-8.954977989196777,-2.632126569747925,-2.3878345489501953
1710529134352284273,-8.867559432983398,-2.8907885551452637,-2.224973201751709
1710529134360564531,-8.914262771606445,-2.9099488258361816,-2.1231849193573
1710529134366971331,-8.950187683105469,-3.023712158203125,-2.3004162311553955
1710529134390087065,-8.891510009765625,-2.7710375785827637,-2.266885995864868
1710529134413138044,-8.998088836669922,-2.865640878677368,-2.177072763442993
1710529134421493885,-8.975336074829102,-2.931504011154175,-2.277663469314575
1710529134425646623,-8.844806671142578,-2.766247510910034,-2.2381458282470703
1710529134448725221,-8.862770080566406,-2.975811719894409,-2.014211416244507
1710529134494870643,-8.895102500915527,-2.8704309463500977,-2.223775625228882
1710529134518215350,-8.928632736206055,-2.9195287227630615,-2.265688419342041
1710529134583612951,-8.956175804138184,-3.0799951553344727,-2.235750675201416
1710529134621388127,-8.932225227355957,-2.732717275619507,-2.1507275104522705
1710529134648976427,-8.964557647705078,-2.863245964050293,-2.1483325958251953
1710529134653284470,-8.8519926071167,-2.984194278717041,-2.2381458282470703
1710529134671997031,-8.940608024597168,-2.871628522872925,-2.165097713470459
1710529134689331942,-8.965755462646484,-2.8584558963775635,-2.2201831340789795
1710529134737578044,-8.928632736206055,-2.915936231613159,-2.294428825378418
1710529134741616316,-8.94420051574707,-2.9782068729400635,-2.2022204399108887
1710529134754416436,-8.934619903564453,-3.0596375465393066,-2.633323907852173
1710529134787913180,-8.868757247924805,-3.131488084793091,-2.585423469543457
1710529134804642723,-8.819659233093262,-2.891986131668091,-1.5388000011444092
1710529134832010852,-8.832832336425781,-2.434537410736084,-2.3998095989227295
1710529134842504672,-8.683143615722656,-3.471580743789673,-2.494412899017334
1710529134892743188,-8.836424827575684,-2.616558790206909,-2.163900136947632
1710529134930793762,-8.856781959533691,-2.9770092964172363,-2.0357666015625
1710529134995946320,-8.975336074829102,-2.965034246444702,-2.064506769180298
1710529135025143739,-8.939410209655762,-2.7770252227783203,-2.2704784870147705
1710529135050465911,-8.927434921264648,-3.002156972885132,-2.2106029987335205
1710529135109966086,-8.976532936096191,-2.9183313846588135,-2.3902294635772705
1710529135132839278,-8.975336074829102,-3.0668225288391113,-2.21539306640625
1710529135185429907,-8.860374450683594,-2.8692333698272705,-2.1986279487609863
1710529135206313453,-8.908275604248047,-2.9889843463897705,-2.3195765018463135
1710529135220890289,-8.926238059997559,-2.794987678527832,-2.1722826957702637
1710529135237856640,-8.88432502746582,-2.871628522872925,-2.1698877811431885
1710529135275757110,-8.853189468383789,-2.872825860977173,-2.306403875350952
1710529135288971646,-8.989706039428711,-2.816542863845825,-2.144740104675293
1710529135309117571,-9.016051292419434,-2.875221014022827,-2.30281138420105
1710529135323786263,-8.926238059997559,-2.994971990585327,-2.622546434402466
1710529135368232137,-8.7418212890625,-2.7171497344970703,-1.3507909774780273
1710529135370752616,-8.814868927001953,-2.3087987899780273,-1.871707797050476
1710529135380817601,-8.836424827575684,-3.221301317214966,-2.332749128341675
1710529135389212517,-8.893904685974121,-2.6872119903564453,-2.3578968048095703
1710529135418791741,-8.896300315856934,-2.6872119903564453,-2.3578968048095703
1710529135425116025,-8.880732536315918,-2.7901978492736816,-2.712359666824341
1710529135439766991,-9.006470680236816,-2.9303064346313477,-1.8908679485321045
1710529135463045329,-8.934619903564453,-3.0584399700164795,-2.147135019302368
1710529135492340295,-8.860374450683594,-3.0799951553344727,-2.1603076457977295
1710529135515216639,-8.793313980102539,-2.8069629669189453,-2.186652898788452
1710529135553364386,-9.007668495178223,-2.985391855239868,-2.007026433944702
1710529135587135377,-8.948990821838379,-2.8069629669189453,-2.343526601791382
1710529135608376253,-8.908275604248047,-2.9111461639404297,-2.1591100692749023
1710529135627062578,-8.834029197692871,-2.81414794921875,-2.084864616394043
1710529135711001127,-8.933423042297363,-2.935096502304077,-2.047741651535034
1710529135746903457,-8.899892807006836,-2.796185255050659,-2.256108283996582
1710529135761627854,-8.846004486083984,-2.9901819229125977,-2.2285656929016113
1710529135786713867,-8.951385498046875,-2.953059196472168,-2.313588857650757
1710529135795276693,-9.023236274719238,-2.8572583198547363,-2.096839666366577
1710529135860342415,-8.93581771850586,-2.921923875808716,-2.6476941108703613
1710529135889306736,-8.953780174255371,-3.1973509788513184,-2.4704625606536865
1710529135910541964,-9.038804054260254,-2.6093738079071045,-1.602268099784851
1710529135914765102,-8.939410209655762,-2.5387206077575684,-2.2213807106018066
1710529135933993069,-8.927434921264648,-2.783012628555298,-2.235750675201416
1710529135963351860,-8.87594223022461,-2.7183470726013184,-2.7111620903015137
1710529135980150195,-8.982521057128906,-2.9602441787719727,-1.846560001373291
1710529135994969035,-8.926238059997559,-2.8213329315185547,-2.2429358959198
1710529136020127697,-8.941805839538574,-2.845283269882202,-2.1195921897888184
1710529136043108254,-8.878337860107422,-2.6704468727111816,-2.056124210357666
1710529136063975066,-8.969347953796387,-2.8309130668640137,-2.265688419342041
1710529136091068207,-8.969347953796387,-2.8309130668640137,-2.265688419342041
1710529136114274339,-8.860374450683594,-3.135080575942993,-2.017803907394409
1710529136141508479,-8.843609809875488,-2.803370475769043,-2.1411473751068115
1710529136173408743,-8.878337860107422,-3.022514581680298,-2.0130138397216797
1710529136190070868,-8.925040245056152,-2.7973828315734863,-2.014211416244507
1710529136242470081,-8.867559432983398,-3.155438184738159,-2.1686902046203613
1710529136246580219,-8.934619903564453,-2.645298957824707,-2.1686902046203613
1710529136282268588,-8.877140045166016,-2.826122999191284,-2.0788769721984863
1710529136300906311,-8.933423042297363,-2.763852596282959,-2.216590642929077
1710529136313601429,-8.998088836669922,-2.913541316986084,-2.106419563293457
1710529136320191257,-9.024433135986328,-2.8967761993408203,-2.2417383193969727
1710529136330690522,-8.857979774475098,-2.8967761993408203,-2.2417383193969727
1710529136351561260,-8.940608024597168,-2.9099488258361816,-2.1411473751068115
1710529136368732599,-8.926238059997559,-2.8213329315185547,-2.136357307434082
1710529136387582065,-8.856781959533691,-3.033292293548584,-2.3111939430236816
1710529136406462299,-8.941805839538574,-2.5387206077575684,-1.472936987876892
1710529136421206054,-8.914262771606445,-2.856060743331909,-2.2297632694244385
1710529136440163254,-8.794511795043945,-2.5997936725616455,-1.760339379310608
1710529136467614305,-8.77894401550293,-3.054847478866577,-2.577040910720825
1710529136497069257,-9.2208251953125,-2.944676399230957,-1.8693127632141113
1710529136519800036,-9.2208251953125,-2.944676399230957,-2.216590642929077
1710529136564512106,-8.914262771606445,-2.6596691608428955,-2.772235155105591
1710529136568568978,-9.035211563110352,-2.96623158454895,-2.0501368045806885
1710529136587374817,-9.069938659667969,-2.5710535049438477,-2.147135019302368
1710529136610458976,-8.867559432983398,-2.7003846168518066,-1.9076330661773682
1710529136642163939,-9.109457015991211,-3.234473943710327,-2.3219714164733887
1710529136646514087,-8.679551124572754,-2.3626868724823,-2.185455322265625
1710529136669422729,-8.977730751037598,-3.024909734725952,-2.4201672077178955
1710529136692335814,-9.002878189086914,-2.4201672077178955,-2.296823740005493
1710529136707079814,-9.051976203918457,-2.7387049198150635,-2.5674610137939453
1710529136740908881,-8.843609809875488,-2.7506799697875977,-2.284848690032959
1710529136766296469,-8.798104286193848,-2.871628522872925,-2.496807813644409
1710529136778826916,-8.514294624328613,-2.824925422668457,-2.816542863845825
1710529136818943177,-8.836424827575684,-3.041674852371216,-2.257305860519409
1710529136821070825,-8.832832336425781,-2.712359666824341,-2.153122663497925
1710529136835508675,-8.669970512390137,-1.922003149986267,-2.612966299057007
1710529136869132000,-8.854387283325195,-2.4884252548217773,-2.453697443008423
1710529136891349436,-8.72745132446289,-3.0704150199890137,-2.385439395904541
1710529136924107812,-8.754993438720703,-2.593806266784668,-2.6572742462158203
1710529136926029475,-8.968151092529297,-2.1112096309661865,-2.7183470726013184
1710529136951167956,-8.897497177124023,-2.676434278488159,-2.5279431343078613
1710529136985073273,-8.890312194824219,-3.0201196670532227,-2.943479061126709
1710529137048024133,-8.904682159423828,-3.132685661315918,-2.943479061126709
1710529137066603361,-8.749006271362305,-2.656076669692993,-3.091970205307007
1710529137074114701,-8.786128997802734,-2.672841787338257,-2.871628522872925
1710529137096214623,-8.857979774475098,-3.1901659965515137,-2.871628522872925
1710529137111155196,-8.90707778930664,-2.695594549179077,-2.945873975753784
1710529137127774942,-8.78732681274414,-2.505190372467041,-2.963836669921875
1710529137148784471,-8.678353309631348,-2.796185255050659,-2.785407781600952
1710529137155150839,-8.7322416305542,-2.8967761993408203,-2.785407781600952
1710529137178390173,-8.619675636291504,-2.3111939430236816,-2.794987678527832
1710529137218128067,-8.79211711883545,-2.7111620903015137,-2.9997620582580566
1710529137253888193,-8.817264556884766,-2.93389892578125,-3.2883617877960205
1710529137295639048,-8.416098594665527,-2.902763605117798,-2.783012628555298
1710529137299788518,-8.929830551147461,-2.5219554901123047,-3.5266661643981934
1710529137321046400,-8.929830551147461,-2.5219554901123047,-3.5266661643981934
1710529137336084338,-8.271200180053711,-2.3387365341186523,-4.145778656005859
1710529137350645401,-7.405400276184082,-2.233355760574341,-3.054847478866577
1710529137418095798,-9.436376571655273,-2.046544075012207,-4.1361985206604
1710529137445367196,-8.2532377243042,-3.7985010147094727,-3.2572264671325684
1710529137489974201,-8.830436706542969,-3.400927782058716,-3.5793566703796387
1710529137508122742,-8.823251724243164,-2.6273365020751953,-3.1099328994750977
1710529137539768030,-8.720266342163086,-2.732717275619507,-3.2189061641693115
1710529137554594658,-8.806487083435059,-2.90156626701355,-3.175795793533325
1710529137594514398,-8.765771865844727,-3.034489631652832,-2.9794042110443115
1710529137636565752,-8.87594223022461,-2.416574716567993,-3.2979419231414795
1710529137642866395,-8.634045600891113,-2.6500890254974365,-3.142265558242798
1710529137659628430,-8.666378021240234,-3.0105395317077637,-2.9171338081359863
1710529137676553236,-8.684340476989746,-3.1386730670928955,-2.84648060798645
1710529137706113234,-8.786128997802734,-2.803370475769043,-2.834505558013916
1710529137722995592,-8.649613380432129,-2.715952157974243,-3.0692174434661865
1710529137735459788,-8.743019104003906,-2.6381139755249023,-3.273991584777832
1710529137762810489,-8.749006271362305,-2.735112190246582,-2.996169328689575
1710529137783910968,-8.698711395263672,-2.753074884414673,-2.9889843463897705
1710529137790116006,-8.720266342163086,-2.692002058029175,-3.271596670150757
1710529137815317655,-8.745413780212402,-2.6680517196655273,-3.0069470405578613
1710529137834274493,-8.701106071472168,-2.692002058029175,-3.064427375793457
1710529137855258068,-8.703500747680664,-2.6596691608428955,-3.2668066024780273
1710529137876418786,-8.693921089172363,-2.7866051197052,-3.022514581680298
1710529137901391302,-8.668773651123047,-2.84648060798645,-3.08598256111145
1710529137934991724,-8.703500747680664,-2.654879093170166,-3.0907726287841797
1710529137954063556,-8.683143615722656,-2.735112190246582,-3.114722967147827
1710529138004378487,-8.596922874450684,-2.724334716796875,-2.981799364089966
1710529138027567241,-8.638835906982422,-2.692002058029175,-3.063230037689209
1710529138046495754,-8.759783744812012,-2.676434278488159,-3.1063404083251953
1710529138101056357,-8.729846000671387,-2.725532293319702,-3.1662158966064453
1710529138118047669,-8.739426612854004,-2.744692325592041,-3.111130475997925
1710529138122050050,-8.665180206298828,-2.652484178543091,-3.1889684200286865
1710529138185102063,-8.774153709411621,-2.6991870403289795,-3.0704150199890137
1710529138223091213,-8.752598762512207,-2.6908044815063477,-3.124302864074707
1710529138238036970,-8.675958633422852,-2.713557243347168,-3.0991551876068115
1710529138242145469,-8.629255294799805,-2.633323907852173,-3.151845693588257
1710529138263123637,-8.6220703125,-2.7111620903015137,-3.0967602729797363
1710529138293794963,-8.695117950439453,-2.772235155105591,-3.1793885231018066
1710529138296815000,-8.770561218261719,-2.6896069049835205,-3.151845693588257
1710529138313506567,-8.834029197692871,-2.663261651992798,-3.161425828933716
1710529138356014589,-8.666378021240234,-2.693199396133423,-3.132685661315918
1710529138395681244,-8.735834121704102,-2.751877546310425,-3.135080575942993
1710529138425345705,-8.776549339294434,-2.725532293319702,-3.093167781829834
1710529138534349550,-8.750204086303711,-2.743494987487793,-3.133882999420166
1710529138536489786,-8.731043815612793,-2.663261651992798,-3.105142831802368
1710529138570298658,-8.734636306762695,-2.7195446491241455,-3.153043270111084
1710529138588971144,-8.653205871582031,-2.7195446491241455,-3.123105525970459
1710529138622900041,-8.78732681274414,-2.7494823932647705,-3.063230037689209
1710529138656401916,-8.600515365600586,-2.6884093284606934,-3.1386730670928955
1710529138658331478,-8.782536506652832,-2.7015819549560547,-3.1266980171203613
1710529138681721208,-8.713081359863281,-2.664459228515625,-3.094365119934082
1710529138695098156,-8.64482307434082,-2.7303223609924316,-3.143463134765625
1710529138717564649,-8.606502532958984,-2.6908044815063477,-3.172203302383423
1710529138731977753,-8.793313980102539,-2.6991870403289795,-3.1506481170654297
1710529138776514953,-8.642428398132324,-2.724334716796875,-3.1386730670928955
1710529138778275474,-8.802894592285156,-2.7111620903015137,-3.113525390625
1710529138801404096,-8.710685729980469,-2.7410998344421387,-3.1578333377838135
1710529138818236027,-8.66757583618164,-2.7015819549560547,-3.105142831802368
1710529138837038982,-8.64482307434082,-2.652484178543091,-3.113525390625
1710529138879264279,-8.701106071472168,-2.724334716796875,-3.115920305252075
1710529138927384296,-8.652008056640625,-2.6692492961883545,-3.0764026641845703
1710529138942233724,-8.589737892150879,-2.674039363861084,-3.123105525970459
1710529138956949882,-8.652008056640625,-2.632126569747925,-3.135080575942993
1710529138986282166,-8.77894401550293,-2.6908044815063477,-3.115920305252075
1710529139017788979,-8.757389068603516,-2.7111620903015137,-3.1099328994750977
