bag_timestamp_ns,accel2_x,accel2_y,accel2_z
1710532563670422789,-8.60770034790039,-2.8740234375,-3.803291082382202
1710532563695865917,-8.617280006408691,-2.8776159286499023,-3.7757482528686523
1710532563735683765,-8.613687515258789,-2.883603572845459,-3.790118455886841
1710532563750510195,-8.616083145141602,-2.8788135051727295,-3.811673641204834
1710532563759532847,-8.619675636291504,-2.8812084197998047,-3.802093505859375
1710532563805127104,-8.619675636291504,-2.8883936405181885,-3.792513370513916
1710532563817812960,-8.619675636291504,-2.8740234375,-3.7889208793640137
1710532563864019205,-8.6220703125,-2.8680357933044434,-3.7793407440185547
1710532563880624999,-8.614885330200195,-2.8800110816955566,-3.7889208793640137
1710532563901764878,-8.601712226867676,-2.8596532344818115,-3.784130811691284
1710532563916420642,-8.614885330200195,-2.885998487472534,-3.7985010147094727
1710532563939586564,-8.619675636291504,-2.8883936405181885,-3.7996985912323
1710532563990195041,-8.619675636291504,-2.883603572845459,-3.77215576171875
1710532564011236577,-8.611292839050293,-2.876418352127075,-3.7877233028411865
1710532564077641058,-8.602910041809082,-2.8704309463500977,-3.791316032409668
1710532564118181120,-8.614885330200195,-2.8788135051727295,-3.7889208793640137
1710532564147651201,-8.619675636291504,-2.8668384552001953,-3.7781434059143066
1710532564193702476,-8.605304718017578,-2.9075536727905273,-3.7781434059143066
1710532564195988329,-8.611292839050293,-2.8584558963775635,-3.810476064682007
1710532564221055839,-8.623268127441406,-2.8512706756591797,-3.7865259647369385
1710532564240180243,-8.59931755065918,-2.884800910949707,-3.7781434059143066
1710532564269395544,-8.617280006408691,-2.8740234375,-3.829636335372925
1710532564292654899,-8.617280006408691,-2.8967761993408203,-3.7985010147094727
1710532564336732038,-8.618477821350098,-2.914738655090332,-3.7757482528686523
1710532564366387992,-8.624464988708496,-2.883603572845459,-3.812870979309082
1710532564387286162,-8.596922874450684,-2.8572583198547363,-3.762575626373291
1710532564397687013,-8.629255294799805,-2.8967761993408203,-3.769760847091675
1710532564404005530,-8.605304718017578,-2.884800910949707,-3.763773202896118
1710532564412192447,-8.602910041809082,-2.8895909786224365,-3.7996985912323
1710532564427045299,-8.602910041809082,-2.8895909786224365,-3.7996985912323
1710532564456262103,-8.618477821350098,-2.862048387527466,-3.792513370513916
1710532564500144330,-8.602910041809082,-2.8596532344818115,-3.760180711746216
1710532564521430304,-8.59931755065918,-2.8907885551452637,-3.7889208793640137
1710532564533891969,-8.620872497558594,-2.8788135051727295,-3.8188586235046387
1710532564553008727,-8.617280006408691,-2.894381046295166,-3.7877233028411865
1710532564576158544,-8.618477821350098,-2.8704309463500977,-3.780538320541382
1710532564616169430,-8.620872497558594,-2.9267139434814453,-3.802093505859375
1710532564651833423,-8.6220703125,-2.905158758163452,-3.784130811691284
1710532564695751053,-8.6316499710083,-2.8392956256866455,-3.7961058616638184
1710532564719262451,-8.59931755065918,-2.891986131668091,-3.769760847091675
1710532564752851882,-8.614885330200195,-2.884800910949707,-3.780538320541382
1710532564815967909,-8.618477821350098,-2.90156626701355,-3.7996985912323
1710532564855793753,-8.613687515258789,-2.842888116836548,-3.761378288269043
1710532564868170731,-8.616083145141602,-2.9063560962677,-3.7996985912323
1710532564883065553,-8.6124906539917,-2.875221014022827,-3.77215576171875
1710532564900025894,-8.637638092041016,-2.8871960639953613,-3.8152661323547363
1710532564952781914,-8.620872497558594,-2.891986131668091,-3.80448842048645
1710532564959065426,-8.618477821350098,-2.876418352127075,-3.8188586235046387
1710532564988551244,-8.623268127441406,-2.915936231613159,-3.77215576171875
1710532565043094138,-8.611292839050293,-2.8895909786224365,-3.7865259647369385
1710532565076423276,-8.618477821350098,-2.8895909786224365,-3.793710947036743
1710532565099698072,-8.632847785949707,-2.876418352127075,-3.7996985912323
1710532565116573467,-8.614885330200195,-2.8740234375,-3.791316032409668
1710532565166848683,-8.614885330200195,-2.8740234375,-3.791316032409668
1710532565192147369,-8.608898162841797,-2.8812084197998047,-3.7781434059143066
1710532565213224169,-8.626860618591309,-2.895578622817993,-3.7769458293914795
1710532565236245080,-8.611292839050293,-2.852468252182007,-3.7793407440185547
1710532565278567582,-8.616083145141602,-2.921923875808716,-3.792513370513916
1710532565279881085,-8.620872497558594,-2.864443302154541,-3.7877233028411865
1710532565341168946,-8.616083145141602,-2.8608508110046387,-3.812870979309082
1710532565353700849,-8.628057479858398,-2.903961181640625,-3.803291082382202
1710532565444170357,-8.610095024108887,-2.8488757610321045,-3.7973034381866455
1710532565463151088,-8.608898162841797,-2.884800910949707,-3.784130811691284
1710532565483768094,-8.625662803649902,-2.8608508110046387,-3.803291082382202
1710532565507154152,-8.616083145141602,-2.8883936405181885,-3.7757482528686523
1710532565551050186,-8.614885330200195,-2.871628522872925,-3.800895929336548
1710532565580410432,-8.630453109741211,-2.884800910949707,-3.7996985912323
1710532565618195073,-8.617280006408691,-2.853665828704834,-3.793710947036743
1710532565626400531,-8.606502532958984,-2.885998487472534,-3.792513370513916
1710532565634819128,-8.606502532958984,-2.885998487472534,-3.792513370513916
1710532565661947206,-8.602910041809082,-2.8812084197998047,-3.77215576171875
1710532565670206249,-8.625662803649902,-2.8883936405181885,-3.780538320541382
1710532565686886108,-8.6220703125,-2.8572583198547363,-3.800895929336548
1710532565701934139,-8.6124906539917,-2.8907885551452637,-3.811673641204834
1710532565716282968,-8.620872497558594,-2.8572583198547363,-3.7577855587005615
1710532565754348316,-8.623268127441406,-2.902763605117798,-3.7685632705688477
1710532565775399186,-8.625662803649902,-2.8883936405181885,-3.802093505859375
1710532565796330773,-8.593330383300781,-2.924318790435791,-3.7949085235595703
1710532565804924267,-8.629255294799805,-2.915936231613159,-3.7985010147094727
1710532565851235737,-8.617280006408691,-2.8740234375,-3.7769458293914795
1710532565926997897,-8.6316499710083,-2.871628522872925,-3.780538320541382
1710532565977229913,-8.614885330200195,-2.885998487472534,-3.7889208793640137
1710532565994187417,-8.610095024108887,-2.842888116836548,-3.7757482528686523
1710532566000359739,-8.614885330200195,-2.854863166809082,-3.77215576171875
1710532566025503335,-8.628057479858398,-2.8788135051727295,-3.800895929336548
1710532566037978282,-8.618477821350098,-2.856060743331909,-3.812870979309082
1710532566050733488,-8.613687515258789,-2.8776159286499023,-3.7757482528686523
1710532566067379998,-8.6124906539917,-2.8812084197998047,-3.8092784881591797
1710532566090362999,-8.618477821350098,-2.9171338081359863,-3.802093505859375
1710532566111727486,-8.611292839050293,-2.9267139434814453,-3.83203125
1710532566136770718,-8.611292839050293,-2.8883936405181885,-3.7865259647369385
1710532566170504203,-8.6220703125,-2.872825860977173,-3.790118455886841
1710532566218743917,-8.613687515258789,-2.895578622817993,-3.780538320541382
1710532566272017345,-8.602910041809082,-2.882405996322632,-3.7949085235595703
1710532566293999565,-8.58494758605957,-2.865640878677368,-3.8248462677001953
1710532566321665109,-8.617280006408691,-2.835703134536743,-3.790118455886841
1710532566344628995,-8.604107856750488,-2.893183708190918,-3.7673656940460205
1710532566355105735,-8.620872497558594,-2.9099488258361816,-3.8284387588500977
1710532566365887414,-8.6316499710083,-2.8907885551452637,-3.792513370513916
1710532566386757115,-8.6316499710083,-2.8907885551452637,-3.792513370513916
1710532566390902266,-8.608898162841797,-2.7890002727508545,-3.7973034381866455
1710532566397044540,-8.654402732849121,-2.872825860977173,-3.784130811691284
1710532566437049273,-8.600515365600586,-2.8776159286499023,-3.790118455886841
1710532566485006752,-8.59931755065918,-2.854863166809082,-3.810476064682007
1710532566518845312,-8.624464988708496,-2.8404932022094727,-3.83203125
1710532566539905620,-8.630453109741211,-2.834505558013916,-3.7781434059143066
1710532566556672974,-8.618477821350098,-2.882405996322632,-3.780538320541382
1710532566563027260,-8.604107856750488,-2.8596532344818115,-3.7996985912323
1710532566595357524,-8.640032768249512,-2.8895909786224365,-3.8092784881591797
1710532566619760712,-8.608898162841797,-2.8788135051727295,-3.760180711746216
1710532566622346349,-8.623268127441406,-2.895578622817993,-3.7661681175231934
1710532566638572369,-8.626860618591309,-2.8871960639953613,-3.821253776550293
1710532566661727594,-8.619675636291504,-2.875221014022827,-3.8152661323547363
1710532566674305419,-8.628057479858398,-2.895578622817993,-3.7865259647369385
1710532566699826276,-8.60770034790039,-2.8895909786224365,-3.782933235168457
1710532566735364364,-8.613687515258789,-2.885998487472534,-3.811673641204834
1710532566764922993,-8.606502532958984,-2.863245964050293,-3.7961058616638184
1710532566817311847,-8.613687515258789,-2.872825860977173,-3.731440544128418
1710532566834277395,-8.630453109741211,-2.8213329315185547,-3.7973034381866455
1710532566842460350,-8.605304718017578,-2.931504011154175,-3.8176610469818115
1710532566890496680,-8.608898162841797,-2.935096502304077,-3.784130811691284
1710532566907562338,-8.625662803649902,-2.9111461639404297,-3.763773202896118
1710532566909517097,-8.620872497558594,-2.871628522872925,-3.802093505859375
1710532566939034911,-8.630453109741211,-2.8788135051727295,-3.80448842048645
1710532566945359101,-8.613687515258789,-2.8500733375549316,-3.7889208793640137
1710532566968515791,-8.594527244567871,-2.915936231613159,-3.7673656940460205
1710532566985263406,-8.608898162841797,-2.864443302154541,-3.8068835735321045
1710532566995751258,-8.626860618591309,-2.8967761993408203,-3.8092784881591797
1710532567004423401,-8.617280006408691,-2.876418352127075,-3.8092784881591797
1710532567027290872,-8.619675636291504,-2.924318790435791,-3.790118455886841
1710532567050512200,-8.592132568359375,-2.8476781845092773,-3.774550676345825
1710532567052647172,-8.618477821350098,-2.856060743331909,-3.8092784881591797
1710532567081815476,-8.618477821350098,-2.883603572845459,-3.780538320541382
1710532567100893569,-8.611292839050293,-2.891986131668091,-3.770958185195923
1710532567111484831,-8.625662803649902,-2.8512706756591797,-3.792513370513916
1710532567138748785,-8.619675636291504,-2.9087512493133545,-3.8068835735321045
1710532567140974842,-8.610095024108887,-2.8740234375,-3.8056859970092773
1710532567164091225,-8.614885330200195,-2.885998487472534,-3.782933235168457
1710532567199803532,-8.628057479858398,-2.8500733375549316,-3.80448842048645
1710532567239607435,-8.610095024108887,-2.9111461639404297,-3.792513370513916
1710532567243901616,-8.626860618591309,-2.8500733375549316,-3.7949085235595703
1710532567276941542,-8.6220703125,-2.895578622817993,-3.769760847091675
1710532567304770794,-8.606502532958984,-2.853665828704834,-3.790118455886841
1710532567359886984,-8.620872497558594,-2.8788135051727295,-3.751798152923584
1710532567403910817,-8.632847785949707,-2.9207262992858887,-3.8164637088775635
1710532567424753530,-8.604107856750488,-2.875221014022827,-3.8260436058044434
1710532567435362091,-8.6316499710083,-2.903961181640625,-3.7589831352233887
1710532567447761166,-8.611292839050293,-2.942281484603882,-3.7266504764556885
1710532567449872346,-8.618477821350098,-2.854863166809082,-3.7985010147094727
1710532567493959418,-8.64482307434082,-2.883603572845459,-3.7889208793640137
1710532567508554346,-8.595725059509277,-2.854863166809082,-3.7362303733825684
1710532567573827093,-8.623268127441406,-2.885998487472534,-3.7973034381866455
1710532567605313043,-8.630453109741211,-2.844085693359375,-3.7865259647369385
1710532567640774099,-8.620872497558594,-2.8883936405181885,-3.761378288269043
1710532567677110137,-8.6316499710083,-2.90156626701355,-3.7996985912323
1710532567741635047,-8.623268127441406,-2.894381046295166,-3.8260436058044434
1710532567764730473,-8.6220703125,-2.8776159286499023,-3.8188586235046387
1710532567769077336,-8.604107856750488,-2.895578622817993,-3.802093505859375
1710532567794251884,-8.600515365600586,-2.8895909786224365,-3.782933235168457
1710532567823867743,-8.624464988708496,-2.951861619949341,-3.7973034381866455
1710532567838633515,-8.59931755065918,-2.8285181522369385,-3.7865259647369385
1710532567844607653,-8.628057479858398,-2.9075536727905273,-3.8368213176727295
1710532567855212145,-8.641230583190918,-2.9614417552948,-3.8248462677001953
1710532567884411666,-8.58494758605957,-2.792592763900757,-3.7961058616638184
1710532567928552591,-8.625662803649902,-2.8871960639953613,-3.834426164627075
1710532567951619816,-8.625662803649902,-2.8500733375549316,-3.829636335372925
1710532567960044755,-8.6124906539917,-2.8488757610321045,-3.7996985912323
1710532567993763778,-8.602910041809082,-2.944676399230957,-3.7553906440734863
1710532568018972317,-8.638835906982422,-2.935096502304077,-3.7769458293914795
1710532568092403944,-8.632847785949707,-2.876418352127075,-3.7781434059143066
1710532568107302973,-8.583749771118164,-2.8584558963775635,-3.811673641204834
1710532568139120826,-8.635242462158203,-2.891986131668091,-3.7973034381866455
1710532568153942689,-8.616083145141602,-2.8572583198547363,-3.782933235168457
1710532568183242101,-8.60770034790039,-2.8392956256866455,-3.8188586235046387
1710532568189443948,-8.606502532958984,-2.903961181640625,-3.790118455886841
1710532568195671631,-8.624464988708496,-2.8608508110046387,-3.7673656940460205
1710532568218761270,-8.625662803649902,-2.864443302154541,-3.802093505859375
1710532568278984134,-8.628057479858398,-2.882405996322632,-3.8068835735321045
1710532568294486656,-8.610095024108887,-2.883603572845459,-3.7853283882141113
1710532568296713035,-8.623268127441406,-2.865640878677368,-3.822451114654541
1710532568319865173,-8.610095024108887,-2.8776159286499023,-3.7494029998779297
1710532568340910125,-8.616083145141602,-2.903961181640625,-3.781735897064209
1710532568384650792,-8.6220703125,-2.835703134536743,-3.7949085235595703
1710532568397397926,-8.601712226867676,-2.8572583198547363,-3.802093505859375
1710532568407971770,-8.650810241699219,-2.903961181640625,-3.820056200027466
1710532568435276339,-8.604107856750488,-2.8500733375549316,-3.773353338241577
1710532568483217427,-8.601712226867676,-2.8692333698272705,-3.834426164627075
1710532568502314333,-8.6124906539917,-2.8608508110046387,-3.80448842048645
1710532568512767270,-8.587342262268066,-2.863245964050293,-3.773353338241577
1710532568528112524,-8.6220703125,-2.905158758163452,-3.792513370513916
1710532568573794298,-8.616083145141602,-2.864443302154541,-3.7985010147094727
1710532568605415780,-8.629255294799805,-2.9063560962677,-3.812870979309082
1710532568640998620,-8.640032768249512,-2.8800110816955566,-3.7865259647369385
1710532568664074510,-8.6220703125,-2.8883936405181885,-3.7386255264282227
1710532568677666835,-8.6220703125,-2.921923875808716,-3.7996985912323
1710532568693292036,-8.626860618591309,-2.883603572845459,-3.7685632705688477
1710532568716592498,-8.598119735717773,-2.912343740463257,-3.790118455886841
1710532568727944897,-8.624464988708496,-2.8416907787323,-3.8092784881591797
1710532568752242323,-8.608898162841797,-2.8404932022094727,-3.762575626373291
1710532568777677152,-8.619675636291504,-2.936293840408325,-3.7961058616638184
1710532568811249364,-8.618477821350098,-2.8488757610321045,-3.791316032409668
1710532568817538932,-8.625662803649902,-2.8596532344818115,-3.851191520690918
1710532568859206898,-8.623268127441406,-2.905158758163452,-3.8068835735321045
1710532568888431500,-8.624464988708496,-2.90156626701355,-3.8152661323547363
1710532568964381911,-8.6220703125,-2.871628522872925,-3.7973034381866455
1710532568972709761,-8.610095024108887,-2.8871960639953613,-3.8056859970092773
1710532568991595256,-8.626860618591309,-2.9063560962677,-3.7494029998779297
1710532569008366187,-8.623268127441406,-2.872825860977173,-3.769760847091675
1710532569054357964,-8.623268127441406,-2.8776159286499023,-3.792513370513916
1710532569069290342,-8.613687515258789,-2.8476781845092773,-3.8056859970092773
1710532569083534010,-8.630453109741211,-2.885998487472534,-3.7757482528686523
1710532569104628776,-8.635242462158203,-2.875221014022827,-3.80448842048645
1710532569128107171,-8.626860618591309,-2.8883936405181885,-3.7877233028411865
1710532569151131027,-8.6124906539917,-2.8776159286499023,-3.7889208793640137
1710532569174877085,-8.625662803649902,-2.912343740463257,-3.7877233028411865
1710532569211754772,-8.604107856750488,-2.903961181640625,-3.761378288269043
1710532569226801706,-8.623268127441406,-2.885998487472534,-3.760180711746216
1710532569249849114,-8.638835906982422,-2.8500733375549316,-3.7865259647369385
1710532569267547365,-8.617280006408691,-2.90156626701355,-3.8092784881591797
1710532569325068428,-8.6316499710083,-2.8512706756591797,-3.7889208793640137
1710532569358819424,-8.625662803649902,-2.8883936405181885,-3.782933235168457
1710532569384025877,-8.613687515258789,-2.8788135051727295,-3.8176610469818115
1710532569419636236,-8.605304718017578,-2.8788135051727295,-3.803291082382202
1710532569440732058,-8.624464988708496,-2.884800910949707,-3.782933235168457
1710532569473935041,-8.625662803649902,-2.854863166809082,-3.7661681175231934
1710532569482308705,-8.617280006408691,-2.905158758163452,-3.769760847091675
1710532569533410483,-8.6220703125,-2.885998487472534,-3.7996985912323
1710532569585394953,-8.626860618591309,-2.871628522872925,-3.7949085235595703
1710532569587701815,-8.605304718017578,-2.9111461639404297,-3.872746467590332
1710532569608698608,-8.611292839050293,-2.8991711139678955,-3.7996985912323
1710532569623455355,-8.596922874450684,-2.835703134536743,-3.7577855587005615
1710532569631674886,-8.63644027709961,-2.972219228744507,-3.7949085235595703
1710532569665297672,-8.592132568359375,-2.84648060798645,-3.793710947036743
1710532569692503404,-8.624464988708496,-2.8596532344818115,-3.7757482528686523
1710532569737062786,-8.635242462158203,-2.854863166809082,-3.720662832260132
1710532569779129741,-8.625662803649902,-2.8967761993408203,-3.7949085235595703
1710532569825501102,-8.620872497558594,-2.8788135051727295,-3.7769458293914795
1710532569863096594,-8.626860618591309,-2.894381046295166,-3.802093505859375
1710532569907066930,-8.616083145141602,-2.913541316986084,-3.773353338241577
1710532569917599147,-8.613687515258789,-2.8680357933044434,-3.7973034381866455
1710532569978535450,-8.606502532958984,-2.8596532344818115,-3.7589831352233887
1710532569999464046,-8.618477821350098,-2.8488757610321045,-3.792513370513916
1710532570022432442,-8.617280006408691,-2.862048387527466,-3.773353338241577
1710532570043619662,-8.6220703125,-2.872825860977173,-3.7949085235595703
1710532570068600101,-8.617280006408691,-2.9207262992858887,-3.8260436058044434
1710532570093809123,-8.6316499710083,-2.884800910949707,-3.7877233028411865
1710532570154826440,-8.643625259399414,-2.9111461639404297,-3.8356237411499023
1710532570179908383,-8.626860618591309,-2.884800910949707,-3.7458105087280273
1710532570194574223,-8.6220703125,-2.8704309463500977,-3.8356237411499023
1710532570215581479,-8.590934753417969,-2.8740234375,-3.7793407440185547
1710532570238457359,-8.641230583190918,-2.921923875808716,-3.770958185195923
1710532570261317972,-8.629255294799805,-2.9470715522766113,-3.7553906440734863
1710532570305797604,-8.613687515258789,-2.885998487472534,-3.7793407440185547
1710532570307848166,-8.6316499710083,-2.884800910949707,-3.7985010147094727
1710532570322668569,-8.605304718017578,-2.882405996322632,-3.7494029998779297
1710532570366794533,-8.629255294799805,-2.8572583198547363,-3.793710947036743
1710532570381591890,-8.617280006408691,-2.883603572845459,-3.800895929336548
1710532570413063998,-8.619675636291504,-2.8812084197998047,-3.7961058616638184
1710532570425664337,-8.626860618591309,-2.912343740463257,-3.741020441055298
1710532570446385182,-8.610095024108887,-2.9087512493133545,-3.792513370513916
1710532570463231088,-8.625662803649902,-2.863245964050293,-3.822451114654541
1710532570492714537,-8.624464988708496,-2.93389892578125,-3.821253776550293
1710532570505058869,-8.60770034790039,-2.8680357933044434,-3.780538320541382
1710532570524263922,-8.618477821350098,-2.865640878677368,-3.780538320541382
1710532570562046665,-8.617280006408691,-2.8369007110595703,-3.774550676345825
1710532570582954100,-8.613687515258789,-2.882405996322632,-3.7877233028411865
1710532570612307561,-8.6316499710083,-2.8704309463500977,-3.8068835735321045
1710532570629056257,-8.610095024108887,-2.8895909786224365,-3.730242967605591
1710532570641593908,-8.602910041809082,-2.854863166809082,-3.8368213176727295
1710532570666872868,-8.598119735717773,-2.8668384552001953,-3.781735897064209
1710532570677176568,-8.6316499710083,-2.9291088581085205,-3.751798152923584
1710532570689957232,-8.617280006408691,-2.8069629669189453,-3.861968994140625
1710532570723673542,-8.624464988708496,-2.9111461639404297,-3.7661681175231934
1710532570749118540,-8.620872497558594,-2.8871960639953613,-3.774550676345825
1710532570770377891,-8.635242462158203,-2.8907885551452637,-3.7673656940460205
1710532570784727552,-8.625662803649902,-2.865640878677368,-3.8080811500549316
1710532570790927707,-8.6124906539917,-2.8404932022094727,-3.7961058616638184
1710532570809696954,-8.606502532958984,-2.8800110816955566,-3.7350330352783203
1710532570830706709,-8.619675636291504,-2.8668384552001953,-3.7553906440734863
1710532570868569529,-8.632847785949707,-2.8608508110046387,-3.800895929336548
1710532570887361131,-8.619675636291504,-2.854863166809082,-3.781735897064209
1710532570920973712,-8.611292839050293,-2.8967761993408203,-3.7889208793640137
1710532570935898786,-8.614885330200195,-2.885998487472534,-3.802093505859375
1710532570952670167,-8.624464988708496,-2.875221014022827,-3.7996985912323
1710532570967567351,-8.614885330200195,-2.871628522872925,-3.773353338241577
1710532570992947032,-8.604107856750488,-2.9075536727905273,-3.769760847091675
1710532571018157152,-8.613687515258789,-2.893183708190918,-3.844006299972534
1710532571030719903,-8.628057479858398,-2.8800110816955566,-3.8260436058044434
1710532571032832429,-8.628057479858398,-2.876418352127075,-3.7996985912323
1710532571062164598,-8.628057479858398,-2.8704309463500977,-3.780538320541382
1710532571073594994,-8.616083145141602,-2.8907885551452637,-3.7661681175231934
1710532571093788860,-8.618477821350098,-2.844085693359375,-3.800895929336548
1710532571112423769,-8.626860618591309,-2.872825860977173,-3.7661681175231934
1710532571138132822,-8.6124906539917,-2.893183708190918,-3.7853283882141113
1710532571146574281,-8.604107856750488,-2.885998487472534,-3.7996985912323
1710532571176230810,-8.629255294799805,-2.856060743331909,-3.741020441055298
1710532571190780172,-8.616083145141602,-2.894381046295166,-3.761378288269043
1710532571205331578,-8.616083145141602,-2.8800110816955566,-3.7661681175231934
1710532571207440938,-8.624464988708496,-2.875221014022827,-3.803291082382202
1710532571234938458,-8.626860618591309,-2.8596532344818115,-3.8284387588500977
1710532571251697402,-8.637638092041016,-2.8740234375,-3.7649707794189453
1710532571257987992,-8.620872497558594,-2.7997777462005615,-3.781735897064209
1710532571289652014,-8.614885330200195,-2.8871960639953613,-3.7996985912323
1710532571319005075,-8.616083145141602,-2.936293840408325,-3.7685632705688477
1710532571386337121,-8.624464988708496,-2.9003686904907227,-3.784130811691284
1710532571415749661,-8.616083145141602,-2.834505558013916,-3.8248462677001953
1710532571445353701,-8.635242462158203,-2.891986131668091,-3.7973034381866455
1710532571457833227,-8.619675636291504,-2.8812084197998047,-3.8260436058044434
1710532571474868268,-8.629255294799805,-2.882405996322632,-3.781735897064209
1710532571491290836,-8.628057479858398,-2.8979735374450684,-3.769760847091675
1710532571529406485,-8.590934753417969,-2.872825860977173,-3.770958185195923
1710532571544071805,-8.620872497558594,-2.913541316986084,-3.7973034381866455
1710532571581825409,-8.628057479858398,-2.8991711139678955,-3.8152661323547363
1710532571640862725,-8.6124906539917,-2.856060743331909,-3.793710947036743
1710532571676774592,-8.629255294799805,-2.883603572845459,-3.7553906440734863
1710532571710281376,-8.618477821350098,-2.8488757610321045,-3.792513370513916
1710532571723360287,-8.637638092041016,-2.8895909786224365,-3.733835458755493
1710532571739651558,-8.625662803649902,-2.872825860977173,-3.7781434059143066
1710532571752269528,-8.601712226867676,-2.875221014022827,-3.7985010147094727
1710532571756822494,-8.625662803649902,-2.854863166809082,-3.7793407440185547
1710532571779772545,-8.628057479858398,-2.882405996322632,-3.7889208793640137
1710532571792688849,-8.628057479858398,-2.882405996322632,-3.7889208793640137
1710532571807158320,-8.616083145141602,-2.883603572845459,-3.7949085235595703
1710532571827977749,-8.624464988708496,-2.8740234375,-3.790118455886841
1710532571836506554,-8.614885330200195,-2.8871960639953613,-3.7877233028411865
1710532571861534973,-8.618477821350098,-2.8871960639953613,-3.7853283882141113
1710532571880566947,-8.632847785949707,-2.8572583198547363,-3.7985010147094727
1710532571910143069,-8.619675636291504,-2.9075536727905273,-3.7589831352233887
1710532571933700937,-8.617280006408691,-2.842888116836548,-3.7661681175231934
1710532571947705329,-8.608898162841797,-2.862048387527466,-3.793710947036743
1710532571975019223,-8.629255294799805,-2.8895909786224365,-3.7386255264282227
1710532571987789880,-8.613687515258789,-2.884800910949707,-3.7757482528686523
1710532572015343651,-8.630453109741211,-2.8692333698272705,-3.8164637088775635
1710532572052811687,-8.605304718017578,-2.8967761993408203,-3.802093505859375
1710532572077957784,-8.606502532958984,-2.891986131668091,-3.7458105087280273
1710532572090456615,-8.625662803649902,-2.8740234375,-3.8380188941955566
1710532572122103151,-8.619675636291504,-2.8584558963775635,-3.803291082382202
1710532572145191923,-8.616083145141602,-2.856060743331909,-3.7661681175231934
1710532572197816931,-8.605304718017578,-2.856060743331909,-3.802093505859375
1710532572203931370,-8.624464988708496,-2.9003686904907227,-3.77215576171875
1710532572223119873,-8.617280006408691,-2.865640878677368,-3.762575626373291
1710532572248395816,-8.626860618591309,-2.8476781845092773,-3.792513370513916
1710532572283947707,-8.6316499710083,-2.9267139434814453,-3.733835458755493
1710532572315556937,-8.630453109741211,-2.923121452331543,-3.8260436058044434
1710532572330175971,-8.616083145141602,-2.84648060798645,-3.7877233028411865
1710532572361620065,-8.6124906539917,-2.7985804080963135,-3.741020441055298
1710532572370179086,-8.624464988708496,-2.945873975753784,-3.802093505859375
1710532572378804481,-8.605304718017578,-2.8991711139678955,-3.762575626373291
1710532572382723430,-8.620872497558594,-2.835703134536743,-3.7685632705688477
1710532572391509295,-8.620872497558594,-2.872825860977173,-3.7877233028411865
1710532572418389106,-8.6220703125,-2.8572583198547363,-3.754193067550659
1710532572452007967,-8.611292839050293,-2.8273205757141113,-3.7757482528686523
1710532572500400615,-8.6316499710083,-2.8979735374450684,-3.7290453910827637
1710532572527546067,-8.6220703125,-2.9111461639404297,-3.7973034381866455
1710532572555646236,-8.6220703125,-2.872825860977173,-3.793710947036743
1710532572578166656,-8.6220703125,-2.914738655090332,-3.811673641204834
1710532572584316850,-8.6220703125,-2.882405996322632,-3.769760847091675
1710532572601204135,-8.6124906539917,-2.8512706756591797,-3.7889208793640137
1710532572615803443,-8.620872497558594,-2.894381046295166,-3.773353338241577
1710532572659685018,-8.625662803649902,-2.884800910949707,-3.820056200027466
1710532572668114031,-8.618477821350098,-2.8883936405181885,-3.7877233028411865
1710532572682557623,-8.608898162841797,-2.9183313846588135,-3.7494029998779297
1710532572710364680,-8.635242462158203,-2.8512706756591797,-3.690725088119507
1710532572712436547,-8.558602333068848,-2.8776159286499023,-3.834426164627075
1710532572744009362,-8.618477821350098,-2.844085693359375,-3.7877233028411865
1710532572758590863,-8.617280006408691,-2.8584558963775635,-3.7673656940460205
1710532572781752136,-8.59931755065918,-2.864443302154541,-3.7757482528686523
1710532572832407032,-8.613687515258789,-2.8189380168914795,-3.791316032409668
1710532572849156521,-8.613687515258789,-2.8189380168914795,-3.791316032409668
1710532572884757323,-8.592132568359375,-2.8500733375549316,-3.781735897064209
1710532572908041823,-8.6220703125,-2.883603572845459,-3.791316032409668
1710532572914340632,-8.623268127441406,-2.9267139434814453,-3.8380188941955566
1710532572935326650,-8.635242462158203,-2.871628522872925,-3.7877233028411865
1710532572994201868,-8.619675636291504,-2.833308219909668,-3.7769458293914795
1710532573013276622,-8.632847785949707,-2.8668384552001953,-3.761378288269043
1710532573088647031,-8.614885330200195,-2.844085693359375,-3.7853283882141113
1710532573107697488,-8.646020889282227,-2.863245964050293,-3.761378288269043
1710532573115990706,-8.624464988708496,-2.8105554580688477,-3.7853283882141113
1710532573133351571,-8.626860618591309,-2.915936231613159,-3.7973034381866455
1710532573149751542,-8.620872497558594,-2.8584558963775635,-3.8152661323547363
1710532573170805914,-8.610095024108887,-2.891986131668091,-3.769760847091675
1710532573231749105,-8.618477821350098,-2.8800110816955566,-3.7577855587005615
1710532573269368697,-8.640032768249512,-2.872825860977173,-3.8164637088775635
1710532573298800698,-8.620872497558594,-2.8584558963775635,-3.77215576171875
1710532573320037285,-8.6316499710083,-2.8991711139678955,-3.7661681175231934
1710532573334603162,-8.620872497558594,-2.862048387527466,-3.7386255264282227
1710532573338650428,-8.610095024108887,-2.882405996322632,-3.773353338241577
1710532573359664199,-8.63644027709961,-2.9087512493133545,-3.8152661323547363
1710532573374481096,-8.640032768249512,-2.832110643386841,-3.761378288269043
1710532573395540232,-8.624464988708496,-2.914738655090332,-3.814068555831909
1710532573405996069,-8.611292839050293,-2.8404932022094727,-3.752995491027832
1710532573431158909,-8.625662803649902,-2.872825860977173,-3.7458105087280273
1710532573447998907,-8.6316499710083,-2.8668384552001953,-3.8068835735321045
1710532573479042026,-8.623268127441406,-2.8895909786224365,-3.760180711746216
1710532573498337230,-8.6316499710083,-2.932701349258423,-3.800895929336548
1710532573502558114,-8.59931755065918,-2.8800110816955566,-3.7565882205963135
1710532573508810803,-8.626860618591309,-2.823728084564209,-3.802093505859375
1710532573546504133,-8.608898162841797,-2.796185255050659,-3.784130811691284
1710532573552976714,-8.619675636291504,-2.902763605117798,-3.754193067550659
1710532573561205602,-8.608898162841797,-2.8692333698272705,-3.7194652557373047
1710532573590975286,-8.546627044677734,-2.835703134536743,-3.840413808822632
1710532573605653272,-8.626860618591309,-2.921923875808716,-3.8176610469818115
1710532573622194048,-8.59931755065918,-2.9494664669036865,-3.791316032409668
1710532573626504858,-8.626860618591309,-2.8668384552001953,-3.7949085235595703
1710532573656095412,-8.6316499710083,-2.9171338081359863,-3.803291082382202
1710532573693664799,-8.6124906539917,-2.8584558963775635,-3.750600576400757
1710532573710476229,-8.647217750549316,-2.8883936405181885,-3.8068835735321045
1710532573712687539,-8.594527244567871,-2.8692333698272705,-3.763773202896118
1710532573739970577,-8.629255294799805,-2.893183708190918,-3.7685632705688477
1710532573763199277,-8.629255294799805,-2.8871960639953613,-3.8056859970092773
1710532573786218996,-8.628057479858398,-2.871628522872925,-3.760180711746216
1710532573815508820,-8.6316499710083,-2.8488757610321045,-3.784130811691284
1710532573845061710,-8.626860618591309,-2.9291088581085205,-3.7877233028411865
1710532573859550783,-8.628057479858398,-2.865640878677368,-3.769760847091675
1710532573922839480,-8.650810241699219,-2.894381046295166,-3.7781434059143066
1710532573960651343,-8.6220703125,-2.863245964050293,-3.7889208793640137
1710532574025711370,-8.630453109741211,-2.871628522872925,-3.820056200027466
1710532574034305424,-8.624464988708496,-2.8572583198547363,-3.810476064682007
1710532574082498851,-8.600515365600586,-2.8812084197998047,-3.7350330352783203
1710532574091598668,-8.614885330200195,-2.844085693359375,-3.751798152923584
1710532574101474601,-8.610095024108887,-2.835703134536743,-3.760180711746216
1710532574124927529,-8.611292839050293,-2.872825860977173,-3.782933235168457
1710532574137473063,-8.623268127441406,-2.8871960639953613,-3.7553906440734863
1710532574158519196,-8.626860618591309,-2.883603572845459,-3.7673656940460205
1710532574160726943,-8.595725059509277,-2.8488757610321045,-3.811673641204834
1710532574192252190,-8.625662803649902,-2.856060743331909,-3.790118455886841
1710532574221508283,-8.625662803649902,-2.8369007110595703,-3.7949085235595703
1710532574236227625,-8.634045600891113,-2.905158758163452,-3.7985010147094727
1710532574275364879,-8.623268127441406,-2.8584558963775635,-3.7973034381866455
1710532574288718510,-8.635242462158203,-2.9183313846588135,-3.7996985912323
1710532574311901387,-8.6124906539917,-2.9267139434814453,-3.77215576171875
1710532574333171727,-8.619675636291504,-2.8704309463500977,-3.7553906440734863
1710532574370957488,-8.606502532958984,-2.853665828704834,-3.7996985912323
1710532574387677293,-8.6316499710083,-2.903961181640625,-3.793710947036743
1710532574415164916,-8.619675636291504,-2.863245964050293,-3.751798152923584
1710532574431974761,-8.629255294799805,-2.8883936405181885,-3.732637882232666
1710532574463217700,-8.629255294799805,-2.8871960639953613,-3.8056859970092773
1710532574491349881,-8.626860618591309,-2.8668384552001953,-3.7949085235595703
1710532574505358920,-8.641230583190918,-2.8967761993408203,-3.7949085235595703
1710532574513616345,-8.613687515258789,-2.8740234375,-3.784130811691284
1710532574557986006,-8.600515365600586,-2.912343740463257,-3.822451114654541
1710532574575065001,-8.637638092041016,-2.8907885551452637,-3.751798152923584
1710532574604291165,-8.617280006408691,-2.9003686904907227,-3.7482056617736816
1710532574618730731,-8.625662803649902,-2.9183313846588135,-3.773353338241577
1710532574633524924,-8.625662803649902,-2.9183313846588135,-3.773353338241577
1710532574650330903,-8.628057479858398,-2.872825860977173,-3.769760847091675
1710532574683503232,-8.606502532958984,-2.9374914169311523,-3.7482056617736816
1710532574709111182,-8.618477821350098,-2.8608508110046387,-3.73982310295105
1710532574813958395,-8.617280006408691,-2.885998487472534,-3.7865259647369385
1710532574837122592,-8.6124906539917,-2.8883936405181885,-3.8092784881591797
1710532574860190265,-8.602910041809082,-2.8680357933044434,-3.750600576400757
1710532574889315621,-8.6124906539917,-2.8812084197998047,-3.8056859970092773
1710532574958249899,-8.647217750549316,-2.8800110816955566,-3.7865259647369385
1710532574963143849,-8.647217750549316,-2.8800110816955566,-3.7865259647369385
1710532574975836916,-8.624464988708496,-2.945873975753784,-3.7278478145599365
1710532574982217249,-8.626860618591309,-2.833308219909668,-3.742218017578125
1710532574986232323,-8.619675636291504,-2.853665828704834,-3.802093505859375
1710532575013521753,-8.628057479858398,-2.8967761993408203,-3.844006299972534
1710532575030434000,-8.614885330200195,-2.891986131668091,-3.782933235168457
1710532575047241611,-8.614885330200195,-2.891986131668091,-3.782933235168457
1710532575068123918,-8.623268127441406,-2.8907885551452637,-3.790118455886841
1710532575089205137,-8.618477821350098,-2.84648060798645,-3.773353338241577
1710532575122992917,-8.649613380432129,-2.914738655090332,-3.7973034381866455
1710532575158461908,-8.6124906539917,-2.955454111099243,-3.791316032409668
1710532575164838912,-8.618477821350098,-2.914738655090332,-3.7482056617736816
1710532575173996430,-8.625662803649902,-2.826122999191284,-3.7446129322052
1710532575196364510,-8.628057479858398,-2.883603572845459,-3.8056859970092773
1710532575226065780,-8.613687515258789,-2.81414794921875,-3.760180711746216
1710532575234290887,-8.619675636291504,-2.9698243141174316,-3.781735897064209
1710532575272795587,-8.619675636291504,-2.9698243141174316,-3.781735897064209
1710532575282527666,-8.613687515258789,-2.78181529045105,-3.8056859970092773
1710532575308011605,-8.6220703125,-2.8488757610321045,-3.7769458293914795
1710532575322543219,-8.632847785949707,-2.775827646255493,-3.8188586235046387
1710532575358369034,-8.637638092041016,-2.9494664669036865,-3.724255323410034
1710532575383667575,-8.641230583190918,-2.8596532344818115,-3.770958185195923
1710532575409196089,-8.628057479858398,-2.84648060798645,-3.7781434059143066
1710532575417185653,-8.596922874450684,-2.9003686904907227,-3.7577855587005615
1710532575442286028,-8.608898162841797,-2.842888116836548,-3.7973034381866455
1710532575458825498,-8.616083145141602,-2.914738655090332,-3.792513370513916
1710532575515841965,-8.618477821350098,-2.8883936405181885,-3.7553906440734863
1710532575524218591,-8.6220703125,-2.9207262992858887,-3.7673656940460205
1710532575534845025,-8.626860618591309,-2.853665828704834,-3.730242967605591
1710532575562177222,-8.624464988708496,-2.8800110816955566,-3.8284387588500977
1710532575570550460,-8.634045600891113,-2.902763605117798,-3.8068835735321045
1710532575616834055,-8.634045600891113,-2.895578622817993,-3.77215576171875
1710532575652273698,-8.613687515258789,-2.8572583198547363,-3.802093505859375
1710532575660617622,-8.641230583190918,-2.893183708190918,-3.810476064682007
1710532575669122913,-8.606502532958984,-2.8740234375,-3.7996985912323
1710532575683788100,-8.606502532958984,-2.8800110816955566,-3.754193067550659
1710532575705546177,-8.6220703125,-2.8979735374450684,-3.742218017578125
1710532575713054733,-8.634045600891113,-2.8404932022094727,-3.770958185195923
1710532575765916331,-8.623268127441406,-2.865640878677368,-3.7350330352783203
1710532575818445084,-8.620872497558594,-2.8476781845092773,-3.793710947036743
1710532575824873661,-8.595725059509277,-2.8189380168914795,-3.8164637088775635
1710532575856290300,-8.613687515258789,-2.863245964050293,-3.73982310295105
1710532575908922870,-8.629255294799805,-2.8392956256866455,-3.834426164627075
1710532575955243852,-8.619675636291504,-2.8584558963775635,-3.774550676345825
1710532575982511551,-8.6220703125,-2.876418352127075,-3.743415594100952
1710532576005596778,-8.6220703125,-2.9111461639404297,-3.752995491027832
1710532576022366996,-8.628057479858398,-2.862048387527466,-3.7577855587005615
1710532576060387890,-8.610095024108887,-2.8812084197998047,-3.791316032409668
1710532576112643777,-8.613687515258789,-2.8800110816955566,-3.781735897064209
1710532576148312008,-8.626860618591309,-2.9087512493133545,-3.760180711746216
1710532576179607942,-8.605304718017578,-2.865640878677368,-3.763773202896118
1710532576192256122,-8.6220703125,-2.8572583198547363,-3.842808723449707
1710532576200642688,-8.630453109741211,-2.875221014022827,-3.8392162322998047
1710532576223652928,-8.628057479858398,-2.854863166809082,-3.8068835735321045
1710532576252926433,-8.614885330200195,-2.8668384552001953,-3.7482056617736816
1710532576267570245,-8.614885330200195,-2.8404932022094727,-3.77215576171875
1710532576290400397,-8.619675636291504,-2.8201355934143066,-3.7949085235595703
1710532576351574702,-8.624464988708496,-2.9087512493133545,-3.769760847091675
1710532576364163580,-8.604107856750488,-2.8668384552001953,-3.782933235168457
1710532576389116603,-8.6220703125,-2.8369007110595703,-3.802093505859375
1710532576441743775,-8.630453109741211,-2.8692333698272705,-3.7589831352233887
1710532576454288608,-8.608898162841797,-2.882405996322632,-3.83203125
1710532576462817229,-8.624464988708496,-2.884800910949707,-3.8164637088775635
1710532576479289950,-8.620872497558594,-2.9183313846588135,-3.7649707794189453
1710532576515216166,-8.623268127441406,-2.9374914169311523,-3.7577855587005615
1710532576530034253,-8.629255294799805,-2.8776159286499023,-3.8248462677001953
1710532576546729272,-8.6316499710083,-2.8979735374450684,-3.7482056617736816
1710532576555139396,-8.6316499710083,-2.8979735374450684,-3.7482056617736816
1710532576569882568,-8.620872497558594,-2.8584558963775635,-3.774550676345825
1710532576599244238,-8.596922874450684,-2.885998487472534,-3.7685632705688477
1710532576635272933,-8.619675636291504,-2.8895909786224365,-3.7470080852508545
1710532576643373832,-8.617280006408691,-2.8680357933044434,-3.7470080852508545
1710532576660121485,-8.618477821350098,-2.936293840408325,-3.791316032409668
1710532576687397908,-8.6220703125,-2.942281484603882,-3.7122802734375
1710532576712849784,-8.634045600891113,-2.93389892578125,-3.80448842048645
1710532576723295803,-8.600515365600586,-2.84648060798645,-3.724255323410034
1710532576748545595,-8.624464988708496,-2.885998487472534,-3.784130811691284
1710532576756868065,-8.6316499710083,-2.875221014022827,-3.7553906440734863
1710532576775824327,-8.625662803649902,-2.8512706756591797,-3.7781434059143066
1710532576784289970,-8.616083145141602,-2.915936231613159,-3.7482056617736816
1710532576868318904,-8.6220703125,-2.8883936405181885,-3.793710947036743
1710532576876403827,-8.614885330200195,-2.9087512493133545,-3.773353338241577
1710532576891006221,-8.614885330200195,-2.9087512493133545,-3.773353338241577
1710532576914343002,-8.625662803649902,-2.8596532344818115,-3.742218017578125
1710532576952965078,-8.623268127441406,-2.8668384552001953,-3.773353338241577
1710532576975251918,-8.605304718017578,-2.891986131668091,-3.7961058616638184
1710532577027803827,-8.6220703125,-2.844085693359375,-3.782933235168457
1710532577069713952,-8.619675636291504,-2.914738655090332,-3.7494029998779297
1710532577093042378,-8.628057479858398,-2.9386889934539795,-3.7685632705688477
1710532577124551206,-8.626860618591309,-2.8871960639953613,-3.7781434059143066
1710532577130984324,-8.594527244567871,-2.882405996322632,-3.7446129322052
1710532577147799756,-8.602910041809082,-2.882405996322632,-3.7589831352233887
1710532577177168741,-8.630453109741211,-2.8895909786224365,-3.7362303733825684
1710532577193642811,-8.624464988708496,-2.8680357933044434,-3.8559813499450684
1710532577227381066,-8.608898162841797,-2.913541316986084,-3.7553906440734863
1710532577315936628,-8.608898162841797,-2.8668384552001953,-3.7470080852508545
1710532577334733402,-8.628057479858398,-2.8812084197998047,-3.7865259647369385
1710532577349439160,-8.623268127441406,-2.9267139434814453,-3.750600576400757
1710532577378925944,-8.617280006408691,-2.875221014022827,-3.782933235168457
1710532577437715930,-8.6316499710083,-2.903961181640625,-3.780538320541382
1710532577452452494,-8.620872497558594,-2.815345525741577,-3.784130811691284
1710532577469054584,-8.635242462158203,-2.9111461639404297,-3.774550676345825
1710532577483756953,-8.596922874450684,-2.903961181640625,-3.7757482528686523
1710532577542831718,-8.617280006408691,-2.882405996322632,-3.7482056617736816
1710532577551260007,-8.619675636291504,-2.834505558013916,-3.8164637088775635
1710532577559729809,-8.617280006408691,-2.845283269882202,-3.7889208793640137
1710532577580874796,-8.624464988708496,-2.863245964050293,-3.7577855587005615
1710532577604052361,-8.623268127441406,-2.8979735374450684,-3.7494029998779297
1710532577631191228,-8.624464988708496,-2.8991711139678955,-3.761378288269043
1710532577641435841,-8.6220703125,-2.875221014022827,-3.7553906440734863
1710532577654210550,-8.6316499710083,-2.8967761993408203,-3.7649707794189453
1710532577662541914,-8.624464988708496,-2.8883936405181885,-3.750600576400757
1710532577708813817,-8.626860618591309,-2.935096502304077,-3.7673656940460205
1710532577738208744,-8.616083145141602,-2.90156626701355,-3.769760847091675
1710532577769472609,-8.634045600891113,-2.8273205757141113,-3.7973034381866455
1710532577792996041,-8.679551124572754,-2.894381046295166,-3.780538320541382
1710532577843024376,-8.635242462158203,-2.6692492961883545,-3.7374279499053955
1710532577845078311,-8.628057479858398,-2.921923875808716,-3.9350171089172363
1710532577876853027,-8.671168327331543,-2.942281484603882,-3.793710947036743
1710532577895117688,-8.582552909851074,-2.9063560962677,-3.822451114654541
1710532577918142311,-8.6316499710083,-2.811753034591675,-3.7649707794189453
1710532577971144534,-8.620872497558594,-2.8967761993408203,-3.7949085235595703
1710532577987754834,-8.650810241699219,-2.8979735374450684,-3.77215576171875
1710532578023630148,-8.648415565490723,-2.884800910949707,-3.7769458293914795
1710532578027781789,-8.586145401000977,-2.8105554580688477,-3.782933235168457
1710532578048695057,-8.643625259399414,-2.8812084197998047,-3.800895929336548
1710532578075266379,-8.626860618591309,-2.944676399230957,-3.711082696914673
1710532578084244972,-8.624464988708496,-2.8584558963775635,-3.800895929336548
1710532578105336225,-8.594527244567871,-2.8967761993408203,-3.8152661323547363
1710532578124540585,-8.640032768249512,-2.885998487472534,-3.7362303733825684
1710532578128683637,-8.642428398132324,-2.9171338081359863,-3.784130811691284
1710532578164344100,-8.642428398132324,-2.862048387527466,-3.742218017578125
1710532578195834115,-8.619675636291504,-2.884800910949707,-3.7350330352783203
1710532578197937962,-8.623268127441406,-2.8871960639953613,-3.7673656940460205
1710532578212770171,-8.620872497558594,-2.8991711139678955,-3.73982310295105
1710532578240001461,-8.620872497558594,-2.8991711139678955,-3.73982310295105
1710532578263069272,-8.614885330200195,-2.9410839080810547,-3.730242967605591
1710532578317827560,-8.613687515258789,-2.8871960639953613,-3.763773202896118
1710532578338738024,-8.652008056640625,-2.876418352127075,-3.774550676345825
1710532578353750597,-8.653205871582031,-2.8680357933044434,-3.713477849960327
1710532578391535415,-8.652008056640625,-2.852468252182007,-3.8176610469818115
1710532578414401088,-8.601712226867676,-2.8680357933044434,-3.7062926292419434
1710532578429205111,-8.614885330200195,-2.962639093399048,-3.73982310295105
1710532578464799476,-8.613687515258789,-2.852468252182007,-3.7781434059143066
1710532578476605425,-8.619675636291504,-2.8895909786224365,-3.784130811691284
1710532578496431258,-8.634045600891113,-2.872825860977173,-3.7757482528686523
1710532578517627793,-8.605304718017578,-2.9003686904907227,-3.7673656940460205
1710532578561597168,-8.6316499710083,-2.8895909786224365,-3.763773202896118
1710532578570086859,-8.60770034790039,-2.8704309463500977,-3.7673656940460205
1710532578601414503,-8.60770034790039,-2.9171338081359863,-3.821253776550293
1710532578616176922,-8.669970512390137,-2.8967761993408203,-3.773353338241577
1710532578639128681,-8.602910041809082,-2.884800910949707,-3.821253776550293
1710532578643394600,-8.640032768249512,-2.9374914169311523,-3.763773202896118
1710532578649703932,-8.619675636291504,-2.9063560962677,-3.793710947036743
1710532578664396823,-8.643625259399414,-2.84648060798645,-3.7985010147094727
1710532578676915098,-8.616083145141602,-2.8991711139678955,-3.763773202896118
1710532578698102027,-8.6316499710083,-2.8680357933044434,-3.730242967605591
1710532578719040174,-8.620872497558594,-2.875221014022827,-3.814068555831909
1710532578750525452,-8.619675636291504,-2.891986131668091,-3.7877233028411865
1710532578779873471,-8.608898162841797,-2.9003686904907227,-3.754193067550659
1710532578788315658,-8.624464988708496,-2.872825860977173,-3.7254528999328613
1710532578811452010,-8.647217750549316,-2.815345525741577,-3.7350330352783203
1710532578826266275,-8.60770034790039,-2.8776159286499023,-3.8368213176727295
1710532578857592294,-8.623268127441406,-2.862048387527466,-3.7494029998779297
1710532578882728822,-8.613687515258789,-2.9075536727905273,-3.849993944168091
1710532578886935184,-8.580157279968262,-2.8392956256866455,-3.7589831352233887
1710532578910127483,-8.655600547790527,-2.8788135051727295,-3.792513370513916
1710532578937519880,-8.662785530090332,-2.8871960639953613,-3.7889208793640137
1710532578962887692,-8.630453109741211,-2.9506640434265137,-3.781735897064209
1710532579035984708,-8.6124906539917,-2.872825860977173,-3.7362303733825684
1710532579077345892,-8.630453109741211,-2.9171338081359863,-3.7757482528686523
1710532579079845781,-8.6124906539917,-2.8668384552001953,-3.803291082382202
1710532579082096949,-8.641230583190918,-2.856060743331909,-3.7577855587005615
1710532579103324073,-8.618477821350098,-2.8488757610321045,-3.770958185195923
1710532579118203317,-8.611292839050293,-2.902763605117798,-3.7877233028411865
1710532579134850038,-8.629255294799805,-2.9003686904907227,-3.773353338241577
1710532579149511667,-8.608898162841797,-2.835703134536743,-3.77215576171875
1710532579164406753,-8.626860618591309,-2.8979735374450684,-3.790118455886841
1710532579185595962,-8.638835906982422,-2.8883936405181885,-3.811673641204834
1710532579223202718,-8.618477821350098,-2.8812084197998047,-3.720662832260132
1710532579300791383,-8.600515365600586,-2.8895909786224365,-3.7685632705688477
1710532579336428810,-8.629255294799805,-2.8871960639953613,-3.760180711746216
1710532579357285971,-8.628057479858398,-2.902763605117798,-3.7685632705688477
1710532579365882193,-8.624464988708496,-2.8369007110595703,-3.763773202896118
1710532579368009109,-8.632847785949707,-2.865640878677368,-3.834426164627075
1710532579433059265,-8.634045600891113,-2.951861619949341,-3.773353338241577
1710532579441304098,-8.640032768249512,-2.8967761993408203,-3.742218017578125
1710532579462223601,-8.643625259399414,-2.902763605117798,-3.810476064682007
1710532579523017834,-8.869955062866211,-2.973416805267334,-3.773353338241577
1710532579546230443,-8.613687515258789,-2.865640878677368,-3.713477849960327
1710532579575844756,-8.640032768249512,-2.903961181640625,-3.7661681175231934
1710532579596689559,-8.60770034790039,-2.9207262992858887,-3.7661681175231934
1710532579611934704,-8.604107856750488,-2.8512706756591797,-3.7589831352233887
1710532579628344287,-8.637638092041016,-2.8572583198547363,-3.7386255264282227
1710532579659826569,-8.629255294799805,-2.8596532344818115,-3.8164637088775635
1710532579676227925,-8.635242462158203,-2.924318790435791,-3.770958185195923
1710532579680658570,-8.628057479858398,-2.9063560962677,-3.731440544128418
1710532579725533528,-8.6220703125,-2.844085693359375,-3.762575626373291
1710532579733440328,-8.628057479858398,-2.884800910949707,-3.7949085235595703
1710532579750321683,-8.625662803649902,-2.925516366958618,-3.774550676345825
1710532579786098195,-8.625662803649902,-2.8380980491638184,-3.7589831352233887
1710532579809391231,-8.620872497558594,-2.8800110816955566,-3.770958185195923
1710532579853550843,-8.619675636291504,-2.853665828704834,-3.751798152923584
1710532579861894557,-8.623268127441406,-2.9111461639404297,-3.77215576171875
1710532579899854349,-8.637638092041016,-2.9398865699768066,-3.743415594100952
1710532579918862898,-8.619675636291504,-2.854863166809082,-3.803291082382202
1710532579920909788,-8.64482307434082,-2.863245964050293,-3.7649707794189453
1710532579935406338,-8.630453109741211,-2.8907885551452637,-3.7949085235595703
1710532579965056885,-8.654402732849121,-2.913541316986084,-3.7374279499053955
1710532579981789792,-8.6220703125,-2.864443302154541,-3.731440544128418
1710532580063577643,-8.629255294799805,-2.962639093399048,-3.769760847091675
1710532580080146201,-8.604107856750488,-2.924318790435791,-3.713477849960327
1710532580101520654,-8.623268127441406,-2.8309130668640137,-3.7889208793640137
1710532580124586702,-8.616083145141602,-2.903961181640625,-3.763773202896118
1710532580168787222,-8.660390853881836,-2.835703134536743,-3.733835458755493
1710532580191681884,-8.608898162841797,-2.8979735374450684,-3.7350330352783203
1710532580258964997,-8.624464988708496,-2.9075536727905273,-3.7553906440734863
1710532580334447792,-8.616083145141602,-2.8776159286499023,-3.7350330352783203
1710532580342720540,-8.625662803649902,-2.812950372695923,-3.7278478145599365
1710532580349277811,-8.596922874450684,-3.075205087661743,-3.762575626373291
1710532580372839506,-8.611292839050293,-2.9171338081359863,-3.7278478145599365
1710532580385009582,-8.598119735717773,-2.8105554580688477,-3.6763548851013184
1710532580393401492,-8.614885330200195,-2.9686267375946045,-3.7769458293914795
1710532580410217077,-8.593330383300781,-2.9865894317626953,-3.691922664642334
1710532580424740157,-8.640032768249512,-2.7698400020599365,-3.6991076469421387
1710532580443743303,-8.638835906982422,-3.0081446170806885,-3.803291082382202
1710532580490062068,-8.660390853881836,-2.894381046295166,-3.790118455886841
1710532580512925311,-8.626860618591309,-2.8871960639953613,-3.683540105819702
1710532580534180571,-8.620872497558594,-2.891986131668091,-3.7122802734375
1710532580565553302,-8.6124906539917,-2.833308219909668,-3.761378288269043
1710532580597189284,-8.643625259399414,-2.905158758163452,-3.760180711746216
1710532580601115686,-8.6124906539917,-2.863245964050293,-3.6883301734924316
1710532580615986459,-8.656798362731934,-2.935096502304077,-3.803291082382202
1710532580620154914,-8.620872497558594,-2.8668384552001953,-3.6871325969696045
1710532580639288903,-8.635242462158203,-2.9386889934539795,-3.7889208793640137
1710532580653809363,-8.616083145141602,-2.8380980491638184,-3.7673656940460205
1710532580675363256,-8.632847785949707,-2.951861619949341,-3.791316032409668
1710532580676784804,-8.647217750549316,-2.864443302154541,-3.7793407440185547
1710532580708467458,-8.59931755065918,-2.8596532344818115,-3.733835458755493
1710532580731528207,-8.624464988708496,-2.913541316986084,-3.791316032409668
1710532580735769058,-8.566985130310059,-2.8596532344818115,-3.7350330352783203
1710532580746342162,-8.656798362731934,-2.8680357933044434,-3.7973034381866455
1710532580767455089,-8.624464988708496,-2.931504011154175,-3.7793407440185547
1710532580775948671,-8.624464988708496,-2.931504011154175,-3.7793407440185547
1710532580826215459,-8.624464988708496,-2.7997777462005615,-3.8164637088775635
1710532580836882479,-8.628057479858398,-2.8907885551452637,-3.803291082382202
1710532580868186350,-8.626860618591309,-2.84648060798645,-3.720662832260132
1710532580886792488,-8.630453109741211,-2.8201355934143066,-3.7482056617736816
1710532580895340240,-8.630453109741211,-2.8800110816955566,-3.810476064682007
1710532580912225134,-8.630453109741211,-2.8704309463500977,-3.723057746887207
1710532580927020704,-8.610095024108887,-2.8979735374450684,-3.8080811500549316
1710532581031746459,-8.586145401000977,-2.905158758163452,-3.7290453910827637
1710532581052723421,-8.648415565490723,-2.8596532344818115,-3.723057746887207
1710532581054699858,-8.60770034790039,-2.895578622817993,-3.7685632705688477
1710532581076443413,-8.587342262268066,-2.8297154903411865,-3.7685632705688477
1710532581088050073,-8.643625259399414,-2.8584558963775635,-3.7769458293914795
1710532581121640009,-8.637638092041016,-2.8416907787323,-3.769760847091675
1710532581130327224,-8.617280006408691,-2.953059196472168,-3.7685632705688477
1710532581164079970,-8.601712226867676,-2.893183708190918,-3.721860408782959
1710532581195520732,-8.614885330200195,-2.7794201374053955,-3.743415594100952
1710532581260735603,-8.643625259399414,-2.8596532344818115,-3.743415594100952
1710532581281291364,-8.620872497558594,-2.8704309463500977,-3.7446129322052
1710532581308732306,-8.638835906982422,-2.891986131668091,-3.782933235168457
1710532581332274312,-8.638835906982422,-2.8991711139678955,-3.780538320541382
1710532581355345916,-8.6124906539917,-2.893183708190918,-3.793710947036743
1710532581405934867,-8.64482307434082,-2.8991711139678955,-3.73982310295105
1710532581462746528,-8.6220703125,-2.8572583198547363,-3.751798152923584
1710532581485651813,-8.623268127441406,-2.931504011154175,-3.7565882205963135
1710532581496354939,-8.625662803649902,-2.8788135051727295,-3.7194652557373047
1710532581532212912,-8.64482307434082,-2.942281484603882,-3.7362303733825684
1710532581580431874,-8.626860618591309,-2.8991711139678955,-3.792513370513916
1710532581607810050,-8.590934753417969,-2.8979735374450684,-3.7781434059143066
1710532581630685435,-8.56219482421875,-2.923121452331543,-3.7949085235595703
1710532581668606883,-8.665180206298828,-2.822530508041382,-3.820056200027466
1710532581689370113,-8.546627044677734,-2.8009753227233887,-3.77215576171875
1710532581727592293,-8.619675636291504,-2.953059196472168,-3.7470080852508545
1710532581832626763,-8.623268127441406,-2.853665828704834,-3.7278478145599365
1710532581857711896,-8.628057479858398,-2.9111461639404297,-3.7865259647369385
1710532581878705810,-8.616083145141602,-2.915936231613159,-3.762575626373291
1710532581891193274,-8.625662803649902,-2.9291088581085205,-3.782933235168457
1710532581915283405,-8.6316499710083,-2.915936231613159,-3.792513370513916
1710532581931636065,-8.618477821350098,-2.943479061126709,-3.720662832260132
1710532581954670930,-8.608898162841797,-2.884800910949707,-3.762575626373291
1710532581977883254,-8.646020889282227,-2.8895909786224365,-3.792513370513916
1710532582036622977,-8.605304718017578,-2.8776159286499023,-3.7577855587005615
1710532582066140028,-8.614885330200195,-2.925516366958618,-3.7362303733825684
1710532582082792157,-8.673563003540039,-2.852468252182007,-3.742218017578125
1710532582109940440,-8.632847785949707,-2.883603572845459,-3.7996985912323
1710532582133330592,-8.618477821350098,-2.8812084197998047,-3.7649707794189453
1710532582148006466,-8.630453109741211,-2.8392956256866455,-3.751798152923584
1710532582164544821,-8.630453109741211,-2.876418352127075,-3.752995491027832
1710532582179244106,-8.6124906539917,-2.8907885551452637,-3.7865259647369385
1710532582187551526,-8.642428398132324,-2.893183708190918,-3.7757482528686523
1710532582223253413,-8.595725059509277,-2.845283269882202,-3.8871166706085205
1710532582231808981,-8.648415565490723,-2.8668384552001953,-3.7254528999328613
1710532582258884210,-8.660390853881836,-2.8907885551452637,-3.732637882232666
1710532582283915691,-8.641230583190918,-2.842888116836548,-3.7565882205963135
1710532582300686766,-8.634045600891113,-2.8967761993408203,-3.7565882205963135
1710532582357554645,-8.626860618591309,-2.893183708190918,-3.750600576400757
1710532582372320902,-8.642428398132324,-2.9386889934539795,-3.743415594100952
1710532582393329796,-8.620872497558594,-2.9279112815856934,-3.7649707794189453
1710532582414349409,-8.6316499710083,-2.914738655090332,-3.760180711746216
1710532582416518539,-8.652008056640625,-2.856060743331909,-3.7577855587005615
1710532582448008363,-8.63644027709961,-2.872825860977173,-3.7374279499053955
1710532582487836223,-8.619675636291504,-2.9374914169311523,-3.731440544128418
1710532582500404333,-8.6220703125,-2.822530508041382,-3.811673641204834
1710532582525635972,-8.616083145141602,-2.8572583198547363,-3.73982310295105
1710532582544762050,-8.598119735717773,-2.9111461639404297,-3.7565882205963135
1710532582582706350,-8.648415565490723,-2.8776159286499023,-3.774550676345825
1710532582603421170,-8.624464988708496,-2.96623158454895,-3.7685632705688477
1710532582626524155,-8.634045600891113,-2.894381046295166,-3.811673641204834
1710532582639210587,-8.624464988708496,-2.882405996322632,-3.7290453910827637
1710532582658009837,-8.68194580078125,-2.84648060798645,-3.7470080852508545
1710532582704377045,-8.623268127441406,-2.9374914169311523,-3.7781434059143066
1710532582727260945,-8.6316499710083,-2.842888116836548,-3.7350330352783203
1710532582731449219,-8.63644027709961,-2.8404932022094727,-3.810476064682007
1710532582746119099,-8.602910041809082,-2.8404932022094727,-3.7458105087280273
1710532582779809589,-8.596922874450684,-2.9195287227630615,-3.7973034381866455
1710532582800887119,-8.60770034790039,-2.84648060798645,-3.6883301734924316
1710532582844941725,-8.589737892150879,-2.865640878677368,-3.7158727645874023
1710532582879328751,-8.65919303894043,-2.953059196472168,-3.811673641204834
1710532582899657702,-8.550219535827637,-3.1781909465789795,-3.7865259647369385
1710532582920555146,-8.463998794555664,-2.7866051197052,-3.660787343978882
1710532582952297713,-8.739426612854004,-2.8788135051727295,-3.6260595321655273
1710532582996297690,-8.72745132446289,-2.4177722930908203,-3.9050793647766113
1710532583027878821,-8.739426612854004,-3.1374754905700684,-3.9565722942352295
1710532583050968275,-8.523874282836914,-2.974614143371582,-3.9074742794036865
1710532583076414573,-8.550219535827637,-2.762655019760132,-3.7781434059143066
1710532583101275209,-8.610095024108887,-3.1290929317474365,-3.7853283882141113
1710532583130705763,-8.653205871582031,-2.7985804080963135,-3.6476147174835205
1710532583145517669,-8.538244247436523,-2.8380980491638184,-3.7865259647369385
1710532583158383210,-8.617280006408691,-3.0189220905303955,-3.590134382247925
1710532583181242640,-8.690328598022461,-2.9686267375946045,-3.821253776550293
1710532583200188150,-8.586145401000977,-2.884800910949707,-3.800895929336548
1710532583227379587,-8.660390853881836,-2.8871960639953613,-3.912264347076416
1710532583250446900,-8.594527244567871,-2.994971990585327,-3.7278478145599365
1710532583265121472,-8.614885330200195,-2.9410839080810547,-3.5661840438842773
1710532583311229857,-8.66757583618164,-2.8895909786224365,-3.9362146854400635
1710532583340947129,-8.604107856750488,-3.041674852371216,-3.8356237411499023
1710532583349171265,-8.679551124572754,-2.8416907787323,-3.681144952774048
1710532583361913202,-8.619675636291504,-3.0201196670532227,-3.7290453910827637
1710532583382857255,-8.637638092041016,-2.815345525741577,-3.7685632705688477
1710532583395418798,-8.618477821350098,-2.924318790435791,-3.7482056617736816
1710532583437462247,-8.593330383300781,-2.805765390396118,-3.8248462677001953
1710532583454512758,-8.635242462158203,-2.945873975753784,-3.8056859970092773
1710532583477474702,-8.630453109741211,-2.9183313846588135,-3.6991076469421387
1710532583481478412,-8.6220703125,-2.8081603050231934,-3.7446129322052
1710532583496127820,-8.629255294799805,-2.863245964050293,-3.8272411823272705
1710532583573996088,-8.655600547790527,-2.8800110816955566,-3.7685632705688477
1710532583578300322,-8.655600547790527,-2.8895909786224365,-3.780538320541382
1710532583620313370,-8.630453109741211,-2.9291088581085205,-3.7853283882141113
1710532583656043966,-8.630453109741211,-2.9291088581085205,-3.7122802734375
1710532583678748891,-8.626860618591309,-2.8907885551452637,-3.7482056617736816
1710532583693910264,-8.626860618591309,-2.9207262992858887,-3.7757482528686523
1710532583716940213,-8.625662803649902,-2.872825860977173,-3.709885358810425
1710532583725313570,-8.625662803649902,-2.8967761993408203,-3.774550676345825
1710532583775750083,-8.610095024108887,-2.8788135051727295,-3.6991076469421387
1710532583786289696,-8.595725059509277,-2.943479061126709,-3.8068835735321045
1710532583805145148,-8.634045600891113,-2.8476781845092773,-3.7458105087280273
1710532583836750062,-8.6220703125,-2.8500733375549316,-3.849993944168091
1710532583851414082,-8.646020889282227,-2.955454111099243,-3.8392162322998047
1710532583880537115,-8.632847785949707,-2.945873975753784,-3.7470080852508545
1710532583886978476,-8.653205871582031,-2.8800110816955566,-3.7649707794189453
1710532583935415661,-8.6124906539917,-2.8871960639953613,-3.7553906440734863
1710532583956531599,-8.624464988708496,-2.90156626701355,-3.7446129322052
1710532583985763893,-8.635242462158203,-2.925516366958618,-3.7589831352233887
1710532584008836173,-8.6220703125,-2.824925422668457,-3.7889208793640137
1710532584029806068,-8.6316499710083,-2.876418352127075,-3.77215576171875
1710532584044559284,-8.628057479858398,-2.9111461639404297,-3.8248462677001953
1710532584055280348,-8.635242462158203,-2.9398865699768066,-3.7470080852508545
1710532584069681406,-8.630453109741211,-2.962639093399048,-3.7565882205963135
1710532584120278800,-8.600515365600586,-2.895578622817993,-3.762575626373291
1710532584137279239,-8.628057479858398,-2.8871960639953613,-3.7781434059143066
1710532584158070359,-8.648415565490723,-2.8812084197998047,-3.763773202896118
1710532584174871465,-8.620872497558594,-2.9195287227630615,-3.8380188941955566
1710532584189702708,-8.6220703125,-2.8680357933044434,-3.7996985912323
1710532584204251937,-8.6220703125,-2.935096502304077,-3.7793407440185547
1710532584214719504,-8.613687515258789,-2.884800910949707,-3.7649707794189453
1710532584241989469,-8.6220703125,-2.8871960639953613,-3.823648691177368
1710532584265088475,-8.624464988708496,-2.8572583198547363,-3.7853283882141113
1710532584285989529,-8.649613380432129,-2.9195287227630615,-3.8284387588500977
1710532584300958308,-8.623268127441406,-2.8776159286499023,-3.810476064682007
1710532584405772325,-8.64482307434082,-2.951861619949341,-3.8248462677001953
1710532584414214195,-8.620872497558594,-2.884800910949707,-3.7266504764556885
1710532584452066979,-8.625662803649902,-2.93389892578125,-3.7889208793640137
1710532584496025499,-8.67236614227295,-2.894381046295166,-3.7973034381866455
1710532584529468100,-8.683143615722656,-2.9207262992858887,-3.7458105087280273
1710532584533881442,-8.606502532958984,-2.8668384552001953,-3.781735897064209
1710532584548543607,-8.623268127441406,-2.8668384552001953,-3.781735897064209
1710532584563775854,-8.646020889282227,-2.9279112815856934,-3.780538320541382
1710532584601131427,-8.640032768249512,-2.9985644817352295,-3.802093505859375
1710532584676209356,-8.613687515258789,-2.84648060798645,-3.760180711746216
1710532584720672914,-8.625662803649902,-2.915936231613159,-3.7757482528686523
1710532584802753003,-8.616083145141602,-2.9386889934539795,-3.7889208793640137
1710532584827943120,-8.6220703125,-2.834505558013916,-3.842808723449707
1710532584840640021,-8.624464988708496,-2.9195287227630615,-3.7793407440185547
1710532584874560809,-8.6220703125,-2.8668384552001953,-3.713477849960327
1710532584892907032,-8.619675636291504,-2.8512706756591797,-3.780538320541382
1710532584924436516,-8.669970512390137,-2.96623158454895,-3.800895929336548
1710532584953829261,-8.624464988708496,-2.826122999191284,-3.7853283882141113
1710532584957901887,-8.619675636291504,-2.932701349258423,-3.7062926292419434
1710532584976960907,-8.624464988708496,-2.84648060798645,-3.713477849960327
1710532585006342936,-8.657995223999023,-2.9578490257263184,-3.7889208793640137
1710532585027325780,-8.595725059509277,-2.8692333698272705,-3.802093505859375
1710532585080023733,-8.625662803649902,-2.923121452331543,-3.7446129322052
1710532585088150352,-8.6316499710083,-2.9183313846588135,-3.7996985912323
1710532585105217311,-8.608898162841797,-2.891986131668091,-3.782933235168457
1710532585122001172,-8.625662803649902,-2.9063560962677,-3.742218017578125
1710532585185013988,-8.624464988708496,-2.854863166809082,-3.7985010147094727
1710532585210115714,-8.617280006408691,-2.882405996322632,-3.733835458755493
1710532585231296592,-8.6220703125,-2.8907885551452637,-3.721860408782959
1710532585254427285,-8.632847785949707,-2.864443302154541,-3.791316032409668
1710532585276167652,-8.625662803649902,-2.9207262992858887,-3.791316032409668
1710532585276645676,-8.618477821350098,-2.8608508110046387,-3.7458105087280273
1710532585289917471,-8.626860618591309,-2.914738655090332,-3.7565882205963135
1710532585306927121,-8.626860618591309,-2.882405996322632,-3.7781434059143066
1710532585313056339,-8.624464988708496,-2.842888116836548,-3.7266504764556885
1710532585326040439,-8.59931755065918,-2.953059196472168,-3.7482056617736816
1710532585345003861,-8.6220703125,-2.8584558963775635,-3.7853283882141113
1710532585359606773,-8.63644027709961,-2.9087512493133545,-3.7577855587005615
1710532585395643119,-8.628057479858398,-2.8608508110046387,-3.8475987911224365
1710532585410292277,-8.625662803649902,-2.9506640434265137,-3.784130811691284
1710532585412405987,-8.629255294799805,-2.8369007110595703,-3.761378288269043
1710532585439520060,-8.604107856750488,-2.8907885551452637,-3.83203125
1710532585493942856,-8.608898162841797,-2.835703134536743,-3.8176610469818115
1710532585517300315,-8.58494758605957,-2.8512706756591797,-3.780538320541382
1710532585536157813,-8.634045600891113,-2.9482691287994385,-3.7278478145599365
1710532585538296387,-8.594527244567871,-2.8704309463500977,-3.7853283882141113
1710532585561214376,-8.624464988708496,-2.84648060798645,-3.7853283882141113
1710532585605441585,-8.617280006408691,-2.9279112815856934,-3.762575626373291
1710532585645186330,-8.623268127441406,-2.875221014022827,-3.8056859970092773
1710532585651296910,-8.628057479858398,-2.8967761993408203,-3.790118455886841
1710532585680573999,-8.617280006408691,-2.871628522872925,-3.760180711746216
1710532585682936223,-8.623268127441406,-2.891986131668091,-3.7769458293914795
1710532585693148809,-8.616083145141602,-2.883603572845459,-3.752995491027832
1710532585703989191,-8.617280006408691,-2.8500733375549316,-3.763773202896118
1710532585724878018,-8.629255294799805,-2.924318790435791,-3.792513370513916
1710532585739719460,-8.628057479858398,-2.863245964050293,-3.7793407440185547
1710532585750211451,-8.630453109741211,-2.915936231613159,-3.77215576171875
1710532585762884463,-8.625662803649902,-2.8967761993408203,-3.7374279499053955
1710532585786468299,-8.634045600891113,-2.8871960639953613,-3.742218017578125
1710532585796518406,-8.623268127441406,-2.8800110816955566,-3.7853283882141113
1710532585823968472,-8.616083145141602,-2.8800110816955566,-3.790118455886841
1710532585876353417,-8.662785530090332,-2.9614417552948,-3.791316032409668
1710532585910346095,-8.613687515258789,-2.8572583198547363,-3.7350330352783203
1710532585912391599,-8.619675636291504,-2.93389892578125,-3.763773202896118
1710532585935346743,-8.578960418701172,-2.7710375785827637,-3.7170703411102295
1710532585958892338,-8.663983345031738,-2.7890002727508545,-3.770958185195923
1710532585994368780,-8.6220703125,-2.8476781845092773,-3.8164637088775635
1710532586002853059,-8.635242462158203,-2.864443302154541,-3.7577855587005615
1710532586032356461,-8.624464988708496,-2.8201355934143066,-3.8272411823272705
1710532586040770116,-8.601712226867676,-2.876418352127075,-3.6895275115966797
1710532586070279771,-8.661587715148926,-2.823728084564209,-3.781735897064209
1710532586092958275,-8.620872497558594,-2.935096502304077,-3.701502799987793
1710532586101427820,-8.646020889282227,-2.865640878677368,-3.681144952774048
1710532586118567521,-8.614885330200195,-2.8273205757141113,-3.781735897064209
1710532586145464803,-8.608898162841797,-2.914738655090332,-3.7949085235595703
1710532586183771876,-8.620872497558594,-2.9099488258361816,-3.769760847091675
1710532586206719937,-8.625662803649902,-2.865640878677368,-3.8068835735321045
1710532586223635895,-8.6124906539917,-2.8740234375,-3.730242967605591
1710532586265742746,-8.625662803649902,-2.9303064346313477,-3.8164637088775635
1710532586279989504,-8.66757583618164,-2.9578490257263184,-3.761378288269043
1710532586303220076,-8.643625259399414,-2.891986131668091,-3.7949085235595703
1710532586316098875,-8.6220703125,-2.9063560962677,-3.769760847091675
1710532586326169588,-8.630453109741211,-2.894381046295166,-3.7877233028411865
1710532586362104425,-8.634045600891113,-2.853665828704834,-3.7973034381866455
1710532586387423733,-8.605304718017578,-2.9111461639404297,-3.7565882205963135
1710532586400060521,-8.619675636291504,-2.8800110816955566,-3.792513370513916
1710532586418873517,-8.616083145141602,-2.936293840408325,-3.7949085235595703
1710532586446120087,-8.629255294799805,-3.024909734725952,-3.8260436058044434
1710532586528254936,-8.617280006408691,-2.9303064346313477,-3.8068835735321045
1710532586551235325,-8.625662803649902,-2.942281484603882,-3.810476064682007
1710532586565991999,-8.629255294799805,-2.872825860977173,-3.7685632705688477
1710532586574485921,-8.618477821350098,-2.8500733375549316,-3.7170703411102295
1710532586603731345,-8.618477821350098,-2.8500733375549316,-3.7170703411102295
1710532586612212934,-8.642428398132324,-2.894381046295166,-3.7781434059143066
1710532586630997321,-8.575366973876953,-2.884800910949707,-3.790118455886841
1710532586652165189,-8.626860618591309,-2.8572583198547363,-3.781735897064209
1710532586664760618,-8.592132568359375,-2.863245964050293,-3.702700138092041
1710532586685477840,-8.6124906539917,-2.923121452331543,-3.7877233028411865
1710532586717308980,-8.611292839050293,-2.8800110816955566,-3.763773202896118
1710532586757076091,-8.643625259399414,-2.875221014022827,-3.760180711746216
1710532586769865586,-8.626860618591309,-2.852468252182007,-3.750600576400757
1710532586792792873,-8.598119735717773,-2.8392956256866455,-3.7961058616638184
1710532586813836330,-8.629255294799805,-2.883603572845459,-3.77215576171875
1710532586851644001,-8.6316499710083,-2.835703134536743,-3.7973034381866455
1710532586857760514,-8.614885330200195,-2.8776159286499023,-3.784130811691284
1710532586872494290,-8.619675636291504,-2.932701349258423,-3.742218017578125
1710532586925174482,-8.623268127441406,-2.8512706756591797,-3.77215576171875
1710532586969386232,-8.610095024108887,-2.90156626701355,-3.7278478145599365
1710532586977766528,-8.610095024108887,-2.8967761993408203,-3.750600576400757
1710532587003750196,-8.655600547790527,-2.9291088581085205,-3.8152661323547363
1710532587017807088,-8.634045600891113,-2.893183708190918,-3.7985010147094727
1710532587061580461,-8.640032768249512,-2.876418352127075,-3.7661681175231934
1710532587079895739,-8.625662803649902,-2.914738655090332,-3.784130811691284
1710532587098350292,-8.641230583190918,-2.8812084197998047,-3.750600576400757
1710532587105892366,-8.625662803649902,-2.902763605117798,-3.829636335372925
1710532587120602340,-8.63644027709961,-2.921923875808716,-3.770958185195923
1710532587137382482,-8.59931755065918,-2.833308219909668,-3.702700138092041
1710532587158618581,-8.634045600891113,-2.9207262992858887,-3.743415594100952
1710532587196414302,-8.629255294799805,-2.852468252182007,-3.781735897064209
1710532587211163473,-8.619675636291504,-2.8512706756591797,-3.77215576171875
1710532587234569487,-8.628057479858398,-2.8967761993408203,-3.7482056617736816
1710532587263710813,-8.6220703125,-2.882405996322632,-3.7661681175231934
1710532587278423601,-8.624464988708496,-2.8871960639953613,-3.7577855587005615
1710532587280177753,-8.626860618591309,-2.912343740463257,-3.769760847091675
1710532587309776678,-8.643625259399414,-2.8680357933044434,-3.8164637088775635
1710532587339440250,-8.602910041809082,-2.8392956256866455,-3.7949085235595703
1710532587347819894,-8.629255294799805,-2.923121452331543,-3.763773202896118
1710532587356358363,-8.648415565490723,-2.891986131668091,-3.7649707794189453
1710532587362709981,-8.634045600891113,-2.864443302154541,-3.780538320541382
1710532587392148697,-8.623268127441406,-2.8572583198547363,-3.703897714614868
1710532587406732498,-8.614885330200195,-2.903961181640625,-3.7386255264282227
1710532587429754734,-8.587342262268066,-2.8416907787323,-3.842808723449707
1710532587459140320,-8.666378021240234,-2.891986131668091,-3.742218017578125
1710532587463487088,-8.583749771118164,-2.8297154903411865,-3.7577855587005615
1710532587467748889,-8.616083145141602,-2.9183313846588135,-3.800895929336548
1710532587478062857,-8.637638092041016,-2.8572583198547363,-3.7266504764556885
1710532587497153840,-8.617280006408691,-2.882405996322632,-3.7386255264282227
1710532587511789485,-8.656798362731934,-2.882405996322632,-3.709885358810425
1710532587526445408,-8.628057479858398,-2.935096502304077,-3.774550676345825
1710532587547430242,-8.618477821350098,-2.7866051197052,-3.821253776550293
1710532587558055308,-8.6220703125,-3.0273046493530273,-3.8284387588500977
1710532587606425585,-8.653205871582031,-2.824925422668457,-3.7254528999328613
1710532587625328424,-8.589737892150879,-2.8309130668640137,-3.7565882205963135
1710532587681822374,-8.624464988708496,-2.945873975753784,-3.742218017578125
1710532587728257129,-8.638835906982422,-2.815345525741577,-3.7565882205963135
1710532587778638799,-8.620872497558594,-2.894381046295166,-3.761378288269043
1710532587812330496,-8.63644027709961,-2.885998487472534,-3.784130811691284
1710532587856248435,-8.625662803649902,-2.8895909786224365,-3.8068835735321045
1710532587887530154,-8.614885330200195,-2.925516366958618,-3.760180711746216
1710532587923704623,-8.634045600891113,-2.8273205757141113,-3.820056200027466
1710532587959220917,-8.623268127441406,-2.853665828704834,-3.723057746887207
1710532587992778523,-8.618477821350098,-2.895578622817993,-3.7458105087280273
1710532588013678336,-8.620872497558594,-2.8668384552001953,-3.7877233028411865
1710532588028347875,-8.6220703125,-2.844085693359375,-3.7458105087280273
1710532588045263543,-8.623268127441406,-2.885998487472534,-3.742218017578125
1710532588059872306,-8.608898162841797,-2.8692333698272705,-3.743415594100952
1710532588082688940,-8.592132568359375,-2.7901978492736816,-3.8068835735321045
1710532588108428523,-8.620872497558594,-2.875221014022827,-3.803291082382202
1710532588125192325,-8.625662803649902,-2.862048387527466,-3.733835458755493
1710532588169365925,-8.624464988708496,-2.8991711139678955,-3.8056859970092773
1710532588196568035,-8.6316499710083,-2.883603572845459,-3.8392162322998047
1710532588209235636,-8.629255294799805,-2.955454111099243,-3.723057746887207
1710532588246641308,-8.593330383300781,-2.9087512493133545,-3.769760847091675
1710532588307562017,-8.587342262268066,-2.883603572845459,-3.751798152923584
1710532588311971052,-8.623268127441406,-2.8967761993408203,-3.7889208793640137
1710532588341466697,-8.6220703125,-2.893183708190918,-3.750600576400757
1710532588366892123,-8.624464988708496,-2.8871960639953613,-3.810476064682007
1710532588375259811,-8.630453109741211,-2.8776159286499023,-3.733835458755493
1710532588400427687,-8.632847785949707,-2.905158758163452,-3.781735897064209
1710532588404922093,-8.632847785949707,-2.905158758163452,-3.781735897064209
1710532588419205688,-8.625662803649902,-2.894381046295166,-3.751798152923584
1710532588434073348,-8.618477821350098,-2.914738655090332,-3.7781434059143066
1710532588448680752,-8.630453109741211,-2.8979735374450684,-3.793710947036743
1710532588477901896,-8.617280006408691,-2.9003686904907227,-3.761378288269043
1710532588486106805,-8.617280006408691,-2.871628522872925,-3.7290453910827637
1710532588507602024,-8.625662803649902,-2.8895909786224365,-3.7553906440734863
1710532588524409001,-8.6220703125,-2.872825860977173,-3.790118455886841
1710532588559958687,-8.626860618591309,-2.8895909786224365,-3.761378288269043
1710532588562280262,-8.608898162841797,-2.864443302154541,-3.7985010147094727
1710532588576699038,-8.629255294799805,-2.8907885551452637,-3.774550676345825
1710532588658355626,-8.629255294799805,-2.885998487472534,-3.790118455886841
1710532588677388063,-8.613687515258789,-2.883603572845459,-3.7577855587005615
1710532588696271778,-8.623268127441406,-2.913541316986084,-3.7577855587005615
1710532588730112413,-8.592132568359375,-2.853665828704834,-3.7996985912323
1710532588771928486,-8.635242462158203,-2.893183708190918,-3.7122802734375
1710532588816274401,-8.634045600891113,-2.931504011154175,-3.7470080852508545
1710532588855978563,-8.634045600891113,-2.9063560962677,-3.750600576400757
1710532588868690859,-8.63644027709961,-2.8584558963775635,-3.7757482528686523
1710532588885308126,-8.618477821350098,-2.921923875808716,-3.77215576171875
1710532588982286630,-8.6316499710083,-2.921923875808716,-3.7793407440185547
1710532588994878306,-8.619675636291504,-2.955454111099243,-3.814068555831909
1710532589026328471,-8.620872497558594,-2.921923875808716,-3.7685632705688477
1710532589057729776,-8.646020889282227,-2.9267139434814453,-3.7757482528686523
1710532589085007331,-8.611292839050293,-2.8692333698272705,-3.770958185195923
1710532589110359313,-8.610095024108887,-2.883603572845459,-3.7553906440734863
1710532589205020523,-8.6220703125,-2.943479061126709,-3.77215576171875
1710532589207209546,-8.620872497558594,-2.943479061126709,-3.77215576171875
1710532589213376330,-8.635242462158203,-2.8476781845092773,-3.80448842048645
1710532589230367590,-8.642428398132324,-2.9003686904907227,-3.754193067550659
1710532589266065041,-8.628057479858398,-2.90156626701355,-3.769760847091675
1710532589282745167,-8.647217750549316,-2.8907885551452637,-3.803291082382202
1710532589341710525,-8.687932968139648,-2.921923875808716,-3.6895275115966797
1710532589364912859,-8.640032768249512,-2.9410839080810547,-3.751798152923584
1710532589379585678,-8.594527244567871,-2.9171338081359863,-3.763773202896118
1710532589394333727,-8.647217750549316,-2.9806017875671387,-3.7122802734375
1710532589403122800,-8.662785530090332,-2.8668384552001953,-3.7362303733825684
1710532589432244692,-8.620872497558594,-2.932701349258423,-3.7793407440185547
1710532589446816728,-8.625662803649902,-2.871628522872925,-3.7793407440185547
1710532589455076223,-8.625662803649902,-2.871628522872925,-3.7793407440185547
1710532589477318578,-8.64482307434082,-2.9099488258361816,-3.803291082382202
1710532589499164110,-8.620872497558594,-2.9195287227630615,-3.77215576171875
1710532589526615806,-8.611292839050293,-2.936293840408325,-3.7889208793640137
1710532589537280684,-8.6316499710083,-2.8871960639953613,-3.803291082382202
1710532589589820030,-8.619675636291504,-2.8776159286499023,-3.714675188064575
1710532589619108810,-8.620872497558594,-2.8608508110046387,-3.7482056617736816
1710532589642268991,-8.630453109741211,-2.915936231613159,-3.790118455886841
1710532589768534218,-8.606502532958984,-2.8584558963775635,-3.7661681175231934
1710532589789518733,-8.628057479858398,-2.913541316986084,-3.8080811500549316
1710532589806349665,-8.598119735717773,-2.8572583198547363,-3.792513370513916
1710532589831617147,-8.643625259399414,-2.8500733375549316,-3.7494029998779297
1710532589876628173,-8.588540077209473,-2.8871960639953613,-3.7350330352783203
1710532589877425394,-8.640032768249512,-2.8907885551452637,-3.7182679176330566
1710532589900676390,-8.618477821350098,-2.913541316986084,-3.7553906440734863
1710532589917808875,-8.647217750549316,-2.816542863845825,-3.7685632705688477
1710532589938768051,-8.625662803649902,-2.943479061126709,-3.7278478145599365
1710532589955567025,-8.629255294799805,-2.84648060798645,-3.7853283882141113
1710532589987166145,-8.624464988708496,-2.915936231613159,-3.754193067550659
1710532590024984885,-8.626860618591309,-2.871628522872925,-3.7673656940460205
1710532590092268556,-8.649613380432129,-2.935096502304077,-3.782933235168457
1710532590121525060,-8.618477821350098,-2.872825860977173,-3.762575626373291
1710532590140433031,-8.6316499710083,-2.90156626701355,-3.780538320541382
1710532590159445937,-8.6124906539917,-2.914738655090332,-3.7661681175231934
1710532590173923103,-8.613687515258789,-2.84648060798645,-3.7446129322052
1710532590201271936,-8.628057479858398,-2.9566516876220703,-3.7470080852508545
1710532590226631666,-8.628057479858398,-2.9087512493133545,-3.7673656940460205
1710532590249605738,-8.642428398132324,-2.891986131668091,-3.7685632705688477
1710532590273300219,-8.638835906982422,-2.914738655090332,-3.760180711746216
1710532590299894917,-8.60770034790039,-2.903961181640625,-3.7194652557373047
1710532590308430150,-8.605304718017578,-2.8380980491638184,-3.761378288269043
1710532590325183233,-8.600515365600586,-2.8871960639953613,-3.7553906440734863
1710532590344128546,-8.635242462158203,-2.8883936405181885,-3.822451114654541
1710532590386254513,-8.642428398132324,-2.893183708190918,-3.784130811691284
1710532590405145917,-8.637638092041016,-2.882405996322632,-3.8188586235046387
1710532590419991171,-8.620872497558594,-2.96623158454895,-3.7482056617736816
1710532590459720600,-8.642428398132324,-2.8907885551452637,-3.7194652557373047
1710532590477817734,-8.592132568359375,-2.932701349258423,-3.844006299972534
1710532590489044928,-8.628057479858398,-2.955454111099243,-3.703897714614868
1710532590512972209,-8.635242462158203,-2.8895909786224365,-3.7685632705688477
1710532590554439976,-8.625662803649902,-2.9087512493133545,-3.752995491027832
1710532590594334131,-8.626860618591309,-2.921923875808716,-3.780538320541382
1710532590603381391,-8.630453109741211,-2.8800110816955566,-3.7122802734375
1710532590630238468,-8.626860618591309,-2.9207262992858887,-3.7793407440185547
1710532590638833435,-8.628057479858398,-2.8692333698272705,-3.821253776550293
1710532590661402034,-8.635242462158203,-2.882405996322632,-3.741020441055298
1710532590707715192,-8.640032768249512,-2.853665828704834,-3.7266504764556885
1710532590749825391,-8.605304718017578,-2.8883936405181885,-3.750600576400757
1710532590775413161,-8.616083145141602,-2.8572583198547363,-3.773353338241577
1710532590810907748,-8.601712226867676,-2.924318790435791,-3.762575626373291
1710532590854831767,-8.619675636291504,-2.802172899246216,-3.7182679176330566
1710532590917819054,-8.635242462158203,-2.8979735374450684,-3.792513370513916
1710532590930352331,-8.63644027709961,-2.921923875808716,-3.73982310295105
1710532590953596407,-8.632847785949707,-2.9303064346313477,-3.723057746887207
1710532590976860273,-8.601712226867676,-2.871628522872925,-3.73982310295105
1710532590991439185,-8.657995223999023,-2.8895909786224365,-3.791316032409668
1710532591015096127,-8.60770034790039,-2.9195287227630615,-3.7985010147094727
1710532591034251245,-8.577762603759766,-2.834505558013916,-3.7158727645874023
1710532591044045805,-8.618477821350098,-2.935096502304077,-3.7278478145599365
1710532591054787565,-8.641230583190918,-2.8177404403686523,-3.730242967605591
1710532591067301973,-8.626860618591309,-2.943479061126709,-3.7769458293914795
1710532591081735698,-8.625662803649902,-2.885998487472534,-3.7661681175231934
1710532591119887247,-8.641230583190918,-2.8800110816955566,-3.7374279499053955
1710532591172517397,-8.602910041809082,-2.863245964050293,-3.7673656940460205
1710532591193237112,-8.628057479858398,-2.945873975753784,-3.800895929336548
1710532591201791336,-8.616083145141602,-2.8704309463500977,-3.760180711746216
1710532591216580312,-8.616083145141602,-2.8704309463500977,-3.760180711746216
1710532591224895716,-8.624464988708496,-2.923121452331543,-3.732637882232666
1710532591239769602,-8.593330383300781,-2.871628522872925,-3.730242967605591
1710532591243802106,-8.638835906982422,-2.8512706756591797,-3.803291082382202
1710532591258576869,-8.602910041809082,-2.862048387527466,-3.7565882205963135
1710532591274385542,-8.623268127441406,-2.862048387527466,-3.77215576171875
1710532591292238534,-8.604107856750488,-2.932701349258423,-3.73982310295105
1710532591306841556,-8.626860618591309,-2.8788135051727295,-3.741020441055298
1710532591351203116,-8.59931755065918,-2.914738655090332,-3.6895275115966797
1710532591380290329,-8.634045600891113,-2.9698243141174316,-3.773353338241577
1710532591388660129,-8.616083145141602,-2.8285181522369385,-3.7386255264282227
1710532591411733001,-8.611292839050293,-2.96623158454895,-3.7050952911376953
1710532591420611412,-8.629255294799805,-2.765049934387207,-3.720662832260132
1710532591434970907,-8.620872497558594,-2.9506640434265137,-3.844006299972534
1710532591462051905,-8.624464988708496,-2.893183708190918,-3.821253776550293
1710532591484980996,-8.620872497558594,-2.883603572845459,-3.751798152923584
1710532591510098625,-8.587342262268066,-2.844085693359375,-3.763773202896118
1710532591539769304,-8.602910041809082,-2.883603572845459,-3.760180711746216
1710532591558448604,-8.654402732849121,-2.903961181640625,-3.690725088119507
1710532591583887270,-8.605304718017578,-2.903961181640625,-3.690725088119507
1710532591621934532,-8.63644027709961,-2.8704309463500977,-3.7458105087280273
1710532591645037504,-8.626860618591309,-2.975811719894409,-3.7170703411102295
1710532591653249275,-8.613687515258789,-2.875221014022827,-3.723057746887207
1710532591678225943,-8.653205871582031,-2.856060743331909,-3.7170703411102295
1710532591703399793,-8.632847785949707,-2.9075536727905273,-3.7949085235595703
1710532591718199076,-8.619675636291504,-2.9303064346313477,-3.811673641204834
1710532591734908011,-8.648415565490723,-2.8967761993408203,-3.7757482528686523
1710532591760044359,-8.6124906539917,-2.8788135051727295,-3.7350330352783203
1710532591785207295,-8.620872497558594,-2.8596532344818115,-3.790118455886841
1710532591823146982,-8.620872497558594,-2.8273205757141113,-3.720662832260132
1710532591846241252,-8.59931755065918,-2.8500733375549316,-3.762575626373291
1710532591871374202,-8.59931755065918,-2.8500733375549316,-3.762575626373291
1710532591974345011,-8.630453109741211,-2.9075536727905273,-3.7386255264282227
1710532591993271751,-8.611292839050293,-2.9111461639404297,-3.751798152923584
1710532592018577189,-8.641230583190918,-2.913541316986084,-3.7865259647369385
1710532592047975005,-8.6220703125,-2.844085693359375,-3.7266504764556885
1710532592062796863,-8.6220703125,-2.93389892578125,-3.7266504764556885
1710532592081729569,-8.637638092041016,-2.8668384552001953,-3.8152661323547363
1710532592109015732,-8.623268127441406,-2.885998487472534,-3.790118455886841
1710532592123795947,-8.638835906982422,-2.9386889934539795,-3.6991076469421387
1710532592167856142,-8.625662803649902,-2.872825860977173,-3.741020441055298
1710532592190998065,-8.626860618591309,-2.90156626701355,-3.8056859970092773
1710532592212247402,-8.640032768249512,-2.84648060798645,-3.790118455886841
1710532592243925851,-8.57656478881836,-2.883603572845459,-3.790118455886841
1710532592294292283,-8.623268127441406,-2.893183708190918,-3.774550676345825
1710532592304889271,-8.632847785949707,-2.854863166809082,-3.763773202896118
1710532592317298835,-8.6316499710083,-2.921923875808716,-3.733835458755493
1710532592407869514,-8.616083145141602,-2.8572583198547363,-3.7661681175231934
1710532592439391793,-8.626860618591309,-2.9291088581085205,-3.7122802734375
1710532592462413749,-8.64482307434082,-2.856060743331909,-3.80448842048645
1710532592513060498,-8.620872497558594,-2.8093578815460205,-3.7170703411102295
1710532592515018724,-8.68194580078125,-2.912343740463257,-3.8871166706085205
1710532592544768622,-8.675958633422852,-2.945873975753784,-3.701502799987793
1710532592565979819,-8.608898162841797,-2.8871960639953613,-3.793710947036743
1710532592605928537,-8.64482307434082,-2.9003686904907227,-3.700305223464966
1710532592633228788,-8.64482307434082,-2.923121452331543,-3.7973034381866455
1710532592676225677,-8.604107856750488,-2.905158758163452,-3.7458105087280273
1710532592676722765,-8.629255294799805,-2.8967761993408203,-3.7781434059143066
1710532592687474306,-8.64482307434082,-2.856060743331909,-3.7649707794189453
1710532592708479863,-8.619675636291504,-2.864443302154541,-3.770958185195923
1710532592723317143,-8.610095024108887,-2.8608508110046387,-3.7482056617736816
1710532592731686916,-8.629255294799805,-2.852468252182007,-3.7577855587005615
1710532592816315301,-8.619675636291504,-2.955454111099243,-3.760180711746216
1710532592835023196,-8.647217750549316,-2.9183313846588135,-3.8380188941955566
1710532592845577574,-8.643625259399414,-2.90156626701355,-3.780538320541382
1710532592858153863,-8.626860618591309,-2.854863166809082,-3.7362303733825684
1710532592876476604,-8.640032768249512,-2.8740234375,-3.760180711746216
1710532592889623746,-8.6124906539917,-2.9398865699768066,-3.7374279499053955
1710532592910788368,-8.625662803649902,-2.8800110816955566,-3.7996985912323
1710532592919119396,-8.6220703125,-2.864443302154541,-3.752995491027832
1710532592938086982,-8.624464988708496,-2.903961181640625,-3.7494029998779297
1710532592946507824,-8.60770034790039,-2.835703134536743,-3.7374279499053955
1710532592965369646,-8.617280006408691,-2.893183708190918,-3.743415594100952
1710532592994760872,-8.637638092041016,-2.8704309463500977,-3.770958185195923
1710532593017966665,-8.602910041809082,-2.9111461639404297,-3.7877233028411865
1710532593039090171,-8.628057479858398,-2.8991711139678955,-3.743415594100952
1710532593051597921,-8.628057479858398,-2.8991711139678955,-3.7374279499053955
1710532593064259610,-8.625662803649902,-2.8404932022094727,-3.8188586235046387
1710532593082833918,-8.611292839050293,-2.9303064346313477,-3.7362303733825684
1710532593100828058,-8.619675636291504,-2.822530508041382,-3.7685632705688477
1710532593137782431,-8.614885330200195,-2.90156626701355,-3.7278478145599365
1710532593142128098,-8.598119735717773,-2.8967761993408203,-3.693120002746582
1710532593161099250,-8.64482307434082,-2.8907885551452637,-3.7889208793640137
1710532593211312455,-8.64482307434082,-2.9374914169311523,-3.73982310295105
1710532593240658711,-8.629255294799805,-2.891986131668091,-3.7350330352783203
1710532593305744440,-8.6316499710083,-2.935096502304077,-3.803291082382202
1710532593339124844,-8.59931755065918,-2.8871960639953613,-3.750600576400757
1710532593366600207,-8.626860618591309,-2.875221014022827,-3.7362303733825684
1710532593400267310,-8.625662803649902,-2.9279112815856934,-3.7362303733825684
1710532593429711987,-8.619675636291504,-2.8704309463500977,-3.73982310295105
1710532593476272166,-8.625662803649902,-2.931504011154175,-3.7973034381866455
1710532593479950415,-8.635242462158203,-2.954256534576416,-3.709885358810425
1710532593524382271,-8.625662803649902,-2.913541316986084,-3.7877233028411865
1710532593526423709,-8.625662803649902,-2.905158758163452,-3.7266504764556885
1710532593555910327,-8.589737892150879,-2.921923875808716,-3.800895929336548
1710532593578928748,-8.625662803649902,-2.8812084197998047,-3.762575626373291
1710532593610269986,-8.623268127441406,-2.8883936405181885,-3.7781434059143066
1710532593681675266,-8.593330383300781,-2.876418352127075,-3.7577855587005615
1710532593699382900,-8.593330383300781,-2.876418352127075,-3.7577855587005615
1710532593713361757,-8.617280006408691,-2.915936231613159,-3.720662832260132
1710532593728155583,-8.619675636291504,-2.853665828704834,-3.830833673477173
1710532593825071899,-8.623268127441406,-2.832110643386841,-3.822451114654541
1710532593879242299,-8.63644027709961,-2.9207262992858887,-3.73982310295105
1710532593917401984,-8.630453109741211,-2.891986131668091,-3.870351552963257
1710532593921615063,-8.63644027709961,-2.842888116836548,-3.773353338241577
1710532594020174283,-8.637638092041016,-2.9087512493133545,-3.7374279499053955
1710532594045486224,-8.650810241699219,-2.9063560962677,-3.7565882205963135
1710532594060212154,-8.600515365600586,-2.875221014022827,-3.7589831352233887
1710532594095972395,-8.624464988708496,-2.9410839080810547,-3.8356237411499023
1710532594116941966,-8.596922874450684,-2.826122999191284,-3.769760847091675
1710532594156880324,-8.614885330200195,-2.912343740463257,-3.833228826522827
1710532594184287139,-8.614885330200195,-2.8668384552001953,-3.742218017578125
1710532594200996671,-8.614885330200195,-2.9686267375946045,-3.7362303733825684
1710532594228348253,-8.606502532958984,-2.856060743331909,-3.8092784881591797
1710532594236772282,-8.587342262268066,-2.8584558963775635,-3.7577855587005615
1710532594247320669,-8.640032768249512,-2.8907885551452637,-3.713477849960327
1710532594303982043,-8.60770034790039,-2.9410839080810547,-3.7386255264282227
1710532594352394551,-8.614885330200195,-2.8584558963775635,-3.833228826522827
1710532594423675733,-8.630453109741211,-2.84648060798645,-3.7470080852508545
1710532594446889418,-8.624464988708496,-2.893183708190918,-3.7769458293914795
1710532594535721384,-8.638835906982422,-2.9279112815856934,-3.7374279499053955
1710532594563056372,-8.655600547790527,-2.883603572845459,-3.7589831352233887
1710532594584019862,-8.634045600891113,-2.876418352127075,-3.742218017578125
1710532594619726583,-8.613687515258789,-2.8680357933044434,-3.7470080852508545
1710532594657510871,-8.661587715148926,-2.9590466022491455,-3.6895275115966797
1710532594666169056,-8.640032768249512,-2.885998487472534,-3.733835458755493
1710532594680515296,-8.657995223999023,-2.93389892578125,-3.7290453910827637
1710532594754336874,-8.604107856750488,-2.925516366958618,-3.732637882232666
1710532594765023459,-8.654402732849121,-2.9470715522766113,-3.7649707794189453
1710532594779420656,-8.602910041809082,-2.8692333698272705,-3.792513370513916
1710532594794036138,-8.6220703125,-2.942281484603882,-3.754193067550659
1710532594823519521,-8.6220703125,-2.885998487472534,-3.8284387588500977
1710532594844670514,-8.575366973876953,-2.834505558013916,-3.723057746887207
1710532594884360710,-8.641230583190918,-2.903961181640625,-3.7649707794189453
1710532594937105267,-8.63644027709961,-2.9494664669036865,-3.7853283882141113
1710532594995865506,-8.666378021240234,-2.921923875808716,-3.723057746887207
1710532595042202878,-8.624464988708496,-2.9386889934539795,-3.780538320541382
1710532595048391505,-8.637638092041016,-2.9398865699768066,-3.7350330352783203
1710532595056943708,-8.590934753417969,-2.9267139434814453,-3.7278478145599365
1710532595086127503,-8.635242462158203,-2.882405996322632,-3.7673656940460205
1710532595101065891,-8.628057479858398,-2.8608508110046387,-3.8092784881591797
1710532595145325493,-8.6220703125,-2.885998487472534,-3.723057746887207
1710532595168525978,-8.596922874450684,-2.882405996322632,-3.803291082382202
1710532595185256857,-8.678353309631348,-2.833308219909668,-3.8272411823272705
1710532595220872780,-8.630453109741211,-2.8500733375549316,-3.7290453910827637
1710532595235524284,-8.625662803649902,-2.912343740463257,-3.752995491027832
1710532595237602016,-8.632847785949707,-2.8105554580688477,-3.7158727645874023
1710532595279585950,-8.605304718017578,-2.8776159286499023,-3.793710947036743
1710532595286195237,-8.63644027709961,-2.893183708190918,-3.691922664642334
1710532595317540548,-8.600515365600586,-2.953059196472168,-3.742218017578125
1710532595340923128,-8.565787315368652,-2.8812084197998047,-3.792513370513916
1710532595359857542,-8.592132568359375,-2.8871960639953613,-3.751798152923584
1710532595384902278,-8.626860618591309,-2.905158758163452,-3.730242967605591
1710532595447778084,-8.629255294799805,-2.832110643386841,-3.754193067550659
1710532595483230430,-8.628057479858398,-2.9063560962677,-3.8080811500549316
1710532595496900201,-8.647217750549316,-2.9410839080810547,-3.7290453910827637
1710532595571814853,-8.618477821350098,-2.923121452331543,-3.7482056617736816
1710532595584467791,-8.611292839050293,-2.8572583198547363,-3.742218017578125
1710532595603410624,-8.643625259399414,-2.945873975753784,-3.701502799987793
1710532595634981675,-8.638835906982422,-2.835703134536743,-3.774550676345825
1710532595655929678,-8.6220703125,-2.9063560962677,-3.7649707794189453
1710532595685051462,-8.641230583190918,-2.8883936405181885,-3.763773202896118
1710532595708402422,-8.624464988708496,-2.942281484603882,-3.6775524616241455
1710532595754613941,-8.635242462158203,-2.8584558963775635,-3.844006299972534
1710532595813332178,-8.634045600891113,-2.8512706756591797,-3.7661681175231934
1710532595844964625,-8.642428398132324,-2.882405996322632,-3.743415594100952
1710532595865841019,-8.6124906539917,-2.9973669052124023,-3.733835458755493
1710532595876673676,-8.6124906539917,-2.805765390396118,-3.6859350204467773
1710532595882691073,-8.63644027709961,-3.0081446170806885,-3.7374279499053955
1710532595901810413,-8.64482307434082,-3.0105395317077637,-3.860771417617798
1710532595927124394,-8.6316499710083,-2.81414794921875,-3.80448842048645
1710532595963276670,-8.6220703125,-2.8967761993408203,-3.7050952911376953
1710532595990275596,-8.642428398132324,-2.912343740463257,-3.780538320541382
1710532596031980165,-8.634045600891113,-2.8967761993408203,-3.8080811500549316
1710532596076273763,-8.641230583190918,-2.8776159286499023,-3.7062926292419434
1710532596090792873,-8.63644027709961,-2.882405996322632,-3.7973034381866455
1710532596122220464,-8.630453109741211,-2.903961181640625,-3.7182679176330566
1710532596143125152,-8.618477821350098,-2.925516366958618,-3.741020441055298
1710532596151646504,-8.618477821350098,-2.8476781845092773,-3.7553906440734863
1710532596225047133,-8.63644027709961,-2.9195287227630615,-3.791316032409668
1710532596248375151,-8.626860618591309,-2.862048387527466,-3.7661681175231934
1710532596287971056,-8.6124906539917,-2.8369007110595703,-3.761378288269043
1710532596327982400,-8.629255294799805,-2.9674291610717773,-3.782933235168457
1710532596367777877,-8.649613380432129,-2.914738655090332,-3.7793407440185547
1710532596384512101,-8.624464988708496,-3.0177245140075684,-3.7374279499053955
1710532596409624679,-8.614885330200195,-2.832110643386841,-3.723057746887207
1710532596426563219,-8.628057479858398,-2.96623158454895,-3.690725088119507
1710532596445461906,-8.642428398132324,-2.853665828704834,-3.742218017578125
1710532596489095599,-8.618477821350098,-2.882405996322632,-3.751798152923584
1710532596539877430,-8.63644027709961,-2.9997620582580566,-3.7781434059143066
1710532596578201915,-8.635242462158203,-2.981799364089966,-3.763773202896118
1710532596592274881,-8.625662803649902,-2.913541316986084,-3.7254528999328613
1710532596623912931,-8.624464988708496,-2.882405996322632,-3.752995491027832
1710532596682625535,-8.6220703125,-2.894381046295166,-3.681144952774048
1710532596705582078,-8.625662803649902,-2.8776159286499023,-3.7661681175231934
1710532596729192601,-8.630453109741211,-2.883603572845459,-3.761378288269043
1710532596735340850,-8.600515365600586,-3.056044816970825,-3.83203125
1710532596800498603,-8.628057479858398,-2.884800910949707,-3.763773202896118
1710532596813330102,-8.614885330200195,-2.8608508110046387,-3.774550676345825
1710532596840288525,-8.614885330200195,-2.8608508110046387,-3.774550676345825
1710532596863439129,-8.605304718017578,-2.9183313846588135,-3.7362303733825684
1710532596886057899,-8.624464988708496,-2.834505558013916,-3.709885358810425
1710532596909496540,-8.641230583190918,-2.9171338081359863,-3.7074902057647705
1710532596938777101,-8.648415565490723,-2.883603572845459,-3.7877233028411865
1710532596947266021,-8.610095024108887,-2.893183708190918,-3.77215576171875
1710532596970400314,-8.617280006408691,-2.893183708190918,-3.703897714614868
1710532596991442669,-8.665180206298828,-2.882405996322632,-3.661984920501709
1710532597006258050,-8.677155494689941,-2.942281484603882,-3.7266504764556885
1710532597022852798,-8.628057479858398,-2.826122999191284,-3.7793407440185547
1710532597065048259,-8.655600547790527,-2.994971990585327,-3.7889208793640137
1710532597096456182,-8.625662803649902,-2.923121452331543,-3.7458105087280273
1710532597125909564,-8.630453109741211,-2.903961181640625,-3.774550676345825
1710532597132440635,-8.638835906982422,-2.8668384552001953,-3.752995491027832
1710532597140724606,-8.600515365600586,-2.8991711139678955,-3.7482056617736816
1710532597163645174,-8.624464988708496,-2.856060743331909,-3.763773202896118
1710532597178359467,-8.6316499710083,-2.924318790435791,-3.770958185195923
1710532597199506031,-8.625662803649902,-2.8800110816955566,-3.731440544128418
1710532597241291903,-8.6220703125,-2.895578622817993,-3.7458105087280273
1710532597274922537,-8.641230583190918,-2.8584558963775635,-3.77215576171875
1710532597277042668,-8.634045600891113,-2.84648060798645,-3.762575626373291
1710532597298031714,-8.6316499710083,-2.8812084197998047,-3.762575626373291
1710532597329367164,-8.620872497558594,-2.872825860977173,-3.721860408782959
1710532597348406351,-8.623268127441406,-2.876418352127075,-3.724255323410034
1710532597382861028,-8.660390853881836,-2.863245964050293,-3.853586435317993
1710532597390581664,-8.606502532958984,-2.9674291610717773,-3.73982310295105
1710532597409372295,-8.65919303894043,-2.9063560962677,-3.803291082382202
1710532597420071034,-8.594527244567871,-2.962639093399048,-3.7350330352783203
1710532597449496810,-8.64482307434082,-2.862048387527466,-3.7050952911376953
1710532597478744794,-8.6316499710083,-2.893183708190918,-3.7290453910827637
1710532597487281046,-8.650810241699219,-2.8812084197998047,-3.8092784881591797
1710532597510433599,-8.638835906982422,-2.882405996322632,-3.6763548851013184
1710532597531265260,-8.588540077209473,-2.8476781845092773,-3.762575626373291
1710532597560984864,-8.592132568359375,-2.9482691287994385,-3.7865259647369385
1710532597598908629,-8.665180206298828,-2.8668384552001953,-3.774550676345825
1710532597613472570,-8.656798362731934,-2.8871960639953613,-3.7350330352783203
1710532597636650191,-8.596922874450684,-2.9075536727905273,-3.7565882205963135
1710532597659701004,-8.646020889282227,-2.8692333698272705,-3.810476064682007
1710532597680476746,-8.634045600891113,-2.953059196472168,-3.724255323410034
1710532597703515510,-8.6124906539917,-2.872825860977173,-3.7254528999328613
1710532597733356575,-8.652008056640625,-2.9398865699768066,-3.793710947036743
1710532597762564507,-8.628057479858398,-2.9171338081359863,-3.754193067550659
1710532597775215992,-8.6316499710083,-2.8788135051727295,-3.7254528999328613
1710532597808886615,-8.63644027709961,-2.8692333698272705,-3.7386255264282227
1710532597823347069,-8.63644027709961,-2.8692333698272705,-3.7386255264282227
1710532597831993590,-8.652008056640625,-2.8979735374450684,-3.7458105087280273
1710532597838335728,-8.625662803649902,-2.9063560962677,-3.7482056617736816
1710532597855084757,-8.635242462158203,-2.885998487472534,-3.731440544128418
1710532597875687955,-8.634045600891113,-2.863245964050293,-3.7458105087280273
1710532597892535573,-8.657995223999023,-2.8584558963775635,-3.8452038764953613
1710532597920094557,-8.63644027709961,-2.8967761993408203,-3.7170703411102295
1710532597957753379,-8.600515365600586,-2.812950372695923,-3.714675188064575
1710532597980931871,-8.626860618591309,-2.885998487472534,-3.790118455886841
1710532598003939996,-8.626860618591309,-2.8776159286499023,-3.681144952774048
1710532598016665143,-8.665180206298828,-2.853665828704834,-3.774550676345825
1710532598025548516,-8.608898162841797,-2.905158758163452,-3.774550676345825
1710532598079102326,-8.626860618591309,-2.8740234375,-3.7494029998779297
1710532598102530409,-8.654402732849121,-2.8740234375,-3.7062926292419434
1710532598127713126,-8.616083145141602,-2.9003686904907227,-3.733835458755493
1710532598169986138,-8.632847785949707,-2.932701349258423,-3.7194652557373047
1710532598188820835,-8.632847785949707,-2.925516366958618,-3.7553906440734863
1710532598214514250,-8.641230583190918,-2.871628522872925,-3.730242967605591
1710532598237223563,-8.605304718017578,-2.9470715522766113,-3.732637882232666
1710532598267032525,-8.637638092041016,-2.981799364089966,-3.784130811691284
1710532598285404927,-8.616083145141602,-2.885998487472534,-3.7996985912323
1710532598302536483,-8.617280006408691,-2.905158758163452,-3.694317579269409
1710532598319309728,-8.617280006408691,-2.9303064346313477,-3.760180711746216
1710532598331983316,-8.611292839050293,-2.865640878677368,-3.7254528999328613
1710532598342569428,-8.648415565490723,-2.905158758163452,-3.724255323410034
1710532598378170509,-8.637638092041016,-2.8871960639953613,-3.7553906440734863
1710532598395018239,-8.642428398132324,-2.9003686904907227,-3.7386255264282227
1710532598411768215,-8.6316499710083,-2.862048387527466,-3.763773202896118
1710532598428659262,-8.629255294799805,-2.913541316986084,-3.724255323410034
1710532598453792622,-8.637638092041016,-2.842888116836548,-3.790118455886841
1710532598474314450,-8.613687515258789,-2.9566516876220703,-3.751798152923584
1710532598550491908,-8.617280006408691,-2.9877867698669434,-3.5997142791748047
1710532598556799238,-8.638835906982422,-2.785407781600952,-3.6979100704193115
1710532598567409591,-8.592132568359375,-2.943479061126709,-3.733835458755493
1710532598588309783,-8.632847785949707,-2.921923875808716,-3.6248619556427
1710532598617759193,-8.613687515258789,-2.8991711139678955,-3.6955151557922363
1710532598632427335,-8.649613380432129,-2.9099488258361816,-3.754193067550659
1710532598640818124,-8.630453109741211,-2.882405996322632,-3.750600576400757
1710532598676348498,-8.6316499710083,-2.882405996322632,-3.711082696914673
1710532598701651718,-8.613687515258789,-2.824925422668457,-3.881129264831543
1710532598712230562,-8.613687515258789,-2.824925422668457,-3.881129264831543
1710532598737583315,-8.693921089172363,-2.802172899246216,-3.9146595001220703
1710532598798446510,-8.5118989944458,-2.763852596282959,-3.6751575469970703
1710532598829704487,-8.613687515258789,-2.871628522872925,-3.9062769412994385
1710532598850633485,-8.625662803649902,-3.065624952316284,-3.9062769412994385
1710532598911523181,-8.6220703125,-2.7410998344421387,-3.709885358810425
1710532598940950846,-8.6316499710083,-2.905158758163452,-3.820056200027466
1710532598963827180,-8.618477821350098,-3.0177245140075684,-3.6368372440338135
1710532598995533265,-8.647217750549316,-2.936293840408325,-3.720662832260132
1710532599033453368,-8.648415565490723,-2.84648060798645,-3.7086877822875977
1710532599064688306,-8.618477821350098,-2.811753034591675,-3.6967127323150635
1710532599152889043,-8.635242462158203,-2.883603572845459,-3.871549129486084
1710532599211842110,-8.649613380432129,-2.815345525741577,-3.7865259647369385
1710532599226926437,-8.657995223999023,-2.8500733375549316,-3.8272411823272705
1710532599275074025,-8.626860618591309,-2.852468252182007,-3.731440544128418
1710532599295884137,-8.642428398132324,-2.853665828704834,-3.7949085235595703
1710532599340069946,-8.616083145141602,-2.951861619949341,-3.8080811500549316
1710532599356952179,-8.630453109741211,-2.8392956256866455,-3.7649707794189453
1710532599371779561,-8.620872497558594,-2.8476781845092773,-3.754193067550659
1710532599407324618,-8.647217750549316,-2.8380980491638184,-3.6979100704193115
1710532599413934122,-8.620872497558594,-2.893183708190918,-3.7482056617736816
1710532599462004460,-8.647217750549316,-2.884800910949707,-3.781735897064209
1710532599475546286,-8.630453109741211,-2.8704309463500977,-3.732637882232666
1710532599478746688,-8.630453109741211,-2.884800910949707,-3.7278478145599365
1710532599525259393,-8.629255294799805,-2.8740234375,-3.7158727645874023
1710532599527315823,-8.624464988708496,-2.9063560962677,-3.7781434059143066
1710532599548142777,-8.6220703125,-2.7806177139282227,-3.8164637088775635
1710532599564841392,-8.64482307434082,-2.8979735374450684,-3.780538320541382
1710532599569103097,-8.611292839050293,-2.8404932022094727,-3.709885358810425
1710532599594531519,-8.673563003540039,-2.8680357933044434,-3.6452198028564453
1710532599617470420,-8.629255294799805,-2.893183708190918,-3.7553906440734863
1710532599623674798,-8.643625259399414,-2.9099488258361816,-3.780538320541382
1710532599655234513,-8.655600547790527,-2.8668384552001953,-3.80448842048645
1710532599667850875,-8.635242462158203,-2.9291088581085205,-3.724255323410034
1710532599699092617,-8.624464988708496,-2.9087512493133545,-3.724255323410034
1710532599743451535,-8.663983345031738,-2.875221014022827,-3.784130811691284
1710532599764440365,-8.613687515258789,-2.902763605117798,-3.780538320541382
1710532599779964518,-8.648415565490723,-2.8883936405181885,-3.7194652557373047
1710532599795912927,-8.638835906982422,-2.925516366958618,-3.7673656940460205
1710532599833846437,-8.63644027709961,-2.914738655090332,-3.7374279499053955
1710532599857070227,-8.641230583190918,-2.913541316986084,-3.760180711746216
1710532599861208287,-8.6220703125,-2.962639093399048,-3.711082696914673
1710532599886243408,-8.635242462158203,-2.9279112815856934,-3.769760847091675
1710532599916806957,-8.649613380432129,-2.8392956256866455,-3.800895929336548
1710532599928720141,-8.610095024108887,-2.872825860977173,-3.730242967605591
1710532599947482596,-8.652008056640625,-2.93389892578125,-3.690725088119507
1710532599960000076,-8.606502532958984,-2.8500733375549316,-3.7949085235595703
1710532599966423705,-8.650810241699219,-2.8500733375549316,-3.7949085235595703
1710532600002349030,-8.630453109741211,-2.8788135051727295,-3.7589831352233887
1710532600012657426,-8.637638092041016,-2.9063560962677,-3.742218017578125
1710532600035625910,-8.626860618591309,-2.876418352127075,-3.732637882232666
1710532600052608756,-8.628057479858398,-2.893183708190918,-3.770958185195923
1710532600081615963,-8.626860618591309,-2.9494664669036865,-3.7458105087280273
1710532600100609071,-8.646020889282227,-2.9674291610717773,-3.682342529296875
1710532600109002369,-8.646020889282227,-2.9674291610717773,-3.682342529296875
1710532600132344657,-8.656798362731934,-2.833308219909668,-3.770958185195923
1710532600140630431,-8.647217750549316,-2.903961181640625,-3.7086877822875977
1710532600170103195,-8.617280006408691,-2.883603572845459,-3.7877233028411865
1710532600188970814,-8.6220703125,-2.8776159286499023,-3.7589831352233887
1710532600195308067,-8.635242462158203,-2.8740234375,-3.77215576171875
1710532600254003894,-8.629255294799805,-2.912343740463257,-3.7589831352233887
1710532600277161754,-8.611292839050293,-2.8979735374450684,-3.7278478145599365
1710532600283322867,-8.632847785949707,-2.945873975753784,-3.7158727645874023
1710532600331781129,-8.635242462158203,-2.9003686904907227,-3.762575626373291
1710532600396710502,-8.647217750549316,-2.884800910949707,-3.842808723449707
1710532600434871505,-8.635242462158203,-2.963836669921875,-3.7565882205963135
1710532600449463032,-8.623268127441406,-2.903961181640625,-3.769760847091675
1710532600474539289,-8.626860618591309,-2.885998487472534,-3.763773202896118
1710532600485039006,-8.643625259399414,-2.90156626701355,-3.7194652557373047
1710532600493395006,-8.643625259399414,-2.90156626701355,-3.7194652557373047
1710532600508245492,-8.629255294799805,-2.9111461639404297,-3.7781434059143066
1710532600546069753,-8.629255294799805,-2.8991711139678955,-3.7458105087280273
1710532600581701859,-8.632847785949707,-2.9099488258361816,-3.7769458293914795
1710532600607037245,-8.640032768249512,-2.883603572845459,-3.7985010147094727
1710532600619639059,-8.620872497558594,-2.9063560962677,-3.7350330352783203
1710532600623672999,-8.626860618591309,-2.8309130668640137,-3.7853283882141113
1710532600640705201,-8.628057479858398,-2.882405996322632,-3.7589831352233887
1710532600665835419,-8.640032768249512,-2.884800910949707,-3.7781434059143066
1710532600678157002,-8.630453109741211,-2.93389892578125,-3.7470080852508545
1710532600697146759,-8.619675636291504,-2.885998487472534,-3.709885358810425
1710532600718467110,-8.669970512390137,-2.942281484603882,-3.8056859970092773
1710532600745574809,-8.660390853881836,-2.914738655090332,-3.7194652557373047
1710532600875735821,-8.63644027709961,-2.8967761993408203,-3.7553906440734863
1710532600891299394,-8.629255294799805,-2.8800110816955566,-3.762575626373291
1710532600907509476,-8.629255294799805,-2.8800110816955566,-3.762575626373291
1710532600914514325,-8.650810241699219,-2.8907885551452637,-3.7362303733825684
1710532600960919920,-8.634045600891113,-2.9063560962677,-3.7278478145599365
1710532600987527648,-8.626860618591309,-2.882405996322632,-3.741020441055298
1710532601086174633,-8.632847785949707,-2.8800110816955566,-3.7254528999328613
1710532601103166050,-8.661587715148926,-2.914738655090332,-3.793710947036743
1710532601124927192,-8.626860618591309,-2.915936231613159,-3.7350330352783203
1710532601147065927,-8.6316499710083,-2.912343740463257,-3.7290453910827637
1710532601176516299,-8.620872497558594,-2.9099488258361816,-3.742218017578125
1710532601296417128,-8.656798362731934,-2.903961181640625,-3.7278478145599365
1710532601304690605,-8.608898162841797,-2.871628522872925,-3.7374279499053955
1710532601331974682,-8.63644027709961,-2.943479061126709,-3.7170703411102295
1710532601346722714,-8.63644027709961,-2.943479061126709,-3.7170703411102295
1710532601361323375,-8.604107856750488,-2.832110643386841,-3.8164637088775635
1710532601378205432,-8.610095024108887,-2.9063560962677,-3.730242967605591
1710532601508380685,-8.614885330200195,-2.9410839080810547,-3.803291082382202
1710532601533750533,-8.634045600891113,-2.8788135051727295,-3.743415594100952
1710532601556750029,-8.625662803649902,-2.9003686904907227,-3.754193067550659
1710532601581935841,-8.625662803649902,-2.914738655090332,-3.6787500381469727
1710532601594771007,-8.642428398132324,-2.8967761993408203,-3.7122802734375
1710532601605104427,-8.626860618591309,-2.8788135051727295,-3.7170703411102295
1710532601619885065,-8.629255294799805,-2.893183708190918,-3.773353338241577
1710532601642962741,-8.634045600891113,-2.912343740463257,-3.7973034381866455
1710532601666170430,-8.657995223999023,-2.884800910949707,-3.752995491027832
1710532601714406479,-8.6220703125,-2.9183313846588135,-3.7781434059143066
1710532601739740419,-8.620872497558594,-2.9398865699768066,-3.7122802734375
1710532601754533242,-8.616083145141602,-2.915936231613159,-3.6571948528289795
1710532601768968674,-8.646020889282227,-2.8812084197998047,-3.780538320541382
1710532601798191047,-8.638835906982422,-2.924318790435791,-3.7494029998779297
1710532601823289074,-8.611292839050293,-2.885998487472534,-3.773353338241577
1710532601842493812,-8.637638092041016,-2.8380980491638184,-3.7086877822875977
1710532601876219678,-8.648415565490723,-2.936293840408325,-3.711082696914673
1710532601886501674,-8.635242462158203,-2.891986131668091,-3.701502799987793
1710532601903111030,-8.649613380432129,-2.9087512493133545,-3.769760847091675
1710532601926599716,-8.640032768249512,-2.893183708190918,-3.77215576171875
1710532601943292115,-8.625662803649902,-2.9410839080810547,-3.760180711746216
1710532601955732422,-8.643625259399414,-2.876418352127075,-3.7350330352783203
1710532601987258337,-8.634045600891113,-2.936293840408325,-3.723057746887207
1710532601995608210,-8.625662803649902,-2.8812084197998047,-3.754193067550659
1710532602012368061,-8.640032768249512,-2.894381046295166,-3.769760847091675
1710532602022771758,-8.634045600891113,-2.894381046295166,-3.769760847091675
1710532602045961968,-8.625662803649902,-2.944676399230957,-3.703897714614868
1710532602054457176,-8.638835906982422,-2.914738655090332,-3.6655774116516113
1710532602077212835,-8.63644027709961,-2.895578622817993,-3.720662832260132
1710532602098213216,-8.630453109741211,-2.8979735374450684,-3.7589831352233887
1710532602136413193,-8.63644027709961,-2.8883936405181885,-3.683540105819702
1710532602151076356,-8.629255294799805,-2.893183708190918,-3.720662832260132
1710532602165867821,-8.643625259399414,-2.871628522872925,-3.731440544128418
1710532602182601213,-8.635242462158203,-2.8692333698272705,-3.7374279499053955
1710532602233148358,-8.6316499710083,-2.891986131668091,-3.731440544128418
1710532602264438041,-8.666378021240234,-2.9279112815856934,-3.7973034381866455
1710532602272742181,-8.655600547790527,-2.864443302154541,-3.703897714614868
1710532602294099087,-8.660390853881836,-2.935096502304077,-3.770958185195923
1710532602302616589,-8.610095024108887,-2.872825860977173,-3.701502799987793
1710532602319227758,-8.625662803649902,-2.834505558013916,-3.7589831352233887
1710532602332069616,-8.662785530090332,-2.951861619949341,-3.7062926292419434
1710532602353063889,-8.59931755065918,-2.844085693359375,-3.763773202896118
1710532602378358542,-8.654402732849121,-2.9291088581085205,-3.7086877822875977
1710532602399469629,-8.653205871582031,-2.8740234375,-3.7122802734375
1710532602443401483,-8.643625259399414,-2.9111461639404297,-3.760180711746216
1710532602460229484,-8.634045600891113,-2.893183708190918,-3.731440544128418
1710532602480928321,-8.653205871582031,-2.8740234375,-3.7661681175231934
1710532602496066215,-8.63644027709961,-2.84648060798645,-3.7470080852508545
1710532602521362981,-8.638835906982422,-2.7997777462005615,-3.7458105087280273
1710532602580235568,-8.650810241699219,-2.871628522872925,-3.7757482528686523
1710532602603296434,-8.623268127441406,-2.895578622817993,-3.661984920501709
1710532602632821082,-8.661587715148926,-2.9207262992858887,-3.77215576171875
1710532602668496650,-8.6316499710083,-2.875221014022827,-3.731440544128418
1710532602706306965,-8.630453109741211,-2.8812084197998047,-3.7062926292419434
1710532602721023497,-8.630453109741211,-2.8380980491638184,-3.7589831352233887
1710532602788338783,-8.648415565490723,-2.8871960639953613,-3.821253776550293
1710532602826238879,-8.624464988708496,-2.9099488258361816,-3.742218017578125
1710532602842922385,-8.606502532958984,-2.9590466022491455,-3.6979100704193115
1710532602865948908,-8.683143615722656,-2.942281484603882,-3.7769458293914795
1710532602880428767,-8.680747985839844,-2.885998487472534,-3.6571948528289795
1710532602899720808,-8.655600547790527,-2.924318790435791,-3.7996985912323
1710532602916662058,-8.647217750549316,-2.824925422668457,-3.770958185195923
1710532602939576713,-8.668773651123047,-2.996169328689575,-3.7290453910827637
1710532602971323899,-8.617280006408691,-2.951861619949341,-3.7290453910827637
1710532602984037479,-8.641230583190918,-2.9087512493133545,-3.730242967605591
1710532603000808612,-8.616083145141602,-2.835703134536743,-3.7589831352233887
1710532603045056216,-8.663983345031738,-2.9782068729400635,-3.73982310295105
1710532603047351100,-8.63644027709961,-2.8871960639953613,-3.723057746887207
1710532603087163461,-8.628057479858398,-2.93389892578125,-3.724255323410034
1710532603112509127,-8.640032768249512,-2.8273205757141113,-3.810476064682007
1710532603177460309,-8.6316499710083,-2.833308219909668,-3.750600576400757
1710532603194306244,-8.665180206298828,-2.9087512493133545,-3.7685632705688477
1710532603232321258,-8.616083145141602,-2.8704309463500977,-3.6967127323150635
1710532603238508147,-8.660390853881836,-2.8704309463500977,-3.7062926292419434
1710532603259463518,-8.628057479858398,-2.90156626701355,-3.7290453910827637
1710532603276039430,-8.64482307434082,-2.921923875808716,-3.754193067550659
1710532603292934473,-8.646020889282227,-2.90156626701355,-3.7889208793640137
1710532603307868418,-8.620872497558594,-2.876418352127075,-3.7362303733825684
1710532603335228180,-8.63644027709961,-2.8871960639953613,-3.7158727645874023
1710532603343538822,-8.626860618591309,-2.895578622817993,-3.7386255264282227
1710532603388003048,-8.624464988708496,-2.931504011154175,-3.7170703411102295
1710532603409182239,-8.630453109741211,-2.862048387527466,-3.6859350204467773
1710532603446928318,-8.64482307434082,-2.9506640434265137,-3.742218017578125
1710532603465891832,-8.629255294799805,-2.8416907787323,-3.790118455886841
1710532603478142408,-8.6220703125,-2.872825860977173,-3.7494029998779297
1710532603493045246,-8.619675636291504,-2.9099488258361816,-3.6883301734924316
1710532603509998761,-8.626860618591309,-2.893183708190918,-3.7062926292419434
1710532603525126213,-8.632847785949707,-2.902763605117798,-3.7182679176330566
1710532603533440151,-8.635242462158203,-2.8572583198547363,-3.752995491027832
1710532603592421129,-8.638835906982422,-2.8907885551452637,-3.681144952774048
1710532603615276541,-8.600515365600586,-2.9063560962677,-3.7589831352233887
1710532603636587927,-8.66757583618164,-2.9207262992858887,-3.732637882232666
1710532603674436014,-8.628057479858398,-2.8907885551452637,-3.7386255264282227
1710532603697328081,-8.63644027709961,-2.9470715522766113,-3.7170703411102295
1710532603756412285,-8.6316499710083,-2.915936231613159,-3.7182679176330566
1710532603767142308,-8.626860618591309,-2.8788135051727295,-3.732637882232666
1710532603794193402,-8.626860618591309,-2.871628522872925,-3.7482056617736816
1710532603815228724,-8.642428398132324,-2.8895909786224365,-3.7254528999328613
1710532603854940394,-8.630453109741211,-2.8812084197998047,-3.6895275115966797
1710532603861240244,-8.630453109741211,-2.8812084197998047,-3.6895275115966797
1710532603878128412,-8.628057479858398,-2.903961181640625,-3.7853283882141113
1710532603890588598,-8.653205871582031,-2.884800910949707,-3.743415594100952
1710532603913791373,-8.626860618591309,-2.793790340423584,-3.7050952911376953
1710532603929247130,-8.635242462158203,-2.9075536727905273,-3.681144952774048
1710532603930645320,-8.637638092041016,-2.9566516876220703,-3.7446129322052
1710532603995790679,-8.624464988708496,-2.9877867698669434,-3.7122802734375
1710532604002223686,-8.641230583190918,-2.8907885551452637,-3.7374279499053955
1710532604019070622,-8.660390853881836,-2.945873975753784,-3.8164637088775635
1710532604027359457,-8.630453109741211,-2.871628522872925,-3.733835458755493
1710532604079585603,-8.656798362731934,-2.984194278717041,-3.7996985912323
1710532604136786963,-8.652008056640625,-2.883603572845459,-3.7553906440734863
1710532604176842883,-8.650810241699219,-2.884800910949707,-3.664379835128784
1710532604214474819,-8.64482307434082,-2.8812084197998047,-3.7757482528686523
1710532604237640468,-8.616083145141602,-2.9267139434814453,-3.683540105819702
1710532604260681523,-8.661587715148926,-2.895578622817993,-3.7877233028411865
1710532604262818527,-8.628057479858398,-2.9099488258361816,-3.774550676345825
1710532604273784445,-8.64482307434082,-2.8788135051727295,-3.761378288269043
1710532604296365214,-8.649613380432129,-2.9291088581085205,-3.7589831352233887
1710532604319687782,-8.655600547790527,-2.9279112815856934,-3.733835458755493
1710532604334467678,-8.629255294799805,-2.8392956256866455,-3.703897714614868
1710532604357552868,-8.642428398132324,-2.8967761993408203,-3.7170703411102295
1710532604378566238,-8.660390853881836,-2.8812084197998047,-3.7865259647369385
1710532604422794070,-8.652008056640625,-2.893183708190918,-3.713477849960327
1710532604447842770,-8.656798362731934,-2.8812084197998047,-3.7254528999328613
1710532604485437563,-8.623268127441406,-2.8201355934143066,-3.703897714614868
1710532604491968827,-8.634045600891113,-2.891986131668091,-3.7050952911376953
1710532604505249169,-8.626860618591309,-2.945873975753784,-3.7961058616638184
1710532604519423472,-8.625662803649902,-2.854863166809082,-3.651207208633423
1710532604536226730,-8.63644027709961,-2.891986131668091,-3.6979100704193115
1710532604603789850,-8.646020889282227,-2.9279112815856934,-3.7565882205963135
1710532604624638945,-8.64482307434082,-2.9698243141174316,-3.6883301734924316
1710532604641399934,-8.628057479858398,-2.895578622817993,-3.7769458293914795
1710532604656274878,-8.650810241699219,-2.803370475769043,-3.743415594100952
1710532604677738170,-8.661587715148926,-2.9374914169311523,-3.742218017578125
1710532604708657529,-8.630453109741211,-2.8991711139678955,-3.80448842048645
1710532604717165863,-8.635242462158203,-2.8740234375,-3.714675188064575
1710532604727604499,-8.630453109741211,-2.936293840408325,-3.6799476146698
1710532604755146861,-8.6316499710083,-2.8883936405181885,-3.7470080852508545
1710532604788781153,-8.677155494689941,-2.8895909786224365,-3.7350330352783203
1710532604814107899,-8.623268127441406,-3.113525390625,-3.7362303733825684
1710532604828843097,-8.660390853881836,-2.8572583198547363,-3.5865416526794434
1710532604902347787,-8.618477821350098,-2.9003686904907227,-3.752995491027832
1710532604927780709,-8.635242462158203,-2.833308219909668,-3.802093505859375
1710532604940464008,-8.649613380432129,-2.902763605117798,-3.7996985912323
1710532604979928715,-8.660390853881836,-2.973416805267334,-3.784130811691284
1710532605030223076,-8.625662803649902,-3.023712158203125,-3.6967127323150635
1710532605045162569,-8.643625259399414,-2.895578622817993,-3.750600576400757
1710532605053529251,-8.648415565490723,-2.9674291610717773,-3.7062926292419434
1710532605066190396,-8.638835906982422,-2.9602441787719727,-3.7996985912323
1710532605078945737,-8.64482307434082,-2.9087512493133545,-3.731440544128418
1710532605082677490,-8.64482307434082,-2.9087512493133545,-3.731440544128418
1710532605103764284,-8.63644027709961,-2.852468252182007,-3.784130811691284
1710532605135407380,-8.623268127441406,-2.9087512493133545,-3.6152820587158203
1710532605150026546,-8.6220703125,-3.0967602729797363,-3.6679723262786865
1710532605154420572,-8.666378021240234,-2.6692492961883545,-3.7278478145599365
1710532605164776333,-8.656798362731934,-2.9506640434265137,-3.720662832260132
1710532605219469019,-8.689130783081055,-2.835703134536743,-3.7290453910827637
1710532605227899182,-8.638835906982422,-2.862048387527466,-3.7158727645874023
1710532605263357123,-8.6316499710083,-2.8201355934143066,-3.770958185195923
1710532605280289565,-8.611292839050293,-2.854863166809082,-3.741020441055298
1710532605299398229,-8.67236614227295,-2.924318790435791,-3.7158727645874023
1710532605316288012,-8.66757583618164,-2.9291088581085205,-3.691922664642334
1710532605339872818,-8.614885330200195,-2.9207262992858887,-3.664379835128784
1710532605353976686,-8.635242462158203,-2.863245964050293,-3.7278478145599365
1710532605360299512,-8.635242462158203,-2.9410839080810547,-3.7661681175231934
1710532605385357342,-8.653205871582031,-2.883603572845459,-3.7254528999328613
1710532605414729807,-8.646020889282227,-2.9291088581085205,-3.7170703411102295
1710532605488008773,-8.638835906982422,-2.8608508110046387,-3.7254528999328613
1710532605548980983,-8.638835906982422,-2.9494664669036865,-3.7062926292419434
1710532605578427303,-8.654402732849121,-2.975811719894409,-3.7158727645874023
1710532605593225956,-8.66757583618164,-2.903961181640625,-3.760180711746216
1710532605616341475,-8.661587715148926,-2.9686267375946045,-3.720662832260132
1710532605677047386,-8.653205871582031,-2.9291088581085205,-3.7086877822875977
1710532605706652729,-8.657995223999023,-2.9291088581085205,-3.6679723262786865
1710532605736116074,-8.661587715148926,-2.862048387527466,-3.762575626373291
1710532605744520627,-8.649613380432129,-2.8285181522369385,-3.6979100704193115
1710532605767472338,-8.635242462158203,-2.895578622817993,-3.7793407440185547
1710532605811552241,-8.63644027709961,-2.9111461639404297,-3.691922664642334
1710532605841123889,-8.64482307434082,-2.8907885551452637,-3.8056859970092773
1710532605875469069,-8.635242462158203,-2.912343740463257,-3.6895275115966797
1710532605876362764,-8.628057479858398,-2.9267139434814453,-3.660787343978882
1710532605887108436,-8.628057479858398,-2.864443302154541,-3.7194652557373047
1710532605916656163,-8.638835906982422,-2.893183708190918,-3.7458105087280273
1710532605937761574,-8.640032768249512,-2.893183708190918,-3.7685632705688477
1710532605954460858,-8.635242462158203,-2.9482691287994385,-3.7074902057647705
1710532605992385959,-8.638835906982422,-2.8907885551452637,-3.694317579269409
1710532606019606153,-8.657995223999023,-2.9003686904907227,-3.791316032409668
1710532606044745875,-8.642428398132324,-2.932701349258423,-3.711082696914673
1710532606050931354,-8.643625259399414,-2.854863166809082,-3.6859350204467773
1710532606074688688,-8.613687515258789,-2.9374914169311523,-3.7446129322052
1710532606084499768,-8.630453109741211,-2.8309130668640137,-3.7470080852508545
1710532606109979278,-8.661587715148926,-2.834505558013916,-3.6979100704193115
1710532606124662266,-8.634045600891113,-2.965034246444702,-3.650009870529175
1710532606150173057,-8.652008056640625,-2.925516366958618,-3.7266504764556885
1710532606173179939,-8.626860618591309,-2.885998487472534,-3.6871325969696045
1710532606187932290,-8.661587715148926,-2.8069629669189453,-3.694317579269409
1710532606240381051,-8.650810241699219,-2.882405996322632,-3.6979100704193115
1710532606267491877,-8.661587715148926,-2.8416907787323,-3.713477849960327
1710532606277961533,-8.634045600891113,-2.915936231613159,-3.7170703411102295
1710532606284097601,-8.640032768249512,-2.8369007110595703,-3.714675188064575
1710532606311687418,-8.630453109741211,-2.903961181640625,-3.760180711746216
1710532606360337475,-8.653205871582031,-2.9183313846588135,-3.703897714614868
1710532606381444468,-8.640032768249512,-2.7985804080963135,-3.790118455886841
1710532606398155017,-8.630453109741211,-2.924318790435791,-3.732637882232666
1710532606423411948,-8.640032768249512,-2.8871960639953613,-3.6775524616241455
1710532606440306855,-8.647217750549316,-2.8572583198547363,-3.7769458293914795
1710532606448500094,-8.647217750549316,-2.8572583198547363,-3.7362303733825684
1710532606461132411,-8.641230583190918,-2.853665828704834,-3.7553906440734863
1710532606486343141,-8.647217750549316,-2.895578622817993,-3.6979100704193115
1710532606500848695,-8.654402732849121,-2.8572583198547363,-3.7386255264282227
1710532606519837454,-8.624464988708496,-2.891986131668091,-3.711082696914673
1710532606585154730,-8.634045600891113,-2.90156626701355,-3.723057746887207
1710532606599841856,-8.634045600891113,-2.844085693359375,-3.7482056617736816
1710532606612361433,-8.619675636291504,-2.8476781845092773,-3.763773202896118
1710532606635514346,-8.630453109741211,-2.8895909786224365,-3.7182679176330566
1710532606702598605,-8.654402732849121,-2.883603572845459,-3.7290453910827637
1710532606713200959,-8.629255294799805,-2.9075536727905273,-3.68473744392395
1710532606731992693,-8.637638092041016,-2.8488757610321045,-3.683540105819702
1710532606748882942,-8.624464988708496,-2.8740234375,-3.760180711746216
1710532606763728777,-8.638835906982422,-2.9087512493133545,-3.7350330352783203
1710532606778344782,-8.656798362731934,-2.8680357933044434,-3.690725088119507
1710532606801587184,-8.638835906982422,-2.9410839080810547,-3.7290453910827637
1710532606825179297,-8.638835906982422,-2.8776159286499023,-3.7589831352233887
1710532606853928404,-8.647217750549316,-2.885998487472534,-3.683540105819702
1710532606923317246,-8.641230583190918,-2.8273205757141113,-3.763773202896118
1710532606946396193,-8.653205871582031,-2.8812084197998047,-3.7446129322052
1710532606971673022,-8.652008056640625,-2.9075536727905273,-3.713477849960327
1710532606990445856,-8.635242462158203,-2.895578622817993,-3.731440544128418
1710532607019984869,-8.643625259399414,-2.8871960639953613,-3.7290453910827637
1710532607070377142,-8.654402732849121,-2.905158758163452,-3.7182679176330566
1710532607079606924,-8.637638092041016,-2.8871960639953613,-3.693120002746582
1710532607087067521,-8.642428398132324,-2.923121452331543,-3.751798152923584
1710532607101919356,-8.64482307434082,-2.863245964050293,-3.769760847091675
1710532607183827312,-8.637638092041016,-2.931504011154175,-3.691922664642334
1710532607198657124,-8.635242462158203,-3.0165271759033203,-3.682342529296875
1710532607207119903,-8.635242462158203,-3.0165271759033203,-3.682342529296875
1710532607240606391,-8.666378021240234,-2.815345525741577,-3.709885358810425
1710532607246793515,-8.652008056640625,-2.9267139434814453,-3.723057746887207
1710532607265587706,-8.630453109741211,-2.856060743331909,-3.724255323410034
1710532607297141453,-8.608898162841797,-2.8608508110046387,-3.6787500381469727
1710532607309923414,-8.665180206298828,-2.8608508110046387,-3.6787500381469727
1710532607318380815,-8.653205871582031,-2.925516366958618,-3.654799699783325
1710532607326816755,-8.642428398132324,-2.862048387527466,-3.703897714614868
1710532607349746892,-8.623268127441406,-2.8692333698272705,-3.714675188064575
1710532607364428537,-8.656798362731934,-2.844085693359375,-3.694317579269409
1710532607402319452,-8.660390853881836,-2.951861619949341,-3.773353338241577
1710532607410732933,-8.647217750549316,-2.865640878677368,-3.742218017578125
1710532607440059192,-8.635242462158203,-2.8883936405181885,-3.7122802734375
1710532607473816707,-8.660390853881836,-2.895578622817993,-3.7589831352233887
1710532607505911915,-8.648415565490723,-2.872825860977173,-3.7074902057647705
1710532607513564439,-8.63644027709961,-2.936293840408325,-3.693120002746582
1710532607521930000,-8.641230583190918,-2.8979735374450684,-3.703897714614868
1710532607539383138,-8.637638092041016,-2.883603572845459,-3.7685632705688477
1710532607549264924,-8.649613380432129,-2.884800910949707,-3.733835458755493
1710532607559828866,-8.634045600891113,-2.923121452331543,-3.713477849960327
1710532607709131545,-8.65919303894043,-2.9279112815856934,-3.730242967605591
1710532607732264797,-8.634045600891113,-2.8680357933044434,-3.713477849960327
1710532607767859444,-8.635242462158203,-2.876418352127075,-3.720662832260132
1710532607799362447,-8.657995223999023,-2.854863166809082,-3.7757482528686523
1710532607843522203,-8.652008056640625,-2.883603572845459,-3.7254528999328613
1710532607851965060,-8.634045600891113,-2.8512706756591797,-3.761378288269043
1710532607860340245,-8.629255294799805,-2.8680357933044434,-3.6559972763061523
1710532607878998734,-8.623268127441406,-2.8871960639953613,-3.7122802734375
1710532607896173872,-8.63644027709961,-2.9075536727905273,-3.754193067550659
1710532607925261113,-8.63644027709961,-2.893183708190918,-3.664379835128784
1710532607927451600,-8.638835906982422,-2.893183708190918,-3.664379835128784
1710532607954833243,-8.674760818481445,-2.856060743331909,-3.7470080852508545
1710532608001293983,-8.626860618591309,-2.973416805267334,-3.7362303733825684
1710532608017948937,-8.629255294799805,-2.792592763900757,-3.7673656940460205
1710532608036898041,-8.64482307434082,-2.9386889934539795,-3.711082696914673
1710532608055847923,-8.669970512390137,-2.8692333698272705,-3.670367479324341
1710532608070534734,-8.620872497558594,-2.9207262992858887,-3.720662832260132
1710532608085311600,-8.65919303894043,-2.921923875808716,-3.671565055847168
1710532608099798904,-8.630453109741211,-2.8608508110046387,-3.73982310295105
1710532608152622696,-8.643625259399414,-2.883603572845459,-3.6955151557922363
1710532608182018293,-8.606502532958984,-2.875221014022827,-3.7158727645874023
1710532608203242548,-8.663983345031738,-2.8883936405181885,-3.784130811691284
1710532608217642557,-8.637638092041016,-2.842888116836548,-3.733835458755493
1710532608219750425,-8.65919303894043,-2.921923875808716,-3.7553906440734863
1710532608228432232,-8.653205871582031,-2.9386889934539795,-3.7254528999328613
1710532608242964615,-8.650810241699219,-2.823728084564209,-3.761378288269043
1710532608275219455,-8.640032768249512,-2.9195287227630615,-3.7961058616638184
1710532608301325934,-8.650810241699219,-2.9398865699768066,-3.7194652557373047
1710532608339428368,-8.654402732849121,-2.852468252182007,-3.7386255264282227
1710532608360704483,-8.634045600891113,-2.955454111099243,-3.694317579269409
1710532608383641499,-8.630453109741211,-2.914738655090332,-3.7182679176330566
1710532608411059450,-8.653205871582031,-2.8704309463500977,-3.681144952774048
1710532608419453233,-8.656798362731934,-2.9099488258361816,-3.733835458755493
1710532608438166883,-8.605304718017578,-2.842888116836548,-3.6667749881744385
1710532608456955741,-8.675958633422852,-2.883603572845459,-3.702700138092041
1710532608474290591,-8.630453109741211,-2.8692333698272705,-3.6667749881744385
1710532608500975818,-8.668773651123047,-3.052452325820923,-3.731440544128418
1710532608515578038,-8.665180206298828,-2.953059196472168,-3.7062926292419434
1710532608534699033,-8.6220703125,-2.816542863845825,-3.7553906440734863
1710532608549279897,-8.635242462158203,-2.963836669921875,-3.7170703411102295
1710532608577044815,-8.64482307434082,-2.796185255050659,-3.7386255264282227
1710532608595329104,-8.630453109741211,-2.9267139434814453,-3.650009870529175
1710532608620849099,-8.620872497558594,-2.9806017875671387,-3.733835458755493
1710532608647936859,-8.641230583190918,-2.853665828704834,-3.743415594100952
1710532608666862627,-8.66757583618164,-2.845283269882202,-3.7374279499053955
1710532608692200601,-8.66757583618164,-2.822530508041382,-3.682342529296875
1710532608713301219,-8.638835906982422,-2.9602441787719727,-3.6763548851013184
1710532608734011195,-8.655600547790527,-2.965034246444702,-3.7494029998779297
1710532608773903104,-8.625662803649902,-2.9494664669036865,-3.720662832260132
1710532608782423404,-8.625662803649902,-2.8991711139678955,-3.7194652557373047
1710532608797210740,-8.665180206298828,-2.893183708190918,-3.800895929336548
1710532608832813765,-8.675958633422852,-2.9985644817352295,-3.6979100704193115
1710532608837053645,-8.610095024108887,-2.9602441787719727,-3.621269464492798
1710532608855955071,-8.695117950439453,-2.8476781845092773,-3.750600576400757
1710532608891667385,-8.65919303894043,-2.885998487472534,-3.590134382247925
1710532608920962415,-8.632847785949707,-2.854863166809082,-3.784130811691284
1710532608929545371,-8.655600547790527,-3.0296998023986816,-3.7757482528686523
1710532608948485559,-8.626860618591309,-2.7997777462005615,-3.604504346847534
1710532608960873550,-8.678353309631348,-2.96623158454895,-3.681144952774048
1710532608992496554,-8.683143615722656,-2.8692333698272705,-3.7553906440734863
1710532609034581643,-8.673563003540039,-2.8201355934143066,-3.6667749881744385
1710532609044970781,-8.626860618591309,-2.8201355934143066,-3.6667749881744385
1710532609051309092,-8.673563003540039,-2.9183313846588135,-3.721860408782959
1710532609068050332,-8.677155494689941,-2.905158758163452,-3.691922664642334
1710532609116306618,-8.637638092041016,-2.984194278717041,-3.7290453910827637
1710532609145668152,-8.650810241699219,-2.912343740463257,-3.7074902057647705
1710532609192085648,-8.665180206298828,-2.912343740463257,-3.6895275115966797
1710532609231960839,-8.66757583618164,-2.9111461639404297,-3.6799476146698
1710532609261341553,-8.668773651123047,-2.8500733375549316,-3.65240478515625
1710532609307601875,-8.69152545928955,-2.8512706756591797,-3.6883301734924316
1710532609322524746,-8.628057479858398,-2.9207262992858887,-3.683540105819702
1710532609337285996,-8.643625259399414,-2.931504011154175,-3.6979100704193115
1710532609345636115,-8.654402732849121,-2.871628522872925,-3.784130811691284
1710532609366769299,-8.678353309631348,-2.8800110816955566,-3.7386255264282227
1710532609428127969,-8.647217750549316,-2.885998487472534,-3.693120002746582
1710532609457366668,-8.640032768249512,-2.865640878677368,-3.7589831352233887
1710532609477923380,-8.64482307434082,-2.936293840408325,-3.7062926292419434
1710532609508035898,-8.663983345031738,-2.8907885551452637,-3.682342529296875
1710532609516456156,-8.643625259399414,-2.822530508041382,-3.6152820587158203
1710532609524778545,-8.653205871582031,-2.935096502304077,-3.763773202896118
1710532609535546389,-8.575366973876953,-2.8500733375549316,-3.723057746887207
1710532609562516785,-8.650810241699219,-2.8608508110046387,-3.7158727645874023
1710532609583666781,-8.650810241699219,-2.905158758163452,-3.6967127323150635
1710532609606659561,-8.628057479858398,-2.994971990585327,-3.732637882232666
1710532609627761042,-8.643625259399414,-2.8991711139678955,-3.703897714614868
1710532609635986380,-8.628057479858398,-2.8991711139678955,-3.683540105819702
1710532609650808218,-8.6220703125,-2.885998487472534,-3.731440544128418
1710532609665559409,-8.684340476989746,-2.8369007110595703,-3.8260436058044434
1710532609694988078,-8.623268127441406,-2.895578622817993,-3.570974111557007
1710532609703306859,-8.638835906982422,-2.854863166809082,-3.720662832260132
1710532609785639928,-8.646020889282227,-2.856060743331909,-3.6859350204467773
1710532609825613020,-8.640032768249512,-2.8608508110046387,-3.770958185195923
1710532609854897495,-8.637638092041016,-2.853665828704834,-3.6991076469421387
1710532609869368530,-8.652008056640625,-2.9279112815856934,-3.713477849960327
1710532609907689912,-8.640032768249512,-2.9063560962677,-3.731440544128418
1710532609915733494,-8.683143615722656,-2.8991711139678955,-3.6775524616241455
1710532609928587411,-8.661587715148926,-2.955454111099243,-3.682342529296875
1710532609951757838,-8.686736106872559,-2.9099488258361816,-3.7649707794189453
1710532609981316074,-8.626860618591309,-2.885998487472534,-3.6260595321655273
1710532610027527514,-8.68194580078125,-2.9877867698669434,-3.693120002746582
1710532610041977697,-8.662785530090332,-2.8380980491638184,-3.6979100704193115
1710532610050595134,-8.628057479858398,-2.925516366958618,-3.6571948528289795
1710532610092926866,-8.663983345031738,-2.8883936405181885,-3.641627311706543
1710532610145158006,-8.669970512390137,-2.953059196472168,-3.702700138092041
1710532610155609781,-8.635242462158203,-2.8812084197998047,-3.6859350204467773
1710532610185097677,-8.660390853881836,-2.923121452331543,-3.6476147174835205
1710532610201733752,-8.656798362731934,-2.9279112815856934,-3.7350330352783203
1710532610235425579,-8.6316499710083,-2.9279112815856934,-3.6679723262786865
1710532610258745815,-8.593330383300781,-2.7674450874328613,-3.6751575469970703
1710532610357454645,-8.649613380432129,-2.9374914169311523,-3.694317579269409
1710532610369994391,-8.657995223999023,-2.844085693359375,-3.713477849960327
1710532610405758043,-8.661587715148926,-2.8704309463500977,-3.760180711746216
1710532610424804288,-8.63644027709961,-2.8740234375,-3.5973193645477295
1710532610439395549,-8.634045600891113,-2.9063560962677,-3.6356396675109863
1710532610472558888,-8.617280006408691,-2.9686267375946045,-3.574566602706909
1710532610477085441,-8.647217750549316,-2.812950372695923,-3.6799476146698
1710532610519032791,-8.58494758605957,-2.8991711139678955,-3.761378288269043
1710532610544315566,-8.680747985839844,-2.8404932022094727,-3.7494029998779297
1710532610573860148,-8.675958633422852,-3.074007511138916,-3.713477849960327
1710532610655868082,-8.628057479858398,-2.702779531478882,-3.790118455886841
1710532610675983743,-8.669970512390137,-2.931504011154175,-3.852388858795166
1710532610685031849,-8.6220703125,-2.693199396133423,-3.954177141189575
1710532610693367219,-8.703500747680664,-2.7973828315734863,-3.8571789264678955
1710532610697849929,-8.666378021240234,-2.8895909786224365,-3.8643639087677
1710532610710593383,-8.679551124572754,-2.585423469543457,-3.7266504764556885
1710532610725151807,-8.810079574584961,-2.8297154903411865,-3.952979803085327
1710532610746198946,-8.788524627685547,-2.9494664669036865,-3.9469921588897705
1710532610781709913,-8.30832290649414,-2.803370475769043,-3.754193067550659
1710532610834470155,-8.629255294799805,-2.8979735374450684,-3.5601966381073
1710532610868058589,-8.522677421569824,-3.3290772438049316,-3.2703990936279297
1710532610895219176,-8.744215965270996,-3.0704150199890137,-3.0069470405578613
1710532610910010758,-8.431666374206543,-3.594924211502075,-3.422482967376709
1710532610931150985,-8.740623474121094,-2.6417064666748047,-3.8164637088775635
1710532610964671314,-8.620872497558594,-2.197430372238159,-3.900289297103882
1710532611000337813,-8.840017318725586,-2.923121452331543,-3.8679566383361816
1710532611008717896,-8.491541862487793,-2.6872119903564453,-4.187691688537598
1710532611014924635,-8.657995223999023,-2.442919969558716,-2.9674291610717773
1710532611029765053,-8.503517150878906,-2.865640878677368,-3.879931688308716
1710532611052912230,-8.598119735717773,-2.6512866020202637,-3.6296520233154297
1710532611077732291,-8.57177448272705,-2.72672963142395,-3.612886905670166
1710532611105454003,-8.705896377563477,-3.344644784927368,-3.672762393951416
1710532611151924412,-8.611292839050293,-2.7973828315734863,-3.7290453910827637
1710532611174979851,-8.529862403869629,-2.6716442108154297,-3.743415594100952
1710532611189588653,-8.565787315368652,-3.083587646484375,-3.9194495677948
1710532611195943033,-8.674760818481445,-2.7303223609924316,-3.7769458293914795
1710532611257024153,-8.616083145141602,-2.595003604888916,-3.7589831352233887
1710532611324414039,-8.529862403869629,-2.8991711139678955,-3.8284387588500977
1710532611368741737,-8.67236614227295,-2.744692325592041,-3.714675188064575
1710532611391750659,-8.652008056640625,-3.1398706436157227,-3.7482056617736816
1710532611459005497,-8.617280006408691,-2.775827646255493,-3.8464014530181885
1710532611461175521,-8.620872497558594,-2.9698243141174316,-4.0068678855896
1710532611473513328,-8.629255294799805,-2.9794042110443115,-3.7649707794189453
1710532611488540000,-8.598119735717773,-2.9195287227630615,-3.821253776550293
1710532611505289433,-8.619675636291504,-2.713557243347168,-3.762575626373291
1710532611519771783,-8.601712226867676,-3.1278955936431885,-3.7589831352233887
1710532611547334580,-8.614885330200195,-3.003354549407959,-3.882326602935791
1710532611572517770,-8.582552909851074,-3.0165271759033203,-3.701502799987793
1710532611595726459,-8.601712226867676,-2.9207262992858887,-3.8068835735321045
1710532611608378339,-8.59931755065918,-2.8476781845092773,-3.7194652557373047
1710532611624970817,-8.606502532958984,-2.865640878677368,-3.7877233028411865
1710532611639481913,-8.63644027709961,-2.8692333698272705,-3.8188586235046387
1710532611677159492,-8.624464988708496,-2.9291088581085205,-3.7769458293914795
1710532611700465354,-8.596922874450684,-2.8680357933044434,-3.7889208793640137
1710532611729939062,-8.608898162841797,-2.8297154903411865,-3.7362303733825684
1710532611782416751,-8.58494758605957,-2.872825860977173,-3.85957407951355
1710532611826700651,-8.637638092041016,-2.9171338081359863,-3.780538320541382
1710532611902077478,-8.656798362731934,-2.9003686904907227,-3.851191520690918
1710532611925076498,-8.628057479858398,-2.8416907787323,-3.793710947036743
1710532611939852984,-8.616083145141602,-2.8488757610321045,-3.7553906440734863
1710532611973386943,-8.617280006408691,-2.90156626701355,-3.7386255264282227
1710532611992950094,-8.620872497558594,-2.865640878677368,-3.8080811500549316
1710532612000798535,-8.610095024108887,-2.811753034591675,-3.784130811691284
1710532612030486506,-8.613687515258789,-2.994971990585327,-3.8080811500549316
1710532612053146383,-8.637638092041016,-2.925516366958618,-3.829636335372925
1710532612059292644,-8.598119735717773,-2.816542863845825,-3.7996985912323
1710532612088454471,-8.623268127441406,-2.9279112815856934,-3.762575626373291
1710532612097111689,-8.590934753417969,-2.951861619949341,-3.790118455886841
1710532612111633950,-8.601712226867676,-2.8297154903411865,-3.83203125
1710532612135214293,-8.596922874450684,-2.872825860977173,-3.840413808822632
1710532612153896318,-8.63644027709961,-2.905158758163452,-3.7565882205963135
1710532612172900831,-8.613687515258789,-2.8608508110046387,-3.802093505859375
1710532612183331190,-8.626860618591309,-2.885998487472534,-3.7565882205963135
1710532612210586308,-8.624464988708496,-2.885998487472534,-3.7877233028411865
1710532612231431784,-8.624464988708496,-2.822530508041382,-3.8152661323547363
1710532612254389268,-8.6220703125,-2.8500733375549316,-3.760180711746216
1710532612262925896,-8.608898162841797,-2.8907885551452637,-3.751798152923584
1710532612287945366,-8.635242462158203,-2.9207262992858887,-3.8356237411499023
1710532612307253641,-8.616083145141602,-2.8416907787323,-3.782933235168457
1710532612390917942,-8.6220703125,-2.854863166809082,-3.769760847091675
1710532612424687067,-8.626860618591309,-2.9183313846588135,-3.822451114654541
1710532612495984615,-8.6220703125,-2.925516366958618,-3.763773202896118
1710532612521303733,-8.647217750549316,-2.925516366958618,-3.8452038764953613
1710532612546515925,-8.629255294799805,-2.8776159286499023,-3.7649707794189453
1710532612567327917,-8.614885330200195,-2.915936231613159,-3.7781434059143066
1710532612613750007,-8.634045600891113,-2.9099488258361816,-3.7769458293914795
1710532612708210477,-8.619675636291504,-2.884800910949707,-3.7685632705688477
1710532612727094195,-8.616083145141602,-2.9291088581085205,-3.791316032409668
1710532612802661865,-8.620872497558594,-2.884800910949707,-3.8176610469818115
1710532612832076062,-8.611292839050293,-2.891986131668091,-3.834426164627075
1710532612877649567,-8.623268127441406,-2.8800110816955566,-3.8056859970092773
1710532612884574192,-8.617280006408691,-2.9111461639404297,-3.820056200027466
1710532612928505546,-8.626860618591309,-2.864443302154541,-3.8248462677001953
1710532612937166153,-8.618477821350098,-2.8991711139678955,-3.7985010147094727
1710532612945505223,-8.611292839050293,-2.8907885551452637,-3.800895929336548
