bag_timestamp_ns,accel1_x,accel1_y,accel1_z
1710529087973113967,-9.406438827514648,1.6884887218475342,0.4586462378501892
1710529087977380618,-9.42320442199707,1.750759243965149,0.5065466165542603
1710529088002861913,-9.424402236938477,1.7196240425109863,0.4778063893318176
1710529088019742651,-9.41482162475586,1.6896862983703613,0.4885839819908142
1710529088047167131,-9.42320442199707,1.7040563821792603,0.5029541254043579
1710529088057584924,-9.41003131866455,1.7076488733291626,0.49576905369758606
1710529088087161905,-9.407636642456055,1.700463891029358,0.46223875880241394
1710529088092485009,-9.41003131866455,1.7172290086746216,0.4778063893318176
1710529088109870130,-9.404044151306152,1.745969295501709,0.46583130955696106
1710529088116487819,-9.412426948547363,1.700463891029358,0.46702879667282104
1710529088130994732,-9.41482162475586,1.6956738233566284,0.4849914610385895
1710529088143581341,-9.418414115905762,1.716031551361084,0.47062134742736816
1710529088170895035,-9.406438827514648,1.722019076347351,0.45744872093200684
1710529088189949287,-9.41003131866455,1.716031551361084,0.4945715367794037
1710529088273752798,-9.412426948547363,1.6932787895202637,0.47181883454322815
1710529088296648527,-9.41482162475586,1.726809024810791,0.44667112827301025
1710529088305152325,-9.411229133605957,1.7100439071655273,0.49097901582717896
1710529088319637280,-9.416019439697266,1.6944763660430908,0.4586462378501892
1710529088349311118,-9.392068862915039,1.7112414836883545,0.5029541254043579
1710529088364032998,-9.416019439697266,1.7327966690063477,0.4478686451911926
1710529088370273514,-9.413623809814453,1.726809024810791,0.42631348967552185
1710529088374545293,-9.413623809814453,1.726809024810791,0.42631348967552185
1710529088398561120,-9.432784080505371,1.6980688571929932,0.46223875880241394
1710529088425239286,-9.413623809814453,1.696871280670166,0.4897814989089966
1710529088431669729,-9.411229133605957,1.6729211807250977,0.4682263135910034
1710529088442022883,-9.406438827514648,1.7675243616104126,0.5017566084861755
1710529088477661835,-9.413623809814453,1.6896862983703613,0.4694238305091858
1710529088513428952,-9.42320442199707,1.7136365175247192,0.47181883454322815
1710529088551256792,-9.412426948547363,1.720821499824524,0.49576905369758606
1710529088580893311,-9.417217254638672,1.7280066013336182,0.4478686451911926
1710529088606067599,-9.438772201538086,1.6741186380386353,0.5149291753768921
1710529088631409633,-9.419611930847168,1.6777111291885376,0.4885839819908142
1710529088650384741,-9.418414115905762,1.7028589248657227,0.49576905369758606
1710529088656630685,-9.404044151306152,1.722019076347351,0.4550537168979645
1710529088692400412,-9.417217254638672,1.6777111291885376,0.4897814989089966
1710529088704932230,-9.402846336364746,1.686093807220459,0.4694238305091858
1710529088755686941,-9.404044151306152,1.7088464498519897,0.47900390625
1710529088776516624,-9.422006607055664,1.6980688571929932,0.4634362757205963
1710529088795315714,-9.422006607055664,1.6980688571929932,0.4634362757205963
1710529088801647722,-9.429191589355469,1.712438941001892,0.45744872093200684
1710529088824862076,-9.401649475097656,1.6980688571929932,0.47660887241363525
1710529088846114142,-9.426796913146973,1.7172290086746216,0.4598437547683716
1710529088879499376,-9.413623809814453,1.7292040586471558,0.4849914610385895
1710529088898466561,-9.399253845214844,1.7315990924835205,0.4802014231681824
1710529088934157064,-9.422006607055664,1.6956738233566284,0.4682263135910034
1710529088965778460,-9.417217254638672,1.722019076347351,0.48259642720222473
1710529088972095339,-9.422006607055664,1.696871280670166,0.48738646507263184
1710529088988830565,-9.425599098205566,1.712438941001892,0.4586462378501892
1710529089026817995,-9.401649475097656,1.6789087057113647,0.5065466165542603
1710529089054094658,-9.438772201538086,1.6992663145065308,0.4694238305091858
1710529089060321615,-9.418414115905762,1.7076488733291626,0.47660887241363525
1710529089068747899,-9.405241966247559,1.7256115674972534,0.5053490996360779
1710529089091297679,-9.416019439697266,1.6801061630249023,0.4837939441204071
1710529089104219698,-9.417217254638672,1.7232165336608887,0.46104127168655396
1710529089110407466,-9.429191589355469,1.7148339748382568,0.4933740198612213
1710529089159172508,-9.427994728088379,1.6848962306976318,0.4634362757205963
1710529089161265094,-9.427994728088379,1.6848962306976318,0.4634362757205963
1710529089203343816,-9.435179710388184,1.6932787895202637,0.48139894008636475
1710529089234629116,-9.408834457397461,1.7196240425109863,0.4778063893318176
1710529089249487493,-9.406438827514648,1.6884887218475342,0.47900390625
1710529089270452363,-9.417217254638672,1.7471667528152466,0.4837939441204071
1710529089290758982,-9.408834457397461,1.7052539587020874,0.47900390625
1710529089306060430,-9.419611930847168,1.7016613483428955,0.49576905369758606
1710529089331421667,-9.41003131866455,1.7136365175247192,0.46702879667282104
1710529089339888457,-9.426796913146973,1.7280066013336182,0.48618897795677185
1710529089358958385,-9.417217254638672,1.682501196861267,0.48618897795677185
1710529089360887175,-9.412426948547363,1.7196240425109863,0.4682263135910034
1710529089386132111,-9.426796913146973,1.7351917028427124,0.4778063893318176
1710529089421996314,-9.422006607055664,1.7280066013336182,0.4885839819908142
1710529089459729771,-9.41482162475586,1.690883755683899,0.4993615746498108
1710529089482638789,-9.418414115905762,1.7028589248657227,0.4802014231681824
1710529089507884401,-9.413623809814453,1.6872912645339966,0.47900390625
1710529089537210908,-9.432784080505371,1.716031551361084,0.4849914610385895
1710529089543524703,-9.417217254638672,1.706451416015625,0.4778063893318176
1710529089566594952,-9.417217254638672,1.7028589248657227,0.47660887241363525
1710529089575073988,-9.42320442199707,1.745969295501709,0.49217650294303894
1710529089589691712,-9.413623809814453,1.6681311130523682,0.4730163514614105
1710529089633735159,-9.418414115905762,1.7040563821792603,0.4993615746498108
1710529089638058560,-9.404044151306152,1.7052539587020874,0.48738646507263184
1710529089659072250,-9.431587219238281,1.730401635169983,0.47541138529777527
1710529089675730525,-9.420809745788574,1.756746768951416,0.47900390625
1710529089692693263,-9.401649475097656,1.720821499824524,0.5065466165542603
1710529089732261284,-9.411229133605957,1.7016613483428955,0.5053490996360779
1710529089738392557,-9.422006607055664,1.7040563821792603,0.4778063893318176
1710529089759542988,-9.407636642456055,1.7112414836883545,0.48618897795677185
1710529089791255357,-9.408834457397461,1.7148339748382568,0.47900390625
1710529089839763876,-9.418414115905762,1.7411792278289795,0.49696654081344604
1710529089850228719,-9.426796913146973,1.692081332206726,0.45625123381614685
1710529089864846945,-9.422006607055664,1.6980688571929932,0.48618897795677185
1710529089881647619,-9.41482162475586,1.6992663145065308,0.4837939441204071
1710529089911007229,-9.408834457397461,1.7112414836883545,0.4586462378501892
1710529089915155006,-9.413623809814453,1.7112414836883545,0.47062134742736816
1710529089938480464,-9.41003131866455,1.7028589248657227,0.4742138683795929
1710529089961509535,-9.419611930847168,1.7184264659881592,0.49217650294303894
1710529089969899465,-9.420809745788574,1.712438941001892,0.48738646507263184
1710529089988852204,-9.422006607055664,1.7315990924835205,0.4885839819908142
1710529090005551764,-9.417217254638672,1.7172290086746216,0.4885839819908142
1710529090020294053,-9.418414115905762,1.7327966690063477,0.47900390625
1710529090035074839,-9.424402236938477,1.7040563821792603,0.49097901582717896
1710529090068512439,-9.425599098205566,1.7399816513061523,0.5005590915679932
1710529090074673783,-9.427994728088379,1.6992663145065308,0.4837939441204071
1710529090104143453,-9.41482162475586,1.716031551361084,0.45625123381614685
1710529090106130667,-9.420809745788574,1.7112414836883545,0.45625123381614685
1710529090112938442,-9.408834457397461,1.720821499824524,0.4945715367794037
1710529090142124386,-9.416019439697266,1.7016613483428955,0.47541138529777527
1710529090163229051,-9.412426948547363,1.7148339748382568,0.48738646507263184
1710529090180131341,-9.416019439697266,1.7088464498519897,0.4837939441204071
1710529090190691042,-9.418414115905762,1.7411792278289795,0.5113366842269897
1710529090194890228,-9.425599098205566,1.7184264659881592,0.4945715367794037
1710529090230570116,-9.406438827514648,1.7387841939926147,0.5101391673088074
1710529090251670739,-9.416019439697266,1.745969295501709,0.47062134742736816
1710529090281152845,-9.412426948547363,1.6573535203933716,0.49576905369758606
1710529090340466657,-9.416019439697266,1.6956738233566284,0.4694238305091858
1710529090365504906,-9.41482162475586,1.6777111291885376,0.4598437547683716
1710529090378002466,-9.399253845214844,1.7088464498519897,0.5041515827178955
1710529090396914526,-9.418414115905762,1.751956820487976,0.5053490996360779
1710529090426372955,-9.42320442199707,1.6884887218475342,0.4849914610385895
1710529090432727517,-9.427994728088379,1.7280066013336182,0.4981640577316284
1710529090462341361,-9.41003131866455,1.7196240425109863,0.4897814989089966
1710529090488755583,-9.407636642456055,1.7028589248657227,0.4778063893318176
1710529090500060313,-9.418414115905762,1.720821499824524,0.48259642720222473
1710529090523122387,-9.426796913146973,1.706451416015625,0.4945715367794037
1710529090533697877,-9.429191589355469,1.73638916015625,0.48738646507263184
1710529090554684688,-9.41482162475586,1.6944763660430908,0.46702879667282104
1710529090590451632,-9.42320442199707,1.6932787895202637,0.4742138683795929
1710529090645211809,-9.426796913146973,1.7172290086746216,0.5029541254043579
1710529090649464149,-9.418414115905762,1.696871280670166,0.48738646507263184
1710529090676715277,-9.41482162475586,1.706451416015625,0.4730163514614105
1710529090697433278,-9.426796913146973,1.7232165336608887,0.4778063893318176
1710529090710338475,-9.406438827514648,1.730401635169983,0.4981640577316284
1710529090765156427,-9.418414115905762,1.720821499824524,0.5005590915679932
1710529090820069157,-9.416019439697266,1.7447717189788818,0.48738646507263184
1710529090826250914,-9.417217254638672,1.6848962306976318,0.47181883454322815
1710529090857873570,-9.418414115905762,1.745969295501709,0.5029541254043579
1710529090893292662,-9.424402236938477,1.7351917028427124,0.5041515827178955
1710529090919124878,-9.42320442199707,1.6980688571929932,0.4933740198612213
1710529090922877319,-9.408834457397461,1.7040563821792603,0.47660887241363525
1710529090937433284,-9.407636642456055,1.7315990924835205,0.5017566084861755
1710529090952449693,-9.419611930847168,1.7172290086746216,0.4837939441204071
1710529090960862660,-9.418414115905762,1.7088464498519897,0.4993615746498108
1710529090973545089,-9.413623809814453,1.6992663145065308,0.5017566084861755
1710529090990377131,-9.426796913146973,1.7292040586471558,0.5053490996360779
1710529091002971520,-9.405241966247559,1.7315990924835205,0.48259642720222473
1710529091004982687,-9.426796913146973,1.7100439071655273,0.4682263135910034
1710529091101533688,-9.430389404296875,1.7136365175247192,0.49576905369758606
1710529091133341215,-9.416019439697266,1.6992663145065308,0.4885839819908142
1710529091158547326,-9.417217254638672,1.7148339748382568,0.49696654081344604
1710529091190116019,-9.402846336364746,1.692081332206726,0.5017566084861755
1710529091211368260,-9.408834457397461,1.7435742616653442,0.4849914610385895
1710529091223860359,-9.416019439697266,1.692081332206726,0.48139894008636475
1710529091398304741,-9.411229133605957,1.7256115674972534,0.4849914610385895
1710529091408851980,-9.412426948547363,1.716031551361084,0.4802014231681824
1710529091427737143,-9.407636642456055,1.7136365175247192,0.49217650294303894
1710529091434288690,-9.405241966247559,1.7339941263198853,0.5029541254043579
1710529091446445094,-9.406438827514648,1.7076488733291626,0.4981640577316284
1710529091465652144,-9.408834457397461,1.7052539587020874,0.48618897795677185
1710529091480300227,-9.418414115905762,1.712438941001892,0.49097901582717896
1710529091507620442,-9.42320442199707,1.6980688571929932,0.4933740198612213
1710529091539108866,-9.417217254638672,1.716031551361084,0.4945715367794037
1710529091581211187,-9.41482162475586,1.7256115674972534,0.5017566084861755
1710529091604380161,-9.438772201538086,1.726809024810791,0.4945715367794037
1710529091642032817,-9.42320442199707,1.7184264659881592,0.4933740198612213
1710529091658835296,-9.408834457397461,1.7196240425109863,0.48618897795677185
1710529091671425944,-9.418414115905762,1.7028589248657227,0.47660887241363525
1710529091690160692,-9.419611930847168,1.726809024810791,0.49097901582717896
1710529091702666373,-9.420809745788574,1.7112414836883545,0.49217650294303894
1710529091726237424,-9.420809745788574,1.7100439071655273,0.49576905369758606
1710529091738773265,-9.405241966247559,1.7292040586471558,0.5041515827178955
1710529091791396173,-9.42320442199707,1.6992663145065308,0.4933740198612213
1710529091806211874,-9.408834457397461,1.726809024810791,0.48738646507263184
1710529091877707058,-9.419611930847168,1.7052539587020874,0.4897814989089966
1710529091881755665,-9.42320442199707,1.7076488733291626,0.4933740198612213
1710529091904922529,-9.427994728088379,1.6896862983703613,0.46702879667282104
1710529091934713017,-9.416019439697266,1.7028589248657227,0.4933740198612213
1710529091983009576,-9.416019439697266,1.692081332206726,0.4933740198612213
1710529092008219753,-9.418414115905762,1.7292040586471558,0.4778063893318176
1710529092045897465,-9.416019439697266,1.716031551361084,0.4933740198612213
1710529092058720582,-9.40045166015625,1.7172290086746216,0.5065466165542603
1710529092071227455,-9.42320442199707,1.7172290086746216,0.4885839819908142
1710529092113056878,-9.407636642456055,1.7028589248657227,0.49696654081344604
1710529092130173160,-9.419611930847168,1.716031551361084,0.49696654081344604
1710529092136361868,-9.41482162475586,1.7196240425109863,0.48738646507263184
1710529092165910230,-9.431587219238281,1.7244141101837158,0.49576905369758606
1710529092186783415,-9.418414115905762,1.7088464498519897,0.4897814989089966
1710529092188930067,-9.417217254638672,1.7100439071655273,0.4730163514614105
1710529092220683890,-9.417217254638672,1.7351917028427124,0.48139894008636475
1710529092277566657,-9.427994728088379,1.6789087057113647,0.5819897651672363
1710529092298598212,-9.41003131866455,1.712438941001892,0.47900390625
1710529092325537503,-9.424402236938477,1.7028589248657227,0.4933740198612213
1710529092327689593,-9.429191589355469,1.7351917028427124,0.5029541254043579
1710529092351122214,-9.424402236938477,1.706451416015625,0.5173242092132568
1710529092367937551,-9.418414115905762,1.712438941001892,0.47062134742736816
1710529092374116472,-9.417217254638672,1.7411792278289795,0.4694238305091858
1710529092392875221,-9.407636642456055,1.7399816513061523,0.49217650294303894
1710529092422363145,-9.413623809814453,1.7783019542694092,0.4694238305091858
1710529092449702549,-9.406438827514648,1.742376685142517,0.4802014231681824
1710529092466461915,-9.411229133605957,1.720821499824524,0.4682263135910034
1710529092481151266,-9.404044151306152,1.692081332206726,0.4849914610385895
1710529092554755040,-9.418414115905762,1.7256115674972534,0.49097901582717896
1710529092567417928,-9.413623809814453,1.722019076347351,0.4634362757205963
1710529092603255542,-9.430389404296875,1.7100439071655273,0.5221142768859863
1710529092624241315,-9.408834457397461,1.6980688571929932,0.4945715367794037
1710529092636730626,-9.425599098205566,1.7040563821792603,0.47900390625
1710529092661868136,-9.407636642456055,1.722019076347351,0.4802014231681824
1710529092676376470,-9.407636642456055,1.722019076347351,0.4802014231681824
1710529092769227594,-9.419611930847168,1.7830920219421387,0.39757323265075684
1710529092811191998,-9.39087200164795,1.6238232851028442,0.7544311285018921
1710529092842733900,-9.406438827514648,1.676513671875,0.46223875880241394
1710529092867975662,-9.408834457397461,1.7555493116378784,0.5472619533538818
1710529092893065567,-9.422006607055664,1.6585509777069092,0.43589356541633606
1710529092909451036,-9.432784080505371,1.6896862983703613,0.4538561999797821
1710529092930979948,-9.432784080505371,1.742376685142517,0.45265868306159973
1710529092954209930,-9.405241966247559,1.6681311130523682,0.4095483422279358
1710529092975118298,-9.41482162475586,1.6489709615707397,0.520916759967804
1710529092991977225,-9.417217254638672,1.7112414836883545,0.5041515827178955
1710529093027581440,-9.442364692687988,1.6214282512664795,0.46702879667282104
1710529093038259998,-9.412426948547363,1.766326904296875,0.5316943526268005
1710529093063742816,-9.406438827514648,1.6633410453796387,0.4981640577316284
1710529093090673143,-9.401649475097656,1.6753162145614624,0.48259642720222473
1710529093126615038,-9.425599098205566,1.690883755683899,0.4849914610385895
1710529093149372109,-9.407636642456055,1.7280066013336182,0.4849914610385895
1710529093204276327,-9.419611930847168,1.720821499824524,0.4945715367794037
1710529093261084493,-9.39087200164795,1.7028589248657227,0.4682263135910034
1710529093272098231,-9.419611930847168,1.7327966690063477,0.4382885694503784
1710529093301170769,-9.426796913146973,1.6872912645339966,0.49576905369758606
1710529093307109609,-9.426796913146973,1.7100439071655273,0.40715330839157104
1710529093328327711,-9.413623809814453,1.7687219381332397,0.43110352754592896
1710529093349366827,-9.417217254638672,1.7172290086746216,0.5843847393989563
1710529093351286833,-9.39087200164795,1.6801061630249023,0.526904284954071
1710529093364019709,-9.42320442199707,1.5914905071258545,0.5125342011451721
1710529093391272112,-9.418414115905762,1.7292040586471558,0.47181883454322815
1710529093404025921,-9.398056983947754,1.6729211807250977,0.5065466165542603
1710529093429219243,-9.412426948547363,1.751956820487976,0.48139894008636475
1710529093450209187,-9.40045166015625,1.6741186380386353,0.4981640577316284
1710529093479279200,-9.418414115905762,1.7315990924835205,0.43110352754592896
1710529093515080986,-9.413623809814453,1.6848962306976318,0.46104127168655396
1710529093533916163,-9.404044151306152,1.750759243965149,0.4586462378501892
1710529093551107953,-9.402846336364746,1.700463891029358,0.4682263135910034
1710529093561628286,-9.40045166015625,1.7196240425109863,0.4502636790275574
1710529093572158942,-9.40045166015625,1.7232165336608887,0.45265868306159973
1710529093586673180,-9.416019439697266,1.706451416015625,0.46104127168655396
1710529093607666181,-9.41003131866455,1.726809024810791,0.4598437547683716
1710529093622177144,-9.417217254638672,1.722019076347351,0.4586462378501892
1710529093666656078,-9.413623809814453,1.7351917028427124,0.4742138683795929
1710529093668807407,-9.416019439697266,1.7028589248657227,0.45744872093200684
1710529093677016857,-9.399253845214844,1.7387841939926147,0.48139894008636475
1710529093704255188,-9.401649475097656,1.7232165336608887,0.46104127168655396
1710529093716931775,-9.418414115905762,1.706451416015625,0.449066162109375
1710529093742252084,-9.407636642456055,1.690883755683899,0.4682263135910034
1710529093746505321,-9.417217254638672,1.7232165336608887,0.47660887241363525
1710529093786429904,-9.418414115905762,1.6944763660430908,0.4382885694503784
1710529093817934913,-9.404044151306152,1.692081332206726,0.4634362757205963
1710529093845171254,-9.412426948547363,1.7339941263198853,0.4550537168979645
1710529093893450026,-9.424402236938477,1.7052539587020874,0.47062134742736816
1710529093911089509,-9.401649475097656,1.706451416015625,0.47541138529777527
1710529093922860983,-9.429191589355469,1.7339941263198853,0.45625123381614685
1710529093956557067,-9.412426948547363,1.7088464498519897,0.4694238305091858
1710529093971193545,-9.396859169006348,1.6932787895202637,0.45625123381614685
1710529093998763785,-9.425599098205566,1.7040563821792603,0.47900390625
1710529094009144199,-9.43757438659668,1.7040563821792603,0.4550537168979645
1710529094025979213,-9.413623809814453,1.6932787895202637,0.47541138529777527
1710529094049161079,-9.413623809814453,1.745969295501709,0.4586462378501892
1710529094065688821,-9.420809745788574,1.7375866174697876,0.47062134742736816
1710529094074149145,-9.41482162475586,1.6896862983703613,0.4730163514614105
1710529094101443585,-9.418414115905762,1.6944763660430908,0.4885839819908142
1710529094156043471,-9.420809745788574,1.7052539587020874,0.47660887241363525
1710529094181104762,-9.413623809814453,1.7292040586471558,0.4849914610385895
1710529094200094346,-9.429191589355469,1.6944763660430908,0.4682263135910034
1710529094216767099,-9.408834457397461,1.7196240425109863,0.4778063893318176
1710529094225406674,-9.41482162475586,1.7136365175247192,0.4742138683795929
1710529094273675904,-9.412426948547363,1.7100439071655273,0.4778063893318176
1710529094288275001,-9.406438827514648,1.6813037395477295,0.4802014231681824
1710529094294641368,-9.422006607055664,1.7028589248657227,0.45265868306159973
1710529094334835931,-9.422006607055664,1.720821499824524,0.5065466165542603
1710529094364850372,-9.420809745788574,1.716031551361084,0.4778063893318176
1710529094375625964,-9.419611930847168,1.7292040586471558,0.49217650294303894
1710529094381050341,-9.40045166015625,1.716031551361084,0.4778063893318176
1710529094433979253,-9.42320442199707,1.7172290086746216,0.4993615746498108
1710529094484543912,-9.417217254638672,1.7280066013336182,0.47541138529777527
1710529094490385505,-9.40045166015625,1.7232165336608887,0.48738646507263184
1710529094502974623,-9.407636642456055,1.7088464498519897,0.4646337926387787
1710529094539420339,-9.411229133605957,1.7196240425109863,0.46583130955696106
1710529094583215366,-9.41482162475586,1.7256115674972534,0.4778063893318176
1710529094621134821,-9.422006607055664,1.716031551361084,0.4885839819908142
1710529094627430579,-9.416019439697266,1.7052539587020874,0.49696654081344604
1710529094654758159,-9.417217254638672,1.7076488733291626,0.47181883454322815
1710529094665179651,-9.41003131866455,1.7052539587020874,0.47181883454322815
1710529094703174005,-9.419611930847168,1.7315990924835205,0.47900390625
1710529094770414676,-9.422006607055664,1.7280066013336182,0.48738646507263184
1710529094812230973,-9.413623809814453,1.7232165336608887,0.49217650294303894
1710529094837612035,-9.42320442199707,1.7028589248657227,0.4646337926387787
1710529094875399417,-9.424402236938477,1.7196240425109863,0.4897814989089966
1710529094896448204,-9.424402236938477,1.7088464498519897,0.47660887241363525
1710529094902862577,-9.426796913146973,1.7148339748382568,0.48139894008636475
1710529094948983340,-9.413623809814453,1.7244141101837158,0.48618897795677185
1710529094978575232,-9.420809745788574,1.726809024810791,0.48139894008636475
1710529095016381047,-9.418414115905762,1.7016613483428955,0.46702879667282104
1710529095024845208,-9.41003131866455,1.7292040586471558,0.4730163514614105
1710529095048212406,-9.413623809814453,1.722019076347351,0.4933740198612213
1710529095100654017,-9.412426948547363,1.7339941263198853,0.48259642720222473
1710529095123705405,-9.420809745788574,1.7052539587020874,0.46104127168655396
1710529095148945920,-9.411229133605957,1.7052539587020874,0.47062134742736816
1710529095203721437,-9.420809745788574,1.7196240425109863,0.47900390625
1710529095277173469,-9.426796913146973,1.7088464498519897,0.48259642720222473
1710529095281496946,-9.405241966247559,1.7292040586471558,0.48618897795677185
1710529095292198724,-9.431587219238281,1.7028589248657227,0.47181883454322815
1710529095310848266,-9.41003131866455,1.7292040586471558,0.4730163514614105
1710529095336249154,-9.413623809814453,1.7232165336608887,0.46583130955696106
1710529095363422594,-9.412426948547363,1.6932787895202637,0.48139894008636475
1710529095367744611,-9.426796913146973,1.6980688571929932,0.4742138683795929
1710529095384494108,-9.411229133605957,1.7040563821792603,0.46702879667282104
1710529095397089577,-9.41003131866455,1.7232165336608887,0.48738646507263184
1710529095415940186,-9.408834457397461,1.7196240425109863,0.5041515827178955
1710529095447443642,-9.412426948547363,1.7196240425109863,0.4682263135910034
1710529095449511884,-9.412426948547363,1.7196240425109863,0.4682263135910034
1710529095460039581,-9.42320442199707,1.720821499824524,0.47660887241363525
1710529095497953802,-9.416019439697266,1.7292040586471558,0.48738646507263184
1710529095518921793,-9.402846336364746,1.7028589248657227,0.4778063893318176
1710529095525145858,-9.419611930847168,1.7040563821792603,0.46702879667282104
1710529095542261966,-9.42320442199707,1.716031551361084,0.4945715367794037
1710529095624075769,-9.398056983947754,1.6980688571929932,0.47062134742736816
1710529095628400497,-9.422006607055664,1.716031551361084,0.47541138529777527
1710529095636663138,-9.41482162475586,1.7256115674972534,0.48139894008636475
1710529095668352055,-9.408834457397461,1.7028589248657227,0.4897814989089966
1710529095779585217,-9.407636642456055,1.712438941001892,0.4778063893318176
1710529095827828302,-9.413623809814453,1.6980688571929932,0.48139894008636475
1710529095844836743,-9.417217254638672,1.7244141101837158,0.48618897795677185
1710529095865725390,-9.41003131866455,1.720821499824524,0.47900390625
1710529095897181871,-9.418414115905762,1.712438941001892,0.49576905369758606
1710529095911761839,-9.41482162475586,1.7196240425109863,0.4730163514614105
1710529095935194859,-9.41003131866455,1.7076488733291626,0.5005590915679932
1710529095977041804,-9.419611930847168,1.7112414836883545,0.4837939441204071
1710529095994704943,-9.417217254638672,1.7244141101837158,0.4778063893318176
1710529096004295339,-9.424402236938477,1.730401635169983,0.4993615746498108
1710529096029768659,-9.411229133605957,1.7052539587020874,0.4778063893318176
1710529096107415231,-9.41003131866455,1.720821499824524,0.4849914610385895
1710529096111583560,-9.407636642456055,1.7112414836883545,0.4981640577316284
1710529096134800608,-9.425599098205566,1.7244141101837158,0.4802014231681824
1710529096155923066,-9.413623809814453,1.700463891029358,0.4885839819908142
1710529096162191778,-9.407636642456055,1.7256115674972534,0.4945715367794037
1710529096178911250,-9.408834457397461,1.7280066013336182,0.4933740198612213
1710529096193799458,-9.407636642456055,1.6956738233566284,0.4849914610385895
1710529096240921330,-9.416019439697266,1.7076488733291626,0.4849914610385895
1710529096269696865,-9.416019439697266,1.6956738233566284,0.4778063893318176
1710529096294807764,-9.41003131866455,1.7232165336608887,0.48738646507263184
1710529096299008778,-9.424402236938477,1.7028589248657227,0.4897814989089966
1710529096313519648,-9.413623809814453,1.690883755683899,0.48139894008636475
1710529096343337447,-9.422006607055664,1.7112414836883545,0.49696654081344604
1710529096355852187,-9.416019439697266,1.722019076347351,0.48738646507263184
1710529096385221285,-9.424402236938477,1.726809024810791,0.49217650294303894
1710529096408460633,-9.429191589355469,1.7315990924835205,0.5053490996360779
1710529096444075286,-9.42320442199707,1.7016613483428955,0.49576905369758606
1710529096473709466,-9.420809745788574,1.700463891029358,0.4897814989089966
1710529096479899050,-9.432784080505371,1.716031551361084,0.5053490996360779
1710529096490399818,-9.426796913146973,1.7088464498519897,0.4849914610385895
1710529096570214921,-9.426796913146973,1.7435742616653442,0.48738646507263184
1710529096576495919,-9.401649475097656,1.716031551361084,0.4981640577316284
1710529096601729503,-9.408834457397461,1.7040563821792603,0.48139894008636475
1710529096624856176,-9.422006607055664,1.7256115674972534,0.49576905369758606
1710529096647960499,-9.426796913146973,1.6992663145065308,0.49576905369758606
1710529096681539777,-9.412426948547363,1.6932787895202637,0.4849914610385895
1710529096685667617,-9.41482162475586,1.7315990924835205,0.4945715367794037
1710529096704468976,-9.398056983947754,1.7136365175247192,0.5053490996360779
1710529096733655522,-9.412426948547363,1.7184264659881592,0.49097901582717896
1710529096780278305,-9.417217254638672,1.700463891029358,0.4897814989089966
1710529096816259619,-9.417217254638672,1.700463891029358,0.4897814989089966
1710529096843591805,-9.426796913146973,1.7244141101837158,0.47541138529777527
1710529096849924618,-9.407636642456055,1.6992663145065308,0.5149291753768921
1710529096875209622,-9.422006607055664,1.720821499824524,0.49696654081344604
1710529096902386068,-9.419611930847168,1.7040563821792603,0.4933740198612213
1710529096906527207,-9.426796913146973,1.7256115674972534,0.4945715367794037
1710529096944565149,-9.406438827514648,1.7339941263198853,0.4885839819908142
1710529096991066135,-9.422006607055664,1.7256115674972534,0.5017566084861755
1710529096999370425,-9.43757438659668,1.7088464498519897,0.4778063893318176
1710529097011993218,-9.417217254638672,1.7196240425109863,0.48618897795677185
1710529097028876691,-9.416019439697266,1.7256115674972534,0.5005590915679932
1710529097112815344,-9.417217254638672,1.7040563821792603,0.48139894008636475
1710529097144620041,-9.417217254638672,1.7112414836883545,0.508941650390625
1710529097176139039,-9.427994728088379,1.7016613483428955,0.49576905369758606
1710529097205481308,-9.41482162475586,1.712438941001892,0.5137317180633545
1710529097245250311,-9.412426948547363,1.6884887218475342,0.4945715367794037
1710529097281167155,-9.411229133605957,1.692081332206726,0.4993615746498108
1710529097301918869,-9.422006607055664,1.7052539587020874,0.4981640577316284
1710529097308269114,-9.420809745788574,1.7172290086746216,0.4945715367794037
1710529097327498361,-9.404044151306152,1.7172290086746216,0.48618897795677185
1710529097367461185,-9.416019439697266,1.712438941001892,0.4802014231681824
1710529097396720137,-9.422006607055664,1.720821499824524,0.4945715367794037
1710529097411479268,-9.404044151306152,1.686093807220459,0.5137317180633545
1710529097447113473,-9.427994728088379,1.7399816513061523,0.5125342011451721
1710529097491602157,-9.398056983947754,1.7136365175247192,0.49696654081344604
1710529097529036165,-9.411229133605957,1.722019076347351,0.4945715367794037
1710529097564884483,-9.425599098205566,1.7292040586471558,0.4993615746498108
1710529097627838937,-9.416019439697266,1.7292040586471558,0.4885839819908142
1710529097638240420,-9.424402236938477,1.7244141101837158,0.49217650294303894
1710529097659329533,-9.425599098205566,1.7028589248657227,0.5041515827178955
1710529097717943856,-9.399253845214844,1.7016613483428955,0.4933740198612213
1710529097745519100,-9.413623809814453,1.7256115674972534,0.5065466165542603
1710529097785494385,-9.42320442199707,1.712438941001892,0.4993615746498108
1710529097806506680,-9.426796913146973,1.7076488733291626,0.4993615746498108
1710529097829919047,-9.420809745788574,1.712438941001892,0.4837939441204071
1710529097844444792,-9.398056983947754,1.712438941001892,0.5077441334724426
1710529097857000564,-9.417217254638672,1.7196240425109863,0.5029541254043579
1710529097875948032,-9.407636642456055,1.7172290086746216,0.4933740198612213
1710529097894681702,-9.411229133605957,1.7196240425109863,0.5125342011451721
1710529097922373886,-9.422006607055664,1.7435742616653442,0.5101391673088074
1710529097926519857,-9.424402236938477,1.696871280670166,0.4802014231681824
1710529097928562840,-9.413623809814453,1.745969295501709,0.49217650294303894
1710529097947433709,-9.418414115905762,1.7327966690063477,0.5017566084861755
1710529098010833831,-9.417217254638672,1.6944763660430908,0.5161266922950745
1710529098017149436,-9.413623809814453,1.7136365175247192,0.5077441334724426
1710529098025486216,-9.42320442199707,1.730401635169983,0.5017566084861755
1710529098044399702,-9.430389404296875,1.7315990924835205,0.49217650294303894
1710529098075809688,-9.430389404296875,1.7016613483428955,0.4885839819908142
1710529098107645099,-9.413623809814453,1.712438941001892,0.49217650294303894
1710529098122268883,-9.412426948547363,1.7112414836883545,0.5065466165542603
1710529098139078827,-9.407636642456055,1.720821499824524,0.5053490996360779
1710529098149456929,-9.422006607055664,1.7028589248657227,0.49217650294303894
1710529098197769915,-9.41003131866455,1.7232165336608887,0.4933740198612213
1710529098201969194,-9.418414115905762,1.7076488733291626,0.4885839819908142
1710529098212685476,-9.41482162475586,1.730401635169983,0.5113366842269897
1710529098231468749,-9.408834457397461,1.7112414836883545,0.5005590915679932
1710529098240127573,-9.427994728088379,1.720821499824524,0.5125342011451721
1710529098258792575,-9.420809745788574,1.6980688571929932,0.49097901582717896
1710529098269391847,-9.413623809814453,1.7040563821792603,0.5029541254043579
1710529098294328367,-9.431587219238281,1.7256115674972534,0.5029541254043579
1710529098306866529,-9.419611930847168,1.7136365175247192,0.508941650390625
1710529098332555193,-9.422006607055664,1.7148339748382568,0.49217650294303894
1710529098334174567,-9.420809745788574,1.7435742616653442,0.5113366842269897
1710529098342822642,-9.408834457397461,1.7184264659881592,0.49576905369758606
1710529098374397420,-9.416019439697266,1.7148339748382568,0.4802014231681824
1710529098393395760,-9.42320442199707,1.7315990924835205,0.5017566084861755
1710529098435616635,-9.40045166015625,1.706451416015625,0.48618897795677185
1710529098467194264,-9.41003131866455,1.7148339748382568,0.48259642720222473
1710529098496310937,-9.424402236938477,1.696871280670166,0.4897814989089966
1710529098512984390,-9.41482162475586,1.7591418027877808,0.48259642720222473
1710529098517610613,-9.404044151306152,1.6932787895202637,0.5029541254043579
1710529098532318505,-9.408834457397461,1.7315990924835205,0.48738646507263184
1710529098563903281,-9.407636642456055,1.720821499824524,0.48738646507263184
1710529098610085525,-9.413623809814453,1.7136365175247192,0.4837939441204071
1710529098616475378,-9.405241966247559,1.722019076347351,0.4945715367794037
1710529098633200522,-9.419611930847168,1.7339941263198853,0.47660887241363525
1710529098656435728,-9.418414115905762,1.7232165336608887,0.49696654081344604
1710529098666950834,-9.412426948547363,1.7040563821792603,0.49217650294303894
1710529098691981408,-9.412426948547363,1.7172290086746216,0.5101391673088074
1710529098727743955,-9.408834457397461,1.7148339748382568,0.4993615746498108
1710529098738157401,-9.412426948547363,1.722019076347351,0.47900390625
1710529098740286991,-9.41482162475586,1.7184264659881592,0.48618897795677185
1710529098786757057,-9.402846336364746,1.7136365175247192,0.48738646507263184
1710529098795162473,-9.412426948547363,1.726809024810791,0.4802014231681824
1710529098805611197,-9.417217254638672,1.712438941001892,0.4730163514614105
1710529098826633376,-9.424402236938477,1.73638916015625,0.4802014231681824
1710529098828678431,-9.424402236938477,1.73638916015625,0.4802014231681824
1710529098843308659,-9.417217254638672,1.696871280670166,0.48139894008636475
1710529098862475419,-9.441166877746582,1.7435742616653442,0.4730163514614105
1710529098891979746,-9.40045166015625,1.7100439071655273,0.4885839819908142
1710529098917058516,-9.408834457397461,1.720821499824524,0.4837939441204071
1710529098929736471,-9.412426948547363,1.7232165336608887,0.47660887241363525
1710529098988304213,-9.41003131866455,1.7040563821792603,0.4849914610385895
1710529099000603627,-9.41482162475586,1.696871280670166,0.48618897795677185
1710529099011118403,-9.408834457397461,1.730401635169983,0.4981640577316284
1710529099032128313,-9.417217254638672,1.7196240425109863,0.49097901582717896
1710529099042706695,-9.396859169006348,1.7112414836883545,0.4897814989089966
1710529099074453261,-9.419611930847168,1.6944763660430908,0.4849914610385895
1710529099097041834,-9.417217254638672,1.7196240425109863,0.4778063893318176
1710529099112083590,-9.426796913146973,1.7076488733291626,0.4598437547683716
1710529099131102882,-9.411229133605957,1.7100439071655273,0.48618897795677185
1710529099141488682,-9.420809745788574,1.722019076347351,0.47062134742736816
1710529099162485088,-9.420809745788574,1.722019076347351,0.47062134742736816
1710529099168832806,-9.413623809814453,1.7136365175247192,0.4849914610385895
1710529099179466237,-9.404044151306152,1.700463891029358,0.48618897795677185
1710529099221868572,-9.416019439697266,1.7244141101837158,0.47660887241363525
1710529099223779740,-9.426796913146973,1.6944763660430908,0.4885839819908142
1710529099236260545,-9.41003131866455,1.6992663145065308,0.47900390625
1710529099249690343,-9.419611930847168,1.7280066013336182,0.5041515827178955
1710529099282439494,-9.405241966247559,1.7040563821792603,0.49217650294303894
1710529099322361533,-9.418414115905762,1.6980688571929932,0.4981640577316284
1710529099366584302,-9.42320442199707,1.7232165336608887,0.48618897795677185
1710529099374977954,-9.412426948547363,1.712438941001892,0.4945715367794037
1710529099389586119,-9.41482162475586,1.7148339748382568,0.48259642720222473
1710529099423220872,-9.430389404296875,1.7100439071655273,0.48139894008636475
1710529099431728054,-9.419611930847168,1.7016613483428955,0.4730163514614105
1710529099450600568,-9.407636642456055,1.7148339748382568,0.47660887241363525
1710529099456798724,-9.407636642456055,1.700463891029358,0.4646337926387787
1710529099469432950,-9.424402236938477,1.700463891029358,0.4646337926387787
1710529099490294281,-9.430389404296875,1.720821499824524,0.48259642720222473
1710529099534314624,-9.402846336364746,1.712438941001892,0.4586462378501892
1710529099564042566,-9.404044151306152,1.7100439071655273,0.4849914610385895
1710529099576709546,-9.41482162475586,1.7351917028427124,0.48259642720222473
1710529099605974581,-9.41003131866455,1.7040563821792603,0.47062134742736816
1710529099641850732,-9.420809745788574,1.7076488733291626,0.4682263135910034
1710529099656544766,-9.417217254638672,1.7136365175247192,0.4849914610385895
1710529099692774806,-9.425599098205566,1.7052539587020874,0.47541138529777527
1710529099713300250,-9.41003131866455,1.7148339748382568,0.47062134742736816
1710529099736223746,-9.401649475097656,1.7100439071655273,0.4778063893318176
1710529099740499951,-9.416019439697266,1.7052539587020874,0.4634362757205963
1710529099757433776,-9.424402236938477,1.7040563821792603,0.4837939441204071
1710529099770026710,-9.412426948547363,1.73638916015625,0.4802014231681824
1710529099786890587,-9.416019439697266,1.6944763660430908,0.47062134742736816
1710529099833314089,-9.407636642456055,1.716031551361084,0.46583130955696106
1710529099839575524,-9.427994728088379,1.7076488733291626,0.4742138683795929
1710529099854404106,-9.416019439697266,1.720821499824524,0.49097901582717896
1710529099864724749,-9.416019439697266,1.720821499824524,0.49097901582717896
1710529099892643734,-9.420809745788574,1.720821499824524,0.49696654081344604
1710529099902389980,-9.412426948547363,1.7100439071655273,0.4897814989089966
1710529099942439545,-9.411229133605957,1.722019076347351,0.5029541254043579
1710529099946668156,-9.422006607055664,1.7016613483428955,0.4837939441204071
1710529099980126602,-9.407636642456055,1.706451416015625,0.4837939441204071
1710529100011866041,-9.424402236938477,1.7148339748382568,0.49217650294303894
1710529100028618903,-9.418414115905762,1.7088464498519897,0.49217650294303894
1710529100041102971,-9.436376571655273,1.7040563821792603,0.48139894008636475
1710529100049542547,-9.41482162475586,1.7327966690063477,0.4849914610385895
1710529100062117216,-9.41003131866455,1.7148339748382568,0.4885839819908142
1710529100083241771,-9.420809745788574,1.726809024810791,0.5029541254043579
1710529100112385866,-9.417217254638672,1.7100439071655273,0.47900390625
1710529100114280020,-9.420809745788574,1.7256115674972534,0.4897814989089966
1710529100173474172,-9.427994728088379,1.696871280670166,0.4897814989089966
1710529100196430078,-9.41003131866455,1.7351917028427124,0.4837939441204071
1710529100274159912,-9.418414115905762,1.7351917028427124,0.4837939441204071
1710529100293014812,-9.416019439697266,1.7088464498519897,0.47900390625
1710529100316265891,-9.398056983947754,1.7040563821792603,0.5017566084861755
1710529100324623015,-9.412426948547363,1.7232165336608887,0.4778063893318176
1710529100347719045,-9.408834457397461,1.7016613483428955,0.4849914610385895
1710529100368617750,-9.417217254638672,1.7232165336608887,0.4897814989089966
1710529100389632152,-9.419611930847168,1.7387841939926147,0.49097901582717896
1710529100406469356,-9.404044151306152,1.690883755683899,0.4897814989089966
1710529100442389718,-9.417217254638672,1.7292040586471558,0.4981640577316284
1710529100444185999,-9.435179710388184,1.6992663145065308,0.4778063893318176
1710529100456919883,-9.407636642456055,1.690883755683899,0.4897814989089966
1710529100491251255,-9.418414115905762,1.7028589248657227,0.47660887241363525
1710529100496846188,-9.417217254638672,1.745969295501709,0.4849914610385895
1710529100509541808,-9.404044151306152,1.712438941001892,0.4981640577316284
1710529100530630754,-9.426796913146973,1.696871280670166,0.49097901582717896
1710529100549541440,-9.422006607055664,1.7172290086746216,0.4682263135910034
1710529100568566625,-9.427994728088379,1.7327966690063477,0.4885839819908142
1710529100591493484,-9.412426948547363,1.730401635169983,0.4981640577316284
1710529100619110354,-9.41003131866455,1.7172290086746216,0.49097901582717896
1710529100646939426,-9.422006607055664,1.726809024810791,0.48618897795677185
1710529100675466622,-9.422006607055664,1.7411792278289795,0.5017566084861755
1710529100702600257,-9.416019439697266,1.712438941001892,0.49217650294303894
1710529100770162852,-9.417217254638672,1.7435742616653442,0.49576905369758606
1710529100803739677,-9.426796913146973,1.712438941001892,0.4981640577316284
1710529100862496215,-9.42320442199707,1.7184264659881592,0.49097901582717896
1710529100879294409,-9.422006607055664,1.6944763660430908,0.4694238305091858
1710529100904406990,-9.422006607055664,1.6980688571929932,0.4778063893318176
1710529100963470732,-9.419611930847168,1.7256115674972534,0.4993615746498108
1710529100988661649,-9.402846336364746,1.7148339748382568,0.4849914610385895
1710529100994903920,-9.41482162475586,1.7112414836883545,0.49097901582717896
1710529101017996161,-9.430389404296875,1.7028589248657227,0.5101391673088074
1710529101038958309,-9.39087200164795,1.7040563821792603,0.48139894008636475
1710529101047489281,-9.419611930847168,1.726809024810791,0.48139894008636475
1710529101066290309,-9.424402236938477,1.7375866174697876,0.49217650294303894
1710529101079113397,-9.42320442199707,1.712438941001892,0.5053490996360779
1710529101108635422,-9.41482162475586,1.7172290086746216,0.4897814989089966
1710529101129545260,-9.417217254638672,1.7076488733291626,0.5065466165542603
1710529101148754068,-9.413623809814453,1.6956738233566284,0.5137317180633545
1710529101158868705,-9.42320442199707,1.7244141101837158,0.5173242092132568
1710529101202902957,-9.429191589355469,1.7244141101837158,0.47660887241363525
1710529101226212364,-9.418414115905762,1.726809024810791,0.4897814989089966
1710529101295143310,-9.41003131866455,1.7148339748382568,0.49097901582717896
1710529101320697481,-9.425599098205566,1.700463891029358,0.5053490996360779
1710529101333396684,-9.41003131866455,1.7136365175247192,0.4993615746498108
1710529101360640968,-9.41003131866455,1.7112414836883545,0.49097901582717896
1710529101371107560,-9.420809745788574,1.7256115674972534,0.49217650294303894
1710529101383749716,-9.430389404296875,1.7136365175247192,0.48738646507263184
1710529101411168833,-9.411229133605957,1.7100439071655273,0.5017566084861755
1710529101421633724,-9.411229133605957,1.7244141101837158,0.4945715367794037
1710529101442988070,-9.416019439697266,1.7088464498519897,0.48618897795677185
1710529101449266146,-9.41482162475586,1.7112414836883545,0.5029541254043579
1710529101470160676,-9.424402236938477,1.730401635169983,0.4897814989089966
1710529101518569355,-9.425599098205566,1.716031551361084,0.5173242092132568
1710529101533180636,-9.432784080505371,1.7148339748382568,0.5113366842269897
1710529101554241042,-9.395661354064941,1.7088464498519897,0.5005590915679932
1710529101598348938,-9.418414115905762,1.720821499824524,0.49576905369758606
1710529101619258015,-9.429191589355469,1.6884887218475342,0.5017566084861755
1710529101631952890,-9.41482162475586,1.730401635169983,0.49217650294303894
1710529101650992670,-9.41482162475586,1.730401635169983,0.49217650294303894
1710529101667549166,-9.419611930847168,1.7196240425109863,0.4981640577316284
1710529101692538751,-9.411229133605957,1.7339941263198853,0.5029541254043579
1710529101693079179,-9.406438827514648,1.696871280670166,0.48618897795677185
1710529101699147853,-9.422006607055664,1.7327966690063477,0.4933740198612213
1710529101707609296,-9.42320442199707,1.686093807220459,0.5065466165542603
1710529101728672258,-9.422006607055664,1.7112414836883545,0.5065466165542603
1710529101746292516,-9.413623809814453,1.6992663145065308,0.5017566084861755
1710529101766671791,-9.425599098205566,1.7280066013336182,0.49576905369758606
1710529101792601590,-9.425599098205566,1.7136365175247192,0.5041515827178955
1710529101796289463,-9.413623809814453,1.720821499824524,0.4993615746498108
1710529101810947970,-9.406438827514648,1.7136365175247192,0.48618897795677185
1710529101834149777,-9.425599098205566,1.722019076347351,0.49696654081344604
1710529101848951354,-9.424402236938477,1.7136365175247192,0.49576905369758606
1710529101869790998,-9.41482162475586,1.7315990924835205,0.5053490996360779
1710529101893666157,-9.41482162475586,1.7052539587020874,0.4849914610385895
1710529101897091093,-9.430389404296875,1.7244141101837158,0.4945715367794037
1710529101913859409,-9.424402236938477,1.7172290086746216,0.47900390625
1710529101932705580,-9.422006607055664,1.706451416015625,0.5005590915679932
1710529101947554866,-9.422006607055664,1.706451416015625,0.508941650390625
1710529101960234604,-9.411229133605957,1.7280066013336182,0.5149291753768921
1710529101985426624,-9.422006607055664,1.6932787895202637,0.4933740198612213
1710529102010628796,-9.413623809814453,1.7244141101837158,0.5029541254043579
1710529102037921165,-9.424402236938477,1.7196240425109863,0.49217650294303894
1710529102052698563,-9.408834457397461,1.7172290086746216,0.4981640577316284
1710529102067271313,-9.420809745788574,1.7280066013336182,0.5053490996360779
1710529102096488043,-9.406438827514648,1.7016613483428955,0.47900390625
1710529102113739643,-9.39087200164795,1.7136365175247192,0.5125342011451721
1710529102143006942,-9.435179710388184,1.7256115674972534,0.5029541254043579
1710529102172632740,-9.411229133605957,1.6884887218475342,0.5077441334724426
1710529102185369125,-9.436376571655273,1.722019076347351,0.4885839819908142
1710529102216866617,-9.406438827514648,1.7076488733291626,0.5137317180633545
1710529102252596162,-9.424402236938477,1.6956738233566284,0.5053490996360779
1710529102260835676,-9.420809745788574,1.6896862983703613,0.49696654081344604
1710529102292806632,-9.425599098205566,1.7435742616653442,0.48738646507263184
1710529102313236452,-9.418414115905762,1.716031551361084,0.49217650294303894
1710529102332187728,-9.422006607055664,1.6884887218475342,0.5017566084861755
1710529102336353380,-9.41003131866455,1.7016613483428955,0.5101391673088074
1710529102365876873,-9.425599098205566,1.7088464498519897,0.4933740198612213
1710529102405977403,-9.430389404296875,1.7375866174697876,0.508941650390625
1710529102450441073,-9.413623809814453,1.706451416015625,0.5077441334724426
1710529102523576624,-9.41003131866455,1.712438941001892,0.4933740198612213
1710529102538306728,-9.425599098205566,1.7232165336608887,0.5005590915679932
1710529102568243210,-9.431587219238281,1.7256115674972534,0.5161266922950745
1710529102580709118,-9.41482162475586,1.712438941001892,0.5065466165542603
1710529102620400209,-9.41003131866455,1.7196240425109863,0.5101391673088074
1710529102652036717,-9.429191589355469,1.7327966690063477,0.5053490996360779
1710529102664499676,-9.441166877746582,1.712438941001892,0.4897814989089966
1710529102693624536,-9.413623809814453,1.7088464498519897,0.5149291753768921
1710529102709260949,-9.41003131866455,1.700463891029358,0.49097901582717896
1710529102731620068,-9.422006607055664,1.7483642101287842,0.49097901582717896
1710529102756821686,-9.408834457397461,1.7028589248657227,0.48259642720222473
1710529102771436307,-9.406438827514648,1.7100439071655273,0.49696654081344604
1710529102803158932,-9.419611930847168,1.7028589248657227,0.5029541254043579
1710529102813608666,-9.426796913146973,1.7112414836883545,0.5065466165542603
1710529102830384403,-9.407636642456055,1.6932787895202637,0.49097901582717896
1710529102857660466,-9.424402236938477,1.712438941001892,0.4993615746498108
1710529102878727716,-9.416019439697266,1.7088464498519897,0.5041515827178955
1710529102922880018,-9.422006607055664,1.7244141101837158,0.5005590915679932
1710529102931281388,-9.426796913146973,1.6944763660430908,0.5017566084861755
1710529102943981715,-9.406438827514648,1.706451416015625,0.4945715367794037
1710529102956581992,-9.412426948547363,1.712438941001892,0.5065466165542603
1710529102981783099,-9.42320442199707,1.722019076347351,0.49576905369758606
1710529102988029923,-9.420809745788574,1.706451416015625,0.5113366842269897
1710529102996587560,-9.407636642456055,1.742376685142517,0.4885839819908142
1710529103017642761,-9.407636642456055,1.742376685142517,0.4885839819908142
1710529103032346858,-9.42320442199707,1.6813037395477295,0.49696654081344604
1710529103057697093,-9.42320442199707,1.7495617866516113,0.5137317180633545
1710529103068130296,-9.419611930847168,1.7172290086746216,0.5065466165542603
1710529103099371460,-9.408834457397461,1.7196240425109863,0.49097901582717896
1710529103109912326,-9.419611930847168,1.7136365175247192,0.5125342011451721
1710529103120701570,-9.424402236938477,1.7339941263198853,0.49097901582717896
1710529103143851044,-9.408834457397461,1.6872912645339966,0.5125342011451721
1710529103154465447,-9.427994728088379,1.7351917028427124,0.5041515827178955
1710529103169172706,-9.412426948547363,1.706451416015625,0.48139894008636475
1710529103206693174,-9.406438827514648,1.722019076347351,0.5304968357086182
1710529103318599565,-9.418414115905762,1.726809024810791,0.5041515827178955
1710529103373096199,-9.417217254638672,1.7052539587020874,0.49217650294303894
1710529103385769824,-9.429191589355469,1.7028589248657227,0.4945715367794037
1710529103400507677,-9.417217254638672,1.7136365175247192,0.4993615746498108
1710529103423614373,-9.412426948547363,1.7076488733291626,0.4981640577316284
1710529103433955009,-9.425599098205566,1.7184264659881592,0.49576905369758606
1710529103475745718,-9.41482162475586,1.7196240425109863,0.5041515827178955
1710529103515862321,-9.412426948547363,1.712438941001892,0.49696654081344604
1710529103528376849,-9.429191589355469,1.6980688571929932,0.5137317180633545
1710529103551365895,-9.416019439697266,1.7256115674972534,0.49217650294303894
1710529103566239677,-9.41482162475586,1.7172290086746216,0.5101391673088074
1710529103580929514,-9.418414115905762,1.7256115674972534,0.508941650390625
1710529103604079420,-9.430389404296875,1.7184264659881592,0.5173242092132568
1710529103614616455,-9.430389404296875,1.7184264659881592,0.49576905369758606
1710529103652297358,-9.419611930847168,1.6992663145065308,0.49217650294303894
1710529103691892531,-9.41003131866455,1.7136365175247192,0.4981640577316284
1710529103719701474,-9.419611930847168,1.6848962306976318,0.4849914610385895
1710529103740746736,-9.411229133605957,1.7447717189788818,0.5149291753768921
1710529103785217891,-9.420809745788574,1.722019076347351,0.5017566084861755
1710529103812423372,-9.41482162475586,1.7184264659881592,0.4945715367794037
1710529103833387999,-9.408834457397461,1.7088464498519897,0.4933740198612213
1710529103852413872,-9.422006607055664,1.7052539587020874,0.5125342011451721
1710529103865051885,-9.417217254638672,1.7280066013336182,0.49576905369758606
1710529103879515834,-9.412426948547363,1.7028589248657227,0.49576905369758606
1710529103896196768,-9.417217254638672,1.700463891029358,0.5173242092132568
1710529103963893470,-9.418414115905762,1.716031551361084,0.49217650294303894
1710529103993339705,-9.41003131866455,1.712438941001892,0.49217650294303894
1710529104022769829,-9.408834457397461,1.7148339748382568,0.5029541254043579
1710529104033251924,-9.419611930847168,1.712438941001892,0.5185217261314392
1710529104054315341,-9.417217254638672,1.7172290086746216,0.4993615746498108
1710529104073185218,-9.411229133605957,1.7100439071655273,0.5029541254043579
1710529104100436260,-9.429191589355469,1.7339941263198853,0.4945715367794037
1710529104121265726,-9.413623809814453,1.6944763660430908,0.5005590915679932
1710529104214023210,-9.416019439697266,1.7351917028427124,0.5029541254043579
1710529104234983438,-9.404044151306152,1.7088464498519897,0.49696654081344604
1710529104249743898,-9.426796913146973,1.7184264659881592,0.4897814989089966
1710529104264477380,-9.417217254638672,1.7256115674972534,0.5029541254043579
1710529104281491034,-9.417217254638672,1.700463891029358,0.520916759967804
1710529104306580543,-9.411229133605957,1.700463891029358,0.49696654081344604
1710529104346898606,-9.418414115905762,1.7256115674972534,0.5077441334724426
1710529104359317451,-9.424402236938477,1.7052539587020874,0.5005590915679932
1710529104397248427,-9.420809745788574,1.6956738233566284,0.49696654081344604
1710529104437348332,-9.411229133605957,1.720821499824524,0.4945715367794037
1710529104464456577,-9.426796913146973,1.7112414836883545,0.5017566084861755
1710529104495701850,-9.418414115905762,1.716031551361084,0.4897814989089966
1710529104521122968,-9.402846336364746,1.7148339748382568,0.5185217261314392
1710529104580198090,-9.418414115905762,1.7196240425109863,0.4897814989089966
1710529104596862999,-9.407636642456055,1.7148339748382568,0.4981640577316284
1710529104668392096,-9.41003131866455,1.700463891029358,0.5041515827178955
1710529104699686457,-9.404044151306152,1.7148339748382568,0.5041515827178955
1710529104790307203,-9.402846336364746,1.7184264659881592,0.5029541254043579
1710529104804960423,-9.433981895446777,1.6896862983703613,0.47660887241363525
1710529104842961766,-9.432784080505371,1.686093807220459,0.4802014231681824
1710529104883071899,-9.433981895446777,1.7244141101837158,0.5017566084861755
1710529104914431936,-9.419611930847168,1.7232165336608887,0.4993615746498108
1710529104939987988,-9.417217254638672,1.7351917028427124,0.5005590915679932
1710529105015475246,-9.42320442199707,1.700463891029358,0.5005590915679932
1710529105046863215,-9.41482162475586,1.722019076347351,0.5161266922950745
1710529105076460974,-9.426796913146973,1.7256115674972534,0.47900390625
1710529105097694037,-9.419611930847168,1.7052539587020874,0.4993615746498108
1710529105133420022,-9.422006607055664,1.716031551361084,0.49576905369758606
1710529105147937814,-9.406438827514648,1.7040563821792603,0.5137317180633545
1710529105206645020,-9.418414115905762,1.7076488733291626,0.5029541254043579
1710529105227694850,-9.419611930847168,1.7088464498519897,0.5125342011451721
1710529105255011508,-9.427994728088379,1.7375866174697876,0.5125342011451721
1710529105292710297,-9.417217254638672,1.7136365175247192,0.49576905369758606
1710529105312049883,-9.419611930847168,1.7196240425109863,0.5125342011451721
1710529105349500077,-9.420809745788574,1.6980688571929932,0.4981640577316284
1710529105400315456,-9.430389404296875,1.692081332206726,0.4694238305091858
1710529105417116673,-9.417217254638672,1.745969295501709,0.5053490996360779
1710529105429677213,-9.412426948547363,1.7196240425109863,0.4945715367794037
1710529105448615251,-9.41482162475586,1.6932787895202637,0.5053490996360779
1710529105469330395,-9.413623809814453,1.7172290086746216,0.49097901582717896
1710529105522083716,-9.407636642456055,1.7076488733291626,0.5113366842269897
1710529105564173190,-9.418414115905762,1.6944763660430908,0.49696654081344604
1710529105568432099,-9.426796913146973,1.6836987733840942,0.5053490996360779
1710529105589273477,-9.426796913146973,1.6836987733840942,0.49217650294303894
1710529105608248815,-9.413623809814453,1.6992663145065308,0.48618897795677185
1710529105624975119,-9.408834457397461,1.7184264659881592,0.5077441334724426
1710529105637652660,-9.422006607055664,1.7339941263198853,0.4897814989089966
1710529105652310225,-9.425599098205566,1.6980688571929932,0.4945715367794037
1710529105698378384,-9.417217254638672,1.7447717189788818,0.5017566084861755
1710529105736211030,-9.420809745788574,1.7232165336608887,0.5065466165542603
1710529105757340513,-9.422006607055664,1.7184264659881592,0.508941650390625
1710529105793122229,-9.425599098205566,1.7088464498519897,0.4981640577316284
1710529105811905048,-9.407636642456055,1.7256115674972534,0.49217650294303894
1710529105820406635,-9.41482162475586,1.7052539587020874,0.47541138529777527
1710529105841448152,-9.41482162475586,1.7148339748382568,0.4993615746498108
1710529105897732659,-9.41003131866455,1.6884887218475342,0.48618897795677185
1710529105931863495,-9.42320442199707,1.73638916015625,0.5137317180633545
1710529105944254105,-9.422006607055664,1.690883755683899,0.4742138683795929
1710529105975667936,-9.429191589355469,1.712438941001892,0.47900390625
1710529106009304224,-9.416019439697266,1.720821499824524,0.5017566084861755
1710529106045110277,-9.41482162475586,1.7100439071655273,0.508941650390625
1710529106057619474,-9.406438827514648,1.7076488733291626,0.4885839819908142
1710529106087338254,-9.426796913146973,1.7256115674972534,0.5113366842269897
1710529106105943111,-9.420809745788574,1.7256115674972534,0.4885839819908142
1710529106137518259,-9.431587219238281,1.7088464498519897,0.4897814989089966
1710529106156440958,-9.411229133605957,1.7184264659881592,0.4945715367794037
1710529106162845996,-9.417217254638672,1.6932787895202637,0.5113366842269897
1710529106185805617,-9.422006607055664,1.7411792278289795,0.49576905369758606
1710529106238340782,-9.420809745788574,1.6980688571929932,0.508941650390625
1710529106269717025,-9.42320442199707,1.7172290086746216,0.5041515827178955
1710529106292276687,-9.408834457397461,1.706451416015625,0.5029541254043579
1710529106353556174,-9.408834457397461,1.7292040586471558,0.5137317180633545
1710529106361935431,-9.402846336364746,1.7040563821792603,0.49576905369758606
1710529106386952102,-9.407636642456055,1.7232165336608887,0.5149291753768921
1710529106408068513,-9.405241966247559,1.7196240425109863,0.5041515827178955
1710529106433321454,-9.43757438659668,1.7351917028427124,0.4885839819908142
1710529106456357449,-9.402846336364746,1.6872912645339966,0.5221142768859863
1710529106473040862,-9.41003131866455,1.7076488733291626,0.49217650294303894
1710529106508773560,-9.438772201538086,1.751956820487976,0.4945715367794037
1710529106519288348,-9.399253845214844,1.6801061630249023,0.5233117938041687
1710529106540383859,-9.425599098205566,1.7100439071655273,0.4897814989089966
1710529106548889280,-9.418414115905762,1.7184264659881592,0.48259642720222473
1710529106567800145,-9.41003131866455,1.7088464498519897,0.4897814989089966
1710529106580457880,-9.404044151306152,1.730401635169983,0.5017566084861755
1710529106603596851,-9.447154998779297,1.7112414836883545,0.5281018018722534
1710529106679257026,-9.404044151306152,1.6980688571929932,0.5077441334724426
1710529106710616909,-9.422006607055664,1.700463891029358,0.5065466165542603
1710529106718864008,-9.433981895446777,1.7052539587020874,0.4933740198612213
1710529106742199912,-9.416019439697266,1.7411792278289795,0.5161266922950745
1710529106754924755,-9.41003131866455,1.7172290086746216,0.5221142768859863
1710529106790833006,-9.420809745788574,1.716031551361084,0.5077441334724426
1710529106801246395,-9.412426948547363,1.722019076347351,0.48259642720222473
1710529106824352479,-9.413623809814453,1.7040563821792603,0.5065466165542603
1710529106860226315,-9.416019439697266,1.7483642101287842,0.508941650390625
1710529106888442689,-9.425599098205566,1.6872912645339966,0.5077441334724426
1710529106904084936,-9.418414115905762,1.7339941263198853,0.5137317180633545
1710529106956845615,-9.422006607055664,1.6836987733840942,0.4981640577316284
1710529106986093252,-9.41003131866455,1.7339941263198853,0.5041515827178955
1710529107009311272,-9.406438827514648,1.722019076347351,0.5053490996360779
1710529107024338937,-9.416019439697266,1.7327966690063477,0.4981640577316284
1710529107040825810,-9.416019439697266,1.7339941263198853,0.5125342011451721
1710529107059798338,-9.42320442199707,1.6801061630249023,0.5077441334724426
1710529107103782333,-9.417217254638672,1.7040563821792603,0.4885839819908142
1710529107114330021,-9.408834457397461,1.7172290086746216,0.49576905369758606
1710529107159005326,-9.426796913146973,1.7196240425109863,0.5149291753768921
1710529107169553033,-9.413623809814453,1.7339941263198853,0.5113366842269897
1710529107194322807,-9.426796913146973,1.7184264659881592,0.48139894008636475
1710529107213442433,-9.425599098205566,1.6992663145065308,0.5017566084861755
1710529107227735234,-9.419611930847168,1.6932787895202637,0.5053490996360779
1710529107259193393,-9.418414115905762,1.7292040586471558,0.5101391673088074
1710529107271786676,-9.425599098205566,1.7136365175247192,0.49217650294303894
1710529107291319689,-9.41003131866455,1.6896862983703613,0.5053490996360779
1710529107303124438,-9.417217254638672,1.722019076347351,0.5125342011451721
1710529107330731804,-9.40045166015625,1.6992663145065308,0.5173242092132568
1710529107336909494,-9.42320442199707,1.692081332206726,0.5173242092132568
1710529107355929022,-9.431587219238281,1.7148339748382568,0.48738646507263184
1710529107391698822,-9.418414115905762,1.706451416015625,0.5017566084861755
1710529107414954077,-9.420809745788574,1.7100439071655273,0.49097901582717896
1710529107429263588,-9.412426948547363,1.7280066013336182,0.5017566084861755
1710529107431417865,-9.419611930847168,1.716031551361084,0.5065466165542603
1710529107446405082,-9.42320442199707,1.7100439071655273,0.5029541254043579
1710529107479688230,-9.42320442199707,1.7100439071655273,0.5029541254043579
1710529107511077958,-9.427994728088379,1.726809024810791,0.4945715367794037
1710529107525898817,-9.433981895446777,1.7088464498519897,0.5137317180633545
1710529107551490716,-9.404044151306152,1.7088464498519897,0.5017566084861755
1710529107578724558,-9.427994728088379,1.6848962306976318,0.49696654081344604
1710529107626999387,-9.399253845214844,1.6813037395477295,0.5173242092132568
1710529107639474540,-9.436376571655273,1.7256115674972534,0.49696654081344604
1710529107654346640,-9.41003131866455,1.7052539587020874,0.5041515827178955
1710529107672926761,-9.401649475097656,1.726809024810791,0.520916759967804
1710529107693941349,-9.42320442199707,1.7088464498519897,0.5101391673088074
1710529107736103197,-9.416019439697266,1.7088464498519897,0.5125342011451721
1710529107790976433,-9.416019439697266,1.7244141101837158,0.48259642720222473
1710529107843478644,-9.41482162475586,1.7351917028427124,0.508941650390625
1710529107910854555,-9.425599098205566,1.7315990924835205,0.5053490996360779
1710529107919414615,-9.429191589355469,1.7196240425109863,0.48259642720222473
1710529107942521760,-9.419611930847168,1.716031551361084,0.5029541254043579
1710529107969808350,-9.416019439697266,1.7040563821792603,0.5017566084861755
1710529107992941320,-9.416019439697266,1.7040563821792603,0.5017566084861755
1710529107995441942,-9.425599098205566,1.6992663145065308,0.4885839819908142
1710529108030920410,-9.422006607055664,1.7016613483428955,0.4993615746498108
1710529108060358191,-9.416019439697266,1.7052539587020874,0.5029541254043579
1710529108104401152,-9.412426948547363,1.7184264659881592,0.5029541254043579
1710529108112878377,-9.417217254638672,1.7028589248657227,0.4885839819908142
1710529108127656228,-9.411229133605957,1.7040563821792603,0.49217650294303894
1710529108129739433,-9.418414115905762,1.7016613483428955,0.5101391673088074
1710529108150799619,-9.419611930847168,1.7579443454742432,0.4993615746498108
1710529108188667824,-9.407636642456055,1.7315990924835205,0.4945715367794037
1710529108196935117,-9.417217254638672,1.7076488733291626,0.5053490996360779
1710529108224326946,-9.405241966247559,1.7100439071655273,0.5113366842269897
1710529108234528455,-9.39087200164795,1.7172290086746216,0.49696654081344604
1710529108255776239,-9.425599098205566,1.6992663145065308,0.5316943526268005
1710529108276645102,-9.41003131866455,1.7375866174697876,0.49097901582717896
1710529108303700748,-9.41003131866455,1.696871280670166,0.4993615746498108
1710529108305701885,-9.420809745788574,1.696871280670166,0.5005590915679932
1710529108339330021,-9.413623809814453,1.6944763660430908,0.5041515827178955
1710529108368523528,-9.418414115905762,1.7280066013336182,0.4933740198612213
1710529108381059973,-9.42320442199707,1.7232165336608887,0.5149291753768921
1710529108402487994,-9.418414115905762,1.7016613483428955,0.5245092511177063
1710529108419320062,-9.420809745788574,1.742376685142517,0.48618897795677185
1710529108431902938,-9.430389404296875,1.692081332206726,0.49696654081344604
1710529108442469566,-9.435179710388184,1.7136365175247192,0.4933740198612213
1710529108478264123,-9.416019439697266,1.7148339748382568,0.5053490996360779
1710529108507659615,-9.412426948547363,1.7136365175247192,0.4885839819908142
1710529108516018768,-9.42320442199707,1.7280066013336182,0.5017566084861755
1710529108539281968,-9.42320442199707,1.7100439071655273,0.48618897795677185
1710529108564558590,-9.417217254638672,1.726809024810791,0.5113366842269897
1710529108583442604,-9.419611930847168,1.726809024810791,0.5149291753768921
1710529108594112901,-9.426796913146973,1.7028589248657227,0.4945715367794037
1710529108602495958,-9.412426948547363,1.7184264659881592,0.5065466165542603
1710529108631912330,-9.431587219238281,1.7100439071655273,0.5113366842269897
1710529108657159890,-9.412426948547363,1.7112414836883545,0.5221142768859863
1710529108680233642,-9.433981895446777,1.7579443454742432,0.5221142768859863
1710529108705537239,-9.407636642456055,1.696871280670166,0.4897814989089966
1710529108724663973,-9.412426948547363,1.726809024810791,0.4730163514614105
1710529108747700718,-9.407636642456055,1.6872912645339966,0.4897814989089966
1710529108768637216,-9.407636642456055,1.6872912645339966,0.5101391673088074
1710529108791718200,-9.430389404296875,1.7184264659881592,0.4981640577316284
1710529108808599491,-9.419611930847168,1.720821499824524,0.5173242092132568
1710529108810721127,-9.419611930847168,1.720821499824524,0.5173242092132568
1710529108835745198,-9.401649475097656,1.7016613483428955,0.4885839819908142
1710529108837771627,-9.42320442199707,1.700463891029358,0.4849914610385895
1710529108858821777,-9.413623809814453,1.730401635169983,0.5125342011451721
1710529108876030502,-9.42320442199707,1.726809024810791,0.5137317180633545
1710529108892957131,-9.419611930847168,1.6944763660430908,0.508941650390625
1710529108934690686,-9.413623809814453,1.7172290086746216,0.5017566084861755
1710529108936674662,-9.413623809814453,1.7172290086746216,0.5017566084861755
1710529108951410135,-9.426796913146973,1.6992663145065308,0.5041515827178955
1710529108962006156,-9.424402236938477,1.6980688571929932,0.4837939441204071
1710529108987346132,-9.429191589355469,1.7256115674972534,0.5065466165542603
1710529109004307276,-9.422006607055664,1.7136365175247192,0.4897814989089966
1710529109025109206,-9.41482162475586,1.6980688571929932,0.508941650390625
1710529109039981786,-9.425599098205566,1.706451416015625,0.508941650390625
1710529109054471584,-9.416019439697266,1.7148339748382568,0.5065466165542603
1710529109065152304,-9.427994728088379,1.720821499824524,0.5065466165542603
1710529109124271526,-9.425599098205566,1.7172290086746216,0.5029541254043579
1710529109164346163,-9.433981895446777,1.6956738233566284,0.5005590915679932
1710529109168381155,-9.412426948547363,1.6872912645339966,0.5328918695449829
1710529109199948734,-9.412426948547363,1.7244141101837158,0.48139894008636475
1710529109231525617,-9.413623809814453,1.7232165336608887,0.4981640577316284
1710529109296482979,-9.419611930847168,1.7399816513061523,0.4849914610385895
1710529109305527922,-9.431587219238281,1.7016613483428955,0.5173242092132568
1710529109328044544,-9.427994728088379,1.7292040586471558,0.49576905369758606
1710529109345484115,-9.430389404296875,1.6872912645339966,0.4981640577316284
1710529109364034610,-9.412426948547363,1.712438941001892,0.4885839819908142
1710529109391356863,-9.425599098205566,1.7244141101837158,0.5017566084861755
1710529109439491176,-9.432784080505371,1.7256115674972534,0.5137317180633545
1710529109498114820,-9.418414115905762,1.7088464498519897,0.4981640577316284
1710529109529719285,-9.43757438659668,1.7172290086746216,0.49217650294303894
1710529109552968348,-9.422006607055664,1.6944763660430908,0.5221142768859863
1710529109595119942,-9.426796913146973,1.7100439071655273,0.4837939441204071
1710529109622403511,-9.424402236938477,1.7232165336608887,0.5017566084861755
1710529109657959226,-9.416019439697266,1.696871280670166,0.508941650390625
1710529109695566203,-9.41482162475586,1.7016613483428955,0.4778063893318176
1710529109712560410,-9.420809745788574,1.6884887218475342,0.5173242092132568
1710529109731525721,-9.420809745788574,1.7495617866516113,0.5053490996360779
1710529109773805051,-9.394464492797852,1.7256115674972534,0.5281018018722534
1710529109786316718,-9.422006607055664,1.7351917028427124,0.5101391673088074
1710529109809428781,-9.432784080505371,1.7136365175247192,0.5077441334724426
1710529109826231829,-9.418414115905762,1.742376685142517,0.48259642720222473
1710529109838880868,-9.430389404296875,1.6801061630249023,0.5221142768859863
1710529109861726298,-9.427994728088379,1.7136365175247192,0.5257067680358887
1710529109905825119,-9.420809745788574,1.7088464498519897,0.5257067680358887
1710529109958567296,-9.404044151306152,1.712438941001892,0.526904284954071
1710529109979727415,-9.435179710388184,1.6884887218475342,0.5053490996360779
1710529109990367517,-9.413623809814453,1.7387841939926147,0.4885839819908142
1710529109996554336,-9.429191589355469,1.7028589248657227,0.48139894008636475
1710529110030148114,-9.425599098205566,1.7016613483428955,0.5245092511177063
1710529110069890266,-9.41482162475586,1.7112414836883545,0.5077441334724426
1710529110097114786,-9.430389404296875,1.7040563821792603,0.508941650390625
1710529110099227802,-9.416019439697266,1.722019076347351,0.5065466165542603
1710529110122263852,-9.41482162475586,1.692081332206726,0.5161266922950745
1710529110141621700,-9.425599098205566,1.7184264659881592,0.5161266922950745
1710529110154316926,-9.427994728088379,1.7028589248657227,0.5017566084861755
1710529110175405947,-9.430389404296875,1.7016613483428955,0.4993615746498108
1710529110213330933,-9.436376571655273,1.700463891029358,0.5281018018722534
1710529110223652363,-9.420809745788574,1.7292040586471558,0.5017566084861755
1710529110232313214,-9.412426948547363,1.720821499824524,0.5149291753768921
1710529110255136993,-9.426796913146973,1.700463891029358,0.5053490996360779
1710529110290930243,-9.407636642456055,1.726809024810791,0.4849914610385895
1710529110299208984,-9.416019439697266,1.7232165336608887,0.5161266922950745
1710529110330929821,-9.408834457397461,1.716031551361084,0.5233117938041687
1710529110368843485,-9.411229133605957,1.726809024810791,0.4885839819908142
1710529110379394644,-9.41003131866455,1.7076488733291626,0.5041515827178955
1710529110392114593,-9.427994728088379,1.7028589248657227,0.5328918695449829
1710529110423483949,-9.427994728088379,1.7028589248657227,0.5328918695449829
1710529110425514361,-9.417217254638672,1.7256115674972534,0.5077441334724426
1710529110446756464,-9.418414115905762,1.670526146888733,0.49097901582717896
1710529110473761366,-9.411229133605957,1.7244141101837158,0.49696654081344604
1710529110489693850,-9.425599098205566,1.7076488733291626,0.5065466165542603
1710529110528356301,-9.402846336364746,1.6980688571929932,0.5077441334724426
1710529110557625038,-9.416019439697266,1.7184264659881592,0.4849914610385895
1710529110578654571,-9.419611930847168,1.6956738233566284,0.5113366842269897
1710529110589316487,-9.424402236938477,1.7196240425109863,0.5233117938041687
1710529110604168968,-9.407636642456055,1.7148339748382568,0.49217650294303894
1710529110629334016,-9.420809745788574,1.6980688571929932,0.48618897795677185
1710529110650768107,-9.422006607055664,1.722019076347351,0.49097901582717896
1710529110671432011,-9.398056983947754,1.7052539587020874,0.5161266922950745
1710529110704744165,-9.420809745788574,1.7112414836883545,0.5017566084861755
1710529110736227198,-9.416019439697266,1.7315990924835205,0.4981640577316284
1710529110748999212,-9.426796913146973,1.7016613483428955,0.5005590915679932
1710529110776200063,-9.430389404296875,1.7256115674972534,0.5077441334724426
1710529110797301239,-9.41482162475586,1.6956738233566284,0.4849914610385895
1710529110828648686,-9.432784080505371,1.730401635169983,0.4849914610385895
1710529110839248083,-9.411229133605957,1.6956738233566284,0.49576905369758606
1710529110857911901,-9.398056983947754,1.706451416015625,0.5041515827178955
1710529110878949809,-9.443561553955078,1.7016613483428955,0.5101391673088074
1710529110895724673,-9.411229133605957,1.682501196861267,0.4778063893318176
1710529110916859530,-9.413623809814453,1.706451416015625,0.5029541254043579
1710529110933621932,-9.419611930847168,1.7184264659881592,0.4993615746498108
1710529110940076466,-9.412426948547363,1.716031551361084,0.5029541254043579
1710529110960688291,-9.429191589355469,1.7292040586471558,0.5101391673088074
1710529110975655696,-9.413623809814453,1.6992663145065308,0.49097901582717896
1710529110992386218,-9.427994728088379,1.7076488733291626,0.5281018018722534
1710529111013238984,-9.412426948547363,1.7148339748382568,0.5400769114494324
1710529111042883312,-9.430389404296875,1.7256115674972534,0.5185217261314392
1710529111055349378,-9.419611930847168,1.730401635169983,0.5233117938041687
1710529111095047831,-9.422006607055664,1.6836987733840942,0.5113366842269897
1710529111128914876,-9.431587219238281,1.7172290086746216,0.49217650294303894
1710529111156356814,-9.41482162475586,1.7088464498519897,0.5161266922950745
1710529111158399769,-9.420809745788574,1.7076488733291626,0.5161266922950745
1710529111181366165,-9.411229133605957,1.6992663145065308,0.4897814989089966
1710529111202586515,-9.402846336364746,1.7172290086746216,0.5077441334724426
1710529111225594999,-9.413623809814453,1.720821499824524,0.5125342011451721
1710529111265506862,-9.42320442199707,1.722019076347351,0.5149291753768921
1710529111300857908,-9.416019439697266,1.7100439071655273,0.5041515827178955
1710529111315831596,-9.416019439697266,1.7351917028427124,0.5125342011451721
1710529111334736511,-9.406438827514648,1.7136365175247192,0.5376818776130676
1710529111437605530,-9.439969062805176,1.7052539587020874,0.5017566084861755
1710529111458722132,-9.433981895446777,1.7136365175247192,0.5161266922950745
1710529111460564914,-9.420809745788574,1.696871280670166,0.48738646507263184
1710529111488062641,-9.435179710388184,1.706451416015625,0.5041515827178955
1710529111561335402,-9.407636642456055,1.720821499824524,0.4993615746498108
1710529111582448510,-9.41482162475586,1.690883755683899,0.5017566084861755
1710529111599232101,-9.411229133605957,1.7327966690063477,0.5005590915679932
1710529111607613558,-9.42320442199707,1.6956738233566284,0.5065466165542603
1710529111628428010,-9.424402236938477,1.716031551361084,0.5101391673088074
1710529111658142239,-9.430389404296875,1.726809024810791,0.5173242092132568
1710529111706164407,-9.408834457397461,1.730401635169983,0.49097901582717896
1710529111735566992,-9.424402236938477,1.7028589248657227,0.5065466165542603
1710529111764897207,-9.41003131866455,1.7040563821792603,0.5065466165542603
1710529111792480531,-9.396859169006348,1.720821499824524,0.4981640577316284
1710529111804970795,-9.419611930847168,1.7076488733291626,0.4981640577316284
1710529111826025754,-9.393266677856445,1.7447717189788818,0.46702879667282104
1710529111872282156,-9.420809745788574,1.6956738233566284,0.49576905369758606
1710529111874263883,-9.438772201538086,1.7040563821792603,0.5448669195175171
1710529111876358145,-9.407636642456055,1.7327966690063477,0.508941650390625
1710529111895010126,-9.430389404296875,1.6980688571929932,0.5161266922950745
1710529111907833621,-9.433981895446777,1.686093807220459,0.508941650390625
1710529111996184580,-9.433981895446777,1.6884887218475342,0.4945715367794037
1710529112019333934,-9.41482162475586,1.7148339748382568,0.5161266922950745
1710529112067561136,-9.438772201538086,1.6645386219024658,0.5065466165542603
1710529112101039712,-9.407636642456055,1.7327966690063477,0.5197192430496216
1710529112113729424,-9.425599098205566,1.7076488733291626,0.4981640577316284
1710529112132454146,-9.418414115905762,1.730401635169983,0.5125342011451721
1710529112168619301,-9.417217254638672,1.7256115674972534,0.5197192430496216
1710529112218840566,-9.417217254638672,1.7136365175247192,0.5041515827178955
1710529112231626542,-9.426796913146973,1.6980688571929932,0.49696654081344604
1710529112271628242,-9.416019439697266,1.6992663145065308,0.5065466165542603
1710529112300791665,-9.425599098205566,1.716031551361084,0.5221142768859863
1710529112328698788,-9.402846336364746,1.690883755683899,0.5149291753768921
1710529112334885361,-9.419611930847168,1.7280066013336182,0.5257067680358887
1710529112370378075,-9.416019439697266,1.722019076347351,0.48738646507263184
1710529112391376135,-9.419611930847168,1.6884887218475342,0.5149291753768921
1710529112408130833,-9.406438827514648,1.7232165336608887,0.5316943526268005
1710529112427104948,-9.411229133605957,1.692081332206726,0.5173242092132568
1710529112443963751,-9.418414115905762,1.7256115674972534,0.5113366842269897
1710529112450186225,-9.418414115905762,1.7256115674972534,0.5113366842269897
1710529112454376982,-9.419611930847168,1.7411792278289795,0.47541138529777527
1710529112477529779,-9.392068862915039,1.6633410453796387,0.5340893268585205
1710529112508909479,-9.41482162475586,1.7244141101837158,0.5556445121765137
1710529112542810004,-9.424402236938477,1.716031551361084,0.49097901582717896
1710529112580775152,-9.420809745788574,1.7232165336608887,0.4993615746498108
1710529112587088634,-9.41482162475586,1.7196240425109863,0.4993615746498108
1710529112597521789,-9.411229133605957,1.730401635169983,0.5149291753768921
1710529112627122664,-9.425599098205566,1.7040563821792603,0.5185217261314392
1710529112633223020,-9.424402236938477,1.706451416015625,0.4945715367794037
1710529112658431745,-9.424402236938477,1.706451416015625,0.4945715367794037
1710529112664645899,-9.407636642456055,1.7088464498519897,0.5173242092132568
1710529112692050927,-9.41482162475586,1.6956738233566284,0.49696654081344604
1710529112710720058,-9.398056983947754,1.7327966690063477,0.526904284954071
1710529112738129312,-9.407636642456055,1.6956738233566284,0.5292993187904358
1710529112784363364,-9.416019439697266,1.7399816513061523,0.5125342011451721
1710529112822486607,-9.432784080505371,1.7148339748382568,0.5041515827178955
1710529112832641063,-9.413623809814453,1.7244141101837158,0.520916759967804
1710529112858000260,-9.419611930847168,1.7256115674972534,0.508941650390625
1710529112876736948,-9.424402236938477,1.7447717189788818,0.508941650390625
1710529112920847209,-9.412426948547363,1.712438941001892,0.5065466165542603
1710529112935851478,-9.406438827514648,1.7232165336608887,0.508941650390625
1710529112956927638,-9.416019439697266,1.7172290086746216,0.5077441334724426
1710529112992564505,-9.429191589355469,1.6872912645339966,0.5245092511177063
1710529113028466308,-9.413623809814453,1.7387841939926147,0.5149291753768921
1710529113053795231,-9.418414115905762,1.7315990924835205,0.5113366842269897
1710529113068351931,-9.413623809814453,1.6848962306976318,0.508941650390625
1710529113097451230,-9.417217254638672,1.7100439071655273,0.4933740198612213
1710529113106158180,-9.417217254638672,1.7100439071655273,0.4933740198612213
1710529113179620690,-9.420809745788574,1.7292040586471558,0.5029541254043579
1710529113213515082,-9.418414115905762,1.7100439071655273,0.4993615746498108
1710529113253581628,-9.41003131866455,1.7088464498519897,0.5041515827178955
1710529113276405548,-9.422006607055664,1.7172290086746216,0.5101391673088074
1710529113348112873,-9.427994728088379,1.7136365175247192,0.5197192430496216
1710529113368985710,-9.425599098205566,1.7256115674972534,0.5149291753768921
1710529113392101492,-9.420809745788574,1.7375866174697876,0.5125342011451721
1710529113400605388,-9.418414115905762,1.7088464498519897,0.5245092511177063
1710529113423819505,-9.425599098205566,1.7196240425109863,0.5077441334724426
1710529113442569398,-9.41482162475586,1.720821499824524,0.48738646507263184
1710529113446790497,-9.412426948547363,1.6980688571929932,0.5101391673088074
1710529113472205197,-9.418414115905762,1.730401635169983,0.5065466165542603
1710529113568970493,-9.425599098205566,1.706451416015625,0.5137317180633545
1710529113577461014,-9.408834457397461,1.7112414836883545,0.508941650390625
1710529113623824503,-9.402846336364746,1.7184264659881592,0.5149291753768921
1710529113667966665,-9.424402236938477,1.7184264659881592,0.5137317180633545
1710529113697094067,-9.402846336364746,1.690883755683899,0.49097901582717896
1710529113707641570,-9.451944351196289,1.7100439071655273,0.5460644364356995
1710529113722413442,-9.422006607055664,1.7399816513061523,0.4981640577316284
1710529113758279993,-9.43757438659668,1.660946011543274,0.4981640577316284
1710529113768974177,-9.422006607055664,1.73638916015625,0.5161266922950745
1710529113783676989,-9.420809745788574,1.6848962306976318,0.5113366842269897
1710529113827548661,-9.393266677856445,1.712438941001892,0.4897814989089966
1710529113846447833,-9.420809745788574,1.745969295501709,0.5017566084861755
1710529113860992098,-9.417217254638672,1.6932787895202637,0.4778063893318176
1710529113888375063,-9.404044151306152,1.7040563821792603,0.5005590915679932
1710529113909206510,-9.417217254638672,1.690883755683899,0.5197192430496216
1710529113924349455,-9.435179710388184,1.7351917028427124,0.5041515827178955
1710529113974839132,-9.42320442199707,1.7292040586471558,0.4897814989089966
1710529113976860292,-9.42320442199707,1.7292040586471558,0.4897814989089966
1710529114000569217,-9.42320442199707,1.6717236042022705,0.5017566084861755
1710529114021302983,-9.41482162475586,1.7244141101837158,0.5161266922950745
1710529114099225076,-9.420809745788574,1.7292040586471558,0.5197192430496216
1710529114118003436,-9.413623809814453,1.6884887218475342,0.5364843606948853
1710529114135335090,-9.413623809814453,1.696871280670166,0.5005590915679932
1710529114166442905,-9.419611930847168,1.7292040586471558,0.5233117938041687
1710529114185545685,-9.42320442199707,1.7076488733291626,0.5125342011451721
1710529114204278120,-9.412426948547363,1.7495617866516113,0.5077441334724426
1710529114254533407,-9.418414115905762,1.7292040586471558,0.5065466165542603
1710529114271264454,-9.433981895446777,1.7112414836883545,0.5005590915679932
1710529114321679381,-9.422006607055664,1.706451416015625,0.5005590915679932
1710529114338589264,-9.424402236938477,1.7076488733291626,0.49696654081344604
1710529114351189630,-9.420809745788574,1.720821499824524,0.4993615746498108
1710529114390928881,-9.41003131866455,1.726809024810791,0.5005590915679932
1710529114456165645,-9.438772201538086,1.7280066013336182,0.5137317180633545
1710529114464407411,-9.422006607055664,1.742376685142517,0.5005590915679932
1710529114502386345,-9.424402236938477,1.7016613483428955,0.520916759967804
1710529114531856541,-9.419611930847168,1.712438941001892,0.5077441334724426
1710529114567654339,-9.420809745788574,1.6944763660430908,0.5185217261314392
1710529114597020774,-9.424402236938477,1.7351917028427124,0.5257067680358887
1710529114615964313,-9.430389404296875,1.706451416015625,0.49217650294303894
1710529114647354328,-9.427994728088379,1.726809024810791,0.5065466165542603
1710529114668478775,-9.422006607055664,1.720821499824524,0.520916759967804
1710529114701901675,-9.422006607055664,1.6813037395477295,0.5041515827178955
1710529114714389277,-9.422006607055664,1.7112414836883545,0.5017566084861755
1710529114737613817,-9.425599098205566,1.73638916015625,0.4981640577316284
1710529114777731420,-9.438772201538086,1.720821499824524,0.53887939453125
1710529114811371899,-9.408834457397461,1.7196240425109863,0.4981640577316284
1710529114819786160,-9.426796913146973,1.6944763660430908,0.526904284954071
1710529114840885461,-9.432784080505371,1.6944763660430908,0.5041515827178955
1710529114859821849,-9.411229133605957,1.7531542778015137,0.4993615746498108
1710529114882878646,-9.416019439697266,1.7172290086746216,0.5197192430496216
1710529114960672761,-9.431587219238281,1.7244141101837158,0.4993615746498108
1710529114975083054,-9.412426948547363,1.7292040586471558,0.508941650390625
1710529114987796216,-9.416019439697266,1.7292040586471558,0.5101391673088074
1710529115013128155,-9.422006607055664,1.7232165336608887,0.5053490996360779
1710529115017316052,-9.431587219238281,1.7088464498519897,0.5137317180633545
1710529115036423458,-9.427994728088379,1.73638916015625,0.4897814989089966
1710529115071711729,-9.426796913146973,1.6980688571929932,0.5041515827178955
1710529115103284854,-9.425599098205566,1.700463891029358,0.5017566084861755
1710529115149537122,-9.42320442199707,1.7088464498519897,0.5113366842269897
1710529115176896845,-9.431587219238281,1.7112414836883545,0.5185217261314392
1710529115193818119,-9.427994728088379,1.7100439071655273,0.5029541254043579
1710529115208389171,-9.418414115905762,1.6681311130523682,0.49217650294303894
1710529115258820044,-9.407636642456055,1.7232165336608887,0.5245092511177063
1710529115304910608,-9.432784080505371,1.7292040586471558,0.5053490996360779
1710529115319786233,-9.420809745788574,1.716031551361084,0.5316943526268005
1710529115340689749,-9.420809745788574,1.7076488733291626,0.49217650294303894
1710529115374249253,-9.422006607055664,1.7232165336608887,0.5113366842269897
1710529115389068575,-9.430389404296875,1.696871280670166,0.5113366842269897
1710529115403835906,-9.399253845214844,1.7256115674972534,0.5221142768859863
1710529115431165331,-9.419611930847168,1.6848962306976318,0.5077441334724426
1710529115437126328,-9.430389404296875,1.7292040586471558,0.5173242092132568
1710529115452121645,-9.425599098205566,1.7112414836883545,0.5292993187904358
1710529115481360390,-9.396859169006348,1.6932787895202637,0.5233117938041687
1710529115504610339,-9.424402236938477,1.6836987733840942,0.5005590915679932
1710529115555354027,-9.408834457397461,1.706451416015625,0.5041515827178955
1710529115578404974,-9.432784080505371,1.73638916015625,0.5101391673088074
1710529115610054640,-9.432784080505371,1.7244141101837158,0.5281018018722534
1710529115620358954,-9.436376571655273,1.686093807220459,0.49217650294303894
1710529115624753464,-9.406438827514648,1.7172290086746216,0.4837939441204071
1710529115660121616,-9.402846336364746,1.7100439071655273,0.508941650390625
1710529115690310880,-9.419611930847168,1.7292040586471558,0.5197192430496216
1710529115706229814,-9.426796913146973,1.6956738233566284,0.5424719452857971
1710529115725318118,-9.398056983947754,1.7495617866516113,0.49097901582717896
1710529115763117070,-9.413623809814453,1.6896862983703613,0.4981640577316284
1710529115784129716,-9.406438827514648,1.7172290086746216,0.5029541254043579
1710529115815406427,-9.413623809814453,1.7136365175247192,0.5101391673088074
1710529115838636379,-9.416019439697266,1.7040563821792603,0.49696654081344604
1710529115863631744,-9.422006607055664,1.726809024810791,0.5041515827178955
1710529115897199057,-9.419611930847168,1.7076488733291626,0.5185217261314392
1710529115926742169,-9.417217254638672,1.690883755683899,0.49696654081344604
1710529115945637361,-9.430389404296875,1.7399816513061523,0.49576905369758606
1710529115972956191,-9.406438827514648,1.6573535203933716,0.5352868437767029
1710529116013087027,-9.413623809814453,1.716031551361084,0.4945715367794037
1710529116029903757,-9.42320442199707,1.716031551361084,0.4945715367794037
1710529116053004674,-9.41003131866455,1.7076488733291626,0.508941650390625
1710529116065631177,-9.439969062805176,1.7339941263198853,0.5245092511177063
1710529116103567573,-9.420809745788574,1.7327966690063477,0.5101391673088074
1710529116147356324,-9.420809745788574,1.706451416015625,0.5185217261314392
1710529116178986913,-9.419611930847168,1.6992663145065308,0.4778063893318176
1710529116183125736,-9.442364692687988,1.7100439071655273,0.47660887241363525
1710529116197947806,-9.430389404296875,1.6944763660430908,0.5053490996360779
1710529116212892277,-9.416019439697266,1.7256115674972534,0.4694238305091858
1710529116227390309,-9.418414115905762,1.7232165336608887,0.4837939441204071
1710529116248599890,-9.444759368896484,1.7184264659881592,0.508941650390625
1710529116254855277,-9.412426948547363,1.7112414836883545,0.5065466165542603
1710529116288615496,-9.427994728088379,1.7196240425109863,0.520916759967804
1710529116324912417,-9.413623809814453,1.6956738233566284,0.5113366842269897
1710529116349295053,-9.404044151306152,1.706451416015625,0.4694238305091858
1710529116370281053,-9.425599098205566,1.700463891029358,0.5065466165542603
1710529116393384311,-9.419611930847168,1.722019076347351,0.5053490996360779
1710529116405712803,-9.41003131866455,1.7040563821792603,0.5041515827178955
1710529116430938075,-9.425599098205566,1.6789087057113647,0.5101391673088074
1710529116443828414,-9.413623809814453,1.7244141101837158,0.4933740198612213
1710529116460788184,-9.420809745788574,1.7016613483428955,0.5101391673088074
1710529116487657334,-9.419611930847168,1.7052539587020874,0.5173242092132568
1710529116532177507,-9.408834457397461,1.726809024810791,0.5113366842269897
1710529116555392134,-9.418414115905762,1.7339941263198853,0.5137317180633545
1710529116565762306,-9.416019439697266,1.7351917028427124,0.5149291753768921
1710529116576206758,-9.420809745788574,1.690883755683899,0.5149291753768921
1710529116597288205,-9.411229133605957,1.722019076347351,0.5005590915679932
1710529116627275681,-9.407636642456055,1.7052539587020874,0.47900390625
1710529116662493996,-9.416019439697266,1.716031551361084,0.4981640577316284
1710529116683649142,-9.41003131866455,1.730401635169983,0.5077441334724426
1710529116691844117,-9.431587219238281,1.692081332206726,0.4778063893318176
1710529116748960084,-9.425599098205566,1.7675243616104126,0.5053490996360779
1710529116767960005,-9.42320442199707,1.6896862983703613,0.5005590915679932
1710529116814186522,-9.422006607055664,1.706451416015625,0.5197192430496216
1710529116860203433,-9.433981895446777,1.7256115674972534,0.48738646507263184
1710529116876917814,-9.419611930847168,1.6896862983703613,0.5101391673088074
1710529116895678799,-9.411229133605957,1.700463891029358,0.5113366842269897
1710529116902256598,-9.430389404296875,1.7040563821792603,0.4993615746498108
1710529116925205415,-9.426796913146973,1.690883755683899,0.4933740198612213
1710529116965225070,-9.42320442199707,1.722019076347351,0.5185217261314392
1710529116969458141,-9.417217254638672,1.720821499824524,0.5352868437767029
1710529116990521503,-9.41003131866455,1.7076488733291626,0.5292993187904358
1710529117003080983,-9.411229133605957,1.7172290086746216,0.5041515827178955
1710529117036596718,-9.41482162475586,1.7076488733291626,0.49097901582717896
1710529117061828973,-9.407636642456055,1.7028589248657227,0.5053490996360779
1710529117070032853,-9.418414115905762,1.722019076347351,0.508941650390625
1710529117090981417,-9.427994728088379,1.6980688571929932,0.4802014231681824
1710529117116118767,-9.426796913146973,1.7148339748382568,0.49097901582717896
1710529117120494307,-9.406438827514648,1.7375866174697876,0.5053490996360779
1710529117150357905,-9.425599098205566,1.7280066013336182,0.4634362757205963
1710529117171448111,-9.401649475097656,1.7280066013336182,0.4993615746498108
1710529117194517416,-9.420809745788574,1.7232165336608887,0.5017566084861755
1710529117228067469,-9.416019439697266,1.7447717189788818,0.5137317180633545
1710529117230136708,-9.430389404296875,1.7244141101837158,0.5077441334724426
1710529117234321326,-9.406438827514648,1.6932787895202637,0.48259642720222473
1710529117242727653,-9.429191589355469,1.722019076347351,0.4897814989089966
1710529117276411715,-9.425599098205566,1.6992663145065308,0.4849914610385895
1710529117284610305,-9.431587219238281,1.7112414836883545,0.4993615746498108
1710529117301227518,-9.419611930847168,1.712438941001892,0.4945715367794037
1710529117333074080,-9.424402236938477,1.7315990924835205,0.4981640577316284
1710529117337547171,-9.438772201538086,1.7028589248657227,0.4981640577316284
1710529117349972108,-9.42320442199707,1.7411792278289795,0.5161266922950745
1710529117375364439,-9.426796913146973,1.6872912645339966,0.47541138529777527
1710529117413416465,-9.411229133605957,1.6777111291885376,0.4933740198612213
1710529117448662873,-9.430389404296875,1.756746768951416,0.4933740198612213
1710529117465401645,-9.418414115905762,1.6884887218475342,0.5125342011451721
1710529117500975341,-9.427994728088379,1.6801061630249023,0.5137317180633545
1710529117509625093,-9.412426948547363,1.6693285703659058,0.49097901582717896
1710529117543359632,-9.429191589355469,1.7232165336608887,0.4634362757205963
1710529117593671326,-9.41482162475586,1.7315990924835205,0.48259642720222473
1710529117604329112,-9.393266677856445,1.7256115674972534,0.49217650294303894
1710529117614750372,-9.436376571655273,1.7040563821792603,0.5053490996360779
1710529117629533050,-9.427994728088379,1.6633410453796387,0.5005590915679932
1710529117650370971,-9.413623809814453,1.6956738233566284,0.4837939441204071
1710529117675545832,-9.407636642456055,1.690883755683899,0.5161266922950745
1710529117759800392,-9.413623809814453,1.7172290086746216,0.47660887241363525
1710529117768112904,-9.418414115905762,1.7016613483428955,0.5077441334724426
1710529117810289420,-9.422006607055664,1.6992663145065308,0.4945715367794037
1710529117854573994,-9.425599098205566,1.726809024810791,0.4778063893318176
1710529117879721214,-9.41482162475586,1.716031551361084,0.4933740198612213
1710529117917497962,-9.420809745788574,1.745969295501709,0.5125342011451721
1710529117940836801,-9.396859169006348,1.716031551361084,0.4849914610385895
1710529117982441870,-9.447154998779297,1.6872912645339966,0.5352868437767029
1710529118007781790,-9.416019439697266,1.6633410453796387,0.4993615746498108
1710529118026702381,-9.412426948547363,1.720821499824524,0.5113366842269897
1710529118072797215,-9.420809745788574,1.750759243965149,0.4802014231681824
1710529118085769234,-9.41482162475586,1.7399816513061523,0.5173242092132568
1710529118099888028,-9.429191589355469,1.6944763660430908,0.48139894008636475
1710529118154821829,-9.411229133605957,1.676513671875,0.4981640577316284
1710529118217926970,-9.396859169006348,1.7375866174697876,0.5005590915679932
1710529118238950390,-9.418414115905762,1.7447717189788818,0.47181883454322815
1710529118258108291,-9.42320442199707,1.6884887218475342,0.5113366842269897
1710529118272447255,-9.424402236938477,1.7675243616104126,0.48139894008636475
1710529118320584020,-9.417217254638672,1.662143588066101,0.5077441334724426
1710529118341851302,-9.424402236938477,1.6884887218475342,0.49097901582717896
1710529118392220586,-9.42320442199707,1.7040563821792603,0.5173242092132568
1710529118417412832,-9.399253845214844,1.6992663145065308,0.4730163514614105
1710529118427903514,-9.401649475097656,1.7172290086746216,0.5221142768859863
1710529118450894567,-9.398056983947754,1.6980688571929932,0.550854504108429
1710529118469833158,-9.406438827514648,1.7136365175247192,0.4837939441204071
1710529118488567141,-9.425599098205566,1.7339941263198853,0.48259642720222473
1710529118507740895,-9.432784080505371,1.720821499824524,0.4933740198612213
1710529118545183869,-9.417217254638672,1.7280066013336182,0.5245092511177063
1710529118551530175,-9.417217254638672,1.7136365175247192,0.4981640577316284
1710529118574498030,-9.395661354064941,1.7351917028427124,0.5304968357086182
1710529118602188259,-9.426796913146973,1.6417858600616455,0.46104127168655396
1710529118633743005,-9.425599098205566,1.7052539587020874,0.4778063893318176
1710529118643002555,-9.419611930847168,1.7052539587020874,0.5340893268585205
1710529118654750623,-9.41003131866455,1.686093807220459,0.4897814989089966
1710529118667464370,-9.432784080505371,1.662143588066101,0.4933740198612213
1710529118707042624,-9.41482162475586,1.7016613483428955,0.4885839819908142
1710529118717900620,-9.404044151306152,2.00822377204895,0.4849914610385895
1710529118741078894,-9.42320442199707,2.2716760635375977,0.5328918695449829
1710529118747438719,-9.36332893371582,1.7028589248657227,0.4598437547683716
1710529118753691347,-9.449549674987793,1.4681469202041626,0.41673338413238525
1710529118783623703,-9.472302436828613,1.3962963819503784,0.5149291753768921
1710529118785103488,-9.359736442565918,1.5555652379989624,0.5113366842269897
1710529118791242265,-9.389674186706543,1.4693444967269897,0.47062134742736816
1710529118810461031,-9.462721824645996,1.7387841939926147,0.6179150342941284
1710529118831327413,-9.383686065673828,1.871707797050476,0.5460644364356995
1710529118860705931,-9.406438827514648,1.6549584865570068,0.4945715367794037
1710529118907005365,-9.419611930847168,1.730401635169983,0.5017566084861755
1710529118913305750,-9.447154998779297,1.5843054056167603,0.4586462378501892
1710529118934378869,-9.447154998779297,1.6537610292434692,0.48738646507263184
1710529118940709673,-9.408834457397461,1.720821499824524,0.4933740198612213
1710529118995226370,-9.42320442199707,1.805844783782959,0.5185217261314392
1710529119024624598,-9.430389404296875,1.7711169719696045,0.4837939441204071
1710529119049759156,-9.425599098205566,1.6393908262252808,0.4993615746498108
1710529119053966434,-9.418414115905762,1.676513671875,0.5281018018722534
1710529119070827333,-9.426796913146973,1.7244141101837158,0.5005590915679932
1710529119108422143,-9.425599098205566,1.7256115674972534,0.4334985315799713
1710529119138355605,-9.401649475097656,1.6932787895202637,0.5640270709991455
1710529119173584359,-9.422006607055664,1.6729211807250977,0.508941650390625
1710529119179981201,-9.432784080505371,1.716031551361084,0.48259642720222473
1710529119190411220,-9.420809745788574,1.6681311130523682,0.5616320967674255
1710529119205170941,-9.435179710388184,1.7172290086746216,0.4945715367794037
1710529119226103966,-9.416019439697266,1.666933536529541,0.4933740198612213
1710529119242952485,-9.436376571655273,1.6872912645339966,0.5340893268585205
1710529119280723153,-9.42320442199707,1.6489709615707397,0.49097901582717896
1710529119295220128,-9.411229133605957,1.7675243616104126,0.5077441334724426
1710529119347765838,-9.422006607055664,1.6777111291885376,0.49097901582717896
1710529119356402121,-9.407636642456055,1.7327966690063477,0.5113366842269897
1710529119366912470,-9.427994728088379,1.722019076347351,0.5053490996360779
1710529119392237442,-9.42320442199707,1.7148339748382568,0.5233117938041687
1710529119427761111,-9.425599098205566,1.6956738233566284,0.4837939441204071
1710529119491241028,-9.424402236938477,1.73638916015625,0.4682263135910034
1710529119509456514,-9.413623809814453,1.7315990924835205,0.5077441334724426
1710529119534933744,-9.429191589355469,1.6741186380386353,0.5053490996360779
1710529119564482362,-9.395661354064941,1.6813037395477295,0.5137317180633545
1710529119581170529,-9.388476371765137,1.706451416015625,0.4802014231681824
1710529119642126354,-9.419611930847168,1.6453784704208374,0.4694238305091858
1710529119652712217,-9.417217254638672,1.6789087057113647,0.5400769114494324
1710529119669356286,-9.419611930847168,1.6537610292434692,0.5544469952583313
1710529119677753985,-9.43757438659668,1.7411792278289795,0.508941650390625
1710529119691283356,-9.424402236938477,1.7172290086746216,0.45146119594573975
1710529119715725405,-9.422006607055664,1.7172290086746216,0.48259642720222473
1710529119734707185,-9.412426948547363,1.7351917028427124,0.5364843606948853
1710529119772563194,-9.425599098205566,1.7387841939926147,0.49696654081344604
1710529119812517832,-9.425599098205566,1.7387841939926147,0.49696654081344604
1710529119850674878,-9.44595718383789,1.6884887218475342,0.5185217261314392
1710529119869378889,-9.417217254638672,1.750759243965149,0.5185217261314392
1710529119893072727,-9.396859169006348,1.730401635169983,0.4981640577316284
1710529119909345003,-9.422006607055664,1.7627344131469727,0.4394860863685608
1710529119932606338,-9.389674186706543,1.690883755683899,0.5927673578262329
1710529119953637520,-9.389674186706543,1.7974621057510376,0.49696654081344604
1710529119968247639,-9.431587219238281,1.3699511289596558,0.4239184558391571
1710529120020716137,-9.424402236938477,1.742376685142517,0.5412744283676147
1710529120031236030,-9.389674186706543,1.5998730659484863,0.5412744283676147
1710529120056382701,-9.435179710388184,1.7830920219421387,0.4933740198612213
1710529120092153128,-9.396859169006348,1.7735120058059692,0.47900390625
1710529120100420348,-9.41482162475586,1.7232165336608887,0.5257067680358887
1710529120125430506,-9.413623809814453,1.6992663145065308,0.4646337926387787
1710529120136048139,-9.435179710388184,1.6501684188842773,0.5029541254043579
1710529120174036578,-9.396859169006348,1.7136365175247192,0.5245092511177063
1710529120180335045,-9.443561553955078,1.7148339748382568,0.5915698409080505
1710529120218370083,-9.44595718383789,1.7483642101287842,0.48618897795677185
1710529120230929251,-9.430389404296875,1.6058605909347534,0.520916759967804
1710529120252440992,-9.401649475097656,1.7375866174697876,0.5185217261314392
1710529120256380149,-9.44595718383789,1.7495617866516113,0.5292993187904358
1710529120262648496,-9.387279510498047,1.7471667528152466,0.4682263135910034
1710529120296224973,-9.462721824645996,1.6777111291885376,0.4538561999797821
1710529120321530105,-9.431587219238281,1.745969295501709,0.48738646507263184
1710529120399598812,-9.422006607055664,1.7771044969558716,0.4586462378501892
1710529120412252468,-9.413623809814453,1.6142431497573853,0.4299060106277466
1710529120466654749,-9.429191589355469,1.6417858600616455,0.4299060106277466
1710529120491833181,-9.402846336364746,1.656156063079834,0.48618897795677185
1710529120533905467,-9.435179710388184,1.7256115674972534,0.4897814989089966
1710529120586459261,-9.438772201538086,1.6777111291885376,0.49576905369758606
1710529120620519695,-9.37769889831543,1.6848962306976318,0.449066162109375
1710529120637209677,-9.404044151306152,1.676513671875,0.5113366842269897
1710529120651684677,-9.429191589355469,1.6142431497573853,0.5472619533538818
1710529120680902210,-9.401649475097656,1.7447717189788818,0.48259642720222473
1710529120691300323,-9.433981895446777,1.5914905071258545,0.5592370629310608
1710529120708574894,-9.399253845214844,1.6956738233566284,0.53887939453125
1710529120716795661,-9.394464492797852,1.7375866174697876,0.49097901582717896
1710529120731450633,-9.433981895446777,1.6501684188842773,0.5065466165542603
1710529120750378212,-9.429191589355469,1.7675243616104126,0.5412744283676147
1710529120779943533,-9.429191589355469,1.7675243616104126,0.5412744283676147
1710529120788345491,-9.425599098205566,1.6813037395477295,0.46104127168655396
1710529120836813864,-9.405241966247559,1.700463891029358,0.5257067680358887
1710529120857552621,-9.418414115905762,1.660946011543274,0.43589356541633606
1710529120864051157,-9.40045166015625,1.7447717189788818,0.5424719452857971
1710529120878751736,-9.432784080505371,1.6417858600616455,0.508941650390625
1710529120893395701,-9.420809745788574,1.6872912645339966,0.5304968357086182
1710529120908075410,-9.396859169006348,1.7184264659881592,0.44188109040260315
1710529120922817415,-9.443561553955078,1.6896862983703613,0.41194334626197815
1710529120935503932,-9.441166877746582,1.7136365175247192,0.4634362757205963
1710529120965089158,-9.433981895446777,1.7172290086746216,0.5005590915679932
1710529120981924197,-9.430389404296875,1.6549584865570068,0.46104127168655396
1710529120990314461,-9.416019439697266,1.6489709615707397,0.47541138529777527
1710529121011546420,-9.41003131866455,1.7172290086746216,0.5125342011451721
1710529121019637291,-9.429191589355469,1.6537610292434692,0.4430786073207855
1710529121042958826,-9.436376571655273,1.7028589248657227,0.5412744283676147
1710529121066025736,-9.406438827514648,1.662143588066101,0.4694238305091858
1710529121080471084,-9.427994728088379,1.7495617866516113,0.49217650294303894
1710529121122503288,-9.41482162475586,1.716031551361084,0.47660887241363525
1710529121132897357,-9.419611930847168,1.6058605909347534,0.4993615746498108
1710529121137178599,-9.420809745788574,1.7028589248657227,0.5412744283676147
1710529121149989862,-9.41482162475586,1.6633410453796387,0.48618897795677185
1710529121177274497,-9.393266677856445,1.656156063079834,0.5113366842269897
1710529121198390558,-9.408834457397461,1.760339379310608,0.5185217261314392
1710529121238328635,-9.402846336364746,1.6729211807250977,0.46583130955696106
1710529121263402593,-9.412426948547363,1.706451416015625,0.49576905369758606
1710529121292619689,-9.429191589355469,1.656156063079834,0.44547364115715027
1710529121301171714,-9.419611930847168,1.7351917028427124,0.4981640577316284
1710529121303218043,-9.425599098205566,1.722019076347351,0.5316943526268005
1710529121359906445,-9.408834457397461,1.7471667528152466,0.449066162109375
1710529121363951439,-9.431587219238281,1.6357983350753784,0.4694238305091858
1710529121387169455,-9.435179710388184,1.646575927734375,0.4538561999797821
1710529121425137849,-9.41003131866455,1.7399816513061523,0.4730163514614105
1710529121429288204,-9.43757438659668,1.6346008777618408,0.5340893268585205
1710529121460922196,-9.42320442199707,1.6753162145614624,0.48618897795677185
1710529121485932088,-9.433981895446777,1.6836987733840942,0.5113366842269897
1710529121509491333,-9.418414115905762,1.690883755683899,0.4586462378501892
1710529121511679763,-9.433981895446777,1.7184264659881592,0.4586462378501892
1710529121568196040,-9.429191589355469,1.666933536529541,0.4694238305091858
1710529121572619722,-9.408834457397461,1.722019076347351,0.4885839819908142
1710529121587068748,-9.40045166015625,1.6753162145614624,0.44068360328674316
1710529121610397674,-9.419611930847168,1.706451416015625,0.5113366842269897
1710529121631372129,-9.432784080505371,1.720821499824524,0.4837939441204071
1710529121662659779,-9.417217254638672,1.6980688571929932,0.5041515827178955
1710529121679349524,-9.40045166015625,1.6813037395477295,0.48738646507263184
1710529121693820546,-9.408834457397461,1.6346008777618408,0.4346960484981537
1710529121710831823,-9.394464492797852,1.6417858600616455,0.520916759967804
1710529121736112280,-9.41003131866455,1.7100439071655273,0.5101391673088074
1710529121755167096,-9.39087200164795,1.7172290086746216,0.4778063893318176
1710529121799362570,-9.417217254638672,1.7136365175247192,0.5065466165542603
1710529121836970670,-9.432784080505371,1.6753162145614624,0.4598437547683716
1710529121860108270,-9.426796913146973,1.6681311130523682,0.5640270709991455
1710529121876961052,-9.42320442199707,1.7555493116378784,0.44188109040260315
1710529121982386028,-9.417217254638672,1.6693285703659058,0.5292993187904358
1710529122001067055,-9.439969062805176,1.632205843925476,0.5149291753768921
1710529122038642357,-9.436376571655273,1.7471667528152466,0.5328918695449829
1710529122047180925,-9.416019439697266,1.6753162145614624,0.5077441334724426
1710529122061781375,-9.40045166015625,1.7387841939926147,0.5113366842269897
1710529122080458724,-9.402846336364746,1.6202306747436523,0.5101391673088074
1710529122108591027,-9.399253845214844,1.6513659954071045,0.5137317180633545
1710529122129421541,-9.444759368896484,1.716031551361084,0.5125342011451721
1710529122142162356,-9.426796913146973,1.742376685142517,0.47660887241363525
1710529122146213616,-9.42320442199707,1.6597485542297363,0.4646337926387787
1710529122176033403,-9.431587219238281,1.666933536529541,0.48259642720222473
1710529122194805225,-9.430389404296875,1.660946011543274,0.5197192430496216
1710529122228382020,-9.411229133605957,1.7172290086746216,0.4634362757205963
1710529122276772717,-9.383686065673828,1.766326904296875,0.5149291753768921
1710529122304505720,-9.383686065673828,1.6441808938980103,0.5077441334724426
1710529122335437521,-9.388476371765137,1.6298108100891113,0.44667112827301025
1710529122369340550,-9.435179710388184,1.6489709615707397,0.49696654081344604
1710529122386038621,-9.424402236938477,1.6777111291885376,0.48259642720222473
1710529122398615404,-9.439969062805176,1.7878820896148682,0.5795947313308716
1710529122421506738,-9.462721824645996,1.6944763660430908,0.5221142768859863
1710529122438490291,-9.383686065673828,1.6633410453796387,0.4993615746498108
1710529122448699693,-9.383686065673828,1.8226099014282227,0.34608033299446106
1710529122497136330,-9.38608169555664,1.5340100526809692,0.5640270709991455
1710529122520494595,-9.418414115905762,1.840572476387024,0.4730163514614105
1710529122543671136,-9.394464492797852,1.7387841939926147,0.4430786073207855
1710529122549697489,-9.388476371765137,1.6573535203933716,0.5736072063446045
1710529122573933972,-9.420809745788574,1.6729211807250977,0.5221142768859863
1710529122608632206,-9.430389404296875,1.646575927734375,0.5221142768859863
1710529122619111577,-9.394464492797852,1.666933536529541,0.4933740198612213
1710529122629776744,-9.426796913146973,1.720821499824524,0.5604345798492432
1710529122646468548,-9.399253845214844,1.686093807220459,0.5137317180633545
1710529122665325744,-9.387279510498047,1.640588402748108,0.5125342011451721
1710529122669542715,-9.43757438659668,1.6884887218475342,0.5376818776130676
1710529122691895824,-9.388476371765137,1.6813037395477295,0.5281018018722534
1710529122707374617,-9.42320442199707,1.7088464498519897,0.47541138529777527
1710529122739069201,-9.451944351196289,1.7028589248657227,0.526904284954071
1710529122793878713,-9.4507474899292,1.6549584865570068,0.5412744283676147
1710529122816767575,-9.466314315795898,1.686093807220459,0.5257067680358887
1710529122858729120,-9.417217254638672,1.6789087057113647,0.5700146555900574
1710529122879763449,-9.399253845214844,1.7399816513061523,0.5005590915679932
1710529122896598341,-9.407636642456055,1.660946011543274,0.5257067680358887
1710529122930161286,-9.425599098205566,1.6633410453796387,0.43589356541633606
1710529122960126587,-9.4699068069458,1.682501196861267,0.4945715367794037
1710529122970621842,-9.404044151306152,1.6693285703659058,0.5532495379447937
1710529122980961058,-9.449549674987793,1.7435742616653442,0.5364843606948853
1710529122983101164,-9.426796913146973,1.652563452720642,0.4742138683795929
1710529123000008436,-9.40045166015625,1.6693285703659058,0.5041515827178955
1710529123019042074,-9.413623809814453,1.6753162145614624,0.5065466165542603
1710529123031645490,-9.42320442199707,1.6190332174301147,0.5149291753768921
1710529123058958443,-9.425599098205566,1.706451416015625,0.5185217261314392
1710529123060910295,-9.406438827514648,1.682501196861267,0.508941650390625
1710529123091836125,-9.427994728088379,1.6896862983703613,0.5017566084861755
1710529123092338892,-9.427994728088379,1.6513659954071045,0.5185217261314392
1710529123098695423,-9.425599098205566,1.6896862983703613,0.5424719452857971
1710529123126101465,-9.42320442199707,1.6537610292434692,0.4682263135910034
1710529123193417544,-9.430389404296875,1.6657360792160034,0.5005590915679932
1710529123216612446,-9.398056983947754,1.7411792278289795,0.4849914610385895
1710529123231119778,-9.433981895446777,1.6980688571929932,0.4802014231681824
1710529123250132096,-9.396859169006348,1.690883755683899,0.4897814989089966
1710529123273202304,-9.396859169006348,1.690883755683899,0.5101391673088074
1710529123294108388,-9.419611930847168,1.730401635169983,0.4885839819908142
1710529123322803798,-9.419611930847168,1.730401635169983,0.4885839819908142
1710529123376308118,-9.429191589355469,1.6872912645339966,0.5304968357086182
1710529123430767659,-9.383686065673828,1.7088464498519897,0.47541138529777527
1710529123486926292,-9.425599098205566,1.722019076347351,0.47181883454322815
1710529123495739582,-9.416019439697266,1.6813037395477295,0.5400769114494324
1710529123506234763,-9.404044151306152,1.6681311130523682,0.4945715367794037
1710529123535924703,-9.422006607055664,1.6813037395477295,0.4933740198612213
1710529123546585673,-9.426796913146973,1.6932787895202637,0.4730163514614105
1710529123573713763,-9.426796913146973,1.6346008777618408,0.47900390625
1710529123615714735,-9.418414115905762,1.6357983350753784,0.5077441334724426
1710529123653510969,-9.442364692687988,1.6501684188842773,0.4538561999797821
1710529123674487833,-9.41003131866455,1.712438941001892,0.5352868437767029
1710529123692659287,-9.399253845214844,1.7339941263198853,0.5161266922950745
1710529123714436068,-9.425599098205566,1.6429834365844727,0.4933740198612213
1710529123733391495,-9.425599098205566,1.6836987733840942,0.48618897795677185
1710529123762841433,-9.401649475097656,1.6717236042022705,0.5173242092132568
1710529123798352567,-9.420809745788574,1.7339941263198853,0.5029541254043579
1710529123811004146,-9.413623809814453,1.7327966690063477,0.5113366842269897
1710529123823496512,-9.439969062805176,1.6789087057113647,0.5221142768859863
1710529123848672118,-9.357341766357422,1.6717236042022705,0.45146119594573975
1710529123853271809,-9.489067077636719,1.802252173423767,0.49097901582717896
1710529123861372384,-9.462721824645996,1.7196240425109863,0.5520520210266113
1710529123924780696,-9.44595718383789,1.626218318939209,0.4993615746498108
1710529123928802734,-9.454339981079102,1.7028589248657227,0.4694238305091858
1710529123947557576,-9.456734657287598,1.700463891029358,0.5125342011451721
1710529124006141397,-9.426796913146973,1.6836987733840942,0.5412744283676147
1710529124021311406,-9.435179710388184,1.7136365175247192,0.4634362757205963
1710529124056954230,-9.399253845214844,1.6573535203933716,0.4646337926387787
1710529124071398600,-9.408834457397461,1.6753162145614624,0.4945715367794037
1710529124090215428,-9.425599098205566,1.6645386219024658,0.48618897795677185
1710529124092147238,-9.413623809814453,1.6729211807250977,0.4897814989089966
1710529124119804107,-9.395661354064941,1.7196240425109863,0.5005590915679932
1710529124132567725,-9.435179710388184,1.6717236042022705,0.5137317180633545
1710529124155571126,-9.411229133605957,1.7100439071655273,0.508941650390625
1710529124170367605,-9.396859169006348,1.6657360792160034,0.4837939441204071
1710529124184883225,-9.420809745788574,1.6717236042022705,0.4933740198612213
1710529124214361810,-9.422006607055664,1.6884887218475342,0.49217650294303894
1710529124223164353,-9.42320442199707,1.7028589248657227,0.4993615746498108
1710529124241724154,-9.411229133605957,1.690883755683899,0.5257067680358887
1710529124264850559,-9.407636642456055,1.676513671875,0.4945715367794037
1710529124300273562,-9.42320442199707,1.6944763660430908,0.4981640577316284
1710529124321694246,-9.407636642456055,1.7292040586471558,0.5125342011451721
1710529124340707965,-9.429191589355469,1.7076488733291626,0.5029541254043579
1710529124372134074,-9.420809745788574,1.7148339748382568,0.5245092511177063
1710529124382732487,-9.425599098205566,1.6980688571929932,0.5245092511177063
1710529124401489087,-9.425599098205566,1.6980688571929932,0.5245092511177063
1710529124437328309,-9.429191589355469,1.670526146888733,0.5221142768859863
1710529124456454803,-9.412426948547363,1.720821499824524,0.5221142768859863
1710529124504675188,-9.416019439697266,1.6681311130523682,0.5125342011451721
1710529124546681833,-9.416019439697266,1.6381933689117432,0.47062134742736816
1710529124555691683,-9.422006607055664,1.7076488733291626,0.49097901582717896
1710529124567754708,-9.433981895446777,1.6872912645339966,0.4730163514614105
1710529124588640473,-9.411229133605957,1.6801061630249023,0.508941650390625
1710529124621024897,-9.418414115905762,1.6657360792160034,0.4945715367794037
1710529124632810212,-9.417217254638672,1.7076488733291626,0.4849914610385895
1710529124653831908,-9.419611930847168,1.6789087057113647,0.508941650390625
1710529124672979158,-9.419611930847168,1.7172290086746216,0.5077441334724426
1710529124702576427,-9.435179710388184,1.6848962306976318,0.48139894008636475
1710529124723562764,-9.431587219238281,1.6741186380386353,0.508941650390625
1710529124742175311,-9.431587219238281,1.6872912645339966,0.49097901582717896
1710529124765439572,-9.417217254638672,1.7028589248657227,0.47900390625
1710529124773894102,-9.411229133605957,1.706451416015625,0.5149291753768921
1710529124790616717,-9.418414115905762,1.6777111291885376,0.48139894008636475
1710529124818001789,-9.399253845214844,1.652563452720642,0.4778063893318176
1710529124820170668,-9.427994728088379,1.6980688571929932,0.4933740198612213
1710529124845290993,-9.41003131866455,1.6896862983703613,0.5053490996360779
1710529124891562938,-9.424402236938477,1.7196240425109863,0.508941650390625
1710529124912731570,-9.438772201538086,1.6645386219024658,0.45744872093200684
1710529124983801045,-9.420809745788574,1.686093807220459,0.5101391673088074
1710529125025703243,-9.430389404296875,1.6501684188842773,0.5113366842269897
1710529125063807080,-9.418414115905762,1.7411792278289795,0.4945715367794037
1710529125090979932,-9.417217254638672,1.6836987733840942,0.5137317180633545
1710529125103805202,-9.444759368896484,1.662143588066101,0.4981640577316284
1710529125114451873,-9.433981895446777,1.6980688571929932,0.5065466165542603
1710529125145855998,-9.438772201538086,1.6549584865570068,0.4993615746498108
1710529125164790066,-9.416019439697266,1.6777111291885376,0.49576905369758606
1710529125194126849,-9.42320442199707,1.682501196861267,0.48738646507263184
1710529125208812526,-9.394464492797852,1.662143588066101,0.4993615746498108
1710529125238225790,-9.424402236938477,1.7292040586471558,0.49097901582717896
1710529125240513347,-9.420809745788574,1.6717236042022705,0.49217650294303894
1710529125280245336,-9.413623809814453,1.646575927734375,0.5161266922950745
1710529125301147710,-9.416019439697266,1.6801061630249023,0.5233117938041687
1710529125313805813,-9.416019439697266,1.6813037395477295,0.4778063893318176
1710529125330410562,-9.426796913146973,1.690883755683899,0.5053490996360779
1710529125360020450,-9.419611930847168,1.6848962306976318,0.5292993187904358
1710529125420888243,-9.417217254638672,1.676513671875,0.4885839819908142
1710529125438043869,-9.42320442199707,1.7136365175247192,0.4897814989089966
1710529125467323744,-9.427994728088379,1.6777111291885376,0.49217650294303894
1710529125493365086,-9.413623809814453,1.6836987733840942,0.4849914610385895
1710529125511167795,-9.430389404296875,1.722019076347351,0.508941650390625
1710529125580859465,-9.435179710388184,1.6980688571929932,0.5292993187904358
1710529125645737821,-9.429191589355469,1.690883755683899,0.5292993187904358
1710529125670974437,-9.42320442199707,1.6417858600616455,0.4993615746498108
1710529125708732792,-9.430389404296875,1.6956738233566284,0.5041515827178955
1710529125734165104,-9.424402236938477,1.6813037395477295,0.49097901582717896
1710529125780215343,-9.427994728088379,1.720821499824524,0.5161266922950745
1710529125822990903,-9.429191589355469,1.6980688571929932,0.5017566084861755
1710529125845560938,-9.420809745788574,1.6932787895202637,0.5281018018722534
1710529125891561404,-9.408834457397461,1.690883755683899,0.5053490996360779
1710529125929201016,-9.412426948547363,1.6980688571929932,0.4933740198612213
1710529125944107834,-9.42320442199707,1.6801061630249023,0.5077441334724426
1710529125957000150,-9.431587219238281,1.6789087057113647,0.5185217261314392
1710529125978111999,-9.405241966247559,1.7040563821792603,0.4837939441204071
1710529126009512162,-9.407636642456055,1.6872912645339966,0.5173242092132568
1710529126024369697,-9.427994728088379,1.690883755683899,0.4730163514614105
1710529126057935879,-9.426796913146973,1.6980688571929932,0.5185217261314392
1710529126078899987,-9.419611930847168,1.6956738233566284,0.5137317180633545
1710529126090918099,-9.411229133605957,1.706451416015625,0.4802014231681824
1710529126118938357,-9.43757438659668,1.716031551361084,0.4730163514614105
1710529126129352652,-9.422006607055664,1.696871280670166,0.5101391673088074
1710529126148371229,-9.407636642456055,1.7148339748382568,0.49217650294303894
1710529126160819443,-9.429191589355469,1.7136365175247192,0.4981640577316284
1710529126169225649,-9.419611930847168,1.692081332206726,0.5257067680358887
1710529126196529882,-9.433981895446777,1.7016613483428955,0.48618897795677185
1710529126204971743,-9.433981895446777,1.7016613483428955,0.4945715367794037
1710529126236384784,-9.429191589355469,1.670526146888733,0.508941650390625
1710529126268090188,-9.405241966247559,1.670526146888733,0.5017566084861755
1710529126297204995,-9.430389404296875,1.7591418027877808,0.5161266922950745
1710529126307921566,-9.427994728088379,1.7112414836883545,0.4933740198612213
1710529126335309097,-9.412426948547363,1.706451416015625,0.5281018018722534
1710529126343771507,-9.432784080505371,1.6501684188842773,0.49576905369758606
1710529126347974258,-9.426796913146973,1.712438941001892,0.5245092511177063
1710529126366860436,-9.418414115905762,1.6992663145065308,0.5101391673088074
1710529126383633305,-9.430389404296875,1.6956738233566284,0.48618897795677185
1710529126413020777,-9.424402236938477,1.6992663145065308,0.5352868437767029
1710529126434199642,-9.401649475097656,1.6286132335662842,0.5556445121765137
1710529126453039380,-9.406438827514648,1.7172290086746216,0.4993615746498108
1710529126482455587,-9.408834457397461,1.676513671875,0.508941650390625
1710529126492753262,-9.424402236938477,1.6980688571929932,0.5364843606948853
1710529126564984262,-9.407636642456055,1.716031551361084,0.5113366842269897
1710529126596274270,-9.425599098205566,1.6884887218475342,0.48618897795677185
1710529126632697645,-9.429191589355469,1.6932787895202637,0.5352868437767029
1710529126638345776,-9.404044151306152,1.722019076347351,0.5077441334724426
1710529126673882467,-9.427994728088379,1.6633410453796387,0.5077441334724426
1710529126699170324,-9.436376571655273,1.7016613483428955,0.5173242092132568
1710529126713717099,-9.422006607055664,1.6429834365844727,0.5257067680358887
1710529126728795806,-9.411229133605957,1.7483642101287842,0.508941650390625
1710529126749501956,-9.419611930847168,1.7339941263198853,0.49097901582717896
1710529126766561520,-9.424402236938477,1.6992663145065308,0.5340893268585205
1710529126793844520,-9.44595718383789,1.690883755683899,0.5281018018722534
1710529126823156476,-9.426796913146973,1.6789087057113647,0.5340893268585205
1710529126855359988,-9.433981895446777,1.706451416015625,0.4993615746498108
1710529126863173078,-9.413623809814453,1.6753162145614624,0.5281018018722534
1710529126871510670,-9.413623809814453,1.6980688571929932,0.49576905369758606
1710529126892045810,-9.41482162475586,1.726809024810791,0.5005590915679932
1710529126934533793,-9.429191589355469,1.696871280670166,0.5185217261314392
1710529126953466020,-9.422006607055664,1.690883755683899,0.5245092511177063
1710529126970202168,-9.432784080505371,1.7076488733291626,0.5113366842269897
1710529126989088872,-9.404044151306152,1.6777111291885376,0.5281018018722534
1710529127020445914,-9.41003131866455,1.7411792278289795,0.4837939441204071
1710529127045684004,-9.42320442199707,1.7112414836883545,0.5316943526268005
1710529127056178372,-9.407636642456055,1.6848962306976318,0.5185217261314392
1710529127075004980,-9.424402236938477,1.7112414836883545,0.49217650294303894
1710529127093971797,-9.427994728088379,1.6884887218475342,0.5077441334724426
1710529127125331745,-9.425599098205566,1.7100439071655273,0.5161266922950745
1710529127159321392,-9.454339981079102,1.6801061630249023,0.5292993187904358
1710529127182383333,-9.407636642456055,1.676513671875,0.5316943526268005
1710529127207676238,-9.416019439697266,1.6884887218475342,0.47900390625
1710529127222329322,-9.427994728088379,1.6789087057113647,0.5484594702720642
1710529127245378472,-9.41482162475586,1.6956738233566284,0.5257067680358887
1710529127260061424,-9.408834457397461,1.690883755683899,0.4981640577316284
1710529127299705840,-9.413623809814453,1.6489709615707397,0.5029541254043579
1710529127327339740,-9.402846336364746,1.7076488733291626,0.5448669195175171
1710529127394810616,-9.422006607055664,1.6417858600616455,0.5245092511177063
1710529127405146036,-9.430389404296875,1.7292040586471558,0.5376818776130676
1710529127411652341,-9.420809745788574,1.700463891029358,0.5448669195175171
1710529127443056299,-9.416019439697266,1.6944763660430908,0.5137317180633545
1710529127480822450,-9.429191589355469,1.6932787895202637,0.5161266922950745
1710529127508145503,-9.419611930847168,1.6585509777069092,0.5101391673088074
1710529127526947284,-9.441166877746582,1.7292040586471558,0.5005590915679932
1710529127535483460,-9.41482162475586,1.6992663145065308,0.4945715367794037
1710529127543922155,-9.425599098205566,1.7076488733291626,0.5053490996360779
1710529127561415924,-9.422006607055664,1.6956738233566284,0.5005590915679932
1710529127579660259,-9.438772201538086,1.720821499824524,0.5245092511177063
1710529127586123912,-9.417217254638672,1.6777111291885376,0.5173242092132568
1710529127609347590,-9.425599098205566,1.6932787895202637,0.550854504108429
1710529127615426621,-9.431587219238281,1.700463891029358,0.5412744283676147
1710529127647151421,-9.413623809814453,1.666933536529541,0.5233117938041687
1710529127665898824,-9.424402236938477,1.6801061630249023,0.5352868437767029
1710529127692887887,-9.431587219238281,1.6872912645339966,0.526904284954071
1710529127707792578,-9.405241966247559,1.696871280670166,0.5041515827178955
1710529127726913860,-9.435179710388184,1.7232165336608887,0.5304968357086182
1710529127739365980,-9.424402236938477,1.7040563821792603,0.4933740198612213
1710529127760352870,-9.399253845214844,1.690883755683899,0.46223875880241394
1710529127769569241,-9.41482162475586,1.6956738233566284,0.5245092511177063
1710529127796263318,-9.433981895446777,1.7028589248657227,0.520916759967804
1710529127825505783,-9.411229133605957,1.696871280670166,0.5017566084861755
1710529127871871127,-9.419611930847168,1.7280066013336182,0.520916759967804
1710529127892044091,-9.420809745788574,1.7244141101837158,0.5257067680358887
1710529127920216295,-9.433981895446777,1.682501196861267,0.5101391673088074
1710529127932771352,-9.42320442199707,1.6777111291885376,0.5029541254043579
1710529127957883673,-9.416019439697266,1.7100439071655273,0.5544469952583313
1710529127965075231,-9.420809745788574,1.6836987733840942,0.5424719452857971
1710529127991610503,-9.420809745788574,1.6645386219024658,0.4933740198612213
1710529128021021755,-9.435179710388184,1.696871280670166,0.5328918695449829
1710529128031562432,-9.401649475097656,1.712438941001892,0.5149291753768921
1710529128079790553,-9.413623809814453,1.700463891029358,0.5041515827178955
1710529128102723379,-9.411229133605957,1.722019076347351,0.5065466165542603
1710529128180746025,-9.424402236938477,1.6346008777618408,0.5125342011451721
1710529128184861038,-9.411229133605957,1.6956738233566284,0.5400769114494324
1710529128224721870,-9.431587219238281,1.7100439071655273,0.5041515827178955
1710529128229004231,-9.426796913146973,1.7088464498519897,0.5101391673088074
1710529128237431639,-9.405241966247559,1.716031551361084,0.5017566084861755
1710529128260679871,-9.422006607055664,1.6896862983703613,0.5628296136856079
1710529128291132133,-9.413623809814453,1.7399816513061523,0.556842029094696
1710529128304986197,-9.408834457397461,1.666933536529541,0.5736072063446045
1710529128317460100,-9.443561553955078,1.706451416015625,0.5352868437767029
1710529128330422298,-9.412426948547363,1.6836987733840942,0.5041515827178955
1710529128361753520,-9.412426948547363,1.7076488733291626,0.520916759967804
1710529128370168393,-9.420809745788574,1.6597485542297363,0.5281018018722534
1710529128393246313,-9.419611930847168,1.730401635169983,0.49097901582717896
1710529128405825840,-9.411229133605957,1.6813037395477295,0.5173242092132568
1710529128443633123,-9.416019439697266,1.6896862983703613,0.508941650390625
1710529128449877470,-9.425599098205566,1.6657360792160034,0.5149291753768921
1710529128489618521,-9.411229133605957,1.7315990924835205,0.5185217261314392
1710529128512750054,-9.416019439697266,1.720821499824524,0.5029541254043579
1710529128538198053,-9.432784080505371,1.6681311130523682,0.5221142768859863
1710529128550594317,-9.417217254638672,1.712438941001892,0.5328918695449829
1710529128578212732,-9.407636642456055,1.7052539587020874,0.526904284954071
1710529128595131381,-9.422006607055664,1.6777111291885376,0.5221142768859863
1710529128603539236,-9.439969062805176,1.722019076347351,0.5173242092132568
1710529128616126688,-9.413623809814453,1.722019076347351,0.5173242092132568
1710529128645564327,-9.416019439697266,1.6848962306976318,0.5340893268585205
1710529128656022333,-9.419611930847168,1.6741186380386353,0.5221142768859863
1710529128658079771,-9.424402236938477,1.7016613483428955,0.5221142768859863
1710529128674915960,-9.41482162475586,1.6657360792160034,0.5400769114494324
1710529128692048628,-9.417217254638672,1.7327966690063477,0.5424719452857971
1710529128723002779,-9.432784080505371,1.6956738233566284,0.49696654081344604
1710529128729372855,-9.431587219238281,1.6777111291885376,0.5221142768859863
1710529128740089997,-9.425599098205566,1.6681311130523682,0.5125342011451721
1710529128763093890,-9.426796913146973,1.7315990924835205,0.5017566084861755
1710529128775701315,-9.405241966247559,1.6848962306976318,0.4849914610385895
1710529128834535946,-9.40045166015625,1.6549584865570068,0.5304968357086182
1710529128901894029,-9.425599098205566,1.742376685142517,0.5304968357086182
1710529128946686723,-9.424402236938477,1.7040563821792603,0.5292993187904358
1710529128952748576,-9.420809745788574,1.6357983350753784,0.5340893268585205
1710529128978124197,-9.418414115905762,1.7256115674972534,0.5125342011451721
1710529129003663492,-9.424402236938477,1.7028589248657227,0.508941650390625
1710529129053431823,-9.429191589355469,1.700463891029358,0.5412744283676147
1710529129093190045,-9.422006607055664,1.6693285703659058,0.5316943526268005
1710529129116449626,-9.413623809814453,1.690883755683899,0.5173242092132568
1710529129141567176,-9.419611930847168,1.706451416015625,0.5316943526268005
1710529129194120253,-9.412426948547363,1.6932787895202637,0.5161266922950745
1710529129221452356,-9.408834457397461,1.686093807220459,0.5125342011451721
1710529129254917906,-9.436376571655273,1.6501684188842773,0.5304968357086182
1710529129273846696,-9.419611930847168,1.6777111291885376,0.508941650390625
1710529129290176428,-9.417217254638672,1.690883755683899,0.5340893268585205
1710529129311482317,-9.42320442199707,1.692081332206726,0.5029541254043579
1710529129345045250,-9.411229133605957,1.696871280670166,0.5424719452857971
1710529129391427341,-9.425599098205566,1.7016613483428955,0.5065466165542603
1710529129420783401,-9.433981895446777,1.7172290086746216,0.5077441334724426
1710529129446033698,-9.441166877746582,1.6836987733840942,0.5197192430496216
1710529129452405918,-9.41482162475586,1.730401635169983,0.5053490996360779
1710529129479582625,-9.432784080505371,1.6549584865570068,0.5281018018722534
1710529129500615478,-9.41003131866455,1.7076488733291626,0.5065466165542603
1710529129525994987,-9.426796913146973,1.6717236042022705,0.5005590915679932
1710529129593101195,-9.422006607055664,1.666933536529541,0.5233117938041687
1710529129618468664,-9.422006607055664,1.656156063079834,0.5125342011451721
1710529129631121387,-9.411229133605957,1.696871280670166,0.4981640577316284
1710529129645543055,-9.417217254638672,1.686093807220459,0.5113366842269897
1710529129690784537,-9.424402236938477,1.7184264659881592,0.5173242092132568
1710529129725221309,-9.422006607055664,1.6980688571929932,0.5185217261314392
1710529129740630859,-9.429191589355469,1.666933536529541,0.5197192430496216
1710529129755110857,-9.405241966247559,1.7244141101837158,0.4802014231681824
1710529129763470987,-9.435179710388184,1.6848962306976318,0.5029541254043579
1710529129773878922,-9.419611930847168,1.6753162145614624,0.5281018018722534
1710529129798918724,-9.408834457397461,1.7184264659881592,0.4802014231681824
1710529129817802942,-9.417217254638672,1.6789087057113647,0.4933740198612213
1710529129840933808,-9.432784080505371,1.670526146888733,0.5149291753768921
1710529129892280617,-9.419611930847168,1.6992663145065308,0.5161266922950745
1710529129908267069,-9.441166877746582,1.6813037395477295,0.5065466165542603
1710529129914355952,-9.40045166015625,1.7076488733291626,0.5137317180633545
1710529129916533264,-9.444759368896484,1.6801061630249023,0.5149291753768921
1710529129941676141,-9.420809745788574,1.6573535203933716,0.5029541254043579
1710529129960818458,-9.41482162475586,1.722019076347351,0.5292993187904358
1710529129990251819,-9.438772201538086,1.6777111291885376,0.5149291753768921
1710529130004922758,-9.422006607055664,1.7016613483428955,0.48618897795677185
1710529130023635583,-9.424402236938477,1.6777111291885376,0.5041515827178955
1710529130030236698,-9.426796913146973,1.6848962306976318,0.5376818776130676
1710529130061805093,-9.424402236938477,1.706451416015625,0.5161266922950745
1710529130092948005,-9.435179710388184,1.6944763660430908,0.5292993187904358
1710529130128825342,-9.418414115905762,1.7244141101837158,0.5233117938041687
1710529130158349492,-9.412426948547363,1.670526146888733,0.49217650294303894
1710529130254839878,-9.430389404296875,1.6657360792160034,0.5005590915679932
1710529130263213093,-9.430389404296875,1.720821499824524,0.5197192430496216
1710529130294201648,-9.425599098205566,1.6813037395477295,0.49576905369758606
1710529130313466177,-9.429191589355469,1.712438941001892,0.526904284954071
1710529130345279677,-9.411229133605957,1.6992663145065308,0.5029541254043579
1710529130351396142,-9.433981895446777,1.7088464498519897,0.5041515827178955
1710529130387403124,-9.424402236938477,1.6693285703659058,0.5053490996360779
1710529130466929387,-9.42320442199707,1.7315990924835205,0.5233117938041687
1710529130504543138,-9.43757438659668,1.676513671875,0.5029541254043579
1710529130529789709,-9.433981895446777,1.6813037395477295,0.5149291753768921
1710529130569932916,-9.427994728088379,1.7088464498519897,0.5125342011451721
1710529130596977053,-9.424402236938477,1.7292040586471558,0.5149291753768921
1710529130626466014,-9.431587219238281,1.706451416015625,0.5281018018722534
1710529130708558200,-9.429191589355469,1.692081332206726,0.5197192430496216
1710529130763086107,-9.42320442199707,1.7148339748382568,0.5149291753768921
1710529130786093576,-9.41482162475586,1.7028589248657227,0.5161266922950745
1710529130792354532,-9.431587219238281,1.696871280670166,0.48618897795677185
1710529130817551356,-9.430389404296875,1.6848962306976318,0.4849914610385895
1710529130855490121,-9.431587219238281,1.656156063079834,0.5149291753768921
1710529130958404541,-9.427994728088379,1.6980688571929932,0.5065466165542603
1710529130983563444,-9.436376571655273,1.6884887218475342,0.5041515827178955
1710529130994130297,-9.401649475097656,1.696871280670166,0.520916759967804
1710529131017312976,-9.441166877746582,1.7040563821792603,0.4945715367794037
1710529131034178602,-9.427994728088379,1.7076488733291626,0.5101391673088074
1710529131078339353,-9.431587219238281,1.6501684188842773,0.47900390625
1710529131099242171,-9.433981895446777,1.6753162145614624,0.5149291753768921
1710529131126856382,-9.426796913146973,1.7040563821792603,0.5065466165542603
1710529131145719593,-9.416019439697266,1.6729211807250977,0.49217650294303894
1710529131170834369,-9.42320442199707,1.6872912645339966,0.4981640577316284
1710529131189832421,-9.416019439697266,1.6944763660430908,0.5041515827178955
1710529131210983682,-9.42320442199707,1.6729211807250977,0.5005590915679932
1710529131233877617,-9.419611930847168,1.6956738233566284,0.5125342011451721
1710529131250593885,-9.41482162475586,1.6717236042022705,0.5101391673088074
1710529131267678489,-9.429191589355469,1.7112414836883545,0.5041515827178955
1710529131271930319,-9.425599098205566,1.6884887218475342,0.49097901582717896
1710529131302946468,-9.41003131866455,1.6932787895202637,0.5029541254043579
1710529131330659169,-9.413623809814453,1.670526146888733,0.4837939441204071
1710529131355501465,-9.41482162475586,1.6932787895202637,0.5113366842269897
1710529131364108128,-9.429191589355469,1.696871280670166,0.4993615746498108
1710529131387221417,-9.419611930847168,1.6848962306976318,0.49696654081344604
1710529131406134753,-9.431587219238281,1.700463891029358,0.5017566084861755
1710529131412491179,-9.413623809814453,1.666933536529541,0.4981640577316284
1710529131443976699,-9.401649475097656,1.682501196861267,0.4945715367794037
1710529131469083242,-9.433981895446777,1.690883755683899,0.5017566084861755
1710529131498316504,-9.430389404296875,1.6980688571929932,0.5041515827178955
1710529131525503353,-9.41482162475586,1.6956738233566284,0.5233117938041687
1710529131538262273,-9.402846336364746,1.726809024810791,0.508941650390625
1710529131578148797,-9.432784080505371,1.676513671875,0.4885839819908142
1710529131590816730,-9.433981895446777,1.7028589248657227,0.5161266922950745
1710529131624470178,-9.419611930847168,1.7112414836883545,0.5041515827178955
1710529131641339067,-9.417217254638672,1.692081332206726,0.5149291753768921
1710529131655906989,-9.438772201538086,1.7280066013336182,0.508941650390625
1710529131699545887,-9.430389404296875,1.696871280670166,0.4993615746498108
1710529131720630641,-9.425599098205566,1.6896862983703613,0.5041515827178955
1710529131761041544,-9.402846336364746,1.696871280670166,0.5077441334724426
1710529131775790265,-9.427994728088379,1.6753162145614624,0.5053490996360779
1710529131798922180,-9.429191589355469,1.7088464498519897,0.5125342011451721
1710529131863834527,-9.418414115905762,1.692081332206726,0.526904284954071
1710529131874258011,-9.431587219238281,1.706451416015625,0.5041515827178955
1710529131948042142,-9.425599098205566,1.690883755683899,0.5065466165542603
1710529131971186018,-9.41482162475586,1.6872912645339966,0.5065466165542603
1710529132019373868,-9.42320442199707,1.690883755683899,0.5005590915679932
1710529132025520931,-9.413623809814453,1.6980688571929932,0.5125342011451721
1710529132040324559,-9.416019439697266,1.6896862983703613,0.5017566084861755
1710529132059290129,-9.417217254638672,1.7028589248657227,0.5077441334724426
1710529132090486095,-9.427994728088379,1.690883755683899,0.5053490996360779
1710529132111686257,-9.427994728088379,1.690883755683899,0.5053490996360779
1710529132143314448,-9.406438827514648,1.6848962306976318,0.4933740198612213
1710529132164411855,-9.439969062805176,1.6741186380386353,0.4993615746498108
1710529132187452761,-9.418414115905762,1.7387841939926147,0.5077441334724426
1710529132227174001,-9.424402236938477,1.6597485542297363,0.5053490996360779
1710529132248507654,-9.425599098205566,1.712438941001892,0.5101391673088074
1710529132298552134,-9.425599098205566,1.652563452720642,0.5137317180633545
1710529132308976206,-9.426796913146973,1.7292040586471558,0.49696654081344604
1710529132315577511,-9.432784080505371,1.6956738233566284,0.5005590915679932
1710529132332442581,-9.429191589355469,1.7280066013336182,0.5077441334724426
1710529132340685556,-9.412426948547363,1.6848962306976318,0.526904284954071
1710529132359504366,-9.422006607055664,1.682501196861267,0.5137317180633545
1710529132386837253,-9.427994728088379,1.7028589248657227,0.5137317180633545
1710529132431130583,-9.431587219238281,1.686093807220459,0.5029541254043579
1710529132460410991,-9.430389404296875,1.6777111291885376,0.5029541254043579
1710529132477177765,-9.420809745788574,1.7100439071655273,0.5077441334724426
1710529132498012527,-9.426796913146973,1.6789087057113647,0.5149291753768921
1710529132529844752,-9.413623809814453,1.6597485542297363,0.4849914610385895
1710529132569788677,-9.411229133605957,1.6836987733840942,0.5029541254043579
1710529132582367372,-9.431587219238281,1.7016613483428955,0.5221142768859863
1710529132601307452,-9.416019439697266,1.730401635169983,0.5053490996360779
1710529132616053445,-9.417217254638672,1.6753162145614624,0.4993615746498108
1710529132654085239,-9.408834457397461,1.7280066013336182,0.5053490996360779
1710529132679327362,-9.402846336364746,1.6884887218475342,0.49217650294303894
1710529132693260820,-9.417217254638672,1.7399816513061523,0.5197192430496216
1710529132704561037,-9.411229133605957,1.6657360792160034,0.5005590915679932
1710529132765645686,-9.422006607055664,1.6633410453796387,0.4550537168979645
1710529132803255022,-9.393266677856445,1.6848962306976318,0.4981640577316284
1710529132824410749,-9.418414115905762,1.6944763660430908,0.5352868437767029
1710529132845482520,-9.412426948547363,1.6753162145614624,0.48738646507263184
1710529132868465795,-9.413623809814453,1.6956738233566284,0.49576905369758606
1710529132872684577,-9.418414115905762,1.6777111291885376,0.526904284954071
1710529132897648061,-9.427994728088379,1.6633410453796387,0.5125342011451721
1710529132937999672,-9.419611930847168,1.706451416015625,0.5017566084861755
1710529133011622714,-9.42320442199707,1.6932787895202637,0.5017566084861755
1710529133020014790,-9.418414115905762,1.726809024810791,0.4849914610385895
1710529133034650172,-9.411229133605957,1.6681311130523682,0.5173242092132568
1710529133041138171,-9.42320442199707,1.7028589248657227,0.5245092511177063
1710529133072572185,-9.424402236938477,1.6729211807250977,0.5101391673088074
1710529133093343505,-9.41482162475586,1.7052539587020874,0.5029541254043579
1710529133146219912,-9.422006607055664,1.6896862983703613,0.5017566084861755
1710529133161024855,-9.418414115905762,1.6896862983703613,0.5412744283676147
1710529133186207700,-9.422006607055664,1.696871280670166,0.49576905369758606
1710529133202873114,-9.395661354064941,1.7052539587020874,0.5041515827178955
1710529133219784491,-9.439969062805176,1.706451416015625,0.5197192430496216
1710529133249165318,-9.41003131866455,1.712438941001892,0.49097901582717896
1710529133292946468,-9.413623809814453,1.6884887218475342,0.5328918695449829
1710529133309906298,-9.418414115905762,1.6932787895202637,0.5065466165542603
1710529133341515361,-9.420809745788574,1.676513671875,0.49696654081344604
1710529133390043395,-9.418414115905762,1.6992663145065308,0.4933740198612213
1710529133419466263,-9.42320442199707,1.682501196861267,0.5005590915679932
1710529133429732606,-9.420809745788574,1.7016613483428955,0.5257067680358887
1710529133461256375,-9.448351860046387,1.696871280670166,0.5005590915679932
1710529133463426615,-9.416019439697266,1.6992663145065308,0.47541138529777527
1710529133474060524,-9.418414115905762,1.6932787895202637,0.4993615746498108
1710529133489175053,-9.418414115905762,1.6932787895202637,0.4993615746498108
1710529133513807638,-9.41482162475586,1.6884887218475342,0.5257067680358887
1710529133528652003,-9.447154998779297,1.7327966690063477,0.5125342011451721
1710529133560209781,-9.484277725219727,1.7076488733291626,0.5364843606948853
1710529133568640310,-9.475894927978516,1.6932787895202637,0.49576905369758606
1710529133600080056,-9.444759368896484,1.7076488733291626,0.4945715367794037
1710529133635659071,-9.401649475097656,1.7076488733291626,0.4945715367794037
1710529133637894713,-9.427994728088379,1.6896862983703613,0.49576905369758606
1710529133650509670,-9.424402236938477,1.7052539587020874,0.5125342011451721
1710529133702990962,-9.411229133605957,1.666933536529541,0.5364843606948853
1710529133709229058,-9.433981895446777,1.6992663145065308,0.5185217261314392
1710529133732483110,-9.425599098205566,1.6777111291885376,0.48738646507263184
1710529133755614002,-9.41482162475586,1.6992663145065308,0.4802014231681824
1710529133768768864,-9.424402236938477,1.6836987733840942,0.5257067680358887
1710529133776748845,-9.420809745788574,1.7040563821792603,0.47660887241363525
1710529133799784601,-9.435179710388184,1.6884887218475342,0.5245092511177063
1710529133814785774,-9.401649475097656,1.6537610292434692,0.5101391673088074
1710529133837661815,-9.436376571655273,1.6789087057113647,0.5352868437767029
1710529133858651060,-9.42320442199707,1.6777111291885376,0.5101391673088074
1710529133869105559,-9.422006607055664,1.6932787895202637,0.5017566084861755
1710529133889903218,-9.438772201538086,1.6717236042022705,0.5101391673088074
1710529133913281450,-9.418414115905762,1.686093807220459,0.48259642720222473
1710529133945282799,-9.416019439697266,1.690883755683899,0.49217650294303894
1710529133957525647,-9.427994728088379,1.716031551361084,0.5065466165542603
1710529133978542574,-9.424402236938477,1.6513659954071045,0.5053490996360779
1710529134003643461,-9.42320442199707,1.6944763660430908,0.49097901582717896
1710529134020471312,-9.426796913146973,1.6944763660430908,0.5017566084861755
1710529134049876664,-9.433981895446777,1.6789087057113647,0.5185217261314392
1710529134077289314,-9.427994728088379,1.7112414836883545,0.5316943526268005
1710529134093872529,-9.407636642456055,1.6633410453796387,0.5137317180633545
1710529134106684754,-9.405241966247559,1.7136365175247192,0.48738646507263184
1710529134119354883,-9.419611930847168,1.6896862983703613,0.5113366842269897
1710529134134201073,-9.417217254638672,1.682501196861267,0.5352868437767029
1710529134182212231,-9.425599098205566,1.670526146888733,0.49696654081344604
1710529134190806304,-9.42320442199707,1.6789087057113647,0.5005590915679932
1710529134224125817,-9.432784080505371,1.6657360792160034,0.5149291753768921
1710529134232812492,-9.418414115905762,1.676513671875,0.5221142768859863
1710529134257862740,-9.411229133605957,1.7172290086746216,0.5281018018722534
1710529134278745132,-9.433981895446777,1.676513671875,0.5328918695449829
1710529134310810828,-9.425599098205566,1.6884887218475342,0.520916759967804
1710529134375395565,-9.42320442199707,1.682501196861267,0.5077441334724426
1710529134394215130,-9.425599098205566,1.706451416015625,0.5197192430496216
1710529134409007476,-9.416019439697266,1.7136365175247192,0.4945715367794037
1710529134453066000,-9.398056983947754,1.7088464498519897,0.5077441334724426
1710529134480316513,-9.411229133605957,1.712438941001892,0.5041515827178955
1710529134490897253,-9.416019439697266,1.6693285703659058,0.48139894008636475
1710529134513917602,-9.41482162475586,1.6980688571929932,0.5173242092132568
1710529134524384301,-9.42320442199707,1.7028589248657227,0.5161266922950745
1710529134543572887,-9.420809745788574,1.6944763660430908,0.5077441334724426
1710529134552156986,-9.424402236938477,1.6741186380386353,0.5149291753768921
1710529134572973625,-9.416019439697266,1.6992663145065308,0.5041515827178955
1710529134585533250,-9.431587219238281,1.7076488733291626,0.5149291753768921
1710529134619330283,-9.406438827514648,1.686093807220459,0.5125342011451721
1710529134627906184,-9.416019439697266,1.706451416015625,0.508941650390625
1710529134632199628,-9.420809745788574,1.6956738233566284,0.526904284954071
1710529134659443401,-9.420809745788574,1.7016613483428955,0.5041515827178955
1710529134689383858,-9.408834457397461,1.686093807220459,0.5185217261314392
1710529134729010862,-9.432784080505371,1.6992663145065308,0.5101391673088074
1710529134758665818,-9.432784080505371,1.690883755683899,0.5017566084861755
1710529134762689195,-9.419611930847168,1.682501196861267,0.5125342011451721
1710529134773190877,-9.432784080505371,1.6884887218475342,0.5149291753768921
1710529134796409105,-9.424402236938477,1.6836987733840942,0.5101391673088074
1710529134819495362,-9.431587219238281,1.7088464498519897,0.5041515827178955
1710529134836178572,-9.40045166015625,1.682501196861267,0.526904284954071
1710529134850910780,-9.430389404296875,1.6848962306976318,0.4945715367794037
1710529134874068007,-9.401649475097656,1.6932787895202637,0.5173242092132568
1710529134916286798,-9.425599098205566,1.7016613483428955,0.508941650390625
1710529134924458265,-9.412426948547363,1.696871280670166,0.5053490996360779
1710529134947646926,-9.41482162475586,1.700463891029358,0.5257067680358887
1710529134975068772,-9.422006607055664,1.682501196861267,0.5149291753768921
1710529134991829629,-9.41003131866455,1.682501196861267,0.5113366842269897
1710529135020977396,-9.41003131866455,1.6944763660430908,0.5005590915679932
1710529135031793420,-9.426796913146973,1.6992663145065308,0.5173242092132568
1710529135082128639,-9.416019439697266,1.7040563821792603,0.5316943526268005
1710529135105438385,-9.42320442199707,1.7088464498519897,0.5257067680358887
1710529135124220899,-9.420809745788574,1.6956738233566284,0.5113366842269897
1710529135191536487,-9.413623809814453,1.6980688571929932,0.5113366842269897
1710529135214738135,-9.420809745788574,1.7040563821792603,0.5077441334724426
1710529135254713731,-9.42320442199707,1.6657360792160034,0.526904284954071
1710529135261016506,-9.426796913146973,1.6717236042022705,0.49576905369758606
1710529135296576641,-9.408834457397461,1.6956738233566284,0.5053490996360779
1710529135315414799,-9.422006607055664,1.6932787895202637,0.5101391673088074
1710529135338636137,-9.419611930847168,1.6477733850479126,0.4837939441204071
1710529135359717987,-9.426796913146973,1.696871280670166,0.5460644364356995
1710529135427260718,-9.451944351196289,1.706451416015625,0.5041515827178955
1710529135464884158,-9.425599098205566,1.6645386219024658,0.5113366842269897
1710529135469186200,-9.429191589355469,1.686093807220459,0.4981640577316284
1710529135500679943,-9.407636642456055,1.686093807220459,0.5113366842269897
1710529135504906798,-9.411229133605957,1.686093807220459,0.49696654081344604
1710529135523951753,-9.416019439697266,1.6848962306976318,0.520916759967804
1710529135570331633,-9.419611930847168,1.6717236042022705,0.5257067680358887
1710529135574510774,-9.41482162475586,1.6896862983703613,0.5137317180633545
1710529135593588965,-9.425599098205566,1.676513671875,0.5137317180633545
1710529135618664636,-9.424402236938477,1.692081332206726,0.5065466165542603
1710529135643992249,-9.426796913146973,1.7184264659881592,0.5101391673088074
1710529135667103263,-9.406438827514648,1.706451416015625,0.5029541254043579
1710529135669146197,-9.413623809814453,1.6801061630249023,0.5125342011451721
1710529135698203462,-9.418414115905762,1.6813037395477295,0.5161266922950745
1710529135734710718,-9.408834457397461,1.7052539587020874,0.5149291753768921
1710529135755389101,-9.422006607055664,1.6801061630249023,0.5137317180633545
1710529135774289518,-9.426796913146973,1.6956738233566284,0.5233117938041687
1710529135799440919,-9.424402236938477,1.6848962306976318,0.5101391673088074
1710529135820789081,-9.436376571655273,1.7076488733291626,0.5017566084861755
1710529135856061298,-9.435179710388184,1.660946011543274,0.5161266922950745
1710529135870581643,-9.424402236938477,1.6896862983703613,0.48139894008636475
1710529135886531054,-9.431587219238281,1.6789087057113647,0.4945715367794037
1710529135897842732,-9.424402236938477,1.666933536529541,0.5029541254043579
1710529135944486977,-9.41003131866455,1.7531542778015137,0.48738646507263184
1710529135973769512,-9.438772201538086,1.6202306747436523,0.43709105253219604
1710529135984440478,-9.389674186706543,1.7471667528152466,0.5197192430496216
1710529136003321556,-9.430389404296875,1.6956738233566284,0.5221142768859863
1710529136007346882,-9.430389404296875,1.6956738233566284,0.5221142768859863
1710529136026438878,-9.430389404296875,1.73638916015625,0.49576905369758606
1710529136057712996,-9.433981895446777,1.6980688571929932,0.4742138683795929
1710529136089946365,-9.431587219238281,1.6142431497573853,0.53887939453125
1710529136143685104,-9.427994728088379,1.660946011543274,0.4993615746498108
1710529136160707521,-9.436376571655273,1.6956738233566284,0.49576905369758606
1710529136185888936,-9.412426948547363,1.6992663145065308,0.5281018018722534
1710529136204780414,-9.41482162475586,1.7675243616104126,0.47062134742736816
1710529136223582380,-9.41482162475586,1.7675243616104126,0.47062134742736816
1710529136248666770,-9.420809745788574,1.6944763660430908,0.4885839819908142
1710529136265289861,-9.402846336364746,1.6214282512664795,0.5640270709991455
1710529136290403333,-9.42320442199707,1.756746768951416,0.47062134742736816
1710529136303103441,-9.439969062805176,1.6274157762527466,0.4849914610385895
1710529136339116500,-9.425599098205566,1.7351917028427124,0.5400769114494324
1710529136362323752,-9.417217254638672,1.6848962306976318,0.5352868437767029
1710529136379144353,-9.418414115905762,1.6645386219024658,0.5005590915679932
1710529136404464408,-9.430389404296875,1.7280066013336182,0.520916759967804
1710529136448669240,-9.416019439697266,1.6741186380386353,0.5376818776130676
1710529136465524532,-9.42320442199707,1.6813037395477295,0.5041515827178955
1710529136500813430,-9.424402236938477,1.6932787895202637,0.49097901582717896
1710529136543258184,-9.416019439697266,1.7399816513061523,0.47900390625
1710529136556041452,-9.439969062805176,1.6741186380386353,0.53887939453125
1710529136581214626,-9.42320442199707,1.6274157762527466,0.47660887241363525
1710529136595729976,-9.412426948547363,1.6932787895202637,0.47541138529777527
1710529136625311428,-9.424402236938477,1.6334033012390137,0.5149291753768921
1710529136627457861,-9.449549674987793,1.670526146888733,0.5221142768859863
1710529136663213995,-9.388476371765137,1.682501196861267,0.5233117938041687
1710529136694427602,-9.431587219238281,1.720821499824524,0.5460644364356995
1710529136709160503,-9.453142166137695,1.632205843925476,0.5005590915679932
1710529136747575949,-9.448351860046387,1.6801061630249023,0.44667112827301025
1710529136774691674,-9.405241966247559,1.8178198337554932,0.4730163514614105
1710529136791620963,-9.427994728088379,1.686093807220459,0.5053490996360779
1710529136844169524,-9.454339981079102,1.6932787895202637,0.4502636790275574
1710529136932453305,-9.392068862915039,1.5914905071258545,0.4802014231681824
1710529136934380452,-9.392068862915039,1.5914905071258545,0.4802014231681824
1710529136964366411,-9.420809745788574,1.646575927734375,0.5352868437767029
1710529136965904185,-9.451944351196289,1.7651294469833374,0.5245092511177063
1710529137039754386,-9.454339981079102,1.5675402879714966,0.5125342011451721
1710529137056330212,-9.357341766357422,1.6202306747436523,0.568817138671875
1710529137077133505,-9.384883880615234,1.7052539587020874,0.48139894008636475
1710529137089795747,-9.498647689819336,1.6094530820846558,0.4993615746498108
1710529137113260546,-9.392068862915039,1.5831079483032227,0.49576905369758606
1710529137129990312,-9.412426948547363,1.781894564628601,0.5328918695449829
1710529137152999029,-9.422006607055664,1.4920971393585205,0.42751097679138184
1710529137165625835,-9.381291389465332,1.7579443454742432,0.526904284954071
1710529137169946796,-9.439969062805176,1.6381933689117432,0.4837939441204071
1710529137190915528,-9.41003131866455,1.9351757764816284,0.5676196217536926
1710529137235199087,-9.418414115905762,1.8669177293777466,0.6394702196121216
1710529137262395610,-9.443561553955078,1.5843054056167603,0.5281018018722534
1710529137281259368,-9.399253845214844,1.7651294469833374,0.4478686451911926
1710529137316867805,-9.418414115905762,1.5699353218078613,0.42631348967552185
1710529137331676741,-9.467512130737305,1.7471667528152466,0.5017566084861755
1710529137340039673,-9.393266677856445,1.7711169719696045,0.4299060106277466
1710529137384457130,-9.41003131866455,1.802252173423767,0.640667736530304
1710529137386413921,-9.405241966247559,1.631008267402649,0.6011499166488647
1710529137411619080,-9.448351860046387,1.832189917564392,0.4933740198612213
1710529137428605014,-9.444759368896484,1.6537610292434692,0.580792248249054
1710529137441035453,-9.481882095336914,1.960323452949524,0.25147706270217896
1710529137497487579,-9.433981895446777,1.8836828470230103,0.4993615746498108
1710529137535430246,-9.426796913146973,1.5783178806304932,0.5951623320579529
1710529137604962264,-9.393266677856445,1.6789087057113647,0.5125342011451721
1710529137632409449,-9.473499298095703,1.5376025438308716,0.5041515827178955
1710529137647114445,-9.419611930847168,1.756746768951416,0.6083349585533142
1710529137680866480,-9.427994728088379,1.7675243616104126,0.46583130955696106
1710529137712260065,-9.417217254638672,1.686093807220459,0.5760021805763245
1710529137745994034,-9.424402236938477,1.7184264659881592,0.46223875880241394
1710529137769020314,-9.393266677856445,1.7172290086746216,0.5664221048355103
1710529137796460421,-9.439969062805176,1.7339941263198853,0.41673338413238525
1710529137819658796,-9.420809745788574,1.7327966690063477,0.39757323265075684
1710529137842741285,-9.411229133605957,1.5974780321121216,0.5819897651672363
1710529137865561556,-9.429191589355469,1.7375866174697876,0.40116578340530396
1710529137882550576,-9.424402236938477,1.7675243616104126,0.49217650294303894
1710529137892489336,-9.419611930847168,1.690883755683899,0.53887939453125
1710529137916356557,-9.417217254638672,1.7327966690063477,0.43709105253219604
1710529137945722600,-9.412426948547363,1.692081332206726,0.5137317180633545
1710529137977165046,-9.436376571655273,1.7172290086746216,0.43589356541633606
1710529138033843775,-9.42320442199707,1.6932787895202637,0.4837939441204071
1710529138052628163,-9.429191589355469,1.722019076347351,0.47062134742736816
1710529138075820455,-9.432784080505371,1.6585509777069092,0.4778063893318176
1710529138091157152,-9.439969062805176,1.720821499824524,0.4837939441204071
1710529138107496982,-9.427994728088379,1.7016613483428955,0.46583130955696106
1710529138128438897,-9.426796913146973,1.6717236042022705,0.5304968357086182
1710529138136825413,-9.417217254638672,1.7028589248657227,0.5137317180633545
1710529138153628120,-9.42320442199707,1.7112414836883545,0.47900390625
1710529138179070124,-9.426796913146973,1.7016613483428955,0.49217650294303894
1710529138193584199,-9.425599098205566,1.712438941001892,0.47900390625
1710529138208575061,-9.444759368896484,1.7172290086746216,0.4802014231681824
1710529138244141390,-9.436376571655273,1.6848962306976318,0.49097901582717896
1710529138307388342,-9.401649475097656,1.6753162145614624,0.5029541254043579
1710529138317863265,-9.435179710388184,1.722019076347351,0.49097901582717896
1710529138322049493,-9.431587219238281,1.6884887218475342,0.4933740198612213
1710529138330434425,-9.417217254638672,1.7088464498519897,0.4981640577316284
1710529138358047226,-9.419611930847168,1.700463891029358,0.5137317180633545
1710529138404114449,-9.439969062805176,1.686093807220459,0.47181883454322815
1710529138410484685,-9.41482162475586,1.7028589248657227,0.49097901582717896
1710529138435674673,-9.416019439697266,1.6932787895202637,0.5460644364356995
1710529138448508331,-9.408834457397461,1.6789087057113647,0.5221142768859863
1710529138475550567,-9.425599098205566,1.7339941263198853,0.5053490996360779
1710529138490321870,-9.422006607055664,1.7016613483428955,0.4993615746498108
1710529138509003732,-9.42320442199707,1.676513671875,0.4945715367794037
1710529138551292971,-9.426796913146973,1.6813037395477295,0.4981640577316284
1710529138572301673,-9.41482162475586,1.686093807220459,0.4933740198612213
1710529138585099269,-9.411229133605957,1.7339941263198853,0.48139894008636475
1710529138597431846,-9.438772201538086,1.7088464498519897,0.5065466165542603
1710529138610075400,-9.408834457397461,1.6813037395477295,0.4933740198612213
1710529138637456513,-9.407636642456055,1.6956738233566284,0.4837939441204071
1710529138662639279,-9.416019439697266,1.7016613483428955,0.4945715367794037
1710529138695073728,-9.42320442199707,1.7016613483428955,0.4897814989089966
1710529138749001743,-9.427994728088379,1.690883755683899,0.5233117938041687
1710529138757485725,-9.425599098205566,1.6896862983703613,0.49217650294303894
1710529138797080441,-9.43757438659668,1.7232165336608887,0.49097901582717896
1710529138826576822,-9.432784080505371,1.7040563821792603,0.5005590915679932
1710529138851829120,-9.417217254638672,1.7088464498519897,0.48618897795677185
1710529138862426177,-9.439969062805176,1.6848962306976318,0.5041515827178955
1710529138895892979,-9.417217254638672,1.6848962306976318,0.4897814989089966
1710529138908340062,-9.438772201538086,1.6992663145065308,0.5053490996360779
1710529138935904201,-9.412426948547363,1.6980688571929932,0.508941650390625
1710529138967300543,-9.406438827514648,1.690883755683899,0.4945715367794037
1710529138973687741,-9.426796913146973,1.690883755683899,0.4897814989089966
1710529138994821921,-9.426796913146973,1.6944763660430908,0.48618897795677185
