bag_timestamp_ns,accel0_x,accel0_y,accel0_z
1710529171539971959,-8.777746200561523,-2.464475154876709,-3.1458580493927
1710529171569677578,-8.735834121704102,-2.424957275390625,-3.082390069961548
1710529171622664819,-8.725055694580078,-2.526745557785034,-3.1470556259155273
1710529171643554534,-8.699908256530762,-2.6476941108703613,-3.08598256111145
1710529171650002074,-8.69152545928955,-2.772235155105591,-3.143463134765625
1710529171681326584,-8.735834121704102,-2.60697865486145,-3.1183154582977295
1710529171731682768,-8.762179374694824,-2.8392956256866455,-3.144660711288452
1710529171765519187,-8.65919303894043,-2.802172899246216,-3.184178352355957
1710529171805586347,-8.69631576538086,-2.7315196990966797,-3.1494507789611816
1710529171809582971,-8.765771865844727,-2.553090810775757,-3.1889684200286865
1710529171822236810,-8.640032768249512,-2.663261651992798,-3.1889684200286865
1710529171836968124,-8.711883544921875,-2.823728084564209,-3.1877710819244385
1710529171860036756,-8.728649139404297,-2.5578808784484863,-3.024909734725952
1710529171888091148,-8.6124906539917,-2.645298957824707,-3.1207103729248047
1710529171904067140,-8.775351524353027,-2.723137140274048,-3.14106822013855
1710529171927281119,-8.662785530090332,-2.584226131439209,-3.1362781524658203
1710529171956886053,-8.721463203430176,-2.675236701965332,-3.131488084793091
1710529172005057305,-8.6220703125,-2.736309766769409,-2.9877867698669434
1710529172038785151,-8.56219482421875,-2.8177404403686523,-3.323089599609375
1710529172112076191,-8.697513580322266,-2.474055290222168,-3.095562696456909
1710529172133306841,-8.686736106872559,-2.8404932022094727,-3.1470556259155273
1710529172156528658,-8.677155494689941,-2.633323907852173,-3.0991551876068115
1710529172177353928,-8.674760818481445,-2.7710375785827637,-3.2009437084198
1710529172202646191,-8.733438491821289,-2.69439697265625,-3.151845693588257
1710529172242644414,-8.711883544921875,-3.0296998023986816,-3.185375928878784
1710529172251141449,-8.618477821350098,-2.805765390396118,-3.1386730670928955
1710529172271909264,-8.743019104003906,-2.6608667373657227,-3.163820743560791
1710529172325062167,-8.856781959533691,-2.6704468727111816,-3.172203302383423
1710529172341540542,-8.638835906982422,-2.7602601051330566,-3.1374754905700684
1710529172377209810,-8.7514009475708,-2.605781316757202,-3.062032461166382
1710529172448668778,-8.683143615722656,-2.593806266784668,-3.1602282524108887
1710529172491564518,-8.7322416305542,-2.5878186225891113,-3.1207103729248047
1710529172568457996,-8.65919303894043,-2.7770252227783203,-3.275189161300659
1710529172581022204,-8.698711395263672,-2.833308219909668,-3.242856502532959
1710529172585289025,-8.528664588928223,-2.2213807106018066,-3.0692174434661865
1710529172604107727,-8.558602333068848,-3.0764026641845703,-3.224893808364868
1710529172629260424,-8.705896377563477,-3.0572423934936523,-3.151845693588257
1710529172635573288,-8.705896377563477,-3.0572423934936523,-3.151845693588257
1710529172656597724,-8.7514009475708,-2.3183789253234863,-3.0680201053619385
1710529172692105945,-8.72745132446289,-2.882405996322632,-3.091970205307007
1710529172706937453,-8.71906852722168,-2.6896069049835205,-3.1099328994750977
1710529172721531577,-8.786128997802734,-2.3686742782592773,-3.075205087661743
1710529172728006828,-8.807683944702148,-2.4177722930908203,-3.1063404083251953
1710529172753084945,-8.829239845275879,-2.572251081466675,-3.0596375465393066
1710529172765801561,-8.60770034790039,-2.623744010925293,-3.0811927318573
1710529172799400268,-8.669970512390137,-2.9578490257263184,-3.1470556259155273
1710529172801312287,-8.671168327331543,-2.5506958961486816,-3.2009437084198
1710529172845635165,-8.731043815612793,-2.692002058029175,-3.0392796993255615
1710529172891883412,-8.714278221130371,-2.4513025283813477,-3.093167781829834
1710529172919558321,-8.638835906982422,-2.622546434402466,-3.1207103729248047
1710529172940312321,-8.716673851013184,-2.84648060798645,-3.125500440597534
1710529173022357300,-8.729846000671387,-2.6309289932250977,-3.113525390625
1710529173051984133,-8.772956848144531,-2.532733201980591,-3.083587646484375
1710529173062439700,-8.6316499710083,-2.555485725402832,-3.374582529067993
1710529173087209527,-8.6316499710083,-2.555485725402832,-3.374582529067993
1710529173129727955,-8.752598762512207,-2.5698559284210205,-2.54231333732605
1710529173140484847,-8.752598762512207,-2.5698559284210205,-2.54231333732605
1710529173161304966,-8.648415565490723,-2.9937744140625,-3.4392480850219727
1710529173173917815,-8.72745132446289,-2.7003846168518066,-2.9195287227630615
1710529173195159820,-8.860374450683594,-2.1195921897888184,-3.0488598346710205
1710529173222171634,-8.504714012145996,-2.845283269882202,-3.1674132347106934
1710529173266281091,-8.7418212890625,-2.6309289932250977,-3.2105236053466797
1710529173289220333,-8.77894401550293,-2.483635187149048,-2.9614417552948
1710529173321294615,-8.592132568359375,-3.1793885231018066,-3.283571720123291
1710529173325238211,-8.657995223999023,-2.824925422668457,-3.095562696456909
1710529173346188150,-8.707093238830566,-2.554288387298584,-3.0392796993255615
1710529173352504273,-8.81127643585205,-2.333946466445923,-3.0380823612213135
1710529173369596648,-8.746611595153809,-2.3986120223999023,-3.0799951553344727
1710529173431217923,-8.7418212890625,-2.4501049518585205,-3.0380823612213135
1710529173449438638,-8.683143615722656,-2.736309766769409,-3.0296998023986816
1710529173472728023,-8.649613380432129,-2.796185255050659,-3.29315185546875
1710529173493606028,-8.735834121704102,-2.7890002727508545,-3.2404613494873047
1710529173531746565,-8.738228797912598,-2.595003604888916,-3.101550340652466
1710529173577792508,-8.709488868713379,-2.812950372695923,-3.211721181869507
1710529173592392534,-8.76457405090332,-2.6009912490844727,-3.064427375793457
1710529173602843744,-8.692723274230957,-2.5518932342529297,-3.0404772758483887
1710529173634157913,-8.818462371826172,-2.7590625286102295,-3.5601966381073
1710529173657663262,-8.68194580078125,-2.842888116836548,-3.244053840637207
1710529173676573404,-8.721463203430176,-2.3207738399505615,-3.4655933380126953
1710529173685085328,-8.721463203430176,-2.3207738399505615,-3.4655933380126953
1710529173697418183,-8.569379806518555,-3.05364990234375,-3.303929328918457
1710529173743847017,-8.813672065734863,-3.1686108112335205,-3.0081446170806885
1710529173767090312,-8.857979774475098,-2.1315674781799316,-3.064427375793457
1710529173786056444,-8.739426612854004,-2.7878026962280273,-3.313509464263916
1710529173809029107,-8.789721488952637,-2.4704625606536865,-3.054847478866577
1710529173828113763,-8.784931182861328,-2.375859260559082,-2.925516366958618
1710529173851352577,-8.754993438720703,-2.7494823932647705,-3.26081919670105
1710529173868045259,-8.602910041809082,-3.20573353767395,-3.094365119934082
1710529173905729839,-8.739426612854004,-2.4477100372314453,-3.0787975788116455
1710529173916193934,-8.776549339294434,-2.2094054222106934,-3.0967602729797363
1710529173927011064,-8.640032768249512,-2.9398865699768066,-3.082390069961548
1710529173946100746,-8.640032768249512,-2.9398865699768066,-3.1698083877563477
1710529173992166551,-8.763376235961914,-2.545905828475952,-3.1901659965515137
1710529174001357811,-8.77894401550293,-2.3495142459869385,-2.924318790435791
1710529174048981671,-8.673563003540039,-2.7470874786376953,-3.063230037689209
1710529174082630723,-8.735834121704102,-2.6009912490844727,-2.9889843463897705
1710529174110073108,-8.722661018371582,-2.811753034591675,-3.112327814102173
1710529174120668216,-8.661587715148926,-2.7075695991516113,-3.0811927318573
1710529174133383512,-8.744215965270996,-2.654879093170166,-3.082390069961548
1710529174146089683,-8.743019104003906,-2.545905828475952,-3.071612596511841
1710529174183944588,-8.928632736206055,-2.7171497344970703,-3.7158727645874023
1710529174209204036,-8.81127643585205,-2.4800426959991455,-2.6704468727111816
1710529174238714999,-8.635242462158203,-2.653681755065918,-3.4799633026123047
1710529174289084051,-8.720266342163086,-3.114722967147827,-2.902763605117798
1710529174305899966,-8.722661018371582,-2.512375593185425,-3.0380823612213135
1710529174310093077,-8.641230583190918,-2.955454111099243,-2.9997620582580566
1710529174335391743,-8.728649139404297,-2.772235155105591,-3.251239061355591
1710529174366969174,-8.775351524353027,-2.4692652225494385,-3.1470556259155273
1710529174373169337,-8.80169677734375,-2.465672492980957,-2.903961181640625
1710529174398428123,-8.574170112609863,-3.0261070728302,-3.2584240436553955
1710529174423497353,-8.60770034790039,-3.193758487701416,-3.202141046524048
1710529174430027651,-8.60770034790039,-2.8177404403686523,-3.1302905082702637
1710529174467547411,-8.739426612854004,-2.2620959281921387,-2.975811719894409
1710529174473809584,-8.655600547790527,-2.3483166694641113,-3.023712158203125
1710529174478071209,-8.632847785949707,-2.9686267375946045,-3.212918758392334
1710529174500913255,-8.662785530090332,-2.7782225608825684,-3.125500440597534
1710529174509354971,-8.665180206298828,-2.4417223930358887,-3.022514581680298
1710529174524155156,-8.665180206298828,-2.4417223930358887,-3.022514581680298
1710529174530510241,-8.768166542053223,-2.4992029666900635,-3.034489631652832
1710529174560077958,-8.750204086303711,-2.6896069049835205,-3.0967602729797363
1710529174567387077,-8.750204086303711,-2.6896069049835205,-3.0967602729797363
1710529174570622710,-8.707093238830566,-2.8979735374450684,-3.2081286907196045
1710529174602284150,-8.604107856750488,-2.8979735374450684,-3.2081286907196045
1710529174623333077,-8.675958633422852,-2.705174446105957,-3.093167781829834
1710529174644388863,-8.714278221130371,-2.78181529045105,-3.171005964279175
1710529174665451487,-8.699908256530762,-2.7770252227783203,-3.182981014251709
1710529174699003470,-8.784931182861328,-2.7387049198150635,-3.1973509788513184
1710529174724345943,-8.819659233093262,-2.6405091285705566,-3.6176769733428955
1710529174778977318,-8.825647354125977,-2.6872119903564453,-2.577040910720825
1710529174791607009,-8.665180206298828,-2.8608508110046387,-2.1483325958251953
1710529174817165024,-8.807683944702148,-2.2597010135650635,-3.0392796993255615
1710529174842171363,-8.820857048034668,-1.9950512647628784,-3.095562696456909
1710529174848532288,-8.698711395263672,-2.293231248855591,-3.1266980171203613
1710529174857556217,-8.655600547790527,-2.9267139434814453,-2.9075536727905273
1710529174889481731,-8.566985130310059,-3.181783437728882,-3.111130475997925
1710529174896658491,-8.665180206298828,-2.5506958961486816,-3.191363573074341
1710529174911489354,-8.635242462158203,-2.3495142459869385,-2.9997620582580566
1710529174959822662,-8.837621688842773,-2.344724178314209,-2.935096502304077
1710529175006204403,-8.75619125366211,-2.6812243461608887,-3.1362781524658203
1710529175037798611,-8.666378021240234,-2.936293840408325,-3.161425828933716
1710529175068963533,-8.710685729980469,-2.803370475769043,-2.8177404403686523
1710529175098459047,-8.737030982971191,-2.4321422576904297,-2.9889843463897705
1710529175100655741,-8.828042030334473,-2.4321422576904297,-3.0404772758483887
1710529175121977424,-8.715476036071777,-2.9398865699768066,-3.1662158966064453
1710529175147146890,-8.760981559753418,-2.7985804080963135,-3.144660711288452
1710529175174624693,-8.729846000671387,-2.4501049518585205,-2.982996940612793
1710529175189306995,-8.7418212890625,-2.8009753227233887,-3.14106822013855
1710529175219626888,-8.745413780212402,-2.683619499206543,-3.14106822013855
1710529175248364406,-8.740623474121094,-2.6512866020202637,-2.992576837539673
1710529175287291497,-8.637638092041016,-2.556683301925659,-3.26081919670105
1710529175321677176,-8.743019104003906,-2.554288387298584,-3.630849599838257
1710529175349051731,-8.606502532958984,-3.204536199569702,-2.954256534576416
1710529175363548987,-8.714278221130371,-2.7866051197052,-2.853665828704834
1710529175393009583,-8.725055694580078,-2.2812561988830566,-3.2081286907196045
1710529175454199517,-8.794511795043945,-2.456092596054077,-3.2979419231414795
1710529175473047091,-8.825647354125977,-2.6189539432525635,-2.936293840408325
1710529175498205615,-8.697513580322266,-2.9614417552948,-3.3374598026275635
1710529175548683487,-8.775351524353027,-2.155517578125,-2.876418352127075
1710529175555773800,-8.689130783081055,-2.664459228515625,-3.221301317214966
1710529175580171433,-8.689130783081055,-2.9482691287994385,-3.2260913848876953
1710529175594836808,-8.655600547790527,-3.1171178817749023,-3.1266980171203613
1710529175624277561,-8.711883544921875,-2.5387206077575684,-3.056044816970825
1710529175645249665,-8.680747985839844,-2.756667375564575,-3.0692174434661865
1710529175651575625,-8.611292839050293,-3.0201196670532227,-3.2404613494873047
1710529175676552480,-8.711883544921875,-2.7602601051330566,-3.1099328994750977
1710529175722759336,-8.711883544921875,-2.7602601051330566,-3.1099328994750977
1710529175741798152,-8.680747985839844,-2.8380980491638184,-3.1566357612609863
1710529175754321579,-8.713081359863281,-2.8380980491638184,-3.1458580493927
1710529175760653675,-8.690328598022461,-2.69439697265625,-3.02131724357605
1710529175830006255,-8.692723274230957,-2.513572931289673,-2.935096502304077
1710529175832730202,-8.832832336425781,-2.635719060897827,-3.144660711288452
1710529175836247012,-8.629255294799805,-2.5279431343078613,-3.4200878143310547
1710529175842542656,-8.679551124572754,-2.397414445877075,-3.4691858291625977
1710529175861500649,-8.679551124572754,-2.397414445877075,-3.4691858291625977
1710529175880171619,-8.192164421081543,-2.894381046295166,-3.0404772758483887
1710529175892706378,-9.005273818969727,-3.1099328994750977,-3.0692174434661865
1710529175920013572,-8.878337860107422,-2.098037004470825,-2.996169328689575
1710529175941174102,-8.656798362731934,-3.034489631652832,-3.0177245140075684
1710529175949718144,-8.652008056640625,-3.211721181869507,-3.223696231842041
1710529175972672274,-8.781338691711426,-2.515968084335327,-3.1207103729248047
1710529176006179130,-8.793313980102539,-2.3590941429138184,-3.0165271759033203
1710529176042382551,-8.781338691711426,-2.2884411811828613,-3.0584399700164795
1710529176073416932,-8.770561218261719,-2.526745557785034,-2.984194278717041
1710529176090056760,-8.744215965270996,-2.204615592956543,-2.944676399230957
1710529176134695490,-8.601712226867676,-2.642904043197632,-3.0991551876068115
1710529176180573105,-8.744215965270996,-2.4201672077178955,-3.0811927318573
1710529176209893022,-8.698711395263672,-2.8979735374450684,-3.1266980171203613
1710529176218382329,-8.728649139404297,-2.924318790435791,-3.1973509788513184
1710529176251974970,-8.774153709411621,-2.652484178543091,-3.0764026641845703
1710529176279184470,-8.709488868713379,-2.5710535049438477,-3.074007511138916
1710529176308964079,-8.738228797912598,-2.7171497344970703,-3.0979578495025635
1710529176367829390,-8.705896377563477,-2.5315356254577637,-2.996169328689575
1710529176384450258,-8.710685729980469,-2.585423469543457,-3.3290772438049316
1710529176447381619,-8.747808456420898,-2.6417064666748047,-2.9937744140625
1710529176474749579,-8.793313980102539,-2.173480272293091,-3.084785223007202
1710529176497483533,-8.768166542053223,-2.5806336402893066,-3.0488598346710205
1710529176523081891,-8.715476036071777,-2.653681755065918,-3.3482372760772705
1710529176540015473,-8.708291053771973,-2.5315356254577637,-2.9171338081359863
1710529176556704626,-8.717870712280273,-2.4824378490448,-2.985391855239868
1710529176575843083,-8.745413780212402,-2.7303223609924316,-3.0404772758483887
1710529176582354386,-8.606502532958984,-3.2392640113830566,-3.354224920272827
1710529176600988247,-8.632847785949707,-3.1458580493927,-3.163820743560791
1710529176611527188,-8.709488868713379,-2.8404932022094727,-2.992576837539673
1710529176666097714,-8.701106071472168,-2.8404932022094727,-3.1973509788513184
1710529176704018284,-8.663983345031738,-2.862048387527466,-3.0668225288391113
1710529176743808147,-8.685538291931152,-2.484832763671875,-3.042872428894043
1710529176773443936,-8.703500747680664,-2.9482691287994385,-3.161425828933716
1710529176777589500,-8.643625259399414,-2.8189380168914795,-3.155438184738159
1710529176792278142,-8.817264556884766,-2.523153066635132,-2.945873975753784
1710529176823625814,-8.69152545928955,-2.66206431388855,-3.062032461166382
1710529176869751316,-8.721463203430176,-2.6213488578796387,-2.951861619949341
1710529176907821612,-8.701106071472168,-2.7111620903015137,-3.4787659645080566
1710529176931001332,-8.575366973876953,-2.474055290222168,-3.363804817199707
1710529176939389378,-8.665180206298828,-2.6716442108154297,-2.466870069503784
1710529176946122403,-8.802894592285156,-2.3004162311553955,-3.1985485553741455
1710529176979681157,-8.765771865844727,-2.763852596282959,-3.502716064453125
1710529176995996506,-8.807683944702148,-2.452500104904175,-2.994971990585327
1710529177057125854,-8.885522842407227,-3.045267343521118,-3.1769933700561523
1710529177090400633,-8.807683944702148,-2.517165422439575,-3.165018320083618
1710529177117677130,-8.804091453552246,-2.45489501953125,-3.0069470405578613
1710529177140970631,-8.687932968139648,-3.2692017555236816,-3.2069311141967773
1710529177160280639,-8.754993438720703,-2.8380980491638184,-3.0189220905303955
1710529177204142741,-8.710685729980469,-2.932701349258423,-3.0883777141571045
1710529177208432065,-8.671168327331543,-2.943479061126709,-3.20573353767395
1710529177229537226,-8.685538291931152,-2.845283269882202,-3.1386730670928955
1710529177267233192,-8.675958633422852,-2.4788451194763184,-2.9985644817352295
1710529177296529204,-8.739426612854004,-2.4920177459716797,-2.9267139434814453
1710529177311692525,-8.737030982971191,-2.802172899246216,-3.0680201053619385
1710529177333246820,-8.70469856262207,-2.715952157974243,-3.0572423934936523
1710529177345380449,-8.776549339294434,-2.512375593185425,-2.9578490257263184
1710529177370636398,-8.77894401550293,-2.5997936725616455,-3.0201196670532227
1710529177379152380,-8.663983345031738,-2.7219398021698,-3.062032461166382
1710529177393740360,-8.721463203430176,-2.732717275619507,-3.1003527641296387
1710529177406322860,-8.738228797912598,-2.6584715843200684,-3.0488598346710205
1710529177419060349,-8.7514009475708,-2.615361213684082,-2.985391855239868
1710529177433595234,-8.760981559753418,-2.742297410964966,-3.172203302383423
1710529177448328058,-8.749006271362305,-2.7482848167419434,-3.3877551555633545
1710529177473568466,-8.656798362731934,-2.626138925552368,-2.6189539432525635
1710529177475521954,-8.723858833312988,-2.6872119903564453,-2.2010228633880615
1710529177494423340,-8.628057479858398,-2.2992186546325684,-3.042872428894043
1710529177511472713,-8.775351524353027,-2.735112190246582,-3.4188904762268066
1710529177524217214,-8.471183776855469,-3.392545223236084,-3.0380823612213135
1710529177530524328,-8.602910041809082,-2.7291247844696045,-2.883603572845459
1710529177557852682,-8.837621688842773,-2.383044481277466,-3.0488598346710205
1710529177589370962,-8.674760818481445,-2.585423469543457,-3.121907949447632
1710529177608282201,-8.708291053771973,-2.7375073432922363,-3.2763867378234863
1710529177635719880,-8.783734321594238,-2.4477100372314453,-3.071612596511841
1710529177671357898,-8.729846000671387,-2.8392956256866455,-3.0392796993255615
1710529177738650517,-8.765771865844727,-2.4010071754455566,-2.9614417552948
1710529177795540019,-8.669970512390137,-2.5614733695983887,-3.063230037689209
1710529177820669958,-8.794511795043945,-2.472857713699341,-3.042872428894043
1710529177849910365,-8.711883544921875,-2.4417223930358887,-2.9782068729400635
1710529177875042017,-8.690328598022461,-2.626138925552368,-3.062032461166382
1710529177891804561,-8.708291053771973,-2.54231333732605,-2.9494664669036865
1710529177912796260,-8.7418212890625,-2.7375073432922363,-3.063230037689209
1710529177936482638,-8.690328598022461,-2.7698400020599365,-3.1207103729248047
1710529177959206979,-8.662785530090332,-2.6405091285705566,-3.023712158203125
1710529177973902859,-8.728649139404297,-2.635719060897827,-2.9207262992858887
1710529177999189721,-8.796906471252441,-2.6177563667297363,-3.3182995319366455
1710529178005794961,-8.655600547790527,-2.845283269882202,-2.246528387069702
1710529178018230658,-8.8711519241333,-2.815345525741577,-2.4992029666900635
1710529178041356955,-8.698711395263672,-2.1100122928619385,-3.612886905670166
1710529178060350064,-8.8711519241333,-2.5997936725616455,-3.35302734375
1710529178106503204,-8.65919303894043,-2.6500890254974365,-2.981799364089966
1710529178115199673,-8.817264556884766,-2.245330810546875,-3.024909734725952
1710529178121273688,-8.563392639160156,-3.005749464035034,-2.912343740463257
1710529178153031520,-8.836424827575684,-2.562670946121216,-3.0476622581481934
1710529178178077315,-8.796906471252441,-2.4297473430633545,-2.945873975753784
1710529178224294556,-8.71906852722168,-2.424957275390625,-2.954256534576416
1710529178237762488,-8.731043815612793,-2.7997777462005615,-3.0285022258758545
1710529178268674136,-8.881930351257324,-2.2381458282470703,-2.883603572845459
1710529178287170790,-8.698711395263672,-2.823728084564209,-3.023712158203125
1710529178323237911,-8.6124906539917,-3.0285022258758545,-3.1470556259155273
1710529178331717903,-8.830436706542969,-2.5087828636169434,-2.925516366958618
1710529178369477317,-8.759783744812012,-2.45489501953125,-3.0189220905303955
1710529178375760580,-8.745413780212402,-2.8093578815460205,-3.083587646484375
1710529178411580044,-8.744215965270996,-2.8572583198547363,-3.1075377464294434
1710529178436984325,-8.753796577453613,-2.4920177459716797,-2.9997620582580566
1710529178490182624,-8.772956848144531,-2.8201355934143066,-3.044069766998291
1710529178495613377,-8.735834121704102,-2.7913951873779297,-3.1183154582977295
1710529178529808743,-8.728649139404297,-2.6117687225341797,-2.9398865699768066
1710529178531317756,-8.563392639160156,-2.69439697265625,-3.4093103408813477
1710529178548283598,-8.57177448272705,-2.7470874786376953,-3.2859668731689453
1710529178581831192,-9.056766510009766,-2.347119092941284,-3.0368847846984863
1710529178611151985,-8.565787315368652,-2.274070978164673,-3.414100408554077
1710529178640679812,-8.654402732849121,-2.553090810775757,-2.9997620582580566
1710529178672285412,-8.729846000671387,-2.654879093170166,-3.042872428894043
1710529178693018072,-8.729846000671387,-2.654879093170166,-3.042872428894043
1710529178716423617,-8.788524627685547,-2.4117846488952637,-3.012934684753418
1710529178735131236,-8.740623474121094,-2.4201672077178955,-2.982996940612793
1710529178764917607,-8.759783744812012,-2.544708251953125,-3.0368847846984863
1710529178781775025,-8.739426612854004,-2.875221014022827,-3.0668225288391113
1710529178794468491,-8.725055694580078,-2.705174446105957,-3.0285022258758545
1710529178804992745,-8.782536506652832,-2.2992186546325684,-2.856060743331909
1710529178834246373,-8.81127643585205,-2.2620959281921387,-3.0261070728302
1710529178842706439,-8.714278221130371,-2.7782225608825684,-3.0811927318573
1710529178857550181,-8.646020889282227,-2.9937744140625,-3.114722967147827
1710529178889021221,-8.766968727111816,-2.5111780166625977,-2.9865894317626953
1710529178945793872,-8.739426612854004,-2.856060743331909,-3.185375928878784
1710529178954039089,-8.711883544921875,-2.7279272079467773,-3.0392796993255615
1710529178970853471,-8.709488868713379,-2.573448419570923,-2.9937744140625
1710529178994908869,-8.771759033203125,-2.6608667373657227,-2.9973669052124023
1710529179023841120,-8.723858833312988,-2.7470874786376953,-3.0296998023986816
1710529179038440070,-8.707093238830566,-2.775827646255493,-3.0776000022888184
1710529179088698965,-8.757389068603516,-2.5973987579345703,-2.9470715522766113
1710529179090722722,-9.010063171386719,-2.883603572845459,-3.3590149879455566
1710529179107650392,-8.701106071472168,-2.4788451194763184,-2.4273521900177
1710529179166596189,-8.6316499710083,-2.3087987899780273,-3.394940137863159
1710529179202484014,-8.891510009765625,-2.253713369369507,-2.9794042110443115
1710529179225723453,-8.784931182861328,-2.263293504714966,-2.9075536727905273
1710529179240472481,-8.675958633422852,-3.1985485553741455,-3.035687208175659
1710529179246761135,-8.744215965270996,-2.703977108001709,-3.194956064224243
1710529179255410692,-8.725055694580078,-2.366279363632202,-3.135080575942993
1710529179269760129,-8.776549339294434,-2.2920336723327637,-2.9303064346313477
1710529179294908885,-8.933423042297363,-2.3818469047546387,-2.8380980491638184
1710529179309813931,-8.813672065734863,-3.0692174434661865,-2.962639093399048
1710529179328871892,-8.660390853881836,-2.676434278488159,-2.9410839080810547
1710529179360552873,-8.784931182861328,-2.525547981262207,-2.974614143371582
1710529179371118256,-8.766968727111816,-2.6596691608428955,-2.9698243141174316
1710529179377331873,-8.655600547790527,-2.622546434402466,-2.975811719894409
1710529179411106510,-8.758586883544922,-2.9279112815856934,-3.1602282524108887
1710529179451042356,-8.759783744812012,-2.6680517196655273,-3.253633975982666
1710529179455086426,-8.665180206298828,-2.5483007431030273,-2.975811719894409
1710529179476197321,-8.640032768249512,-2.9494664669036865,-3.1769933700561523
1710529179505524787,-8.796906471252441,-2.7770252227783203,-3.0081446170806885
1710529179541305642,-8.740623474121094,-2.4776477813720703,-2.8488757610321045
1710529179549526871,-8.740623474121094,-2.4776477813720703,-2.8488757610321045
1710529179648837780,-8.909472465515137,-2.805765390396118,-3.65240478515625
1710529179663370596,-8.819659233093262,-2.5004003047943115,-2.4680676460266113
1710529179698873994,-8.661587715148926,-2.257305860519409,-3.434458017349243
1710529179713514352,-8.661587715148926,-2.257305860519409,-3.434458017349243
1710529179757989270,-8.717870712280273,-3.151845693588257,-3.0273046493530273
1710529179781101077,-8.678353309631348,-2.8572583198547363,-3.291954278945923
1710529179801968807,-8.678353309631348,-2.8572583198547363,-3.291954278945923
1710529179831406048,-8.793313980102539,-2.412982225418091,-2.845283269882202
1710529179879793119,-8.662785530090332,-3.2201037406921387,-3.1578333377838135
1710529179887725098,-8.638835906982422,-2.9494664669036865,-3.191363573074341
1710529179908901427,-8.762179374694824,-2.1698877811431885,-2.852468252182007
1710529179923764877,-8.729846000671387,-2.84648060798645,-3.0572423934936523
1710529179947285036,-8.649613380432129,-2.923121452331543,-3.0895752906799316
1710529179961596927,-8.75619125366211,-2.6788294315338135,-3.0296998023986816
1710529179982659617,-8.760981559753418,-2.5399181842803955,-2.9578490257263184
1710529180003719591,-8.750204086303711,-2.4177722930908203,-2.9267139434814453
1710529180020593382,-8.777746200561523,-2.5973987579345703,-2.9973669052124023
1710529180039460019,-8.752598762512207,-2.9410839080810547,-3.1494507789611816
1710529180058142032,-8.720266342163086,-2.853665828704834,-3.124302864074707
1710529180125535774,-8.731043815612793,-2.762655019760132,-3.022514581680298
1710529180136155160,-8.746611595153809,-2.612966299057007,-2.931504011154175
1710529180154896509,-8.830436706542969,-2.6872119903564453,-3.2332763671875
1710529180171702611,-8.587342262268066,-2.644101619720459,-3.3302745819091797
1710529180186588317,-8.95857048034668,-2.9183313846588135,-3.344644784927368
1710529180230479874,-8.600515365600586,-2.6500890254974365,-2.4117846488952637
1710529180236685954,-8.854387283325195,-2.5099804401397705,-2.517165422439575
1710529180289089292,-8.822054862976074,-2.385439395904541,-3.062032461166382
1710529180301712810,-8.77894401550293,-2.373464345932007,-2.8907885551452637
1710529180305964522,-8.710685729980469,-2.6273365020751953,-2.915936231613159
1710529180335484250,-8.747808456420898,-3.0584399700164795,-3.1482532024383545
1710529180363145869,-8.828042030334473,-2.446512460708618,-2.803370475769043
1710529180388783111,-8.828042030334473,-2.446512460708618,-2.803370475769043
1710529180427848026,-8.703500747680664,-2.9901819229125977,-3.112327814102173
1710529180440477599,-8.713081359863281,-2.735112190246582,-2.9997620582580566
1710529180463664516,-8.881930351257324,-2.276466131210327,-2.804567813873291
1710529180499173762,-8.67236614227295,-3.035687208175659,-3.056044816970825
1710529180514163465,-8.710685729980469,-2.5818309783935547,-3.0177245140075684
1710529180535279017,-8.82444953918457,-2.5087828636169434,-2.9686267375946045
1710529180553835852,-8.762179374694824,-2.457289934158325,-2.9698243141174316
1710529180598171935,-8.671168327331543,-2.883603572845459,-3.165018320083618
1710529180638082872,-8.713081359863281,-2.6991870403289795,-2.954256534576416
1710529180661195051,-8.738228797912598,-2.7183470726013184,-3.0296998023986816
1710529180684728906,-8.780141830444336,-2.652484178543091,-2.9207262992858887
1710529180692450624,-8.88432502746582,-2.7602601051330566,-3.3075220584869385
1710529180707437212,-8.538244247436523,-2.6572742462158203,-3.3578174114227295
1710529180764608389,-8.866362571716309,-2.672841787338257,-2.535128116607666
1710529180777146123,-8.71906852722168,-2.69439697265625,-3.2668066024780273
1710529180793963776,-8.680747985839844,-3.2991394996643066,-2.90156626701355
1710529180844431556,-8.846004486083984,-2.3399341106414795,-2.8488757610321045
1710529180873741402,-8.709488868713379,-3.222498893737793,-2.9578490257263184
1710529180898582435,-8.701106071472168,-2.5087828636169434,-3.1290929317474365
1710529180902873261,-8.769364356994629,-2.466870069503784,-2.942281484603882
1710529180934678076,-8.818462371826172,-2.423759698867798,-2.9877867698669434
1710529180974887018,-8.808881759643555,-3.2189061641693115,-3.082390069961548
1710529180993414884,-8.81606674194336,-2.2429358959198,-2.783012628555298
1710529181014379315,-8.806487083435059,-2.5291407108306885,-3.0404772758483887
1710529181039727091,-8.705896377563477,-3.002156972885132,-3.063230037689209
1710529181050116514,-8.701106071472168,-2.852468252182007,-3.0476622581481934
1710529181077543934,-8.752598762512207,-2.644101619720459,-2.955454111099243
1710529181098251406,-8.76457405090332,-2.815345525741577,-2.9590466022491455
1710529181153032201,-8.707093238830566,-2.856060743331909,-3.1183154582977295
1710529181245570777,-8.733438491821289,-2.745889902114868,-3.075205087661743
1710529181302336119,-8.83881950378418,-2.9710216522216797,-2.293231248855591
1710529181319341969,-8.881930351257324,-2.2620959281921387,-2.921923875808716
1710529181323538814,-8.757389068603516,-2.723137140274048,-3.26081919670105
1710529181342506765,-8.777746200561523,-3.351829767227173,-2.932701349258423
1710529181371929190,-8.703500747680664,-2.363884210586548,-3.004551887512207
1710529181399320841,-8.818462371826172,-2.9374914169311523,-2.932701349258423
1710529181466344073,-8.713081359863281,-2.4285497665405273,-3.0093419551849365
1710529181514488938,-8.731043815612793,-3.1781909465789795,-3.111130475997925
1710529181535535906,-8.774153709411621,-2.4884252548217773,-2.8596532344818115
1710529181636661798,-8.799302101135254,-2.436932325363159,-2.902763605117798
1710529181716556372,-8.708291053771973,-2.592608690261841,-2.935096502304077
1710529181735341985,-8.715476036071777,-2.7985804080963135,-3.0081446170806885
1710529181758606511,-8.717870712280273,-2.8069629669189453,-3.015329599380493
1710529181769044198,-8.7418212890625,-2.7303223609924316,-2.9710216522216797
1710529181783763701,-8.747808456420898,-2.586621046066284,-2.915936231613159
1710529181806796099,-8.83881950378418,-2.712359666824341,-3.2703990936279297
1710529181819486555,-8.945398330688477,-2.8596532344818115,-3.44523549079895
1710529181848867453,-8.813672065734863,-2.8081603050231934,-2.345921516418457
1710529181850875637,-8.813672065734863,-2.8081603050231934,-2.345921516418457
1710529181894992931,-8.754993438720703,-3.314707040786743,-2.981799364089966
1710529181916635492,-8.867559432983398,-2.2321581840515137,-2.953059196472168
1710529181933010221,-8.867559432983398,-2.2321581840515137,-2.953059196472168
1710529182004600631,-8.793313980102539,-2.5878186225891113,-2.882405996322632
1710529182036822581,-8.705896377563477,-2.8285181522369385,-2.9710216522216797
1710529182103287020,-8.777746200561523,-2.4321422576904297,-2.862048387527466
1710529182121951263,-8.708291053771973,-2.90156626701355,-3.0368847846984863
1710529182151586298,-8.723858833312988,-2.7997777462005615,-2.9937744140625
1710529182210503810,-8.697513580322266,-2.875221014022827,-3.0680201053619385
1710529182227225571,-8.703500747680664,-2.905158758163452,-3.0799951553344727
1710529182246174440,-8.76457405090332,-2.5914111137390137,-2.9973669052124023
1710529182265235221,-8.7322416305542,-2.555485725402832,-2.9482691287994385
1710529182275752565,-8.753796577453613,-2.7686426639556885,-3.033292293548584
1710529182321925075,-8.713081359863281,-2.7470874786376953,-2.9865894317626953
1710529182338672295,-8.859177589416504,-2.714754581451416,-3.214116096496582
1710529182377054301,-8.677155494689941,-2.6488916873931885,-3.3685948848724365
1710529182431394769,-8.70469856262207,-2.30281138420105,-3.4296679496765137
1710529182435356480,-8.780141830444336,-2.6297314167022705,-3.1686108112335205
1710529182452094380,-8.678353309631348,-2.585423469543457,-2.9901819229125977
1710529182488287717,-8.92144775390625,-2.3878345489501953,-2.915936231613159
1710529182494043846,-8.635242462158203,-2.593806266784668,-2.981799364089966
1710529182534248870,-8.77894401550293,-2.652484178543091,-3.223696231842041
1710529182578535574,-8.81606674194336,-2.562670946121216,-2.9374914169311523
1710529182584984528,-8.716673851013184,-3.1865735054016113,-3.1075377464294434
1710529182607982672,-8.697513580322266,-3.0500574111938477,-3.162623405456543
1710529182618481919,-8.813672065734863,-2.6896069049835205,-2.9207262992858887
1710529182652068802,-8.765771865844727,-2.356699228286743,-2.8788135051727295
1710529182666780085,-8.7418212890625,-2.634521484375,-2.9710216522216797
1710529182727259214,-8.777746200561523,-2.824925422668457,-2.963836669921875
1710529182746205905,-8.714278221130371,-2.944676399230957,-3.0404772758483887
1710529182771435055,-8.782536506652832,-2.72672963142395,-3.041674852371216
1710529182802916280,-8.805289268493652,-2.526745557785034,-2.853665828704834
1710529182828578988,-8.70469856262207,-2.822530508041382,-3.051254987716675
1710529182868586505,-8.752598762512207,-2.723137140274048,-2.9506640434265137
1710529182906528307,-8.765771865844727,-2.6884093284606934,-2.914738655090332
1710529182931797231,-8.709488868713379,-2.674039363861084,-3.400927782058716
1710529182956818909,-8.762179374694824,-2.733914852142334,-2.5291407108306885
1710529182984021690,-8.710685729980469,-3.362607479095459,-2.8740234375
1710529183017606106,-8.800498962402344,-2.424957275390625,-2.8380980491638184
1710529183095430193,-8.841214179992676,-2.54231333732605,-2.8392956256866455
1710529183116871243,-8.717870712280273,-2.876418352127075,-2.9806017875671387
1710529183139893245,-8.692723274230957,-3.191363573074341,-3.1602282524108887
1710529183200774146,-8.757389068603516,-2.6488916873931885,-2.954256534576416
1710529183255356885,-8.713081359863281,-2.6896069049835205,-2.954256534576416
1710529183268023911,-8.734636306762695,-2.4812402725219727,-2.955454111099243
1710529183291034391,-8.818462371826172,-2.6788294315338135,-2.9195287227630615
1710529183352217525,-8.760981559753418,-2.472857713699341,-2.8309130668640137
1710529183387840775,-8.739426612854004,-2.7901978492736816,-3.05364990234375
1710529183410834634,-8.776549339294434,-2.646496534347534,-2.8812084197998047
1710529183427767720,-8.749006271362305,-2.6381139755249023,-2.9171338081359863
1710529183444635984,-8.783734321594238,-2.745889902114868,-3.373384952545166
1710529183476182925,-8.618477821350098,-2.593806266784668,-2.493215322494507
1710529183583263923,-8.859177589416504,-2.3614892959594727,-2.894381046295166
1710529183621058717,-8.721463203430176,-3.254831552505493,-2.9075536727905273
1710529183627421797,-8.768166542053223,-2.45489501953125,-2.9482691287994385
1710529183650427511,-8.872349739074707,-2.5315356254577637,-2.826122999191284
1710529183671365671,-8.771759033203125,-2.555485725402832,-2.9374914169311523
1710529183698478802,-8.663983345031738,-3.1470556259155273,-3.0404772758483887
1710529183700494298,-8.674760818481445,-2.962639093399048,-2.9386889934539795
1710529183723617835,-8.832832336425781,-2.3782544136047363,-2.762655019760132
1710529183732042971,-8.788524627685547,-2.344724178314209,-2.856060743331909
1710529183755171386,-8.725055694580078,-2.885998487472534,-2.9686267375946045
1710529183793161243,-8.723858833312988,-2.8476781845092773,-2.9973669052124023
1710529183805703105,-8.812474250793457,-2.5698559284210205,-2.955454111099243
1710529183845654579,-8.754993438720703,-2.805765390396118,-2.8740234375
1710529183895944344,-8.713081359863281,-2.7399022579193115,-2.9973669052124023
1710529183912999407,-8.775351524353027,-2.765049934387207,-3.034489631652832
1710529183925601752,-8.754993438720703,-2.7913951873779297,-2.9973669052124023
1710529183980082896,-8.752598762512207,-2.7291247844696045,-3.415297746658325
1710529183992786491,-8.807683944702148,-2.7578649520874023,-3.2895593643188477
1710529184033424041,-8.883127212524414,-2.885998487472534,-2.094444513320923
1710529184049400012,-8.825647354125977,-2.197430372238159,-3.0177245140075684
1710529184087441545,-8.728649139404297,-3.125500440597534,-2.9710216522216797
1710529184129454011,-8.703500747680664,-2.4692652225494385,-2.894381046295166
1710529184201374765,-8.908275604248047,-2.36747670173645,-2.8740234375
1710529184232814387,-8.771759033203125,-2.8213329315185547,-3.075205087661743
1710529184256083716,-8.725055694580078,-2.703977108001709,-2.884800910949707
1710529184289723458,-8.798104286193848,-2.6608667373657227,-2.9291088581085205
1710529184293608727,-8.733438491821289,-2.774630069732666,-2.8967761993408203
1710529184317075998,-8.770561218261719,-2.853665828704834,-2.8907885551452637
1710529184327269978,-8.796906471252441,-2.8895909786224365,-2.9937744140625
1710529184331483478,-8.780141830444336,-2.6872119903564453,-3.034489631652832
1710529184348623438,-8.781338691711426,-2.575843572616577,-2.891986131668091
1710529184411216303,-8.726253509521484,-2.724334716796875,-2.9877867698669434
1710529184430083169,-8.770561218261719,-2.4884252548217773,-2.8404932022094727
1710529184518141620,-8.772956848144531,-2.725532293319702,-3.381767511367798
1710529184549910667,-8.76457405090332,-2.7171497344970703,-3.2883617877960205
1710529184558291251,-8.76457405090332,-2.7171497344970703,-3.2883617877960205
1710529184562358035,-8.64482307434082,-2.832110643386841,-2.584226131439209
1710529184606670317,-8.775351524353027,-2.632126569747925,-3.144660711288452
1710529184634063261,-8.675958633422852,-2.632126569747925,-2.932701349258423
1710529184642277856,-8.80169677734375,-2.163900136947632,-2.8105554580688477
1710529184677988160,-8.872349739074707,-2.4105870723724365,-2.803370475769043
1710529184679981972,-8.679551124572754,-2.762655019760132,-2.932701349258423
1710529184689212680,-8.686736106872559,-3.2284862995147705,-2.9111461639404297
1710529184705015092,-8.76457405090332,-2.414179801940918,-3.003354549407959
1710529184719831711,-8.8519926071167,-2.4692652225494385,-2.905158758163452
1710529184735030222,-8.709488868713379,-2.553090810775757,-2.8512706756591797
1710529184761913565,-8.795709609985352,-2.42256236076355,-2.9099488258361816
1710529184768117841,-8.763376235961914,-2.464475154876709,-2.871628522872925
1710529184787126517,-8.698711395263672,-3.2584240436553955,-3.154240608215332
1710529184791133680,-8.646020889282227,-3.022514581680298,-3.0692174434661865
1710529184797651765,-8.810079574584961,-2.24772572517395,-2.745889902114868
1710529184879345844,-8.710685729980469,-2.7782225608825684,-2.9482691287994385
1710529184888701890,-8.768166542053223,-2.7494823932647705,-2.9686267375946045
1710529184919192945,-8.813672065734863,-2.4105870723724365,-2.894381046295166
1710529184940517041,-8.77894401550293,-2.724334716796875,-2.893183708190918
1710529184948909616,-8.7514009475708,-3.0308971405029297,-3.054847478866577
1710529184959538554,-8.747808456420898,-2.753074884414673,-3.011737108230591
1710529184991048501,-8.819659233093262,-2.5315356254577637,-2.7770252227783203
1710529185043372239,-8.762179374694824,-2.7315196990966797,-2.845283269882202
1710529185058142102,-8.819659233093262,-2.6081762313842773,-2.8668384552001953
1710529185070648700,-8.788524627685547,-2.646496534347534,-3.1374754905700684
1710529185100675189,-8.625662803649902,-2.692002058029175,-2.4980053901672363
1710529185117058513,-8.799302101135254,-2.875221014022827,-1.9830762147903442
1710529185142354541,-8.749006271362305,-2.165097713470459,-2.9087512493133545
1710529185152847499,-8.757389068603516,-2.7806177139282227,-3.2404613494873047
1710529185167831591,-8.67236614227295,-3.3985326290130615,-2.842888116836548
1710529185207587743,-8.865164756774902,-2.403402090072632,-2.895578622817993
1710529185234769504,-8.648415565490723,-3.0584399700164795,-2.902763605117798
1710529185266525190,-8.776549339294434,-2.6009912490844727,-2.8788135051727295
1710529185293632047,-8.793313980102539,-2.48722767829895,-2.925516366958618
1710529185308478193,-8.739426612854004,-2.7542724609375,-2.8812084197998047
1710529185329454452,-8.674760818481445,-2.944676399230957,-3.064427375793457
1710529185352670712,-8.749006271362305,-2.7099645137786865,-2.936293840408325
1710529185397037207,-8.760981559753418,-2.646496534347534,-2.9183313846588135
1710529185419970983,-8.735834121704102,-2.72672963142395,-2.913541316986084
1710529185436840262,-8.750204086303711,-2.636916399002075,-2.871628522872925
1710529185489180208,-8.739426612854004,-2.9578490257263184,-2.972219228744507
1710529185489438495,-8.7418212890625,-2.9111461639404297,-3.051254987716675
1710529185518878175,-8.771759033203125,-2.5686583518981934,-2.9506640434265137
1710529185623992038,-8.814868927001953,-2.69439697265625,-3.441642999649048
1710529185633009675,-8.763376235961914,-2.7219398021698,-3.214116096496582
1710529185680629430,-8.789721488952637,-2.373464345932007,-3.343447208404541
1710529185754428630,-8.854387283325195,-2.4189696311950684,-2.8680357933044434
1710529185790209612,-8.721463203430176,-3.2272887229919434,-2.863245964050293
1710529185798584224,-8.763376235961914,-2.575843572616577,-3.05364990234375
1710529185823620359,-8.786128997802734,-2.396217107772827,-2.914738655090332
1710529185846851469,-8.877140045166016,-2.676434278488159,-2.9398865699768066
1710529185911904865,-8.774153709411621,-3.185375928878784,-3.102747917175293
1710529185915919819,-8.702303886413574,-2.675236701965332,-2.9698243141174316
1710529185935096425,-8.687932968139648,-2.9171338081359863,-2.954256534576416
1710529185954113498,-8.788524627685547,-2.894381046295166,-2.9578490257263184
1710529185979334066,-8.812474250793457,-2.6309289932250977,-2.9111461639404297
1710529186000352197,-8.798104286193848,-2.646496534347534,-2.852468252182007
1710529186025703018,-8.708291053771973,-2.9470715522766113,-2.982996940612793
1710529186029803789,-8.739426612854004,-3.0201196670532227,-3.0404772758483887
1710529186073825219,-8.774153709411621,-2.634521484375,-2.962639093399048
1710529186120841099,-8.744215965270996,-2.7674450874328613,-2.925516366958618
1710529186124316390,-8.726253509521484,-2.683619499206543,-2.882405996322632
1710529186139082485,-8.800498962402344,-2.623744010925293,-2.8488757610321045
1710529186168470702,-8.819659233093262,-2.66206431388855,-3.08598256111145
1710529186216863317,-8.835227012634277,-2.6692492961883545,-2.3423290252685547
1710529186241873986,-8.695117950439453,-3.3494348526000977,-2.923121452331543
1710529186254337996,-8.77894401550293,-2.943479061126709,-2.744692325592041
1710529186265036194,-8.77894401550293,-2.943479061126709,-2.744692325592041
1710529186290580370,-8.886719703674316,-2.4022045135498047,-2.775827646255493
1710529186311061102,-8.7322416305542,-3.1398706436157227,-2.8081603050231934
1710529186345046029,-8.830436706542969,-2.565065860748291,-3.035687208175659
1710529186361897700,-8.660390853881836,-2.544708251953125,-2.9865894317626953
1710529186383538606,-8.733438491821289,-2.664459228515625,-2.794987678527832
1710529186391608576,-8.781338691711426,-2.513572931289673,-2.852468252182007
1710529186406065194,-8.757389068603516,-3.0991551876068115,-3.062032461166382
1710529186427131145,-8.675958633422852,-3.114722967147827,-3.064427375793457
1710529186496284498,-8.78732681274414,-2.7219398021698,-2.925516366958618
1710529186531911546,-8.782536506652832,-2.884800910949707,-2.9183313846588135
1710529186561371804,-8.865164756774902,-2.6093738079071045,-2.8895909786224365
1710529186572077437,-8.804091453552246,-2.756667375564575,-2.8213329315185547
1710529186597416919,-8.71906852722168,-2.7207422256469727,-3.0189220905303955
1710529186612166159,-8.817264556884766,-2.5315356254577637,-2.78181529045105
1710529186643722571,-8.738228797912598,-2.6081762313842773,-2.9506640434265137
1710529186654399118,-8.725055694580078,-2.784210205078125,-2.914738655090332
1710529186679671342,-8.723858833312988,-2.7387049198150635,-2.8009753227233887
1710529186693315129,-8.784931182861328,-2.705174446105957,-2.8069629669189453
1710529186708486157,-8.707093238830566,-2.5878186225891113,-3.393742561340332
1710529186725478315,-8.866362571716309,-2.8380980491638184,-3.281176805496216
1710529186738093772,-8.7418212890625,-2.822530508041382,-3.093167781829834
1710529186754790801,-8.695117950439453,-2.7279272079467773,-2.403402090072632
1710529186778259163,-8.698711395263672,-2.2213807106018066,-3.235671281814575
1710529186860407521,-8.843609809875488,-2.3016138076782227,-2.8392956256866455
1710529186874958068,-8.702303886413574,-3.1195130348205566,-2.7770252227783203
1710529186912936040,-8.807683944702148,-2.733914852142334,-2.756667375564575
1710529186927742136,-8.800498962402344,-2.6596691608428955,-2.774630069732666
1710529186957285806,-8.817264556884766,-2.8500733375549316,-2.972219228744507
1710529186971828734,-8.666378021240234,-3.093167781829834,-3.0261070728302
1710529186997166563,-8.765771865844727,-2.603386163711548,-2.8871960639953613
1710529187125675650,-8.780141830444336,-2.8596532344818115,-2.891986131668091
1710529187146793996,-8.75619125366211,-2.6476941108703613,-2.9279112815856934
1710529187212038600,-8.774153709411621,-2.755470037460327,-2.871628522872925
1710529187239283505,-8.81127643585205,-2.686014413833618,-2.816542863845825
1710529187264375953,-8.802894592285156,-2.6788294315338135,-2.9183313846588135
1710529187293818083,-8.889115333557129,-2.8512706756591797,-3.1266980171203613
1710529187314934701,-8.632847785949707,-2.6500890254974365,-2.5147705078125
1710529187329649713,-8.523874282836914,-2.2896387577056885,-3.282374382019043
1710529187371705305,-8.790919303894043,-2.835703134536743,-2.872825860977173
1710529187398969795,-8.806487083435059,-3.0596375465393066,-2.8093578815460205
1710529187417917726,-8.679551124572754,-2.8788135051727295,-3.033292293548584
1710529187451762814,-9.020840644836426,-2.624941349029541,-3.054847478866577
1710529187460034222,-8.793313980102539,-2.5614733695983887,-2.932701349258423
1710529187474813460,-8.780141830444336,-2.45489501953125,-2.8668384552001953
1710529187497843790,-8.698711395263672,-2.692002058029175,-2.9578490257263184
1710529187516706617,-8.777746200561523,-2.5471031665802,-2.794987678527832
1710529187539926067,-8.707093238830566,-2.6213488578796387,-2.924318790435791
1710529187564953648,-8.795709609985352,-2.9087512493133545,-2.883603572845459
1710529187584107278,-8.71906852722168,-3.023712158203125,-2.8800110816955566
1710529187632426935,-8.79211711883545,-2.5578808784484863,-2.8093578815460205
1710529187638770424,-8.825647354125977,-2.623744010925293,-2.834505558013916
1710529187670153114,-8.758586883544922,-2.9566516876220703,-3.0285022258758545
1710529187705842272,-8.806487083435059,-2.5686583518981934,-2.8692333698272705
1710529187709997321,-8.813672065734863,-2.4980053901672363,-2.793790340423584
1710529187749917789,-8.762179374694824,-2.805765390396118,-2.9590466022491455
1710529187775193573,-8.793313980102539,-2.6704468727111816,-2.8285181522369385
1710529187804674586,-8.777746200561523,-2.626138925552368,-2.853665828704834
1710529187806795677,-8.841214179992676,-2.656076669692993,-2.912343740463257
1710529187844661157,-8.666378021240234,-2.932701349258423,-2.7913951873779297
1710529187867822891,-8.865164756774902,-2.4273521900177,-2.903961181640625
1710529187892795101,-8.593330383300781,-3.0069470405578613,-2.863245964050293
1710529187939143603,-8.856781959533691,-2.686014413833618,-3.101550340652466
1710529187952281912,-8.980125427246094,-2.0680992603302,-2.5518932342529297
1710529187954042417,-8.195756912231445,-2.4596850872039795,-2.293231248855591
1710529187979323102,-7.976612567901611,-1.5819103717803955,-3.5697765350341797
1710529188035765156,-9.028026580810547,-3.182981014251709,-3.2967443466186523
1710529188061024278,-8.356223106384277,-3.1578333377838135,-2.875221014022827
1710529188082332315,-8.901089668273926,-2.098037004470825,-2.9087512493133545
1710529188096739857,-8.947793006896973,-1.966310977935791,-2.931504011154175
1710529188122171604,-8.728649139404297,-3.212918758392334,-2.6105713844299316
1710529188147414732,-8.757389068603516,-2.9291088581085205,-2.783012628555298
1710529188166299568,-8.692723274230957,-2.784210205078125,-3.015329599380493
1710529188177009017,-8.817264556884766,-2.3722667694091797,-2.8584558963775635
1710529188202079798,-8.695117950439453,-2.8309130668640137,-2.8740234375
1710529188214723191,-8.709488868713379,-3.2596216201782227,-3.083587646484375
1710529188225141070,-8.857979774475098,-2.2118005752563477,-2.8177404403686523
1710529188317194983,-8.777746200561523,-2.66206431388855,-2.8740234375
1710529188344489998,-8.887917518615723,-2.253713369369507,-3.005749464035034
1710529188368012286,-9.01844596862793,-3.1075377464294434,-2.884800910949707
1710529188403742550,-8.904682159423828,-2.333946466445923,-2.565065860748291
1710529188424741863,-8.728649139404297,-2.57464599609375,-3.08598256111145
1710529188428878272,-8.728649139404297,-2.57464599609375,-3.08598256111145
1710529188445805671,-8.68194580078125,-3.0069470405578613,-2.914738655090332
1710529188488869115,-8.881930351257324,-2.3782544136047363,-2.6800267696380615
1710529188529790004,-8.874744415283203,-2.8608508110046387,-2.9183313846588135
1710529188567636452,-8.788524627685547,-2.577040910720825,-2.8704309463500977
1710529188590964662,-8.79211711883545,-2.9937744140625,-2.876418352127075
1710529188624282336,-8.722661018371582,-3.0069470405578613,-3.0261070728302
1710529188649521499,-8.909472465515137,-2.3878345489501953,-2.6896069049835205
1710529188670657005,-8.766968727111816,-2.7219398021698,-2.8740234375
1710529188710418812,-8.798104286193848,-2.815345525741577,-2.893183708190918
1710529188727469398,-8.843609809875488,-2.5578808784484863,-2.8416907787323
1710529188746501863,-8.7418212890625,-2.702779531478882,-2.8380980491638184
1710529188780503308,-8.771759033203125,-2.8500733375549316,-3.0488598346710205
1710529188798926225,-8.859177589416504,-2.465672492980957,-2.7399022579193115
1710529188818134815,-8.798104286193848,-2.753074884414673,-2.955454111099243
1710529188832661950,-8.776549339294434,-2.8488757610321045,-2.9291088581085205
1710529188851407908,-8.765771865844727,-2.6476941108703613,-2.842888116836548
1710529188876611325,-8.743019104003906,-2.753074884414673,-2.8596532344818115
1710529188906253339,-8.63644027709961,-2.9063560962677,-2.8967761993408203
1710529188929100613,-8.81127643585205,-2.9698243141174316,-2.565065860748291
1710529188942310430,-8.662785530090332,-2.6417064666748047,-2.585423469543457
1710529189011499368,-8.840017318725586,-2.33514404296875,-2.982996940612793
1710529189034553253,-8.77894401550293,-2.6201512813568115,-2.772235155105591
1710529189051315423,-8.744215965270996,-2.9494664669036865,-2.766247510910034
1710529189076493538,-8.685538291931152,-2.93389892578125,-2.8416907787323
1710529189081001641,-8.802894592285156,-2.8392956256866455,-2.9303064346313477
1710529189093705819,-8.817264556884766,-2.48722767829895,-2.953059196472168
1710529189104136255,-8.831634521484375,-2.6608667373657227,-2.7590625286102295
1710529189139587655,-8.738228797912598,-2.8213329315185547,-2.9075536727905273
1710529189163402598,-8.759783744812012,-2.803370475769043,-2.8740234375
1710529189211123013,-8.784931182861328,-2.646496534347534,-2.7890002727508545
1710529189232507972,-8.781338691711426,-2.8273205757141113,-2.864443302154541
1710529189250959073,-8.786128997802734,-2.732717275619507,-2.893183708190918
1710529189349754812,-8.760981559753418,-2.714754581451416,-3.0261070728302
1710529189366939046,-8.80169677734375,-2.5602757930755615,-2.7506799697875977
1710529189414780127,-8.826844215393066,-2.6788294315338135,-2.8979735374450684
1710529189435794180,-8.84720230102539,-2.652484178543091,-3.2272887229919434
1710529189469558804,-8.740623474121094,-2.9171338081359863,-3.1003527641296387
1710529189509309921,-8.729846000671387,-2.5387206077575684,-2.553090810775757
1710529189591526760,-8.78732681274414,-2.60697865486145,-2.7878026962280273
1710529189600046957,-8.78732681274414,-2.60697865486145,-2.7878026962280273
1710529189604204582,-8.710685729980469,-3.044069766998291,-2.8979735374450684
1710529189633460397,-8.8519926071167,-2.4680676460266113,-3.002156972885132
1710529189635633874,-8.775351524353027,-2.4692652225494385,-3.0261070728302
1710529189646146881,-8.80169677734375,-2.6500890254974365,-2.6488916873931885
1710529189679851209,-8.805289268493652,-2.954256534576416,-2.854863166809082
1710529189740549161,-8.765771865844727,-2.7207422256469727,-2.804567813873291
1710529189770359425,-8.796906471252441,-2.913541316986084,-2.9207262992858887
1710529189785088150,-8.738228797912598,-2.7219398021698,-2.8979735374450684
1710529189799617000,-8.802894592285156,-2.526745557785034,-2.8189380168914795
1710529189837509763,-8.826844215393066,-2.493215322494507,-2.854863166809082
1710529189868910241,-8.721463203430176,-2.882405996322632,-2.9087512493133545
1710529189892700802,-8.79211711883545,-2.66206431388855,-2.895578622817993
1710529189910773334,-8.795709609985352,-2.5291407108306885,-2.912343740463257
1710529189923496674,-8.749006271362305,-2.802172899246216,-2.893183708190918
1710529189952977264,-8.775351524353027,-2.8512706756591797,-2.885998487472534
1710529189986712671,-8.708291053771973,-2.664459228515625,-3.351829767227173
1710529190030554678,-8.708291053771973,-2.664459228515625,-3.351829767227173
1710529190053727351,-8.886719703674316,-2.783012628555298,-2.9386889934539795
1710529190088987197,-8.868757247924805,-3.172203302383423,-2.8680357933044434
1710529190089116106,-8.59931755065918,-3.052452325820923,-2.794987678527832
1710529190120920580,-8.745413780212402,-2.3602917194366455,-2.815345525741577
1710529190156702601,-8.692723274230957,-3.0380823612213135,-2.854863166809082
1710529190190585947,-8.806487083435059,-2.45489501953125,-3.015329599380493
1710529190192420437,-8.820857048034668,-2.4213647842407227,-2.9482691287994385
1710529190204988880,-8.806487083435059,-2.5878186225891113,-2.6572742462158203
1710529190224048524,-8.81127643585205,-2.7195446491241455,-2.6716442108154297
1710529190245094660,-8.768166542053223,-3.0608348846435547,-3.0165271759033203
1710529190264038766,-8.814868927001953,-2.577040910720825,-2.8488757610321045
1710529190310865786,-8.837621688842773,-2.4824378490448,-2.692002058029175
1710529190312427776,-8.804091453552246,-2.8369007110595703,-2.883603572845459
1710529190348279207,-8.810079574584961,-2.796185255050659,-2.853665828704834
1710529190371311494,-8.750204086303711,-2.715952157974243,-2.8800110816955566
1710529190400952921,-8.781338691711426,-2.8967761993408203,-2.9087512493133545
1710529190407347482,-8.71906852722168,-2.962639093399048,-2.9171338081359863
1710529190432606550,-8.789721488952637,-2.512375593185425,-2.845283269882202
1710529190465918408,-8.825647354125977,-2.8788135051727295,-2.84648060798645
1710529190510001325,-8.768166542053223,-2.763852596282959,-2.875221014022827
1710529190529089798,-8.81127643585205,-2.7195446491241455,-3.091970205307007
1710529190545726247,-8.687932968139648,-2.723137140274048,-3.052452325820923
1710529190577270313,-8.980125427246094,-2.4273521900177,-2.7698400020599365
1710529190625471514,-8.932225227355957,-2.9710216522216797,-3.1674132347106934
1710529190636254284,-8.499924659729004,-3.415297746658325,-3.024909734725952
1710529190642390015,-8.733438491821289,-2.2297632694244385,-2.7171497344970703
1710529190657101059,-9.020840644836426,-2.7806177139282227,-2.953059196472168
1710529190684055898,-9.020840644836426,-2.7806177139282227,-2.953059196472168
1710529190707460027,-8.772956848144531,-2.603386163711548,-2.905158758163452
1710529190730730355,-8.769364356994629,-2.703977108001709,-2.9674291610717773
1710529190743627794,-8.829239845275879,-2.543510675430298,-2.714754581451416
1710529190764980867,-8.734636306762695,-2.924318790435791,-2.834505558013916
1710529190789805331,-8.734636306762695,-2.665656805038452,-2.9171338081359863
1710529190836131264,-8.765771865844727,-2.633323907852173,-2.6979894638061523
1710529190873976964,-8.834029197692871,-2.635719060897827,-2.8105554580688477
1710529190889066238,-8.786128997802734,-2.6297314167022705,-2.8369007110595703
1710529190915836286,-8.814868927001953,-2.6273365020751953,-2.8812084197998047
1710529190940944313,-8.745413780212402,-2.8991711139678955,-2.885998487472534
1710529190947541301,-8.745413780212402,-2.8991711139678955,-2.885998487472534
1710529190960064614,-8.820857048034668,-2.616558790206909,-2.884800910949707
1710529190985352354,-8.795709609985352,-2.796185255050659,-2.794987678527832
1710529190998108355,-8.745413780212402,-2.773432731628418,-2.9470715522766113
1710529191023145278,-8.80169677734375,-2.743494987487793,-2.8584558963775635
1710529191039894864,-8.80169677734375,-2.743494987487793,-2.8584558963775635
1710529191062856947,-8.80169677734375,-2.6488916873931885,-2.794987678527832
1710529191073541891,-8.80169677734375,-2.6488916873931885,-2.794987678527832
1710529191089535752,-8.743019104003906,-2.8069629669189453,-3.26081919670105
1710529191102960496,-8.601712226867676,-2.8416907787323,-2.862048387527466
1710529191136386487,-8.81606674194336,-2.2800586223602295,-2.5518932342529297
1710529191145371571,-8.790919303894043,-2.644101619720459,-3.064427375793457
1710529191148937124,-8.790919303894043,-2.644101619720459,-3.064427375793457
1710529191176299557,-8.790919303894043,-3.0871801376342773,-2.84648060798645
1710529191182759969,-8.717870712280273,-2.955454111099243,-2.713557243347168
1710529191218408112,-8.808881759643555,-2.585423469543457,-2.924318790435791
1710529191233119608,-8.763376235961914,-2.9937744140625,-2.891986131668091
1710529191323578626,-8.793313980102539,-3.0081446170806885,-2.9602441787719727
1710529191346944642,-8.81606674194336,-2.6273365020751953,-2.9386889934539795
1710529191403458502,-8.823251724243164,-2.8392956256866455,-2.8788135051727295
1710529191420113154,-8.771759033203125,-2.7291247844696045,-2.8488757610321045
1710529191443451785,-8.75619125366211,-2.636916399002075,-2.8369007110595703
1710529191458080514,-8.790919303894043,-2.577040910720825,-2.84648060798645
1710529191470735121,-8.766968727111816,-2.7782225608825684,-2.7866051197052
1710529191516661647,-8.860374450683594,-2.7219398021698,-2.8572583198547363
1710529191526999570,-8.825647354125977,-2.533930778503418,-2.8201355934143066
1710529191554838789,-8.807683944702148,-2.8392956256866455,-2.785407781600952
1710529191565599166,-8.820857048034668,-2.812950372695923,-2.8416907787323
1710529191605408132,-8.842411994934082,-2.802172899246216,-3.0776000022888184
1710529191632685093,-8.799302101135254,-2.9770092964172363,-3.1171178817749023
1710529191658008307,-8.634045600891113,-2.373464345932007,-2.577040910720825
1710529191695604800,-8.890312194824219,-2.2716760635375977,-2.5375232696533203
1710529191716642195,-8.877140045166016,-2.4405248165130615,-2.751877546310425
1710529191744708959,-8.807683944702148,-2.1112096309661865,-2.8380980491638184
1710529191758886641,-8.861572265625,-2.4117846488952637,-2.7985804080963135
1710529191790448688,-8.6220703125,-3.0811927318573,-2.8416907787323
1710529191804993814,-8.8711519241333,-2.565065860748291,-2.811753034591675
1710529191815518334,-8.826844215393066,-2.466870069503784,-2.69439697265625
1710529191845044044,-8.754993438720703,-2.9195287227630615,-2.7087671756744385
1710529191861813752,-8.758586883544922,-3.222498893737793,-2.852468252182007
1710529191878608061,-8.72745132446289,-3.161425828933716,-2.9937744140625
1710529191893403662,-8.837621688842773,-2.4489073753356934,-2.6500890254974365
1710529191902100753,-8.837621688842773,-2.4489073753356934,-2.6500890254974365
1710529191939644316,-8.782536506652832,-2.7710375785827637,-2.7866051197052
1710529191958742292,-8.820857048034668,-2.8883936405181885,-2.8967761993408203
1710529191973300887,-8.82444953918457,-2.6596691608428955,-2.8069629669189453
1710529191977527068,-8.770561218261719,-2.5794360637664795,-2.826122999191284
1710529191998548195,-8.80169677734375,-2.626138925552368,-2.804567813873291
1710529192002811853,-8.825647354125977,-2.7015819549560547,-2.7890002727508545
1710529192019636419,-8.737030982971191,-2.90156626701355,-2.8680357933044434
1710529192044803948,-8.810079574584961,-2.7195446491241455,-2.852468252182007
1710529192074230829,-8.83881950378418,-2.554288387298584,-2.7985804080963135
1710529192102514083,-8.790919303894043,-2.732717275619507,-2.802172899246216
1710529192116233560,-8.7322416305542,-2.7195446491241455,-2.8668384552001953
1710529192139391385,-8.81127643585205,-2.6872119903564453,-2.7578649520874023
1710529192171158995,-8.848400115966797,-2.8177404403686523,-3.0392796993255615
1710529192192106678,-8.770561218261719,-2.882405996322632,-3.1997461318969727
1710529192217421226,-8.726253509521484,-2.4417223930358887,-2.314786434173584
1710529192290715304,-9.04119873046875,-2.2225780487060547,-2.626138925552368
1710529192360294948,-8.757389068603516,-3.074007511138916,-2.991379499435425
1710529192362400313,-8.804091453552246,-2.863245964050293,-2.6991870403289795
1710529192381369056,-8.740623474121094,-2.5794360637664795,-2.8740234375
1710529192396198283,-8.835227012634277,-2.735112190246582,-2.565065860748291
1710529192421560426,-8.765771865844727,-3.0572423934936523,-3.0069470405578613
1710529192463214219,-8.795709609985352,-2.665656805038452,-2.735112190246582
1710529192477881809,-8.823251724243164,-2.876418352127075,-2.7770252227783203
1710529192494676639,-8.793313980102539,-2.743494987487793,-2.7901978492736816
1710529192574542880,-8.810079574584961,-2.603386163711548,-2.7890002727508545
1710529192582806171,-8.799302101135254,-3.0296998023986816,-2.8500733375549316
1710529192599763642,-8.796906471252441,-2.6021888256073,-2.845283269882202
1710529192629111703,-8.81606674194336,-2.7770252227783203,-2.7590625286102295
1710529192654429374,-8.786128997802734,-2.7997777462005615,-2.8596532344818115
1710529192692051950,-8.806487083435059,-2.66206431388855,-2.78181529045105
1710529192696417235,-8.777746200561523,-2.615361213684082,-2.826122999191284
1710529192717448546,-8.804091453552246,-2.8704309463500977,-3.0285022258758545
1710529192723893627,-8.80169677734375,-2.8871960639953613,-3.202141046524048
1710529192728204887,-8.768166542053223,-2.7890002727508545,-2.762655019760132
1710529192770096456,-8.835227012634277,-2.7195446491241455,-2.696791887283325
1710529192789044803,-8.723858833312988,-2.484832763671875,-2.3914270401000977
1710529192791213492,-8.910670280456543,-2.5686583518981934,-2.72672963142395
1710529192852091597,-8.763376235961914,-3.084785223007202,-2.962639093399048
1710529192891899746,-8.788524627685547,-2.7698400020599365,-2.663261651992798
1710529192904425518,-8.739426612854004,-2.7506799697875977,-2.8572583198547363
1710529192971624015,-8.853189468383789,-2.5698559284210205,-2.8081603050231934
1710529192973764224,-8.853189468383789,-2.702779531478882,-2.544708251953125
1710529192978005733,-8.729846000671387,-3.1099328994750977,-3.113525390625
1710529192992802038,-8.7514009475708,-2.4201672077178955,-2.72672963142395
1710529193005451550,-8.830436706542969,-2.743494987487793,-2.556683301925659
1710529193018356229,-8.777746200561523,-2.8069629669189453,-2.891986131668091
1710529193028857504,-8.81127643585205,-2.953059196472168,-2.7973828315734863
1710529193045703267,-8.808881759643555,-2.706372022628784,-2.785407781600952
1710529193056308028,-8.7322416305542,-2.6081762313842773,-2.8512706756591797
1710529193091263128,-8.812474250793457,-2.69439697265625,-2.4800426959991455
1710529193112759323,-8.78732681274414,-2.784210205078125,-2.903961181640625
1710529193121486111,-8.78732681274414,-2.815345525741577,-2.815345525741577
1710529193157125647,-8.784931182861328,-2.634521484375,-2.865640878677368
1710529193178115001,-8.798104286193848,-2.632126569747925,-2.8213329315185547
1710529193180316686,-8.798104286193848,-2.632126569747925,-2.7878026962280273
1710529193188778892,-8.805289268493652,-2.81414794921875,-2.7973828315734863
1710529193213985549,-8.800498962402344,-2.7171497344970703,-2.824925422668457
1710529193266531152,-8.81127643585205,-2.6979894638061523,-2.773432731628418
1710529193289439192,-8.854387283325195,-2.7878026962280273,-2.4022045135498047
1710529193291388817,-8.765771865844727,-2.4405248165130615,-2.30281138420105
1710529193310505866,-8.855585098266602,-2.445314884185791,-2.8907885551452637
1710529193327226324,-8.813672065734863,-3.0668225288391113,-2.951861619949341
1710529193373827066,-8.715476036071777,-2.9806017875671387,-2.8273205757141113
1710529193377928407,-8.804091453552246,-2.575843572616577,-2.5686583518981934
1710529193401189706,-8.795709609985352,-2.8297154903411865,-2.90156626701355
1710529193424189846,-8.802894592285156,-3.1266980171203613,-2.815345525741577
1710529193436654971,-8.854387283325195,-2.7183470726013184,-2.815345525741577
1710529193495321950,-8.863966941833496,-2.78181529045105,-2.642904043197632
1710529193503740915,-8.76457405090332,-3.0991551876068115,-2.935096502304077
1710529193533686659,-8.77894401550293,-2.5506958961486816,-2.783012628555298
1710529193548207049,-8.856781959533691,-2.693199396133423,-2.6512866020202637
1710529193590286807,-8.777746200561523,-2.8093578815460205,-2.7183470726013184
1710529193672308830,-8.780141830444336,-2.90156626701355,-2.8871960639953613
1710529193695295546,-8.81606674194336,-2.60697865486145,-2.796185255050659
1710529193716615761,-8.772956848144531,-2.7303223609924316,-2.826122999191284
1710529193754481687,-8.784931182861328,-2.7674450874328613,-2.751877546310425
1710529193773243473,-8.818462371826172,-2.7686426639556885,-2.7770252227783203
1710529193794333806,-8.798104286193848,-2.596201181411743,-2.804567813873291
1710529193800782313,-8.819659233093262,-2.822530508041382,-2.9877867698669434
1710529193811172896,-8.910670280456543,-2.9171338081359863,-3.3470396995544434
1710529193834614873,-8.601712226867676,-2.646496534347534,-2.363884210586548
1710529193857543123,-8.964557647705078,-2.244133234024048,-2.8369007110595703
1710529193874308638,-8.740623474121094,-2.3782544136047363,-3.0668225288391113
1710529193880492175,-8.572972297668457,-3.62007212638855,-2.9566516876220703
1710529193897317320,-8.874744415283203,-3.2895593643188477,-3.004551887512207
1710529193916200826,-8.84720230102539,-2.3686742782592773,-2.5015978813171387
1710529193943689414,-8.826844215393066,-3.0608348846435547,-2.9602441787719727
1710529193970994727,-8.825647354125977,-2.682421922683716,-2.7770252227783203
1710529194046828980,-8.857979774475098,-2.875221014022827,-2.8404932022094727
1710529194069611297,-8.788524627685547,-2.6381139755249023,-2.862048387527466
1710529194080028741,-8.812474250793457,-2.3794519901275635,-2.8309130668640137
1710529194086588247,-8.826844215393066,-2.852468252182007,-2.622546434402466
1710529194099162004,-8.768166542053223,-2.9386889934539795,-2.774630069732666
1710529194107567763,-8.760981559753418,-2.842888116836548,-2.894381046295166
1710529194136934756,-8.807683944702148,-2.702779531478882,-2.703977108001709
1710529194147502298,-8.78732681274414,-2.7207422256469727,-2.805765390396118
1710529194187318054,-8.823251724243164,-2.612966299057007,-2.751877546310425
1710529194212797918,-8.783734321594238,-2.965034246444702,-2.8572583198547363
1710529194216958147,-8.822054862976074,-2.653681755065918,-2.853665828704834
1710529194233661297,-8.834029197692871,-2.623744010925293,-2.7770252227783203
1710529194265072593,-8.782536506652832,-2.66206431388855,-2.743494987487793
1710529194277698763,-8.796906471252441,-2.845283269882202,-2.7674450874328613
1710529194300722902,-8.841214179992676,-2.7878026962280273,-2.8416907787323
1710529194319498487,-8.781338691711426,-2.763852596282959,-2.796185255050659
1710529194330286588,-8.795709609985352,-2.7219398021698,-2.744692325592041
1710529194353474309,-8.857979774475098,-2.833308219909668,-2.9937744140625
1710529194361898710,-8.799302101135254,-2.925516366958618,-3.194956064224243
1710529194401672496,-8.892707824707031,-2.3111939430236816,-2.3483166694641113
1710529194443916228,-8.786128997802734,-3.0189220905303955,-2.864443302154541
1710529194464756952,-8.899892807006836,-2.2716760635375977,-2.6381139755249023
1710529194532411226,-8.780141830444336,-2.5387206077575684,-2.905158758163452
1710529194572708777,-8.843609809875488,-2.921923875808716,-2.6021888256073
1710529194607720829,-8.77894401550293,-2.796185255050659,-2.9410839080810547
1710529194690199866,-8.822054862976074,-2.785407781600952,-2.702779531478882
1710529194708134584,-8.841214179992676,-2.6572742462158203,-2.802172899246216
1710529194758637421,-8.817264556884766,-2.7183470726013184,-2.763852596282959
1710529194768884930,-8.765771865844727,-2.9267139434814453,-2.7782225608825684
1710529194809244393,-8.814868927001953,-2.653681755065918,-2.803370475769043
1710529194813484995,-8.786128997802734,-2.6608667373657227,-2.7602601051330566
1710529194878519452,-8.807683944702148,-2.8380980491638184,-2.826122999191284
1710529194907691755,-8.766968727111816,-2.8608508110046387,-2.634521484375
1710529194935136661,-8.866362571716309,-2.7195446491241455,-2.5578808784484863
1710529194966618520,-8.8519926071167,-2.5914111137390137,-2.8488757610321045
1710529194994027136,-8.834029197692871,-2.8213329315185547,-2.6285338401794434
1710529195100982793,-8.807683944702148,-2.634521484375,-2.8895909786224365
1710529195141223986,-8.75619125366211,-2.803370475769043,-2.692002058029175
1710529195147655655,-8.763376235961914,-2.872825860977173,-2.8285181522369385
1710529195149757573,-8.789721488952637,-2.7303223609924316,-2.8081603050231934
1710529195189732311,-8.826844215393066,-2.8416907787323,-2.7890002727508545
1710529195218941365,-8.7514009475708,-2.852468252182007,-2.8309130668640137
1710529195244419072,-8.808881759643555,-2.772235155105591,-2.7973828315734863
1710529195261117913,-8.846004486083984,-2.7075695991516113,-2.773432731628418
1710529195269523015,-8.769364356994629,-2.844085693359375,-2.8273205757141113
1710529195292317068,-8.820857048034668,-2.9614417552948,-2.8201355934143066
1710529195340953334,-8.819659233093262,-2.6716442108154297,-2.775827646255493
1710529195404257380,-8.793313980102539,-2.785407781600952,-2.774630069732666
1710529195439866860,-8.775351524353027,-2.6105713844299316,-2.773432731628418
1710529195454433143,-8.800498962402344,-2.8788135051727295,-3.0201196670532227
1710529195458703780,-8.810079574584961,-2.9207262992858887,-2.954256534576416
1710529195479704535,-8.80169677734375,-2.811753034591675,-2.7806177139282227
1710529195506998082,-8.844806671142578,-2.9686267375946045,-2.981799364089966
1710529195536616415,-8.93581771850586,-3.121907949447632,-2.6704468727111816
1710529195547413796,-8.733438491821289,-2.792592763900757,-2.725532293319702
1710529195568126987,-8.881930351257324,-2.605781316757202,-2.7470874786376953
1710529195591122592,-8.805289268493652,-2.7985804080963135,-2.7111620903015137
1710529195624929260,-8.87594223022461,-2.614163875579834,-2.772235155105591
1710529195629220246,-8.790919303894043,-2.622546434402466,-2.883603572845459
1710529195652385516,-8.869955062866211,-2.811753034591675,-2.7303223609924316
1710529195669078852,-8.7514009475708,-2.9973669052124023,-2.854863166809082
1710529195691083671,-8.805289268493652,-2.6201512813568115,-2.7506799697875977
1710529195729741723,-8.759783744812012,-2.6991870403289795,-2.683619499206543
1710529195736105678,-8.819659233093262,-2.8488757610321045,-2.7291247844696045
1710529195763332556,-8.810079574584961,-2.755470037460327,-2.72672963142395
1710529195825307064,-8.776549339294434,-2.751877546310425,-2.792592763900757
1710529195889677916,-8.808881759643555,-2.7674450874328613,-2.816542863845825
1710529195904064339,-8.780141830444336,-2.672841787338257,-2.725532293319702
1710529195946460559,-8.832832336425781,-2.783012628555298,-2.7794201374053955
1710529195965373078,-8.753796577453613,-2.7782225608825684,-2.753074884414673
1710529196009765392,-8.88432502746582,-2.7794201374053955,-2.8093578815460205
1710529196053629441,-8.841214179992676,-2.3099963665008545,-2.5890161991119385
1710529196079012486,-8.666378021240234,-2.796185255050659,-2.5997936725616455
1710529196099779965,-8.795709609985352,-2.33514404296875,-2.723137140274048
1710529196185996726,-8.799302101135254,-2.7003846168518066,-2.883603572845459
1710529196211138546,-8.715476036071777,-2.8596532344818115,-2.753074884414673
1710529196251152565,-8.75619125366211,-2.7602601051330566,-2.8105554580688477
1710529196255440931,-8.75619125366211,-2.7602601051330566,-2.8105554580688477
1710529196270171248,-8.795709609985352,-2.792592763900757,-2.802172899246216
1710529196290947877,-8.798104286193848,-2.78181529045105,-2.715952157974243
1710529196299181580,-8.82444953918457,-2.785407781600952,-2.686014413833618
1710529196345540222,-8.800498962402344,-2.7470874786376953,-2.794987678527832
1710529196400414564,-8.848400115966797,-2.9099488258361816,-2.735112190246582
1710529196425532117,-8.84720230102539,-2.7674450874328613,-2.7279272079467773
1710529196438402026,-8.769364356994629,-2.7494823932647705,-2.725532293319702
1710529196455106884,-8.832832336425781,-2.766247510910034,-2.732717275619507
1710529196473672995,-8.807683944702148,-2.784210205078125,-2.773432731628418
1710529196486351794,-8.80169677734375,-2.8297154903411865,-2.7470874786376953
1710529196517739353,-8.7514009475708,-2.66206431388855,-2.7375073432922363
1710529196558503946,-8.872349739074707,-2.872825860977173,-2.9470715522766113
1710529196564408780,-8.685538291931152,-2.386636972427368,-2.586621046066284
1710529196589594914,-8.698711395263672,-2.742297410964966,-2.6716442108154297
1710529196622854184,-8.666378021240234,-2.833308219909668,-2.644101619720459
1710529196656531872,-8.717870712280273,-2.277663469314575,-2.6488916873931885
1710529196700475768,-8.69631576538086,-2.9901819229125977,-2.7291247844696045
1710529196702561373,-8.776549339294434,-3.0811927318573,-2.8776159286499023
1710529196723743808,-8.687932968139648,-2.6776318550109863,-2.844085693359375
1710529196738475429,-8.92144775390625,-2.7219398021698,-2.8105554580688477
1710529196744871948,-8.8711519241333,-2.885998487472534,-2.632126569747925
1710529196839372227,-8.829239845275879,-2.6884093284606934,-2.6908044815063477
1710529196843675771,-8.83881950378418,-2.7782225608825684,-2.6800267696380615
1710529196854195527,-8.831634521484375,-2.7985804080963135,-2.7614574432373047
1710529196890442947,-8.775351524353027,-2.7494823932647705,-2.7806177139282227
1710529196919241394,-8.799302101135254,-2.682421922683716,-2.7183470726013184
1710529196967666909,-8.739426612854004,-2.724334716796875,-2.7985804080963135
1710529197013759777,-8.77894401550293,-2.8009753227233887,-2.7913951873779297
1710529197049364258,-8.82444953918457,-2.763852596282959,-2.674039363861084
1710529197072572535,-8.808881759643555,-2.8704309463500977,-3.015329599380493
1710529197116713851,-8.590934753417969,-2.6105713844299316,-2.363884210586548
1710529197162844888,-8.896300315856934,-2.433339834213257,-3.011737108230591
1710529197196459565,-8.860374450683594,-2.313588857650757,-2.616558790206909
1710529197259564882,-8.795709609985352,-2.7806177139282227,-2.763852596282959
1710529197263864809,-8.883127212524414,-2.6093738079071045,-2.7375073432922363
1710529197301646728,-8.775351524353027,-2.774630069732666,-2.675236701965332
1710529197310456874,-8.775351524353027,-2.774630069732666,-2.675236701965332
1710529197329183783,-8.83881950378418,-2.9099488258361816,-2.7279272079467773
1710529197333274150,-8.79211711883545,-2.7806177139282227,-2.725532293319702
1710529197354218564,-8.802894592285156,-2.573448419570923,-2.7494823932647705
1710529197369140411,-8.798104286193848,-2.832110643386841,-2.684816837310791
1710529197390092431,-8.80169677734375,-2.8871960639953613,-2.7506799697875977
1710529197427775778,-8.774153709411621,-2.7866051197052,-2.7387049198150635
1710529197442747019,-8.774153709411621,-2.745889902114868,-2.6908044815063477
1710529197522191841,-8.854387283325195,-2.7399022579193115,-2.703977108001709
1710529197530552230,-8.837621688842773,-2.7291247844696045,-2.744692325592041
1710529197545388200,-8.799302101135254,-2.772235155105591,-2.733914852142334
1710529197562240208,-8.766968727111816,-2.766247510910034,-2.732717275619507
1710529197583249509,-8.800498962402344,-2.6908044815063477,-2.7171497344970703
1710529197595985744,-8.830436706542969,-2.6476941108703613,-2.714754581451416
1710529197610841504,-8.866362571716309,-2.7890002727508545,-2.8309130668640137
1710529197638925140,-8.75619125366211,-2.951861619949341,-2.953059196472168
1710529197660939055,-8.760981559753418,-2.674039363861084,-2.3998095989227295
1710529197669316922,-8.867559432983398,-2.4692652225494385,-2.406994581222534
1710529197697105508,-8.763376235961914,-3.1602282524108887,-2.826122999191284
1710529197706997239,-8.853189468383789,-2.876418352127075,-2.663261651992798
1710529197736850638,-8.771759033203125,-2.724334716796875,-2.592608690261841
1710529197743391290,-8.893904685974121,-2.4489073753356934,-2.654879093170166
1710529197774718887,-8.82444953918457,-2.93389892578125,-2.7099645137786865
1710529197812349303,-8.885522842407227,-2.603386163711548,-2.7375073432922363
1710529197816575655,-8.853189468383789,-2.7387049198150635,-2.824925422668457
1710529197839667327,-8.782536506652832,-2.902763605117798,-2.7291247844696045
1710529197850148833,-8.832832336425781,-2.842888116836548,-2.66206431388855
1710529197862740344,-8.810079574584961,-2.8416907787323,-2.72672963142395
1710529197868972615,-8.784931182861328,-2.78181529045105,-2.7303223609924316
1710529197890125168,-8.817264556884766,-2.744692325592041,-2.7482848167419434
1710529197915518247,-8.857979774475098,-2.876418352127075,-2.724334716796875
1710529197988843692,-8.757389068603516,-2.7710375785827637,-2.815345525741577
1710529198047901367,-8.832832336425781,-2.7782225608825684,-2.7494823932647705
1710529198098043096,-8.795709609985352,-2.756667375564575,-2.7087671756744385
1710529198135962427,-8.772956848144531,-2.7542724609375,-2.7410998344421387
1710529198163215192,-8.897497177124023,-2.785407781600952,-2.7997777462005615
1710529198186431265,-8.903485298156738,-2.974614143371582,-3.0009593963623047
1710529198213898650,-8.903485298156738,-2.974614143371582,-3.0009593963623047
1710529198239114894,-8.859177589416504,-2.5075855255126953,-2.4477100372314453
1710529198253808758,-8.750204086303711,-2.8273205757141113,-2.875221014022827
1710529198257977531,-8.869955062866211,-3.144660711288452,-2.84648060798645
1710529198276939019,-8.735834121704102,-2.7399022579193115,-2.5590784549713135
1710529198293560686,-8.87594223022461,-2.6309289932250977,-2.6991870403289795
1710529198327137037,-8.782536506652832,-2.8093578815460205,-2.6788294315338135
1710529198350530949,-8.846004486083984,-2.702779531478882,-2.653681755065918
1710529198371681492,-8.713081359863281,-2.6872119903564453,-2.8907885551452637
1710529198384102712,-8.849596977233887,-2.9075536727905273,-2.5878186225891113
1710529198417795066,-8.781338691711426,-2.8009753227233887,-2.766247510910034
1710529198449446612,-8.854387283325195,-2.802172899246216,-2.7075695991516113
1710529198485010370,-8.745413780212402,-2.8369007110595703,-2.8476781845092773
1710529198501723582,-8.79211711883545,-2.7973828315734863,-2.7399022579193115
1710529198522866873,-8.783734321594238,-2.7410998344421387,-2.834505558013916
1710529198548303306,-8.849596977233887,-2.705174446105957,-2.7602601051330566
1710529198581999236,-8.80169677734375,-2.883603572845459,-2.8081603050231934
1710529198623966593,-8.781338691711426,-2.7375073432922363,-2.7506799697875977
1710529198628100814,-8.79211711883545,-2.736309766769409,-2.674039363861084
1710529198647099140,-8.752598762512207,-2.775827646255493,-2.7303223609924316
1710529198682851532,-8.835227012634277,-2.773432731628418,-2.7099645137786865
1710529198695153205,-8.804091453552246,-2.6776318550109863,-2.724334716796875
1710529198703723894,-8.904682159423828,-2.803370475769043,-2.7602601051330566
1710529198722669804,-8.899892807006836,-2.903961181640625,-2.9985644817352295
1710529198764715638,-8.860374450683594,-2.664459228515625,-2.6213488578796387
1710529198792667503,-8.714278221130371,-3.1278955936431885,-2.616558790206909
1710529198827726062,-8.975336074829102,-3.290756940841675,-2.60697865486145
1710529198850753713,-8.726253509521484,-3.054847478866577,-2.823728084564209
1710529198896721208,-8.881930351257324,-2.736309766769409,-2.636916399002075
1710529198926309625,-8.830436706542969,-2.7375073432922363,-2.7997777462005615
1710529198989327535,-8.866362571716309,-2.676434278488159,-2.612966299057007
1710529199010401266,-8.878337860107422,-2.793790340423584,-2.636916399002075
1710529199018903114,-8.776549339294434,-2.84648060798645,-2.735112190246582
1710529199044027325,-8.834029197692871,-2.871628522872925,-2.751877546310425
1710529199085879178,-8.842411994934082,-2.6872119903564453,-2.693199396133423
1710529199140739224,-8.786128997802734,-2.7602601051330566,-2.7770252227783203
1710529199145444914,-8.837621688842773,-2.684816837310791,-2.715952157974243
1710529199163833811,-8.854387283325195,-2.805765390396118,-2.646496534347534
1710529199180773356,-8.78732681274414,-2.802172899246216,-2.7087671756744385
1710529199197433687,-8.808881759643555,-2.7482848167419434,-2.7075695991516113
1710529199212340939,-8.819659233093262,-2.78181529045105,-2.7303223609924316
1710529199214382294,-8.834029197692871,-2.8213329315185547,-2.706372022628784
1710529199243770037,-8.78732681274414,-2.7291247844696045,-2.706372022628784
1710529199266797645,-8.78732681274414,-2.7291247844696045,-2.706372022628784
1710529199311107737,-8.389753341674805,-2.554288387298584,-2.2812561988830566
1710529199344762777,-8.745413780212402,-2.774630069732666,-2.6908044815063477
1710529199361341393,-8.910670280456543,-2.464475154876709,-2.494412899017334
1710529199388813163,-8.867559432983398,-2.9494664669036865,-2.8309130668640137
1710529199487728697,-8.780141830444336,-2.893183708190918,-2.6716442108154297
1710529199518732198,-8.874744415283203,-2.865640878677368,-2.7410998344421387
1710529199537761333,-8.770561218261719,-2.785407781600952,-2.714754581451416
1710529199539811944,-8.805289268493652,-2.6476941108703613,-2.7111620903015137
1710529199559200762,-8.743019104003906,-2.8309130668640137,-2.6117687225341797
1710529199571230092,-8.830436706542969,-2.766247510910034,-2.7913951873779297
1710529199609888486,-8.822054862976074,-2.842888116836548,-2.712359666824341
1710529199619768790,-8.87594223022461,-2.612966299057007,-2.743494987487793
1710529199640958897,-8.795709609985352,-2.622546434402466,-2.712359666824341
1710529199676348309,-8.844806671142578,-2.6884093284606934,-2.7494823932647705
1710529199758564816,-8.796906471252441,-2.803370475769043,-2.7315196990966797
1710529199794328134,-8.819659233093262,-2.7806177139282227,-2.824925422668457
1710529199842793950,-8.81606674194336,-2.9183313846588135,-2.8608508110046387
1710529199857242586,-8.896300315856934,-2.4992029666900635,-2.3878345489501953
1710529199865820816,-8.88432502746582,-2.72672963142395,-2.802172899246216
1710529199869905721,-8.859177589416504,-2.9985644817352295,-2.8392956256866455
1710529199884729818,-8.947793006896973,-3.1590306758880615,-2.645298957824707
1710529199907685412,-8.693921089172363,-3.02131724357605,-2.5111780166625977
1710529199924693889,-8.939410209655762,-2.3914270401000977,-2.682421922683716
1710529199971060413,-8.781338691711426,-3.083587646484375,-2.732717275619507
1710529200013211523,-8.744215965270996,-2.642904043197632,-2.815345525741577
1710529200021461430,-8.786128997802734,-2.9111461639404297,-2.6584715843200684
1710529200038278563,-8.744215965270996,-2.93389892578125,-2.744692325592041
1710529200070449351,-8.81606674194336,-2.8380980491638184,-2.7003846168518066
1710529200113895952,-8.800498962402344,-2.812950372695923,-2.7099645137786865
1710529200132625344,-8.81127643585205,-2.766247510910034,-2.6596691608428955
1710529200155830735,-8.848400115966797,-2.8369007110595703,-2.7542724609375
1710529200215106891,-8.837621688842773,-2.6884093284606934,-2.635719060897827
1710529200238477954,-8.877140045166016,-2.815345525741577,-2.6381139755249023
1710529200265686847,-8.863966941833496,-2.8273205757141113,-2.7399022579193115
1710529200309839726,-8.781338691711426,-2.763852596282959,-2.7279272079467773
1710529200335088982,-8.784931182861328,-2.7985804080963135,-2.7698400020599365
1710529200347950972,-8.883127212524414,-2.9099488258361816,-2.9482691287994385
1710529200369007791,-8.807683944702148,-2.912343740463257,-2.996169328689575
1710529200400614319,-8.914262771606445,-2.555485725402832,-2.416574716567993
1710529200425846137,-8.678353309631348,-2.972219228744507,-2.7003846168518066
1710529200451266441,-8.873547554016113,-3.2464489936828613,-2.675236701965332
1710529200476617277,-8.802894592285156,-2.7973828315734863,-2.69439697265625
1710529200491182976,-8.79211711883545,-3.154240608215332,-2.756667375564575
1710529200514891270,-8.750204086303711,-2.9003686904907227,-2.7111620903015137
1710529200545741011,-8.865164756774902,-2.84648060798645,-2.7686426639556885
1710529200556118615,-8.749006271362305,-2.7794201374053955,-2.7087671756744385
1710529200613235641,-8.818462371826172,-2.811753034591675,-2.6105713844299316
1710529200625432317,-8.846004486083984,-2.744692325592041,-2.6177563667297363
1710529200638123958,-8.812474250793457,-2.8668384552001953,-2.6393115520477295
1710529200700989660,-8.794511795043945,-2.8285181522369385,-2.6884093284606934
1710529200705434929,-8.825647354125977,-2.7901978492736816,-2.6812243461608887
1710529200722444233,-8.834029197692871,-2.796185255050659,-2.6680517196655273
1710529200749643449,-8.782536506652832,-2.9398865699768066,-2.6872119903564453
1710529200781179188,-8.828042030334473,-2.7794201374053955,-2.715952157974243
1710529200819143306,-8.860374450683594,-2.7794201374053955,-2.703977108001709
1710529200827616461,-8.794511795043945,-2.804567813873291,-2.692002058029175
1710529200900829236,-8.855585098266602,-2.696791887283325,-2.7099645137786865
1710529200913663420,-8.862770080566406,-2.774630069732666,-2.7075695991516113
1710529200917854233,-8.830436706542969,-2.9578490257263184,-2.884800910949707
1710529200932532117,-8.859177589416504,-2.4908204078674316,-2.3099963665008545
1710529200951466824,-8.794511795043945,-2.3207738399505615,-2.452500104904175
1710529200959873371,-8.7514009475708,-3.094365119934082,-2.834505558013916
1710529200982833468,-8.711883544921875,-3.1207103729248047,-2.826122999191284
1710529201008394474,-8.850794792175293,-2.5099804401397705,-2.4584875106811523
1710529201089043885,-8.826844215393066,-2.6884093284606934,-2.654879093170166
1710529201100418517,-8.822054862976074,-2.743494987487793,-2.78181529045105
1710529201104828270,-8.822054862976074,-2.743494987487793,-2.78181529045105
1710529201132202547,-8.784931182861328,-2.8488757610321045,-2.544708251953125
1710529201142834175,-8.846004486083984,-2.7985804080963135,-2.6812243461608887
1710529201168089415,-8.848400115966797,-2.6584715843200684,-2.672841787338257
1710529201216266746,-8.842411994934082,-2.8476781845092773,-2.693199396133423
1710529201220455368,-8.783734321594238,-2.8285181522369385,-2.683619499206543
1710529201254260877,-8.842411994934082,-2.743494987487793,-2.683619499206543
1710529201273141445,-8.83881950378418,-2.736309766769409,-2.663261651992798
1710529201298012811,-8.812474250793457,-2.912343740463257,-2.615361213684082
1710529201327718379,-8.813672065734863,-2.772235155105591,-2.7494823932647705
1710529201342558518,-8.819659233093262,-2.7399022579193115,-2.653681755065918
1710529201401336060,-8.784931182861328,-2.8009753227233887,-2.706372022628784
1710529201489839253,-8.777746200561523,-2.157912492752075,-2.125579833984375
1710529201506384422,-8.96695327758789,-2.936293840408325,-2.876418352127075
1710529201527232838,-8.82444953918457,-2.796185255050659,-2.876418352127075
1710529201531599786,-8.965755462646484,-3.143463134765625,-3.0165271759033203
1710529201542214728,-8.874744415283203,-2.575843572616577,-2.223775625228882
1710529201567420189,-8.805289268493652,-2.263293504714966,-2.525547981262207
1710529201605238239,-8.739426612854004,-2.7494823932647705,-2.624941349029541
1710529201628274306,-8.897497177124023,-2.6405091285705566,-2.664459228515625
1710529201651529760,-8.814868927001953,-2.8512706756591797,-2.7087671756744385
1710529201708244961,-8.860374450683594,-2.784210205078125,-2.675236701965332
1710529201723000587,-8.826844215393066,-2.7219398021698,-2.5902135372161865
1710529201735480262,-8.814868927001953,-2.875221014022827,-2.706372022628784
1710529201777618543,-8.81606674194336,-2.8177404403686523,-2.636916399002075
1710529201783885926,-8.794511795043945,-2.7470874786376953,-2.6884093284606934
1710529201807175391,-8.820857048034668,-2.7303223609924316,-2.6488916873931885
1710529201830395364,-8.81606674194336,-2.871628522872925,-2.633323907852173
1710529201842897917,-8.808881759643555,-3.0105395317077637,-2.6812243461608887
1710529201863820803,-8.777746200561523,-2.632126569747925,-2.6584715843200684
1710529201878483631,-8.794511795043945,-2.705174446105957,-2.596201181411743
1710529201903628400,-8.79211711883545,-2.792592763900757,-2.6991870403289795
1710529201920510957,-8.835227012634277,-2.883603572845459,-2.7111620903015137
1710529201946016077,-8.873547554016113,-2.7770252227783203,-2.635719060897827
1710529201973466536,-8.880732536315918,-2.7399022579193115,-2.6776318550109863
1710529202009318414,-8.877140045166016,-3.0177245140075684,-2.984194278717041
1710529202025999940,-8.723858833312988,-2.974614143371582,-2.882405996322632
1710529202070113561,-8.850794792175293,-2.5411157608032227,-2.2417383193969727
1710529202088224925,-8.728649139404297,-2.8800110816955566,-2.725532293319702
1710529202099526308,-8.929830551147461,-2.5195605754852295,-2.4117846488952637
1710529202126954808,-8.77894401550293,-3.2081286907196045,-2.6297314167022705
1710529202139563464,-8.78732681274414,-2.9985644817352295,-2.523153066635132
1710529202175210333,-8.853189468383789,-2.636916399002075,-2.693199396133423
1710529202217162723,-8.850794792175293,-2.8500733375549316,-2.672841787338257
1710529202277973681,-8.795709609985352,-2.863245964050293,-2.715952157974243
1710529202294762643,-8.799302101135254,-2.725532293319702,-2.682421922683716
1710529202328559537,-8.804091453552246,-2.8213329315185547,-2.6908044815063477
1710529202334679643,-8.82444953918457,-2.6991870403289795,-2.735112190246582
1710529202380973294,-8.874744415283203,-2.7399022579193115,-2.6285338401794434
1710529202385146706,-8.835227012634277,-2.7399022579193115,-2.585423469543457
1710529202404135696,-8.78732681274414,-2.783012628555298,-2.702779531478882
1710529202423258770,-8.843609809875488,-2.72672963142395,-2.692002058029175
1710529202436265707,-8.841214179992676,-2.763852596282959,-2.634521484375
1710529202490639501,-8.848400115966797,-2.793790340423584,-2.66206431388855
1710529202500955005,-8.819659233093262,-2.811753034591675,-2.6584715843200684
1710529202529011892,-8.863966941833496,-2.714754581451416,-2.6596691608428955
1710529202552006439,-8.768166542053223,-2.9937744140625,-2.9099488258361816
1710529202572761077,-8.770561218261719,-2.7482848167419434,-2.245330810546875
1710529202595961687,-8.747808456420898,-3.2464489936828613,-2.7973828315734863
1710529202675870062,-8.910670280456543,-2.3722667694091797,-2.5219554901123047
1710529202703146575,-8.869955062866211,-2.5914111137390137,-2.556683301925659
1710529202732733465,-8.8519926071167,-2.6596691608428955,-2.674039363861084
1710529202766384798,-8.777746200561523,-2.802172899246216,-2.4920177459716797
1710529202805930223,-8.812474250793457,-2.8680357933044434,-2.585423469543457
1710529202810075556,-8.836424827575684,-2.8692333698272705,-2.713557243347168
1710529202841539992,-8.817264556884766,-2.6908044815063477,-2.6716442108154297
1710529202864826623,-8.81127643585205,-2.8189380168914795,-2.596201181411743
1710529202888478543,-8.835227012634277,-2.8189380168914795,-2.713557243347168
1710529202896141366,-8.865164756774902,-2.7291247844696045,-2.5471031665802
1710529202909033990,-8.843609809875488,-2.7075695991516113,-2.592608690261841
1710529202923599718,-8.850794792175293,-2.7219398021698,-2.665656805038452
1710529202931975705,-8.841214179992676,-3.0081446170806885,-2.6297314167022705
1710529202955140478,-8.775351524353027,-2.815345525741577,-2.69439697265625
1710529202988830915,-8.837621688842773,-2.7195446491241455,-2.6608667373657227
1710529202997289586,-8.810079574584961,-2.7686426639556885,-2.644101619720459
1710529203033015848,-8.856781959533691,-2.8512706756591797,-2.6500890254974365
1710529203060437091,-8.832832336425781,-2.696791887283325,-2.634521484375
1710529203077204263,-8.881930351257324,-2.8883936405181885,-2.872825860977173
1710529203104479332,-8.746611595153809,-2.895578622817993,-3.0692174434661865
1710529203110883785,-8.830436706542969,-2.7985804080963135,-2.034569025039673
1710529203148649914,-8.79211711883545,-2.4980053901672363,-2.772235155105591
1710529203173919764,-8.771759033203125,-3.142265558242798,-2.7578649520874023
1710529203228696524,-8.739426612854004,-2.3614892959594727,-2.3986120223999023
1710529203234747551,-8.859177589416504,-3.022514581680298,-2.8297154903411865
1710529203291356969,-8.863966941833496,-2.755470037460327,-2.763852596282959
1710529203308388581,-8.844806671142578,-2.8488757610321045,-2.672841787338257
1710529203327497075,-8.850794792175293,-2.9279112815856934,-2.674039363861084
1710529203375810059,-8.853189468383789,-2.584226131439209,-2.6297314167022705
1710529203390286900,-8.841214179992676,-2.826122999191284,-2.6908044815063477
1710529203419688525,-8.828042030334473,-2.7375073432922363,-2.6273365020751953
1710529203428209302,-8.865164756774902,-2.7710375785827637,-2.616558790206909
1710529203447095374,-8.853189468383789,-2.7878026962280273,-2.676434278488159
1710529203461718999,-8.813672065734863,-2.902763605117798,-2.6309289932250977
1710529203488645835,-8.813672065734863,-2.902763605117798,-2.6309289932250977
1710529203518484870,-8.855585098266602,-2.7315196990966797,-2.605781316757202
1710529203560300343,-8.8519926071167,-2.7806177139282227,-2.6512866020202637
1710529203585370128,-8.834029197692871,-2.804567813873291,-2.66206431388855
1710529203629514518,-8.863966941833496,-2.7901978492736816,-2.6405091285705566
1710529203681672543,-8.825647354125977,-2.3878345489501953,-2.466870069503784
1710529203714289531,-8.643625259399414,-3.0776000022888184,-2.8392956256866455
1710529203745150467,-8.910670280456543,-2.3698718547821045,-2.496807813644409
1710529203760065835,-8.749006271362305,-2.7770252227783203,-2.6608667373657227
1710529203785013373,-8.89869499206543,-2.962639093399048,-2.703977108001709
1710529203841839755,-8.831634521484375,-2.6716442108154297,-2.644101619720459
1710529203871146301,-8.782536506652832,-2.805765390396118,-2.6177563667297363
1710529203917324635,-8.89869499206543,-2.756667375564575,-2.713557243347168
1710529203948920372,-8.762179374694824,-2.7698400020599365,-2.6189539432525635
1710529203978426935,-8.80169677734375,-2.78181529045105,-2.692002058029175
1710529204007843295,-8.854387283325195,-2.725532293319702,-2.605781316757202
1710529204064618496,-8.834029197692871,-2.8380980491638184,-2.6704468727111816
1710529204119273747,-8.813672065734863,-2.812950372695923,-2.6105713844299316
1710529204127378718,-8.865164756774902,-2.8500733375549316,-2.6009912490844727
1710529204190295148,-8.840017318725586,-2.7315196990966797,-2.6297314167022705
1710529204196725578,-8.784931182861328,-2.8081603050231934,-2.4692652225494385
1710529204211470689,-8.753796577453613,-2.5399181842803955,-2.4489073753356934
1710529204224120148,-8.70469856262207,-2.7602601051330566,-2.526745557785034
1710529204255721659,-8.960965156555176,-3.0584399700164795,-2.753074884414673
1710529204286770111,-8.963360786437988,-2.345921516418457,-2.3986120223999023
1710529204291277582,-8.861572265625,-2.834505558013916,-2.592608690261841
1710529204329470360,-8.72745132446289,-3.0907726287841797,-2.834505558013916
1710529204333601225,-8.8711519241333,-2.84648060798645,-2.682421922683716
1710529204377682369,-8.835227012634277,-2.683619499206543,-2.6297314167022705
1710529204396777975,-8.933423042297363,-2.8488757610321045,-2.4297473430633545
1710529204419880931,-8.891510009765625,-2.8069629669189453,-2.603386163711548
1710529204438822509,-8.818462371826172,-2.812950372695923,-2.6596691608428955
1710529204455571795,-8.896300315856934,-2.7913951873779297,-2.713557243347168
1710529204468337144,-8.890312194824219,-2.783012628555298,-2.5099804401397705
1710529204501632924,-8.834029197692871,-2.826122999191284,-2.642904043197632
1710529204546405531,-8.825647354125977,-2.7410998344421387,-2.664459228515625
1710529204558758228,-8.77894401550293,-2.962639093399048,-2.603386163711548
1710529204588479565,-8.850794792175293,-2.9171338081359863,-2.6381139755249023
1710529204615430065,-8.849596977233887,-2.7782225608825684,-2.6309289932250977
1710529204632285603,-8.800498962402344,-2.7506799697875977,-2.635719060897827
1710529204657538319,-8.802894592285156,-2.81414794921875,-2.6381139755249023
1710529204696946215,-8.814868927001953,-2.742297410964966,-2.646496534347534
1710529204701030700,-8.867559432983398,-2.6872119903564453,-2.616558790206909
1710529204724491692,-8.905879974365234,-2.796185255050659,-2.696791887283325
1710529204753998647,-8.744215965270996,-2.684816837310791,-2.2620959281921387
1710529204787709209,-8.879534721374512,-2.5494983196258545,-2.4213647842407227
1710529204791813933,-8.865164756774902,-2.862048387527466,-2.7171497344970703
1710529204798269720,-8.952583312988281,-3.032094717025757,-2.5674610137939453
1710529204829832598,-8.863966941833496,-2.604583740234375,-2.3111939430236816
1710529204859157180,-8.822054862976074,-2.345921516418457,-2.526745557785034
1710529204865357337,-8.786128997802734,-2.8883936405181885,-2.545905828475952
1710529204888653957,-8.786128997802734,-2.8883936405181885,-2.545905828475952
1710529204932520894,-8.7514009475708,-2.7710375785827637,-2.7913951873779297
1710529204936838391,-8.840017318725586,-2.756667375564575,-2.493215322494507
1710529204958042139,-8.89869499206543,-2.9279112815856934,-2.6201512813568115
1710529204968581501,-8.830436706542969,-2.7075695991516113,-2.6189539432525635
1710529205008455546,-8.81606674194336,-2.725532293319702,-2.523153066635132
1710529205052525290,-8.82444953918457,-2.833308219909668,-2.714754581451416
1710529205083231905,-8.868757247924805,-2.712359666824341,-2.5914111137390137
1710529205089340228,-8.843609809875488,-2.7614574432373047,-2.652484178543091
1710529205107105626,-8.77894401550293,-2.973416805267334,-2.5698559284210205
1710529205136445615,-8.910670280456543,-2.7111620903015137,-2.635719060897827
1710529205155342509,-8.819659233093262,-2.733914852142334,-2.6381139755249023
1710529205170258449,-8.817264556884766,-2.775827646255493,-2.6081762313842773
1710529205189059134,-8.80169677734375,-2.7878026962280273,-2.6297314167022705
1710529205195441149,-8.812474250793457,-2.8608508110046387,-2.6273365020751953
1710529205226870985,-8.837621688842773,-2.834505558013916,-2.623744010925293
1710529205252061767,-8.818462371826172,-2.753074884414673,-2.612966299057007
1710529205287521647,-8.836424827575684,-2.915936231613159,-2.902763605117798
1710529205295977060,-8.806487083435059,-2.804567813873291,-2.4093897342681885
1710529205321157794,-8.844806671142578,-2.7494823932647705,-2.305206298828125
1710529205348547410,-8.77894401550293,-3.0177245140075684,-2.736309766769409
1710529205388620638,-8.834029197692871,-3.063230037689209,-2.751877546310425
1710529205416026066,-8.832832336425781,-2.8871960639953613,-2.642904043197632
1710529205474668078,-8.763376235961914,-2.8297154903411865,-2.7590625286102295
1710529205476726182,-8.925040245056152,-2.8704309463500977,-2.7590625286102295
1710529205499935922,-8.786128997802734,-2.905158758163452,-2.5686583518981934
1710529205518782947,-8.865164756774902,-2.895578622817993,-2.6584715843200684
1710529205540078375,-8.899892807006836,-2.7315196990966797,-2.676434278488159
1710529205558952594,-8.83881950378418,-2.8201355934143066,-2.5411157608032227
1710529205573544245,-8.81127643585205,-2.7997777462005615,-2.664459228515625
1710529205592544883,-8.89869499206543,-2.8177404403686523,-2.6476941108703613
1710529205600758371,-8.855585098266602,-2.8309130668640137,-2.6488916873931885
1710529205615695144,-8.849596977233887,-2.7003846168518066,-2.575843572616577
1710529205643046563,-8.885522842407227,-2.826122999191284,-2.60697865486145
1710529205676534418,-8.777746200561523,-2.951861619949341,-2.595003604888916
1710529205703546708,-8.823251724243164,-2.7686426639556885,-2.585423469543457
1710529205752222411,-8.786128997802734,-2.8907885551452637,-2.6417064666748047
1710529205777401100,-8.795709609985352,-2.784210205078125,-2.635719060897827
1710529205781537671,-8.867559432983398,-2.72672963142395,-2.6117687225341797
1710529205785690263,-8.897497177124023,-2.8297154903411865,-2.6991870403289795
1710529205809070313,-9.105864524841309,-2.9398865699768066,-2.8369007110595703
1710529205834274579,-8.78732681274414,-2.845283269882202,-2.2608983516693115
1710529205840739151,-8.920249938964844,-2.5973987579345703,-2.324366569519043
1710529205861479112,-8.877140045166016,-2.706372022628784,-2.742297410964966
1710529205892589175,-8.819659233093262,-3.074007511138916,-2.705174446105957
1710529205916274832,-8.867559432983398,-2.6021888256073,-2.562670946121216
1710529205964312586,-8.80169677734375,-2.9985644817352295,-2.72672963142395
1710529205977059910,-8.87594223022461,-2.7782225608825684,-2.6021888256073
1710529206017063759,-8.849596977233887,-2.686014413833618,-2.5698559284210205
1710529206050662081,-8.769364356994629,-2.815345525741577,-2.636916399002075
1710529206085336263,-8.829239845275879,-2.772235155105591,-2.642904043197632
1710529206106968843,-8.830436706542969,-2.865640878677368,-2.5518932342529297
1710529206182995283,-8.825647354125977,-2.7542724609375,-2.575843572616577
1710529206187217117,-8.854387283325195,-2.7099645137786865,-2.634521484375
1710529206289488900,-8.831634521484375,-2.8404932022094727,-2.6500890254974365
1710529206315008243,-8.866362571716309,-2.8608508110046387,-2.6117687225341797
1710529206342803586,-8.865164756774902,-2.805765390396118,-2.577040910720825
1710529206372016766,-8.807683944702148,-2.822530508041382,-2.5075855255126953
1710529206422435794,-8.793313980102539,-2.8812084197998047,-2.835703134536743
1710529206430775376,-8.970545768737793,-2.936293840408325,-2.5506958961486816
1710529206449687571,-8.998088836669922,-2.1926403045654297,-2.36747670173645
1710529206487697701,-8.850794792175293,-3.0165271759033203,-2.6812243461608887
1710529206525312564,-8.818462371826172,-2.6081762313842773,-2.493215322494507
1710529206548371215,-8.71906852722168,-2.8608508110046387,-2.622546434402466
1710529206558956163,-8.915460586547852,-2.8692333698272705,-2.725532293319702
1710529206575801772,-8.867559432983398,-2.7279272079467773,-2.4297473430633545
1710529206588411485,-8.807683944702148,-2.805765390396118,-2.4908204078674316
1710529206615645497,-8.808881759643555,-2.913541316986084,-2.6572742462158203
1710529206641114905,-8.806487083435059,-2.763852596282959,-2.5411157608032227
1710529206643129934,-8.806487083435059,-2.763852596282959,-2.5411157608032227
1710529206657884185,-8.902287483215332,-2.9207262992858887,-2.612966299057007
1710529206689226593,-8.853189468383789,-2.751877546310425,-2.6309289932250977
1710529206712210182,-8.896300315856934,-2.736309766769409,-2.54231333732605
1710529206741880161,-8.825647354125977,-2.9602441787719727,-2.5375232696533203
1710529206825847685,-8.880732536315918,-2.7375073432922363,-2.6093738079071045
1710529206867872504,-8.80169677734375,-2.8776159286499023,-2.66206431388855
1710529206872082007,-8.8519926071167,-2.692002058029175,-2.5315356254577637
1710529206898999343,-8.922645568847656,-2.835703134536743,-2.656076669692993
1710529206951920050,-8.795709609985352,-2.736309766769409,-2.7890002727508545
1710529206968996797,-8.857979774475098,-2.9782068729400635,-2.742297410964966
1710529206991959032,-8.992100715637207,-2.8812084197998047,-2.60697865486145
1710529207002294916,-8.992100715637207,-2.8812084197998047,-2.60697865486145
1710529207052703663,-8.929830551147461,-2.775827646255493,-2.7099645137786865
1710529207077704263,-8.850794792175293,-2.583028554916382,-2.4800426959991455
1710529207094447636,-8.825647354125977,-2.81414794921875,-2.765049934387207
1710529207126104613,-8.800498962402344,-2.834505558013916,-2.4309449195861816
1710529207151386843,-8.856781959533691,-2.7578649520874023,-2.6285338401794434
1710529207199778194,-8.857979774475098,-2.8488757610321045,-2.6285338401794434
1710529207229618798,-8.817264556884766,-2.8500733375549316,-2.5518932342529297
1710529207285667671,-8.818462371826172,-2.9865894317626953,-2.577040910720825
1710529207319504944,-8.825647354125977,-2.953059196472168,-2.60697865486145
1710529207359402153,-8.892707824707031,-2.78181529045105,-2.57464599609375
1710529207386505133,-8.798104286193848,-2.8608508110046387,-2.5674610137939453
1710529207414038240,-8.885522842407227,-2.8201355934143066,-2.572251081466675
1710529207441160290,-8.772956848144531,-2.884800910949707,-2.8584558963775635
1710529207470522600,-8.970545768737793,-2.9710216522216797,-2.775827646255493
1710529207518873503,-8.726253509521484,-2.403402090072632,-2.6884093284606934
1710529207539835027,-8.740623474121094,-2.6692492961883545,-2.4812402725219727
1710529207575714879,-8.762179374694824,-2.4992029666900635,-2.502795457839966
1710529207598729273,-8.857979774475098,-3.064427375793457,-2.645298957824707
1710529207623918364,-8.913064956665039,-2.766247510910034,-2.596201181411743
1710529207642804799,-8.892707824707031,-2.834505558013916,-2.7315196990966797
1710529207659158995,-8.868757247924805,-2.9877867698669434,-2.644101619720459
1710529207667672217,-8.793313980102539,-2.751877546310425,-2.5015978813171387
1710529207674030991,-8.897497177124023,-2.775827646255493,-2.426154851913452
1710529207709899362,-8.910670280456543,-2.931504011154175,-2.6285338401794434
1710529207769035999,-8.87594223022461,-2.824925422668457,-2.604583740234375
1710529207792202281,-8.855585098266602,-2.7806177139282227,-2.593806266784668
1710529207798500247,-8.885522842407227,-2.7015819549560547,-2.5614733695983887
1710529207851169686,-8.887917518615723,-2.8105554580688477,-2.5878186225891113
1710529207876272754,-8.753796577453613,-2.7770252227783203,-2.6177563667297363
1710529207901728426,-8.88432502746582,-2.824925422668457,-2.57464599609375
1710529207903705808,-8.849596977233887,-2.8476781845092773,-2.703977108001709
1710529207925095136,-8.806487083435059,-2.743494987487793,-2.545905828475952
1710529207933480942,-8.889115333557129,-2.7674450874328613,-2.5004003047943115
1710529207954273242,-8.848400115966797,-2.882405996322632,-2.682421922683716
1710529207971125930,-8.835227012634277,-2.8404932022094727,-2.6692492961883545
1710529207988156001,-8.865164756774902,-2.8297154903411865,-2.6417064666748047
1710529208011140235,-8.887917518615723,-2.9997620582580566,-2.871628522872925
1710529208032201337,-8.772956848144531,-2.962639093399048,-2.713557243347168
1710529208042604373,-8.91186809539795,-2.5207581520080566,-2.36747670173645
1710529208059453010,-8.78732681274414,-3.153043270111084,-2.723137140274048
1710529208090798967,-8.893904685974121,-2.8309130668640137,-2.483635187149048
1710529208099472891,-8.877140045166016,-2.442919969558716,-2.365081787109375
1710529208103597902,-8.886719703674316,-2.554288387298584,-2.4093897342681885
1710529208124572104,-8.885522842407227,-3.034489631652832,-2.7315196990966797
1710529208179006222,-8.859177589416504,-2.744692325592041,-2.4309449195861816
1710529208204134335,-8.865164756774902,-2.8512706756591797,-2.4477100372314453
1710529208294587472,-8.8711519241333,-2.794987678527832,-2.6908044815063477
1710529208347195535,-8.830436706542969,-2.7315196990966797,-2.57464599609375
1710529208364035919,-8.899892807006836,-2.805765390396118,-2.5818309783935547
1710529208382837478,-8.784931182861328,-2.8416907787323,-2.512375593185425
1710529208406027036,-8.834029197692871,-2.826122999191284,-2.634521484375
1710529208416529660,-8.850794792175293,-2.774630069732666,-2.7219398021698
1710529208431307256,-8.903485298156738,-2.826122999191284,-2.5578808784484863
1710529208448062770,-8.826844215393066,-2.7614574432373047,-2.5794360637664795
1710529208460902656,-8.844806671142578,-2.802172899246216,-2.536325693130493
1710529208477445662,-8.820857048034668,-2.8369007110595703,-2.6417064666748047
1710529208488156428,-8.820857048034668,-2.8369007110595703,-2.6417064666748047
1710529208511407868,-8.84720230102539,-2.7410998344421387,-2.535128116607666
1710529208525982602,-8.877140045166016,-2.905158758163452,-2.872825860977173
1710529208542811387,-8.855585098266602,-2.944676399230957,-2.845283269882202
1710529208551092791,-8.835227012634277,-3.0069470405578613,-2.7913951873779297
1710529208570140598,-8.796906471252441,-2.7674450874328613,-2.173480272293091
1710529208582727384,-8.913064956665039,-2.612966299057007,-2.105222225189209
1710529208595273842,-8.893904685974121,-2.6381139755249023,-2.6309289932250977
1710529208633142329,-8.70469856262207,-3.0895752906799316,-2.712359666824341
1710529208649781455,-8.889115333557129,-2.486030340194702,-2.3818469047546387
1710529208666644808,-8.899892807006836,-2.494412899017334,-2.426154851913452
1710529208691785845,-8.782536506652832,-3.114722967147827,-2.693199396133423
1710529208721213467,-8.79211711883545,-2.7410998344421387,-2.6273365020751953
1710529208763304810,-8.849596977233887,-2.826122999191284,-2.562670946121216
1710529208773888597,-8.843609809875488,-2.815345525741577,-2.4405248165130615
1710529208797168298,-8.83881950378418,-2.905158758163452,-2.656076669692993
1710529208803335287,-8.854387283325195,-2.812950372695923,-2.6309289932250977
1710529208830604243,-8.877140045166016,-2.7794201374053955,-2.5375232696533203
1710529208841131757,-8.842411994934082,-2.96623158454895,-2.656076669692993
1710529208864311666,-8.860374450683594,-2.8895909786224365,-2.526745557785034
1710529208874621174,-8.825647354125977,-2.7770252227783203,-2.512375593185425
1710529208889185491,-8.830436706542969,-2.745889902114868,-2.6213488578796387
1710529208901789579,-8.865164756774902,-2.794987678527832,-2.566263437271118
1710529208957136709,-8.804091453552246,-2.8979735374450684,-2.5518932342529297
1710529208963177108,-8.793313980102539,-2.9099488258361816,-2.575843572616577
1710529209019895467,-8.829239845275879,-2.7375073432922363,-2.5614733695983887
1710529209024043245,-8.866362571716309,-2.755470037460327,-2.5506958961486816
1710529209057526373,-8.79211711883545,-2.8488757610321045,-2.5782384872436523
1710529209105556272,-8.759783744812012,-3.034489631652832,-2.8584558963775635
1710529209109954827,-8.843609809875488,-2.96623158454895,-2.4884252548217773
1710529209122504725,-8.886719703674316,-2.4800426959991455,-2.2189855575561523
1710529209141645201,-8.993298530578613,-2.816542863845825,-2.6692492961883545
1710529209179617396,-8.796906471252441,-3.1602282524108887,-2.7602601051330566
1710529209181712970,-8.733438491821289,-3.132685661315918,-2.7387049198150635
1710529209192274023,-8.854387283325195,-2.4297473430633545,-2.3483166694641113
1710529209219172348,-8.962162971496582,-3.115920305252075,-2.773432731628418
1710529209240279871,-8.715476036071777,-2.9698243141174316,-2.686014413833618
1710529209248806843,-8.893904685974121,-2.991379499435425,-2.4501049518585205
1710529209262156910,-8.92144775390625,-2.684816837310791,-2.464475154876709
1710529209335394459,-8.8519926071167,-2.8704309463500977,-2.484832763671875
1710529209341377617,-8.786128997802734,-2.7542724609375,-2.6285338401794434
1710529209360261204,-8.88432502746582,-2.7782225608825684,-2.426154851913452
1710529209396056350,-8.826844215393066,-2.96623158454895,-2.6476941108703613
1710529209421180179,-8.835227012634277,-2.8369007110595703,-2.554288387298584
1710529209494631892,-8.863966941833496,-2.8967761993408203,-2.5782384872436523
1710529209517780678,-8.891510009765625,-2.7375073432922363,-2.5614733695983887
1710529209530632720,-8.855585098266602,-2.823728084564209,-2.5291407108306885
1710529209534740862,-8.856781959533691,-2.832110643386841,-2.543510675430298
1710529209551594361,-8.82444953918457,-2.7806177139282227,-2.5518932342529297
1710529209568528920,-8.817264556884766,-2.8189380168914795,-2.5674610137939453
1710529209591902615,-8.808881759643555,-2.9111461639404297,-2.573448419570923
1710529209614813755,-8.841214179992676,-2.8883936405181885,-2.5387206077575684
1710529209650449595,-8.909472465515137,-3.052452325820923,-2.9374914169311523
1710529209667377659,-8.77894401550293,-3.0296998023986816,-2.7997777462005615
1710529209730111269,-8.564589500427246,-3.121907949447632,-2.663261651992798
1710529209738407692,-8.765771865844727,-3.0596375465393066,-2.3183789253234863
1710529209758190803,-8.897497177124023,-3.003354549407959,-2.603386163711548
1710529209782607836,-8.983717918395996,-2.9901819229125977,-2.5483007431030273
1710529209784713899,-8.983717918395996,-2.9901819229125977,-2.5483007431030273
1710529209808036333,-8.862770080566406,-2.8105554580688477,-2.524350643157959
1710529209850073407,-8.952583312988281,-2.802172899246216,-2.5219554901123047
1710529209864788318,-8.90707778930664,-2.865640878677368,-2.3423290252685547
1710529209900276113,-8.837621688842773,-2.8812084197998047,-2.6405091285705566
1710529209915072646,-8.8519926071167,-2.6991870403289795,-2.495610237121582
1710529209938322981,-8.823251724243164,-2.931504011154175,-2.605781316757202
1710529209974127747,-8.899892807006836,-2.845283269882202,-2.4920177459716797
1710529210009865179,-8.746611595153809,-2.7482848167419434,-2.4501049518585205
1710529210035704156,-8.794511795043945,-2.953059196472168,-2.457289934158325
1710529210049798665,-8.887917518615723,-2.9111461639404297,-2.5985960960388184
1710529210070845268,-8.856781959533691,-2.9578490257263184,-2.444117546081543
1710529210096049833,-8.910670280456543,-2.891986131668091,-2.544708251953125
1710529210121155119,-8.890312194824219,-2.871628522872925,-2.5686583518981934
1710529210140591116,-8.905879974365234,-2.863245964050293,-2.5375232696533203
1710529210169902410,-8.823251724243164,-2.8404932022094727,-2.5686583518981934
1710529210180564427,-8.891510009765625,-2.7770252227783203,-2.5818309783935547
1710529210199466195,-8.859177589416504,-2.9111461639404297,-2.4620800018310547
1710529210218586782,-8.831634521484375,-2.6896069049835205,-2.0309765338897705
1710529210268763939,-8.708291053771973,-2.974614143371582,-2.544708251953125
1710529210297994432,-8.862770080566406,-2.693199396133423,-2.545905828475952
1710529210315266697,-8.812474250793457,-3.1985485553741455,-2.693199396133423
1710529210371879069,-8.926238059997559,-2.69439697265625,-2.4117846488952637
1710529210388534756,-8.846004486083984,-2.712359666824341,-2.453697443008423
1710529210396988330,-8.830436706542969,-2.9770092964172363,-2.724334716796875
1710529210438932462,-8.854387283325195,-2.9782068729400635,-2.652484178543091
1710529210455777648,-8.89869499206543,-2.796185255050659,-2.524350643157959
1710529210464118489,-8.887917518615723,-2.7291247844696045,-2.5219554901123047
1710529210497747171,-8.81127643585205,-2.8704309463500977,-2.543510675430298
1710529210499816878,-8.886719703674316,-2.8213329315185547,-2.5075855255126953
1710529210535788606,-8.873547554016113,-2.822530508041382,-2.583028554916382
1710529210613870760,-8.878337860107422,-2.9398865699768066,-2.5147705078125
1710529210645205864,-8.842411994934082,-2.823728084564209,-2.5195605754852295
1710529210693375921,-8.866362571716309,-2.816542863845825,-2.495610237121582
1710529210717316798,-8.881930351257324,-2.951861619949341,-2.803370475769043
1710529210752673361,-8.752598762512207,-2.853665828704834,-2.4010071754455566
1710529210786096573,-8.780141830444336,-2.3195765018463135,-2.2824535369873047
1710529210823939387,-8.887917518615723,-3.005749464035034,-2.6608667373657227
1710529210861669149,-8.925040245056152,-2.453697443008423,-2.3806493282318115
1710529210880425906,-8.860374450683594,-2.7674450874328613,-2.4201672077178955
1710529210917913394,-8.889115333557129,-2.745889902114868,-2.445314884185791
1710529210936978968,-8.849596977233887,-2.802172899246216,-2.2022204399108887
1710529210970791304,-8.807683944702148,-2.893183708190918,-2.3626868724823
1710529210996072472,-8.840017318725586,-2.8309130668640137,-2.515968084335327
1710529211015162028,-8.834029197692871,-2.862048387527466,-2.536325693130493
1710529211038253569,-8.896300315856934,-2.796185255050659,-2.466870069503784
1710529211086624230,-8.903485298156738,-2.804567813873291,-2.4788451194763184
1710529211143323159,-8.823251724243164,-2.8895909786224365,-2.496807813644409
1710529211145250629,-8.880732536315918,-2.9865894317626953,-2.5075855255126953
1710529211166435822,-8.850794792175293,-2.8213329315185547,-2.495610237121582
1710529211191866950,-8.850794792175293,-2.811753034591675,-2.543510675430298
1710529211221176509,-8.896300315856934,-2.8967761993408203,-2.5471031665802
1710529211233873061,-8.823251724243164,-2.8967761993408203,-2.5614733695983887
1710529211252871208,-8.905879974365234,-2.7399022579193115,-2.545905828475952
1710529211259012187,-8.880732536315918,-3.063230037689209,-2.903961181640625
1710529211287324779,-8.826844215393066,-2.9183313846588135,-2.3399341106414795
1710529211294415526,-8.854387283325195,-2.5183629989624023,-2.284848690032959
1710529211326094396,-8.916657447814941,-2.3806493282318115,-2.3111939430236816
1710529211332472181,-8.790919303894043,-3.2009437084198,-2.614163875579834
1710529211355392397,-8.770561218261719,-3.033292293548584,-2.7494823932647705
1710529211359859529,-8.807683944702148,-2.536325693130493,-2.272873640060425
1710529211389150138,-8.749006271362305,-2.811753034591675,-2.555485725402832
1710529211410183046,-8.715476036071777,-3.1662158966064453,-2.6788294315338135
1710529211416602369,-8.881930351257324,-2.7890002727508545,-2.495610237121582
1710529211446209000,-8.932225227355957,-2.7003846168518066,-2.343526601791382
1710529211487083796,-8.905879974365234,-2.921923875808716,-2.6105713844299316
1710529211536532827,-8.840017318725586,-2.932701349258423,-2.593806266784668
1710529211588921890,-8.88432502746582,-2.815345525741577,-2.553090810775757
1710529211626990309,-8.890312194824219,-2.78181529045105,-2.453697443008423
1710529211633209243,-8.855585098266602,-2.8081603050231934,-2.457289934158325
1710529211668805664,-8.8711519241333,-2.8369007110595703,-2.544708251953125
1710529211691808452,-8.866362571716309,-2.9279112815856934,-2.4680676460266113
1710529211704316011,-8.843609809875488,-2.856060743331909,-2.513572931289673
1710529211723389464,-8.8711519241333,-2.7303223609924316,-2.4716601371765137
1710529211746741925,-8.834029197692871,-2.7901978492736816,-2.4884252548217773
1710529211767901011,-8.897497177124023,-2.865640878677368,-2.4992029666900635
1710529211799398550,-8.879534721374512,-2.7794201374053955,-2.4704625606536865
1710529211820331585,-8.832832336425781,-2.9207262992858887,-2.7710375785827637
1710529211847433314,-8.863966941833496,-2.663261651992798,-2.1890478134155273
1710529211849538529,-8.861572265625,-2.4584875106811523,-2.204615592956543
1710529211888261827,-8.855585098266602,-3.093167781829834,-2.6081762313842773
1710529211897848641,-8.806487083435059,-3.1662158966064453,-2.7315196990966797
1710529211954727746,-8.899892807006836,-2.705174446105957,-2.374661922454834
1710529211976057773,-8.879534721374512,-2.775827646255493,-2.4117846488952637
1710529211988774961,-8.812474250793457,-2.7614574432373047,-2.515968084335327
1710529211999263586,-8.869955062866211,-2.865640878677368,-2.623744010925293
1710529212005558312,-8.836424827575684,-2.835703134536743,-2.622546434402466
1710529212026573009,-8.927434921264648,-2.8488757610321045,-2.5099804401397705
1710529212041301939,-8.891510009765625,-2.8380980491638184,-2.3806493282318115
1710529212066466475,-8.856781959533691,-2.8991711139678955,-2.5075855255126953
1710529212090297731,-8.849596977233887,-2.8309130668640137,-2.4417223930358887
1710529212108645147,-8.836424827575684,-2.8392956256866455,-2.5518932342529297
1710529212142271878,-8.820857048034668,-2.8584558963775635,-2.4620800018310547
1710529212165621542,-8.922645568847656,-2.8201355934143066,-2.4608826637268066
1710529212186527816,-8.887917518615723,-2.7806177139282227,-2.526745557785034
1710529212194844689,-8.881930351257324,-2.8907885551452637,-2.416574716567993
1710529212205462959,-8.886719703674316,-2.9183313846588135,-2.535128116607666
1710529212278919248,-8.885522842407227,-2.805765390396118,-2.4776477813720703
1710529212289697517,-8.883127212524414,-2.763852596282959,-2.484832763671875
1710529212316603770,-8.798104286193848,-2.93389892578125,-2.532733201980591
1710529212329327495,-8.886719703674316,-2.69439697265625,-2.465672492980957
1710529212361298787,-8.937015533447266,-2.844085693359375,-2.5518932342529297
1710529212388478575,-8.806487083435059,-2.8967761993408203,-2.7890002727508545
1710529212405281230,-8.820857048034668,-2.714754581451416,-2.5602757930755615
1710529212426195880,-8.849596977233887,-3.064427375793457,-2.565065860748291
1710529212445290961,-8.69631576538086,-3.132685661315918,-2.7195446491241455
1710529212455832755,-8.881930351257324,-2.8704309463500977,-2.2022204399108887
1710529212488954744,-8.81127643585205,-2.6117687225341797,-2.2980213165283203
1710529212520962836,-8.916657447814941,-2.8776159286499023,-2.5794360637664795
1710529212527125282,-8.989706039428711,-2.7399022579193115,-2.412982225418091
1710529212552187067,-8.844806671142578,-2.9303064346313477,-2.5590784549713135
1710529212558624791,-8.872349739074707,-2.794987678527832,-2.634521484375
1710529212583679859,-8.926238059997559,-2.9494664669036865,-2.3411316871643066
1710529212606883864,-8.92144775390625,-2.8500733375549316,-2.4788451194763184
1710529212650753155,-8.886719703674316,-2.7878026962280273,-2.5602757930755615
1710529212661438820,-8.81127643585205,-2.765049934387207,-2.463277578353882
1710529212680259501,-8.854387283325195,-2.8776159286499023,-2.5375232696533203
1710529212688495202,-8.903485298156738,-2.876418352127075,-2.483635187149048
1710529212724643884,-8.903485298156738,-2.7770252227783203,-2.4908204078674316
1710529212728674378,-8.883127212524414,-2.7698400020599365,-2.465672492980957
1710529212760102087,-8.813672065734863,-2.9386889934539795,-2.444117546081543
1710529212789531141,-8.902287483215332,-2.7782225608825684,-2.5303380489349365
1710529212816845414,-8.830436706542969,-2.8009753227233887,-2.4824378490448
1710529212842296156,-8.850794792175293,-2.871628522872925,-2.476450204849243
1710529212880054877,-8.93581771850586,-2.871628522872925,-2.5087828636169434
1710529212898798837,-8.93581771850586,-2.8392956256866455,-2.5387206077575684
1710529212997648243,-8.806487083435059,-3.052452325820923,-2.5471031665802
1710529213016685647,-9.042396545410156,-2.6979894638061523,-2.2489233016967773
1710529213047997263,-8.883127212524414,-2.9303064346313477,-2.274070978164673
1710529213089149156,-8.78732681274414,-2.9279112815856934,-2.377056837081909
1710529213121914323,-8.849596977233887,-2.805765390396118,-2.6788294315338135
1710529213151416026,-8.818462371826172,-2.895578622817993,-2.4908204078674316
1710529213176567280,-8.854387283325195,-2.991379499435425,-2.5902135372161865
1710529213193530028,-8.790919303894043,-2.9087512493133545,-2.524350643157959
1710529213208331349,-8.843609809875488,-2.943479061126709,-2.517165422439575
1710529213223059496,-8.865164756774902,-2.8009753227233887,-2.4201672077178955
1710529213269265389,-8.8519926071167,-2.9267139434814453,-2.503993034362793
1710529213273530664,-8.948990821838379,-2.783012628555298,-2.3878345489501953
1710529213292297597,-8.799302101135254,-2.8776159286499023,-2.3902294635772705
1710529213330037428,-8.774153709411621,-2.925516366958618,-2.5710535049438477
1710529213344955105,-8.840017318725586,-2.8093578815460205,-2.4776477813720703
1710529213378538902,-8.897497177124023,-2.8680357933044434,-2.486030340194702
1710529213387102858,-8.903485298156738,-2.8201355934143066,-2.4980053901672363
1710529213416314960,-8.865164756774902,-2.902763605117798,-2.496807813644409
1710529213511505686,-8.873547554016113,-2.7602601051330566,-2.6093738079071045
1710529213527867477,-8.810079574584961,-3.0764026641845703,-2.5902135372161865
1710529213563517101,-8.919053077697754,-2.5518932342529297,-2.444117546081543
1710529213588811963,-8.863966941833496,-2.9494664669036865,-2.5483007431030273
1710529213607672378,-8.883127212524414,-2.695594549179077,-2.3626868724823
1710529213637117256,-8.929830551147461,-2.6608667373657227,-2.3986120223999023
1710529213672619178,-8.897497177124023,-2.7494823932647705,-2.392624616622925
1710529213697659164,-8.831634521484375,-2.9494664669036865,-2.4980053901672363
1710529213706823557,-8.881930351257324,-2.7602601051330566,-2.543510675430298
1710529213740156439,-8.904682159423828,-2.823728084564209,-2.484832763671875
1710529213788489328,-8.905879974365234,-2.8500733375549316,-2.39501953125
1710529213792696306,-8.887917518615723,-2.8572583198547363,-2.544708251953125
1710529213809344071,-8.93102741241455,-2.7806177139282227,-2.483635187149048
1710529213861888874,-8.810079574584961,-2.931504011154175,-2.406994581222534
1710529213872356636,-8.826844215393066,-2.9291088581085205,-2.4680676460266113
1710529213887732836,-8.938213348388672,-2.8201355934143066,-2.456092596054077
1710529213910316555,-8.810079574584961,-2.7985804080963135,-2.4417223930358887
1710529213923438808,-8.8519926071167,-2.8800110816955566,-2.4477100372314453
1710529213965115014,-8.80169677734375,-2.915936231613159,-2.5219554901123047
1710529213986096408,-8.786128997802734,-2.9267139434814453,-2.5914111137390137
1710529214015290443,-8.922645568847656,-2.865640878677368,-2.2716760635375977
1710529214026536184,-8.793313980102539,-2.7399022579193115,-2.125579833984375
1710529214055381556,-8.881930351257324,-2.465672492980957,-2.283651113510132
1710529214101407931,-8.802894592285156,-2.7303223609924316,-2.2908360958099365
1710529214113893178,-8.957372665405273,-2.475252628326416,-2.313588857650757
1710529214141217729,-8.855585098266602,-2.8680357933044434,-2.4824378490448
1710529214164552585,-8.904682159423828,-2.763852596282959,-2.304008722305298
1710529214196054621,-8.861572265625,-2.812950372695923,-2.4620800018310547
1710529214227734876,-8.835227012634277,-2.8488757610321045,-2.315983772277832
1710529214244432731,-8.883127212524414,-2.9003686904907227,-2.5015978813171387
1710529214275858330,-8.889115333557129,-2.772235155105591,-2.4477100372314453
1710529214289545926,-8.869955062866211,-2.8105554580688477,-2.415377140045166
1710529214294624410,-8.830436706542969,-2.8883936405181885,-2.494412899017334
1710529214317686780,-8.88432502746582,-2.9279112815856934,-2.4201672077178955
1710529214351719218,-8.850794792175293,-2.793790340423584,-2.475252628326416
1710529214364420375,-8.889115333557129,-2.8572583198547363,-2.415377140045166
1710529214387442000,-8.896300315856934,-2.9578490257263184,-2.4105870723724365
1710529214400118657,-8.806487083435059,-2.912343740463257,-2.4620800018310547
1710529214412766663,-8.913064956665039,-2.895578622817993,-2.515968084335327
1710529214444331206,-8.883127212524414,-2.832110643386841,-2.483635187149048
1710529214480086325,-8.904682159423828,-2.8404932022094727,-2.4608826637268066
1710529214496731665,-8.866362571716309,-2.8668384552001953,-2.4788451194763184
1710529214513672645,-8.812474250793457,-2.884800910949707,-2.4501049518585205
1710529214530387266,-8.993298530578613,-2.8273205757141113,-2.5411157608032227
1710529214570666494,-8.654402732849121,-2.9686267375946045,-2.2597010135650635
1710529214602088956,-8.844806671142578,-2.9506640434265137,-2.632126569747925
1710529214621100740,-8.574170112609863,-3.112327814102173,-2.5087828636169434
1710529214644626913,-9.002878189086914,-2.45489501953125,-2.355501651763916
1710529214656827128,-8.807683944702148,-2.592608690261841,-2.4022045135498047
1710529214698463372,-8.895102500915527,-3.1590306758880615,-2.4908204078674316
1710529214736471555,-8.863966941833496,-2.9410839080810547,-2.553090810775757
1710529214759869668,-8.89869499206543,-2.785407781600952,-2.5195605754852295
1710529214783252703,-8.840017318725586,-3.052452325820923,-2.3818469047546387
1710529214795635086,-8.830436706542969,-2.932701349258423,-2.4201672077178955
1710529214808252184,-8.87594223022461,-2.7866051197052,-2.5471031665802
1710529214829167130,-8.849596977233887,-2.7387049198150635,-2.3902294635772705
1710529214866836522,-8.8711519241333,-2.913541316986084,-2.423759698867798
1710529214970572055,-8.846004486083984,-2.824925422668457,-2.4596850872039795
1710529214986820017,-8.928632736206055,-2.865640878677368,-2.4177722930908203
1710529215009901984,-8.874744415283203,-2.833308219909668,-2.45489501953125
1710529215020301359,-8.896300315856934,-2.9003686904907227,-2.4321422576904297
1710529215026698913,-8.890312194824219,-2.863245964050293,-2.4788451194763184
1710529215049648309,-8.887917518615723,-2.8883936405181885,-2.456092596054077
1710529215089335348,-8.8519926071167,-2.724334716796875,-2.396217107772827
1710529215091443077,-8.800498962402344,-2.9171338081359863,-2.743494987487793
1710529215114843814,-8.57177448272705,-2.9171338081359863,-2.622546434402466
1710529215194767550,-8.762179374694824,-2.9686267375946045,-2.5291407108306885
1710529215202947990,-9.042396545410156,-2.5411157608032227,-2.2692809104919434
1710529215209258352,-8.969347953796387,-2.885998487472534,-2.4692652225494385
1710529215268407912,-8.889115333557129,-2.9614417552948,-2.5207581520080566
1710529215285096285,-8.825647354125977,-2.7171497344970703,-2.296823740005493
1710529215299605689,-8.889115333557129,-2.8871960639953613,-2.4596850872039795
1710529215322709106,-8.889115333557129,-2.8871960639953613,-2.4596850872039795
1710529215324802044,-8.841214179992676,-2.802172899246216,-2.3626868724823
1710529215371214728,-8.883127212524414,-2.783012628555298,-2.5075855255126953
1710529215379805749,-8.830436706542969,-2.715952157974243,-2.373464345932007
1710529215392248665,-8.8519926071167,-2.932701349258423,-2.494412899017334
1710529215472170785,-8.849596977233887,-2.852468252182007,-2.414179801940918
1710529215486577238,-8.897497177124023,-2.9303064346313477,-2.375859260559082
1710529215528933208,-8.862770080566406,-2.875221014022827,-2.45489501953125
1710529215545869380,-8.938213348388672,-2.765049934387207,-2.4022045135498047
1710529215556323915,-8.848400115966797,-2.8512706756591797,-2.4321422576904297
1710529215592126237,-8.867559432983398,-2.936293840408325,-2.5075855255126953
1710529215617115844,-8.929830551147461,-2.8596532344818115,-2.5147705078125
1710529215629824246,-8.81606674194336,-2.9111461639404297,-2.7399022579193115
1710529215654969103,-9.035211563110352,-2.944676399230957,-2.2201831340789795
1710529215661246188,-8.713081359863281,-2.7470874786376953,-2.0489392280578613
1710529215684406917,-8.872349739074707,-2.8572583198547363,-2.6381139755249023
1710529215713645858,-8.891510009765625,-3.282374382019043,-2.5806336402893066
1710529215734806284,-8.786128997802734,-2.676434278488159,-2.30281138420105
1710529215761922197,-8.937015533447266,-2.965034246444702,-2.484832763671875
1710529215789508081,-8.794511795043945,-3.035687208175659,-2.5219554901123047
1710529215801795886,-8.910670280456543,-2.7279272079467773,-2.337538957595825
1710529215827487567,-8.855585098266602,-2.6692492961883545,-2.314786434173584
1710529215881752216,-8.890312194824219,-2.9374914169311523,-2.4010071754455566
1710529215885930388,-8.829239845275879,-2.9614417552948,-2.484832763671875
1710529215899149470,-8.914262771606445,-2.845283269882202,-2.536325693130493
1710529215913209885,-8.890312194824219,-2.7482848167419434,-2.4022045135498047
1710529215921652270,-8.920249938964844,-2.8680357933044434,-2.3782544136047363
1710529215955238030,-8.910670280456543,-2.845283269882202,-2.4117846488952637
1710529215957255750,-8.841214179992676,-2.923121452331543,-2.4405248165130615
1710529215991160087,-8.846004486083984,-2.796185255050659,-2.4393274784088135
1710529216008067739,-8.943002700805664,-2.815345525741577,-2.4081921577453613
1710529216029213327,-8.844806671142578,-2.912343740463257,-2.375859260559082
1710529216066863269,-8.873547554016113,-2.9398865699768066,-2.453697443008423
1710529216073014940,-8.805289268493652,-2.8776159286499023,-2.5075855255126953
1710529216094043606,-8.818462371826172,-2.8668384552001953,-2.404599666595459
1710529216098115148,-8.866362571716309,-2.7997777462005615,-2.4321422576904297
1710529216123576099,-8.806487083435059,-2.90156626701355,-2.4513025283813477
1710529216171808657,-8.87594223022461,-2.9782068729400635,-2.725532293319702
1710529216201353416,-8.629255294799805,-2.975811719894409,-2.5411157608032227
1710529216220233795,-8.810079574584961,-2.5303380489349365,-2.4189696311950684
1710529216243295669,-8.868757247924805,-3.0572423934936523,-2.586621046066284
1710529216251693742,-8.868757247924805,-3.0572423934936523,-2.586621046066284
1710529216281075225,-8.867559432983398,-2.796185255050659,-2.4596850872039795
1710529216319154790,-8.88432502746582,-3.1698083877563477,-2.544708251953125
1710529216350902030,-8.917855262756348,-3.0776000022888184,-2.3016138076782227
1710529216363344400,-8.829239845275879,-2.891986131668091,-2.5303380489349365
1710529216415780210,-8.948990821838379,-2.915936231613159,-2.495610237121582
1710529216449245391,-8.850794792175293,-2.7913951873779297,-2.533930778503418
1710529216464004638,-8.891510009765625,-2.796185255050659,-2.3590941429138184
1710529216487008462,-8.892707824707031,-2.944676399230957,-2.4093897342681885
1710529216510370132,-8.860374450683594,-2.8895909786224365,-2.4477100372314453
1710529216546239463,-8.909472465515137,-2.835703134536743,-2.444117546081543
1710529216569283625,-8.919053077697754,-2.733914852142334,-2.385439395904541
1710529216588403750,-8.863966941833496,-2.9410839080810547,-2.4010071754455566
1710529216592665996,-8.83881950378418,-2.9398865699768066,-2.4596850872039795
1710529216674601576,-8.910670280456543,-2.9279112815856934,-2.4022045135498047
1710529216688924151,-8.890312194824219,-2.954256534576416,-2.396217107772827
1710529216714173955,-8.959768295288086,-2.8105554580688477,-2.502795457839966
1710529216747963646,-8.897497177124023,-2.9195287227630615,-2.412982225418091
1710529216777349456,-8.951385498046875,-2.7075695991516113,-2.1016297340393066
1710529216808889782,-9.00407600402832,-3.124302864074707,-2.4980053901672363
1710529216821337016,-9.00407600402832,-3.124302864074707,-2.4980053901672363
1710529216859267753,-8.959768295288086,-3.071612596511841,-2.475252628326416
1710529216888402133,-8.879534721374512,-2.9207262992858887,-2.495610237121582
1710529216911507330,-8.897497177124023,-2.7602601051330566,-2.3986120223999023
1710529216915871330,-8.945398330688477,-2.7506799697875977,-2.265688419342041
1710529216934893876,-8.883127212524414,-2.9590466022491455,-2.57464599609375
1710529216956364678,-8.877140045166016,-2.8213329315185547,-2.294428825378418
1710529217025539982,-8.896300315856934,-2.8476781845092773,-2.3495142459869385
1710529217048892745,-8.863966941833496,-2.992576837539673,-2.472857713699341
1710529217061410828,-8.885522842407227,-2.8369007110595703,-2.3794519901275635
1710529217078207029,-8.844806671142578,-2.8201355934143066,-2.4105870723724365
1710529217118076255,-8.866362571716309,-2.9087512493133545,-2.354304313659668
1710529217134952317,-8.917855262756348,-2.844085693359375,-2.4812402725219727
1710529217141127271,-8.8711519241333,-2.8871960639953613,-2.332749128341675
1710529217170567783,-8.859177589416504,-2.7590625286102295,-2.3806493282318115
1710529217191694806,-8.887917518615723,-2.7997777462005615,-2.4788451194763184
1710529217216890572,-8.853189468383789,-2.9087512493133545,-2.4010071754455566
1710529217235854997,-8.859177589416504,-2.8201355934143066,-2.414179801940918
1710529217244312163,-8.959768295288086,-2.8380980491638184,-2.4513025283813477
1710529217271436034,-8.887917518615723,-3.0368847846984863,-2.6800267696380615
1710529217303267959,-8.892707824707031,-2.6776318550109863,-2.026186466217041
1710529217325998636,-8.81606674194336,-2.4117846488952637,-2.1794676780700684
1710529217330207551,-9.040000915527344,-2.803370475769043,-2.396217107772827
1710529217336641722,-8.648415565490723,-2.9794042110443115,-2.486030340194702
1710529217351657105,-8.938213348388672,-3.0608348846435547,-2.4189696311950684
1710529217393354836,-8.872349739074707,-2.6213488578796387,-2.224973201751709
1710529217410508137,-8.886719703674316,-2.9291088581085205,-2.5698559284210205
1710529217460851608,-8.914262771606445,-2.736309766769409,-2.3183789253234863
1710529217467156705,-8.863966941833496,-2.8991711139678955,-2.4177722930908203
1710529217481919773,-8.880732536315918,-2.724334716796875,-2.3794519901275635
1710529217568166025,-8.970545768737793,-2.9686267375946045,-2.393821954727173
1710529217576595537,-8.793313980102539,-2.84648060798645,-2.4309449195861816
1710529217593203983,-8.8711519241333,-2.90156626701355,-2.304008722305298
1710529217610158621,-8.850794792175293,-2.914738655090332,-2.7470874786376953
1710529217635441857,-8.812474250793457,-2.6800267696380615,-2.446512460708618
1710529217650221692,-8.877140045166016,-2.9865894317626953,-2.2908360958099365
1710529217667107072,-8.890312194824219,-3.004551887512207,-2.3423290252685547
1710529217692102093,-8.890312194824219,-2.81414794921875,-2.4381299018859863
1710529217713043981,-8.862770080566406,-2.81414794921875,-2.3782544136047363
1710529217744615475,-8.922645568847656,-2.854863166809082,-2.433339834213257
1710529217750993527,-8.873547554016113,-2.875221014022827,-2.3890318870544434
1710529217774069130,-8.895102500915527,-2.815345525741577,-2.4010071754455566
1710529217797061274,-8.932225227355957,-2.856060743331909,-2.4501049518585205
1710529217845533199,-8.877140045166016,-2.871628522872925,-2.2620959281921387
1710529217860183019,-8.892707824707031,-2.725532293319702,-2.4201672077178955
1710529217876695565,-8.856781959533691,-3.3159046173095703,-2.4704625606536865
1710529217885259638,-8.817264556884766,-3.011737108230591,-2.5506958961486816
1710529217975982534,-8.998088836669922,-2.8105554580688477,-2.244133234024048
1710529218003207017,-8.777746200561523,-2.965034246444702,-2.5219554901123047
1710529218064274535,-8.872349739074707,-2.9063560962677,-2.3590941429138184
1710529218093526392,-8.89869499206543,-2.875221014022827,-2.347119092941284
1710529218129280378,-8.850794792175293,-2.9111461639404297,-2.4692652225494385
1710529218158883283,-8.901089668273926,-2.921923875808716,-2.3423290252685547
1710529218165312619,-8.89869499206543,-2.766247510910034,-2.3710694313049316
1710529218234678266,-8.945398330688477,-2.962639093399048,-2.3411316871643066
1710529218274599911,-8.892707824707031,-2.8608508110046387,-2.446512460708618
1710529218297744144,-8.853189468383789,-2.863245964050293,-2.476450204849243
1710529218320503520,-8.910670280456543,-2.845283269882202,-2.3614892959594727
1710529218354311218,-8.920249938964844,-2.735112190246582,-2.3626868724823
1710529218371229523,-8.805289268493652,-3.0081446170806885,-2.6093738079071045
1710529218383844321,-8.998088836669922,-2.7099645137786865,-1.9687060117721558
1710529218392751399,-8.780141830444336,-2.524350643157959,-2.0716919898986816
1710529218451138239,-8.910670280456543,-3.221301317214966,-2.513572931289673
1710529218516569830,-9.044791221618652,-3.045267343521118,-2.506387948989868
1710529218545976095,-8.498726844787598,-2.4992029666900635,-2.2585034370422363
1710529218575247158,-9.444759368896484,-2.5387206077575684,-2.0525317192077637
1710529218596147659,-8.799302101135254,-2.674039363861084,-1.9794836044311523
1710529218617226246,-8.398136138916016,-3.311114549636841,-2.3183789253234863
1710529218627911300,-8.701106071472168,-2.4417223930358887,-1.8273998498916626
1710529218653055232,-9.019643783569336,-1.6585509777069092,-2.3722667694091797
1710529218688339376,-8.880732536315918,-3.224893808364868,-2.604583740234375
1710529218692789945,-8.889115333557129,-2.7087671756744385,-2.4824378490448
1710529218713969549,-9.087902069091797,-3.14106822013855,-1.961521029472351
1710529218741250581,-8.686736106872559,-2.953059196472168,-2.756667375564575
1710529218781229317,-8.933423042297363,-3.0764026641845703,-2.0992345809936523
1710529218787502029,-8.504714012145996,-3.2476465702056885,-2.683619499206543
1710529218829563783,-8.897497177124023,-3.175795793533325,-2.503993034362793
1710529218852828410,-8.829239845275879,-3.074007511138916,-2.672841787338257
1710529218854755924,-8.938213348388672,-2.914738655090332,-2.404599666595459
1710529218877825775,-8.781338691711426,-2.5399181842803955,-1.9722986221313477
1710529218959871262,-8.777746200561523,-2.193837881088257,-2.167492628097534
1710529218982876790,-8.859177589416504,-3.20573353767395,-2.5279431343078613
1710529219075267297,-8.873547554016113,-2.8488757610321045,-2.453697443008423
1710529219104737774,-9.001681327819824,-2.642904043197632,-2.246528387069702
1710529219138354561,-8.79211711883545,-2.8309130668640137,-2.326761484146118
1710529219157503557,-8.904682159423828,-3.0296998023986816,-2.466870069503784
1710529219226824197,-8.835227012634277,-2.815345525741577,-2.3519091606140137
1710529219235177736,-8.969347953796387,-2.842888116836548,-2.366279363632202
1710529219260576440,-8.818462371826172,-2.842888116836548,-2.366279363632202
1710529219298302786,-8.8519926071167,-2.6872119903564453,-2.4285497665405273
1710529219310806475,-8.943002700805664,-2.7710375785827637,-2.4596850872039795
1710529219312967801,-8.825647354125977,-2.96623158454895,-2.475252628326416
1710529219336587126,-8.840017318725586,-3.023712158203125,-2.325563907623291
1710529219371923833,-8.87594223022461,-2.844085693359375,-2.3411316871643066
1710529219416030811,-8.855585098266602,-2.872825860977173,-2.42256236076355
1710529219436969033,-8.853189468383789,-2.953059196472168,-2.496807813644409
1710529219449776198,-8.915460586547852,-2.9590466022491455,-2.4501049518585205
1710529219488661402,-8.914262771606445,-2.6500890254974365,-2.1183948516845703
1710529219527637337,-8.940608024597168,-2.745889902114868,-2.30281138420105
1710529219529503170,-8.843609809875488,-3.154240608215332,-2.4680676460266113
1710529219550785333,-8.917855262756348,-2.736309766769409,-2.324366569519043
1710529219554830428,-8.93102741241455,-2.573448419570923,-2.193837881088257
1710529219580010481,-8.873547554016113,-2.894381046295166,-2.287243604660034
1710529219586461280,-8.951385498046875,-3.121907949447632,-2.4489073753356934
1710529219615913468,-8.925040245056152,-2.7303223609924316,-2.383044481277466
1710529219632567202,-8.872349739074707,-2.9171338081359863,-2.306403875350952
1710529219649310845,-8.93581771850586,-2.8309130668640137,-2.4596850872039795
1710529219662001789,-8.890312194824219,-2.7602601051330566,-2.2992186546325684
1710529219689108746,-8.954977989196777,-2.9303064346313477,-2.3004162311553955
1710529219718744161,-8.854387283325195,-2.931504011154175,-2.453697443008423
1710529219773070872,-8.879534721374512,-2.8069629669189453,-2.4393274784088135
1710529219794141403,-8.872349739074707,-2.856060743331909,-2.515968084335327
1710529219829801292,-8.859177589416504,-2.8512706756591797,-2.3602917194366455
1710529219878329250,-8.926238059997559,-2.8572583198547363,-2.3614892959594727
1710529219894901682,-8.947793006896973,-2.8392956256866455,-2.286046028137207
1710529219930528367,-8.83881950378418,-2.802172899246216,-2.3411316871643066
1710529219972844333,-8.84720230102539,-2.8069629669189453,-2.3387365341186523
1710529220000187190,-8.831634521484375,-2.6189539432525635,-2.0824694633483887
1710529220004326636,-8.79211711883545,-2.695594549179077,-2.166295051574707
1710529220033858622,-8.946595191955566,-2.8680357933044434,-2.2094054222106934
1710529220104769440,-8.735834121704102,-2.435734748840332,-2.276466131210327
1710529220147698294,-8.565787315368652,-2.8105554580688477,-2.6189539432525635
1710529220151396369,-9.074728965759277,-3.0584399700164795,-2.3495142459869385
1710529220172364510,-8.856781959533691,-2.676434278488159,-2.343526601791382
1710529220199618816,-8.896300315856934,-2.935096502304077,-2.517165422439575
1710529220218633449,-8.826844215393066,-2.794987678527832,-2.5483007431030273
1710529220233335252,-8.987310409545898,-2.751877546310425,-2.695594549179077
1710529220264737150,-9.056766510009766,-2.973416805267334,-2.572251081466675
1710529220273162920,-8.796906471252441,-2.762655019760132,-2.512375593185425
1710529220310959508,-8.798104286193848,-3.162623405456543,-2.7087671756744385
1710529220401616748,-8.969347953796387,-2.936293840408325,-2.612966299057007
1710529220422440315,-8.258027076721191,-2.753074884414673,-2.5698559284210205
1710529220468983555,-9.03161907196045,-2.653681755065918,-2.7590625286102295
1710529220475349652,-9.116641998291016,-2.6668541431427,-2.6273365020751953
1710529220489990929,-9.116641998291016,-2.6668541431427,-2.6273365020751953
1710529220515292110,-8.760981559753418,-3.0776000022888184,-2.8512706756591797
1710529220521764680,-8.83881950378418,-3.305126905441284,-2.914738655090332
1710529220557365436,-8.746611595153809,-3.2763867378234863,-2.5782384872436523
1710529220565844384,-8.781338691711426,-2.935096502304077,-2.7303223609924316
1710529220580515613,-8.914262771606445,-2.4584875106811523,-2.9889843463897705
1710529220656172747,-8.919053077697754,-2.236948251724243,-2.5914111137390137
1710529220670918852,-8.782536506652832,-2.1998255252838135,-3.1362781524658203
1710529220689249897,-8.855585098266602,-2.433339834213257,-3.05364990234375
1710529220746428706,-8.602910041809082,-2.903961181640625,-3.0009593963623047
1710529220752959571,-8.21252155303955,-3.074007511138916,-2.532733201980591
1710529220784465379,-8.856781959533691,-1.7998571395874023,-2.9985644817352295
1710529220807601146,-8.7322416305542,-2.386636972427368,-3.221301317214966
1710529220849437549,-8.777746200561523,-2.4992029666900635,-3.014132022857666
1710529220883820373,-8.273594856262207,-2.783012628555298,-2.654879093170166
1710529220908824708,-8.116721153259277,-2.953059196472168,-2.733914852142334
1710529220948343576,-9.340576171875,-2.3111939430236816,-3.483555793762207
1710529220971797958,-8.769364356994629,-2.577040910720825,-2.753074884414673
1710529221009479668,-8.697513580322266,-2.452500104904175,-2.953059196472168
1710529221028516411,-8.572972297668457,-2.8668384552001953,-3.234473943710327
1710529221061894525,-8.616083145141602,-3.0177245140075684,-2.796185255050659
1710529221078767976,-8.937015533447266,-3.4596056938171387,-2.912343740463257
1710529221088963505,-8.951385498046875,-2.393821954727173,-3.192561149597168
1710529221112140669,-8.940608024597168,-2.472857713699341,-3.481160879135132
1710529221145953475,-8.689130783081055,-2.753074884414673,-2.5973987579345703
1710529221169103241,-8.67236614227295,-2.326761484146118,-3.724255323410034
1710529221209407995,-8.79211711883545,-2.7770252227783203,-3.154240608215332
1710529221243148802,-8.842411994934082,-2.523153066635132,-3.1901659965515137
1710529221292850317,-8.800498962402344,-2.8488757610321045,-3.2500414848327637
1710529221326745252,-8.760981559753418,-2.7207422256469727,-2.981799364089966
1710529221334904546,-8.857979774475098,-2.6393115520477295,-2.982996940612793
1710529221354149707,-8.857979774475098,-2.6393115520477295,-2.982996940612793
1710529221375181790,-8.687932968139648,-2.5518932342529297,-3.29315185546875
1710529221404679168,-8.780141830444336,-2.486030340194702,-3.132685661315918
1710529221406658626,-8.720266342163086,-2.5782384872436523,-3.0368847846984863
1710529221425358486,-8.640032768249512,-2.8009753227233887,-3.0787975788116455
1710529221440273590,-8.750204086303711,-2.6800267696380615,-3.1087353229522705
1710529221454916775,-8.660390853881836,-2.735112190246582,-3.2009437084198
1710529221488660520,-8.717870712280273,-2.763852596282959,-3.045267343521118
1710529221496873652,-8.635242462158203,-2.634521484375,-3.1362781524658203
1710529221509385580,-8.709488868713379,-2.532733201980591,-3.1781909465789795
1710529221576700367,-8.737030982971191,-2.696791887283325,-3.0476622581481934
1710529221608770293,-8.64482307434082,-2.804567813873291,-3.1578333377838135
1710529221648151486,-8.705896377563477,-2.6009912490844727,-3.121907949447632
1710529221673304114,-8.69631576538086,-2.635719060897827,-3.1494507789611816
1710529221700638595,-8.649613380432129,-2.7195446491241455,-3.0991551876068115
1710529221726085192,-8.598119735717773,-2.856060743331909,-3.171005964279175
1710529221766001064,-8.763376235961914,-2.714754581451416,-3.1578333377838135
1710529221786982095,-8.660390853881836,-2.623744010925293,-3.113525390625
1710529221795400762,-8.710685729980469,-2.654879093170166,-3.151845693588257
1710529221803831571,-8.769364356994629,-2.5483007431030273,-3.052452325820923
1710529221841569273,-8.687932968139648,-2.7997777462005615,-3.161425828933716
1710529221845882122,-8.721463203430176,-2.656076669692993,-3.075205087661743
1710529221871068114,-8.675958633422852,-2.6177563667297363,-3.1997461318969727
1710529221879563888,-8.690328598022461,-2.7291247844696045,-3.101550340652466
1710529221907112384,-8.735834121704102,-2.5698559284210205,-3.153043270111084
1710529221932013990,-8.684340476989746,-2.7291247844696045,-3.0764026641845703
1710529221961247071,-8.728649139404297,-2.675236701965332,-3.155438184738159
1710529221988720726,-8.69152545928955,-2.7003846168518066,-3.125500440597534
1710529222012096107,-8.714278221130371,-2.6021888256073,-3.091970205307007
1710529222058088996,-8.739426612854004,-2.6488916873931885,-3.0907726287841797
1710529222064323474,-8.697513580322266,-2.654879093170166,-3.1302905082702637
1710529222076862122,-8.726253509521484,-2.6812243461608887,-3.1769933700561523
1710529222095876792,-8.738228797912598,-2.5794360637664795,-3.115920305252075
1710529222106251401,-8.677155494689941,-2.604583740234375,-3.1362781524658203
1710529222142142605,-8.695117950439453,-2.675236701965332,-3.1171178817749023
1710529222148413517,-8.723858833312988,-2.653681755065918,-3.0991551876068115
1710529222163221380,-8.674760818481445,-2.566263437271118,-3.112327814102173
1710529222185027145,-8.737030982971191,-2.6512866020202637,-3.1386730670928955
1710529222213479865,-8.739426612854004,-2.7399022579193115,-3.1470556259155273
1710529222249209502,-8.710685729980469,-2.6584715843200684,-3.121907949447632
1710529222287181414,-8.699908256530762,-2.5902135372161865,-3.155438184738159
1710529222348159622,-8.709488868713379,-2.6512866020202637,-3.1362781524658203
1710529222382010007,-8.707093238830566,-2.674039363861084,-3.144660711288452
1710529222402817380,-8.70469856262207,-2.646496534347534,-3.111130475997925
1710529222413392246,-8.70469856262207,-2.7183470726013184,-3.1793885231018066
1710529222432091649,-8.698711395263672,-2.693199396133423,-3.153043270111084
1710529222444929243,-8.7322416305542,-2.6596691608428955,-3.113525390625
1710529222447532893,-8.693921089172363,-2.5985960960388184,-3.1087353229522705
1710529222487357093,-8.705896377563477,-2.7195446491241455,-3.161425828933716
1710529222509722965,-8.697513580322266,-2.6704468727111816,-3.1470556259155273
