bag_timestamp_ns,accel0_x,accel0_y,accel0_z
1710535963848720667,9.062753677368164,-2.3495142459869385,-3.5254688262939453
1710535963861378730,9.062753677368164,-2.3495142459869385,-3.5254688262939453
1710535963968729996,9.065149307250977,-2.356699228286743,-3.5578014850616455
1710535964016220306,9.075926780700684,-2.355501651763916,-3.5374438762664795
1710535964065081671,9.090296745300293,-2.3986120223999023,-3.5482213497161865
1710535964073317001,9.060359001159668,-2.3626868724823,-3.5099010467529297
1710535964100951276,9.073531150817871,-2.3590941429138184,-3.5278637409210205
1710535964130152637,9.06395149230957,-2.365081787109375,-3.5470240116119385
1710535964157337707,9.0914945602417,-2.424957275390625,-3.562591552734375
1710535964163711583,9.071136474609375,-2.4117846488952637,-3.531456232070923
1710535964189068785,9.072334289550781,-2.3602917194366455,-3.5278637409210205
1710535964222586098,9.07832145690918,-2.333946466445923,-3.5254688262939453
1710535964237499622,9.075926780700684,-2.3207738399505615,-3.5278637409210205
1710535964245995515,9.089098930358887,-2.426154851913452,-3.5470240116119385
1710535964269595351,9.057964324951172,-2.366279363632202,-3.535048723220825
1710535964277411315,9.079519271850586,-2.377056837081909,-3.5170862674713135
1710535964306963382,9.080716133117676,-2.333946466445923,-3.5290613174438477
1710535964313360239,9.095087051391602,-2.325563907623291,-3.5578014850616455
1710535964342560867,9.072334289550781,-2.3902294635772705,-3.531456232070923
1710535964351450290,9.08670425415039,-2.345921516418457,-3.542233943939209
1710535964357409216,9.061556816101074,-2.3806493282318115,-3.5278637409210205
1710535964371876281,9.080716133117676,-2.3423290252685547,-3.5087037086486816
1710535964392854087,9.073531150817871,-2.3626868724823,-3.533851385116577
1710535964399276330,9.071136474609375,-2.4381299018859863,-3.520678758621216
1710535964416016748,9.084308624267578,-2.3099963665008545,-3.563789129257202
1710535964430814408,9.067543983459473,-2.353106737136841,-3.4727783203125
1710535964447664573,9.084308624267578,-2.324366569519043,-3.523073673248291
1710535964470605467,9.075926780700684,-2.324366569519043,-3.523073673248291
1710535964498020121,9.0914945602417,-2.3710694313049316,-3.56498646736145
1710535964506436880,9.079519271850586,-2.426154851913452,-3.4991235733032227
1710535964523433393,9.061556816101074,-2.356699228286743,-3.5158886909484863
1710535964544323184,9.090296745300293,-2.33514404296875,-3.56498646736145
1710535964561196998,9.074728965759277,-2.3794519901275635,-3.4763708114624023
1710535964575847954,9.079519271850586,-2.306403875350952,-3.553011417388916
1710535964605219392,9.071136474609375,-2.4201672077178955,-3.5158886909484863
1710535964651548687,9.065149307250977,-2.356699228286743,-3.5087037086486816
1710535964695607015,9.075926780700684,-2.3722667694091797,-3.5170862674713135
1710535964708190140,9.077123641967773,-2.403402090072632,-3.5099010467529297
1710535964716777972,9.072334289550781,-2.3614892959594727,-3.513493537902832
1710535964737617706,9.074728965759277,-2.344724178314209,-3.493135929107666
1710535964756584302,9.067543983459473,-2.345921516418457,-3.491938591003418
1710535964790239767,9.061556816101074,-2.3495142459869385,-3.524271249771118
1710535964798897923,9.085506439208984,-2.375859260559082,-3.544628858566284
1710535964830661064,9.067543983459473,-2.344724178314209,-3.520678758621216
1710535964842746354,9.0914945602417,-2.3123912811279297,-3.514691114425659
1710535964889079605,9.068741798400879,-2.306403875350952,-3.524271249771118
1710535964962449221,9.066346168518066,-2.3423290252685547,-3.5158886909484863
1710535964983309215,9.059161186218262,-2.345921516418457,-3.491938591003418
1710535964993819511,9.083111763000488,-2.3303539752960205,-3.513493537902832
1710535965035812427,9.071136474609375,-2.3794519901275635,-3.5290613174438477
1710535965054478056,9.093889236450195,-2.3614892959594727,-3.5601966381073
1710535965069210588,9.084308624267578,-2.3710694313049316,-3.535048723220825
1710535965103043508,9.066346168518066,-2.347119092941284,-3.494333505630493
1710535965139685756,9.084308624267578,-2.366279363632202,-3.53265380859375
1710535965169204103,9.065149307250977,-2.363884210586548,-3.530258893966675
1710535965206051479,9.071136474609375,-2.3315515518188477,-3.523073673248291
1710535965227793064,9.096283912658691,-2.405797004699707,-3.5362462997436523
1710535965235328834,9.061556816101074,-2.3016138076782227,-3.520678758621216
1710535965243861242,9.061556816101074,-2.3016138076782227,-3.520678758621216
1710535965302930519,9.065149307250977,-2.3614892959594727,-3.524271249771118
1710535965306848030,9.061556816101074,-2.3303539752960205,-3.5158886909484863
1710535965308873307,9.065149307250977,-2.3207738399505615,-3.5075061321258545
1710535965355061809,9.085506439208984,-2.3483166694641113,-3.5589990615844727
1710535965378008344,9.080716133117676,-2.4093897342681885,-3.561393976211548
1710535965401233419,9.07832145690918,-2.324366569519043,-3.5398387908935547
1710535965430580329,9.060359001159668,-2.355501651763916,-3.50032114982605
1710535965491479031,9.072334289550781,-2.3483166694641113,-3.514691114425659
1710535965504043292,9.095087051391602,-2.347119092941284,-3.5099010467529297
1710535965510914151,9.060359001159668,-2.3123912811279297,-3.5051109790802
1710535965544031081,9.065149307250977,-2.3722667694091797,-3.5158886909484863
1710535965565170288,9.061556816101074,-2.397414445877075,-3.535048723220825
1710535965582088548,9.090296745300293,-2.325563907623291,-3.5386414527893066
1710535965607287862,9.089098930358887,-2.3686742782592773,-3.514691114425659
1710535965630393678,9.08670425415039,-2.3722667694091797,-3.5290613174438477
1710535965659844960,9.068741798400879,-2.355501651763916,-3.521876335144043
1710535965678936486,9.079519271850586,-2.347119092941284,-3.5290613174438477
1710535965697725164,9.072334289550781,-2.3602917194366455,-3.53265380859375
1710535965725068761,9.069938659667969,-2.353106737136841,-3.524271249771118
1710535965748111037,9.080716133117676,-2.365081787109375,-3.5194811820983887
1710535965777348917,9.07832145690918,-2.3087987899780273,-3.514691114425659
1710535965806784069,9.081913948059082,-2.347119092941284,-3.5290613174438477
1710535965836337808,9.071136474609375,-2.333946466445923,-3.511098623275757
1710535965872123360,9.075926780700684,-2.333946466445923,-3.520678758621216
1710535965897473162,9.077123641967773,-2.3590941429138184,-3.513493537902832
1710535965916430274,9.071136474609375,-2.3519091606140137,-3.5266661643981934
1710535965962686827,9.062753677368164,-2.3315515518188477,-3.514691114425659
1710535965977299906,9.074728965759277,-2.3710694313049316,-3.5278637409210205
1710535966004648166,9.080716133117676,-2.3794519901275635,-3.533851385116577
1710535966029689835,9.05556869506836,-2.373464345932007,-3.5099010467529297
1710535966038931619,9.1106538772583,-2.3590941429138184,-3.5482213497161865
1710535966063474108,9.079519271850586,-2.3578968048095703,-3.5254688262939453
1710535966078053346,9.090296745300293,-2.375859260559082,-3.544628858566284
1710535966111785938,9.079519271850586,-2.356699228286743,-3.5278637409210205
1710535966132806462,9.08670425415039,-2.363884210586548,-3.542233943939209
1710535966248376249,9.080716133117676,-2.347119092941284,-3.514691114425659
1710535966290445498,9.095087051391602,-2.353106737136841,-3.543431282043457
1710535966300992233,9.081913948059082,-2.3183789253234863,-3.5374438762664795
1710535966328659709,9.081913948059082,-2.3183789253234863,-3.5374438762664795
1710535966338771313,9.075926780700684,-2.323168992996216,-3.53265380859375
1710535966357482673,9.067543983459473,-2.4201672077178955,-3.513493537902832
1710535966426634024,9.068741798400879,-2.377056837081909,-3.531456232070923
1710535966452019979,9.061556816101074,-2.3590941429138184,-3.523073673248291
1710535966458455394,9.073531150817871,-2.363884210586548,-3.5362462997436523
1710535966475316324,9.075926780700684,-2.304008722305298,-3.514691114425659
1710535966542469152,9.072334289550781,-2.3507115840911865,-3.50032114982605
1710535966580239577,9.079519271850586,-2.3782544136047363,-3.5051109790802
1710535966607574643,9.072334289550781,-2.3495142459869385,-3.553011417388916
1710535966618804813,9.072334289550781,-2.3495142459869385,-3.535048723220825
1710535966624296968,9.068741798400879,-2.3710694313049316,-3.530258893966675
1710535966643359078,9.103468894958496,-2.353106737136841,-3.5266661643981934
1710535966660237647,9.077123641967773,-2.347119092941284,-3.530258893966675
1710535966668638715,9.075926780700684,-2.365081787109375,-3.5290613174438477
1710535966706358945,9.084308624267578,-2.343526601791382,-3.5254688262939453
1710535966741930183,9.084308624267578,-2.36747670173645,-3.521876335144043
1710535966754558576,9.06395149230957,-2.3423290252685547,-3.5063085556030273
1710535966790268629,9.073531150817871,-2.3878345489501953,-3.531456232070923
1710535966800869957,9.075926780700684,-2.343526601791382,-3.543431282043457
1710535966830611202,9.066346168518066,-2.3279590606689453,-3.533851385116577
1710535966853489977,9.072334289550781,-2.3578968048095703,-3.5075061321258545
1710535966907930402,9.07832145690918,-2.3183789253234863,-3.533851385116577
1710535966933154615,9.074728965759277,-2.412982225418091,-3.5266661643981934
1710535966958488937,9.07832145690918,-2.332749128341675,-3.523073673248291
1710535966964644089,9.087902069091797,-2.363884210586548,-3.5386414527893066
1710535966983615339,9.065149307250977,-2.377056837081909,-3.5075061321258545
1710535967019115489,9.071136474609375,-2.385439395904541,-3.521876335144043
1710535967029617294,9.079519271850586,-2.344724178314209,-3.520678758621216
1710535967050697428,9.080716133117676,-2.3686742782592773,-3.550616502761841
1710535967072027449,9.077123641967773,-2.3890318870544434,-3.5099010467529297
1710535967107413131,9.071136474609375,-2.3578968048095703,-3.5194811820983887
1710535967157886904,9.062753677368164,-2.363884210586548,-3.512296199798584
1710535967187368886,9.072334289550781,-2.3614892959594727,-3.513493537902832
1710535967189249048,9.084308624267578,-2.3519091606140137,-3.5290613174438477
1710535967208306999,9.069938659667969,-2.345921516418457,-3.5254688262939453
1710535967226898510,9.079519271850586,-2.354304313659668,-3.535048723220825
1710535967233397931,9.065149307250977,-2.392624616622925,-3.5051109790802
1710535967239840462,9.077123641967773,-2.3698718547821045,-3.520678758621216
1710535967260694749,9.075926780700684,-2.3698718547821045,-3.5194811820983887
1710535967309022491,9.083111763000488,-2.366279363632202,-3.53265380859375
1710535967311203468,9.083111763000488,-2.353106737136841,-3.5386414527893066
1710535967328004113,9.083111763000488,-2.3626868724823,-3.5266661643981934
1710535967363785362,9.062753677368164,-2.336341619491577,-3.533851385116577
1710535967387057510,9.062753677368164,-2.373464345932007,-3.5194811820983887
1710535967422515290,9.079519271850586,-2.3614892959594727,-3.5254688262939453
1710535967449804539,9.090296745300293,-2.3483166694641113,-3.520678758621216
1710535967456061338,9.075926780700684,-2.363884210586548,-3.535048723220825
1710535967500271030,9.077123641967773,-2.3698718547821045,-3.5182836055755615
1710535967517061341,9.081913948059082,-2.373464345932007,-3.533851385116577
1710535967533796135,9.072334289550781,-2.3423290252685547,-3.5087037086486816
1710535967546534469,9.067543983459473,-2.354304313659668,-3.521876335144043
1710535967565433254,9.066346168518066,-2.366279363632202,-3.511098623275757
1710535967588491695,9.074728965759277,-2.3578968048095703,-3.521876335144043
1710535967609417268,9.066346168518066,-2.354304313659668,-3.5278637409210205
1710535967651586368,9.077123641967773,-2.385439395904541,-3.5266661643981934
1710535967674738777,9.072334289550781,-2.3411316871643066,-3.5254688262939453
1710535967683295923,9.079519271850586,-2.375859260559082,-3.535048723220825
1710535967716801949,9.065149307250977,-2.3578968048095703,-3.520678758621216
1710535967763273497,9.077123641967773,-2.3806493282318115,-3.535048723220825
1710535967805216876,9.079519271850586,-2.355501651763916,-3.543431282043457
1710535967828415850,9.074728965759277,-2.3902294635772705,-3.5470240116119385
1710535967843234415,9.099876403808594,-2.373464345932007,-3.5278637409210205
1710535967880750139,9.084308624267578,-2.347119092941284,-3.530258893966675
1710535967908285033,9.080716133117676,-2.365081787109375,-3.5398387908935547
1710535967946124306,9.054370880126953,-2.3495142459869385,-3.5266661643981934
1710535967988035344,9.069938659667969,-2.3519091606140137,-3.5254688262939453
1710535968000543533,9.054370880126953,-2.366279363632202,-3.5278637409210205
1710535968103634456,9.074728965759277,-2.3590941429138184,-3.533851385116577
1710535968124955687,9.069938659667969,-2.3507115840911865,-3.521876335144043
1710535968135159559,9.092691421508789,-2.383044481277466,-3.533851385116577
1710535968165432820,9.074728965759277,-2.3207738399505615,-3.5254688262939453
1710535968185758542,9.083111763000488,-2.3698718547821045,-3.531456232070923
1710535968215867191,9.062753677368164,-2.3782544136047363,-3.5254688262939453
1710535968259338296,9.069938659667969,-2.3686742782592773,-3.5266661643981934
1710535968276125387,9.085506439208984,-2.353106737136841,-3.521876335144043
1710535968295234036,9.092691421508789,-2.3782544136047363,-3.543431282043457
1710535968332895496,9.074728965759277,-2.365081787109375,-3.511098623275757
1710535968417740469,9.061556816101074,-2.373464345932007,-3.512296199798584
1710535968453170009,9.1106538772583,-2.356699228286743,-3.5589990615844727
1710535968505090440,9.083111763000488,-2.383044481277466,-3.541036367416382
1710535968509176047,9.061556816101074,-2.3483166694641113,-3.535048723220825
1710535968530178202,9.074728965759277,-2.3614892959594727,-3.5254688262939453
1710535968544880381,9.067543983459473,-2.365081787109375,-3.5170862674713135
1710535968557408781,9.075926780700684,-2.337538957595825,-3.5278637409210205
1710535968603396956,9.079519271850586,-2.3998095989227295,-3.551814079284668
1710535968626645103,9.068741798400879,-2.333946466445923,-3.5254688262939453
1710535968654848203,9.077123641967773,-2.396217107772827,-3.541036367416382
1710535968662451046,9.071136474609375,-2.356699228286743,-3.531456232070923
1710535968683651710,9.079519271850586,-2.366279363632202,-3.530258893966675
1710535968723497425,9.079519271850586,-2.3411316871643066,-3.5266661643981934
1710535968790855791,9.077123641967773,-2.3878345489501953,-3.531456232070923
1710535968824841715,9.084308624267578,-2.317181348800659,-3.524271249771118
1710535968917230128,9.061556816101074,-2.344724178314209,-3.520678758621216
1710535968956739692,9.073531150817871,-2.3698718547821045,-3.543431282043457
1710535968996754721,9.084308624267578,-2.365081787109375,-3.5290613174438477
1710535969023773576,9.068741798400879,-2.385439395904541,-3.5063085556030273
1710535969040965294,9.07832145690918,-2.392624616622925,-3.523073673248291
1710535969057696124,9.083111763000488,-2.356699228286743,-3.5194811820983887
1710535969068105253,9.083111763000488,-2.356699228286743,-3.5194811820983887
1710535969093249430,9.093889236450195,-2.3399341106414795,-3.544628858566284
1710535969135634196,9.075926780700684,-2.3722667694091797,-3.511098623275757
1710535969169196164,9.075926780700684,-2.344724178314209,-3.53265380859375
1710535969244915243,9.085506439208984,-2.3519091606140137,-3.5051109790802
1710535969257500101,9.075926780700684,-2.353106737136841,-3.5290613174438477
1710535969270393485,9.080716133117676,-2.344724178314209,-3.5158886909484863
1710535969375448013,9.057964324951172,-2.3590941429138184,-3.535048723220825
1710535969402712119,9.059161186218262,-2.3722667694091797,-3.5170862674713135
1710535969455282122,9.084308624267578,-2.3507115840911865,-3.5290613174438477
1710535969508105263,9.080716133117676,-2.366279363632202,-3.535048723220825
1710535969525057827,9.067543983459473,-2.354304313659668,-3.5266661643981934
1710535969568956553,9.074728965759277,-2.3183789253234863,-3.5266661643981934
1710535969590121521,9.080716133117676,-2.3519091606140137,-3.53265380859375
1710535969606899505,9.071136474609375,-2.355501651763916,-3.523073673248291
1710535969648838085,9.099876403808594,-2.3315515518188477,-3.535048723220825
1710535969680591406,9.075926780700684,-2.3076012134552,-3.4679882526397705
1710535969695071389,9.097481727600098,-2.3423290252685547,-3.542233943939209
1710535969712014431,9.089098930358887,-2.2992186546325684,-3.5290613174438477
1710535969728751244,9.059161186218262,-2.365081787109375,-3.512296199798584
1710535969768635149,9.083111763000488,-2.3411316871643066,-3.533851385116577
1710535969823278035,9.066346168518066,-2.3590941429138184,-3.5362462997436523
1710535969854896213,9.073531150817871,-2.3195765018463135,-3.530258893966675
1710535969871482096,9.072334289550781,-2.373464345932007,-3.4979259967803955
1710535969873508151,9.087902069091797,-2.3303539752960205,-3.5482213497161865
1710535969884312578,9.05556869506836,-2.356699228286743,-3.493135929107666
1710535969892685503,9.069938659667969,-2.356699228286743,-3.5194811820983887
1710535969930691871,9.077123641967773,-2.356699228286743,-3.5278637409210205
1710535969976740388,9.077123641967773,-2.353106737136841,-3.5099010467529297
1710535969981027947,9.06395149230957,-2.3686742782592773,-3.4799633026123047
1710535969991592686,9.066346168518066,-2.374661922454834,-3.541036367416382
1710535970017533243,9.072334289550781,-2.3279590606689453,-3.5158886909484863
1710535970035660813,9.084308624267578,-2.3890318870544434,-3.5278637409210205
1710535970050565074,9.071136474609375,-2.3698718547821045,-3.5278637409210205
1710535970067256573,9.096283912658691,-2.3782544136047363,-3.5158886909484863
1710535970107304054,9.079519271850586,-2.3986120223999023,-3.544628858566284
1710535970180854159,9.08670425415039,-2.355501651763916,-3.5278637409210205
1710535970197589293,9.080716133117676,-2.343526601791382,-3.521876335144043
1710535970205962306,9.060359001159668,-2.3507115840911865,-3.491938591003418
1710535970229379224,9.074728965759277,-2.3399341106414795,-3.5182836055755615
1710535970252642989,9.083111763000488,-2.3399341106414795,-3.5170862674713135
1710535970273602702,9.084308624267578,-2.3507115840911865,-3.5182836055755615
1710535970303016353,9.102272033691406,-2.3519091606140137,-3.524271249771118
1710535970332740984,9.060359001159668,-2.355501651763916,-3.493135929107666
1710535970351317125,9.079519271850586,-2.333946466445923,-3.551814079284668
1710535970372485074,9.066346168518066,-2.283651113510132,-3.544628858566284
1710535970426932625,9.083111763000488,-2.313588857650757,-3.5278637409210205
1710535970431020255,9.083111763000488,-2.313588857650757,-3.5278637409210205
1710535970454186025,9.067543983459473,-2.3279590606689453,-3.53265380859375
1710535970515144764,9.08670425415039,-2.353106737136841,-3.5266661643981934
1710535970525617164,9.071136474609375,-2.3698718547821045,-3.530258893966675
1710535970529795375,9.097481727600098,-2.377056837081909,-3.5182836055755615
1710535970534095096,9.092691421508789,-2.3626868724823,-3.5685791969299316
1710535970550814359,9.084308624267578,-2.3387365341186523,-3.5458264350891113
1710535970561512532,9.075926780700684,-2.397414445877075,-3.5290613174438477
1710535970582450918,9.084308624267578,-2.2824535369873047,-3.531456232070923
1710535970601258698,9.0914945602417,-2.404599666595459,-3.5170862674713135
1710535970620137698,9.042396545410156,-2.333946466445923,-3.434458017349243
1710535970641351755,9.080716133117676,-2.3519091606140137,-3.5194811820983887
1710535970672952461,9.075926780700684,-2.3998095989227295,-3.5290613174438477
1710535970706611383,9.093889236450195,-2.377056837081909,-3.5697765350341797
1710535970727698556,9.08670425415039,-2.3818469047546387,-3.460803270339966
1710535970771765823,9.083111763000488,-2.3219714164733887,-3.4727783203125
1710535970780114896,9.077123641967773,-2.385439395904541,-3.5170862674713135
1710535970821759905,9.077123641967773,-2.385439395904541,-3.5170862674713135
1710535970828378148,9.085506439208984,-2.272873640060425,-3.5362462997436523
1710535970840908436,9.068741798400879,-2.365081787109375,-3.5386414527893066
1710535970855710879,9.0914945602417,-2.347119092941284,-3.5278637409210205
1710535970889200972,9.087902069091797,-2.353106737136841,-3.531456232070923
1710535970901807483,9.075926780700684,-2.36747670173645,-3.502716064453125
1710535970929054079,9.075926780700684,-2.2980213165283203,-3.5182836055755615
1710535970931124793,9.066346168518066,-2.3483166694641113,-3.493135929107666
1710535970968957373,9.075926780700684,-2.343526601791382,-3.5182836055755615
1710535970979538045,9.067543983459473,-2.3686742782592773,-3.4967284202575684
1710535971021365404,9.096283912658691,-2.3626868724823,-3.551814079284668
1710535971038309226,9.065149307250977,-2.36747670173645,-3.493135929107666
1710535971044525014,9.081913948059082,-2.3291563987731934,-3.572171688079834
1710535971073846322,9.089098930358887,-2.347119092941284,-3.554208993911743
1710535971101009707,9.06395149230957,-2.337538957595825,-3.502716064453125
1710535971113795686,9.093889236450195,-2.3890318870544434,-3.541036367416382
1710535971122143595,9.081913948059082,-2.397414445877075,-3.501518487930298
1710535971136753730,9.074728965759277,-2.3710694313049316,-3.5254688262939453
1710535971172533004,9.081913948059082,-2.3087987899780273,-3.5589990615844727
1710535971187329871,9.06395149230957,-2.3578968048095703,-3.512296199798584
1710535971204113321,9.084308624267578,-2.3794519901275635,-3.56498646736145
1710535971229143302,9.066346168518066,-2.3087987899780273,-3.5087037086486816
1710535971240068544,9.090296745300293,-2.323168992996216,-3.5063085556030273
1710535971254753038,9.089098930358887,-2.3207738399505615,-3.5290613174438477
1710535971263108495,9.054370880126953,-2.336341619491577,-3.4895434379577637
1710535971282207004,9.054370880126953,-2.336341619491577,-3.4895434379577637
1710535971290587898,9.056766510009766,-2.3818469047546387,-3.50032114982605
1710535971311479928,9.093889236450195,-2.3710694313049316,-3.562591552734375
1710535971328499308,9.062753677368164,-2.356699228286743,-3.5063085556030273
1710535971347383298,9.08670425415039,-2.3495142459869385,-3.5194811820983887
1710535971402025419,9.071136474609375,-2.33514404296875,-3.542233943939209
1710535971429336150,9.077123641967773,-2.385439395904541,-3.524271249771118
1710535971519856140,9.080716133117676,-2.363884210586548,-3.503913640975952
1710535971534692017,9.066346168518066,-2.36747670173645,-3.544628858566284
1710535971570526587,9.089098930358887,-2.396217107772827,-3.561393976211548
1710535971585132891,9.074728965759277,-2.386636972427368,-3.524271249771118
1710535971620466553,9.054370880126953,-2.3387365341186523,-3.514691114425659
1710535971639755836,9.073531150817871,-2.3794519901275635,-3.501518487930298
1710535971652154979,9.080716133117676,-2.356699228286743,-3.5278637409210205
1710535971683856104,9.07832145690918,-2.3602917194366455,-3.524271249771118
1710535971706904097,9.083111763000488,-2.356699228286743,-3.514691114425659
1710535971738617931,9.056766510009766,-2.332749128341675,-3.523073673248291
1710535971759582416,9.072334289550781,-2.3279590606689453,-3.511098623275757
1710535971765881262,9.06395149230957,-2.326761484146118,-3.520678758621216
1710535971778405355,9.067543983459473,-2.333946466445923,-3.523073673248291
1710535971795291698,9.068741798400879,-2.3722667694091797,-3.521876335144043
1710535971817778859,9.071136474609375,-2.4081921577453613,-3.535048723220825
1710535971852080047,9.073531150817871,-2.3686742782592773,-3.520678758621216
1710535971864624308,9.060359001159668,-2.393821954727173,-3.50032114982605
1710535971887877419,9.087902069091797,-2.3722667694091797,-3.5386414527893066
1710535971934255591,9.0914945602417,-2.403402090072632,-3.5386414527893066
1710535971944603079,9.074728965759277,-2.3483166694641113,-3.4991235733032227
1710535971957185132,9.085506439208984,-2.39501953125,-3.5386414527893066
1710535971993101572,9.074728965759277,-2.374661922454834,-3.5290613174438477
1710535972001328497,9.084308624267578,-2.3722667694091797,-3.553011417388916
1710535972016502549,9.08670425415039,-2.3878345489501953,-3.5482213497161865
1710535972026508943,9.06395149230957,-2.3914270401000977,-3.5063085556030273
1710535972051797001,9.080716133117676,-2.3399341106414795,-3.5278637409210205
1710535972086461230,9.067543983459473,-2.3483166694641113,-3.501518487930298
1710535972112958787,9.068741798400879,-2.366279363632202,-3.4955310821533203
1710535972133808673,9.057964324951172,-2.355501651763916,-3.511098623275757
1710535972171988092,9.075926780700684,-2.366279363632202,-3.5051109790802
1710535972187409568,9.066346168518066,-2.3878345489501953,-3.5075061321258545
1710535972218796584,9.062753677368164,-2.304008722305298,-3.5290613174438477
1710535972270710812,9.083111763000488,-2.323168992996216,-3.520678758621216
1710535972306439874,9.065149307250977,-2.3626868724823,-3.531456232070923
1710535972329472234,9.085506439208984,-2.3722667694091797,-3.5374438762664795
1710535972380349431,9.065149307250977,-2.332749128341675,-3.53265380859375
1710535972414602423,9.067543983459473,-2.383044481277466,-3.5051109790802
1710535972432608876,9.066346168518066,-2.3794519901275635,-3.5194811820983887
1710535972449527968,9.081913948059082,-2.3710694313049316,-3.533851385116577
1710535972470884848,9.07832145690918,-2.3686742782592773,-3.5254688262939453
1710535972495872395,9.085506439208984,-2.392624616622925,-3.530258893966675
1710535972502124369,9.067543983459473,-2.3710694313049316,-3.512296199798584
1710535972525311337,9.062753677368164,-2.326761484146118,-3.53265380859375
1710535972569476456,9.066346168518066,-2.365081787109375,-3.5087037086486816
1710535972582263494,9.060359001159668,-2.374661922454834,-3.501518487930298
1710535972619914238,9.061556816101074,-2.365081787109375,-3.524271249771118
1710535972641091854,9.066346168518066,-2.3626868724823,-3.5099010467529297
1710535972653597391,9.067543983459473,-2.3578968048095703,-3.5075061321258545
1710535972670315945,9.071136474609375,-2.344724178314209,-3.524271249771118
1710535972691336839,9.068741798400879,-2.386636972427368,-3.5099010467529297
1710535972712370299,9.073531150817871,-2.36747670173645,-3.541036367416382
1710535972731394298,9.067543983459473,-2.3806493282318115,-3.5482213497161865
1710535972754654200,9.066346168518066,-2.3507115840911865,-3.523073673248291
1710535972767166131,9.080716133117676,-2.356699228286743,-3.5374438762664795
1710535972788444597,9.060359001159668,-2.3399341106414795,-3.5182836055755615
1710535972814324002,9.092691421508789,-2.3710694313049316,-3.5254688262939453
1710535972842587792,9.083111763000488,-2.3722667694091797,-3.512296199798584
1710535972885213808,9.072334289550781,-2.356699228286743,-3.5290613174438477
1710535972933619905,9.080716133117676,-2.3710694313049316,-3.5290613174438477
1710535972981808410,9.066346168518066,-2.377056837081909,-3.5278637409210205
1710535973032384780,9.066346168518066,-2.3806493282318115,-3.5374438762664795
1710535973046880354,9.085506439208984,-2.3519091606140137,-3.5362462997436523
1710535973059622160,9.073531150817871,-2.3698718547821045,-3.5290613174438477
1710535973107989230,9.068741798400879,-2.375859260559082,-3.524271249771118
1710535973130987333,9.07832145690918,-2.383044481277466,-3.5482213497161865
1710535973145699923,9.074728965759277,-2.356699228286743,-3.53265380859375
1710535973196180457,9.06395149230957,-2.356699228286743,-3.523073673248291
1710535973221227017,9.072334289550781,-2.3986120223999023,-3.530258893966675
1710535973248718253,9.084308624267578,-2.3722667694091797,-3.523073673248291
1710535973261376572,9.06395149230957,-2.363884210586548,-3.523073673248291
1710535973282526422,9.077123641967773,-2.3507115840911865,-3.543431282043457
1710535973327234063,9.067543983459473,-2.365081787109375,-3.530258893966675
1710535973330821942,9.065149307250977,-2.3626868724823,-3.530258893966675
1710535973341461976,9.069938659667969,-2.3782544136047363,-3.5278637409210205
1710535973366639360,9.066346168518066,-2.3590941429138184,-3.524271249771118
1710535973433634902,9.074728965759277,-2.366279363632202,-3.514691114425659
1710535973444185030,9.068741798400879,-2.3686742782592773,-3.5254688262939453
1710535973461104269,9.066346168518066,-2.3602917194366455,-3.521876335144043
1710535973486344154,9.080716133117676,-2.392624616622925,-3.531456232070923
1710535973494770519,9.074728965759277,-2.3686742782592773,-3.5182836055755615
1710535973501151437,9.07832145690918,-2.373464345932007,-3.533851385116577
1710535973528637614,9.059161186218262,-2.3483166694641113,-3.530258893966675
1710535973543137703,9.077123641967773,-2.3423290252685547,-3.533851385116577
1710535973618498166,9.06395149230957,-2.366279363632202,-3.5254688262939453
1710535973626981767,9.062753677368164,-2.3818469047546387,-3.5194811820983887
1710535973641541313,9.073531150817871,-2.363884210586548,-3.535048723220825
1710535973654418051,9.056766510009766,-2.363884210586548,-3.5254688262939453
1710535973692950196,9.077123641967773,-2.377056837081909,-3.512296199798584
1710535973707054942,9.073531150817871,-2.356699228286743,-3.5254688262939453
1710535973725940313,9.067543983459473,-2.3614892959594727,-3.511098623275757
1710535973747000709,9.07832145690918,-2.353106737136841,-3.530258893966675
1710535973784872781,9.067543983459473,-2.3722667694091797,-3.5194811820983887
1710535973799562927,9.060359001159668,-2.3423290252685547,-3.5254688262939453
1710535973817563955,9.084308624267578,-2.355501651763916,-3.5182836055755615
1710535973845983465,9.077123641967773,-2.3710694313049316,-3.5266661643981934
1710535973867781136,9.080716133117676,-2.377056837081909,-3.541036367416382
1710535973904914607,9.065149307250977,-2.363884210586548,-3.501518487930298
1710535973932116511,9.05556869506836,-2.356699228286743,-3.512296199798584
1710535973963545811,9.06395149230957,-2.4010071754455566,-3.5266661643981934
1710535973984662589,9.062753677368164,-2.3782544136047363,-3.531456232070923
1710535974007769189,9.054370880126953,-2.3722667694091797,-3.5158886909484863
1710535974020355668,9.065149307250977,-2.3602917194366455,-3.5386414527893066
1710535974030968836,9.084308624267578,-2.3626868724823,-3.5362462997436523
1710535974043781130,9.069938659667969,-2.377056837081909,-3.514691114425659
1710535974064819917,9.06395149230957,-2.3686742782592773,-3.5386414527893066
1710535974087885712,9.068741798400879,-2.3602917194366455,-3.5194811820983887
1710535974110790181,9.074728965759277,-2.3818469047546387,-3.5278637409210205
1710535974140357092,9.065149307250977,-2.355501651763916,-3.524271249771118
1710535974165640454,9.074728965759277,-2.3722667694091797,-3.530258893966675
1710535974190797249,9.072334289550781,-2.375859260559082,-3.520678758621216
1710535974208152376,9.062753677368164,-2.3722667694091797,-3.513493537902832
1710535974232637765,9.069938659667969,-2.3602917194366455,-3.524271249771118
1710535974247566827,9.068741798400879,-2.3902294635772705,-3.543431282043457
1710535974279042188,9.061556816101074,-2.3782544136047363,-3.502716064453125
1710535974283068720,9.079519271850586,-2.356699228286743,-3.5458264350891113
1710535974298239034,9.073531150817871,-2.3710694313049316,-3.524271249771118
1710535974318921003,9.075926780700684,-2.347119092941284,-3.5290613174438477
1710535974337831207,9.079519271850586,-2.3722667694091797,-3.530258893966675
1710535974360930427,9.079519271850586,-2.3722667694091797,-3.523073673248291
1710535974381974522,9.083111763000488,-2.356699228286743,-3.5051109790802
1710535974414449873,9.083111763000488,-2.405797004699707,-3.5182836055755615
1710535974417528837,9.079519271850586,-2.347119092941284,-3.524271249771118
1710535974438638295,9.075926780700684,-2.3878345489501953,-3.512296199798584
1710535974445234042,9.059161186218262,-2.396217107772827,-3.5374438762664795
1710535974467986659,9.060359001159668,-2.3423290252685547,-3.511098623275757
1710535974512121389,9.05077838897705,-2.373464345932007,-3.5182836055755615
1710535974533134448,9.077123641967773,-2.337538957595825,-3.511098623275757
1710535974545752808,9.065149307250977,-2.3578968048095703,-3.5386414527893066
1710535974552032687,9.06395149230957,-2.3183789253234863,-3.493135929107666
1710535974566903399,9.07832145690918,-2.377056837081909,-3.5386414527893066
1710535974581391697,9.085506439208984,-2.373464345932007,-3.542233943939209
1710535974589857669,9.060359001159668,-2.3590941429138184,-3.5458264350891113
1710535974623333957,9.075926780700684,-2.3590941429138184,-3.5458264350891113
1710535974665522403,9.068741798400879,-2.3986120223999023,-3.5194811820983887
1710535974705528592,9.057964324951172,-2.3507115840911865,-3.4991235733032227
1710535974724491539,9.075926780700684,-2.347119092941284,-3.521876335144043
1710535974751691353,9.075926780700684,-2.347119092941284,-3.521876335144043
1710535974787472416,9.072334289550781,-2.3794519901275635,-3.5194811820983887
1710535974808349614,9.067543983459473,-2.373464345932007,-3.520678758621216
1710535974841957076,9.084308624267578,-2.333946466445923,-3.5194811820983887
1710535974851259928,9.066346168518066,-2.355501651763916,-3.5194811820983887
1710535974875583289,9.071136474609375,-2.366279363632202,-3.535048723220825
1710535974884177045,9.084308624267578,-2.3411316871643066,-3.5374438762664795
1710535974900947801,9.084308624267578,-2.353106737136841,-3.5290613174438477
1710535974934610459,9.092691421508789,-2.385439395904541,-3.535048723220825
1710535974964072957,9.062753677368164,-2.363884210586548,-3.501518487930298
1710535975001745822,9.087902069091797,-2.3782544136047363,-3.53265380859375
1710535975041402306,9.067543983459473,-2.373464345932007,-3.530258893966675
1710535975071219829,9.07832145690918,-2.3710694313049316,-3.53265380859375
1710535975094238027,9.074728965759277,-2.393821954727173,-3.5254688262939453
1710535975127723432,9.080716133117676,-2.336341619491577,-3.5158886909484863
1710535975178418994,9.079519271850586,-2.3483166694641113,-3.5254688262939453
1710535975207621604,9.059161186218262,-2.353106737136841,-3.5051109790802
1710535975217473685,9.061556816101074,-2.337538957595825,-3.5075061321258545
1710535975278990477,9.079519271850586,-2.344724178314209,-3.4991235733032227
1710535975293779578,9.080716133117676,-2.4093897342681885,-3.523073673248291
1710535975321199607,9.051976203918457,-2.30281138420105,-3.470383405685425
1710535975329450874,9.060359001159668,-2.306403875350952,-3.501518487930298
1710535975335995374,9.087902069091797,-2.3986120223999023,-3.5398387908935547
1710535975356872791,9.069938659667969,-2.3303539752960205,-3.502716064453125
1710535975405094531,9.090296745300293,-2.3686742782592773,-3.5254688262939453
1710535975425999398,9.085506439208984,-2.415377140045166,-3.5661840438842773
1710535975436701122,9.069938659667969,-2.336341619491577,-3.503913640975952
1710535975445127039,9.061556816101074,-2.3890318870544434,-3.5099010467529297
1710535975453484486,9.061556816101074,-2.3890318870544434,-3.5099010467529297
1710535975480674118,9.07832145690918,-2.365081787109375,-3.5278637409210205
1710535975516773547,9.069938659667969,-2.3626868724823,-3.5075061321258545
1710535975520944534,9.081913948059082,-2.39501953125,-3.523073673248291
1710535975535715561,9.077123641967773,-2.3507115840911865,-3.5362462997436523
1710535975548440465,9.06395149230957,-2.406994581222534,-3.4991235733032227
1710535975556623502,9.074728965759277,-2.3387365341186523,-3.5554065704345703
1710535975616070777,9.071136474609375,-2.3686742782592773,-3.5158886909484863
1710535975661816860,9.07832145690918,-2.3878345489501953,-3.531456232070923
1710535975670216525,9.080716133117676,-2.3614892959594727,-3.494333505630493
1710535975687045934,9.071136474609375,-2.3411316871643066,-3.5051109790802
1710535975716525146,9.090296745300293,-2.343526601791382,-3.5278637409210205
1710535975747897993,9.08670425415039,-2.36747670173645,-3.533851385116577
1710535975771055880,9.056766510009766,-2.3483166694641113,-3.4895434379577637
1710535975794082602,9.068741798400879,-2.365081787109375,-3.520678758621216
1710535975846500741,9.057964324951172,-2.383044481277466,-3.521876335144043
1710535975861306525,9.065149307250977,-2.3519091606140137,-3.511098623275757
1710535975878251125,9.085506439208984,-2.3614892959594727,-3.5182836055755615
1710535975899291296,9.067543983459473,-2.3710694313049316,-3.5398387908935547
1710535975926552788,9.067543983459473,-2.3602917194366455,-3.5099010467529297
1710535975953725208,9.067543983459473,-2.3686742782592773,-3.5158886909484863
1710535975955864035,9.081913948059082,-2.363884210586548,-3.494333505630493
1710535975962364274,9.065149307250977,-2.355501651763916,-3.521876335144043
1710535975970890473,9.080716133117676,-2.3878345489501953,-3.5182836055755615
1710535976019193656,9.074728965759277,-2.345921516418457,-3.5266661643981934
1710535976055217874,9.079519271850586,-2.3722667694091797,-3.533851385116577
1710535976076280701,9.104666709899902,-2.4285497665405273,-3.580554246902466
1710535976088755897,9.07832145690918,-2.3219714164733887,-3.512296199798584
1710535976128644145,9.071136474609375,-2.3578968048095703,-3.513493537902832
1710535976143534995,9.081913948059082,-2.306403875350952,-3.530258893966675
1710535976160281595,9.075926780700684,-2.405797004699707,-3.5051109790802
1710535976170734701,9.06395149230957,-2.356699228286743,-3.511098623275757
1710535976181179964,9.065149307250977,-2.314786434173584,-3.460803270339966
1710535976238026238,9.0914945602417,-2.39501953125,-3.5374438762664795
1710535976261189748,9.065149307250977,-2.4309449195861816,-3.481160879135132
1710535976280099243,9.07832145690918,-2.3207738399505615,-3.524271249771118
1710535976301107575,9.074728965759277,-2.356699228286743,-3.520678758621216
1710535976310050231,9.090296745300293,-2.4093897342681885,-3.543431282043457
1710535976349414620,9.077123641967773,-2.3076012134552,-3.4727783203125
1710535976366202830,9.074728965759277,-2.3507115840911865,-3.4883458614349365
1710535976397917255,9.066346168518066,-2.2716760635375977,-3.513493537902832
1710535976431531095,9.07832145690918,-2.3902294635772705,-3.5470240116119385
1710535976473625368,9.075926780700684,-2.363884210586548,-3.530258893966675
1710535976533667425,9.084308624267578,-2.354304313659668,-3.5494189262390137
1710535976549398219,9.099876403808594,-2.3195765018463135,-3.523073673248291
1710535976576759936,9.096283912658691,-2.3399341106414795,-3.520678758621216
1710535976580799485,9.07832145690918,-2.383044481277466,-3.490741014480591
1710535976620418623,9.08670425415039,-2.3183789253234863,-3.5290613174438477
1710535976628887932,9.087902069091797,-2.373464345932007,-3.5554065704345703
1710535976649867299,9.085506439208984,-2.3195765018463135,-3.511098623275757
1710535976670923574,9.062753677368164,-2.3722667694091797,-3.501518487930298
1710535976699106315,9.077123641967773,-2.393821954727173,-3.5099010467529297
1710535976717023830,9.090296745300293,-2.384242057800293,-3.5374438762664795
1710535976734888984,9.074728965759277,-2.4189696311950684,-3.502716064453125
1710535976740909028,9.062753677368164,-2.332749128341675,-3.5278637409210205
1710535976748866393,9.083111763000488,-2.287243604660034,-3.544628858566284
1710535976769851003,9.083111763000488,-2.313588857650757,-3.4967284202575684
1710535976817073703,9.067543983459473,-2.313588857650757,-3.4967284202575684
1710535976853554197,9.068741798400879,-2.3722667694091797,-3.491938591003418
1710535976864202915,9.062753677368164,-2.315983772277832,-3.5158886909484863
1710535976872877007,9.07832145690918,-2.375859260559082,-3.5374438762664795
1710535976910555660,9.079519271850586,-2.373464345932007,-3.544628858566284
1710535976952623278,9.080716133117676,-2.336341619491577,-3.535048723220825
1710535976956742218,9.079519271850586,-2.377056837081909,-3.533851385116577
1710535976992332124,9.074728965759277,-2.36747670173645,-3.5194811820983887
1710535977007323216,9.080716133117676,-2.3495142459869385,-3.543431282043457
1710535977021850194,9.079519271850586,-2.392624616622925,-3.5051109790802
1710535977038897736,9.090296745300293,-2.3782544136047363,-3.53265380859375
1710535977070404068,9.089098930358887,-2.377056837081909,-3.53265380859375
1710535977089290269,9.089098930358887,-2.345921516418457,-3.561393976211548
1710535977120756383,9.071136474609375,-2.3794519901275635,-3.533851385116577
1710535977133556203,9.114246368408203,-2.333946466445923,-3.5051109790802
1710535977139869881,9.087902069091797,-2.392624616622925,-3.5278637409210205
1710535977162872229,9.075926780700684,-2.404599666595459,-3.5170862674713135
1710535977205111632,9.073531150817871,-2.3411316871643066,-3.523073673248291
1710535977226094213,9.068741798400879,-2.385439395904541,-3.4859509468078613
1710535977247055563,9.060359001159668,-2.4177722930908203,-3.5194811820983887
1710535977266197194,9.087902069091797,-2.3914270401000977,-3.5494189262390137
1710535977314494751,9.074728965759277,-2.3722667694091797,-3.523073673248291
1710535977362680480,9.08670425415039,-2.403402090072632,-3.5374438762664795
1710535977389870967,9.081913948059082,-2.3495142459869385,-3.5051109790802
1710535977414904932,9.080716133117676,-2.375859260559082,-3.5374438762664795
1710535977433893124,9.087902069091797,-2.3423290252685547,-3.5051109790802
1710535977463457557,9.060359001159668,-2.377056837081909,-3.544628858566284
1710535977484532239,9.097481727600098,-2.355501651763916,-3.541036367416382
1710535977509685356,9.068741798400879,-2.326761484146118,-3.535048723220825
1710535977526612243,9.068741798400879,-2.3590941429138184,-3.5278637409210205
1710535977568799619,9.07832145690918,-2.3399341106414795,-3.5278637409210205
1710535977585453937,9.07832145690918,-2.3399341106414795,-3.5278637409210205
1710535977593905221,9.084308624267578,-2.373464345932007,-3.520678758621216
1710535977642282024,9.072334289550781,-2.3399341106414795,-3.530258893966675
1710535977656889535,9.079519271850586,-2.3794519901275635,-3.523073673248291
1710535977684375315,9.0914945602417,-2.377056837081909,-3.5290613174438477
1710535977707554294,9.067543983459473,-2.3710694313049316,-3.523073673248291
1710535977776759704,9.084308624267578,-2.355501651763916,-3.5374438762664795
1710535977789277893,9.065149307250977,-2.353106737136841,-3.5063085556030273
1710535977808604101,9.060359001159668,-2.377056837081909,-3.520678758621216
1710535977814433286,9.072334289550781,-2.3495142459869385,-3.53265380859375
1710535977831411390,9.081913948059082,-2.3878345489501953,-3.5254688262939453
1710535977850358595,9.08670425415039,-2.3519091606140137,-3.5170862674713135
1710535977892312690,9.061556816101074,-2.336341619491577,-3.5182836055755615
1710535977909299324,9.077123641967773,-2.336341619491577,-3.501518487930298
1710535977936601507,9.072334289550781,-2.344724178314209,-3.5158886909484863
1710535977959692742,9.079519271850586,-2.353106737136841,-3.5063085556030273
1710535978031139432,9.092691421508789,-2.356699228286743,-3.523073673248291
1710535978054084336,9.073531150817871,-2.363884210586548,-3.5099010467529297
1710535978079130780,9.073531150817871,-2.375859260559082,-3.503913640975952
1710535978081275500,9.069938659667969,-2.313588857650757,-3.5266661643981934
1710535978102546923,9.083111763000488,-2.366279363632202,-3.5290613174438477
1710535978140360425,9.07832145690918,-2.403402090072632,-3.524271249771118
1710535978161381555,9.097481727600098,-2.3782544136047363,-3.5673816204071045
1710535978217588910,9.05077838897705,-2.397414445877075,-3.5051109790802
1710535978245394282,9.095087051391602,-2.3004162311553955,-3.514691114425659
1710535978281060385,9.087902069091797,-2.4093897342681885,-3.544628858566284
1710535978308766520,9.068741798400879,-2.3578968048095703,-3.5063085556030273
1710535978346702089,9.07832145690918,-2.3710694313049316,-3.520678758621216
1710535978373850598,9.089098930358887,-2.373464345932007,-3.5374438762664795
1710535978405363665,9.079519271850586,-2.3806493282318115,-3.514691114425659
1710535978429016804,9.074728965759277,-2.356699228286743,-3.523073673248291
1710535978438706102,9.065149307250977,-2.384242057800293,-3.561393976211548
1710535978445827805,9.072334289550781,-2.3207738399505615,-3.5182836055755615
1710535978476623752,9.074728965759277,-2.333946466445923,-3.514691114425659
1710535978493406254,9.084308624267578,-2.3890318870544434,-3.523073673248291
1710535978521124535,9.062753677368164,-2.353106737136841,-3.523073673248291
1710535978529263503,9.067543983459473,-2.3495142459869385,-3.4979259967803955
1710535978546511679,9.07832145690918,-2.353106737136841,-3.493135929107666
1710535978569140826,9.060359001159668,-2.3315515518188477,-3.512296199798584
1710535978587999996,9.066346168518066,-2.363884210586548,-3.493135929107666
1710535978619312735,9.07832145690918,-2.365081787109375,-3.523073673248291
1710535978638265432,9.065149307250977,-2.3614892959594727,-3.5051109790802
1710535978676348296,9.077123641967773,-2.347119092941284,-3.541036367416382
1710535978697229604,9.084308624267578,-2.3303539752960205,-3.5290613174438477
1710535978735098614,9.059161186218262,-2.3411316871643066,-3.502716064453125
1710535978739278166,9.084308624267578,-2.366279363632202,-3.5099010467529297
1710535978781329608,9.061556816101074,-2.4177722930908203,-3.541036367416382
1710535978846449540,9.090296745300293,-2.336341619491577,-3.5374438762664795
1710535978861075356,9.081913948059082,-2.3411316871643066,-3.5290613174438477
1710535978886406450,9.072334289550781,-2.3626868724823,-3.5063085556030273
1710535978888341552,9.090296745300293,-2.3399341106414795,-3.5398387908935547
1710535978909557792,9.071136474609375,-2.3614892959594727,-3.5170862674713135
1710535978949560731,9.095087051391602,-2.345921516418457,-3.541036367416382
1710535978951612538,9.109457015991211,-2.373464345932007,-3.550616502761841
1710535978972738957,9.067543983459473,-2.344724178314209,-3.4991235733032227
1710535978991508625,9.066346168518066,-2.315983772277832,-3.4895434379577637
1710535979000043053,9.07832145690918,-2.3698718547821045,-3.53265380859375
1710535979017475165,9.066346168518066,-2.355501651763916,-3.4979259967803955
1710535979041928751,9.077123641967773,-2.3423290252685547,-3.5075061321258545
1710535979063036093,9.090296745300293,-2.355501651763916,-3.5386414527893066
1710535979092333464,9.066346168518066,-2.363884210586548,-3.50032114982605
1710535979104842464,9.071136474609375,-2.332749128341675,-3.4871485233306885
1710535979121724056,9.083111763000488,-2.3303539752960205,-3.5063085556030273
1710535979142762472,9.079519271850586,-2.3902294635772705,-3.5362462997436523
1710535979167976995,9.093889236450195,-2.373464345932007,-3.5482213497161865
1710535979182611803,9.080716133117676,-2.3878345489501953,-3.543431282043457
1710535979215797851,9.085506439208984,-2.397414445877075,-3.5075061321258545
1710535979235105925,9.075926780700684,-2.323168992996216,-3.535048723220825
1710535979241577190,9.069938659667969,-2.353106737136841,-3.514691114425659
1710535979300346134,9.074728965759277,-2.355501651763916,-3.5194811820983887
1710535979308697319,9.074728965759277,-2.355501651763916,-3.5194811820983887
1710535979327804513,9.084308624267578,-2.344724178314209,-3.5290613174438477
1710535979374170617,9.056766510009766,-2.355501651763916,-3.503913640975952
1710535979388831048,9.084308624267578,-2.3698718547821045,-3.4787659645080566
1710535979445535062,9.061556816101074,-2.3483166694641113,-3.533851385116577
1710535979449832648,9.067543983459473,-2.3698718547821045,-3.5063085556030273
1710535979477057494,9.077123641967773,-2.383044481277466,-3.521876335144043
1710535979496017879,9.08670425415039,-2.3602917194366455,-3.5362462997436523
1710535979510695775,9.083111763000488,-2.3806493282318115,-3.5266661643981934
1710535979531752691,9.06395149230957,-2.3902294635772705,-3.5494189262390137
1710535979552822878,9.06395149230957,-2.3483166694641113,-3.50032114982605
1710535979567717605,9.087902069091797,-2.345921516418457,-3.5566039085388184
1710535979573891608,9.073531150817871,-2.4417223930358887,-3.524271249771118
1710535979602946947,9.07832145690918,-2.315983772277832,-3.5194811820983887
1710535979632286140,9.062753677368164,-2.314786434173584,-3.543431282043457
1710535979649282337,9.087902069091797,-2.355501651763916,-3.5578014850616455
1710535979685048282,9.077123641967773,-2.436932325363159,-3.514691114425659
1710535979687114444,9.093889236450195,-2.333946466445923,-3.5278637409210205
1710535979710284711,9.090296745300293,-2.332749128341675,-3.524271249771118
1710535979737464571,9.061556816101074,-2.3483166694641113,-3.4967284202575684
1710535979745837144,9.054370880126953,-2.384242057800293,-3.484753370285034
1710535979785662389,9.084308624267578,-2.355501651763916,-3.494333505630493
1710535979817151104,9.07832145690918,-2.4417223930358887,-3.521876335144043
1710535979848863196,9.079519271850586,-2.3914270401000977,-3.511098623275757
1710535979876136183,9.074728965759277,-2.345921516418457,-3.5554065704345703
1710535979903468554,9.08670425415039,-2.406994581222534,-3.5182836055755615
1710535979909663985,9.0914945602417,-2.343526601791382,-3.4991235733032227
1710535979928624709,9.065149307250977,-2.3004162311553955,-3.531456232070923
1710535979936891131,9.060359001159668,-2.343526601791382,-3.533851385116577
1710535979943706242,9.077123641967773,-2.3710694313049316,-3.530258893966675
1710535979983464003,9.083111763000488,-2.393821954727173,-3.5278637409210205
1710535979998124944,9.073531150817871,-2.3578968048095703,-3.514691114425659
1710535980035764410,9.077123641967773,-2.383044481277466,-3.5051109790802
1710535980061394807,9.083111763000488,-2.354304313659668,-3.5278637409210205
1710535980093487570,9.084308624267578,-2.3315515518188477,-3.521876335144043
1710535980097143219,9.089098930358887,-2.396217107772827,-3.524271249771118
1710535980116238098,9.069938659667969,-2.306403875350952,-3.5290613174438477
1710535980164474492,9.095087051391602,-2.2716760635375977,-3.5386414527893066
1710535980181335916,9.073531150817871,-2.287243604660034,-3.5290613174438477
1710535980216775385,9.08670425415039,-2.326761484146118,-3.5087037086486816
1710535980223162452,9.054370880126953,-2.3602917194366455,-3.5278637409210205
1710535980235725182,9.074728965759277,-2.354304313659668,-3.514691114425659
1710535980244219251,9.079519271850586,-2.355501651763916,-3.5362462997436523
1710535980283308818,9.075926780700684,-2.4093897342681885,-3.530258893966675
1710535980315779198,9.080716133117676,-2.3423290252685547,-3.5290613174438477
1710535980341757041,9.080716133117676,-2.3626868724823,-3.5182836055755615
1710535980385424736,9.069938659667969,-2.3183789253234863,-3.494333505630493
1710535980406350431,9.07832145690918,-2.3710694313049316,-3.542233943939209
1710535980435646237,9.08670425415039,-2.3878345489501953,-3.53265380859375
1710535980465090970,9.081913948059082,-2.375859260559082,-3.5386414527893066
1710535980469527487,9.061556816101074,-2.356699228286743,-3.5075061321258545
1710535980505075013,9.066346168518066,-2.377056837081909,-3.531456232070923
1710535980528626819,9.069938659667969,-2.354304313659668,-3.5470240116119385
1710535980539912990,9.0914945602417,-2.386636972427368,-3.524271249771118
1710535980557949868,9.072334289550781,-2.3710694313049316,-3.5374438762664795
1710535980570696584,9.087902069091797,-2.3483166694641113,-3.5458264350891113
1710535980608520788,9.066346168518066,-2.3519091606140137,-3.4883458614349365
1710535980612375526,9.081913948059082,-2.3578968048095703,-3.5398387908935547
1710535980637653840,9.083111763000488,-2.3914270401000977,-3.530258893966675
1710535980644076700,9.079519271850586,-2.414179801940918,-3.543431282043457
1710535980667148788,9.071136474609375,-2.3806493282318115,-3.5182836055755615
1710535980685940349,9.068741798400879,-2.3710694313049316,-3.5051109790802
1710535980707042707,9.084308624267578,-2.337538957595825,-3.5266661643981934
1710535980719673516,9.068741798400879,-2.356699228286743,-3.5290613174438477
1710535980730570876,9.071136474609375,-2.3998095989227295,-3.5398387908935547
1710535980747050988,9.071136474609375,-2.3998095989227295,-3.5398387908935547
1710535980774315808,9.077123641967773,-2.393821954727173,-3.5278637409210205
1710535980814058901,9.068741798400879,-2.374661922454834,-3.5290613174438477
1710535980839519685,9.069938659667969,-2.3890318870544434,-3.5362462997436523
1710535980856483412,9.074728965759277,-2.3794519901275635,-3.524271249771118
1710535980887886668,9.079519271850586,-2.3519091606140137,-3.5254688262939453
1710535980902708627,9.087902069091797,-2.3519091606140137,-3.5182836055755615
1710535980948710641,9.071136474609375,-2.3602917194366455,-3.5398387908935547
1710535980955293538,9.084308624267578,-2.3291563987731934,-3.530258893966675
1710535980997072855,9.083111763000488,-2.337538957595825,-3.5254688262939453
1710535981005427726,9.072334289550781,-2.345921516418457,-3.5254688262939453
1710535981015744374,9.072334289550781,-2.3722667694091797,-3.4979259967803955
1710535981036875684,9.068741798400879,-2.3890318870544434,-3.524271249771118
1710535981053891795,9.060359001159668,-2.392624616622925,-3.5266661643981934
1710535981083258066,9.075926780700684,-2.3722667694091797,-3.531456232070923
1710535981099942763,9.073531150817871,-2.39501953125,-3.530258893966675
1710535981131576838,9.060359001159668,-2.366279363632202,-3.5158886909484863
1710535981154672827,9.077123641967773,-2.3590941429138184,-3.521876335144043
1710535981175610878,9.083111763000488,-2.377056837081909,-3.5482213497161865
1710535981186266439,9.080716133117676,-2.3686742782592773,-3.542233943939209
1710535981198960822,9.084308624267578,-2.3698718547821045,-3.543431282043457
1710535981226225615,9.071136474609375,-2.3614892959594727,-3.531456232070923
1710535981230420393,9.077123641967773,-2.3411316871643066,-3.541036367416382
1710535981247112428,9.07832145690918,-2.365081787109375,-3.535048723220825
1710535981255699124,9.075926780700684,-2.3998095989227295,-3.542233943939209
1710535981278738046,9.065149307250977,-2.305206298828125,-3.5278637409210205
1710535981312436807,9.077123641967773,-2.393821954727173,-3.530258893966675
1710535981339658492,9.06395149230957,-2.366279363632202,-3.521876335144043
1710535981358584946,9.068741798400879,-2.305206298828125,-3.490741014480591
1710535981365410710,9.109457015991211,-2.3507115840911865,-3.5661840438842773
1710535981410880849,9.071136474609375,-2.3602917194366455,-3.523073673248291
1710535981412798960,9.071136474609375,-2.3602917194366455,-3.523073673248291
1710535981467516656,9.069938659667969,-2.353106737136841,-3.524271249771118
1710535981471928708,9.075926780700684,-2.36747670173645,-3.5362462997436523
1710535981488767408,9.066346168518066,-2.3519091606140137,-3.5290613174438477
1710535981522354841,9.074728965759277,-2.3710694313049316,-3.544628858566284
1710535981541174453,9.071136474609375,-2.365081787109375,-3.5278637409210205
1710535981564269573,9.092691421508789,-2.354304313659668,-3.5398387908935547
1710535981581146873,9.075926780700684,-2.363884210586548,-3.531456232070923
1710535981587354099,9.072334289550781,-2.374661922454834,-3.521876335144043
1710535981606290035,9.061556816101074,-2.3818469047546387,-3.470383405685425
1710535981621029365,9.071136474609375,-2.3986120223999023,-3.530258893966675
1710535981654986068,9.077123641967773,-2.3782544136047363,-3.5374438762664795
1710535981669574381,9.099876403808594,-2.392624616622925,-3.5374438762664795
1710535981688425159,9.067543983459473,-2.3782544136047363,-3.530258893966675
1710535981703465541,9.066346168518066,-2.386636972427368,-3.5182836055755615
1710535981732709034,9.071136474609375,-2.3806493282318115,-3.5374438762664795
1710535981741091433,9.077123641967773,-2.356699228286743,-3.541036367416382
1710535981757887409,9.077123641967773,-2.344724178314209,-3.524271249771118
1710535981791793061,9.060359001159668,-2.3483166694641113,-3.511098623275757
1710535981818988865,9.067543983459473,-2.4022045135498047,-3.514691114425659
1710535981827414949,9.087902069091797,-2.356699228286743,-3.553011417388916
1710535981848473625,9.066346168518066,-2.4022045135498047,-3.5087037086486816
1710535981871955710,9.056766510009766,-2.3423290252685547,-3.482358455657959
1710535981901056846,9.08670425415039,-2.3626868724823,-3.5697765350341797
1710535981919825203,9.069938659667969,-2.3794519901275635,-3.5290613174438477
1710535981942788590,9.07832145690918,-2.3602917194366455,-3.531456232070923
1710535982043845627,9.065149307250977,-2.343526601791382,-3.5290613174438477
1710535982052187128,9.071136474609375,-2.3626868724823,-3.562591552734375
1710535982058577070,9.0914945602417,-2.3602917194366455,-3.524271249771118
1710535982081631143,9.054370880126953,-2.3698718547821045,-3.502716064453125
1710535982123583147,9.073531150817871,-2.3878345489501953,-3.511098623275757
1710535982134506674,9.072334289550781,-2.345921516418457,-3.5254688262939453
1710535982165968652,9.066346168518066,-2.3399341106414795,-3.5266661643981934
1710535982190934959,9.077123641967773,-2.326761484146118,-3.5374438762664795
1710535982201530459,9.090296745300293,-2.3806493282318115,-3.523073673248291
1710535982216538695,9.073531150817871,-2.3890318870544434,-3.5170862674713135
1710535982231035223,9.081913948059082,-2.353106737136841,-3.523073673248291
1710535982268861162,9.072334289550781,-2.3686742782592773,-3.5398387908935547
1710535982285676786,9.069938659667969,-2.385439395904541,-3.512296199798584
1710535982315273541,9.083111763000488,-2.332749128341675,-3.5554065704345703
1710535982327677786,9.059161186218262,-2.374661922454834,-3.5075061321258545
1710535982350774685,9.075926780700684,-2.3794519901275635,-3.542233943939209
1710535982359096070,9.08670425415039,-2.39501953125,-3.563789129257202
1710535982461819315,9.073531150817871,-2.3686742782592773,-3.5362462997436523
1710535982478898584,9.062753677368164,-2.363884210586548,-3.494333505630493
1710535982487144148,9.075926780700684,-2.3722667694091797,-3.524271249771118
1710535982539621454,9.062753677368164,-2.3590941429138184,-3.513493537902832
1710535982560663751,9.056766510009766,-2.355501651763916,-3.520678758621216
1710535982591881063,9.074728965759277,-2.365081787109375,-3.514691114425659
1710535982594044499,9.098679542541504,-2.3399341106414795,-3.514691114425659
1710535982638249248,9.073531150817871,-2.374661922454834,-3.5458264350891113
1710535982661284864,9.061556816101074,-2.353106737136841,-3.503913640975952
1710535982682366466,9.068741798400879,-2.3626868724823,-3.5182836055755615
1710535982735074312,9.085506439208984,-2.365081787109375,-3.5386414527893066
1710535982749475232,9.071136474609375,-2.375859260559082,-3.5099010467529297
1710535982770639279,9.072334289550781,-2.3590941429138184,-3.520678758621216
1710535982787449126,9.067543983459473,-2.377056837081909,-3.5374438762664795
1710535982814593859,9.092691421508789,-2.3519091606140137,-3.542233943939209
1710535982823331381,9.081913948059082,-2.347119092941284,-3.520678758621216
1710535982840094116,9.081913948059082,-2.3507115840911865,-3.542233943939209
1710535982857077779,9.06395149230957,-2.363884210586548,-3.513493537902832
1710535982907302983,9.073531150817871,-2.383044481277466,-3.5290613174438477
1710535982934697111,9.072334289550781,-2.356699228286743,-3.541036367416382
1710535982974785138,9.07832145690918,-2.332749128341675,-3.5194811820983887
1710535983014732956,9.066346168518066,-2.313588857650757,-3.471580743789673
1710535983056761769,9.081913948059082,-2.343526601791382,-3.533851385116577
1710535983143016235,9.066346168518066,-2.315983772277832,-3.5278637409210205
1710535983220813366,9.084308624267578,-2.3483166694641113,-3.520678758621216
1710535983241982113,9.075926780700684,-2.3986120223999023,-3.5386414527893066
1710535983263145849,9.073531150817871,-2.3626868724823,-3.5158886909484863
1710535983294778965,9.067543983459473,-2.345921516418457,-3.530258893966675
1710535983302644117,9.0914945602417,-2.397414445877075,-3.5458264350891113
1710535983315318189,9.053174018859863,-2.377056837081909,-3.4727783203125
1710535983338484148,9.085506439208984,-2.33514404296875,-3.523073673248291
1710535983351086758,9.061556816101074,-2.3087987899780273,-3.494333505630493
1710535983382513403,9.068741798400879,-2.4177722930908203,-3.531456232070923
1710535983414855819,9.081913948059082,-2.4022045135498047,-3.5482213497161865
1710535983434772800,9.065149307250977,-2.4285497665405273,-3.501518487930298
1710535983458157313,9.0914945602417,-2.323168992996216,-3.535048723220825
1710535983489579217,9.060359001159668,-2.3818469047546387,-3.4859509468078613
1710535983549058795,9.077123641967773,-2.3315515518188477,-3.563789129257202
1710535983556898029,9.062753677368164,-2.354304313659668,-3.5063085556030273
1710535983582168090,9.085506439208984,-2.4321422576904297,-3.5865416526794434
1710535983596837617,9.079519271850586,-2.353106737136841,-3.530258893966675
1710535983615862860,9.067543983459473,-2.354304313659668,-3.5290613174438477
1710535983645094104,9.072334289550781,-2.39501953125,-3.53265380859375
1710535983657755782,9.072334289550781,-2.4213647842407227,-3.5482213497161865
1710535983705996935,9.0914945602417,-2.4010071754455566,-3.5661840438842773
1710535983724826234,9.07832145690918,-2.355501651763916,-3.524271249771118
1710535983728954448,9.087902069091797,-2.345921516418457,-3.501518487930298
1710535983754177246,9.071136474609375,-2.332749128341675,-3.512296199798584
1710535983764861996,9.075926780700684,-2.374661922454834,-3.5170862674713135
1710535983781731662,9.065149307250977,-2.333946466445923,-3.493135929107666
1710535983794270191,9.073531150817871,-2.3099963665008545,-3.470383405685425
1710535983802585967,9.065149307250977,-2.2992186546325684,-3.523073673248291
1710535983819369538,9.079519271850586,-2.423759698867798,-3.4763708114624023
1710535983853081438,9.051976203918457,-2.4321422576904297,-3.523073673248291
1710535983884496468,9.057964324951172,-2.2908360958099365,-3.463198184967041
1710535983918008393,9.075926780700684,-2.323168992996216,-3.5254688262939453
1710535983951809537,9.077123641967773,-2.4189696311950684,-3.562591552734375
1710535983953724816,9.087902069091797,-2.4309449195861816,-3.5266661643981934
1710535983993658466,9.071136474609375,-2.434537410736084,-3.5182836055755615
1710535984022994725,9.083111763000488,-2.442919969558716,-3.603306770324707
1710535984031659544,9.080716133117676,-2.384242057800293,-3.520678758621216
1710535984039796447,9.068741798400879,-2.1878502368927,-3.5290613174438477
1710535984054484690,9.067543983459473,-2.343526601791382,-3.4727783203125
1710535984086598788,9.113049507141113,-2.4177722930908203,-3.5601966381073
1710535984107417361,9.10107421875,-2.374661922454834,-3.5781590938568115
1710535984128590381,9.114246368408203,-2.445314884185791,-3.672762393951416
1710535984166244002,9.096283912658691,-2.3902294635772705,-3.234473943710327
1710535984204099060,8.992100715637207,-2.4189696311950684,-3.215313673019409
1710535984222733200,9.090296745300293,-2.3794519901275635,-3.5458264350891113
1710535984250129034,9.089098930358887,-2.1686902046203613,-3.4500255584716797
1710535984262626621,9.148974418640137,-2.086061954498291,-3.6248619556427
1710535984292021445,9.054370880126953,-2.6021888256073,-3.4404456615448
1710535984306895762,9.060359001159668,-2.397414445877075,-3.5254688262939453
1710535984317488269,9.074728965759277,-2.2608983516693115,-3.493135929107666
1710535984355280959,9.074728965759277,-2.493215322494507,-3.511098623275757
1710535984384750677,9.066346168518066,-2.554288387298584,-3.654799699783325
1710535984426720232,9.080716133117676,-2.137554883956909,-3.4667906761169434
1710535984437216630,9.120234489440918,-2.163900136947632,-3.5482213497161865
1710535984462609253,9.048383712768555,-2.163900136947632,-3.4392480850219727
1710535984470936324,9.134604454040527,-2.397414445877075,-3.7889208793640137
1710535984493958173,9.117839813232422,-2.475252628326416,-3.594924211502075
1710535984500459859,9.097481727600098,-2.3710694313049316,-3.5398387908935547
1710535984525553053,9.090296745300293,-2.246528387069702,-3.5961217880249023
1710535984535974936,9.072334289550781,-2.2812561988830566,-3.5494189262390137
1710535984542346326,9.059161186218262,-2.405797004699707,-3.530258893966675
1710535984555281506,9.090296745300293,-2.1710851192474365,-3.572171688079834
1710535984630790759,9.097481727600098,-2.446512460708618,-3.602109432220459
1710535984695700965,9.059161186218262,-2.355501651763916,-3.503913640975952
1710535984720918470,9.103468894958496,-2.323168992996216,-3.5482213497161865
1710535984803004658,9.116641998291016,-2.2309606075286865,-3.6368372440338135
1710535984823672726,9.096283912658691,-2.304008722305298,-3.611689567565918
1710535984832503940,9.099876403808594,-2.2393431663513184,-3.5985169410705566
1710535984861912987,9.000483512878418,-2.554288387298584,-3.38057017326355
1710535984916949282,9.024433135986328,-2.3710694313049316,-3.3470396995544434
1710535984931272274,9.074728965759277,-2.284848690032959,-3.5087037086486816
1710535984952429543,9.071136474609375,-2.2692809104919434,-3.432063102722168
1710535984973386877,9.092691421508789,-2.373464345932007,-3.5985169410705566
1710535984981926152,9.092691421508789,-2.373464345932007,-3.5985169410705566
1710535984994683714,9.069938659667969,-2.3183789253234863,-3.535048723220825
1710535985023985338,9.08670425415039,-2.355501651763916,-3.5290613174438477
1710535985036434058,9.045989036560059,-2.3507115840911865,-3.460803270339966
1710535985055713555,9.092691421508789,-2.3519091606140137,-3.494333505630493
1710535985074681893,9.092691421508789,-2.3519091606140137,-3.494333505630493
1710535985116810390,9.105864524841309,-2.30281138420105,-3.580554246902466
1710535985121048997,9.044791221618652,-2.2297632694244385,-3.491938591003418
1710535985123124266,9.054370880126953,-2.2920336723327637,-3.491938591003418
1710535985129316696,9.047185897827148,-2.3303539752960205,-3.4895434379577637
1710535985155042382,9.067543983459473,-2.2788610458374023,-3.551814079284668
1710535985184022644,9.084308624267578,-2.4477100372314453,-3.542233943939209
1710535985217523391,9.121432304382324,-2.304008722305298,-3.6583924293518066
1710535985240860305,9.125024795532227,-2.0357666015625,-3.720662832260132
1710535985265996849,9.040000915527344,-2.5375232696533203,-3.451223134994507
1710535985287108602,9.075926780700684,-2.332749128341675,-3.531456232070923
1710535985350333099,9.093889236450195,-2.2608983516693115,-3.591331720352173
1710535985369116163,9.067543983459473,-2.45489501953125,-3.502716064453125
1710535985402594473,9.089098930358887,-2.343526601791382,-3.543431282043457
1710535985446590708,9.051976203918457,-2.4800426959991455,-3.454815626144409
1710535985478460077,9.067543983459473,-2.375859260559082,-3.520678758621216
1710535985505717199,9.08670425415039,-2.2501208782196045,-3.520678758621216
1710535985524621917,9.071136474609375,-2.326761484146118,-3.4955310821533203
1710535985545593411,9.109457015991211,-2.315983772277832,-3.5661840438842773
1710535985573113602,9.077123641967773,-2.3423290252685547,-3.5278637409210205
1710535985625691706,9.066346168518066,-2.2597010135650635,-3.5087037086486816
1710535985650887706,9.095087051391602,-2.3123912811279297,-3.592529296875
1710535985686629382,9.057964324951172,-2.4608826637268066,-3.491938591003418
1710535985711918450,9.084308624267578,-2.2920336723327637,-3.5673816204071045
1710535985739301340,9.065149307250977,-2.384242057800293,-3.4991235733032227
1710535985760386236,9.093889236450195,-2.392624616622925,-3.592529296875
1710535985783332903,9.048383712768555,-2.36747670173645,-3.4883458614349365
1710535985806590352,9.074728965759277,-2.2788610458374023,-3.593726873397827
1710535985860774436,9.075926780700684,-2.3519091606140137,-3.5889368057250977
1710535985867143623,9.083111763000488,-2.3878345489501953,-3.5985169410705566
1710535985888329435,9.085506439208984,-2.306403875350952,-3.563789129257202
1710535985903080098,9.048383712768555,-2.313588857650757,-3.4727783203125
1710535985932741104,9.060359001159668,-2.366279363632202,-3.553011417388916
1710535985951424630,9.061556816101074,-2.353106737136841,-3.5601966381073
1710535985970303962,9.062753677368164,-2.293231248855591,-3.4991235733032227
1710535985995364593,9.030421257019043,-2.21539306640625,-3.502716064453125
1710535986017089079,9.0914945602417,-2.356699228286743,-3.551814079284668
1710535986039575107,9.05556869506836,-2.3495142459869385,-3.551814079284668
1710535986079679821,9.092691421508789,-2.2896387577056885,-3.553011417388916
1710535986106950156,9.067543983459473,-2.2608983516693115,-3.4871485233306885
1710535986130289856,9.069938659667969,-2.33514404296875,-3.5099010467529297
1710535986138826679,9.069938659667969,-2.373464345932007,-3.5386414527893066
1710535986170231436,9.10107421875,-2.332749128341675,-3.5757641792297363
1710535986199613252,9.098679542541504,-2.294428825378418,-3.603306770324707
1710535986226763404,9.081913948059082,-2.3195765018463135,-3.5673816204071045
1710535986237657738,9.074728965759277,-2.4800426959991455,-3.5266661643981934
1710535986256345574,9.051976203918457,-2.1710851192474365,-3.494333505630493
1710535986260646473,9.089098930358887,-2.1878502368927,-3.5386414527893066
1710535986338326883,9.095087051391602,-2.3602917194366455,-3.602109432220459
1710535986380797656,9.092691421508789,-2.45489501953125,-3.542233943939209
1710535986384745907,9.059161186218262,-2.2513184547424316,-3.6188745498657227
1710535986399364033,9.044791221618652,-2.306403875350952,-3.5601966381073
1710535986437245717,9.056766510009766,-2.3507115840911865,-3.53265380859375
1710535986462394167,9.057964324951172,-2.344724178314209,-3.475173234939575
1710535986474926020,9.087902069091797,-2.313588857650757,-3.5973193645477295
1710535986500475034,9.080716133117676,-2.375859260559082,-3.531456232070923
1710535986525586440,9.06395149230957,-2.3087987899780273,-3.4859509468078613
1710535986552917312,9.073531150817871,-2.295626163482666,-3.553011417388916
1710535986565564798,9.079519271850586,-2.3303539752960205,-3.5266661643981934
1710535986630752446,9.085506439208984,-2.363884210586548,-3.5374438762664795
1710535986649628030,9.083111763000488,-2.4513025283813477,-3.533851385116577
1710535986670737607,9.084308624267578,-2.397414445877075,-3.5578014850616455
1710535986689706722,9.053174018859863,-2.326761484146118,-3.5194811820983887
1710535986700418633,9.062753677368164,-2.3986120223999023,-3.4967284202575684
1710535986727639057,9.057964324951172,-2.2752685546875,-3.491938591003418
1710535986744435901,9.104666709899902,-2.4201672077178955,-3.5554065704345703
1710535986754994445,9.077123641967773,-2.472857713699341,-3.563789129257202
1710535986769626190,9.056766510009766,-2.42256236076355,-3.551814079284668
1710535986784408381,9.081913948059082,-2.264491081237793,-3.5685791969299316
1710535986792789238,9.065149307250977,-2.4022045135498047,-3.5661840438842773
1710535986857847975,9.03161907196045,-2.3399341106414795,-3.4883458614349365
1710535986916749999,9.092691421508789,-2.3291563987731934,-3.590134382247925
1710535986954664580,9.057964324951172,-2.343526601791382,-3.574566602706909
1710535987002949495,9.084308624267578,-2.3806493282318115,-3.634442090988159
1710535987024074747,9.105864524841309,-2.3998095989227295,-3.5961217880249023
1710535987043106171,9.068741798400879,-2.323168992996216,-3.4392480850219727
1710535987066130622,9.059161186218262,-2.2800586223602295,-3.5578014850616455
1710535987091345253,9.099876403808594,-2.3722667694091797,-3.5589990615844727
1710535987101947356,9.069938659667969,-2.3519091606140137,-3.5278637409210205
1710535987122772989,9.051976203918457,-2.3794519901275635,-3.4979259967803955
1710535987137656268,9.089098930358887,-2.4105870723724365,-3.6188745498657227
1710535987158790294,9.072334289550781,-2.3818469047546387,-3.563789129257202
1710535987192468581,9.073531150817871,-2.386636972427368,-3.542233943939209
1710535987251370332,9.056766510009766,-2.337538957595825,-3.53265380859375
1710535987272464469,9.073531150817871,-2.3495142459869385,-3.584146738052368
1710535987284986031,9.074728965759277,-2.3878345489501953,-3.5278637409210205
1710535987331454513,9.069938659667969,-2.3087987899780273,-3.512296199798584
1710535987341856640,9.077123641967773,-2.3195765018463135,-3.50032114982605
1710535987365011406,9.077123641967773,-2.3195765018463135,-3.50032114982605
1710535987390249778,9.073531150817871,-2.424957275390625,-3.5374438762664795
1710535987432167798,9.081913948059082,-2.3782544136047363,-3.5470240116119385
1710535987436381417,9.067543983459473,-2.2525157928466797,-3.5482213497161865
1710535987463779923,9.037606239318848,-2.283651113510132,-3.491938591003418
1710535987480710988,9.077123641967773,-2.244133234024048,-3.5254688262939453
1710535987527017998,9.071136474609375,-2.4489073753356934,-3.484753370285034
1710535987554496100,9.047185897827148,-2.3219714164733887,-3.471580743789673
1710535987585722445,9.054370880126953,-2.484832763671875,-3.5182836055755615
1710535987615338096,9.072334289550781,-2.4584875106811523,-3.5278637409210205
1710535987646889889,9.074728965759277,-2.3614892959594727,-3.5278637409210205
1710535987684688359,9.074728965759277,-2.286046028137207,-3.524271249771118
1710535987697299423,9.077123641967773,-2.453697443008423,-3.554208993911743
1710535987739343897,9.071136474609375,-2.3590941429138184,-3.484753370285034
1710535987802570322,9.061556816101074,-2.384242057800293,-3.513493537902832
1710535987808886851,9.089098930358887,-2.3279590606689453,-3.5554065704345703
1710535987827581533,9.087902069091797,-2.385439395904541,-3.513493537902832
1710535987844712415,9.090296745300293,-2.3686742782592773,-3.581751823425293
1710535987848897107,9.060359001159668,-2.33514404296875,-3.5182836055755615
1710535987855153027,9.077123641967773,-2.3483166694641113,-3.570974111557007
1710535987876036059,9.065149307250977,-2.323168992996216,-3.50032114982605
1710535987924377863,9.090296745300293,-2.39501953125,-3.604504346847534
1710535987951836682,9.090296745300293,-2.39501953125,-3.604504346847534
1710535987957968979,9.087902069091797,-2.374661922454834,-3.573369026184082
1710535987960016087,9.067543983459473,-2.374661922454834,-3.493135929107666
1710535987981300577,9.08670425415039,-2.325563907623291,-3.5458264350891113
1710535988002009715,9.074728965759277,-2.396217107772827,-3.5266661643981934
1710535988027144042,9.065149307250977,-2.354304313659668,-3.5589990615844727
1710535988082181739,9.05556869506836,-2.344724178314209,-3.5194811820983887
1710535988090243848,9.080716133117676,-2.313588857650757,-3.5182836055755615
1710535988117562194,9.060359001159668,-2.3998095989227295,-3.5374438762664795
1710535988153097602,9.05556869506836,-2.3578968048095703,-3.53265380859375
1710535988170396908,9.060359001159668,-2.384242057800293,-3.5470240116119385
1710535988195322549,9.059161186218262,-2.3183789253234863,-3.535048723220825
1710535988220683239,9.067543983459473,-2.355501651763916,-3.520678758621216
1710535988228868007,9.07832145690918,-2.3387365341186523,-3.553011417388916
1710535988275383724,9.061556816101074,-2.36747670173645,-3.521876335144043
1710535988281513350,9.065149307250977,-2.344724178314209,-3.4967284202575684
1710535988304608825,9.053174018859863,-2.313588857650757,-3.5278637409210205
1710535988327673147,9.05556869506836,-2.344724178314209,-3.531456232070923
1710535988371718310,9.060359001159668,-2.414179801940918,-3.5673816204071045
1710535988373986334,9.081913948059082,-2.315983772277832,-3.5374438762664795
1710535988399108056,9.059161186218262,-2.375859260559082,-3.5278637409210205
1710535988424317568,9.085506439208984,-2.315983772277832,-3.554208993911743
1710535988453741413,9.093889236450195,-2.2884411811828613,-3.641627311706543
1710535988485450204,9.05077838897705,-2.4788451194763184,-3.4787659645080566
1710535988500197439,9.066346168518066,-2.365081787109375,-3.5158886909484863
1710535988523084470,9.067543983459473,-2.3483166694641113,-3.5362462997436523
1710535988546859428,9.061556816101074,-2.377056837081909,-3.5374438762664795
1710535988569544876,9.066346168518066,-2.347119092941284,-3.521876335144043
1710535988575847956,9.090296745300293,-2.3519091606140137,-3.5566039085388184
1710535988577773096,9.062753677368164,-2.396217107772827,-3.5158886909484863
1710535988582143449,9.07832145690918,-2.405797004699707,-3.5362462997436523
1710535988605367949,9.065149307250977,-2.344724178314209,-3.5063085556030273
1710535988624253038,9.056766510009766,-2.373464345932007,-3.4955310821533203
1710535988660075943,9.053174018859863,-2.3423290252685547,-3.520678758621216
1710535988668545912,9.06395149230957,-2.323168992996216,-3.5158886909484863
1710535988714810970,9.099876403808594,-2.3111939430236816,-3.563789129257202
1710535988722825226,9.083111763000488,-2.3387365341186523,-3.535048723220825
1710535988737608331,9.061556816101074,-2.3099963665008545,-3.4955310821533203
1710535988756555383,9.073531150817871,-2.3507115840911865,-3.5601966381073
1710535988787979679,9.057964324951172,-2.3782544136047363,-3.554208993911743
1710535988816106790,9.066346168518066,-2.3782544136047363,-3.521876335144043
1710535988821272399,9.069938659667969,-2.416574716567993,-3.512296199798584
1710535988836216134,9.06395149230957,-2.3578968048095703,-3.523073673248291
1710535988861456430,9.056766510009766,-2.333946466445923,-3.4775683879852295
1710535988882689053,9.074728965759277,-2.3507115840911865,-3.5578014850616455
1710535988895313213,9.083111763000488,-2.392624616622925,-3.535048723220825
1710535988926774998,9.073531150817871,-2.4105870723724365,-3.53265380859375
1710535988943557313,9.065149307250977,-2.353106737136841,-3.530258893966675
1710535988966760142,9.077123641967773,-2.336341619491577,-3.535048723220825
1710535988985870459,9.077123641967773,-2.30281138420105,-3.561393976211548
1710535989019422929,9.069938659667969,-2.2920336723327637,-3.5290613174438477
1710535989032027709,9.062753677368164,-2.293231248855591,-3.511098623275757
1710535989048664914,9.062753677368164,-2.293231248855591,-3.511098623275757
1710535989076049280,9.062753677368164,-2.4022045135498047,-3.5158886909484863
1710535989090738824,9.081913948059082,-2.3998095989227295,-3.5566039085388184
1710535989105699492,9.061556816101074,-2.304008722305298,-3.4895434379577637
1710535989126830493,9.048383712768555,-2.4513025283813477,-3.493135929107666
1710535989158187759,9.071136474609375,-2.423759698867798,-3.5099010467529297
1710535989166705669,9.090296745300293,-2.3507115840911865,-3.5757641792297363
1710535989183453885,9.071136474609375,-2.383044481277466,-3.513493537902832
1710535989214479257,9.065149307250977,-2.3782544136047363,-3.5458264350891113
1710535989267490196,9.065149307250977,-2.3495142459869385,-3.531456232070923
1710535989353928422,9.06395149230957,-2.3495142459869385,-3.5362462997436523
1710535989368965791,9.087902069091797,-2.326761484146118,-3.542233943939209
1710535989379073407,9.072334289550781,-2.3519091606140137,-3.5398387908935547
1710535989395945896,9.0914945602417,-2.3986120223999023,-3.535048723220825
1710535989400234009,9.060359001159668,-2.305206298828125,-3.523073673248291
1710535989416862302,9.073531150817871,-2.3722667694091797,-3.5194811820983887
1710535989444386363,9.065149307250977,-2.344724178314209,-3.4967284202575684
1710535989465142859,9.089098930358887,-2.353106737136841,-3.5697765350341797
1710535989538922849,9.057964324951172,-2.396217107772827,-3.5170862674713135
1710535989644066924,9.072334289550781,-2.317181348800659,-3.501518487930298
1710535989709261125,9.084308624267578,-2.412982225418091,-3.5494189262390137
1710535989721940353,9.080716133117676,-2.415377140045166,-3.5554065704345703
1710535989744992284,9.07832145690918,-2.314786434173584,-3.5266661643981934
1710535989770393843,9.097481727600098,-2.406994581222534,-3.543431282043457
1710535989778795297,9.080716133117676,-2.337538957595825,-3.533851385116577
1710535989879739348,9.065149307250977,-2.386636972427368,-3.530258893966675
1710535989900818971,9.080716133117676,-2.393821954727173,-3.5075061321258545
1710535989926128221,9.068741798400879,-2.3004162311553955,-3.551814079284668
1710535989930319429,9.083111763000488,-2.39501953125,-3.53265380859375
1710535989959753416,9.071136474609375,-2.353106737136841,-3.513493537902832
1710535989972564647,9.059161186218262,-2.344724178314209,-3.5158886909484863
1710535990006150651,9.060359001159668,-2.313588857650757,-3.523073673248291
1710535990044138127,9.085506439208984,-2.3986120223999023,-3.5374438762664795
1710535990071401301,9.096283912658691,-2.304008722305298,-3.5482213497161865
1710535990094591314,9.084308624267578,-2.33514404296875,-3.5194811820983887
1710535990111395253,9.069938659667969,-2.3423290252685547,-3.521876335144043
1710535990186944127,9.075926780700684,-2.3698718547821045,-3.542233943939209
1710535990191245629,9.084308624267578,-2.332749128341675,-3.553011417388916
1710535990208032836,9.074728965759277,-2.414179801940918,-3.523073673248291
1710535990220453256,9.080716133117676,-2.3590941429138184,-3.561393976211548
1710535990233359174,9.089098930358887,-2.353106737136841,-3.5290613174438477
1710535990260542503,9.065149307250977,-2.3878345489501953,-3.5194811820983887
1710535990290076856,9.075926780700684,-2.3698718547821045,-3.5374438762664795
1710535990317226890,9.06395149230957,-2.4213647842407227,-3.5158886909484863
1710535990323818780,9.089098930358887,-2.375859260559082,-3.530258893966675
1710535990361540985,9.072334289550781,-2.306403875350952,-3.520678758621216
1710535990380604452,9.066346168518066,-2.3495142459869385,-3.4967284202575684
1710535990384804636,9.089098930358887,-2.3818469047546387,-3.513493537902832
1710535990417392913,9.060359001159668,-2.4010071754455566,-3.5051109790802
1710535990422398143,9.083111763000488,-2.4010071754455566,-3.5398387908935547
1710535990462924815,9.069938659667969,-2.3602917194366455,-3.5290613174438477
1710535990464722923,9.074728965759277,-2.3387365341186523,-3.502716064453125
1710535990470960769,9.068741798400879,-2.3483166694641113,-3.5182836055755615
1710535990504716370,9.081913948059082,-2.385439395904541,-3.5158886909484863
1710535990508884548,9.0914945602417,-2.3602917194366455,-3.5458264350891113
1710535990521675527,9.077123641967773,-2.3602917194366455,-3.524271249771118
1710535990534157236,9.057964324951172,-2.3818469047546387,-3.511098623275757
1710535990547164474,9.071136474609375,-2.3399341106414795,-3.542233943939209
1710535990576464454,9.079519271850586,-2.3902294635772705,-3.512296199798584
1710535990599523357,9.079519271850586,-2.373464345932007,-3.523073673248291
1710535990607965455,9.06395149230957,-2.3686742782592773,-3.553011417388916
1710535990628893154,9.057964324951172,-2.3890318870544434,-3.524271249771118
1710535990666308438,9.0914945602417,-2.3279590606689453,-3.5458264350891113
1710535990672362189,9.057964324951172,-2.36747670173645,-3.5182836055755615
1710535990693382517,9.066346168518066,-2.313588857650757,-3.530258893966675
1710535990726916168,9.075926780700684,-2.424957275390625,-3.521876335144043
1710535990748099943,9.075926780700684,-2.3986120223999023,-3.5362462997436523
1710535990783624479,9.060359001159668,-2.356699228286743,-3.5278637409210205
1710535990785768815,9.085506439208984,-2.4105870723724365,-3.5386414527893066
1710535990832017204,9.084308624267578,-2.3399341106414795,-3.520678758621216
1710535990857133273,9.072334289550781,-2.3614892959594727,-3.5182836055755615
1710535990884554670,9.075926780700684,-2.3878345489501953,-3.5398387908935547
1710535990899264076,9.084308624267578,-2.294428825378418,-3.524271249771118
1710535990937214501,9.073531150817871,-2.373464345932007,-3.521876335144043
1710535990945570849,9.067543983459473,-2.39501953125,-3.530258893966675
1710535990958103791,9.073531150817871,-2.373464345932007,-3.5278637409210205
1710535991033775708,9.077123641967773,-2.33514404296875,-3.531456232070923
1710535991050539917,9.061556816101074,-2.375859260559082,-3.551814079284668
1710535991094923105,9.083111763000488,-2.3890318870544434,-3.544628858566284
1710535991122105560,9.057964324951172,-2.354304313659668,-3.521876335144043
1710535991145314347,9.066346168518066,-2.3686742782592773,-3.543431282043457
1710535991164391844,9.062753677368164,-2.363884210586548,-3.53265380859375
1710535991178912020,9.081913948059082,-2.332749128341675,-3.5386414527893066
1710535991250468475,9.051976203918457,-2.356699228286743,-3.4967284202575684
1710535991283947192,9.089098930358887,-2.3782544136047363,-3.5290613174438477
1710535991307321030,9.065149307250977,-2.324366569519043,-3.5290613174438477
1710535991330535959,9.06395149230957,-2.3710694313049316,-3.5458264350891113
1710535991351729472,9.080716133117676,-2.3614892959594727,-3.530258893966675
1710535991361897860,9.060359001159668,-2.3507115840911865,-3.4955310821533203
1710535991378740019,9.057964324951172,-2.3291563987731934,-3.530258893966675
1710535991411374363,9.069938659667969,-2.3878345489501953,-3.563789129257202
1710535991414222700,9.065149307250977,-2.4010071754455566,-3.4895434379577637
1710535991425022514,9.057964324951172,-2.392624616622925,-3.5254688262939453
1710535991445950743,9.062753677368164,-2.4081921577453613,-3.5266661643981934
1710535991492068515,9.068741798400879,-2.3602917194366455,-3.5194811820983887
1710535991521925353,9.073531150817871,-2.3303539752960205,-3.502716064453125
1710535991528101715,9.074728965759277,-2.3818469047546387,-3.530258893966675
1710535991570191561,9.075926780700684,-2.3590941429138184,-3.5266661643981934
1710535991588994598,9.080716133117676,-2.3602917194366455,-3.542233943939209
1710535991630947382,9.075926780700684,-2.363884210586548,-3.5290613174438477
1710535991679366817,9.060359001159668,-2.3578968048095703,-3.5290613174438477
1710535991703560039,9.077123641967773,-2.344724178314209,-3.5458264350891113
1710535991723355970,9.075926780700684,-2.3291563987731934,-3.5374438762664795
1710535991748685172,9.072334289550781,-2.397414445877075,-3.5266661643981934
1710535991788698996,9.059161186218262,-2.373464345932007,-3.523073673248291
1710535991799086797,9.059161186218262,-2.373464345932007,-3.523073673248291
1710535991818088509,9.071136474609375,-2.3998095989227295,-3.5266661643981934
1710535991818209718,9.071136474609375,-2.3902294635772705,-3.5374438762664795
1710535991853737700,9.079519271850586,-2.356699228286743,-3.5398387908935547
1710535991881321073,9.06395149230957,-2.354304313659668,-3.503913640975952
1710535991916977264,9.074728965759277,-2.3914270401000977,-3.541036367416382
1710535991948436351,9.059161186218262,-2.3626868724823,-3.5254688262939453
1710535991967340875,9.054370880126953,-2.343526601791382,-3.5087037086486816
1710535991998828701,9.080716133117676,-2.3602917194366455,-3.5194811820983887
1710535992026291195,9.06395149230957,-2.3590941429138184,-3.524271249771118
1710535992032542844,9.066346168518066,-2.3794519901275635,-3.543431282043457
1710535992055838394,9.066346168518066,-2.3519091606140137,-3.521876335144043
1710535992074833007,9.065149307250977,-2.343526601791382,-3.5362462997436523
1710535992091542578,9.060359001159668,-2.36747670173645,-3.523073673248291
1710535992125160353,9.06395149230957,-2.374661922454834,-3.533851385116577
1710535992133496964,9.081913948059082,-2.3614892959594727,-3.543431282043457
1710535992139741800,9.068741798400879,-2.354304313659668,-3.535048723220825
1710535992217482373,9.068741798400879,-2.3602917194366455,-3.513493537902832
1710535992232390655,9.083111763000488,-2.3578968048095703,-3.5386414527893066
1710535992253242769,9.065149307250977,-2.333946466445923,-3.5278637409210205
1710535992265800077,9.065149307250977,-2.3686742782592773,-3.5051109790802
1710535992287146092,9.079519271850586,-2.3483166694641113,-3.53265380859375
1710535992312383232,9.069938659667969,-2.3387365341186523,-3.5374438762664795
1710535992318638207,9.068741798400879,-2.344724178314209,-3.5458264350891113
1710535992354221483,9.065149307250977,-2.3602917194366455,-3.5194811820983887
1710535992358507144,9.069938659667969,-2.3423290252685547,-3.543431282043457
1710535992421415224,9.074728965759277,-2.3818469047546387,-3.511098623275757
1710535992448689891,9.074728965759277,-2.3483166694641113,-3.531456232070923
1710535992460050355,9.087902069091797,-2.385439395904541,-3.511098623275757
1710535992484444849,9.083111763000488,-2.3590941429138184,-3.535048723220825
1710535992520089622,9.061556816101074,-2.3590941429138184,-3.490741014480591
1710535992534735290,9.061556816101074,-2.355501651763916,-3.5266661643981934
1710535992579001025,9.051976203918457,-2.353106737136841,-3.530258893966675
1710535992612237601,9.059161186218262,-2.3399341106414795,-3.5290613174438477
1710535992627290044,9.061556816101074,-2.384242057800293,-3.521876335144043
1710535992646264295,9.053174018859863,-2.333946466445923,-3.5063085556030273
1710535992661419405,9.073531150817871,-2.3590941429138184,-3.5254688262939453
1710535992675637273,9.066346168518066,-2.347119092941284,-3.5278637409210205
1710535992698835002,9.085506439208984,-2.3602917194366455,-3.5398387908935547
1710535992713539206,9.060359001159668,-2.3914270401000977,-3.531456232070923
1710535992734622676,9.07832145690918,-2.3183789253234863,-3.5398387908935547
1710535992749156368,9.075926780700684,-2.36747670173645,-3.5266661643981934
1710535992774434219,9.080716133117676,-2.385439395904541,-3.542233943939209
1710535992799639801,9.077123641967773,-2.3878345489501953,-3.5290613174438477
1710535992831345266,9.067543983459473,-2.3483166694641113,-3.5278637409210205
1710535992848055250,9.087902069091797,-2.3818469047546387,-3.535048723220825
1710535992894583522,9.073531150817871,-2.3614892959594727,-3.5170862674713135
1710535992915677000,9.056766510009766,-2.3602917194366455,-3.5290613174438477
1710535992944977529,9.084308624267578,-2.373464345932007,-3.5374438762664795
1710535992972463956,9.051976203918457,-2.3507115840911865,-3.5386414527893066
1710535992999557425,9.065149307250977,-2.3698718547821045,-3.523073673248291
1710535993022645618,9.071136474609375,-2.333946466445923,-3.5278637409210205
1710535993039391812,9.072334289550781,-2.3794519901275635,-3.511098623275757
1710535993052025050,9.062753677368164,-2.3519091606140137,-3.511098623275757
1710535993119635190,9.075926780700684,-2.3602917194366455,-3.554208993911743
1710535993140863457,9.062753677368164,-2.3722667694091797,-3.5158886909484863
1710535993163896453,9.059161186218262,-2.345921516418457,-3.514691114425659
1710535993201312501,9.065149307250977,-2.3710694313049316,-3.524271249771118
1710535993222583962,9.068741798400879,-2.345921516418457,-3.520678758621216
1710535993249841006,9.067543983459473,-2.343526601791382,-3.5362462997436523
1710535993308331281,9.062753677368164,-2.3483166694641113,-3.5063085556030273
1710535993327287591,9.066346168518066,-2.3890318870544434,-3.5374438762664795
1710535993362943589,9.084308624267578,-2.356699228286743,-3.5566039085388184
1710535993371357035,9.095087051391602,-2.377056837081909,-3.530258893966675
1710535993386117962,9.05556869506836,-2.3782544136047363,-3.501518487930298
1710535993394569555,9.087902069091797,-2.333946466445923,-3.535048723220825
1710535993417339033,9.074728965759277,-2.383044481277466,-3.524271249771118
1710535993440623011,9.074728965759277,-2.363884210586548,-3.531456232070923
1710535993446857714,9.07832145690918,-2.3387365341186523,-3.5386414527893066
1710535993476454524,9.060359001159668,-2.3387365341186523,-3.5386414527893066
1710535993493556104,9.077123641967773,-2.377056837081909,-3.5278637409210205
1710535993508291390,9.083111763000488,-2.3279590606689453,-3.53265380859375
1710535993529269276,9.061556816101074,-2.3686742782592773,-3.524271249771118
1710535993545956164,9.065149307250977,-2.326761484146118,-3.514691114425659
1710535993569129158,9.080716133117676,-2.374661922454834,-3.5087037086486816
1710535993590025375,9.085506439208984,-2.356699228286743,-3.513493537902832
1710535993617333056,9.071136474609375,-2.36747670173645,-3.5386414527893066
1710535993674135280,9.098679542541504,-2.3590941429138184,-3.5554065704345703
1710535993697259811,9.093889236450195,-2.3710694313049316,-3.603306770324707
1710535993739058396,9.089098930358887,-2.332749128341675,-3.5673816204071045
1710535993749807773,9.05556869506836,-2.344724178314209,-3.5099010467529297
1710535993762236148,9.061556816101074,-2.3722667694091797,-3.550616502761841
1710535993773160810,9.079519271850586,-2.3890318870544434,-3.5362462997436523
1710535993815732091,9.067543983459473,-2.393821954727173,-3.521876335144043
1710535993831505122,9.083111763000488,-2.3578968048095703,-3.5661840438842773
1710535993856572667,9.061556816101074,-2.347119092941284,-3.523073673248291
1710535993909020546,9.077123641967773,-2.33514404296875,-3.533851385116577
1710535993925934279,9.068741798400879,-2.3806493282318115,-3.511098623275757
1710535993929982727,9.067543983459473,-2.3399341106414795,-3.5470240116119385
1710535993957502528,9.06395149230957,-2.3818469047546387,-3.5254688262939453
1710535993988950527,9.067543983459473,-2.3722667694091797,-3.491938591003418
1710535994014146188,9.092691421508789,-2.314786434173584,-3.541036367416382
1710535994024665645,9.056766510009766,-2.375859260559082,-3.5194811820983887
1710535994041418790,9.079519271850586,-2.3806493282318115,-3.531456232070923
1710535994066911251,9.054370880126953,-2.3123912811279297,-3.5087037086486816
1710535994090079948,9.066346168518066,-2.344724178314209,-3.5374438762664795
1710535994102521716,9.08670425415039,-2.3303539752960205,-3.5182836055755615
1710535994125680566,9.069938659667969,-2.3626868724823,-3.542233943939209
1710535994194838903,9.087902069091797,-2.386636972427368,-3.5685791969299316
1710535994218931077,9.057964324951172,-2.3219714164733887,-3.5087037086486816
1710535994251428190,9.06395149230957,-2.414179801940918,-3.5266661643981934
1710535994274566768,9.061556816101074,-2.3686742782592773,-3.531456232070923
1710535994310288376,9.067543983459473,-2.336341619491577,-3.523073673248291
1710535994325024198,9.066346168518066,-2.344724178314209,-3.5266661643981934
1710535994344100449,9.079519271850586,-2.3626868724823,-3.5362462997436523
1710535994356570677,9.069938659667969,-2.3614892959594727,-3.5266661643981934
1710535994367296837,9.06395149230957,-2.377056837081909,-3.5087037086486816
1710535994415802412,9.065149307250977,-2.363884210586548,-3.5254688262939453
1710535994423809708,9.074728965759277,-2.3590941429138184,-3.523073673248291
1710535994449231170,9.079519271850586,-2.36747670173645,-3.5278637409210205
1710535994463886410,9.059161186218262,-2.4010071754455566,-3.5266661643981934
1710535994474310340,9.065149307250977,-2.314786434173584,-3.533851385116577
1710535994482672293,9.066346168518066,-2.366279363632202,-3.5398387908935547
1710535994516334611,9.071136474609375,-2.332749128341675,-3.535048723220825
1710535994537347619,9.079519271850586,-2.3578968048095703,-3.53265380859375
1710535994573056418,9.074728965759277,-2.3626868724823,-3.5182836055755615
1710535994585606095,9.071136474609375,-2.3602917194366455,-3.531456232070923
1710535994589864891,9.075926780700684,-2.3507115840911865,-3.5661840438842773
1710535994604524504,9.072334289550781,-2.343526601791382,-3.5470240116119385
1710535994612951383,9.06395149230957,-2.3590941429138184,-3.520678758621216
1710535994627447207,9.075926780700684,-2.3303539752960205,-3.541036367416382
1710535994648798076,9.075926780700684,-2.3303539752960205,-3.5374438762664795
1710535994709710879,9.085506439208984,-2.374661922454834,-3.5398387908935547
1710535994726830594,9.072334289550781,-2.33514404296875,-3.513493537902832
1710535994750094085,9.06395149230957,-2.3818469047546387,-3.5278637409210205
1710535994754253764,9.077123641967773,-2.3519091606140137,-3.5290613174438477
1710535994771054132,9.065149307250977,-2.3195765018463135,-3.5362462997436523
1710535994783658242,9.068741798400879,-2.412982225418091,-3.553011417388916
1710535994800449676,9.072334289550781,-2.3890318870544434,-3.5278637409210205
1710535994823502668,9.061556816101074,-2.326761484146118,-3.561393976211548
1710535994844537253,9.053174018859863,-2.375859260559082,-3.5051109790802
1710535994861921715,9.056766510009766,-2.2908360958099365,-3.5087037086486816
1710535994895248545,9.071136474609375,-2.392624616622925,-3.542233943939209
1710535994924504343,9.068741798400879,-2.343526601791382,-3.5063085556030273
1710535994964355100,9.056766510009766,-2.386636972427368,-3.4955310821533203
1710535994968375946,9.079519271850586,-2.337538957595825,-3.5374438762664795
1710535994985072806,9.083111763000488,-2.363884210586548,-3.5386414527893066
1710535995001875332,9.060359001159668,-2.3507115840911865,-3.531456232070923
1710535995017065254,9.060359001159668,-2.3507115840911865,-3.531456232070923
1710535995020952374,9.06395149230957,-2.3578968048095703,-3.5051109790802
1710535995033415064,9.077123641967773,-2.3890318870544434,-3.542233943939209
1710535995067229674,9.067543983459473,-2.3483166694641113,-3.530258893966675
1710535995071354301,9.080716133117676,-2.3399341106414795,-3.513493537902832
1710535995100671173,9.067543983459473,-2.3423290252685547,-3.533851385116577
1710535995144889329,9.080716133117676,-2.36747670173645,-3.531456232070923
1710535995155408632,9.049581527709961,-2.36747670173645,-3.5182836055755615
1710535995180683207,9.083111763000488,-2.373464345932007,-3.5362462997436523
1710535995203759700,9.069938659667969,-2.333946466445923,-3.5482213497161865
1710535995220730275,9.068741798400879,-2.353106737136841,-3.5194811820983887
1710535995252228090,9.062753677368164,-2.3207738399505615,-3.5182836055755615
1710535995264855672,9.081913948059082,-2.374661922454834,-3.530258893966675
1710535995300519382,9.071136474609375,-2.30281138420105,-3.5266661643981934
1710535995306768519,9.049581527709961,-2.366279363632202,-3.5063085556030273
1710535995340559876,9.074728965759277,-2.3626868724823,-3.5182836055755615
1710535995374156000,9.062753677368164,-2.3806493282318115,-3.5099010467529297
1710535995378308553,9.08670425415039,-2.3399341106414795,-3.5578014850616455
1710535995415097559,9.072334289550781,-2.333946466445923,-3.4787659645080566
1710535995435076411,9.053174018859863,-2.3686742782592773,-3.5278637409210205
1710535995466752412,9.085506439208984,-2.3806493282318115,-3.533851385116577
1710535995496286203,9.067543983459473,-2.396217107772827,-3.5254688262939453
1710535995504515171,9.073531150817871,-2.353106737136841,-3.5458264350891113
1710535995531922677,9.071136474609375,-2.366279363632202,-3.5254688262939453
1710535995573965988,9.075926780700684,-2.373464345932007,-3.543431282043457
1710535995582282775,9.056766510009766,-2.325563907623291,-3.5063085556030273
1710535995596842748,9.0914945602417,-2.317181348800659,-3.5290613174438477
1710535995626181659,9.083111763000488,-2.272873640060425,-3.7494029998779297
1710535995636665969,9.042396545410156,-2.445314884185791,-3.4691858291625977
1710535995645936708,9.062753677368164,-2.3686742782592773,-3.520678758621216
1710535995664147718,9.080716133117676,-2.353106737136841,-3.4859509468078613
1710535995672671617,9.051976203918457,-2.3698718547821045,-3.444038152694702
1710535995676807198,9.05077838897705,-2.3507115840911865,-3.4883458614349365
1710535995710659892,9.061556816101074,-2.377056837081909,-3.5051109790802
1710535995735608989,9.071136474609375,-2.4189696311950684,-3.4871485233306885
1710535995756694948,9.059161186218262,-2.4788451194763184,-3.50032114982605
1710535995773512658,9.065149307250977,-2.21539306640625,-3.490741014480591
1710535995781840887,9.072334289550781,-2.3902294635772705,-3.4775683879852295
1710535995798713854,9.08670425415039,-2.3914270401000977,-3.541036367416382
1710535995838558293,9.081913948059082,-2.347119092941284,-3.5470240116119385
1710535995857567720,9.072334289550781,-2.377056837081909,-3.5290613174438477
1710535995869995380,9.07832145690918,-2.3602917194366455,-3.4871485233306885
1710535995910052910,9.073531150817871,-2.446512460708618,-3.4691858291625977
1710535995928802105,9.089098930358887,-2.4093897342681885,-3.572171688079834
1710535995964749900,9.072334289550781,-2.386636972427368,-3.503913640975952
1710535995968799343,9.080716133117676,-2.405797004699707,-3.535048723220825
1710535995981383098,9.073531150817871,-2.3495142459869385,-3.523073673248291
1710535996016738324,9.071136474609375,-2.373464345932007,-3.533851385116577
1710535996031972573,9.090296745300293,-2.347119092941284,-3.544628858566284
1710535996046710001,9.081913948059082,-2.3315515518188477,-3.535048723220825
1710535996071798411,9.090296745300293,-2.373464345932007,-3.562591552734375
1710535996086702138,9.087902069091797,-2.3099963665008545,-3.521876335144043
1710535996133030325,9.084308624267578,-2.4201672077178955,-3.514691114425659
1710535996164429617,9.068741798400879,-2.3483166694641113,-3.4967284202575684
1710535996177198162,9.07832145690918,-2.3590941429138184,-3.5278637409210205
1710535996193925627,9.080716133117676,-2.3818469047546387,-3.5075061321258545
1710535996214924987,9.053174018859863,-2.345921516418457,-3.511098623275757
1710535996271713064,9.077123641967773,-2.337538957595825,-3.5290613174438477
1710535996282279949,9.08670425415039,-2.3507115840911865,-3.523073673248291
1710535996301132775,9.073531150817871,-2.3578968048095703,-3.5087037086486816
1710535996339017501,9.06395149230957,-2.3602917194366455,-3.5470240116119385
1710535996360123385,9.07832145690918,-2.406994581222534,-3.5075061321258545
1710535996416501593,9.092691421508789,-2.3698718547821045,-3.521876335144043
1710535996418689444,9.081913948059082,-2.363884210586548,-3.541036367416382
1710535996439920095,9.08670425415039,-2.3483166694641113,-3.5278637409210205
1710535996486248337,9.06395149230957,-2.3483166694641113,-3.5099010467529297
1710535996503041470,9.06395149230957,-2.4189696311950684,-3.5170862674713135
1710535996524163956,9.073531150817871,-2.343526601791382,-3.542233943939209
1710535996538811994,9.05556869506836,-2.366279363632202,-3.490741014480591
1710535996559963094,9.072334289550781,-2.347119092941284,-3.5290613174438477
1710535996578863677,9.081913948059082,-2.3507115840911865,-3.5290613174438477
1710535996595707439,9.083111763000488,-2.347119092941284,-3.5158886909484863
1710535996616591943,9.066346168518066,-2.366279363632202,-3.513493537902832
1710535996635688424,9.061556816101074,-2.3710694313049316,-3.4895434379577637
1710535996645987935,9.07832145690918,-2.323168992996216,-3.523073673248291
1710535996660856062,9.080716133117676,-2.3986120223999023,-3.5266661643981934
1710535996686119543,9.061556816101074,-2.337538957595825,-3.4871485233306885
1710535996700720035,9.065149307250977,-2.375859260559082,-3.5170862674713135
1710535996719757857,9.069938659667969,-2.3710694313049316,-3.535048723220825
1710535996732207021,9.084308624267578,-2.3495142459869385,-3.5458264350891113
1710535996759747979,9.057964324951172,-2.366279363632202,-3.4979259967803955
1710535996780667176,9.080716133117676,-2.3519091606140137,-3.503913640975952
1710535996818313779,9.083111763000488,-2.386636972427368,-3.530258893966675
1710535996847800556,9.074728965759277,-2.3710694313049316,-3.5266661643981934
1710535996854215309,9.062753677368164,-2.3686742782592773,-3.512296199798584
1710535996858238123,9.079519271850586,-2.3578968048095703,-3.5254688262939453
1710535996864760971,9.079519271850586,-2.3578968048095703,-3.5254688262939453
1710535996898326288,9.06395149230957,-2.393821954727173,-3.521876335144043
1710535996910997809,9.060359001159668,-2.365081787109375,-3.491938591003418
1710535996921623164,9.072334289550781,-2.353106737136841,-3.4955310821533203
1710535996942510872,9.081913948059082,-2.3818469047546387,-3.5170862674713135
1710535996963527506,9.071136474609375,-2.405797004699707,-3.542233943939209
1710535996969823861,9.079519271850586,-2.3483166694641113,-3.5194811820983887
1710535996980437905,9.079519271850586,-2.397414445877075,-3.5254688262939453
1710535997011870711,9.065149307250977,-2.3806493282318115,-3.5099010467529297
1710535997013565513,9.07832145690918,-2.3279590606689453,-3.5182836055755615
1710535997037076591,9.065149307250977,-2.426154851913452,-3.5182836055755615
1710535997104109288,9.072334289550781,-2.355501651763916,-3.531456232070923
1710535997121009635,9.0914945602417,-2.354304313659668,-3.5099010467529297
1710535997127289971,9.072334289550781,-2.343526601791382,-3.5398387908935547
1710535997141974301,9.073531150817871,-2.3590941429138184,-3.523073673248291
1710535997161057910,9.073531150817871,-2.397414445877075,-3.511098623275757
1710535997173665427,9.075926780700684,-2.3483166694641113,-3.5158886909484863
1710535997202898984,9.051976203918457,-2.343526601791382,-3.4991235733032227
1710535997224199365,9.074728965759277,-2.386636972427368,-3.535048723220825
1710535997291453414,9.079519271850586,-2.3806493282318115,-3.533851385116577
1710535997306163233,9.089098930358887,-2.3626868724823,-3.554208993911743
1710535997337696923,9.074728965759277,-2.392624616622925,-3.5254688262939453
1710535997339774499,9.067543983459473,-2.386636972427368,-3.5051109790802
1710535997354437594,9.068741798400879,-2.3818469047546387,-3.533851385116577
1710535997373476163,9.071136474609375,-2.3902294635772705,-3.520678758621216
1710535997392338727,9.079519271850586,-2.363884210586548,-3.5099010467529297
1710535997398576686,9.06395149230957,-2.383044481277466,-3.5290613174438477
1710535997434288960,9.084308624267578,-2.345921516418457,-3.531456232070923
1710535997438347641,9.068741798400879,-2.325563907623291,-3.501518487930298
1710535997446746695,9.07832145690918,-2.4297473430633545,-3.531456232070923
1710535997467758282,9.06395149230957,-2.4201672077178955,-3.5063085556030273
1710535997495071580,9.066346168518066,-2.3423290252685547,-3.530258893966675
1710535997497182731,9.07832145690918,-2.326761484146118,-3.5158886909484863
1710535997514164293,9.068741798400879,-2.404599666595459,-3.511098623275757
1710535997564610233,9.062753677368164,-2.383044481277466,-3.523073673248291
1710535997567105026,9.092691421508789,-2.356699228286743,-3.524271249771118
1710535997585772707,9.0914945602417,-2.3782544136047363,-3.511098623275757
1710535997604390490,9.073531150817871,-2.3004162311553955,-3.5266661643981934
1710535997636082684,9.066346168518066,-2.375859260559082,-3.490741014480591
1710535997640382185,9.090296745300293,-2.373464345932007,-3.5997142791748047
1710535997652888180,9.089098930358887,-2.315983772277832,-3.542233943939209
1710535997688919709,9.081913948059082,-2.4884252548217773,-3.501518487930298
1710535997720356763,9.095087051391602,-2.4980053901672363,-3.5877392292022705
1710535997741329055,9.038804054260254,-2.296823740005493,-3.454815626144409
1710535997756072531,9.104666709899902,-2.3914270401000977,-3.622467041015625
1710535997777120141,9.054370880126953,-2.484832763671875,-3.4596056938171387
1710535997800333614,9.060359001159668,-2.3626868724823,-3.53265380859375
1710535997827862559,9.084308624267578,-2.343526601791382,-3.5458264350891113
1710535997875964299,9.072334289550781,-2.2501208782196045,-3.53265380859375
1710535997890820860,9.077123641967773,-2.3578968048095703,-3.4883458614349365
1710535997913832684,9.075926780700684,-2.3698718547821045,-3.530258893966675
1710535997937744156,9.075926780700684,-2.3818469047546387,-3.5697765350341797
1710535997943445530,9.077123641967773,-2.374661922454834,-3.531456232070923
1710535997960077475,9.087902069091797,-2.3087987899780273,-3.5673816204071045
1710535997987421229,9.06395149230957,-2.4010071754455566,-3.4895434379577637
1710535998002321574,9.059161186218262,-2.3698718547821045,-3.4955310821533203
1710535998008572510,9.059161186218262,-2.3698718547821045,-3.4955310821533203
1710535998025358001,9.068741798400879,-2.363884210586548,-3.542233943939209
1710535998054899967,9.079519271850586,-2.384242057800293,-3.524271249771118
1710535998090712610,9.073531150817871,-2.405797004699707,-3.5398387908935547
1710535998118034139,9.079519271850586,-2.313588857650757,-3.490741014480591
1710535998142931467,9.066346168518066,-2.3315515518188477,-3.50032114982605
1710535998178709175,9.071136474609375,-2.3111939430236816,-3.523073673248291
1710535998187280005,9.104666709899902,-2.3399341106414795,-3.5853443145751953
1710535998218619061,9.05556869506836,-2.4417223930358887,-3.4763708114624023
1710535998218725767,9.059161186218262,-2.3483166694641113,-3.501518487930298
1710535998239639780,9.061556816101074,-2.412982225418091,-3.5182836055755615
1710535998265062984,9.081913948059082,-2.385439395904541,-3.5254688262939453
1710535998296755982,9.08670425415039,-2.3818469047546387,-3.5374438762664795
1710535998332326785,9.075926780700684,-2.3519091606140137,-3.553011417388916
1710535998387050966,9.083111763000488,-2.3782544136047363,-3.544628858566284
1710535998405868800,9.072334289550781,-2.4273521900177,-3.521876335144043
1710535998433163651,9.089098930358887,-2.336341619491577,-3.542233943939209
1710535998481501715,9.067543983459473,-2.4309449195861816,-3.563789129257202
1710535998504757764,9.06395149230957,-2.3722667694091797,-3.512296199798584
1710535998527794023,9.056766510009766,-2.315983772277832,-3.50032114982605
1710535998553027778,9.056766510009766,-2.3495142459869385,-3.475173234939575
1710535998567863290,9.08670425415039,-2.345921516418457,-3.541036367416382
1710535998590975384,9.053174018859863,-2.3806493282318115,-3.4679882526397705
1710535998601268844,9.081913948059082,-2.345921516418457,-3.5075061321258545
1710535998613777038,9.077123641967773,-2.4285497665405273,-3.572171688079834
1710535998674817023,9.069938659667969,-2.3806493282318115,-3.494333505630493
1710535998681218806,9.06395149230957,-2.293231248855591,-3.5051109790802
1710535998706619517,9.083111763000488,-2.405797004699707,-3.4991235733032227
1710535998729718735,9.081913948059082,-2.3602917194366455,-3.494333505630493
1710535998737930706,9.067543983459473,-2.3998095989227295,-3.5290613174438477
1710535998771740479,9.093889236450195,-2.403402090072632,-3.5278637409210205
1710535998800962564,9.081913948059082,-2.3878345489501953,-3.5278637409210205
1710535998813552826,9.072334289550781,-2.356699228286743,-3.5254688262939453
1710535998841033071,9.072334289550781,-2.404599666595459,-3.512296199798584
1710535998845330096,9.060359001159668,-2.383044481277466,-3.512296199798584
1710535998847084865,9.077123641967773,-2.356699228286743,-3.533851385116577
1710535998893796535,9.08670425415039,-2.403402090072632,-3.53265380859375
1710535998908088044,9.065149307250977,-2.333946466445923,-3.493135929107666
1710535998939834958,9.065149307250977,-2.347119092941284,-3.50032114982605
1710535998941933134,9.065149307250977,-2.3123912811279297,-3.553011417388916
1710535998961103772,9.073531150817871,-2.423759698867798,-3.543431282043457
1710535998971260846,9.06395149230957,-2.3590941429138184,-3.4476306438446045
1710535999007019834,9.051976203918457,-2.3195765018463135,-3.5099010467529297
1710535999017676255,9.081913948059082,-2.434537410736084,-3.520678758621216
1710535999036502690,9.060359001159668,-2.3686742782592773,-3.483555793762207
1710535999067997112,9.060359001159668,-2.406994581222534,-3.5266661643981934
1710535999080525445,9.072334289550781,-2.33514404296875,-3.4775683879852295
1710535999101970172,9.071136474609375,-2.385439395904541,-3.513493537902832
1710535999123063227,9.090296745300293,-2.36747670173645,-3.533851385116577
1710535999135391010,9.069938659667969,-2.385439395904541,-3.501518487930298
1710535999154561175,9.083111763000488,-2.333946466445923,-3.5254688262939453
1710535999177416573,9.081913948059082,-2.3806493282318115,-3.5087037086486816
1710535999192286883,9.068741798400879,-2.3507115840911865,-3.523073673248291
1710535999213656005,9.072334289550781,-2.4022045135498047,-3.5278637409210205
1710535999224194609,9.090296745300293,-2.3099963665008545,-3.533851385116577
1710535999249252032,9.073531150817871,-2.3315515518188477,-3.5051109790802
1710535999287152142,9.071136474609375,-2.3423290252685547,-3.4991235733032227
1710535999305858683,9.062753677368164,-2.3507115840911865,-3.484753370285034
1710535999329124051,9.06395149230957,-2.3578968048095703,-3.5362462997436523
1710535999346143776,9.073531150817871,-2.3578968048095703,-3.5290613174438477
1710535999365036125,9.069938659667969,-2.3878345489501953,-3.551814079284668
1710535999373536982,9.066346168518066,-2.403402090072632,-3.5194811820983887
1710535999405090597,9.085506439208984,-2.3626868724823,-3.5398387908935547
1710535999425900683,9.085506439208984,-2.3626868724823,-3.5398387908935547
1710535999434343423,9.05077838897705,-2.336341619491577,-3.4955310821533203
1710535999480909881,9.090296745300293,-2.3399341106414795,-3.5889368057250977
1710535999493506776,9.067543983459473,-2.385439395904541,-3.523073673248291
1710535999504160335,9.079519271850586,-2.313588857650757,-3.4883458614349365
1710535999514653022,9.068741798400879,-2.403402090072632,-3.5278637409210205
1710535999554532910,9.065149307250977,-2.3986120223999023,-3.531456232070923
1710535999567864697,9.05556869506836,-2.313588857650757,-3.4691858291625977
1710535999626308565,9.079519271850586,-2.326761484146118,-3.5087037086486816
1710535999638676787,9.081913948059082,-2.3303539752960205,-3.531456232070923
1710535999659664204,9.077123641967773,-2.424957275390625,-3.563789129257202
1710535999681068664,9.068741798400879,-2.424957275390625,-3.523073673248291
1710535999695740994,9.065149307250977,-2.3219714164733887,-3.4691858291625977
1710535999710572912,9.067543983459473,-2.373464345932007,-3.490741014480591
1710535999733433087,9.087902069091797,-2.33514404296875,-3.5697765350341797
1710535999771357855,9.061556816101074,-2.345921516418457,-3.4560132026672363
1710535999802765517,9.06395149230957,-2.317181348800659,-3.514691114425659
1710535999828033836,9.06395149230957,-2.317181348800659,-3.514691114425659
1710535999853424546,9.077123641967773,-2.3303539752960205,-3.530258893966675
1710535999868053605,9.062753677368164,-2.3806493282318115,-3.501518487930298
1710535999899466784,9.069938659667969,-2.323168992996216,-3.4955310821533203
1710535999924759962,9.077123641967773,-2.4297473430633545,-3.541036367416382
1710535999949920496,9.077123641967773,-2.304008722305298,-3.493135929107666
1710535999964749510,9.083111763000488,-2.356699228286743,-3.501518487930298
1710535999991907248,9.07832145690918,-2.366279363632202,-3.482358455657959
1710536000013077289,9.068741798400879,-2.4285497665405273,-3.5278637409210205
1710536000032240515,9.092691421508789,-2.414179801940918,-3.5362462997436523
1710536000048910779,9.05077838897705,-2.3914270401000977,-3.5254688262939453
1710536000057328339,9.080716133117676,-2.405797004699707,-3.533851385116577
1710536000078240900,9.057964324951172,-2.3686742782592773,-3.5075061321258545
1710536000118190871,9.074728965759277,-2.4010071754455566,-3.4895434379577637
1710536000185480053,9.085506439208984,-2.366279363632202,-3.5075061321258545
1710536000202389606,9.059161186218262,-2.3614892959594727,-3.50032114982605
1710536000216207009,9.081913948059082,-2.3806493282318115,-3.4979259967803955
1710536000246533737,9.054370880126953,-2.2992186546325684,-3.501518487930298
1710536000252834259,9.077123641967773,-2.374661922454834,-3.5278637409210205
1710536000295208883,9.096283912658691,-2.374661922454834,-3.541036367416382
1710536000318263434,9.080716133117676,-2.374661922454834,-3.5194811820983887
1710536000330979092,9.074728965759277,-2.3483166694641113,-3.524271249771118
1710536000354037354,9.045989036560059,-2.33514404296875,-3.4667906761169434
1710536000383300267,9.074728965759277,-2.434537410736084,-3.53265380859375
1710536000400253834,9.077123641967773,-2.4177722930908203,-3.5099010467529297
1710536000415046248,9.077123641967773,-2.4177722930908203,-3.5099010467529297
1710536000431676823,9.059161186218262,-2.366279363632202,-3.460803270339966
1710536000450792920,9.073531150817871,-2.3626868724823,-3.5063085556030273
1710536000471742636,9.061556816101074,-2.374661922454834,-3.5290613174438477
1710536000492916251,9.092691421508789,-2.4093897342681885,-3.535048723220825
1710536000560858398,9.071136474609375,-2.294428825378418,-3.5170862674713135
1710536000576917232,9.084308624267578,-2.344724178314209,-3.530258893966675
1710536000591642236,9.062753677368164,-2.3722667694091797,-3.514691114425659
1710536000621108174,9.062753677368164,-2.3710694313049316,-3.513493537902832
1710536000629565125,9.056766510009766,-2.3483166694641113,-3.5087037086486816
1710536000633729633,9.059161186218262,-2.393821954727173,-3.502716064453125
1710536000665249406,9.077123641967773,-2.33514404296875,-3.520678758621216
1710536000694856648,9.066346168518066,-2.3806493282318115,-3.5063085556030273
1710536000736913850,9.085506439208984,-2.3303539752960205,-3.5386414527893066
1710536000800014729,9.081913948059082,-2.4908204078674316,-3.5494189262390137
1710536000825119060,9.068741798400879,-2.405797004699707,-3.533851385116577
1710536000835663498,9.08670425415039,-2.266885995864868,-3.5601966381073
1710536000865326803,9.081913948059082,-2.3279590606689453,-3.5158886909484863
1710536000886181416,9.060359001159668,-2.3087987899780273,-3.4955310821533203
1710536000902926395,9.066346168518066,-2.3710694313049316,-3.5051109790802
1710536000917530142,9.060359001159668,-2.386636972427368,-3.5194811820983887
1710536000930146252,9.072334289550781,-2.3626868724823,-3.5362462997436523
1710536000955499656,9.077123641967773,-2.412982225418091,-3.513493537902832
1710536000999422877,9.054370880126953,-2.4105870723724365,-3.482358455657959
1710536001098212855,9.090296745300293,-2.4105870723724365,-3.5554065704345703
1710536001123327050,9.065149307250977,-2.392624616622925,-3.513493537902832
1710536001159247103,9.059161186218262,-2.4321422576904297,-3.521876335144043
1710536001165433550,9.059161186218262,-2.4321422576904297,-3.521876335144043
1710536001203323702,9.08670425415039,-2.353106737136841,-3.4967284202575684
1710536001226212516,9.081913948059082,-2.375859260559082,-3.541036367416382
1710536001238953937,9.060359001159668,-2.363884210586548,-3.4955310821533203
1710536001283227697,9.092691421508789,-2.356699228286743,-3.574566602706909
1710536001295737250,9.054370880126953,-2.4189696311950684,-3.493135929107666
1710536001334324854,9.066346168518066,-2.323168992996216,-3.533851385116577
1710536001356765293,9.065149307250977,-2.3279590606689453,-3.5063085556030273
1710536001373452295,9.048383712768555,-2.4501049518585205,-3.453618049621582
1710536001415361139,9.043593406677246,-2.4596850872039795,-3.442840576171875
1710536001426437355,9.067543983459473,-2.4105870723724365,-3.523073673248291
1710536001436445949,9.05556869506836,-2.4081921577453613,-3.4596056938171387
1710536001459735019,9.079519271850586,-2.3602917194366455,-3.53265380859375
1710536001470292082,9.072334289550781,-2.3411316871643066,-3.5087037086486816
1710536001484991412,9.080716133117676,-2.383044481277466,-3.5290613174438477
1710536001510242132,9.067543983459473,-2.435734748840332,-3.535048723220825
1710536001535511148,9.057964324951172,-2.375859260559082,-3.491938591003418
1710536001558935279,9.071136474609375,-2.332749128341675,-3.5290613174438477
1710536001567061291,9.061556816101074,-2.36747670173645,-3.514691114425659
1710536001617216830,9.095087051391602,-2.2513184547424316,-3.570974111557007
1710536001625682002,9.071136474609375,-2.4824378490448,-3.5087037086486816
1710536001634173610,9.062753677368164,-2.406994581222534,-3.513493537902832
1710536001653193171,9.06395149230957,-2.363884210586548,-3.470383405685425
1710536001678349443,9.071136474609375,-2.347119092941284,-3.4991235733032227
1710536001710035291,9.053174018859863,-2.384242057800293,-3.493135929107666
1710536001733111715,9.085506439208984,-2.3710694313049316,-3.535048723220825
1710536001749828024,9.074728965759277,-2.355501651763916,-3.5158886909484863
1710536001806197094,9.069938659667969,-2.404599666595459,-3.50032114982605
1710536001819117136,9.075926780700684,-2.383044481277466,-3.5290613174438477
1710536001840234368,9.073531150817871,-2.3782544136047363,-3.5158886909484863
1710536001867585321,9.060359001159668,-2.355501651763916,-3.512296199798584
1710536001888701730,9.060359001159668,-2.355501651763916,-3.512296199798584
1710536001913781604,9.072334289550781,-2.345921516418457,-3.5182836055755615
1710536001939051627,9.065149307250977,-2.4093897342681885,-3.5063085556030273
1710536001962326457,9.066346168518066,-2.3782544136047363,-3.493135929107666
1710536002031379940,9.069938659667969,-2.3806493282318115,-3.503913640975952
1710536002041973212,9.067543983459473,-2.347119092941284,-3.514691114425659
1710536002054795739,9.096283912658691,-2.392624616622925,-3.533851385116577
1710536002073521220,9.075926780700684,-2.4010071754455566,-3.523073673248291
1710536002088397739,9.06395149230957,-2.3902294635772705,-3.5063085556030273
1710536002098922096,9.073531150817871,-2.366279363632202,-3.513493537902832
1710536002105106532,9.075926780700684,-2.3495142459869385,-3.511098623275757
1710536002159618072,9.073531150817871,-2.366279363632202,-3.501518487930298
1710536002186852731,9.059161186218262,-2.3782544136047363,-3.4787659645080566
1710536002201511265,9.06395149230957,-2.416574716567993,-3.501518487930298
1710536002224500523,9.048383712768555,-2.3782544136047363,-3.5158886909484863
1710536002254010744,9.099876403808594,-2.4105870723724365,-3.5266661643981934
1710536002283255478,9.068741798400879,-2.3782544136047363,-3.5158886909484863
1710536002293957244,9.08670425415039,-2.39501953125,-3.533851385116577
1710536002323308824,9.075926780700684,-2.3495142459869385,-3.4859509468078613
1710536002346489065,9.057964324951172,-2.3890318870544434,-3.4979259967803955
1710536002350673957,9.065149307250977,-2.355501651763916,-3.501518487930298
1710536002352873147,9.083111763000488,-2.396217107772827,-3.5158886909484863
1710536002365330377,9.077123641967773,-2.356699228286743,-3.533851385116577
1710536002388495808,9.071136474609375,-2.3878345489501953,-3.5099010467529297
1710536002405340372,9.084308624267578,-2.3794519901275635,-3.50032114982605
1710536002445275340,9.077123641967773,-2.3507115840911865,-3.513493537902832
1710536002508796332,9.06395149230957,-2.356699228286743,-3.4979259967803955
1710536002533911378,9.069938659667969,-2.3818469047546387,-3.521876335144043
1710536002538184381,9.085506439208984,-2.4010071754455566,-3.535048723220825
1710536002594813713,9.083111763000488,-2.36747670173645,-3.5254688262939453
1710536002607429365,9.077123641967773,-2.365081787109375,-3.524271249771118
1710536002643103595,9.072334289550781,-2.3291563987731934,-3.5182836055755615
1710536002662100311,9.053174018859863,-2.3794519901275635,-3.4799633026123047
1710536002687522475,9.062753677368164,-2.3818469047546387,-3.513493537902832
1710536002697780058,9.062753677368164,-2.3818469047546387,-3.513493537902832
1710536002721013487,9.079519271850586,-2.363884210586548,-3.494333505630493
1710536002769109210,9.073531150817871,-2.326761484146118,-3.5182836055755615
1710536002775504896,9.057964324951172,-2.36747670173645,-3.524271249771118
1710536002804797367,9.067543983459473,-2.3626868724823,-3.531456232070923
1710536002819456613,9.080716133117676,-2.3423290252685547,-3.535048723220825
1710536002846888924,9.08670425415039,-2.416574716567993,-3.521876335144043
1710536002865530162,9.080716133117676,-2.3483166694641113,-3.541036367416382
1710536002907787430,9.071136474609375,-2.3495142459869385,-3.5099010467529297
1710536002934877302,9.08670425415039,-2.373464345932007,-3.5051109790802
1710536002941322983,9.081913948059082,-2.3722667694091797,-3.53265380859375
1710536002964490530,9.095087051391602,-2.3914270401000977,-3.523073673248291
1710536002977099790,9.067543983459473,-2.356699228286743,-3.50032114982605
1710536002991854630,9.079519271850586,-2.377056837081909,-3.4955310821533203
1710536003033898943,9.066346168518066,-2.3578968048095703,-3.5051109790802
1710536003092784303,9.074728965759277,-2.3614892959594727,-3.4991235733032227
1710536003120107481,9.056766510009766,-2.3878345489501953,-3.491938591003418
1710536003132822704,9.074728965759277,-2.3626868724823,-3.5170862674713135
1710536003206401330,9.065149307250977,-2.365081787109375,-3.494333505630493
1710536003250479027,9.073531150817871,-2.3878345489501953,-3.513493537902832
1710536003261079392,9.077123641967773,-2.3782544136047363,-3.493135929107666
1710536003281140771,9.085506439208984,-2.363884210586548,-3.5278637409210205
1710536003304391555,9.068741798400879,-2.375859260559082,-3.5158886909484863
1710536003333769012,9.084308624267578,-2.3722667694091797,-3.53265380859375
1710536003350586388,9.056766510009766,-2.3794519901275635,-3.5194811820983887
1710536003416046441,9.071136474609375,-2.3710694313049316,-3.5194811820983887
1710536003423829070,9.07832145690918,-2.353106737136841,-3.5194811820983887
1710536003440823522,9.074728965759277,-2.375859260559082,-3.4991235733032227
1710536003457526185,9.059161186218262,-2.386636972427368,-3.491938591003418
1710536003495232094,9.07832145690918,-2.385439395904541,-3.5278637409210205
1710536003514250151,9.084308624267578,-2.3602917194366455,-3.5601966381073
1710536003537283641,9.07832145690918,-2.366279363632202,-3.482358455657959
1710536003558270483,9.066346168518066,-2.36747670173645,-3.513493537902832
1710536003571043738,9.06395149230957,-2.3698718547821045,-3.491938591003418
1710536003598411534,9.06395149230957,-2.3698718547821045,-3.491938591003418
1710536003604690943,9.079519271850586,-2.3614892959594727,-3.5158886909484863
1710536003625605879,9.075926780700684,-2.3710694313049316,-3.4991235733032227
1710536003659092677,9.089098930358887,-2.365081787109375,-3.5266661643981934
1710536003665557104,9.061556816101074,-2.377056837081909,-3.4967284202575684
1710536003701168622,9.061556816101074,-2.377056837081909,-3.4967284202575684
1710536003707465064,9.069938659667969,-2.366279363632202,-3.4991235733032227
1710536003741038297,9.077123641967773,-2.3794519901275635,-3.5158886909484863
1710536003753594410,9.066346168518066,-2.375859260559082,-3.494333505630493
1710536003772576629,9.071136474609375,-2.363884210586548,-3.5266661643981934
1710536003846104557,9.061556816101074,-2.3722667694091797,-3.5194811820983887
1710536003867198134,9.053174018859863,-2.363884210586548,-3.5099010467529297
1710536003877764015,9.073531150817871,-2.3614892959594727,-3.524271249771118
1710536003934512977,9.074728965759277,-2.366279363632202,-3.5087037086486816
1710536003974496770,9.074728965759277,-2.3794519901275635,-3.4955310821533203
1710536004020631229,9.072334289550781,-2.373464345932007,-3.5099010467529297
1710536004032957284,9.069938659667969,-2.3698718547821045,-3.4967284202575684
1710536004050024035,9.073531150817871,-2.3806493282318115,-3.5075061321258545
1710536004077313591,9.06395149230957,-2.366279363632202,-3.5182836055755615
1710536004085596876,9.080716133117676,-2.3986120223999023,-3.5075061321258545
1710536004096225991,9.060359001159668,-2.3806493282318115,-3.5290613174438477
1710536004127717287,9.071136474609375,-2.377056837081909,-3.514691114425659
1710536004134067532,9.07832145690918,-2.347119092941284,-3.514691114425659
1710536004159286152,9.07832145690918,-2.347119092941284,-3.514691114425659
1710536004176047041,9.067543983459473,-2.347119092941284,-3.484753370285034
1710536004197340905,9.07832145690918,-2.356699228286743,-3.5087037086486816
1710536004254304313,9.071136474609375,-2.3722667694091797,-3.511098623275757
1710536004275034233,9.084308624267578,-2.385439395904541,-3.520678758621216
1710536004287939880,9.068741798400879,-2.356699228286743,-3.5266661643981934
1710536004315037731,9.068741798400879,-2.356699228286743,-3.5266661643981934
1710536004325577513,9.074728965759277,-2.3686742782592773,-3.511098623275757
1710536004348815821,9.061556816101074,-2.375859260559082,-3.5063085556030273
1710536004385078038,9.071136474609375,-2.3794519901275635,-3.5194811820983887
1710536004424339877,9.05077838897705,-2.344724178314209,-3.521876335144043
1710536004497793706,9.073531150817871,-2.4297473430633545,-3.524271249771118
1710536004529318355,9.062753677368164,-2.4117846488952637,-3.5194811820983887
1710536004531500267,9.095087051391602,-2.385439395904541,-3.5398387908935547
1710536004552787583,9.077123641967773,-2.354304313659668,-3.5266661643981934
1710536004571564581,9.069938659667969,-2.39501953125,-3.501518487930298
1710536004594545778,9.0914945602417,-2.3411316871643066,-3.553011417388916
1710536004618300370,9.071136474609375,-2.384242057800293,-3.482358455657959
1710536004628126292,9.067543983459473,-2.373464345932007,-3.523073673248291
1710536004642825195,9.07832145690918,-2.3399341106414795,-3.524271249771118
1710536004672524950,9.068741798400879,-2.375859260559082,-3.4895434379577637
1710536004680905512,9.067543983459473,-2.3878345489501953,-3.5182836055755615
1710536004701841546,9.071136474609375,-2.3578968048095703,-3.5254688262939453
1710536004714416879,9.06395149230957,-2.3602917194366455,-3.5051109790802
1710536004731323029,9.080716133117676,-2.374661922454834,-3.521876335144043
1710536004739673313,9.05556869506836,-2.3782544136047363,-3.4560132026672363
1710536004779442403,9.066346168518066,-2.4010071754455566,-3.491938591003418
1710536004792038837,9.079519271850586,-2.36747670173645,-3.4991235733032227
1710536004815855179,9.104666709899902,-2.3626868724823,-3.5182836055755615
1710536004821138573,9.066346168518066,-2.366279363632202,-3.5182836055755615
1710536004835901207,9.072334289550781,-2.396217107772827,-3.4991235733032227
1710536004888817725,9.0914945602417,-2.3507115840911865,-3.535048723220825
1710536005017258084,9.060359001159668,-2.326761484146118,-3.524271249771118
1710536005017455871,9.072334289550781,-2.3914270401000977,-3.530258893966675
1710536005044332990,9.066346168518066,-2.343526601791382,-3.4859509468078613
1710536005103036194,9.069938659667969,-2.366279363632202,-3.4883458614349365
1710536005119909339,9.087902069091797,-2.3411316871643066,-3.530258893966675
1710536005147459595,9.05556869506836,-2.396217107772827,-3.462000846862793
1710536005168259258,9.080716133117676,-2.3483166694641113,-3.4955310821533203
1710536005174651474,9.072334289550781,-2.347119092941284,-3.5075061321258545
1710536005191638185,9.085506439208984,-2.373464345932007,-3.4955310821533203
1710536005216988026,9.072334289550781,-2.3279590606689453,-3.5254688262939453
1710536005233677323,9.059161186218262,-2.3698718547821045,-3.4691858291625977
1710536005239943925,9.066346168518066,-2.3495142459869385,-3.531456232070923
1710536005313396602,9.080716133117676,-2.3507115840911865,-3.521876335144043
1710536005340561554,9.059161186218262,-2.384242057800293,-3.5051109790802
1710536005348956788,9.079519271850586,-2.3602917194366455,-3.524271249771118
1710536005372137796,9.068741798400879,-2.366279363632202,-3.5278637409210205
1710536005382613157,9.075926780700684,-2.373464345932007,-3.5099010467529297
1710536005415064533,9.075926780700684,-2.3902294635772705,-3.523073673248291
1710536005426734783,9.067543983459473,-2.393821954727173,-3.490741014480591
1710536005458890990,9.079519271850586,-2.3590941429138184,-3.553011417388916
1710536005471047113,9.0914945602417,-2.323168992996216,-3.561393976211548
1710536005492179313,9.084308624267578,-2.396217107772827,-3.503913640975952
1710536005515269351,9.066346168518066,-2.3794519901275635,-3.4596056938171387
1710536005534159198,9.075926780700684,-2.365081787109375,-3.531456232070923
1710536005582766503,9.068741798400879,-2.375859260559082,-3.5182836055755615
1710536005606070853,9.072334289550781,-2.3207738399505615,-3.5254688262939453
1710536005622759911,9.06395149230957,-2.384242057800293,-3.4871485233306885
1710536005627101930,9.080716133117676,-2.39501953125,-3.5482213497161865
1710536005646022884,9.08670425415039,-2.39501953125,-3.531456232070923
1710536005705191849,9.080716133117676,-2.374661922454834,-3.5266661643981934
1710536005741077259,9.06395149230957,-2.3782544136047363,-3.5099010467529297
1710536005789062486,9.074728965759277,-2.347119092941284,-3.5158886909484863
1710536005841476291,9.062753677368164,-2.355501651763916,-3.5194811820983887
1710536005864792722,9.083111763000488,-2.386636972427368,-3.5266661643981934
1710536005879344127,9.074728965759277,-2.337538957595825,-3.544628858566284
1710536005896057514,9.087902069091797,-2.347119092941284,-3.5254688262939453
1710536005915137263,9.059161186218262,-2.3902294635772705,-3.503913640975952
1710536005944465569,9.074728965759277,-2.3602917194366455,-3.490741014480591
1710536005955228554,9.068741798400879,-2.3782544136047363,-3.5158886909484863
1710536005974041004,9.061556816101074,-2.3495142459869385,-3.4799633026123047
1710536006003166231,9.079519271850586,-2.363884210586548,-3.53265380859375
1710536006026405258,9.111851692199707,-2.3806493282318115,-3.5099010467529297
1710536006097821916,9.069938659667969,-2.3794519901275635,-3.5170862674713135
1710536006100170966,9.079519271850586,-2.3291563987731934,-3.543431282043457
1710536006129576480,9.073531150817871,-2.4022045135498047,-3.5374438762664795
1710536006140070248,9.077123641967773,-2.3998095989227295,-3.5182836055755615
1710536006146421220,9.065149307250977,-2.3902294635772705,-3.502716064453125
1710536006163197915,9.060359001159668,-2.374661922454834,-3.502716064453125
1710536006190489105,9.080716133117676,-2.3626868724823,-3.5254688262939453
1710536006196845871,9.061556816101074,-2.42256236076355,-3.5051109790802
1710536006236819897,9.072334289550781,-2.3602917194366455,-3.5362462997436523
1710536006257820867,9.084308624267578,-2.3806493282318115,-3.5254688262939453
1710536006289066775,9.072334289550781,-2.393821954727173,-3.5374438762664795
1710536006305973033,9.072334289550781,-2.3387365341186523,-3.4979259967803955
1710536006324780473,9.079519271850586,-2.343526601791382,-3.521876335144043
1710536006343767885,9.074728965759277,-2.33514404296875,-3.5170862674713135
1710536006358489979,9.062753677368164,-2.3495142459869385,-3.512296199798584
1710536006385953581,9.073531150817871,-2.4117846488952637,-3.5266661643981934
1710536006396432163,9.071136474609375,-2.374661922454834,-3.5087037086486816
1710536006404793022,9.081913948059082,-2.3614892959594727,-3.5170862674713135
1710536006423532776,9.059161186218262,-2.3806493282318115,-3.4955310821533203
1710536006473890536,9.065149307250977,-2.4010071754455566,-3.5170862674713135
1710536006499134601,9.057964324951172,-2.3602917194366455,-3.5254688262939453
1710536006522262531,9.084308624267578,-2.3698718547821045,-3.530258893966675
1710536006549541266,9.084308624267578,-2.3902294635772705,-3.5494189262390137
1710536006568558284,9.06395149230957,-2.377056837081909,-3.520678758621216
1710536006583269620,9.083111763000488,-2.377056837081909,-3.520678758621216
1710536006597823396,9.083111763000488,-2.3782544136047363,-3.5099010467529297
1710536006615357780,9.062753677368164,-2.377056837081909,-3.5170862674713135
1710536006652830050,9.066346168518066,-2.385439395904541,-3.4955310821533203
1710536006690678619,9.075926780700684,-2.3602917194366455,-3.5290613174438477
1710536006709698999,9.057964324951172,-2.3818469047546387,-3.490741014480591
1710536006717954229,9.066346168518066,-2.353106737136841,-3.511098623275757
1710536006739233480,9.074728965759277,-2.39501953125,-3.5170862674713135
1710536006753886245,9.05556869506836,-2.386636972427368,-3.5182836055755615
1710536006762385893,9.066346168518066,-2.3782544136047363,-3.5254688262939453
1710536006818747494,9.08670425415039,-2.366279363632202,-3.511098623275757
1710536006837827215,9.068741798400879,-2.33514404296875,-3.531456232070923
1710536006856680860,9.075926780700684,-2.3507115840911865,-3.5170862674713135
1710536006871419994,9.068741798400879,-2.42256236076355,-3.5374438762664795
1710536006896981414,9.059161186218262,-2.3698718547821045,-3.5063085556030273
1710536006966281608,9.07832145690918,-2.333946466445923,-3.5158886909484863
1710536006972678069,9.067543983459473,-2.355501651763916,-3.5254688262939453
1710536006987313801,9.059161186218262,-2.3806493282318115,-3.50032114982605
1710536006995787318,9.080716133117676,-2.3710694313049316,-3.5458264350891113
1710536007031135135,9.059161186218262,-2.39501953125,-3.50032114982605
1710536007042383612,9.068741798400879,-2.3578968048095703,-3.5290613174438477
1710536007058601802,9.083111763000488,-2.365081787109375,-3.5278637409210205
1710536007096453660,9.067543983459473,-2.3483166694641113,-3.503913640975952
1710536007113364387,9.073531150817871,-2.384242057800293,-3.524271249771118
1710536007161507427,9.06395149230957,-2.326761484146118,-3.494333505630493
1710536007176297400,9.067543983459473,-2.3878345489501953,-3.4979259967803955
1710536007188787468,9.077123641967773,-2.383044481277466,-3.554208993911743
1710536007214067416,9.083111763000488,-2.3794519901275635,-3.513493537902832
1710536007228890413,9.065149307250977,-2.384242057800293,-3.503913640975952
1710536007241367267,9.087902069091797,-2.386636972427368,-3.5290613174438477
1710536007260299748,9.065149307250977,-2.326761484146118,-3.514691114425659
1710536007304451726,9.068741798400879,-2.3890318870544434,-3.5063085556030273
1710536007337798679,9.079519271850586,-2.365081787109375,-3.530258893966675
1710536007339857315,9.081913948059082,-2.3710694313049316,-3.502716064453125
1710536007344152489,9.061556816101074,-2.366279363632202,-3.5194811820983887
1710536007377848532,9.062753677368164,-2.355501651763916,-3.501518487930298
1710536007400985669,9.074728965759277,-2.3710694313049316,-3.524271249771118
1710536007423799058,9.074728965759277,-2.3710694313049316,-3.524271249771118
1710536007432526301,9.066346168518066,-2.374661922454834,-3.514691114425659
1710536007463847229,9.081913948059082,-2.374661922454834,-3.533851385116577
1710536007495481886,9.085506439208984,-2.3578968048095703,-3.5182836055755615
1710536007533316961,9.074728965759277,-2.414179801940918,-3.5087037086486816
1710536007573178586,9.07832145690918,-2.3902294635772705,-3.5158886909484863
1710536007617039669,9.080716133117676,-2.384242057800293,-3.5087037086486816
1710536007638147193,9.068741798400879,-2.33514404296875,-3.524271249771118
1710536007669850296,9.07832145690918,-2.3399341106414795,-3.50032114982605
1710536007676360185,9.085506439208984,-2.356699228286743,-3.5601966381073
1710536007714039185,9.07832145690918,-2.354304313659668,-3.493135929107666
1710536007728787586,9.079519271850586,-2.406994581222534,-3.530258893966675
1710536007745582482,9.090296745300293,-2.3495142459869385,-3.5075061321258545
1710536007768795838,9.053174018859863,-2.355501651763916,-3.4164953231811523
1710536007783409847,9.056766510009766,-2.375859260559082,-3.4787659645080566
1710536007798007276,9.068741798400879,-2.506387948989868,-3.4799633026123047
1710536007815913684,9.073531150817871,-2.315983772277832,-3.4955310821533203
1710536007835686898,9.08670425415039,-2.313588857650757,-3.4859509468078613
1710536007863134686,9.059161186218262,-2.355501651763916,-3.491938591003418
1710536007900989846,9.057964324951172,-2.4189696311950684,-3.4883458614349365
1710536007934587076,9.093889236450195,-2.355501651763916,-3.5170862674713135
1710536007939435837,9.048383712768555,-2.5411157608032227,-3.4560132026672363
1710536007953425993,9.099876403808594,-2.3016138076782227,-3.5578014850616455
1710536007980789378,9.067543983459473,-2.1722826957702637,-3.5601966381073
1710536008001734362,9.05556869506836,-2.384242057800293,-3.4799633026123047
1710536008020628622,9.081913948059082,-2.4285497665405273,-3.551814079284668
1710536008058576045,9.097481727600098,-2.3806493282318115,-3.5793566703796387
1710536008102592574,9.057964324951172,-2.3087987899780273,-3.452420711517334
1710536008106792325,9.121432304382324,-2.304008722305298,-3.614084482192993
1710536008133997646,9.060359001159668,-2.2225780487060547,-3.4727783203125
1710536008140433692,9.07832145690918,-2.193837881088257,-3.621269464492798
1710536008159330009,9.144184112548828,-2.412982225418091,-3.574566602706909
1710536008175987743,9.103468894958496,-2.513572931289673,-3.5458264350891113
1710536008192835003,9.066346168518066,-2.384242057800293,-3.5374438762664795
1710536008215740245,9.072334289550781,-2.265688419342041,-3.511098623275757
1710536008232610906,9.077123641967773,-2.3111939430236816,-3.514691114425659
1710536008247567196,9.095087051391602,-2.1926403045654297,-3.611689567565918
1710536008255767196,9.036408424377441,-2.563868522644043,-3.421285390853882
1710536008268459186,9.056766510009766,-2.4393274784088135,-3.6092944145202637
1710536008299968451,9.090296745300293,-2.096839666366577,-3.5254688262939453
1710536008318861632,9.065149307250977,-2.355501651763916,-3.4775683879852295
1710536008344007086,9.051976203918457,-2.3507115840911865,-3.581751823425293
1710536008354743268,9.074728965759277,-2.30281138420105,-3.5566039085388184
1710536008373515682,9.077123641967773,-2.325563907623291,-3.494333505630493
1710536008394488536,9.05077838897705,-2.48722767829895,-3.4895434379577637
1710536008396446069,9.087902069091797,-2.433339834213257,-3.5961217880249023
1710536008426128698,9.1106538772583,-2.4213647842407227,-3.563789129257202
1710536008457654618,9.085506439208984,-2.36747670173645,-3.612886905670166
1710536008491475557,9.020840644836426,-2.375859260559082,-3.502716064453125
1710536008502130111,9.05556869506836,-2.4309449195861816,-3.584146738052368
1710536008522995952,9.092691421508789,-2.375859260559082,-3.453618049621582
1710536008542389038,9.054370880126953,-2.244133234024048,-3.5589990615844727
1710536008594328938,9.060359001159668,-2.365081787109375,-3.5685791969299316
1710536008604878181,9.060359001159668,-2.4117846488952637,-3.524271249771118
1710536008640745231,9.119036674499512,-2.4680676460266113,-3.5853443145751953
1710536008676875077,9.071136474609375,-2.296823740005493,-3.5194811820983887
1710536008712641162,9.040000915527344,-2.295626163482666,-3.484753370285034
1710536008742277646,9.119036674499512,-2.466870069503784,-3.563789129257202
1710536008767438338,9.037606239318848,-2.276466131210327,-3.4488282203674316
1710536008798737458,9.093889236450195,-2.3878345489501953,-3.535048723220825
1710536008834796015,9.053174018859863,-2.277663469314575,-3.5099010467529297
1710536008868705911,9.061556816101074,-2.3914270401000977,-3.530258893966675
1710536008887006305,9.067543983459473,-2.2752685546875,-3.5398387908935547
1710536008920910965,9.071136474609375,-2.286046028137207,-3.521876335144043
1710536008952422135,9.07832145690918,-2.4022045135498047,-3.582949161529541
1710536008983851363,9.075926780700684,-2.313588857650757,-3.5290613174438477
1710536009016570882,9.077123641967773,-2.3902294635772705,-3.513493537902832
1710536009049073982,9.065149307250977,-2.406994581222534,-3.4955310821533203
1710536009061618022,9.071136474609375,-2.333946466445923,-3.5673816204071045
1710536009102703505,9.084308624267578,-2.3722667694091797,-3.5266661643981934
1710536009120792366,9.075926780700684,-2.4680676460266113,-3.520678758621216
1710536009143822954,9.04119873046875,-2.253713369369507,-3.4787659645080566
1710536009156957539,9.062753677368164,-2.2920336723327637,-3.5063085556030273
1710536009171355493,9.071136474609375,-2.175875186920166,-3.530258893966675
1710536009200684964,9.062753677368164,-2.2620959281921387,-3.5194811820983887
1710536009219545586,9.061556816101074,-2.383044481277466,-3.4392480850219727
1710536009252964025,9.051976203918457,-2.366279363632202,-3.4991235733032227
1710536009265682057,9.060359001159668,-2.397414445877075,-3.561393976211548
1710536009291864690,9.083111763000488,-2.3902294635772705,-3.531456232070923
1710536009292894979,9.098679542541504,-2.337538957595825,-3.530258893966675
1710536009305886290,9.080716133117676,-2.2920336723327637,-3.541036367416382
1710536009318208636,9.056766510009766,-2.333946466445923,-3.4991235733032227
1710536009324545911,9.056766510009766,-2.333946466445923,-3.4991235733032227
1710536009354389630,9.089098930358887,-2.226170539855957,-3.533851385116577
1710536009366622863,9.075926780700684,-2.397414445877075,-3.56498646736145
1710536009385531181,9.0914945602417,-2.434537410736084,-3.5877392292022705
1710536009404449402,9.0914945602417,-2.434537410736084,-3.5877392292022705
1710536009421301046,9.053174018859863,-2.457289934158325,-3.4967284202575684
1710536009439855010,9.06395149230957,-2.344724178314209,-3.512296199798584
1710536009446163575,9.061556816101074,-2.355501651763916,-3.4763708114624023
1710536009450604782,9.059161186218262,-2.323168992996216,-3.553011417388916
1710536009473536013,9.06395149230957,-2.424957275390625,-3.5170862674713135
1710536009523034264,9.07832145690918,-2.4081921577453613,-3.531456232070923
1710536009530551867,9.1106538772583,-2.355501651763916,-3.6152820587158203
1710536009568262149,9.133406639099121,-2.026186466217041,-3.752995491027832
1710536009587038707,9.042396545410156,-2.234553337097168,-3.4775683879852295
1710536009603704352,9.030421257019043,-2.475252628326416,-3.411705255508423
1710536009622666789,9.025630950927734,-2.4692652225494385,-3.392545223236084
1710536009631047068,9.074728965759277,-2.2992186546325684,-3.544628858566284
1710536009675350131,9.093889236450195,-2.3614892959594727,-3.5781590938568115
1710536009681666557,9.087902069091797,-2.2692809104919434,-3.5158886909484863
1710536009709091910,9.07832145690918,-2.4584875106811523,-3.5266661643981934
1710536009719459036,9.057964324951172,-2.3878345489501953,-3.462000846862793
1710536009736281436,9.081913948059082,-2.48722767829895,-3.563789129257202
1710536009744779565,9.068741798400879,-2.5015978813171387,-3.523073673248291
1710536009778257514,9.075926780700684,-2.4489073753356934,-3.541036367416382
1710536009788913735,9.06395149230957,-2.433339834213257,-3.5051109790802
1710536009839154133,9.062753677368164,-2.212998151779175,-3.5051109790802
1710536009898002902,9.071136474609375,-2.446512460708618,-3.5075061321258545
1710536009950942879,9.074728965759277,-2.4788451194763184,-3.4655933380126953
1710536009963932741,9.072334289550781,-2.3626868724823,-3.512296199798584
1710536009993127906,9.085506439208984,-2.314786434173584,-3.524271249771118
1710536010013089291,9.071136474609375,-2.3710694313049316,-3.5374438762664795
1710536010031514480,9.06395149230957,-2.4081921577453613,-3.5470240116119385
1710536010041116911,9.079519271850586,-2.4081921577453613,-3.5470240116119385
1710536010049818268,9.056766510009766,-2.3578968048095703,-3.4955310821533203
1710536010062191641,9.068741798400879,-2.466870069503784,-3.5278637409210205
1710536010085689466,9.066346168518066,-2.3519091606140137,-3.4859509468078613
1710536010104517370,9.069938659667969,-2.384242057800293,-3.5254688262939453
1710536010127860682,9.060359001159668,-2.434537410736084,-3.524271249771118
1710536010152874750,9.053174018859863,-2.354304313659668,-3.535048723220825
1710536010173970766,9.066346168518066,-2.3399341106414795,-3.553011417388916
1710536010201251712,9.025630950927734,-2.343526601791382,-3.41290283203125
1710536010213679595,9.069938659667969,-2.315983772277832,-3.5362462997436523
1710536010264448183,9.104666709899902,-2.392624616622925,-3.5961217880249023
1710536010281066839,9.044791221618652,-2.3806493282318115,-3.41290283203125
1710536010285380281,9.093889236450195,-2.337538957595825,-3.5099010467529297
1710536010302284956,9.067543983459473,-2.296823740005493,-3.535048723220825
1710536010314852310,9.062753677368164,-2.533930778503418,-3.391347646713257
1710536010352729673,9.071136474609375,-2.3087987899780273,-3.562591552734375
1710536010390492487,9.095087051391602,-2.287243604660034,-3.6164793968200684
1710536010410036140,9.05556869506836,-2.277663469314575,-3.4596056938171387
1710536010415624153,9.062753677368164,-2.445314884185791,-3.4679882526397705
1710536010430325224,9.060359001159668,-2.2405407428741455,-3.4799633026123047
1710536010446861318,9.104666709899902,-2.565065860748291,-3.6464171409606934
1710536010463678807,9.073531150817871,-2.4297473430633545,-3.502716064453125
1710536010501632958,9.109457015991211,-2.276466131210327,-3.5266661643981934
1710536010518446065,9.035211563110352,-2.3483166694641113,-3.4679882526397705
1710536010568957073,9.008866310119629,-2.562670946121216,-3.2572264671325684
1710536010575251817,8.947793006896973,-2.556683301925659,-3.2332763671875
1710536010594277089,9.109457015991211,-2.353106737136841,-3.5290613174438477
1710536010617369080,9.096283912658691,-2.456092596054077,-3.524271249771118
1710536010632146877,9.04119873046875,-2.153122663497925,-3.4967284202575684
1710536010661619160,9.06395149230957,-2.347119092941284,-3.531456232070923
1710536010723482038,9.1106538772583,-2.272873640060425,-3.622467041015625
1710536010741689305,9.025630950927734,-2.325563907623291,-3.444038152694702
1710536010762726506,9.053174018859863,-2.452500104904175,-3.5458264350891113
1710536010785989391,9.061556816101074,-2.403402090072632,-3.5398387908935547
1710536010807002739,9.072334289550781,-2.0884571075439453,-3.5769617557525635
1710536010828112978,9.095087051391602,-2.403402090072632,-3.5781590938568115
1710536010844790452,9.067543983459473,-2.277663469314575,-3.521876335144043
1710536010879395263,9.092691421508789,-2.3614892959594727,-3.6380345821380615
1710536010901868545,9.103468894958496,-2.0405566692352295,-3.6284546852111816
1710536010921034295,9.085506439208984,-2.4716601371765137,-3.7050952911376953
1710536010937792580,9.072334289550781,-2.2201831340789795,-3.502716064453125
1710536010967081768,9.077123641967773,-2.2513184547424316,-3.6284546852111816
1710536010973467766,9.062753677368164,-2.385439395904541,-3.531456232070923
1710536011042944065,9.125024795532227,-2.384242057800293,-3.644022226333618
1710536011049004493,9.069938659667969,-2.144740104675293,-3.5685791969299316
1710536011076156474,9.030421257019043,-2.196232795715332,-3.444038152694702
1710536011099432079,8.999285697937012,-2.3722667694091797,-3.3362622261047363
1710536011133328832,9.087902069091797,-2.326761484146118,-3.5769617557525635
1710536011154453085,9.066346168518066,-2.304008722305298,-3.4560132026672363
1710536011209175446,9.048383712768555,-2.2189855575561523,-3.511098623275757
1710536011225601661,9.036408424377441,-2.2800586223602295,-3.4763708114624023
1710536011234314053,9.090296745300293,-2.4992029666900635,-3.623664617538452
1710536011267982248,9.068741798400879,-2.1231849193573,-3.551814079284668
1710536011274208661,9.06395149230957,-2.253713369369507,-3.5781590938568115
1710536011320318740,9.05077838897705,-2.424957275390625,-3.521876335144043
1710536011341229514,9.079519271850586,-2.4596850872039795,-3.590134382247925
1710536011362458064,9.054370880126953,-2.4800426959991455,-3.541036367416382
1710536011377119347,9.152566909790039,-2.184257745742798,-3.7577855587005615
1710536011427741655,9.171727180480957,-1.985471248626709,-3.7482056617736816
1710536011434185994,9.010063171386719,-2.624941349029541,-3.4081127643585205
1710536011440834152,9.069938659667969,-2.457289934158325,-3.533851385116577
1710536011465851545,9.081913948059082,-2.377056837081909,-3.530258893966675
1710536011482471387,9.04119873046875,-2.257305860519409,-3.4368529319763184
1710536011511885638,9.096283912658691,-2.234553337097168,-3.5470240116119385
1710536011532930095,9.029223442077637,-2.2501208782196045,-3.490741014480591
1710536011539258224,9.074728965759277,-2.3279590606689453,-3.5793566703796387
1710536011558182701,9.04119873046875,-2.266885995864868,-3.511098623275757
1710536011591940303,9.047185897827148,-2.2980213165283203,-3.4775683879852295
1710536011616901734,9.05556869506836,-2.452500104904175,-3.4955310821533203
1710536011629298308,9.092691421508789,-2.405797004699707,-3.594924211502075
1710536011642158826,9.090296745300293,-2.324366569519043,-3.594924211502075
1710536011696938760,9.077123641967773,-2.21539306640625,-3.4679882526397705
1710536011701107460,9.059161186218262,-2.5471031665802,-3.5290613174438477
1710536011724149464,9.065149307250977,-2.2716760635375977,-3.5601966381073
1710536011751382056,9.061556816101074,-2.373464345932007,-3.531456232070923
1710536011829083308,9.067543983459473,-2.3495142459869385,-3.523073673248291
1710536011845979158,9.08670425415039,-2.154320001602173,-3.5578014850616455
1710536011854394026,9.049581527709961,-2.4405248165130615,-3.4476306438446045
1710536011886036058,9.05077838897705,-2.553090810775757,-3.4500255584716797
1710536011915399644,9.099876403808594,-2.2896387577056885,-3.6092944145202637
1710536011936807035,9.090296745300293,-2.274070978164673,-3.5470240116119385
1710536011951118029,9.069938659667969,-2.4117846488952637,-3.512296199798584
1710536011959656044,9.081913948059082,-2.3279590606689453,-3.5266661643981934
1710536011982894760,9.090296745300293,-2.286046028137207,-3.5985169410705566
1710536012003733388,9.066346168518066,-2.423759698867798,-3.511098623275757
1710536012024981505,9.066346168518066,-2.414179801940918,-3.53265380859375
1710536012039387696,9.037606239318848,-2.1878502368927,-3.4655933380126953
1710536012079403215,9.073531150817871,-2.374661922454834,-3.530258893966675
1710536012083661404,9.061556816101074,-2.2381458282470703,-3.4967284202575684
1710536012087804458,9.077123641967773,-2.343526601791382,-3.574566602706909
1710536012098333129,9.096283912658691,-2.36747670173645,-3.6356396675109863
1710536012119456410,9.049581527709961,-2.433339834213257,-3.490741014480591
1710536012142212203,9.092691421508789,-2.393821954727173,-3.5158886909484863
1710536012171920623,9.071136474609375,-2.392624616622925,-3.584146738052368
1710536012216380132,9.103468894958496,-2.424957275390625,-3.660787343978882
1710536012295956809,9.0914945602417,-2.3099963665008545,-3.5470240116119385
1710536012317300119,9.099876403808594,-2.375859260559082,-3.554208993911743
1710536012331477465,9.053174018859863,-2.2992186546325684,-3.5087037086486816
1710536012358879211,9.059161186218262,-2.3614892959594727,-3.592529296875
1710536012377719665,9.07832145690918,-2.1495299339294434,-3.541036367416382
1710536012394602235,9.04119873046875,-2.344724178314209,-3.481160879135132
1710536012418567932,9.056766510009766,-2.337538957595825,-3.542233943939209
1710536012430185460,9.08670425415039,-2.4513025283813477,-3.554208993911743
1710536012453405690,9.08670425415039,-2.3411316871643066,-3.5362462997436523
1710536012482951267,9.079519271850586,-2.366279363632202,-3.541036367416382
1710536012507974725,9.075926780700684,-2.332749128341675,-3.533851385116577
1710536012539620093,9.069938659667969,-2.392624616622925,-3.533851385116577
1710536012550162442,9.06395149230957,-2.3806493282318115,-3.553011417388916
1710536012581659733,9.097481727600098,-2.3195765018463135,-3.683540105819702
1710536012682801940,9.097481727600098,-2.433339834213257,-3.582949161529541
1710536012703885429,9.023236274719238,-2.2692809104919434,-3.4093103408813477
1710536012739562620,9.036408424377441,-2.577040910720825,-3.490741014480591
1710536012821233889,9.077123641967773,-2.4105870723724365,-3.5482213497161865
1710536012878268429,9.07832145690918,-2.1914429664611816,-3.5877392292022705
1710536012916216490,9.077123641967773,-2.5207581520080566,-3.514691114425659
1710536012922648133,9.073531150817871,-2.205812931060791,-3.531456232070923
1710536012939191595,9.067543983459473,-2.4884252548217773,-3.5865416526794434
1710536012958363639,9.053174018859863,-2.3195765018463135,-3.542233943939209
1710536012979209639,9.089098930358887,-2.435734748840332,-3.602109432220459
1710536012993904765,9.054370880126953,-2.2094054222106934,-3.4284703731536865
1710536013014507956,9.036408424377441,-2.3291563987731934,-3.4691858291625977
1710536013016758926,9.057964324951172,-2.287243604660034,-3.53265380859375
1710536013033764986,9.061556816101074,-2.412982225418091,-3.5254688262939453
1710536013071619978,9.080716133117676,-2.2896387577056885,-3.642824649810791
1710536013086206664,9.134604454040527,-2.1507275104522705,-3.6799476146698
1710536013101305176,9.059161186218262,-2.4716601371765137,-3.531456232070923
1710536013117986760,9.045989036560059,-2.2788610458374023,-3.491938591003418
1710536013124360790,9.045989036560059,-2.2788610458374023,-3.544628858566284
1710536013151529299,9.096283912658691,-2.464475154876709,-3.640429735183716
1710536013191709776,9.038804054260254,-2.276466131210327,-3.4691858291625977
1710536013214846754,9.109457015991211,-2.4824378490448,-3.553011417388916
1710536013248083365,9.087902069091797,-2.305206298828125,-3.4799633026123047
1710536013262759806,9.067543983459473,-2.4105870723724365,-3.6068994998931885
1710536013269376590,9.054370880126953,-2.405797004699707,-3.4500255584716797
1710536013281790597,9.074728965759277,-2.2225780487060547,-3.5661840438842773
1710536013323755995,9.059161186218262,-2.502795457839966,-3.4895434379577637
1710536013328048268,9.075926780700684,-2.3399341106414795,-3.5458264350891113
1710536013351379521,9.051976203918457,-2.502795457839966,-3.4560132026672363
1710536013370289024,9.089098930358887,-2.347119092941284,-3.582949161529541
1710536013393449369,9.05556869506836,-2.2213807106018066,-3.464395761489868
1710536013405882571,9.05556869506836,-2.2213807106018066,-3.464395761489868
1710536013466664288,9.056766510009766,-2.3495142459869385,-3.5290613174438477
1710536013495136063,9.05077838897705,-2.3590941429138184,-3.470383405685425
1710536013517521640,9.087902069091797,-2.3399341106414795,-3.580554246902466
1710536013549141176,9.071136474609375,-2.3411316871643066,-3.503913640975952
1710536013578690031,9.059161186218262,-2.2884411811828613,-3.4979259967803955
1710536013631077821,9.057964324951172,-2.392624616622925,-3.5075061321258545
1710536013658211046,9.05556869506836,-2.337538957595825,-3.5051109790802
1710536013662656194,9.066346168518066,-2.354304313659668,-3.542233943939209
1710536013670927909,9.079519271850586,-2.403402090072632,-3.5386414527893066
1710536013689971705,9.071136474609375,-2.4501049518585205,-3.521876335144043
1710536013719411958,9.061556816101074,-2.42256236076355,-3.512296199798584
1710536013738255643,9.081913948059082,-2.337538957595825,-3.550616502761841
1710536013755641393,9.054370880126953,-2.3686742782592773,-3.484753370285034
1710536013780636286,9.062753677368164,-2.3686742782592773,-3.494333505630493
1710536013822544799,9.093889236450195,-2.3423290252685547,-3.5697765350341797
1710536013841590745,9.077123641967773,-2.257305860519409,-3.543431282043457
1710536013858402845,9.083111763000488,-2.386636972427368,-3.5254688262939453
1710536013919339620,9.097481727600098,-2.474055290222168,-3.6176769733428955
1710536013948724640,9.049581527709961,-2.244133234024048,-3.4667906761169434
1710536013984356802,9.062753677368164,-2.3016138076782227,-3.524271249771118
1710536014005284082,9.072334289550781,-2.3818469047546387,-3.5374438762664795
1710536014032797689,9.07832145690918,-2.276466131210327,-3.5458264350891113
1710536014062332552,9.074728965759277,-2.3399341106414795,-3.4895434379577637
1710536014068522960,9.066346168518066,-2.424957275390625,-3.520678758621216
1710536014074797510,9.074728965759277,-2.3111939430236816,-3.4655933380126953
1710536014091582960,9.06395149230957,-2.326761484146118,-3.542233943939209
1710536014108219665,9.066346168518066,-2.363884210586548,-3.512296199798584
1710536014141887477,9.084308624267578,-2.392624616622925,-3.602109432220459
1710536014167115672,9.028026580810547,-2.3076012134552,-3.5601966381073
1710536014207022866,9.072334289550781,-2.3614892959594727,-3.481160879135132
1710536014230021337,9.085506439208984,-2.4117846488952637,-3.523073673248291
1710536014247016307,9.098679542541504,-2.396217107772827,-3.5685791969299316
1710536014289222321,9.047185897827148,-2.366279363632202,-3.481160879135132
1710536014291364278,9.092691421508789,-2.315983772277832,-3.5793566703796387
1710536014316662740,9.057964324951172,-2.405797004699707,-3.453618049621582
1710536014327141835,9.080716133117676,-2.3986120223999023,-3.53265380859375
1710536014348271067,9.061556816101074,-2.287243604660034,-3.50032114982605
1710536014381741268,9.089098930358887,-2.356699228286743,-3.5170862674713135
1710536014434249480,9.05556869506836,-2.2812561988830566,-3.4763708114624023
1710536014463762537,9.08670425415039,-2.2980213165283203,-3.5266661643981934
1710536014493071553,9.085506439208984,-2.3902294635772705,-3.5589990615844727
1710536014497167301,9.087902069091797,-2.4297473430633545,-3.5182836055755615
