bag_timestamp_ns,accel0_x,accel0_y,accel0_z
1710528094609725123,9.278306007385254,1.2705578804016113,-3.305126905441284
1710528094644008673,9.286687850952148,1.2597802877426147,-3.3087193965911865
1710528094658650006,9.249565124511719,1.3040881156921387,-3.3386571407318115
1710528094681606789,9.275910377502441,1.2981005907058716,-3.275189161300659
1710528094712745292,9.273515701293945,1.2897180318832397,-3.312312126159668
1710528094721173981,9.262738227844238,1.2981005907058716,-3.302731990814209
1710528094759005939,9.259145736694336,1.3004956245422363,-3.302731990814209
1710528094765454297,9.253157615661621,1.2909154891967773,-3.3194971084594727
1710528094769835022,9.262738227844238,1.287322998046875,-3.323089599609375
1710528094809706353,9.255553245544434,1.2957055568695068,-3.312312126159668
1710528094834905349,9.260342597961426,1.2957055568695068,-3.3063244819641113
1710528094853832847,9.25794792175293,1.2921130657196045,-3.311114549636841
1710528094881158770,9.253157615661621,1.337618350982666,-3.3290772438049316
1710528094902279835,9.248368263244629,1.311273217201233,-3.3374598026275635
1710528094910859590,9.248368263244629,1.3064831495285034,-3.342249870300293
1710528094937741953,9.268725395202637,1.2837305068969727,-3.2775843143463135
1710528094946242258,9.249565124511719,1.307680606842041,-3.3159046173095703
1710528094963100029,9.262738227844238,1.2909154891967773,-3.335064649581909
1710528094994708929,9.289083480834961,1.2992980480194092,-3.291954278945923
1710528095000935975,9.241183280944824,1.307680606842041,-3.3398547172546387
1710528095024282579,9.261540412902832,1.2753479480743408,-3.312312126159668
1710528095064075564,9.256750106811523,1.2885204553604126,-3.3063244819641113
1710528095072680565,9.247170448303223,1.3100756406784058,-3.321892023086548
1710528095081081814,9.251960754394531,1.3124706745147705,-3.3290772438049316
1710528095095725931,9.263935089111328,1.2741503715515137,-3.313509464263916
1710528095127116240,9.261540412902832,1.2801378965377808,-3.3003368377685547
1710528095133387796,9.274713516235352,1.287322998046875,-3.291954278945923
1710528095158709881,9.259145736694336,1.296903133392334,-3.311114549636841
1710528095169271209,9.248368263244629,1.3148657083511353,-3.331472158432007
1710528095213524297,9.261540412902832,1.2909154891967773,-3.3063244819641113
1710528095260732352,9.263935089111328,1.3040881156921387,-3.3302745819091797
1710528095281002875,9.272317886352539,1.296903133392334,-3.313509464263916
1710528095287239701,9.259145736694336,1.3196557760238647,-3.2967443466186523
1710528095295702372,9.254355430603027,1.2837305068969727,-3.341052293777466
1710528095333576541,9.256750106811523,1.2861255407333374,-3.311114549636841
1710528095356662137,9.274713516235352,1.3052856922149658,-3.2991394996643066
1710528095377724079,9.263935089111328,1.3124706745147705,-3.3087193965911865
1710528095388252397,9.255553245544434,1.2957055568695068,-3.342249870300293
1710528095394637487,9.267528533935547,1.2957055568695068,-3.2979419231414795
1710528095440639914,9.250762939453125,1.3220508098602295,-3.3182995319366455
1710528095467943556,9.261540412902832,1.2992980480194092,-3.303929328918457
1710528095476386302,9.272317886352539,1.3040881156921387,-3.321892023086548
1710528095522381261,9.263935089111328,1.301693081855774,-3.3087193965911865
1710528095628057264,9.268725395202637,1.277742862701416,-3.312312126159668
1710528095651045068,9.255553245544434,1.3088781833648682,-3.3302745819091797
1710528095666004031,9.25794792175293,1.2885204553604126,-3.305126905441284
1710528095710712131,9.253157615661621,1.2945080995559692,-3.2979419231414795
1710528095710793126,9.248368263244629,1.2909154891967773,-3.3290772438049316
1710528095737160656,9.268725395202637,1.2897180318832397,-3.290756940841675
1710528095762647733,9.263935089111328,1.3064831495285034,-3.343447208404541
1710528095781743525,9.254355430603027,1.2992980480194092,-3.2703990936279297
1710528095790056021,9.255553245544434,1.302890658378601,-3.333867073059082
1710528095829911435,9.274713516235352,1.302890658378601,-3.290756940841675
1710528095846811321,9.277108192443848,1.2909154891967773,-3.305126905441284
1710528095859377737,9.259145736694336,1.2801378965377808,-3.282374382019043
1710528095874190577,9.269923210144043,1.3400133848190308,-3.3182995319366455
1710528095888872672,9.255553245544434,1.2825329303741455,-3.331472158432007
1710528095913827954,9.247170448303223,1.307680606842041,-3.333867073059082
1710528095920174787,9.25794792175293,1.3148657083511353,-3.333867073059082
1710528095943548891,9.26633071899414,1.281335473060608,-3.290756940841675
1710528095993713193,9.249565124511719,1.2957055568695068,-3.3362622261047363
1710528095997925269,9.261540412902832,1.2849279642105103,-3.291954278945923
1710528096029373678,9.263935089111328,1.301693081855774,-3.3266820907592773
1710528096055161751,9.251960754394531,1.3052856922149658,-3.3374598026275635
1710528096077884964,9.254355430603027,1.2957055568695068,-3.272794246673584
1710528096151408323,9.27112102508545,1.3088781833648682,-3.3075220584869385
1710528096172487711,9.263935089111328,1.293310523033142,-3.3063244819641113
1710528096174904573,9.254355430603027,1.3208532333374023,-3.3159046173095703
1710528096189242958,9.268725395202637,1.3052856922149658,-3.341052293777466
1710528096216771480,9.251960754394531,1.293310523033142,-3.323089599609375
1710528096242333170,9.260342597961426,1.3052856922149658,-3.3099169731140137
1710528096261012841,9.263935089111328,1.3064831495285034,-3.324287176132202
1710528096273577842,9.247170448303223,1.2957055568695068,-3.3003368377685547
1710528096313489156,9.253157615661621,1.3136682510375977,-3.294349431991577
1710528096317640239,9.253157615661621,1.3136682510375977,-3.294349431991577
1710528096345005557,9.260342597961426,1.307680606842041,-3.314707040786743
1710528096381032934,9.25794792175293,1.3088781833648682,-3.302731990814209
1710528096412808696,9.25794792175293,1.2849279642105103,-3.3063244819641113
1710528096441994060,9.255553245544434,1.2957055568695068,-3.331472158432007
1710528096448397024,9.261540412902832,1.3088781833648682,-3.32548451423645
1710528096458766318,9.267528533935547,1.307680606842041,-3.3063244819641113
1710528096486283561,9.25794792175293,1.311273217201233,-3.3278796672821045
1710528096547154050,9.25794792175293,1.302890658378601,-3.3302745819091797
1710528096584896269,9.254355430603027,1.3184581995010376,-3.312312126159668
1710528096623201485,9.256750106811523,1.2992980480194092,-3.3075220584869385
1710528096624728946,9.248368263244629,1.307680606842041,-3.321892023086548
1710528096649924853,9.263935089111328,1.2957055568695068,-3.302731990814209
1710528096662645680,9.255553245544434,1.2921130657196045,-3.312312126159668
1710528096687845747,9.253157615661621,1.2849279642105103,-3.3171019554138184
1710528096712273213,9.261540412902832,1.311273217201233,-3.295546770095825
1710528096746483688,9.262738227844238,1.2861255407333374,-3.3063244819641113
1710528096754985137,9.253157615661621,1.3004956245422363,-3.314707040786743
1710528096773968002,9.249565124511719,1.293310523033142,-3.302731990814209
1710528096794991700,9.256750106811523,1.293310523033142,-3.3075220584869385
1710528096811974206,9.255553245544434,1.2981005907058716,-3.3374598026275635
1710528096845395186,9.28070068359375,1.2825329303741455,-3.2799792289733887
1710528096923266363,9.24357795715332,1.2921130657196045,-3.332669734954834
1710528096935865361,9.261540412902832,1.3100756406784058,-3.313509464263916
1710528096942214698,9.25794792175293,1.2837305068969727,-3.301534414291382
1710528096965442580,9.26633071899414,1.3148657083511353,-3.3099169731140137
1710528096986580867,9.25794792175293,1.2897180318832397,-3.3302745819091797
1710528097015838283,9.253157615661621,1.311273217201233,-3.301534414291382
1710528097047482942,9.263935089111328,1.296903133392334,-3.314707040786743
1710528097068496713,9.248368263244629,1.296903133392334,-3.323089599609375
1710528097089437628,9.263935089111328,1.3148657083511353,-3.32548451423645
1710528097116539600,9.253157615661621,1.293310523033142,-3.321892023086548
1710528097139969968,9.267528533935547,1.3088781833648682,-3.305126905441284
1710528097154552563,9.261540412902832,1.2897180318832397,-3.3206946849823
1710528097165003823,9.256750106811523,1.2849279642105103,-3.3075220584869385
1710528097200901591,9.274713516235352,1.3100756406784058,-3.3159046173095703
1710528097217703918,9.250762939453125,1.2981005907058716,-3.3099169731140137
1710528097230281783,9.250762939453125,1.301693081855774,-3.3290772438049316
1710528097263815946,9.261540412902832,1.2945080995559692,-3.311114549636841
1710528097311891563,9.26633071899414,1.302890658378601,-3.313509464263916
1710528097334955082,9.25794792175293,1.2921130657196045,-3.331472158432007
1710528097346284279,9.25794792175293,1.2921130657196045,-3.331472158432007
1710528097352071076,9.254355430603027,1.3064831495285034,-3.3206946849823
1710528097379456387,9.260342597961426,1.307680606842041,-3.314707040786743
1710528097438470352,9.273515701293945,1.2861255407333374,-3.3194971084594727
1710528097484621562,9.254355430603027,1.302890658378601,-3.331472158432007
1710528097510677245,9.259145736694336,1.3088781833648682,-3.314707040786743
1710528097520583594,9.256750106811523,1.2825329303741455,-3.3182995319366455
1710528097551936906,9.256750106811523,1.3220508098602295,-3.3099169731140137
1710528097592517354,9.249565124511719,1.2992980480194092,-3.313509464263916
1710528097598463370,9.259145736694336,1.3088781833648682,-3.311114549636841
1710528097627714233,9.247170448303223,1.2992980480194092,-3.3075220584869385
1710528097645073880,9.259145736694336,1.2909154891967773,-3.311114549636841
1710528097667547789,9.261540412902832,1.3064831495285034,-3.3266820907592773
1710528097682803497,9.253157615661621,1.296903133392334,-3.2979419231414795
1710528097709003679,9.250762939453125,1.326840877532959,-3.303929328918457
1710528097709537319,9.263935089111328,1.301693081855774,-3.312312126159668
1710528097734929148,9.261540412902832,1.3040881156921387,-3.311114549636841
1710528097772783431,9.254355430603027,1.2849279642105103,-3.303929328918457
1710528097795894687,9.26633071899414,1.307680606842041,-3.3159046173095703
1710528097797980799,9.260342597961426,1.296903133392334,-3.3182995319366455
1710528097825171579,9.260342597961426,1.302890658378601,-3.3194971084594727
1710528097850425462,9.255553245544434,1.3148657083511353,-3.301534414291382
1710528097863152301,9.268725395202637,1.3040881156921387,-3.314707040786743
1710528097885972502,9.262738227844238,1.2909154891967773,-3.3087193965911865
1710528097921548783,9.253157615661621,1.3184581995010376,-3.343447208404541
1710528097936223062,9.248368263244629,1.3148657083511353,-3.335064649581909
1710528097959296509,9.261540412902832,1.2897180318832397,-3.294349431991577
1710528097968128650,9.261540412902832,1.2897180318832397,-3.294349431991577
1710528097986835085,9.26633071899414,1.3100756406784058,-3.2656090259552
1710528098001612891,9.277108192443848,1.302890658378601,-3.3362622261047363
1710528098020574863,9.277108192443848,1.2945080995559692,-3.323089599609375
1710528098041636377,9.26633071899414,1.3088781833648682,-3.324287176132202
1710528098054135356,9.251960754394531,1.2957055568695068,-3.324287176132202
1710528098071003538,9.269923210144043,1.307680606842041,-3.314707040786743
1710528098102526213,9.260342597961426,1.2897180318832397,-3.3182995319366455
1710528098133785207,9.248368263244629,1.3100756406784058,-3.313509464263916
1710528098137765362,9.249565124511719,1.2992980480194092,-3.3290772438049316
1710528098163268223,9.256750106811523,1.3280383348464966,-3.3171019554138184
1710528098186506372,9.262738227844238,1.2957055568695068,-3.3063244819641113
1710528098199282463,9.254355430603027,1.307680606842041,-3.3206946849823
1710528098230545584,9.25794792175293,1.302890658378601,-3.305126905441284
1710528098266462940,9.262738227844238,1.2849279642105103,-3.3290772438049316
1710528098279080884,9.253157615661621,1.3040881156921387,-3.311114549636841
1710528098293741719,9.250762939453125,1.2957055568695068,-3.3266820907592773
1710528098337985359,9.247170448303223,1.301693081855774,-3.313509464263916
1710528098361019280,9.256750106811523,1.2992980480194092,-3.3063244819641113
1710528098407515515,9.245972633361816,1.293310523033142,-3.3290772438049316
1710528098457855499,9.251960754394531,1.3040881156921387,-3.3182995319366455
1710528098497465130,9.25794792175293,1.2897180318832397,-3.333867073059082
1710528098520431900,9.262738227844238,1.311273217201233,-3.3087193965911865
1710528098550242150,9.255553245544434,1.301693081855774,-3.341052293777466
1710528098573155479,9.259145736694336,1.3184581995010376,-3.324287176132202
1710528098600264842,9.260342597961426,1.3064831495285034,-3.323089599609375
1710528098625465615,9.261540412902832,1.2981005907058716,-3.331472158432007
1710528098646680078,9.253157615661621,1.3160632848739624,-3.3206946849823
1710528098673640917,9.255553245544434,1.2921130657196045,-3.332669734954834
1710528098688403599,9.254355430603027,1.301693081855774,-3.323089599609375
1710528098722289505,9.247170448303223,1.3004956245422363,-3.3206946849823
1710528098747392798,9.265132904052734,1.323248267173767,-3.302731990814209
1710528098793404115,9.259145736694336,1.307680606842041,-3.3182995319366455
1710528098808172413,9.267528533935547,1.293310523033142,-3.313509464263916
1710528098827069021,9.253157615661621,1.3124706745147705,-3.314707040786743
1710528098852146720,9.267528533935547,1.3052856922149658,-3.3374598026275635
1710528098891994676,9.272317886352539,1.307680606842041,-3.3206946849823
1710528098900302068,9.272317886352539,1.2897180318832397,-3.313509464263916
1710528098914642654,9.26633071899414,1.3088781833648682,-3.3362622261047363
1710528098933888105,9.254355430603027,1.311273217201233,-3.3075220584869385
1710528098961301885,9.254355430603027,1.3004956245422363,-3.3003368377685547
1710528098972122671,9.250762939453125,1.287322998046875,-3.3362622261047363
1710528099003441596,9.25794792175293,1.3040881156921387,-3.3194971084594727
1710528099013901987,9.277108192443848,1.301693081855774,-3.3194971084594727
1710528099037105357,9.250762939453125,1.3052856922149658,-3.324287176132202
1710528099055986796,9.259145736694336,1.2992980480194092,-3.302731990814209
1710528099085294399,9.25794792175293,1.2861255407333374,-3.29315185546875
1710528099093744555,9.256750106811523,1.2909154891967773,-3.335064649581909
1710528099112522458,9.253157615661621,1.296903133392334,-3.3182995319366455
1710528099181704532,9.260342597961426,1.3160632848739624,-3.32548451423645
1710528099190252245,9.262738227844238,1.3136682510375977,-3.2979419231414795
1710528099204932487,9.248368263244629,1.3172607421875,-3.3374598026275635
1710528099225749657,9.251960754394531,1.3088781833648682,-3.3386571407318115
1710528099267745452,9.27112102508545,1.293310523033142,-3.324287176132202
1710528099297157511,9.254355430603027,1.3088781833648682,-3.3302745819091797
1710528099301398020,9.253157615661621,1.296903133392334,-3.3194971084594727
1710528099328834053,9.253157615661621,1.3100756406784058,-3.311114549636841
1710528099370661527,9.25794792175293,1.2992980480194092,-3.313509464263916
1710528099377461832,9.259145736694336,1.3100756406784058,-3.3266820907592773
1710528099400024761,9.259145736694336,1.287322998046875,-3.3266820907592773
1710528099419144114,9.254355430603027,1.287322998046875,-3.3171019554138184
1710528099490704971,9.253157615661621,1.3064831495285034,-3.3482372760772705
1710528099528437691,9.261540412902832,1.302890658378601,-3.253633975982666
1710528099564304832,9.27112102508545,1.3100756406784058,-3.2177088260650635
1710528099570663432,9.248368263244629,1.2849279642105103,-3.430865526199341
1710528099593689227,9.279502868652344,1.272952914237976,-3.223696231842041
1710528099600041336,9.27112102508545,1.3064831495285034,-3.254831552505493
1710528099616871340,9.245972633361816,1.3148657083511353,-3.3590149879455566
1710528099646110652,9.286687850952148,1.2645703554153442,-3.3302745819091797
1710528099683723890,9.285490989685059,1.2621753215789795,-3.251239061355591
1710528099700565012,9.263935089111328,1.2945080995559692,-3.295546770095825
1710528099728242431,9.279502868652344,1.2705578804016113,-3.264411687850952
1710528099762057640,9.269923210144043,1.2525951862335205,-3.283571720123291
1710528099781140530,9.247170448303223,1.3064831495285034,-3.370990037918091
1710528099795419327,9.248368263244629,1.3292357921600342,-3.3889527320861816
1710528099818566875,9.251960754394531,1.2945080995559692,-3.3578174114227295
1710528099866836871,9.259145736694336,1.281335473060608,-3.273991584777832
1710528099915040667,9.263935089111328,1.3292357921600342,-3.3003368377685547
1710528099921207922,9.267528533935547,1.2897180318832397,-3.3398547172546387
1710528099969957715,9.262738227844238,1.301693081855774,-3.3386571407318115
1710528100001333358,9.256750106811523,1.2957055568695068,-3.4164953231811523
1710528100020315888,9.262738227844238,1.032253384590149,-3.53265380859375
1710528100047744408,9.095087051391602,1.13763427734375,-3.0668225288391113
1710528100070823122,9.315428733825684,1.742376685142517,-2.6309289932250977
1710528100104697061,9.244775772094727,1.3172607421875,-3.1602282524108887
1710528100116910790,9.250762939453125,1.2454102039337158,-3.604504346847534
1710528100140855869,9.238787651062012,1.331630825996399,-3.344644784927368
1710528100161091461,9.261540412902832,1.2837305068969727,-3.254831552505493
1710528100192494969,9.248368263244629,1.3052856922149658,-3.4967284202575684
1710528100205339997,9.315428733825684,1.2525951862335205,-3.2260913848876953
1710528100232316977,9.237590789794922,1.43701171875,-3.3159046173095703
1710528100251050973,9.23519515991211,1.3160632848739624,-3.423680305480957
1710528100280681589,9.31782341003418,1.2358300685882568,-3.1901659965515137
1710528100312062981,9.233997344970703,1.3795312643051147,-3.38057017326355
1710528100326609738,9.250762939453125,1.2981005907058716,-3.3099169731140137
1710528100343721424,9.245972633361816,1.2789404392242432,-3.4500255584716797
1710528100375317538,9.29028034210205,1.2657678127288818,-3.223696231842041
1710528100394700842,9.232800483703613,1.3747411966323853,-3.211721181869507
1710528100406680910,9.268725395202637,1.2250524759292603,-3.362607479095459
1710528100444410320,9.275910377502441,1.307680606842041,-3.282374382019043
1710528100471760169,9.259145736694336,1.287322998046875,-3.382965087890625
1710528100498950926,9.263935089111328,1.2921130657196045,-3.2967443466186523
1710528100523900225,9.249565124511719,1.3148657083511353,-3.2763867378234863
1710528100545147397,9.298663139343262,1.2657678127288818,-3.454815626144409
1710528100561897575,9.296268463134766,1.1903246641159058,-3.5973193645477295
1710528100591470329,9.263935089111328,1.5376025438308716,-2.865640878677368
1710528100620832375,9.302255630493164,1.2454102039337158,-3.44523549079895
1710528100728534486,9.259145736694336,1.3855187892913818,-3.2859668731689453
1710528100755426255,9.268725395202637,1.2166699171066284,-3.341052293777466
1710528100786947908,9.251960754394531,1.3663586378097534,-3.2656090259552
1710528100833379260,9.255553245544434,1.3483959436416626,-3.324287176132202
1710528100843925542,9.278306007385254,1.241817593574524,-3.343447208404541
1710528100864707896,9.274713516235352,1.3340258598327637,-3.2476465702056885
1710528100873176720,9.236392974853516,1.323248267173767,-3.223696231842041
1710528100919157685,9.262738227844238,1.3495935201644897,-3.3470396995544434
1710528100961237339,9.248368263244629,1.3340258598327637,-3.2500414848327637
1710528100972032037,9.262738227844238,1.347198486328125,-3.2859668731689453
1710528101033043755,9.272317886352539,1.2837305068969727,-3.281176805496216
1710528101055876544,9.265132904052734,1.3256433010101318,-3.2703990936279297
1710528101106232489,9.26633071899414,1.272952914237976,-3.335064649581909
1710528101108202308,9.32620620727539,1.2861255407333374,-3.5087037086486816
1710528101118664491,9.274713516235352,1.5232324600219727,-2.714754581451416
1710528101131257787,9.229207992553711,1.3448034524917603,-3.335064649581909
1710528101154787836,9.229207992553711,1.038240909576416,-3.5458264350891113
1710528101186332293,9.2112455368042,1.2358300685882568,-3.484753370285034
1710528101211410190,9.286687850952148,1.2645703554153442,-3.294349431991577
1710528101232488455,9.274713516235352,1.3855187892913818,-3.182981014251709
1710528101240796057,9.238787651062012,1.3304333686828613,-3.2656090259552
1710528101282824468,9.247170448303223,1.2885204553604126,-3.283571720123291
1710528101289162072,9.241183280944824,1.3424084186553955,-3.3793725967407227
1710528101303987157,9.29507064819336,1.2909154891967773,-3.2703990936279297
1710528101323395565,9.263935089111328,1.2490026950836182,-3.264411687850952
1710528101358823796,9.226812362670898,1.3436059951782227,-3.295546770095825
1710528101402599821,9.293872833251953,1.3124706745147705,-3.3266820907592773
1710528101467660620,9.28070068359375,1.2154724597930908,-3.3386571407318115
1710528101512655372,9.28070068359375,1.3004956245422363,-3.323089599609375
1710528101536578470,9.253157615661621,1.347198486328125,-3.253633975982666
1710528101585894418,9.253157615661621,1.2645703554153442,-3.332669734954834
1710528101608681509,9.253157615661621,1.3388159275054932,-3.2871642112731934
1710528101636140644,9.284293174743652,1.1843371391296387,-3.623664617538452
1710528101663236078,9.204059600830078,1.1711645126342773,-3.4404456615448
1710528101684369348,9.233997344970703,1.2645703554153442,-3.38057017326355
1710528101713896734,9.285490989685059,1.2358300685882568,-3.3661999702453613
1710528101714017215,9.314230918884277,1.4154565334320068,-3.1506481170654297
1710528101724030698,9.285490989685059,1.3256433010101318,-3.2967443466186523
1710528101739042855,9.249565124511719,1.211879849433899,-3.4584081172943115
1710528101758538458,9.316625595092773,1.3483959436416626,-3.2703990936279297
1710528101783325479,9.228010177612305,1.3400133848190308,-3.135080575942993
1710528101842167328,9.283095359802246,1.3783336877822876,-3.2775843143463135
1710528101846689145,9.244775772094727,1.3304333686828613,-3.290756940841675
1710528101874094339,9.265132904052734,1.2693603038787842,-3.2979419231414795
1710528101928314973,9.245972633361816,1.3939013481140137,-3.253633975982666
1710528101930313445,9.260342597961426,1.272952914237976,-3.3206946849823
1710528101946017494,9.273515701293945,1.3040881156921387,-3.2093262672424316
1710528101976802995,9.279502868652344,1.3388159275054932,-3.2464489936828613
1710528102017109142,9.283095359802246,1.293310523033142,-3.281176805496216
1710528102041989930,9.316625595092773,1.293310523033142,-3.2967443466186523
1710528102048261216,9.265132904052734,1.3064831495285034,-3.344644784927368
1710528102067226393,9.265132904052734,1.3244458436965942,-3.271596670150757
1710528102073378402,9.268725395202637,1.3448034524917603,-3.244053840637207
1710528102092300009,9.27112102508545,1.2753479480743408,-3.3470396995544434
1710528102115245198,9.269923210144043,1.3148657083511353,-3.382965087890625
1710528102145033859,9.269923210144043,1.3292357921600342,-3.342249870300293
1710528102168009470,9.289083480834961,1.293310523033142,-3.2584240436553955
1710528102191439722,9.383686065673828,1.2789404392242432,-3.682342529296875
1710528102212294414,9.17531967163086,1.211879849433899,-3.410507917404175
1710528102218566259,9.238787651062012,1.3950989246368408,-2.9303064346313477
1710528102241493897,9.241183280944824,1.1711645126342773,-3.511098623275757
1710528102273066898,9.289083480834961,1.371148705482483,-3.184178352355957
1710528102279338561,9.269923210144043,1.3292357921600342,-3.321892023086548
1710528102302407876,9.287885665893555,1.1987072229385376,-3.4356555938720703
1710528102353023885,9.261540412902832,1.2382251024246216,-3.3266820907592773
1710528102361362335,9.275910377502441,1.3735437393188477,-3.3278796672821045
1710528102374012295,9.263935089111328,1.2597802877426147,-3.281176805496216
1710528102393109306,9.249565124511719,1.3891112804412842,-3.3003368377685547
1710528102405699378,9.249565124511719,1.3891112804412842,-3.3003368377685547
1710528102422450598,9.262738227844238,1.2597802877426147,-3.2787816524505615
1710528102443333817,9.277108192443848,1.3460010290145874,-3.254831552505493
1710528102470676875,9.287885665893555,1.2490026950836182,-3.365002393722534
1710528102493698094,9.249565124511719,1.3040881156921387,-3.230881452560425
1710528102516878782,9.263935089111328,1.383123755455017,-3.301534414291382
1710528102550584649,9.251960754394531,1.3579760789871216,-3.342249870300293
1710528102561066309,9.287885665893555,1.2657678127288818,-3.3482372760772705
1710528102569382925,9.250762939453125,1.326840877532959,-3.2500414848327637
1710528102697876379,9.255553245544434,1.3591735363006592,-3.294349431991577
1710528102711128272,9.291478157043457,1.2992980480194092,-3.2883617877960205
1710528102722981145,9.322613716125488,1.241817593574524,-3.481160879135132
1710528102744088791,9.163344383239746,1.1555969715118408,-3.4296679496765137
1710528102765266220,9.239985466003418,1.383123755455017,-2.9470715522766113
1710528102821960893,9.268725395202637,1.4705419540405273,-3.1302905082702637
1710528102855570962,9.241183280944824,1.2094848155975342,-3.4584081172943115
1710528102882785548,9.262738227844238,1.247805118560791,-3.2859668731689453
1710528102889014315,9.277108192443848,1.2921130657196045,-3.3087193965911865
1710528102897475651,9.285490989685059,1.383123755455017,-3.2859668731689453
1710528102954322534,9.302255630493164,1.3591735363006592,-3.282374382019043
1710528102969195233,9.29507064819336,1.3448034524917603,-3.2775843143463135
1710528102992174015,9.281898498535156,1.3352234363555908,-3.2596216201782227
1710528103013163690,9.272317886352539,1.3543835878372192,-3.2656090259552
1710528103036354745,9.275910377502441,1.3388159275054932,-3.321892023086548
1710528103077006692,9.28070068359375,1.2406201362609863,-3.3781750202178955
1710528103116006815,9.261540412902832,1.237027645111084,-3.342249870300293
1710528103122248800,9.273515701293945,1.3986914157867432,-3.2177088260650635
1710528103164866377,9.297466278076172,1.2645703554153442,-3.3374598026275635
1710528103208828797,9.261540412902832,1.347198486328125,-3.2260913848876953
1710528103213050284,9.250762939453125,1.3160632848739624,-3.3566198348999023
1710528103219510825,9.286687850952148,1.2837305068969727,-3.294349431991577
1710528103238372511,9.287885665893555,1.353186011314392,-3.2991394996643066
1710528103269847384,9.29507064819336,1.3124706745147705,-3.264411687850952
1710528103322418944,9.259145736694336,1.3579760789871216,-3.3171019554138184
1710528103349955014,9.274713516235352,1.3519885540008545,-3.123105525970459
1710528103360323357,9.250762939453125,1.3495935201644897,-3.305126905441284
1710528103379324250,9.256750106811523,1.2657678127288818,-3.332669734954834
1710528103463179191,9.275910377502441,1.3196557760238647,-3.232078790664673
1710528103477924122,9.256750106811523,1.3340258598327637,-3.3398547172546387
1710528103510840365,9.273515701293945,1.2753479480743408,-3.29315185546875
1710528103511201760,9.277108192443848,1.367556095123291,-3.222498893737793
1710528103549465541,9.285490989685059,1.353186011314392,-3.2560291290283203
1710528103602076978,9.285490989685059,1.3148657083511353,-3.2692017555236816
1710528103627104885,9.278306007385254,1.3196557760238647,-3.291954278945923
1710528103686064798,9.268725395202637,1.3124706745147705,-3.303929328918457
1710528103692533192,9.27112102508545,1.331630825996399,-3.2572264671325684
1710528103710637552,9.269923210144043,1.353186011314392,-3.2787816524505615
1710528103743097048,9.275910377502441,1.3364208936691284,-3.2692017555236816
1710528103749317964,9.274713516235352,1.341210961341858,-3.3087193965911865
1710528103783235303,9.29028034210205,1.2849279642105103,-3.342249870300293
1710528103795534145,9.28070068359375,1.3208532333374023,-3.2488439083099365
1710528103810254830,9.274713516235352,1.337618350982666,-3.2871642112731934
1710528103816628717,9.273515701293945,1.3220508098602295,-3.3398547172546387
1710528103829370443,9.29028034210205,1.3448034524917603,-3.235671281814575
1710528103864995616,9.285490989685059,1.3603711128234863,-3.2584240436553955
1710528103890242180,9.28070068359375,1.3064831495285034,-3.2069311141967773
1710528103928101275,9.26633071899414,1.3244458436965942,-3.3099169731140137
1710528103987095356,9.239985466003418,1.3436059951782227,-3.2596216201782227
1710528104012184374,9.247170448303223,1.3100756406784058,-3.2165112495422363
1710528104068798069,9.281898498535156,1.3052856922149658,-3.232078790664673
1710528104089825920,9.274713516235352,1.3100756406784058,-3.2272887229919434
1710528104112915415,9.292675971984863,1.3148657083511353,-3.253633975982666
1710528104125182204,9.255553245544434,1.3400133848190308,-3.3602123260498047
1710528104135936615,9.283095359802246,1.296903133392334,-3.272794246673584
1710528104150613399,9.283095359802246,1.296903133392334,-3.272794246673584
1710528104158949840,9.272317886352539,1.347198486328125,-3.295546770095825
1710528104169312463,9.274713516235352,1.311273217201233,-3.284769296646118
1710528104188492552,9.299860954284668,1.3448034524917603,-3.232078790664673
1710528104217854189,9.268725395202637,1.3400133848190308,-3.302731990814209
1710528104238928008,9.279502868652344,1.293310523033142,-3.2871642112731934
1710528104278637048,9.284293174743652,1.323248267173767,-3.2368688583374023
1710528104313312823,9.279502868652344,1.311273217201233,-3.275189161300659
1710528104333137925,9.279502868652344,1.3160632848739624,-3.3482372760772705
1710528104379714931,9.275910377502441,1.326840877532959,-3.3266820907592773
1710528104417273487,9.250762939453125,1.341210961341858,-3.2332763671875
1710528104431974824,9.27112102508545,1.3160632848739624,-3.3386571407318115
1710528104440453830,9.285490989685059,1.3052856922149658,-3.3003368377685547
1710528104467795587,9.284293174743652,1.2945080995559692,-3.2476465702056885
1710528104476023974,9.309440612792969,1.3256433010101318,-3.222498893737793
1710528104494839046,9.254355430603027,1.3555810451507568,-3.2572264671325684
1710528104510007514,9.267528533935547,1.326840877532959,-3.26081919670105
1710528104564414964,9.265132904052734,1.3591735363006592,-3.2967443466186523
1710528104604578877,9.272317886352539,1.3388159275054932,-3.2979419231414795
1710528104625729672,9.286687850952148,1.302890658378601,-3.2560291290283203
1710528104659430792,9.263935089111328,1.323248267173767,-3.254831552505493
1710528104688740232,9.285490989685059,1.3220508098602295,-3.2332763671875
1710528104724277602,9.273515701293945,1.3352234363555908,-3.284769296646118
1710528104764472991,9.284293174743652,1.3424084186553955,-3.26081919670105
1710528104785411824,9.28070068359375,1.3088781833648682,-3.262016534805298
1710528104813250979,9.25794792175293,1.361568570137024,-3.264411687850952
1710528104867505853,9.285490989685059,1.3436059951782227,-3.275189161300659
1710528104876012955,9.275910377502441,1.3196557760238647,-3.3290772438049316
1710528104924069652,9.267528533935547,1.3064831495285034,-3.254831552505493
1710528104938820846,9.285490989685059,1.3400133848190308,-3.282374382019043
1710528104951728559,9.284293174743652,1.3304333686828613,-3.2476465702056885
1710528104987342101,9.275910377502441,1.323248267173767,-3.3374598026275635
1710528105012540451,9.277108192443848,1.2394225597381592,-3.314707040786743
1710528105027135740,9.281898498535156,1.43701171875,-3.1997461318969727
1710528105132316761,9.309440612792969,1.2549902200698853,-3.193758487701416
1710528105144956121,9.309440612792969,1.2549902200698853,-3.193758487701416
1710528105182764280,9.245972633361816,1.421444058418274,-3.2991394996643066
1710528105203759405,9.223219871520996,1.3639636039733887,-3.3865575790405273
1710528105220383951,9.307045936584473,1.281335473060608,-3.2596216201782227
1710528105226922894,9.26633071899414,1.271755337715149,-3.2656090259552
1710528105235205720,9.26633071899414,1.3244458436965942,-3.252436637878418
1710528105247776170,9.279502868652344,1.3244458436965942,-3.252436637878418
1710528105263154274,9.274713516235352,1.3292357921600342,-3.2656090259552
1710528105325376543,9.286687850952148,1.3136682510375977,-3.1997461318969727
1710528105352911683,9.283095359802246,1.3400133848190308,-3.2799792289733887
1710528105375896836,9.26633071899414,1.3364208936691284,-3.2895593643188477
1710528105386488598,9.277108192443848,1.353186011314392,-3.3278796672821045
1710528105413744632,9.286687850952148,1.2957055568695068,-3.283571720123291
1710528105424439074,9.273515701293945,1.3448034524917603,-3.2296838760375977
1710528105449528261,9.29028034210205,1.2981005907058716,-3.221301317214966
1710528105477039746,9.251960754394531,1.3483959436416626,-3.2165112495422363
1710528105516404166,9.298663139343262,1.341210961341858,-3.1578333377838135
1710528105533422081,9.296268463134766,1.3651611804962158,-3.2584240436553955
1710528105554587849,9.223219871520996,1.3352234363555908,-3.391347646713257
1710528105569205914,9.315428733825684,1.3172607421875,-3.1805858612060547
1710528105588297109,9.301058769226074,1.2861255407333374,-3.171005964279175
1710528105596647091,9.25794792175293,1.3759387731552124,-3.2991394996643066
1710528105626103210,9.279502868652344,1.3519885540008545,-3.2296838760375977
1710528105661919326,9.272317886352539,1.3340258598327637,-3.203338623046875
1710528105710316015,9.286687850952148,1.272952914237976,-3.223696231842041
1710528105737565292,9.272317886352539,1.397493839263916,-3.29315185546875
1710528105754717374,9.254355430603027,1.3184581995010376,-3.3602123260498047
1710528105786153826,9.262738227844238,1.337618350982666,-3.3075220584869385
1710528105807162774,9.278306007385254,1.2981005907058716,-3.2260913848876953
1710528105828351597,9.245972633361816,1.3986914157867432,-3.192561149597168
1710528105842951677,9.267528533935547,1.3759387731552124,-3.214116096496582
1710528105853480270,9.284293174743652,1.3052856922149658,-3.2584240436553955
1710528105878727043,9.296268463134766,1.3148657083511353,-3.303929328918457
1710528105889193360,9.26633071899414,1.3460010290145874,-3.2296838760375977
1710528105901786434,9.273515701293945,1.337618350982666,-3.2572264671325684
1710528105928764124,9.272317886352539,1.302890658378601,-3.3302745819091797
1710528105937200042,9.286687850952148,1.3136682510375977,-3.2572264671325684
1710528105958522932,9.279502868652344,1.3148657083511353,-3.282374382019043
1710528105983922686,9.285490989685059,1.3196557760238647,-3.291954278945923
1710528105992959162,9.261540412902832,1.3160632848739624,-3.2404613494873047
1710528106013400881,9.26633071899414,1.2801378965377808,-3.244053840637207
1710528106021715193,9.256750106811523,1.347198486328125,-3.135080575942993
1710528106036371719,9.256750106811523,1.341210961341858,-3.2488439083099365
1710528106061673793,9.239985466003418,1.2837305068969727,-3.2979419231414795
1710528106120323940,9.242380142211914,1.2909154891967773,-3.251239061355591
1710528106135091311,9.314230918884277,1.341210961341858,-3.2404613494873047
1710528106137165818,9.28070068359375,1.3448034524917603,-3.2584240436553955
1710528106154090660,9.24357795715332,1.331630825996399,-3.294349431991577
1710528106185735206,9.249565124511719,1.3543835878372192,-3.1590306758880615
1710528106213363740,9.27112102508545,1.2597802877426147,-3.4069151878356934
1710528106217170855,9.269923210144043,1.332828402519226,-3.3781750202178955
1710528106246686208,9.28070068359375,1.3208532333374023,-3.185375928878784
1710528106284265740,9.27112102508545,1.37713623046875,-3.234473943710327
1710528106286444741,9.27112102508545,1.37713623046875,-3.234473943710327
1710528106321800675,9.283095359802246,1.3256433010101318,-3.3482372760772705
1710528106347279220,9.293872833251953,1.302890658378601,-3.2500414848327637
1710528106376730315,9.291478157043457,1.3040881156921387,-3.211721181869507
1710528106401883310,9.281898498535156,1.3220508098602295,-3.275189161300659
1710528106439865418,9.265132904052734,1.3280383348464966,-3.2560291290283203
1710528106485938840,9.275910377502441,1.2945080995559692,-3.2967443466186523
1710528106492273997,9.274713516235352,1.2621753215789795,-3.335064649581909
1710528106512969385,9.29507064819336,1.2909154891967773,-3.3374598026275635
1710528106536562551,9.267528533935547,1.3352234363555908,-3.2895593643188477
1710528106551343730,9.262738227844238,1.293310523033142,-3.2392640113830566
1710528106601922827,9.273515701293945,1.3543835878372192,-3.1973509788513184
1710528106626986233,9.255553245544434,1.3460010290145874,-3.253633975982666
1710528106652239296,9.262738227844238,1.296903133392334,-3.2560291290283203
1710528106658586618,9.292675971984863,1.3100756406784058,-3.2081286907196045
1710528106702597894,9.299860954284668,1.3280383348464966,-3.2380664348602295
1710528106755521879,9.281898498535156,1.3208532333374023,-3.2871642112731934
1710528106762196615,9.263935089111328,1.3244458436965942,-3.2775843143463135
1710528106787109356,9.260342597961426,1.3064831495285034,-3.2859668731689453
1710528106811001687,9.287885665893555,1.3208532333374023,-3.2656090259552
1710528106829307532,9.285490989685059,1.3460010290145874,-3.2584240436553955
1710528106850293230,9.26633071899414,1.3244458436965942,-3.222498893737793
1710528106867205295,9.25794792175293,1.3436059951782227,-3.354224920272827
1710528106881924219,9.27112102508545,1.3663586378097534,-3.2404613494873047
1710528106913189521,9.285490989685059,1.3292357921600342,-3.241658926010132
1710528106944864217,9.274713516235352,1.3507909774780273,-3.273991584777832
1710528106951267762,9.278306007385254,1.2837305068969727,-3.275189161300659
1710528106987035884,9.292675971984863,1.3795312643051147,-3.2488439083099365
1710528106995337371,9.285490989685059,1.3136682510375977,-3.2560291290283203
1710528107012113811,9.26633071899414,1.3088781833648682,-3.2775843143463135
1710528107054139554,9.289083480834961,1.3519885540008545,-3.235671281814575
1710528107062634443,9.28070068359375,1.3100756406784058,-3.341052293777466
1710528107066742407,9.268725395202637,1.341210961341858,-3.2284862995147705
1710528107096370756,9.279502868652344,1.311273217201233,-3.301534414291382
1710528107146791789,9.281898498535156,1.347198486328125,-3.321892023086548
1710528107176286555,9.325008392333984,1.407073974609375,-3.112327814102173
1710528107184647355,9.236392974853516,1.3495935201644897,-3.203338623046875
1710528107209768970,9.238787651062012,1.3436059951782227,-3.283571720123291
1710528107229156795,9.255553245544434,1.3340258598327637,-3.2703990936279297
1710528107245651446,9.260342597961426,1.302890658378601,-3.2991394996643066
1710528107270934325,9.28070068359375,1.3172607421875,-3.2332763671875
1710528107289688820,9.285490989685059,1.3819262981414795,-3.271596670150757
1710528107346300521,9.247170448303223,1.281335473060608,-3.2979419231414795
1710528107405264538,9.256750106811523,1.3184581995010376,-3.2560291290283203
1710528107409442679,9.26633071899414,1.3052856922149658,-3.3159046173095703
1710528107447731449,9.262738227844238,1.3400133848190308,-3.251239061355591
1710528107464691784,9.275910377502441,1.3280383348464966,-3.2081286907196045
1710528107491960281,9.273515701293945,1.3208532333374023,-3.3003368377685547
1710528107541959905,9.26633071899414,1.362766146659851,-3.184178352355957
1710528107557108932,9.26633071899414,1.3208532333374023,-3.295546770095825
1710528107580190704,9.298663139343262,1.3687536716461182,-3.2991394996643066
1710528107582056457,9.27112102508545,1.3304333686828613,-3.2787816524505615
1710528107601074284,9.286687850952148,1.2897180318832397,-3.301534414291382
1710528107622190847,9.274713516235352,1.356778621673584,-3.283571720123291
1710528107630882922,9.291478157043457,1.3124706745147705,-3.2584240436553955
1710528107666680061,9.268725395202637,1.3424084186553955,-3.314707040786743
1710528107679056135,9.260342597961426,1.3256433010101318,-3.1889684200286865
1710528107691978224,9.286687850952148,1.331630825996399,-3.391347646713257
1710528107712797684,9.281898498535156,1.323248267173767,-3.1458580493927
1710528107720914922,9.286687850952148,1.3903088569641113,-3.111130475997925
1710528107738187012,9.286687850952148,1.356778621673584,-3.2787816524505615
1710528107756996811,9.261540412902832,1.307680606842041,-3.344644784927368
1710528107773795793,9.259145736694336,1.3040881156921387,-3.1889684200286865
1710528107813893043,9.268725395202637,1.301693081855774,-3.2081286907196045
1710528107828630248,9.29507064819336,1.3495935201644897,-3.163820743560791
1710528107841524780,9.267528533935547,1.3148657083511353,-3.3075220584869385
1710528107875618095,9.307045936584473,1.3088781833648682,-3.2668066024780273
1710528107876756367,9.272317886352539,1.3364208936691284,-3.343447208404541
1710528107910241377,9.27112102508545,1.371148705482483,-3.2883617877960205
1710528107918653875,9.289083480834961,1.2909154891967773,-3.212918758392334
1710528107960632485,9.265132904052734,1.353186011314392,-3.393742561340332
1710528107965153813,9.27112102508545,1.3220508098602295,-3.392545223236084
1710528107984132559,9.265132904052734,1.353186011314392,-3.264411687850952
1710528108034776250,9.253157615661621,1.3950989246368408,-3.295546770095825
1710528108070052993,9.27112102508545,1.3543835878372192,-3.2859668731689453
1710528108095139145,9.269923210144043,1.271755337715149,-3.242856502532959
1710528108111002920,9.254355430603027,1.341210961341858,-3.301534414291382
1710528108122379993,9.283095359802246,1.3879138231277466,-3.332669734954834
1710528108135218160,9.301058769226074,1.2753479480743408,-3.2787816524505615
1710528108143591872,9.274713516235352,1.301693081855774,-3.311114549636841
1710528108160370786,9.269923210144043,1.3184581995010376,-3.2656090259552
1710528108172997037,9.299860954284668,1.331630825996399,-3.2392640113830566
1710528108196022978,9.273515701293945,1.3687536716461182,-3.2009437084198
1710528108212949471,9.307045936584473,1.2981005907058716,-3.26081919670105
1710528108238264009,9.297466278076172,1.3519885540008545,-3.2656090259552
1710528108265671965,9.259145736694336,1.2897180318832397,-3.263214111328125
1710528108280472261,9.285490989685059,1.3735437393188477,-3.234473943710327
1710528108299383149,9.254355430603027,1.3064831495285034,-3.3266820907592773
1710528108330945698,9.263935089111328,1.2861255407333374,-3.301534414291382
1710528108362346599,9.275910377502441,1.307680606842041,-3.1482532024383545
1710528108377463392,9.289083480834961,1.3519885540008545,-3.241658926010132
1710528108412821424,9.27112102508545,1.307680606842041,-3.2584240436553955
1710528108438139270,9.29028034210205,1.311273217201233,-3.2069311141967773
1710528108450842713,9.25794792175293,1.3400133848190308,-3.294349431991577
1710528108486430895,9.283095359802246,1.3052856922149658,-3.20573353767395
1710528108511174102,9.277108192443848,1.3400133848190308,-3.3003368377685547
1710528108515597151,9.275910377502441,1.301693081855774,-3.2272887229919434
1710528108528125551,9.25794792175293,1.361568570137024,-3.2488439083099365
1710528108541240071,9.268725395202637,1.3172607421875,-3.2009437084198
1710528108570849844,9.289083480834961,1.3148657083511353,-3.234473943710327
1710528108583221774,9.260342597961426,1.332828402519226,-3.291954278945923
1710528108595896047,9.29028034210205,1.311273217201233,-3.212918758392334
1710528108604184786,9.28070068359375,1.3507909774780273,-3.2656090259552
1710528108617009614,9.253157615661621,1.3460010290145874,-3.2895593643188477
1710528108663158693,9.29028034210205,1.3172607421875,-3.230881452560425
1710528108675885178,9.27112102508545,1.3436059951782227,-3.2680041790008545
1710528108700952111,9.296268463134766,1.2693603038787842,-3.303929328918457
1710528108702967968,9.256750106811523,1.3519885540008545,-3.283571720123291
1710528108719528101,9.287885665893555,1.3280383348464966,-3.214116096496582
1710528108740974355,9.253157615661621,1.3184581995010376,-3.211721181869507
1710528108768168861,9.308243751525879,1.3555810451507568,-3.1686108112335205
1710528108795608473,9.285490989685059,1.3543835878372192,-3.301534414291382
1710528108820696598,9.30345344543457,1.3651611804962158,-3.273991584777832
1710528108846020929,9.254355430603027,1.3723461627960205,-3.2368688583374023
1710528108864769536,9.260342597961426,1.3483959436416626,-3.3398547172546387
1710528108889877592,9.272317886352539,1.3543835878372192,-3.230881452560425
1710528108923313360,9.299860954284668,1.2909154891967773,-3.2775843143463135
1710528108959696780,9.251960754394531,1.3460010290145874,-3.3206946849823
1710528108975725329,9.273515701293945,1.3495935201644897,-3.2560291290283203
1710528108984302607,9.256750106811523,1.307680606842041,-3.251239061355591
1710528109015705657,9.296268463134766,1.3208532333374023,-3.2189061641693115
1710528109051398843,9.273515701293945,1.3148657083511353,-3.3099169731140137
1710528109126793752,9.278306007385254,1.3448034524917603,-3.26081919670105
1710528109137604223,9.278306007385254,1.3448034524917603,-3.26081919670105
1710528109154366579,9.277108192443848,1.3256433010101318,-3.263214111328125
1710528109171255640,9.289083480834961,1.3352234363555908,-3.2500414848327637
1710528109194328549,9.278306007385254,1.3292357921600342,-3.252436637878418
1710528109215368390,9.279502868652344,1.3256433010101318,-3.245251417160034
1710528109259703155,9.28070068359375,1.301693081855774,-3.275189161300659
1710528109293668018,9.277108192443848,1.3304333686828613,-3.271596670150757
1710528109322665468,9.281898498535156,1.3603711128234863,-3.185375928878784
1710528109333606125,9.265132904052734,1.3220508098602295,-3.284769296646118
1710528109356799791,9.291478157043457,1.3495935201644897,-3.174598455429077
1710528109371727393,9.260342597961426,1.3483959436416626,-3.2991394996643066
1710528109386202728,9.260342597961426,1.3483959436416626,-3.2991394996643066
1710528109417597517,9.249565124511719,1.3424084186553955,-3.264411687850952
1710528109442887101,9.27112102508545,1.3460010290145874,-3.234473943710327
1710528109455604567,9.284293174743652,1.3196557760238647,-3.2093262672424316
1710528109501652545,9.287885665893555,1.2849279642105103,-3.2584240436553955
1710528109503785173,9.287885665893555,1.2921130657196045,-3.281176805496216
1710528109531042898,9.261540412902832,1.332828402519226,-3.2680041790008545
1710528109585956090,9.265132904052734,1.3220508098602295,-3.252436637878418
1710528109594343655,9.25794792175293,1.3100756406784058,-3.3865575790405273
1710528109619711310,9.263935089111328,1.3891112804412842,-3.242856502532959
1710528109697388643,9.255553245544434,1.3400133848190308,-3.242856502532959
1710528109810903358,9.263935089111328,1.3088781833648682,-3.331472158432007
1710528109813011250,9.263935089111328,1.3519885540008545,-3.3063244819641113
1710528109840511165,9.268725395202637,1.3256433010101318,-3.215313673019409
1710528109878435390,9.286687850952148,1.337618350982666,-3.1889684200286865
1710528109897393883,9.27112102508545,1.3448034524917603,-3.2284862995147705
1710528109935176925,9.249565124511719,1.3304333686828613,-3.2692017555236816
1710528109958323562,9.268725395202637,1.2957055568695068,-3.284769296646118
1710528109996245232,9.292675971984863,1.3292357921600342,-3.204536199569702
1710528110021396044,9.273515701293945,1.3244458436965942,-3.1877710819244385
1710528110050805100,9.292675971984863,1.3555810451507568,-3.282374382019043
1710528110065546010,9.27112102508545,1.3064831495285034,-3.2380664348602295
1710528110113843460,9.254355430603027,1.3292357921600342,-3.264411687850952
1710528110117956905,9.28070068359375,1.3555810451507568,-3.224893808364868
1710528110141376066,9.268725395202637,1.3220508098602295,-3.3266820907592773
1710528110152019281,9.274713516235352,1.3424084186553955,-3.26081919670105
1710528110166664348,9.267528533935547,1.3292357921600342,-3.245251417160034
1710528110171310140,9.254355430603027,1.3280383348464966,-3.2668066024780273
1710528110191780848,9.275910377502441,1.3208532333374023,-3.2081286907196045
1710528110239935429,9.28070068359375,1.3160632848739624,-3.2177088260650635
1710528110256874513,9.284293174743652,1.3100756406784058,-3.2703990936279297
1710528110286274866,9.274713516235352,1.3364208936691284,-3.212918758392334
1710528110292365474,9.265132904052734,1.3160632848739624,-3.2464489936828613
1710528110313076927,9.283095359802246,1.3436059951782227,-3.2883617877960205
1710528110319431084,9.285490989685059,1.311273217201233,-3.3063244819641113
1710528110342707005,9.273515701293945,1.3364208936691284,-3.305126905441284
1710528110355435716,9.287885665893555,1.3256433010101318,-3.241658926010132
1710528110378575563,9.29507064819336,1.3340258598327637,-3.2668066024780273
1710528110389189788,9.283095359802246,1.331630825996399,-3.204536199569702
1710528110403855878,9.274713516235352,1.3507909774780273,-3.204536199569702
1710528110427186202,9.256750106811523,1.2981005907058716,-3.350632429122925
1710528110441947574,9.296268463134766,1.361568570137024,-3.144660711288452
1710528110462714884,9.254355430603027,1.341210961341858,-3.314707040786743
1710528110483835509,9.28070068359375,1.307680606842041,-3.234473943710327
1710528110496300877,9.281898498535156,1.3256433010101318,-3.214116096496582
1710528110525758553,9.256750106811523,1.3400133848190308,-3.2680041790008545
1710528110527762984,9.291478157043457,1.3124706745147705,-3.2260913848876953
1710528110553234302,9.29028034210205,1.323248267173767,-3.2093262672424316
1710528110607825359,9.311836242675781,1.302890658378601,-3.193758487701416
1710528110647685372,9.286687850952148,1.3124706745147705,-3.162623405456543
1710528110679163624,9.262738227844238,1.293310523033142,-3.3997302055358887
1710528110700178811,9.29028034210205,1.3064831495285034,-3.2189061641693115
1710528110712332699,9.277108192443848,1.347198486328125,-3.2189061641693115
1710528110729763532,9.274713516235352,1.2957055568695068,-3.214116096496582
1710528110733668572,9.260342597961426,1.3244458436965942,-3.2177088260650635
1710528110763418500,9.265132904052734,1.3388159275054932,-3.235671281814575
1710528110799591492,9.255553245544434,1.3388159275054932,-3.2296838760375977
1710528110830533206,9.263935089111328,1.3088781833648682,-3.2859668731689453
1710528110876806686,9.285490989685059,1.3292357921600342,-3.264411687850952
1710528110887289567,9.281898498535156,1.3340258598327637,-3.212918758392334
1710528110927051030,9.293872833251953,1.3699511289596558,-3.2380664348602295
1710528110944056375,9.283095359802246,1.331630825996399,-3.2476465702056885
1710528110950289970,9.284293174743652,1.3160632848739624,-3.232078790664673
1710528110969124627,9.25794792175293,1.3340258598327637,-3.262016534805298
1710528110992675680,9.248368263244629,1.3352234363555908,-3.1901659965515137
1710528111009464077,9.241183280944824,1.266965389251709,-3.2859668731689453
1710528111024120997,9.308243751525879,1.3639636039733887,-3.2284862995147705
1710528111047179013,9.251960754394531,1.3448034524917603,-3.2656090259552
1710528111051331535,9.251960754394531,1.3292357921600342,-3.263214111328125
1710528111110693523,9.27112102508545,1.347198486328125,-3.181783437728882
1710528111135385826,9.273515701293945,1.331630825996399,-3.332669734954834
1710528111175576718,9.289083480834961,1.3244458436965942,-3.223696231842041
1710528111211281077,9.28070068359375,1.2897180318832397,-3.232078790664673
1710528111299264393,9.27112102508545,1.3352234363555908,-3.2692017555236816
1710528111308513288,9.307045936584473,1.3352234363555908,-3.232078790664673
1710528111313885955,9.29507064819336,1.3448034524917603,-3.2596216201782227
1710528111322208928,9.250762939453125,1.331630825996399,-3.2272887229919434
1710528111389818879,9.284293174743652,1.3519885540008545,-3.271596670150757
1710528111412952781,9.274713516235352,1.326840877532959,-3.2572264671325684
1710528111438871837,9.275910377502441,1.3256433010101318,-3.281176805496216
1710528111448575848,9.29028034210205,1.3208532333374023,-3.2488439083099365
1710528111490737166,9.275910377502441,1.302890658378601,-3.32548451423645
1710528111492592906,9.291478157043457,1.3663586378097534,-3.214116096496582
1710528111515590104,9.272317886352539,1.397493839263916,-3.1494507789611816
1710528111534325728,9.275910377502441,1.37713623046875,-3.2260913848876953
1710528111595685666,9.253157615661621,1.337618350982666,-3.1769933700561523
1710528111671119075,9.315428733825684,1.386716365814209,-3.1590306758880615
1710528111675209479,9.279502868652344,1.2849279642105103,-3.2093262672424316
1710528111698228974,9.25794792175293,1.277742862701416,-3.281176805496216
1710528111716952675,9.278306007385254,1.3100756406784058,-3.163820743560791
1710528111736064402,9.274713516235352,1.3519885540008545,-3.264411687850952
1710528111786912461,9.281898498535156,1.3004956245422363,-3.29315185546875
1710528111820714977,9.267528533935547,1.371148705482483,-3.2680041790008545
1710528111862582546,9.296268463134766,1.347198486328125,-3.1985485553741455
1710528111873126652,9.287885665893555,1.326840877532959,-3.311114549636841
1710528111900389741,9.263935089111328,1.337618350982666,-3.275189161300659
1710528111967784413,9.307045936584473,1.307680606842041,-3.2883617877960205
1710528111971941280,9.281898498535156,1.3088781833648682,-3.3159046173095703
1710528111984494658,9.307045936584473,1.3448034524917603,-3.2093262672424316
1710528111992913352,9.273515701293945,1.3448034524917603,-3.2093262672424316
1710528112018019147,9.263935089111328,1.3004956245422363,-3.3673975467681885
1710528112030766019,9.281898498535156,1.3136682510375977,-3.3374598026275635
1710528112051921468,9.226812362670898,1.3160632848739624,-3.41290283203125
1710528112075117162,9.226812362670898,1.3160632848739624,-3.41290283203125
1710528112089803914,9.279502868652344,1.3579760789871216,-3.252436637878418
1710528112112550649,9.217232704162598,1.332828402519226,-3.3386571407318115
1710528112140521391,9.286687850952148,1.3448034524917603,-3.284769296646118
1710528112154807001,9.285490989685059,1.3220508098602295,-3.2763867378234863
1710528112194932889,9.283095359802246,1.361568570137024,-3.235671281814575
1710528112201322788,9.262738227844238,1.3424084186553955,-3.2201037406921387
1710528112254681155,9.272317886352539,1.3507909774780273,-3.2476465702056885
1710528112275046693,9.262738227844238,1.3424084186553955,-3.2596216201782227
1710528112283151804,9.274713516235352,1.3543835878372192,-3.193758487701416
1710528112299963443,9.279502868652344,1.3196557760238647,-3.232078790664673
1710528112331321831,9.285490989685059,1.301693081855774,-3.354224920272827
1710528112344717698,9.275910377502441,1.332828402519226,-3.2332763671875
1710528112375758328,9.29028034210205,1.3100756406784058,-3.235671281814575
1710528112419738608,9.274713516235352,1.341210961341858,-3.2069311141967773
1710528112461921034,9.267528533935547,1.3388159275054932,-3.284769296646118
1710528112478699652,9.281898498535156,1.3172607421875,-3.2584240436553955
1710528112503647785,9.299860954284668,1.3424084186553955,-3.295546770095825
1710528112577600752,9.256750106811523,1.307680606842041,-3.3099169731140137
1710528112585748043,9.274713516235352,1.3196557760238647,-3.224893808364868
1710528112592050796,9.250762939453125,1.2992980480194092,-3.3673975467681885
1710528112615159865,9.277108192443848,1.3364208936691284,-3.2464489936828613
1710528112627727810,9.29507064819336,1.3388159275054932,-3.181783437728882
1710528112640541768,9.248368263244629,1.362766146659851,-3.2392640113830566
1710528112663424605,9.267528533935547,1.3184581995010376,-3.2476465702056885
1710528112665520447,9.277108192443848,1.2957055568695068,-3.2476465702056885
1710528112671932812,9.310638427734375,1.3304333686828613,-3.224893808364868
1710528112703126758,9.254355430603027,1.341210961341858,-3.350632429122925
1710528112709463772,9.297466278076172,1.2992980480194092,-3.241658926010132
1710528112734926035,9.251960754394531,1.3663586378097534,-3.2093262672424316
1710528112749520578,9.262738227844238,1.3663586378097534,-3.2093262672424316
1710528112785358240,9.273515701293945,1.3172607421875,-3.251239061355591
1710528112806346731,9.296268463134766,1.301693081855774,-3.2296838760375977
1710528112825444129,9.26633071899414,1.367556095123291,-3.303929328918457
1710528112846451886,9.292675971984863,1.3543835878372192,-3.155438184738159
1710528112869418344,9.29507064819336,1.293310523033142,-3.294349431991577
1710528112877895657,9.284293174743652,1.3723461627960205,-3.2201037406921387
1710528112892463062,9.262738227844238,1.3507909774780273,-3.2476465702056885
1710528112930013128,9.275910377502441,1.307680606842041,-3.26081919670105
1710528112942761322,9.278306007385254,1.3639636039733887,-3.2296838760375977
1710528112953573294,9.262738227844238,1.3256433010101318,-3.264411687850952
1710528112989518977,9.283095359802246,1.3555810451507568,-3.254831552505493
1710528112991624822,9.283095359802246,1.3555810451507568,-3.254831552505493
1710528112998058062,9.277108192443848,1.3172607421875,-3.2871642112731934
1710528113031586129,9.26633071899414,1.332828402519226,-3.2488439083099365
1710528113040136259,9.284293174743652,1.3483959436416626,-3.230881452560425
1710528113092589453,9.285490989685059,1.3340258598327637,-3.2404613494873047
1710528113100925204,9.285490989685059,1.3579760789871216,-3.1494507789611816
1710528113138738047,9.289083480834961,1.341210961341858,-3.211721181869507
1710528113155606461,9.241183280944824,1.3220508098602295,-3.290756940841675
1710528113170310787,9.279502868652344,1.3220508098602295,-3.2799792289733887
1710528113197468908,9.275910377502441,1.3460010290145874,-3.245251417160034
1710528113205853695,9.28070068359375,1.3603711128234863,-3.331472158432007
1710528113229065809,9.278306007385254,1.3172607421875,-3.29315185546875
1710528113296262062,9.26633071899414,1.3543835878372192,-3.303929328918457
1710528113321327772,9.277108192443848,1.3855187892913818,-3.2895593643188477
1710528113336146705,9.297466278076172,1.296903133392334,-3.2476465702056885
1710528113378217574,9.259145736694336,1.3256433010101318,-3.2392640113830566
1710528113416252449,9.31782341003418,1.3040881156921387,-3.312312126159668
1710528113433105511,9.281898498535156,1.3543835878372192,-3.294349431991577
1710528113445642231,9.263935089111328,1.3196557760238647,-3.244053840637207
1710528113468909103,9.275910377502441,1.332828402519226,-3.242856502532959
1710528113485761860,9.256750106811523,1.3543835878372192,-3.2572264671325684
1710528113506689618,9.272317886352539,1.3651611804962158,-3.2500414848327637
1710528113542586475,9.28070068359375,1.332828402519226,-3.262016534805298
1710528113563424219,9.273515701293945,1.3196557760238647,-3.2476465702056885
1710528113590714020,9.265132904052734,1.3052856922149658,-3.3087193965911865
1710528113664226540,9.274713516235352,1.3519885540008545,-3.2404613494873047
1710528113687186770,9.29507064819336,1.337618350982666,-3.1302905082702637
1710528113716356222,9.29028034210205,1.3543835878372192,-3.3889527320861816
1710528113739526783,9.250762939453125,1.2561877965927124,-3.354224920272827
1710528113754276459,9.305848121643066,1.2945080995559692,-3.3889527320861816
1710528113800782420,9.166936874389648,1.3052856922149658,-2.7985804080963135
1710528113825709599,9.309440612792969,1.13763427734375,-3.5051109790802
1710528113834101031,9.263935089111328,1.4406042098999023,-2.912343740463257
1710528113857124372,9.309440612792969,1.416654109954834,-3.0476622581481934
1710528113918305606,9.310638427734375,1.347198486328125,-3.5194811820983887
1710528113926655712,9.325008392333984,1.2466076612472534,-3.535048723220825
1710528113947879324,9.279502868652344,1.4358142614364624,-2.944676399230957
1710528113968752931,9.253157615661621,1.2597802877426147,-3.4296679496765137
1710528113992088965,9.345366477966309,1.4022839069366455,-3.2584240436553955
1710528114008792417,9.2304048538208,1.2585827112197876,-3.1207103729248047
1710528114040275544,9.261540412902832,1.3879138231277466,-3.2775843143463135
1710528114063352121,9.292675971984863,1.2561877965927124,-3.0380823612213135
1710528114078008954,9.242380142211914,1.4633569717407227,-3.4727783203125
1710528114113379320,9.333391189575195,1.2585827112197876,-3.0883777141571045
1710528114163785988,9.289083480834961,1.3340258598327637,-3.034489631652832
1710528114191495347,9.260342597961426,1.3495935201644897,-3.432063102722168
1710528114239803375,9.261540412902832,1.2585827112197876,-3.2763867378234863
1710528114266971058,9.309440612792969,1.407073974609375,-3.002156972885132
1710528114279439361,9.323810577392578,1.3891112804412842,-2.9494664669036865
1710528114302769315,9.279502868652344,1.4154565334320068,-3.0799951553344727
1710528114323604653,9.336983680725098,1.2957055568695068,-3.062032461166382
1710528114329886826,9.273515701293945,1.2250524759292603,-3.313509464263916
1710528114348879297,9.296268463134766,1.3795312643051147,-3.411705255508423
1710528114357712998,9.29028034210205,1.4190490245819092,-3.101550340652466
1710528114397538105,9.268725395202637,1.2645703554153442,-3.335064649581909
1710528114420754484,9.277108192443848,1.307680606842041,-3.251239061355591
1710528114448002880,9.287885665893555,1.296903133392334,-3.3099169731140137
1710528114471000930,9.283095359802246,1.3460010290145874,-3.1793885231018066
1710528114512736310,9.260342597961426,1.2621753215789795,-3.4979259967803955
1710528114554938923,9.286687850952148,1.272952914237976,-3.312312126159668
1710528114592944639,9.255553245544434,1.427431583404541,-3.1997461318969727
1710528114601209735,9.309440612792969,1.2693603038787842,-3.264411687850952
1710528114620211037,9.293872833251953,1.2992980480194092,-3.17340087890625
1710528114647457001,9.278306007385254,1.392703890800476,-3.2883617877960205
1710528114676880728,9.278306007385254,1.392703890800476,-3.2883617877960205
1710528114681121568,9.281898498535156,1.3172607421875,-3.234473943710327
1710528114691777607,9.275910377502441,1.3256433010101318,-3.313509464263916
1710528114711918708,9.256750106811523,1.3436059951782227,-3.335064649581909
1710528114731484538,9.296268463134766,1.3100756406784058,-3.335064649581909
1710528114737696844,9.278306007385254,1.2789404392242432,-3.290756940841675
1710528114763103233,9.27112102508545,1.356778621673584,-3.2105236053466797
1710528114790946545,9.260342597961426,1.3723461627960205,-3.32548451423645
1710528114802889309,9.255553245544434,1.331630825996399,-3.311114549636841
1710528114813359625,9.286687850952148,1.3052856922149658,-3.3266820907592773
1710528114821753398,9.265132904052734,1.3184581995010376,-3.2799792289733887
1710528114828093611,9.25794792175293,1.37713623046875,-3.2404613494873047
1710528114840674914,9.25794792175293,1.37713623046875,-3.2404613494873047
1710528114855700499,9.263935089111328,1.2921130657196045,-3.254831552505493
1710528114880504186,9.284293174743652,1.3555810451507568,-3.283571720123291
1710528114912044060,9.269923210144043,1.3004956245422363,-3.2895593643188477
1710528114924601184,9.275910377502441,1.323248267173767,-3.2763867378234863
1710528114952210399,9.286687850952148,1.3280383348464966,-3.295546770095825
1710528115002303156,9.233997344970703,1.3244458436965942,-3.275189161300659
1710528115029710096,9.289083480834961,1.296903133392334,-3.284769296646118
1710528115084288438,9.278306007385254,1.3244458436965942,-3.3374598026275635
1710528115113312173,9.277108192443848,1.3196557760238647,-3.20573353767395
1710528115134661371,9.274713516235352,1.371148705482483,-3.263214111328125
1710528115172571040,9.268725395202637,1.301693081855774,-3.2476465702056885
1710528115191566050,9.279502868652344,1.331630825996399,-3.281176805496216
1710528115225138686,9.285490989685059,1.361568570137024,-3.2572264671325684
1710528115252412354,9.273515701293945,1.3052856922149658,-3.3087193965911865
1710528115266976996,9.275910377502441,1.3304333686828613,-3.264411687850952
1710528115315220824,9.289083480834961,1.331630825996399,-3.281176805496216
1710528115355460094,9.281898498535156,1.326840877532959,-3.230881452560425
1710528115357736416,9.29028034210205,1.3579760789871216,-3.2380664348602295
1710528115376783208,9.279502868652344,1.3280383348464966,-3.2787816524505615
1710528115406207525,9.320218086242676,1.331630825996399,-3.235671281814575
1710528115429069395,9.296268463134766,1.3687536716461182,-3.2560291290283203
1710528115471216488,9.315428733825684,1.3448034524917603,-3.2368688583374023
1710528115545001785,9.292675971984863,1.3759387731552124,-3.1877710819244385
1710528115553061698,9.289083480834961,1.3460010290145874,-3.163820743560791
1710528115571999372,9.262738227844238,1.3136682510375977,-3.2979419231414795
1710528115578403291,9.274713516235352,1.3244458436965942,-3.312312126159668
1710528115609856854,9.273515701293945,1.3292357921600342,-3.302731990814209
1710528115654005664,9.272317886352539,1.3040881156921387,-3.253633975982666
1710528115696156562,9.265132904052734,1.3448034524917603,-3.2368688583374023
1710528115698304959,9.279502868652344,1.3507909774780273,-3.26081919670105
1710528115712815054,9.29507064819336,1.3855187892913818,-3.282374382019043
1710528115725664336,9.279502868652344,1.3172607421875,-3.2799792289733887
1710528115757797219,9.278306007385254,1.3304333686828613,-3.264411687850952
1710528115766601970,9.278306007385254,1.331630825996399,-3.3290772438049316
1710528115776407617,9.297466278076172,1.2909154891967773,-3.2703990936279297
1710528115795419411,9.278306007385254,1.3460010290145874,-3.281176805496216
1710528115805853384,9.277108192443848,1.3292357921600342,-3.29315185546875
1710528115818501855,9.272317886352539,1.3364208936691284,-3.2859668731689453
1710528115839424672,9.262738227844238,1.3543835878372192,-3.2201037406921387
1710528115856132871,9.297466278076172,1.3483959436416626,-3.162623405456543
1710528115879246743,9.262738227844238,1.3100756406784058,-3.171005964279175
1710528115883460571,9.315428733825684,1.3663586378097534,-3.35302734375
1710528115891859491,9.277108192443848,1.2298425436019897,-3.3458423614501953
1710528115921286702,9.248368263244629,1.2981005907058716,-3.241658926010132
1710528115940348348,9.24357795715332,1.3160632848739624,-3.333867073059082
1710528115952941078,9.265132904052734,1.3124706745147705,-3.2105236053466797
1710528115967639073,9.289083480834961,1.3364208936691284,-3.2895593643188477
1710528116080987762,9.296268463134766,1.3064831495285034,-3.3182995319366455
1710528116137560428,9.244775772094727,1.362766146659851,-3.254831552505493
1710528116139488599,9.283095359802246,1.347198486328125,-3.253633975982666
1710528116167161057,9.297466278076172,1.3352234363555908,-3.2081286907196045
1710528116192581517,9.285490989685059,1.3364208936691284,-3.313509464263916
1710528116207322763,9.272317886352539,1.3364208936691284,-3.235671281814575
1710528116224132772,9.287885665893555,1.3292357921600342,-3.2883617877960205
1710528116251512482,9.26633071899414,1.3448034524917603,-3.2979419231414795
1710528116263988867,9.28070068359375,1.3448034524917603,-3.26081919670105
1710528116311972850,9.281898498535156,1.371148705482483,-3.272794246673584
1710528116328796400,9.28070068359375,1.311273217201233,-3.331472158432007
1710528116343545385,9.283095359802246,1.3172607421875,-3.301534414291382
1710528116425864351,9.194479942321777,1.2921130657196045,-3.133882999420166
1710528116429943064,9.322613716125488,1.481319546699524,-3.111130475997925
1710528116457215760,9.289083480834961,1.3184581995010376,-3.324287176132202
1710528116484849315,9.301058769226074,1.362766146659851,-3.29315185546875
1710528116551844148,9.293872833251953,1.3555810451507568,-3.29315185546875
1710528116553952044,9.278306007385254,1.3759387731552124,-3.221301317214966
1710528116581175692,9.275910377502441,1.3424084186553955,-3.2656090259552
1710528116625129883,9.283095359802246,1.3436059951782227,-3.253633975982666
1710528116660941655,9.251960754394531,1.3340258598327637,-3.222498893737793
1710528116692262768,9.285490989685059,1.2992980480194092,-3.273991584777832
1710528116712331390,9.273515701293945,1.3448034524917603,-3.2368688583374023
1710528116742977814,9.267528533935547,1.3448034524917603,-3.2680041790008545
1710528116747228015,9.27112102508545,1.3100756406784058,-3.2476465702056885
1710528116770466839,9.286687850952148,1.3699511289596558,-3.2404613494873047
1710528116787249913,9.289083480834961,1.301693081855774,-3.262016534805298
1710528116814434383,9.275910377502441,1.3687536716461182,-3.2799792289733887
1710528116823007951,9.289083480834961,1.311273217201233,-3.234473943710327
1710528116852389507,9.255553245544434,1.362766146659851,-3.2703990936279297
1710528116936612368,9.278306007385254,1.3292357921600342,-3.3087193965911865
1710528117001788529,9.26633071899414,1.3483959436416626,-3.2584240436553955
1710528117025381283,9.26633071899414,1.3483959436416626,-3.2787816524505615
1710528117062619432,9.281898498535156,1.3304333686828613,-3.2596216201782227
1710528117079266146,9.254355430603027,1.361568570137024,-3.245251417160034
1710528117247445653,9.28070068359375,1.341210961341858,-3.262016534805298
1710528117266249107,9.279502868652344,1.3244458436965942,-3.26081919670105
1710528117291407812,9.279502868652344,1.3244458436965942,-3.26081919670105
1710528117325166141,9.268725395202637,1.3543835878372192,-3.2799792289733887
1710528117348290660,9.284293174743652,1.311273217201233,-3.273991584777832
1710528117413409766,9.277108192443848,1.3304333686828613,-3.311114549636841
1710528117438918168,9.256750106811523,1.3651611804962158,-3.232078790664673
1710528117459939770,9.277108192443848,1.3448034524917603,-3.2500414848327637
1710528117476617463,9.210047721862793,1.2885204553604126,-3.095562696456909
1710528117489128020,9.3309965133667,1.4046789407730103,-3.072810173034668
1710528117545668287,9.304651260375977,1.4657520055770874,-3.071612596511841
1710528117579796878,9.28070068359375,1.337618350982666,-3.3075220584869385
1710528117596467637,9.28070068359375,1.337618350982666,-3.3075220584869385
1710528117716044601,9.301058769226074,1.3807287216186523,-3.29315185546875
1710528117735087202,9.28070068359375,1.3795312643051147,-3.222498893737793
1710528117762632003,9.29507064819336,1.3148657083511353,-3.26081919670105
1710528117785579657,9.284293174743652,1.311273217201233,-3.3757801055908203
1710528117842168695,9.285490989685059,1.2897180318832397,-3.2668066024780273
1710528117911178005,9.284293174743652,1.301693081855774,-3.2404613494873047
1710528117924479344,9.291478157043457,1.3208532333374023,-3.2584240436553955
1710528117945234679,9.272317886352539,1.3579760789871216,-3.2991394996643066
1710528117971401976,9.305848121643066,1.281335473060608,-3.2572264671325684
1710528118054571888,9.263935089111328,1.3543835878372192,-3.2081286907196045
1710528118062949026,9.297466278076172,1.3364208936691284,-3.2763867378234863
1710528118092288408,9.254355430603027,1.3603711128234863,-3.2775843143463135
1710528118104798613,9.275910377502441,1.37713623046875,-3.2260913848876953
1710528118119141512,9.287885665893555,1.3124706745147705,-3.272794246673584
1710528118133992786,9.285490989685059,1.3292357921600342,-3.283571720123291
1710528118168166317,9.268725395202637,1.3555810451507568,-3.241658926010132
1710528118184951146,9.268725395202637,1.3340258598327637,-3.2692017555236816
1710528118205925425,9.283095359802246,1.3651611804962158,-3.2500414848327637
1710528118256604941,9.278306007385254,1.341210961341858,-3.2859668731689453
1710528118277430997,9.269923210144043,1.311273217201233,-3.2284862995147705
1710528118312924046,9.287885665893555,1.3400133848190308,-3.29315185546875
1710528118340680893,9.279502868652344,1.2897180318832397,-3.2991394996643066
1710528118365935086,9.268725395202637,1.3172607421875,-3.2404613494873047
1710528118369984029,9.284293174743652,1.3340258598327637,-3.2572264671325684
1710528118401545696,9.28070068359375,1.3172607421875,-3.2332763671875
1710528118433292705,9.28070068359375,1.3208532333374023,-3.245251417160034
1710528118475199162,9.262738227844238,1.307680606842041,-3.2260913848876953
1710528118494139426,9.28070068359375,1.3160632848739624,-3.2596216201782227
1710528118511350378,9.29028034210205,1.341210961341858,-3.241658926010132
1710528118525627693,9.277108192443848,1.3388159275054932,-3.242856502532959
1710528118553173628,9.289083480834961,1.3052856922149658,-3.2368688583374023
1710528118570508436,9.269923210144043,1.293310523033142,-3.323089599609375
1710528118591384210,9.245972633361816,1.362766146659851,-3.17340087890625
1710528118616539456,9.31782341003418,1.331630825996399,-3.2572264671325684
1710528118631098819,9.263935089111328,1.37713623046875,-3.254831552505493
1710528118656545116,9.278306007385254,1.3100756406784058,-3.295546770095825
1710528118723640959,9.272317886352539,1.3519885540008545,-3.3194971084594727
1710528118736162926,9.229207992553711,1.3519885540008545,-3.254831552505493
1710528118751148607,9.299860954284668,1.3220508098602295,-3.2332763671875
1710528118795564191,9.291478157043457,1.287322998046875,-3.232078790664673
1710528118810239245,9.250762939453125,1.3160632848739624,-3.1889684200286865
1710528118820604607,9.297466278076172,1.341210961341858,-3.161425828933716
1710528118843883822,9.298663139343262,1.3220508098602295,-3.3087193965911865
1710528118875460065,9.29028034210205,1.3244458436965942,-3.2404613494873047
1710528118902646051,9.278306007385254,1.266965389251709,-3.215313673019409
1710528118921463087,9.289083480834961,1.422641634941101,-3.2177088260650635
1710528118927941741,9.27112102508545,1.2621753215789795,-3.2692017555236816
1710528118953291968,9.293872833251953,1.2981005907058716,-3.221301317214966
1710528118965785108,9.289083480834961,1.3519885540008545,-3.230881452560425
1710528118984785430,9.260342597961426,1.3280383348464966,-3.1865735054016113
1710528118993189360,9.29028034210205,1.3495935201644897,-3.1865735054016113
1710528119022583790,9.298663139343262,1.3352234363555908,-3.2584240436553955
1710528119041530731,9.287885665893555,1.311273217201233,-3.2787816524505615
1710528119047888103,9.283095359802246,1.3483959436416626,-3.302731990814209
1710528119089860717,9.273515701293945,1.2957055568695068,-3.253633975982666
1710528119222232327,9.248368263244629,1.2885204553604126,-3.281176805496216
1710528119251618078,9.287885665893555,1.2981005907058716,-3.234473943710327
1710528119337712281,9.291478157043457,1.3543835878372192,-3.1889684200286865
1710528119358778613,9.28070068359375,1.331630825996399,-3.2895593643188477
1710528119386050428,9.29507064819336,1.3591735363006592,-3.20573353767395
1710528119407514396,9.262738227844238,1.3064831495285034,-3.244053840637207
1710528119446896514,9.30345344543457,1.3388159275054932,-3.2368688583374023
1710528119461741534,9.269923210144043,1.332828402519226,-3.2392640113830566
1710528119510897518,9.284293174743652,1.2825329303741455,-3.2189061641693115
1710528119569083493,9.279502868652344,1.3436059951782227,-3.223696231842041
1710528119575262301,9.307045936584473,1.3555810451507568,-3.215313673019409
1710528119602672352,9.28070068359375,1.3208532333374023,-3.2883617877960205
1710528119632040714,9.281898498535156,1.326840877532959,-3.224893808364868
1710528119655328887,9.279502868652344,1.302890658378601,-3.3278796672821045
1710528119713228507,9.249565124511719,1.3304333686828613,-3.361409902572632
1710528119732932523,9.272317886352539,1.3723461627960205,-3.2272887229919434
1710528119769015953,9.263935089111328,1.341210961341858,-3.2584240436553955
1710528119798219681,9.302255630493164,1.3208532333374023,-3.2296838760375977
1710528119806592952,9.293872833251953,1.3903088569641113,-3.222498893737793
1710528119821308605,9.248368263244629,1.3436059951782227,-3.262016534805298
1710528119836116549,9.313033103942871,1.2609777450561523,-3.294349431991577
1710528119903351002,9.25794792175293,1.3807287216186523,-3.1961536407470703
1710528119930621632,9.274713516235352,1.3100756406784058,-3.171005964279175
1710528119955809686,9.275910377502441,1.3160632848739624,-3.2763867378234863
1710528119972903190,9.283095359802246,1.341210961341858,-3.224893808364868
1710528119992184420,9.26633071899414,1.2957055568695068,-3.291954278945923
1710528120000411498,9.274713516235352,1.3483959436416626,-3.2488439083099365
1710528120034341433,9.279502868652344,1.367556095123291,-3.182981014251709
1710528120040746028,9.289083480834961,1.3388159275054932,-3.2069311141967773
1710528120059446347,9.304651260375977,1.3136682510375977,-3.2296838760375977
1710528120101470070,9.249565124511719,1.3448034524917603,-3.1997461318969727
1710528120115890367,9.287885665893555,1.3208532333374023,-3.282374382019043
1710528120152091404,9.274713516235352,1.3543835878372192,-3.2332763671875
1710528120195869161,9.28070068359375,1.3052856922149658,-3.282374382019043
1710528120206833840,9.273515701293945,1.3507909774780273,-3.144660711288452
1710528120248637557,9.299860954284668,1.3184581995010376,-3.2009437084198
1710528120254884194,9.251960754394531,1.3148657083511353,-3.284769296646118
1710528120259008970,9.268725395202637,1.356778621673584,-3.2572264671325684
1710528120288758956,9.285490989685059,1.3855187892913818,-3.2680041790008545
1710528120309808084,9.28070068359375,1.367556095123291,-3.263214111328125
1710528120334822953,9.238787651062012,1.3160632848739624,-3.303929328918457
1710528120368522492,9.275910377502441,1.3495935201644897,-3.275189161300659
1710528120400108591,9.279502868652344,1.3495935201644897,-3.215313673019409
1710528120429463783,9.274713516235352,1.353186011314392,-3.2284862995147705
1710528120431472913,9.287885665893555,1.337618350982666,-3.2680041790008545
1710528120435680576,9.27112102508545,1.3340258598327637,-3.224893808364868
1710528120469536572,9.27112102508545,1.3424084186553955,-3.2799792289733887
1710528120473622925,9.309440612792969,1.347198486328125,-3.2296838760375977
1710528120481867154,9.279502868652344,1.347198486328125,-3.191363573074341
1710528120522024060,9.284293174743652,1.296903133392334,-3.3302745819091797
1710528120539391683,9.256750106811523,1.3292357921600342,-3.2775843143463135
1710528120568156185,9.279502868652344,1.347198486328125,-3.211721181869507
1710528120637518103,9.297466278076172,1.3172607421875,-3.223696231842041
1710528120654333295,9.279502868652344,1.3555810451507568,-3.2380664348602295
1710528120683701389,9.27112102508545,1.3148657083511353,-3.242856502532959
1710528120698522428,9.281898498535156,1.3160632848739624,-3.2596216201782227
1710528120714965767,9.289083480834961,1.3196557760238647,-3.2763867378234863
1710528120738768635,9.237590789794922,1.3196557760238647,-3.3494348526000977
1710528120763291815,9.29507064819336,1.3723461627960205,-3.191363573074341
1710528120784537068,9.251960754394531,1.337618350982666,-3.282374382019043
1710528120832845737,9.292675971984863,1.371148705482483,-3.2189061641693115
1710528120853800801,9.287885665893555,1.3064831495285034,-3.224893808364868
1710528120864291887,9.287885665893555,1.3819262981414795,-3.2560291290283203
1710528120881124730,9.238787651062012,1.3460010290145874,-3.264411687850952
1710528120887389951,9.305848121643066,1.2957055568695068,-3.263214111328125
1710528120900031818,9.307045936584473,1.361568570137024,-3.214116096496582
1710528120914415069,9.286687850952148,1.337618350982666,-3.1686108112335205
1710528120931260296,9.301058769226074,1.3340258598327637,-3.223696231842041
1710528120944182351,9.297466278076172,1.323248267173767,-3.2656090259552
1710528120960910497,9.277108192443848,1.3292357921600342,-3.2703990936279297
1710528121025970613,9.281898498535156,1.3136682510375977,-3.203338623046875
1710528121057694644,9.281898498535156,1.3555810451507568,-3.241658926010132
1710528121118233609,9.274713516235352,1.3723461627960205,-3.214116096496582
1710528121133192138,9.275910377502441,1.331630825996399,-3.1997461318969727
1710528121173122621,9.28070068359375,1.341210961341858,-3.2500414848327637
1710528121185860922,9.284293174743652,1.311273217201233,-3.2069311141967773
1710528121200465778,9.284293174743652,1.3759387731552124,-3.2368688583374023
1710528121217340739,9.274713516235352,1.3340258598327637,-3.262016534805298
1710528121267835488,9.309440612792969,1.3040881156921387,-3.245251417160034
1710528121282743187,9.305848121643066,1.3436059951782227,-3.281176805496216
1710528121303204010,9.261540412902832,1.3040881156921387,-3.3075220584869385
1710528121322586467,9.311836242675781,1.3064831495285034,-3.2392640113830566
1710528121347640961,9.277108192443848,1.3807287216186523,-3.2799792289733887
1710528121351840268,9.279502868652344,1.3783336877822876,-3.2272887229919434
1710528121377191174,9.273515701293945,1.4022839069366455,-3.223696231842041
1710528121390666794,9.309440612792969,1.2992980480194092,-3.161425828933716
1710528121419334305,9.309440612792969,1.2992980480194092,-3.161425828933716
1710528121423685806,9.277108192443848,1.3280383348464966,-3.3661999702453613
1710528121442612804,9.283095359802246,1.326840877532959,-3.234473943710327
1710528121482340708,9.292675971984863,1.3244458436965942,-3.2081286907196045
1710528121511142697,9.286687850952148,1.341210961341858,-3.203338623046875
1710528121524279678,9.284293174743652,1.311273217201233,-3.324287176132202
1710528121553794683,9.263935089111328,1.2801378965377808,-3.26081919670105
1710528121579057467,9.24357795715332,1.3855187892913818,-3.203338623046875
1710528121600169581,9.292675971984863,1.3819262981414795,-3.204536199569702
1710528121658672356,9.281898498535156,1.383123755455017,-3.242856502532959
1710528121663052735,9.291478157043457,1.3172607421875,-3.2201037406921387
1710528121667140921,9.29507064819336,1.3460010290145874,-3.2332763671875
1710528121686250605,9.260342597961426,1.361568570137024,-3.2560291290283203
1710528121713292447,9.285490989685059,1.3208532333374023,-3.263214111328125
1710528121746788176,9.253157615661621,1.3735437393188477,-3.211721181869507
1710528121793262643,9.289083480834961,1.271755337715149,-3.284769296646118
1710528121818325449,9.265132904052734,1.3783336877822876,-3.3386571407318115
1710528121847933648,9.251960754394531,1.2621753215789795,-3.312312126159668
1710528121877222019,9.287885665893555,1.3292357921600342,-3.1997461318969727
1710528121911200942,9.293872833251953,1.3579760789871216,-3.1877710819244385
1710528121921189394,9.284293174743652,1.3304333686828613,-3.2787816524505615
1710528121929517471,9.296268463134766,1.323248267173767,-3.211721181869507
1710528121956921150,9.287885665893555,1.3256433010101318,-3.2069311141967773
1710528121965309732,9.285490989685059,1.3639636039733887,-3.271596670150757
1710528121969450981,9.274713516235352,1.323248267173767,-3.284769296646118
1710528121990654832,9.278306007385254,1.3783336877822876,-3.222498893737793
1710528122049607837,9.285490989685059,1.3603711128234863,-3.272794246673584
1710528122058037662,9.278306007385254,1.3651611804962158,-3.244053840637207
1710528122066465447,9.281898498535156,1.3759387731552124,-3.221301317214966
1710528122113345654,9.267528533935547,1.332828402519226,-3.1985485553741455
1710528122140242377,9.256750106811523,1.3555810451507568,-3.2165112495422363
1710528122176053224,9.302255630493164,1.3687536716461182,-3.2572264671325684
1710528122226412210,9.241183280944824,1.3364208936691284,-3.20573353767395
1710528122236849277,9.274713516235352,1.3663586378097534,-3.2584240436553955
1710528122258031354,9.285490989685059,1.3424084186553955,-3.232078790664673
1710528122285296700,9.268725395202637,1.3699511289596558,-3.191363573074341
1710528122330212340,9.30345344543457,1.3196557760238647,-3.262016534805298
1710528122356783853,9.316625595092773,1.3495935201644897,-3.2332763671875
1710528122386734541,9.344168663024902,1.323248267173767,-3.3302745819091797
1710528122400998446,9.233997344970703,1.3483959436416626,-3.132685661315918
1710528122439036727,9.2208251953125,1.3052856922149658,-3.2680041790008545
1710528122447383495,9.283095359802246,1.353186011314392,-3.203338623046875
1710528122470410824,9.260342597961426,1.3436059951782227,-3.234473943710327
1710528122493311605,9.283095359802246,1.362766146659851,-3.181783437728882
1710528122501643039,9.292675971984863,1.3603711128234863,-3.175795793533325
1710528122512247187,9.281898498535156,1.3124706745147705,-3.241658926010132
1710528122541554243,9.273515701293945,1.353186011314392,-3.2488439083099365
1710528122573335432,9.272317886352539,1.3747411966323853,-3.2093262672424316
1710528122619620273,9.293872833251953,1.2765454053878784,-3.2680041790008545
1710528122629991807,9.297466278076172,1.356778621673584,-3.232078790664673
1710528122644856638,9.26633071899414,1.4058765172958374,-3.1865735054016113
1710528122670095089,9.299860954284668,1.2861255407333374,-3.2656090259552
1710528122680306697,9.298663139343262,1.2645703554153442,-3.3063244819641113
1710528122699485603,9.29028034210205,1.3172607421875,-3.3087193965911865
1710528122726814562,9.28070068359375,1.3220508098602295,-3.2680041790008545
1710528122737259286,9.284293174743652,1.3196557760238647,-3.203338623046875
1710528122760447446,9.260342597961426,1.311273217201233,-3.221301317214966
1710528122789669148,9.267528533935547,1.3507909774780273,-3.2572264671325684
1710528122812897097,9.284293174743652,1.3088781833648682,-3.275189161300659
1710528122833749987,9.285490989685059,1.3639636039733887,-3.181783437728882
1710528122844367079,9.291478157043457,1.3148657083511353,-3.2967443466186523
1710528122873899562,9.292675971984863,1.3220508098602295,-3.2368688583374023
1710528122924061082,9.268725395202637,1.3292357921600342,-3.251239061355591
1710528122928441582,9.241183280944824,1.3424084186553955,-3.314707040786743
1710528122941069609,9.357341766357422,1.347198486328125,-3.3182995319366455
1710528122957819226,9.269923210144043,1.4286291599273682,-3.063230037689209
1710528122964181047,9.311836242675781,1.311273217201233,-3.2332763671875
1710528122991711056,9.305848121643066,1.4537768363952637,-3.101550340652466
1710528123016874587,9.253157615661621,1.2897180318832397,-3.2979419231414795
1710528123083965448,9.245972633361816,1.2549902200698853,-3.3194971084594727
1710528123134082990,9.274713516235352,1.3040881156921387,-3.2871642112731934
1710528123136129276,9.301058769226074,1.3950989246368408,-3.221301317214966
1710528123182535371,9.272317886352539,1.3136682510375977,-3.2500414848327637
1710528123218056075,9.283095359802246,1.3543835878372192,-3.2189061641693115
1710528123249444026,9.283095359802246,1.347198486328125,-3.253633975982666
1710528123251541854,9.267528533935547,1.3495935201644897,-3.2656090259552
1710528123257988135,9.286687850952148,1.3950989246368408,-3.1901659965515137
1710528123316731262,9.30345344543457,1.331630825996399,-3.26081919670105
1710528123371521150,9.279502868652344,1.3256433010101318,-3.2284862995147705
1710528123401034717,9.285490989685059,1.3986914157867432,-3.172203302383423
1710528123430427976,9.286687850952148,1.332828402519226,-3.1985485553741455
1710528123451427725,9.29028034210205,1.3280383348464966,-3.254831552505493
1710528123453701715,9.281898498535156,1.3543835878372192,-3.2668066024780273
1710528123487293984,9.260342597961426,1.296903133392334,-3.3278796672821045
1710528123510125136,9.292675971984863,1.3807287216186523,-3.064427375793457
1710528123535491413,9.250762939453125,1.3352234363555908,-3.294349431991577
1710528123554970865,9.378896713256836,1.3986914157867432,-3.093167781829834
1710528123579706109,9.214838027954102,1.293310523033142,-3.1877710819244385
1710528123592226583,9.360934257507324,1.293310523033142,-3.1877710819244385
1710528123615454646,9.274713516235352,1.3819262981414795,-3.2775843143463135
1710528123646730690,9.287885665893555,1.3148657083511353,-3.2488439083099365
1710528123670036503,9.267528533935547,1.347198486328125,-3.20573353767395
1710528123720065306,9.273515701293945,1.353186011314392,-3.1889684200286865
1710528123797991187,9.307045936584473,1.3795312643051147,-3.2177088260650635
1710528123829527873,9.285490989685059,1.296903133392334,-3.282374382019043
1710528123871432627,9.279502868652344,1.3543835878372192,-3.215313673019409
1710528123890313000,9.284293174743652,1.3448034524917603,-3.2871642112731934
1710528123922322247,9.281898498535156,1.3448034524917603,-3.2260913848876953
1710528123961995072,9.292675971984863,1.3172607421875,-3.234473943710327
1710528123999507186,9.289083480834961,1.3483959436416626,-3.194956064224243
1710528124037371494,9.253157615661621,1.3088781833648682,-3.3697924613952637
1710528124050064521,9.267528533935547,1.4106664657592773,-3.105142831802368
1710528124081459733,9.298663139343262,1.427431583404541,-3.154240608215332
1710528124094011493,9.313033103942871,1.3424084186553955,-3.2093262672424316
1710528124121457532,9.279502868652344,1.3280383348464966,-3.2404613494873047
1710528124123363149,9.284293174743652,1.3160632848739624,-3.2272887229919434
1710528124165409179,9.297466278076172,1.2849279642105103,-3.263214111328125
1710528124176179873,9.26633071899414,1.3879138231277466,-3.2584240436553955
1710528124222822797,9.296268463134766,1.3591735363006592,-3.2656090259552
1710528124266486783,9.286687850952148,1.386716365814209,-3.290756940841675
1710528124287376871,9.298663139343262,1.3208532333374023,-3.214116096496582
1710528124316507644,9.269923210144043,1.307680606842041,-3.2991394996643066
1710528124331435265,9.314230918884277,1.347198486328125,-3.2787816524505615
1710528124358800201,9.284293174743652,1.3519885540008545,-3.2296838760375977
1710528124398731906,9.293872833251953,1.3579760789871216,-3.214116096496582
1710528124434602461,9.314230918884277,1.3495935201644897,-3.2081286907196045
1710528124436687878,9.275910377502441,1.3591735363006592,-3.234473943710327
1710528124445049147,9.272317886352539,1.3400133848190308,-3.2488439083099365
1710528124468112146,9.278306007385254,1.347198486328125,-3.1877710819244385
1710528124472308582,9.273515701293945,1.3699511289596558,-3.184178352355957
1710528124486897407,9.29028034210205,1.3783336877822876,-3.211721181869507
1710528124509642753,9.284293174743652,1.3280383348464966,-3.2859668731689453
1710528124524762950,9.286687850952148,1.3591735363006592,-3.2201037406921387
1710528124543973275,9.244775772094727,1.331630825996399,-3.301534414291382
1710528124567288484,9.248368263244629,1.347198486328125,-3.242856502532959
1710528124604921823,9.292675971984863,1.3879138231277466,-3.1195130348205566
1710528124630159380,9.287885665893555,1.391506314277649,-3.2009437084198
1710528124727114947,9.26633071899414,1.3256433010101318,-3.20573353767395
1710528124741633324,9.304651260375977,1.3040881156921387,-3.2380664348602295
1710528124756885552,9.292675971984863,1.371148705482483,-3.182981014251709
1710528124768911931,9.278306007385254,1.3244458436965942,-3.2081286907196045
1710528124775175572,9.28070068359375,1.2909154891967773,-3.194956064224243
1710528124821395549,9.260342597961426,1.3843213319778442,-3.2093262672424316
1710528124863650725,9.316625595092773,1.307680606842041,-3.291954278945923
1710528124873936810,9.273515701293945,1.3795312643051147,-3.1961536407470703
1710528124890827331,9.25794792175293,1.332828402519226,-3.245251417160034
1710528124907263215,9.25794792175293,1.332828402519226,-3.245251417160034
1710528124932620512,9.279502868652344,1.3280383348464966,-3.204536199569702
1710528124958110330,9.275910377502441,1.326840877532959,-3.1997461318969727
1710528124976882009,9.298663139343262,1.3388159275054932,-3.1973509788513184
1710528125020815327,9.269923210144043,1.3603711128234863,-3.1973509788513184
1710528125039775313,9.298663139343262,1.311273217201233,-3.2799792289733887
1710528125054867276,9.289083480834961,1.3448034524917603,-3.2392640113830566
1710528125079648181,9.279502868652344,1.3460010290145874,-3.2260913848876953
1710528125096290339,9.293872833251953,1.341210961341858,-3.2332763671875
1710528125110924904,9.332193374633789,1.323248267173767,-3.2775843143463135
1710528125155501039,9.286687850952148,1.3939013481140137,-3.101550340652466
1710528125180215472,9.307045936584473,1.3591735363006592,-3.263214111328125
1710528125230798546,9.292675971984863,1.3040881156921387,-3.262016534805298
1710528125274966978,9.281898498535156,1.3651611804962158,-3.2272887229919434
1710528125289434948,9.285490989685059,1.3986914157867432,-3.263214111328125
1710528125306090457,9.29028034210205,1.3292357921600342,-3.222498893737793
1710528125318657118,9.27112102508545,1.3136682510375977,-3.251239061355591
1710528125346355001,9.281898498535156,1.347198486328125,-3.1961536407470703
1710528125432887993,9.287885665893555,1.302890658378601,-3.3099169731140137
1710528125462084567,9.301058769226074,1.3436059951782227,-3.263214111328125
1710528125483167453,9.286687850952148,1.3903088569641113,-3.193758487701416
1710528125497881312,9.284293174743652,1.3388159275054932,-3.2069311141967773
1710528125508875760,9.281898498535156,1.3519885540008545,-3.20573353767395
1710528125535662310,9.305848121643066,1.3448034524917603,-3.2572264671325684
1710528125560865755,9.269923210144043,1.37713623046875,-3.191363573074341
1710528125574173606,9.313033103942871,1.361568570137024,-3.1590306758880615
1710528125580130444,9.284293174743652,1.337618350982666,-3.2069311141967773
1710528125595007819,9.285490989685059,1.307680606842041,-3.29315185546875
1710528125607572964,9.298663139343262,1.3519885540008545,-3.191363573074341
1710528125636963474,9.284293174743652,1.3340258598327637,-3.2404613494873047
1710528125643295727,9.299860954284668,1.3136682510375977,-3.2332763671875
1710528125683288480,9.222023010253906,1.3388159275054932,-3.211721181869507
1710528125712368666,9.284293174743652,1.367556095123291,-3.271596670150757
1710528125752607990,9.274713516235352,1.3555810451507568,-3.241658926010132
1710528125769407207,9.30345344543457,1.3292357921600342,-3.17340087890625
1710528125792688373,9.261540412902832,1.3304333686828613,-3.284769296646118
1710528125807309052,9.286687850952148,1.407073974609375,-3.2177088260650635
1710528125826125821,9.287885665893555,1.367556095123291,-3.194956064224243
1710528125836590837,9.281898498535156,1.413061499595642,-3.2572264671325684
1710528125853566475,9.286687850952148,1.3663586378097534,-3.1961536407470703
1710528125926740891,9.348958969116211,1.3986914157867432,-3.1793885231018066
1710528125935251940,9.27112102508545,1.3196557760238647,-3.214116096496582
1710528125939660900,9.29028034210205,1.3507909774780273,-3.124302864074707
1710528126006987576,9.27112102508545,1.367556095123291,-3.182981014251709
1710528126017331602,9.269923210144043,1.3591735363006592,-3.2560291290283203
1710528126032103917,9.289083480834961,1.326840877532959,-3.1865735054016113
1710528126061526358,9.301058769226074,1.361568570137024,-3.224893808364868
1710528126115621473,9.286687850952148,1.3783336877822876,-3.193758487701416
1710528126136974568,9.298663139343262,1.3244458436965942,-3.2584240436553955
1710528126149378370,9.287885665893555,1.3340258598327637,-3.283571720123291
1710528126166373763,9.286687850952148,1.337618350982666,-3.221301317214966
1710528126189480249,9.298663139343262,1.3244458436965942,-3.174598455429077
1710528126224957815,9.327404022216797,1.4322216510772705,-3.095562696456909
1710528126252530769,9.299860954284668,1.2454102039337158,-3.26081919670105
1710528126269290092,9.272317886352539,1.407073974609375,-3.215313673019409
1710528126361639581,9.283095359802246,1.3052856922149658,-3.2201037406921387
1710528126416373207,9.265132904052734,1.3172607421875,-3.2296838760375977
1710528126447874362,9.284293174743652,1.3723461627960205,-3.202141046524048
1710528126536079695,9.277108192443848,1.3208532333374023,-3.230881452560425
1710528126557042133,9.285490989685059,1.3483959436416626,-3.2009437084198
1710528126559070905,9.283095359802246,1.3795312643051147,-3.224893808364868
1710528126586639306,9.273515701293945,1.3639636039733887,-3.2404613494873047
1710528126641175192,9.284293174743652,1.3723461627960205,-3.1901659965515137
1710528126676980914,9.291478157043457,1.3519885540008545,-3.162623405456543
1710528126729546871,9.292675971984863,1.3160632848739624,-3.2189061641693115
1710528126784067899,9.325008392333984,1.2849279642105103,-3.234473943710327
1710528126796725956,9.244775772094727,1.271755337715149,-3.254831552505493
1710528126817748943,9.320218086242676,1.3759387731552124,-3.20573353767395
1710528126836574094,9.338181495666504,1.413061499595642,-3.1374754905700684
1710528126842884522,9.263935089111328,1.3400133848190308,-3.214116096496582
1710528126880601002,9.278306007385254,1.362766146659851,-3.1997461318969727
1710528126887121197,9.310638427734375,1.3735437393188477,-3.1901659965515137
1710528126901578687,9.285490989685059,1.3639636039733887,-3.222498893737793
1710528126926872796,9.28070068359375,1.337618350982666,-3.2500414848327637
1710528126941372345,9.301058769226074,1.37713623046875,-3.202141046524048
1710528127019678315,9.263935089111328,1.3950989246368408,-3.1698083877563477
1710528127036424711,9.283095359802246,1.4190490245819092,-3.1901659965515137
1710528127061656757,9.311836242675781,1.3220508098602295,-3.230881452560425
1710528127088979119,9.302255630493164,1.311273217201233,-3.1961536407470703
1710528127122661101,9.284293174743652,1.362766146659851,-3.1961536407470703
1710528127141708321,9.298663139343262,1.3651611804962158,-3.223696231842041
1710528127164614051,9.289083480834961,1.3651611804962158,-3.230881452560425
1710528127187876531,9.291478157043457,1.3436059951782227,-3.191363573074341
1710528127267541426,9.29028034210205,1.3807287216186523,-3.2165112495422363
1710528127328343025,9.281898498535156,1.3891112804412842,-3.211721181869507
1710528127347707809,9.342970848083496,1.3519885540008545,-3.165018320083618
1710528127358302365,9.253157615661621,1.3424084186553955,-3.234473943710327
1710528127366855495,9.245972633361816,1.3519885540008545,-3.151845693588257
1710528127389778746,9.245972633361816,1.3723461627960205,-3.2093262672424316
1710528127459254773,9.245972633361816,1.3136682510375977,-3.263214111328125
1710528127478163823,9.29507064819336,1.3591735363006592,-3.203338623046875
1710528127538910157,9.315428733825684,1.3807287216186523,-3.2105236053466797
1710528127579333632,9.281898498535156,1.3699511289596558,-3.151845693588257
1710528127603159662,9.289083480834961,1.3843213319778442,-3.2093262672424316
1710528127619252932,9.279502868652344,1.332828402519226,-3.211721181869507
1710528127682323335,9.28070068359375,1.3148657083511353,-3.1877710819244385
1710528127720203202,9.29028034210205,1.392703890800476,-3.251239061355591
1710528127741229040,9.28070068359375,1.326840877532959,-3.2081286907196045
1710528127756085182,9.284293174743652,1.3819262981414795,-3.163820743560791
1710528127766782686,9.284293174743652,1.3064831495285034,-3.2763867378234863
1710528127781240856,9.28070068359375,1.3579760789871216,-3.245251417160034
1710528127793634622,9.304651260375977,1.3843213319778442,-3.211721181869507
1710528127825228032,9.289083480834961,1.3304333686828613,-3.2105236053466797
1710528127839972399,9.309440612792969,1.326840877532959,-3.333867073059082
1710528127867500324,9.296268463134766,1.3448034524917603,-3.1578333377838135
1710528127871778661,9.296268463134766,1.3448034524917603,-3.1578333377838135
1710528127888457400,9.265132904052734,1.3855187892913818,-3.2404613494873047
1710528127911178724,9.32620620727539,1.3639636039733887,-3.185375928878784
1710528127951527015,9.278306007385254,1.3436059951782227,-3.1494507789611816
1710528127987264977,9.28070068359375,1.3651611804962158,-3.2201037406921387
1710528128026980875,9.304651260375977,1.362766146659851,-3.235671281814575
1710528128060738421,9.289083480834961,1.3388159275054932,-3.212918758392334
1710528128075412062,9.28070068359375,1.3939013481140137,-3.222498893737793
1710528128111827784,9.253157615661621,1.392703890800476,-3.1686108112335205
1710528128121544170,9.29028034210205,1.3807287216186523,-3.1470556259155273
1710528128144856970,9.302255630493164,1.2945080995559692,-3.2560291290283203
1710528128165967197,9.296268463134766,1.3783336877822876,-3.20573353767395
1710528128203672725,9.291478157043457,1.3819262981414795,-3.191363573074341
1710528128216181422,9.281898498535156,1.367556095123291,-3.221301317214966
1710528128224823136,9.283095359802246,1.3364208936691284,-3.192561149597168
1710528128245719445,9.286687850952148,1.3436059951782227,-3.2105236053466797
1710528128268950883,9.289083480834961,1.3483959436416626,-3.2165112495422363
1710528128272981221,9.272317886352539,1.3759387731552124,-3.192561149597168
1710528128277241180,9.289083480834961,1.3591735363006592,-3.1865735054016113
1710528128315085781,9.285490989685059,1.3244458436965942,-3.1985485553741455
1710528128365802292,9.327404022216797,1.3172607421875,-3.172203302383423
1710528128409649811,9.281898498535156,1.397493839263916,-3.1602282524108887
1710528128481374350,9.289083480834961,1.3651611804962158,-3.1805858612060547
1710528128529315506,9.285490989685059,1.3436059951782227,-3.271596670150757
1710528128544518364,9.289083480834961,1.3998888731002808,-3.1889684200286865
1710528128561362758,9.293872833251953,1.3136682510375977,-3.2009437084198
1710528128578226297,9.274713516235352,1.2897180318832397,-3.2105236053466797
1710528128597128807,9.296268463134766,1.3591735363006592,-3.230881452560425
1710528128603260151,9.296268463134766,1.3591735363006592,-3.230881452560425
1710528128641166816,9.296268463134766,1.337618350982666,-3.214116096496582
1710528128655912446,9.28070068359375,1.3879138231277466,-3.174598455429077
1710528128678729682,9.289083480834961,1.3603711128234863,-3.2787816524505615
1710528128718630781,9.291478157043457,1.3651611804962158,-3.221301317214966
1710528128735811066,9.28070068359375,1.383123755455017,-3.242856502532959
1710528128771384558,9.314230918884277,1.3256433010101318,-3.154240608215332
1710528128801145286,9.287885665893555,1.331630825996399,-3.251239061355591
1710528128853236496,9.285490989685059,1.371148705482483,-3.1662158966064453
1710528128876460024,9.267528533935547,1.397493839263916,-3.224893808364868
1710528128908551093,9.286687850952148,1.361568570137024,-3.1889684200286865
1710528128922582792,9.248368263244629,1.2837305068969727,-3.253633975982666
1710528128949696714,9.273515701293945,1.392703890800476,-3.142265558242798
1710528128966905621,9.251960754394531,1.392703890800476,-3.185375928878784
1710528129029944585,9.291478157043457,1.3352234363555908,-3.1997461318969727
1710528129055098518,9.293872833251953,1.3292357921600342,-3.2189061641693115
1710528129084584513,9.296268463134766,1.3855187892913818,-3.194956064224243
1710528129115982768,9.278306007385254,1.3136682510375977,-3.1698083877563477
1710528129120173819,9.29028034210205,1.3783336877822876,-3.1889684200286865
1710528129130964089,9.283095359802246,1.3220508098602295,-3.221301317214966
1710528129145548463,9.287885665893555,1.3400133848190308,-3.2680041790008545
1710528129164734509,9.291478157043457,1.3699511289596558,-3.1266980171203613
1710528129192006008,9.292675971984863,1.3448034524917603,-3.1494507789611816
1710528129227899980,9.287885665893555,1.3172607421875,-3.230881452560425
1710528129246745776,9.286687850952148,1.3747411966323853,-3.163820743560791
1710528129311094039,9.29028034210205,1.3807287216186523,-3.222498893737793
1710528129339448790,9.296268463134766,1.3448034524917603,-3.2596216201782227
1710528129360443749,9.292675971984863,1.337618350982666,-3.1686108112335205
1710528129423593803,9.275910377502441,1.3735437393188477,-3.2093262672424316
1710528129440262031,9.301058769226074,1.307680606842041,-3.2201037406921387
1710528129444304242,9.30345344543457,1.3304333686828613,-3.2668066024780273
1710528129471725274,9.233997344970703,1.3507909774780273,-3.3159046173095703
1710528129532657083,9.26633071899414,1.2693603038787842,-3.2763867378234863
1710528129553756046,9.315428733825684,1.451381802558899,-3.171005964279175
1710528129576986847,9.275910377502441,1.3735437393188477,-3.222498893737793
1710528129583281427,9.273515701293945,1.2837305068969727,-3.212918758392334
1710528129619202699,9.29507064819336,1.3579760789871216,-3.2799792289733887
1710528129653142848,9.283095359802246,1.391506314277649,-3.232078790664673
1710528129678136801,9.307045936584473,1.3495935201644897,-3.1961536407470703
1710528129688639400,9.284293174743652,1.3436059951782227,-3.224893808364868
1710528129712482862,9.31782341003418,1.3280383348464966,-3.192561149597168
1710528129724332740,9.296268463134766,1.3807287216186523,-3.1877710819244385
1710528129772645109,9.274713516235352,1.341210961341858,-3.2392640113830566
1710528129787409481,9.281898498535156,1.3136682510375977,-3.2189061641693115
1710528129800514298,9.291478157043457,1.332828402519226,-3.212918758392334
1710528129831381063,9.275910377502441,1.3962963819503784,-3.224893808364868
1710528129871289772,9.286687850952148,1.353186011314392,-3.1901659965515137
1710528129888216194,9.291478157043457,1.3352234363555908,-3.2488439083099365
1710528129917630649,9.286687850952148,1.3747411966323853,-3.175795793533325
1710528129976645964,9.25794792175293,1.341210961341858,-3.204536199569702
1710528129991225945,9.329798698425293,1.3460010290145874,-3.1578333377838135
1710528130005965088,9.253157615661621,1.3400133848190308,-3.32548451423645
1710528130023000098,9.334589004516602,1.3460010290145874,-3.2895593643188477
1710528130058439560,9.308243751525879,1.4645544290542603,-3.171005964279175
1710528130060403267,9.305848121643066,1.307680606842041,-3.1302905082702637
1710528130083589805,9.255553245544434,1.4154565334320068,-3.142265558242798
1710528130098307591,9.28070068359375,1.3424084186553955,-3.1997461318969727
1710528130125313205,9.260342597961426,1.3591735363006592,-3.1985485553741455
1710528130161264295,9.293872833251953,1.3064831495285034,-3.2201037406921387
1710528130187707947,9.273515701293945,1.2921130657196045,-3.1686108112335205
1710528130253854622,9.291478157043457,1.2945080995559692,-3.224893808364868
1710528130320976217,9.281898498535156,1.3424084186553955,-3.253633975982666
1710528130339872615,9.29028034210205,1.3651611804962158,-3.185375928878784
1710528130360880473,9.283095359802246,1.3507909774780273,-3.234473943710327
1710528130388295786,9.285490989685059,1.3436059951782227,-3.2260913848876953
1710528130430195711,9.291478157043457,1.3436059951782227,-3.2069311141967773
1710528130451447987,9.289083480834961,1.3687536716461182,-3.1674132347106934
1710528130478583153,9.29507064819336,1.362766146659851,-3.194956064224243
1710528130531056413,9.291478157043457,1.3555810451507568,-3.2332763671875
1710528130552035462,9.293872833251953,1.3400133848190308,-3.181783437728882
1710528130571320703,9.254355430603027,1.347198486328125,-3.230881452560425
1710528130583726339,9.226812362670898,1.3950989246368408,-3.2009437084198
1710528130619627743,9.31782341003418,1.356778621673584,-3.1985485553741455
1710528130636139212,9.259145736694336,1.4094690084457397,-3.165018320083618
1710528130648898694,9.254355430603027,1.3495935201644897,-3.232078790664673
1710528130703286973,9.283095359802246,1.3543835878372192,-3.163820743560791
1710528130743505234,9.287885665893555,1.2921130657196045,-3.1973509788513184
1710528130751923459,9.275910377502441,1.3759387731552124,-3.1769933700561523
1710528130775192622,9.279502868652344,1.3256433010101318,-3.1889684200286865
1710528130796305324,9.277108192443848,1.3735437393188477,-3.1961536407470703
1710528130834290831,9.251960754394531,1.3819262981414795,-3.193758487701416
1710528130876387792,9.362131118774414,1.2909154891967773,-3.2572264671325684
1710528130880591165,9.237590789794922,1.2957055568695068,-3.301534414291382
1710528130888968686,9.242380142211914,1.3244458436965942,-3.2488439083099365
1710528130909442453,9.242380142211914,1.3244458436965942,-3.2488439083099365
1710528130920358973,9.309440612792969,1.3747411966323853,-3.1566357612609863
1710528130937367627,9.272317886352539,1.401086449623108,-3.151845693588257
1710528130960311574,9.313033103942871,1.361568570137024,-3.181783437728882
1710528130987963734,9.267528533935547,1.4202466011047363,-3.172203302383423
1710528130996304655,9.292675971984863,1.383123755455017,-3.151845693588257
1710528131069917912,9.308243751525879,1.3292357921600342,-3.2105236053466797
1710528131101440935,9.256750106811523,1.4022839069366455,-3.1805858612060547
1710528131107233797,9.256750106811523,1.4022839069366455,-3.1805858612060547
1710528131120210637,9.35494613647461,1.2310400009155273,-2.9806017875671387
1710528131139364994,9.260342597961426,1.5639477968215942,-3.202141046524048
1710528131156224651,9.310638427734375,1.2621753215789795,-2.9973669052124023
1710528131177175363,9.265132904052734,1.4693444967269897,-3.252436637878418
1710528131227625220,9.287885665893555,1.4238390922546387,-3.1901659965515137
1710528131259243330,9.279502868652344,1.1651769876480103,-3.0991551876068115
1710528131271584487,9.305848121643066,1.6190332174301147,-3.034489631652832
1710528131317929155,9.293872833251953,1.37713623046875,-3.2488439083099365
1710528131387607665,9.438772201538086,1.5531702041625977,-3.3171019554138184
1710528131419278175,9.313033103942871,1.4897021055221558,-3.235671281814575
1710528131467908003,9.279502868652344,1.3148657083511353,-3.223696231842041
1710528131478317604,9.254355430603027,1.371148705482483,-3.403322696685791
1710528131511238094,9.254355430603027,1.371148705482483,-3.403322696685791
1710528131536954158,9.308243751525879,1.341210961341858,-3.112327814102173
1710528131555924973,9.254355430603027,1.2022998332977295,-3.32548451423645
1710528131566523264,9.286687850952148,1.362766146659851,-3.3087193965911865
1710528131591953123,9.208849906921387,1.4537768363952637,-3.38057017326355
1710528131600324016,9.292675971984863,1.2106823921203613,-3.224893808364868
1710528131644442960,9.285490989685059,1.287322998046875,-3.5961217880249023
1710528131686374672,9.302255630493164,1.2825329303741455,-3.1674132347106934
1710528131703138714,9.222023010253906,1.3986914157867432,-3.26081919670105
1710528131747134296,9.291478157043457,1.1687694787979126,-3.44523549079895
1710528131768399871,9.239985466003418,1.243015170097351,-3.2201037406921387
1710528131776740843,9.006470680236816,1.3855187892913818,-2.4980053901672363
1710528131785138999,9.23519515991211,1.8477575778961182,-2.3710694313049316
1710528131799784526,9.158555030822754,1.2909154891967773,-3.4859509468078613
1710528131896512665,9.236392974853516,1.1927196979522705,-3.653602361679077
1710528131950981495,9.268725395202637,1.277742862701416,-3.451223134994507
1710528131991215782,9.190887451171875,1.4154565334320068,-3.1961536407470703
1710528131995509075,9.275910377502441,1.241817593574524,-3.640429735183716
1710528132010288082,9.268725395202637,1.3519885540008545,-3.3458423614501953
1710528132098696657,9.248368263244629,1.3184581995010376,-3.3769774436950684
1710528132165688864,9.284293174743652,1.3100756406784058,-3.523073673248291
1710528132189114537,9.27112102508545,1.277742862701416,-3.361409902572632
1710528132210157671,9.241183280944824,1.4178515672683716,-3.252436637878418
1710528132218702701,9.241183280944824,1.4178515672683716,-3.252436637878418
1710528132229153732,9.214838027954102,1.277742862701416,-3.3099169731140137
1710528132237422053,9.233997344970703,1.3124706745147705,-3.3386571407318115
1710528132256416651,9.325008392333984,1.3352234363555908,-3.2656090259552
1710528132285710596,9.275910377502441,1.2621753215789795,-3.3901500701904297
1710528132311140983,9.226812362670898,1.3855187892913818,-3.262016534805298
1710528132382225976,9.267528533935547,1.3735437393188477,-3.17340087890625
1710528132411811644,9.274713516235352,1.2981005907058716,-3.384162664413452
1710528132451551981,9.285490989685059,1.296903133392334,-3.1302905082702637
1710528132472795819,9.275910377502441,1.332828402519226,-3.3877551555633545
1710528132495944821,9.286687850952148,1.392703890800476,-3.251239061355591
1710528132510897386,9.250762939453125,1.2753479480743408,-3.284769296646118
1710528132525155080,9.247170448303223,1.2490026950836182,-3.392545223236084
1710528132537909512,9.245972633361816,1.3304333686828613,-3.341052293777466
1710528132565140453,9.253157615661621,1.323248267173767,-3.2967443466186523
1710528132574005436,9.225615501403809,1.3591735363006592,-3.32548451423645
1710528132599167191,9.238787651062012,1.2705578804016113,-3.3458423614501953
1710528132613764047,9.2208251953125,1.337618350982666,-3.2787816524505615
1710528132633134219,9.29028034210205,1.347198486328125,-3.234473943710327
1710528132662192926,9.26633071899414,1.2957055568695068,-3.313509464263916
1710528132691600197,9.245972633361816,1.2921130657196045,-3.284769296646118
1710528132693733112,9.277108192443848,1.3448034524917603,-3.332669734954834
1710528132713793756,9.242380142211914,1.2657678127288818,-3.295546770095825
1710528132731642023,9.277108192443848,1.3304333686828613,-3.2787816524505615
1710528132750646143,9.24357795715332,1.3448034524917603,-3.2991394996643066
1710528132752721871,9.248368263244629,1.293310523033142,-3.331472158432007
1710528132782171210,9.251960754394531,1.3460010290145874,-3.3159046173095703
1710528132798987567,9.26633071899414,1.2945080995559692,-3.3290772438049316
1710528132822201953,9.261540412902832,1.386716365814209,-3.341052293777466
1710528132899955640,9.261540412902832,1.3244458436965942,-3.29315185546875
1710528132927229264,9.273515701293945,1.3184581995010376,-3.2668066024780273
1710528132939937607,9.281898498535156,1.2753479480743408,-3.343447208404541
1710528132975707940,9.297466278076172,1.3160632848739624,-3.3386571407318115
1710528133001682608,9.273515701293945,1.3088781833648682,-3.3302745819091797
1710528133005137168,9.239985466003418,1.2945080995559692,-3.3398547172546387
1710528133015608287,9.262738227844238,1.3196557760238647,-3.313509464263916
1710528133038844540,9.238787651062012,1.3100756406784058,-3.3087193965911865
1710528133074535433,9.250762939453125,1.2909154891967773,-3.3171019554138184
1710528133076548885,9.247170448303223,1.2849279642105103,-3.3182995319366455
1710528133091442615,9.251960754394531,1.3220508098602295,-3.32548451423645
1710528133124796734,9.278306007385254,1.3759387731552124,-3.283571720123291
1710528133133338645,9.233997344970703,1.2801378965377808,-3.3673975467681885
1710528133150272044,9.245972633361816,1.323248267173767,-3.3302745819091797
1710528133177840719,9.238787651062012,1.2849279642105103,-3.3302745819091797
1710528133203076117,9.204059600830078,1.3388159275054932,-3.230881452560425
1710528133209127925,9.292675971984863,1.3699511289596558,-3.2392640113830566
1710528133211266619,9.292675971984863,1.3699511289596558,-3.2392640113830566
1710528133217517758,9.24357795715332,1.2789404392242432,-3.4164953231811523
1710528133242752303,9.263935089111328,1.3280383348464966,-3.2895593643188477
1710528133253285505,9.249565124511719,1.3460010290145874,-3.2703990936279297
1710528133259548256,9.261540412902832,1.2621753215789795,-3.324287176132202
1710528133282631198,9.24357795715332,1.3172607421875,-3.3063244819641113
1710528133308907391,9.251960754394531,1.3244458436965942,-3.3003368377685547
1710528133324578801,9.250762939453125,1.3184581995010376,-3.3458423614501953
1710528133375445656,9.272317886352539,1.3220508098602295,-3.2895593643188477
1710528133390068677,9.268725395202637,1.3244458436965942,-3.295546770095825
1710528133404871714,9.249565124511719,1.3436059951782227,-3.2979419231414795
1710528133432122115,9.249565124511719,1.3100756406784058,-3.3302745819091797
1710528133438218395,9.249565124511719,1.3100756406784058,-3.3159046173095703
1710528133471984590,9.284293174743652,1.3088781833648682,-3.311114549636841
1710528133488509045,9.27112102508545,1.3160632848739624,-3.3302745819091797
1710528133526626351,9.255553245544434,1.3148657083511353,-3.305126905441284
1710528133555907357,9.244775772094727,1.3160632848739624,-3.284769296646118
1710528133572667412,9.26633071899414,1.2885204553604126,-3.3182995319366455
1710528133599940706,9.29507064819336,1.3244458436965942,-3.324287176132202
