bag_timestamp_ns,accel0_x,accel0_y,accel0_z
1710524804800891889,9.823172569274902,1.3986914157867432,0.9627978801727295
1710524804804919449,9.851912498474121,1.3807287216186523,0.9244775176048279
1710524804832395797,9.817185401916504,1.4250366687774658,0.9544152617454529
1710524804836823163,9.827962875366211,1.4118640422821045,0.9544152617454529
1710524804861912400,9.817185401916504,1.416654109954834,0.9592053294181824
1710524804889150079,9.820777893066406,1.3891112804412842,0.9196875095367432
1710524804895535288,9.820777893066406,1.3891112804412842,0.9196875095367432
1710524804914454205,9.815987586975098,1.4082714319229126,0.9472302198410034
1710524804929026190,9.854308128356934,1.397493839263916,0.9663903713226318
1710524804962717921,9.815987586975098,1.4154565334320068,0.9304651021957397
1710524804981717539,9.849517822265625,1.4046789407730103,0.9220825433731079
1710524804994322172,9.851912498474121,1.383123755455017,0.9472302198410034
1710524805006915071,9.824370384216309,1.3986914157867432,0.9711804389953613
1710524805023851996,9.857900619506836,1.407073974609375,0.916094958782196
1710524805045273237,9.843530654907227,1.4346166849136353,0.946032702922821
1710524805049061071,9.847123146057129,1.4633569717407227,0.9568102955818176
1710524805065829515,9.8291597366333,1.4477893114089966,0.9616003632545471
1710524805078360780,9.823172569274902,1.383123755455017,0.9472302198410034
1710524805091469316,9.815987586975098,1.3939013481140137,0.9364526271820068
1710524805099398452,9.836345672607422,1.422641634941101,0.9412426948547363
1710524805124845037,9.831555366516113,1.4154565334320068,0.9568102955818176
1710524805137284340,9.826765060424805,1.371148705482483,0.946032702922821
1710524805166505494,9.850715637207031,1.416654109954834,0.9532177448272705
1710524805181288885,9.827962875366211,1.442999243736267,0.9616003632545471
1710524805206507178,9.814789772033691,1.391506314277649,0.9220825433731079
1710524805242016208,9.817185401916504,1.3855187892913818,0.9508227705955505
1710524805263199793,9.823172569274902,1.4286291599273682,0.9328601360321045
1710524805286295418,9.84233283996582,1.4322216510772705,0.9424402117729187
1710524805303182311,9.844727516174316,1.431024193763733,0.9352551102638245
1710524805313437107,9.83395004272461,1.416654109954834,0.9256750345230103
1710524805324785804,9.832752227783203,1.431024193763733,0.9292675852775574
1710524805378589329,9.831555366516113,1.383123755455017,0.9412426948547363
1710524805429134786,9.815987586975098,1.4190490245819092,0.9196875095367432
1710524805439471032,9.837542533874512,1.4142590761184692,0.9220825433731079
1710524805462688007,9.851912498474121,1.383123755455017,0.9604028463363647
1710524805479812648,9.824370384216309,1.3723461627960205,0.9771679639816284
1710524805498850404,9.839938163757324,1.4537768363952637,0.9388476610183716
1710524805532442300,9.827962875366211,1.4585669040679932,0.9352551102638245
1710524805557705301,9.820777893066406,1.3603711128234863,0.928070068359375
1710524805578591506,9.814789772033691,1.362766146659851,0.9232800006866455
1710524805622648290,9.830357551574707,1.4142590761184692,0.9340575933456421
1710524805645659376,9.850715637207031,1.4034814834594727,0.9244775176048279
1710524805662480817,9.823172569274902,1.383123755455017,0.9544152617454529
1710524805675233495,9.823172569274902,1.383123755455017,0.9544152617454529
1710524805681373959,9.830357551574707,1.4046789407730103,0.9340575933456421
1710524805704913510,9.820777893066406,1.4358142614364624,0.9364526271820068
1710524805733972559,9.819580078125,1.3747411966323853,0.9663903713226318
1710524805757097948,9.837542533874512,1.431024193763733,0.9496252536773682
1710524805771795481,9.823172569274902,1.4118640422821045,0.9256750345230103
1710524805818018384,9.821974754333496,1.4142590761184692,0.9580078125
1710524805839092111,9.830357551574707,1.4118640422821045,0.9819580316543579
1710524805849454330,9.843530654907227,1.3855187892913818,0.9136999249458313
1710524805868525901,9.830357551574707,1.4202466011047363,0.9316626191139221
1710524805901982261,9.837542533874512,1.3998888731002808,0.9328601360321045
1710524805931373805,9.845925331115723,1.3747411966323853,0.940045177936554
1710524805977765360,9.823172569274902,1.4537768363952637,0.9304651021957397
1710524805984049054,9.818382263183594,1.446591854095459,0.9256750345230103
1710524805996649152,9.825567245483398,1.431024193763733,0.9304651021957397
1710524806005465804,9.819580078125,1.3603711128234863,0.9592053294181824
1710524806015465038,9.844727516174316,1.4250366687774658,0.9472302198410034
1710524806022799392,9.836345672607422,1.4250366687774658,0.9472302198410034
1710524806053741625,9.853110313415527,1.4202466011047363,0.9148974418640137
1710524806066531356,9.843530654907227,1.4358142614364624,0.9328601360321045
1710524806089662398,9.862689971923828,1.4178515672683716,0.9711804389953613
1710524806114961791,9.820777893066406,1.4262341260910034,0.9304651021957397
1710524806165224891,9.815987586975098,1.421444058418274,0.9268725514411926
1710524806188279504,9.832752227783203,1.4202466011047363,0.9196875095367432
1710524806226285077,9.83395004272461,1.3962963819503784,0.946032702922821
1710524806293686008,9.8291597366333,1.3603711128234863,0.9556127786636353
1710524806312762884,9.827962875366211,1.4322216510772705,0.9520202875137329
1710524806333824759,9.85670280456543,1.4034814834594727,0.9113049507141113
1710524806361129524,9.818382263183594,1.4178515672683716,0.9316626191139221
1710524806382101999,9.826765060424805,1.4418017864227295,0.9687854051589966
1710524806398757718,9.825567245483398,1.3687536716461182,0.9113049507141113
1710524806423999562,9.826765060424805,1.4597643613815308,0.9388476610183716
1710524806460011326,9.831555366516113,1.37713623046875,0.9508227705955505
1710524806485050434,9.847123146057129,1.422641634941101,0.9496252536773682
1710524806502087436,9.827962875366211,1.4406042098999023,0.9376501441001892
1710524806527242624,9.823172569274902,1.4046789407730103,0.9292675852775574
1710524806558819164,9.814789772033691,1.3986914157867432,0.9951305985450745
1710524806586061740,9.817185401916504,1.4034814834594727,0.8933422565460205
1710524806605341145,9.821974754333496,1.4477893114089966,0.9556127786636353
1710524806634510270,9.819580078125,1.3603711128234863,0.9412426948547363
1710524806651249137,9.835147857666016,1.37713623046875,0.9065148830413818
1710524806657622411,9.819580078125,1.4190490245819092,0.8945397734642029
1710524806683587139,9.823172569274902,1.4178515672683716,0.9783654808998108
1710524806714438513,9.83395004272461,1.392703890800476,0.9125024676322937
1710524806739793135,9.850715637207031,1.4178515672683716,0.916094958782196
1710524806764914781,9.850715637207031,1.4094690084457397,0.9711804389953613
1710524806778063821,9.815987586975098,1.3950989246368408,0.9352551102638245
1710524806787977932,9.835147857666016,1.4549744129180908,0.940045177936554
1710524806810961955,9.830357551574707,1.4597643613815308,0.9448351860046387
1710524806832095365,9.832752227783203,1.4250366687774658,0.969982922077179
1710524806876289256,9.818382263183594,1.4178515672683716,0.9627978801727295
1710524806880600327,9.83395004272461,1.4358142614364624,0.928070068359375
1710524806945644860,9.832752227783203,1.3986914157867432,0.916094958782196
1710524806974962416,9.845925331115723,1.4561718702316284,0.9376501441001892
1710524807002413096,9.830357551574707,1.401086449623108,0.9232800006866455
1710524807012922339,9.820777893066406,1.3759387731552124,0.9268725514411926
1710524807044334228,9.825567245483398,1.3962963819503784,0.9580078125
1710524807084636385,9.8291597366333,1.4106664657592773,0.9172924757003784
1710524807114165009,9.832752227783203,1.391506314277649,1.0490185022354126
1710524807122515110,9.854308128356934,1.476529598236084,0.8789721727371216
1710524807189636781,9.899813652038574,1.4681469202041626,0.9304651021957397
1710524807202370160,9.817185401916504,1.4693444967269897,0.9412426948547363
1710524807221315585,9.814789772033691,1.4298266172409058,0.987945556640625
1710524807251208167,9.851912498474121,1.3998888731002808,0.9843530058860779
1710524807294888976,9.821974754333496,1.416654109954834,0.9747729301452637
1710524807306062183,9.836345672607422,1.4094690084457397,0.9975256323814392
1710524807332872647,9.818382263183594,1.4022839069366455,0.9616003632545471
1710524807360096300,9.821974754333496,1.356778621673584,0.9735754132270813
1710524807376735336,9.871072769165039,1.362766146659851,0.9951305985450745
1710524807395669207,9.85670280456543,1.3986914157867432,0.9580078125
1710524807406384022,9.85670280456543,1.3986914157867432,0.9580078125
1710524807429361112,9.815987586975098,1.4082714319229126,0.8885522484779358
1710524807437665538,9.862689971923828,1.4322216510772705,0.9376501441001892
1710524807450291674,9.814789772033691,1.4441968202590942,0.9903405904769897
1710524807475581452,9.839938163757324,1.4202466011047363,0.9568102955818176
1710524807492627003,9.836345672607422,1.4022839069366455,0.8873547315597534
1710524807496998325,9.836345672607422,1.4262341260910034,0.9364526271820068
1710524807511673751,9.838740348815918,1.4262341260910034,0.9364526271820068
1710524807522207777,9.820777893066406,1.4418017864227295,0.9556127786636353
1710524807537117473,9.821974754333496,1.4058765172958374,0.9196875095367432
1710524807559881734,9.837542533874512,1.3843213319778442,0.9352551102638245
1710524807568311303,9.841135025024414,1.4118640422821045,0.9304651021957397
1710524807576588923,9.826765060424805,1.4286291599273682,0.969982922077179
1710524807597568780,9.818382263183594,1.4250366687774658,0.9675878882408142
1710524807650266883,9.841135025024414,1.3879138231277466,0.9089099168777466
1710524807667306877,9.823172569274902,1.3962963819503784,1.008303165435791
1710524807688163359,9.880653381347656,1.4753320217132568,0.9316626191139221
1710524807703009114,9.843530654907227,1.451381802558899,0.9436376690864563
1710524807709677180,9.823172569274902,1.4202466011047363,0.9448351860046387
1710524807717800796,9.853110313415527,1.3460010290145874,0.9448351860046387
1710524807761857395,9.850715637207031,1.4645544290542603,0.9448351860046387
1710524807784658620,9.838740348815918,1.4106664657592773,0.9136999249458313
1710524807801588681,9.814789772033691,1.4106664657592773,0.9148974418640137
1710524807810135396,9.837542533874512,1.413061499595642,0.9580078125
1710524807814305336,9.821974754333496,1.4034814834594727,0.9592053294181824
1710524807835234543,9.847123146057129,1.4046789407730103,0.9256750345230103
1710524807850117894,9.843530654907227,1.3879138231277466,0.9244775176048279
1710524807858587126,9.8291597366333,1.3819262981414795,0.9424402117729187
1710524807873147930,9.835147857666016,1.3962963819503784,0.9484277367591858
1710524807955120093,9.824370384216309,1.3855187892913818,0.9819580316543579
1710524807990770269,9.818382263183594,1.4178515672683716,0.8849596977233887
1710524808007714253,9.841135025024414,1.3795312643051147,0.9520202875137329
1710524808032911878,9.8291597366333,1.362766146659851,0.9256750345230103
1710524808037034171,9.8291597366333,1.362766146659851,0.9256750345230103
1710524808054006483,9.847123146057129,1.4082714319229126,0.9220825433731079
1710524808079064400,9.847123146057129,1.4537768363952637,0.9184899926185608
1710524808102273697,9.84233283996582,1.446591854095459,0.916094958782196
1710524808108705993,9.824370384216309,1.3950989246368408,0.9663903713226318
1710524808125271605,9.820777893066406,1.431024193763733,0.9244775176048279
1710524808152619111,9.821974754333496,1.431024193763733,0.9148974418640137
1710524808211365509,9.815987586975098,1.383123755455017,1.0166858434677124
1710524808221997226,9.836345672607422,1.4082714319229126,0.910107433795929
1710524808251369771,9.857900619506836,1.4418017864227295,0.9544152617454529
1710524808270385366,9.818382263183594,1.3843213319778442,0.9592053294181824
1710524808293344240,9.848320007324219,1.3460010290145874,0.9172924757003784
1710524808304247751,9.867480278015137,1.4322216510772705,0.940045177936554
1710524808314680067,9.814789772033691,1.4489867687225342,0.9639953374862671
1710524808318951940,9.836345672607422,1.4154565334320068,0.9639953374862671
1710524808342043364,9.850715637207031,1.4154565334320068,0.9172924757003784
1710524808350331161,9.872270584106445,1.422641634941101,0.9184899926185608
1710524808367389145,9.855504989624023,1.4238390922546387,0.9304651021957397
1710524808388216228,9.814789772033691,1.4142590761184692,0.9352551102638245
1710524808413803496,9.820777893066406,1.431024193763733,0.9220825433731079
1710524808436824793,9.859097480773926,1.4489867687225342,0.9328601360321045
1710524808443012305,9.818382263183594,1.427431583404541,0.9472302198410034
1710524808474516316,9.844727516174316,1.383123755455017,0.9723779559135437
1710524808482940631,9.859097480773926,1.3795312643051147,0.9723779559135437
1710524808499862717,9.859097480773926,1.4154565334320068,0.9388476610183716
1710524808510433067,9.826765060424805,1.4178515672683716,0.8945397734642029
1710524808514495605,9.848320007324219,1.397493839263916,0.9256750345230103
1710524808544192213,9.830357551574707,1.4394067525863647,0.9616003632545471
1710524808585844828,9.819580078125,1.3986914157867432,0.916094958782196
1710524808647143479,9.820777893066406,1.4022839069366455,0.9005273580551147
1710524808648916442,9.820777893066406,1.4022839069366455,0.9005273580551147
1710524808663844764,9.823172569274902,1.4190490245819092,0.9771679639816284
1710524808699517190,9.83395004272461,1.427431583404541,0.9520202875137329
1710524808720496419,9.83395004272461,1.421444058418274,0.8789721727371216
1710524808726905897,9.814789772033691,1.37713623046875,1.0370434522628784
1710524808749822890,9.862689971923828,1.4549744129180908,0.9089099168777466
1710524808764660954,9.839938163757324,1.3879138231277466,0.8406518697738647
1710524808779012013,9.8291597366333,1.3759387731552124,0.8957372903823853
1710524808789652655,9.815987586975098,1.520837426185608,1.027463436126709
1710524808804556378,9.839938163757324,1.4022839069366455,0.9196875095367432
1710524808821157027,9.814789772033691,1.3064831495285034,0.9412426948547363
1710524808842189006,9.845925331115723,1.3292357921600342,0.8885522484779358
1710524808850565593,9.783655166625977,1.4322216510772705,0.8885522484779358
1710524808867560362,9.747729301452637,1.427431583404541,0.9484277367591858
1710524808953846768,9.815987586975098,1.401086449623108,0.9424402117729187
1710524808960003369,9.815987586975098,1.413061499595642,0.9448351860046387
1710524808985180047,9.826765060424805,1.4585669040679932,0.89813232421875
1710524809006858141,9.815987586975098,1.3735437393188477,0.9616003632545471
1710524809029492876,9.835147857666016,1.3986914157867432,0.9891430735588074
1710524809073419556,9.872270584106445,1.4118640422821045,0.9532177448272705
1710524809096581156,9.853110313415527,1.4202466011047363,1.0059082508087158
1710524809111203007,9.84233283996582,1.4118640422821045,0.9795629978179932
1710524809136423595,9.825567245483398,1.371148705482483,0.9172924757003784
1710524809145017835,9.843530654907227,1.3855187892913818,0.9148974418640137
1710524809178486493,9.861493110656738,1.4262341260910034,0.9472302198410034
1710524809208041544,9.827962875366211,1.413061499595642,0.9184899926185608
1710524809226901795,9.831555366516113,1.4202466011047363,0.9843530058860779
1710524809243521869,9.821974754333496,1.4202466011047363,0.9472302198410034
1710524809249939366,9.827962875366211,1.416654109954834,0.89813232421875
1710524809268953318,9.850715637207031,1.3986914157867432,0.9304651021957397
1710524809321531276,9.820777893066406,1.4561718702316284,0.9089099168777466
1710524809344538922,9.847123146057129,1.421444058418274,0.9017248749732971
1710524809426556519,9.817185401916504,1.5016772747039795,0.9005273580551147
1710524809452039434,9.811197280883789,1.3855187892913818,0.9639953374862671
1710524809470934871,9.824370384216309,1.371148705482483,0.8921447992324829
1710524809498114802,9.84233283996582,1.4190490245819092,0.9568102955818176
1710524809521855573,9.831555366516113,1.4453942775726318,0.9544152617454529
1710524809525450741,9.817185401916504,1.43701171875,0.9184899926185608
1710524809556828842,9.830357551574707,1.4298266172409058,0.89813232421875
1710524809592465497,9.8291597366333,1.3819262981414795,0.9867480397224426
1710524809630235095,9.815987586975098,1.3939013481140137,0.8897497653961182
1710524809655515304,9.830357551574707,1.4741345643997192,0.9232800006866455
1710524809662056888,9.832752227783203,1.361568570137024,0.9376501441001892
1710524809672567680,9.817185401916504,1.4106664657592773,0.9172924757003784
1710524809697763419,9.853110313415527,1.452579379081726,0.9328601360321045
1710524809706063006,9.847123146057129,1.451381802558899,0.9244775176048279
1710524809725029985,9.83395004272461,1.4046789407730103,0.9148974418640137
1710524809733327116,9.841135025024414,1.3819262981414795,0.9520202875137329
1710524809754285532,9.863887786865234,1.427431583404541,0.9831554889678955
1710524809756349774,9.827962875366211,1.4298266172409058,0.940045177936554
1710524809779283334,9.83395004272461,1.4418017864227295,0.9196875095367432
1710524809791903315,9.818382263183594,1.4489867687225342,0.9148974418640137
1710524809823499448,9.820777893066406,1.3483959436416626,0.999920666217804
1710524809834145930,9.820777893066406,1.3759387731552124,0.9951305985450745
1710524809844781733,9.827962875366211,1.4202466011047363,0.8813672065734863
1710524809870037632,9.827962875366211,1.4046789407730103,0.9077123999595642
1710524809888967586,9.824370384216309,1.3460010290145874,0.9532177448272705
1710524809897076229,9.827962875366211,1.362766146659851,0.9113049507141113
1710524809920344849,9.814789772033691,1.421444058418274,0.8634045124053955
1710524809927448175,9.886640548706055,1.460961937904358,0.9376501441001892
1710524809966604210,9.804012298583984,1.4298266172409058,0.9639953374862671
1710524810000079658,9.827962875366211,1.4382091760635376,0.8837621808052063
1710524810010602293,9.837542533874512,1.397493839263916,0.9472302198410034
1710524810042093154,9.830357551574707,1.401086449623108,1.0011181831359863
1710524810073693400,9.853110313415527,1.4358142614364624,0.9017248749732971
1710524810075760734,9.853110313415527,1.4358142614364624,0.9017248749732971
1710524810103177540,9.814789772033691,1.3807287216186523,0.9544152617454529
1710524810128442391,9.847123146057129,1.3783336877822876,0.9807605147361755
1710524810138798289,9.819580078125,1.4238390922546387,0.9448351860046387
1710524810145095437,9.848320007324219,1.4298266172409058,0.9472302198410034
1710524810159923926,9.841135025024414,1.4046789407730103,0.8873547315597534
1710524810168200464,9.820777893066406,1.4082714319229126,0.9436376690864563
1710524810193413770,9.817185401916504,1.4298266172409058,0.9604028463363647
1710524810203948939,9.862689971923828,1.4549744129180908,0.9771679639816284
1710524810222915755,9.832752227783203,1.4190490245819092,0.916094958782196
1710524810246269930,9.820777893066406,1.4501843452453613,0.9616003632545471
1710524810265564054,9.855504989624023,1.422641634941101,0.928070068359375
1710524810307136108,9.841135025024414,1.421444058418274,0.975970447063446
1710524810315498075,9.826765060424805,1.4202466011047363,0.9663903713226318
1710524810332959114,9.848320007324219,1.431024193763733,0.9041198492050171
1710524810366009543,9.827962875366211,1.4154565334320068,0.8969348073005676
1710524810373605018,9.819580078125,1.3735437393188477,1.003513216972351
1710524810384849354,9.826765060424805,1.3651611804962158,1.041833519935608
1710524810391570845,9.817185401916504,1.487307071685791,0.9592053294181824
1710524810416422633,9.820777893066406,1.391506314277649,0.9113049507141113
1710524810435116512,9.817185401916504,1.4753320217132568,0.9987231492996216
1710524810446160668,9.756112098693848,1.296903133392334,0.9604028463363647
1710524810466773375,9.861493110656738,1.3962963819503784,0.9077123999595642
1710524810481560141,9.815987586975098,1.511257290840149,0.8789721727371216
1710524810491911053,9.726174354553223,1.413061499595642,0.9256750345230103
1710524810510881739,9.892627716064453,1.361568570137024,0.9663903713226318
1710524810523384480,9.781259536743164,1.4034814834594727,0.9496252536773682
1710524810558957900,9.815987586975098,1.4250366687774658,0.9172924757003784
1710524810578009491,9.821974754333496,1.401086449623108,0.9496252536773682
1710524810611686986,9.824370384216309,1.427431583404541,0.9472302198410034
1710524810620339928,9.863887786865234,1.460961937904358,0.6143224835395813
1710524810647700427,9.854308128356934,1.4118640422821045,0.9436376690864563
1710524810664463919,9.84233283996582,1.386716365814209,1.0214757919311523
1710524810674951329,9.86987590789795,1.4034814834594727,0.9639953374862671
1710524810693983060,9.853110313415527,1.397493839263916,0.9268725514411926
1710524810708625826,9.837542533874512,1.4046789407730103,0.8753796219825745
1710524810729765773,9.823172569274902,1.4453942775726318,0.9843530058860779
1710524810811566628,9.817185401916504,1.4046789407730103,0.9268725514411926
1710524810818011741,9.861493110656738,1.4142590761184692,0.9448351860046387
1710524810828418611,9.824370384216309,1.4262341260910034,0.9172924757003784
1710524810860181325,9.815987586975098,1.4154565334320068,0.9412426948547363
1710524810872655248,9.818382263183594,1.4094690084457397,0.9544152617454529
1710524810890494780,9.851912498474121,1.4118640422821045,0.9316626191139221
1710524810927440928,9.818382263183594,1.37713623046875,0.9424402117729187
1710524810979896099,9.857900619506836,1.472936987876892,0.8430469036102295
1710524810990442744,9.862689971923828,1.326840877532959,0.9520202875137329
1710524810998765898,9.873468399047852,1.362766146659851,1.0011181831359863
1710524811028448924,9.930948257446289,1.3735437393188477,0.9604028463363647
1710524811034573499,9.778864860534668,1.422641634941101,0.9388476610183716
1710524811085018607,9.801617622375488,1.3891112804412842,0.9627978801727295
1710524811091419235,9.814789772033691,1.4202466011047363,0.9592053294181824
1710524811099644783,9.883048057556152,1.383123755455017,0.9388476610183716
1710524811124879837,9.818382263183594,1.3507909774780273,0.8837621808052063
1710524811131214410,9.85670280456543,1.3507909774780273,0.8729846477508545
1710524811152209507,9.814789772033691,1.4250366687774658,0.9616003632545471
1710524811166982920,9.827962875366211,1.4801220893859863,0.9963281154632568
1710524811179339832,9.814789772033691,1.422641634941101,0.9125024676322937
1710524811213216754,9.820777893066406,1.4094690084457397,0.9532177448272705
1710524811255512576,9.86987590789795,1.3759387731552124,0.9256750345230103
1710524811284965987,9.847123146057129,1.4549744129180908,0.946032702922821
1710524811339374938,9.849517822265625,1.4406042098999023,0.9005273580551147
1710524811368966083,9.838740348815918,1.3735437393188477,0.9136999249458313
1710524811389982446,9.860295295715332,1.4346166849136353,0.969982922077179
1710524811413052323,9.824370384216309,1.4585669040679932,0.6131250262260437
1710524811423602090,9.843530654907227,1.4489867687225342,0.8957372903823853
1710524811444628623,9.838740348815918,1.3855187892913818,0.9735754132270813
1710524811467778168,9.817185401916504,1.3507909774780273,0.9987231492996216
1710524811472218012,9.86987590789795,1.392703890800476,0.9556127786636353
1710524811474104877,9.825567245483398,1.416654109954834,0.9508227705955505
1710524811495259246,9.831555366516113,1.451381802558899,0.89813232421875
1710524811541213802,9.859097480773926,1.4705419540405273,0.9532177448272705
1710524811576793210,9.848320007324219,1.371148705482483,0.9639953374862671
1710524811610488885,9.861493110656738,1.4118640422821045,0.9448351860046387
1710524811633644314,9.819580078125,1.407073974609375,0.9496252536773682
1710524811639968120,9.855504989624023,1.4322216510772705,0.9651928544044495
1710524811652809100,9.839938163757324,1.3962963819503784,0.9496252536773682
1710524811661033118,9.830357551574707,1.383123755455017,0.9448351860046387
1710524811684214799,9.826765060424805,1.386716365814209,0.9544152617454529
1710524811686229840,9.817185401916504,1.407073974609375,0.9340575933456421
1710524811698769627,9.859097480773926,1.43701171875,0.9184899926185608
1710524811707257698,9.859097480773926,1.43701171875,0.9184899926185608
1710524811730319635,9.831555366516113,1.4298266172409058,0.9172924757003784
1710524811742830239,9.838740348815918,1.407073974609375,0.9915381073951721
1710524811768023537,9.819580078125,1.4094690084457397,0.9891430735588074
1710524811780668819,9.836345672607422,1.392703890800476,0.9053173661231995
1710524811797157428,9.836345672607422,1.407073974609375,0.9005273580551147
1710524811814154121,9.823172569274902,1.4322216510772705,0.9172924757003784
1710524811975599744,9.826765060424805,1.4537768363952637,0.9077123999595642
1710524811992809010,9.820777893066406,1.4178515672683716,0.9891430735588074
1710524812038627854,9.815987586975098,1.3208532333374023,0.8789721727371216
1710524812059666831,9.806407928466797,1.3962963819503784,0.8873547315597534
1710524812080768874,9.806407928466797,1.3962963819503784,0.8873547315597534
1710524812091577687,9.775272369384766,1.511257290840149,0.8574169874191284
1710524812118519756,9.935738563537598,1.4789245128631592,0.9735754132270813
1710524812162586540,9.806407928466797,1.3903088569641113,0.820294201374054
1710524812186171561,9.783655166625977,1.4262341260910034,0.9256750345230103
1710524812219221737,9.85670280456543,1.4190490245819092,0.9843530058860779
1710524812255053333,9.871072769165039,1.4286291599273682,0.9077123999595642
1710524812288727489,9.823172569274902,1.3759387731552124,0.9747729301452637
1710524812292766768,9.814789772033691,1.413061499595642,0.9125024676322937
1710524812320138191,9.818382263183594,1.4394067525863647,0.8705896139144897
1710524812345420626,9.814789772033691,1.4094690084457397,0.9663903713226318
1710524812368543763,9.814789772033691,1.4022839069366455,0.9711804389953613
1710524812374598688,9.836345672607422,1.4322216510772705,0.9532177448272705
1710524812387636602,9.843530654907227,1.3819262981414795,0.8993298411369324
1710524812418968578,9.844727516174316,1.383123755455017,0.9556127786636353
1710524812444395378,9.881850242614746,1.4944921731948853,0.9208850264549255
1710524812456966413,9.824370384216309,1.4741345643997192,0.8789721727371216
1710524812507182781,9.839938163757324,1.3795312643051147,1.0514135360717773
1710524812519938186,9.851912498474121,1.4106664657592773,0.9220825433731079
1710524812536854795,9.818382263183594,1.4441968202590942,0.8825647234916687
1710524812553542594,9.83395004272461,1.4106664657592773,0.9675878882408142
1710524812563995976,9.87945556640625,1.4202466011047363,0.9807605147361755
1710524812570344721,9.839938163757324,1.391506314277649,0.9424402117729187
1710524812604587995,9.837542533874512,1.4298266172409058,0.9148974418640137
1710524812620680492,9.814789772033691,1.3998888731002808,0.9316626191139221
1710524812646115727,9.568102836608887,1.383123755455017,0.9448351860046387
1710524812669007286,9.790840148925781,1.383123755455017,0.9448351860046387
1710524812670998542,9.86987590789795,1.407073974609375,0.9771679639816284
1710524812687955481,9.883048057556152,1.3950989246368408,0.9544152617454529
1710524812710926990,9.823172569274902,1.3819262981414795,0.9496252536773682
1710524812740921967,9.818382263183594,1.416654109954834,0.9651928544044495
1710524812763068838,9.819580078125,1.4082714319229126,0.9651928544044495
1710524812776684978,9.8291597366333,1.4190490245819092,0.9484277367591858
1710524812805161270,9.814789772033691,1.4250366687774658,0.8945397734642029
1710524812824169035,9.849517822265625,1.4034814834594727,0.9544152617454529
1710524812845110008,9.851912498474121,1.3855187892913818,0.9639953374862671
1710524812859894950,9.815987586975098,1.3819262981414795,0.9987231492996216
1710524812887235210,9.821974754333496,1.4406042098999023,0.8993298411369324
1710524812908713169,9.853110313415527,1.4537768363952637,0.9472302198410034
1710524812929363661,9.8291597366333,1.4202466011047363,0.9412426948547363
1710524812935619595,9.827962875366211,1.3687536716461182,0.9292675852775574
1710524812943938536,9.827962875366211,1.37713623046875,0.9148974418640137
1710524812967133726,9.835147857666016,1.4358142614364624,0.9388476610183716
1710524813000810054,9.836345672607422,1.4262341260910034,0.9484277367591858
1710524813004899186,9.832752227783203,1.3962963819503784,0.9580078125
1710524813013438809,9.832752227783203,1.4046789407730103,0.9592053294181824
1710524813021752192,9.827962875366211,1.4106664657592773,0.9352551102638245
1710524813046912839,9.827962875366211,1.4190490245819092,0.9268725514411926
1710524813070801308,9.837542533874512,1.4250366687774658,0.9148974418640137
1710524813080564990,9.818382263183594,1.3998888731002808,0.9867480397224426
1710524813086967506,9.817185401916504,1.353186011314392,1.062191128730774
1710524813126984143,9.827962875366211,1.356778621673584,0.9376501441001892
1710524813137367616,9.78245735168457,1.4178515672683716,0.9556127786636353
1710524813143773495,9.841135025024414,1.4861096143722534,1.0250684022903442
1710524813163069433,9.95370101928711,1.4190490245819092,0.9041198492050171
1710524813175416474,9.808802604675293,1.3064831495285034,0.8969348073005676
1710524813191973406,9.826765060424805,1.386716365814209,0.8957372903823853
1710524813202432551,9.912985801696777,1.5220348834991455,0.9687854051589966
1710524813249073044,9.814789772033691,1.401086449623108,0.9687854051589966
1710524813257339284,9.823172569274902,1.427431583404541,0.8717871308326721
1710524813274398809,9.855504989624023,1.4142590761184692,0.8394543528556824
1710524813303852411,9.821974754333496,1.43701171875,0.9616003632545471
1710524813341647995,9.855504989624023,1.4645544290542603,0.9029223918914795
1710524813352076510,9.848320007324219,1.4286291599273682,0.9544152617454529
1710524813377568697,9.827962875366211,1.3843213319778442,0.9496252536773682
1710524813387893242,9.860295295715332,1.3795312643051147,0.999920666217804
1710524813407396483,9.854308128356934,1.3962963819503784,0.9388476610183716
1710524813425715527,9.857900619506836,1.4537768363952637,0.9232800006866455
1710524813440617740,9.817185401916504,1.4501843452453613,0.975970447063446
1710524813486725611,9.825567245483398,1.3483959436416626,0.9340575933456421
1710524813501416006,9.851912498474121,1.4190490245819092,0.9604028463363647
1710524813516067638,9.844727516174316,1.4441968202590942,0.940045177936554
1710524813524523981,9.844727516174316,1.4441968202590942,0.940045177936554
1710524813535196204,9.839938163757324,1.4334192276000977,0.89813232421875
1710524813577235212,9.844727516174316,1.421444058418274,0.9627978801727295
1710524813587646744,9.824370384216309,1.3939013481140137,0.9855505228042603
1710524813619315777,9.826765060424805,1.392703890800476,0.9568102955818176
1710524813625464247,9.854308128356934,1.407073974609375,0.9220825433731079
1710524813627562368,9.854308128356934,1.4178515672683716,0.9172924757003784
1710524813634112827,9.820777893066406,1.3950989246368408,0.9328601360321045
1710524813647384396,9.8291597366333,1.3998888731002808,0.9484277367591858
1710524813674862441,9.848320007324219,1.4118640422821045,0.9831554889678955
1710524813701262862,9.8291597366333,1.466949462890625,0.9232800006866455
1710524813739105522,9.8291597366333,1.4094690084457397,0.9484277367591858
1710524813758051329,9.886640548706055,1.476529598236084,0.9340575933456421
1710524813785187528,9.83395004272461,1.4322216510772705,0.89813232421875
1710524813797866519,9.836345672607422,1.4142590761184692,0.9136999249458313
1710524813810550181,9.86987590789795,1.4118640422821045,0.9568102955818176
1710524813816911002,9.838740348815918,1.4178515672683716,0.9675878882408142
1710524813846427499,9.838740348815918,1.4178515672683716,0.9675878882408142
1710524813863406119,9.841135025024414,1.407073974609375,0.9663903713226318
1710524813890490272,9.818382263183594,1.4418017864227295,0.9556127786636353
1710524813936777204,9.83395004272461,1.4453942775726318,0.9196875095367432
1710524813953510540,9.832752227783203,1.3962963819503784,0.999920666217804
1710524813999665413,9.844727516174316,1.487307071685791,0.9005273580551147
1710524814037482792,9.824370384216309,1.4058765172958374,0.9484277367591858
1710524814054222352,9.823172569274902,1.422641634941101,0.9364526271820068
1710524814077406045,9.821974754333496,1.416654109954834,0.9184899926185608
1710524814085662127,9.824370384216309,1.3962963819503784,0.9508227705955505
1710524814096272678,9.824370384216309,1.3962963819503784,0.9508227705955505
1710524814121292007,9.83395004272461,1.401086449623108,0.9735754132270813
1710524814140383159,9.837542533874512,1.4406042098999023,0.9125024676322937
1710524814159349672,9.831555366516113,1.4477893114089966,0.9029223918914795
1710524814165473076,9.825567245483398,1.442999243736267,0.910107433795929
1710524814169792603,9.857900619506836,1.4118640422821045,0.946032702922821
1710524814188577200,9.831555366516113,1.3495935201644897,1.0370434522628784
1710524814226531853,9.838740348815918,1.4657520055770874,0.8610095381736755
1710524814239068693,9.903406143188477,1.487307071685791,0.9975256323814392
1710524814255847293,9.954898834228516,1.3735437393188477,0.9244775176048279
1710524814268555566,9.754914283752441,1.3004956245422363,0.9148974418640137
1710524814274821695,9.802814483642578,1.3292357921600342,0.9041198492050171
1710524814321017113,9.899813652038574,1.487307071685791,0.9616003632545471
1710524814346266742,9.819580078125,1.4094690084457397,1.003513216972351
1710524814356763528,9.867480278015137,1.4250366687774658,0.9256750345230103
1710524814365233740,9.815987586975098,1.4238390922546387,0.808319091796875
1710524814411523762,9.860295295715332,1.3950989246368408,0.969982922077179
1710524814451472860,9.867480278015137,1.4789245128631592,0.8825647234916687
1710524814472755340,9.827962875366211,1.3687536716461182,1.023870825767517
1710524814495495354,9.821974754333496,1.4058765172958374,0.9508227705955505
1710524814577366873,9.820777893066406,1.37713623046875,0.9316626191139221
1710524814602701023,9.821974754333496,1.386716365814209,0.910107433795929
1710524814615335404,9.814789772033691,1.4022839069366455,0.9639953374862671
1710524814642822381,9.862689971923828,1.4441968202590942,0.9113049507141113
1710524814651236584,9.815987586975098,1.4034814834594727,0.9113049507141113
1710524814659625118,9.8291597366333,1.4190490245819092,0.9184899926185608
1710524814678579257,9.821974754333496,1.43701171875,0.9388476610183716
1710524814691309099,9.815987586975098,1.3891112804412842,1.008303165435791
1710524814699715168,9.855504989624023,1.397493839263916,0.9544152617454529
1710524814733280252,9.862689971923828,1.37713623046875,0.969982922077179
1710524814745852876,9.815987586975098,1.3998888731002808,0.999920666217804
1710524814760566582,9.866283416748047,1.4298266172409058,0.9268725514411926
1710524814783634772,9.815987586975098,1.416654109954834,0.9639953374862671
1710524814807073880,9.854308128356934,1.3591735363006592,0.9244775176048279
1710524814821569444,9.814789772033691,1.3172607421875,0.9663903713226318
1710524814840636119,9.831555366516113,1.416654109954834,0.8945397734642029
1710524814863614989,9.910591125488281,1.4920971393585205,0.9915381073951721
1710524814888977612,9.79682731628418,1.4250366687774658,0.8849596977233887
1710524814903762662,9.892627716064453,1.4046789407730103,0.9472302198410034
1710524814922580372,9.832752227783203,1.397493839263916,0.9388476610183716
1710524814975108747,9.836345672607422,1.4334192276000977,0.9627978801727295
1710524814991740128,9.841135025024414,1.466949462890625,0.8933422565460205
1710524815015401073,9.863887786865234,1.413061499595642,0.9328601360321045
1710524815038868652,9.817185401916504,1.3891112804412842,0.9807605147361755
1710524815126516598,9.868678092956543,1.472936987876892,0.940045177936554
1710524815147325997,9.831555366516113,1.3591735363006592,0.9472302198410034
1710524815214547701,9.839938163757324,1.4034814834594727,0.9580078125
1710524815240159135,9.857900619506836,1.4286291599273682,0.9017248749732971
1710524815250385198,9.825567245483398,1.4298266172409058,0.9125024676322937
1710524815269480983,9.824370384216309,1.401086449623108,0.9532177448272705
1710524815278028633,9.850715637207031,1.3723461627960205,1.0226733684539795
1710524815328562410,9.817185401916504,1.4322216510772705,0.9340575933456421
1710524815347368450,9.861493110656738,1.391506314277649,0.9244775176048279
1710524815366130007,9.815987586975098,1.332828402519226,0.9544152617454529
1710524815381086227,9.832752227783203,1.347198486328125,0.89813232421875
1710524815393733363,9.891430854797363,1.4849121570587158,0.9388476610183716
1710524815420839834,9.741742134094238,1.442999243736267,0.9627978801727295
1710524815454571046,9.802814483642578,1.4094690084457397,0.9436376690864563
1710524815465296470,9.817185401916504,1.4358142614364624,0.8538244366645813
1710524815475770537,9.813592910766602,1.416654109954834,0.9304651021957397
1710524815490527216,9.872270584106445,1.4190490245819092,1.0095007419586182
1710524815515640291,9.837542533874512,1.4382091760635376,0.9807605147361755
1710524815538819327,9.814789772033691,1.4693444967269897,0.8957372903823853
1710524815573375695,9.859097480773926,1.3843213319778442,0.9975256323814392
1710524815601726880,9.814789772033691,1.4022839069366455,0.9544152617454529
1710524815612337719,9.847123146057129,1.3879138231277466,0.910107433795929
1710524815620954799,9.853110313415527,1.431024193763733,0.928070068359375
1710524815631159009,9.815987586975098,1.457369327545166,0.9364526271820068
1710524815696348108,9.824370384216309,1.3950989246368408,0.9196875095367432
1710524815725600710,9.859097480773926,1.451381802558899,0.9316626191139221
1710524815744493222,9.841135025024414,1.4489867687225342,0.9029223918914795
1710524815778427996,9.838740348815918,1.422641634941101,0.9867480397224426
1710524815786620321,9.818382263183594,1.4202466011047363,0.9771679639816284
1710524815803446907,9.84233283996582,1.422641634941101,0.9364526271820068
1710524815818115647,9.836345672607422,1.4190490245819092,0.8885522484779358
1710524815834907327,9.868678092956543,1.4022839069366455,0.9328601360321045
1710524815839080288,9.817185401916504,1.383123755455017,0.9735754132270813
1710524815855877492,9.849517822265625,1.37713623046875,1.038240909576416
1710524815885489398,9.815987586975098,1.4034814834594727,0.880169689655304
1710524815900168202,9.819580078125,1.4058765172958374,0.9627978801727295
1710524815914980861,9.814789772033691,1.4418017864227295,0.9939330816268921
1710524815929649917,9.831555366516113,1.2957055568695068,0.9412426948547363
1710524815940120201,9.838740348815918,1.3879138231277466,0.9304651021957397
1710524815946409490,9.850715637207031,1.5376025438308716,0.9113049507141113
1710524815981722788,9.827962875366211,1.3998888731002808,0.9783654808998108
1710524815992471054,9.814789772033691,1.3759387731552124,0.9831554889678955
1710524816021981180,9.814789772033691,1.3950989246368408,0.8550219535827637
1710524816034870974,9.873468399047852,1.356778621673584,0.9304651021957397
1710524816060194778,9.857900619506836,1.356778621673584,0.9304651021957397
1710524816068375019,9.825567245483398,1.4453942775726318,1.0286608934402466
1710524816079073114,9.860295295715332,1.4633569717407227,1.0190807580947876
1710524816093492324,9.827962875366211,1.4202466011047363,0.8442443609237671
1710524816135417394,9.817185401916504,1.383123755455017,1.0406359434127808
1710524816162771469,9.815987586975098,1.416654109954834,0.8634045124053955
1710524816190197879,9.819580078125,1.4334192276000977,0.987945556640625
1710524816213231316,9.819580078125,1.3950989246368408,0.9412426948547363
1710524816265836856,9.855504989624023,1.4118640422821045,0.9436376690864563
1710524816286716392,9.830357551574707,1.413061499595642,0.9855505228042603
1710524816310033116,9.8291597366333,1.4286291599273682,0.9089099168777466
1710524816332971395,9.853110313415527,1.4262341260910034,0.9148974418640137
1710524816343488454,9.815987586975098,1.422641634941101,0.916094958782196
1710524816368780867,9.851912498474121,1.3950989246368408,0.9783654808998108
1710524816391859508,9.83395004272461,1.4358142614364624,0.9675878882408142
1710524816402191783,9.815987586975098,1.4334192276000977,0.9556127786636353
1710524816429938630,9.819580078125,1.452579379081726,0.940045177936554
1710524816461520974,9.827962875366211,1.3364208936691284,0.8969348073005676
1710524816467659800,9.8100004196167,1.347198486328125,0.9220825433731079
1710524816484408962,9.909393310546875,1.3855187892913818,0.9819580316543579
1710524816534848246,9.826765060424805,1.4406042098999023,0.9520202875137329
1710524816545295506,9.844727516174316,1.446591854095459,0.9651928544044495
1710524816566254000,9.819580078125,1.3735437393188477,0.9388476610183716
1710524816589506820,9.821974754333496,1.3843213319778442,0.9316626191139221
1710524816613063878,9.80521011352539,1.4094690084457397,0.9735754132270813
1710524816627133497,9.819580078125,1.446591854095459,0.9568102955818176
1710524816637871581,9.817185401916504,1.446591854095459,0.9328601360321045
1710524816656630866,9.854308128356934,1.422641634941101,0.9220825433731079
1710524816685948471,9.815987586975098,1.4142590761184692,0.9639953374862671
1710524816711061593,9.823172569274902,1.386716365814209,0.928070068359375
1710524816738243668,9.824370384216309,1.386716365814209,0.9520202875137329
1710524816754876440,9.824370384216309,1.386716365814209,0.9520202875137329
1710524816767755439,9.823172569274902,1.3663586378097534,0.9508227705955505
1710524816782491569,9.827962875366211,1.4118640422821045,0.9412426948547363
1710524816807750197,9.86508560180664,1.4453942775726318,0.9113049507141113
1710524816822417728,9.820777893066406,1.4190490245819092,0.9795629978179932
1710524816828877089,9.817185401916504,1.401086449623108,0.9795629978179932
1710524816851980460,9.837542533874512,1.401086449623108,1.0047106742858887
1710524816902772817,9.820777893066406,1.4154565334320068,0.9484277367591858
1710524816954948510,9.849517822265625,1.4657520055770874,0.9580078125
1710524816990657606,9.896221160888672,1.4238390922546387,0.9592053294181824
1710524817007559148,9.853110313415527,1.341210961341858,0.8729846477508545
1710524817026612115,9.848320007324219,1.5040723085403442,0.8897497653961182
1710524817060133963,9.813592910766602,1.386716365814209,0.9783654808998108
1710524817076975879,9.896221160888672,1.4094690084457397,0.975970447063446
1710524817089438649,9.814789772033691,1.4202466011047363,0.8897497653961182
1710524817104322517,9.871072769165039,1.43701171875,0.8813672065734863
1710524817108559131,9.86987590789795,1.413061499595642,0.8837621808052063
1710524817137767468,9.8291597366333,1.4022839069366455,0.9975256323814392
1710524817154663980,9.851912498474121,1.460961937904358,0.8897497653961182
1710524817181960267,9.824370384216309,1.4022839069366455,0.9136999249458313
1710524817192572463,9.814789772033691,1.3807287216186523,0.9663903713226318
1710524817213682102,9.86987590789795,1.3783336877822876,1.0047106742858887
1710524817232567427,9.861493110656738,1.401086449623108,0.9544152617454529
1710524817236794873,9.815987586975098,1.3891112804412842,0.880169689655304
1710524817266349286,9.8100004196167,1.4441968202590942,0.9196875095367432
1710524817329238982,9.825567245483398,1.4046789407730103,0.9340575933456421
1710524817344016913,9.863887786865234,1.4238390922546387,0.9819580316543579
1710524817366979513,9.826765060424805,1.427431583404541,0.969982922077179
1710524817392297609,9.853110313415527,1.4298266172409058,0.8885522484779358
1710524817407049351,9.859097480773926,1.4262341260910034,0.9819580316543579
1710524817411192810,9.814789772033691,1.4178515672683716,0.9867480397224426
1710524817424021770,9.849517822265625,1.3891112804412842,0.987945556640625
1710524817459729522,9.857900619506836,1.4202466011047363,0.89813232421875
1710524817506336496,9.825567245483398,1.4202466011047363,0.9268725514411926
1710524817516739210,9.818382263183594,1.4346166849136353,0.9053173661231995
1710524817541808137,9.87945556640625,1.4394067525863647,0.916094958782196
1710524817588024137,9.859097480773926,1.341210961341858,0.9484277367591858
1710524817615313271,9.815987586975098,1.4501843452453613,0.9232800006866455
1710524817621570781,9.87945556640625,1.4154565334320068,0.9508227705955505
1710524817659687615,9.820777893066406,1.3986914157867432,0.9232800006866455
1710524817670062306,9.835147857666016,1.386716365814209,0.9424402117729187
1710524817678425190,9.835147857666016,1.386716365814209,0.975970447063446
1710524817691497250,9.826765060424805,1.386716365814209,0.975970447063446
1710524817722798744,9.832752227783203,1.4346166849136353,0.9951305985450745
1710524817724746709,9.821974754333496,1.4394067525863647,0.9484277367591858
1710524817737399210,9.820777893066406,1.4154565334320068,0.8825647234916687
1710524817751909557,9.815987586975098,1.413061499595642,0.9735754132270813
1710524817768692137,9.844727516174316,1.4202466011047363,0.9867480397224426
1710524817786555421,9.847123146057129,1.3879138231277466,0.9795629978179932
1710524817794106773,9.854308128356934,1.3735437393188477,0.940045177936554
1710524817813028160,9.827962875366211,1.4477893114089966,0.9125024676322937
1710524817838636569,9.839938163757324,1.4453942775726318,0.9328601360321045
1710524817880287921,9.832752227783203,1.3962963819503784,0.9316626191139221
1710524817903750510,9.832752227783203,1.452579379081726,0.9340575933456421
1710524817916152750,9.836345672607422,1.4394067525863647,0.9125024676322937
1710524817941264937,9.824370384216309,1.4046789407730103,0.9448351860046387
1710524817945361027,9.837542533874512,1.401086449623108,0.9687854051589966
1710524817947621811,9.826765060424805,1.3998888731002808,0.9867480397224426
1710524817960226681,9.837542533874512,1.427431583404541,0.9316626191139221
1710524817977079453,9.832752227783203,1.4489867687225342,0.9148974418640137
1710524817998268576,9.855504989624023,1.4178515672683716,0.9711804389953613
1710524818007138358,9.839938163757324,1.3855187892913818,1.0466235876083374
1710524818023124366,9.783655166625977,1.4238390922546387,1.038240909576416
1710524818038181866,9.86987590789795,1.4453942775726318,0.8610095381736755
1710524818050872236,9.841135025024414,1.391506314277649,0.9939330816268921
1710524818082370004,9.860295295715332,1.3256433010101318,0.8933422565460205
1710524818128570520,9.806407928466797,1.4441968202590942,0.8382568359375
1710524818202707751,9.79682731628418,1.397493839263916,0.9376501441001892
1710524818246197707,9.818382263183594,1.421444058418274,0.9424402117729187
1710524818254687449,9.868678092956543,1.460961937904358,0.8789721727371216
1710524818258849832,9.817185401916504,1.451381802558899,0.8945397734642029
1710524818290424976,9.813592910766602,1.4106664657592773,0.9807605147361755
1710524818309256859,9.84233283996582,1.397493839263916,0.9843530058860779
1710524818345103783,9.823172569274902,1.3843213319778442,0.8993298411369324
1710524818351280364,9.849517822265625,1.3950989246368408,0.8993298411369324
1710524818361777979,9.847123146057129,1.4717395305633545,0.9484277367591858
1710524818408063448,9.835147857666016,1.452579379081726,0.916094958782196
1710524818410114913,9.817185401916504,1.3783336877822876,0.9340575933456421
1710524818425098824,9.849517822265625,1.3807287216186523,0.9172924757003784
1710524818426998685,9.817185401916504,1.3903088569641113,1.0095007419586182
1710524818439750161,9.825567245483398,1.4142590761184692,1.0047106742858887
1710524818479702987,9.850715637207031,1.4537768363952637,0.928070068359375
1710524818481724305,9.836345672607422,1.422641634941101,0.9053173661231995
1710524818534338565,9.825567245483398,1.431024193763733,0.9005273580551147
1710524818538408556,9.838740348815918,1.4190490245819092,0.9196875095367432
1710524818582771012,9.820777893066406,1.3651611804962158,1.0585986375808716
1710524818599315693,9.84233283996582,1.476529598236084,0.9220825433731079
1710524818615884833,9.815987586975098,1.487307071685791,0.9520202875137329
1710524818630714212,9.892627716064453,1.4058765172958374,0.9196875095367432
1710524818647514147,9.815987586975098,1.301693081855774,0.8945397734642029
1710524818660143877,9.8100004196167,1.466949462890625,0.9496252536773682
1710524818689659706,9.930948257446289,1.511257290840149,0.9927356243133545
1710524818750497121,9.861493110656738,1.446591854095459,0.8921447992324829
1710524818767253608,9.795629501342773,1.3807287216186523,0.9005273580551147
1710524818790270432,9.825567245483398,1.4106664657592773,1.011895775794983
1710524818803099291,9.827962875366211,1.4178515672683716,0.9915381073951721
1710524818815729912,9.823172569274902,1.4561718702316284,0.9005273580551147
1710524818838867068,9.815987586975098,1.4106664657592773,0.9005273580551147
1710524818880905568,9.817185401916504,1.3879138231277466,0.8957372903823853
1710524818887079393,9.817185401916504,1.3879138231277466,0.8957372903823853
1710524818902142981,9.815987586975098,1.4597643613815308,0.940045177936554
1710524818914608382,9.843530654907227,1.4633569717407227,0.975970447063446
1710524818944069888,9.815987586975098,1.401086449623108,0.9232800006866455
1710524818967149707,9.821974754333496,1.4094690084457397,0.8993298411369324
1710524819004945653,9.818382263183594,1.4202466011047363,0.9436376690864563
1710524819028121614,9.826765060424805,1.4262341260910034,0.9663903713226318
1710524819040770095,9.817185401916504,1.4190490245819092,0.9424402117729187
1710524819055599718,9.844727516174316,1.4154565334320068,0.9687854051589966
1710524819091141436,9.841135025024414,1.4106664657592773,0.9903405904769897
1710524819122594743,9.843530654907227,1.401086449623108,0.9029223918914795
1710524819141431683,9.820777893066406,1.4944921731948853,1.0106981992721558
1710524819156251075,9.817185401916504,1.4178515672683716,0.9017248749732971
1710524819183760748,9.776470184326172,1.356778621673584,0.6658154129981995
1710524819189757363,9.874665260314941,1.4537768363952637,0.9136999249458313
1710524819217284381,9.687853813171387,1.4358142614364624,0.9484277367591858
1710524819225793396,9.851912498474121,1.4106664657592773,1.0154882669448853
1710524819267954655,9.790840148925781,1.422641634941101,0.9508227705955505
1710524819297395773,9.914183616638184,1.421444058418274,0.9184899926185608
1710524819305713809,9.817185401916504,1.4561718702316284,0.9687854051589966
1710524819318421579,9.827962875366211,1.3950989246368408,0.9328601360321045
1710524819339249018,9.85670280456543,1.4346166849136353,0.9328601360321045
1710524819394140929,9.850715637207031,1.421444058418274,0.9388476610183716
1710524819410803762,9.83395004272461,1.4094690084457397,0.9687854051589966
1710524819421219727,9.830357551574707,1.401086449623108,0.9125024676322937
1710524819465248390,9.885442733764648,1.4717395305633545,0.9687854051589966
1710524819475655061,9.821974754333496,1.3903088569641113,0.9316626191139221
1710524819484014825,9.821974754333496,1.3903088569641113,0.6251000761985779
1710524819494846487,9.862689971923828,1.3891112804412842,0.9220825433731079
1710524819507319770,9.814789772033691,1.3986914157867432,0.9795629978179932
1710524819534929708,9.819580078125,1.4346166849136353,0.9747729301452637
1710524819549655463,9.836345672607422,1.4717395305633545,0.8909472823143005
1710524819589410489,9.835147857666016,1.4142590761184692,0.9089099168777466
1710524819591568075,9.866283416748047,1.4022839069366455,1.0154882669448853
1710524819619169987,9.857900619506836,1.407073974609375,0.928070068359375
1710524819648529962,9.830357551574707,1.3735437393188477,1.0849438905715942
1710524819677744746,9.84233283996582,1.4956897497177124,0.8610095381736755
1710524819705117296,9.819580078125,1.4382091760635376,0.9604028463363647
1710524819722240504,9.831555366516113,1.442999243736267,1.0142908096313477
1710524819740967605,9.832752227783203,1.307680606842041,0.9675878882408142
1710524819782925993,9.826765060424805,1.5304174423217773,0.8873547315597534
1710524819833650318,9.813592910766602,1.4118640422821045,1.0130932331085205
1710524819839599055,9.850715637207031,1.3855187892913818,0.9005273580551147
1710524819875386440,9.821974754333496,1.407073974609375,0.999920666217804
1710524819913296279,9.835147857666016,1.4837145805358887,0.856219470500946
1710524819938438743,9.830357551574707,1.401086449623108,0.9627978801727295
1710524819946983085,9.861493110656738,1.3807287216186523,0.9903405904769897
1710524819959412493,9.817185401916504,1.386716365814209,0.9568102955818176
1710524819997357641,9.824370384216309,1.391506314277649,0.9208850264549255
1710524820003688704,9.837542533874512,1.457369327545166,0.8777746558189392
1710524820031092309,9.838740348815918,1.4382091760635376,0.9831554889678955
1710524820039488592,9.815987586975098,1.3939013481140137,0.9256750345230103
1710524820045829030,9.8291597366333,1.3795312643051147,0.9196875095367432
1710524820064783057,9.844727516174316,1.4394067525863647,0.9208850264549255
1710524820070873124,9.83395004272461,1.416654109954834,0.9556127786636353
1710524820077294521,9.815987586975098,1.4034814834594727,0.9663903713226318
1710524820113288338,9.849517822265625,1.4082714319229126,0.9723779559135437
1710524820136270446,9.836345672607422,1.4334192276000977,0.9376501441001892
1710524820159338986,9.814789772033691,1.4298266172409058,0.9568102955818176
1710524820188967529,9.818382263183594,1.3448034524917603,1.047821044921875
1710524820201373044,9.818382263183594,1.3448034524917603,1.047821044921875
1710524820239009813,9.814789772033691,1.413061499595642,0.9747729301452637
1710524820272872472,9.917776107788086,1.4094690084457397,0.9089099168777466
1710524820297910677,9.818382263183594,1.512454867362976,0.9184899926185608
1710524820308545019,9.954898834228516,1.49688720703125,0.9915381073951721
1710524820325351393,9.79682731628418,1.3891112804412842,0.9975256323814392
1710524820333566318,9.766889572143555,1.3891112804412842,0.9975256323814392
1710524820373412864,9.898615837097168,1.43701171875,0.8885522484779358
1710524820398672672,9.874665260314941,1.431024193763733,1.0166858434677124
1710524820426334759,9.851912498474121,1.427431583404541,1.0059082508087158
1710524820432538494,9.819580078125,1.3891112804412842,0.9747729301452637
1710524820455676271,9.848320007324219,1.4178515672683716,0.9484277367591858
1710524820468077092,9.818382263183594,1.3986914157867432,0.9819580316543579
1710524820579405589,9.84233283996582,1.383123755455017,0.9208850264549255
1710524820608992846,9.824370384216309,1.427431583404541,0.9831554889678955
1710524820634003019,9.824370384216309,1.4394067525863647,0.9496252536773682
1710524820655687984,9.825567245483398,1.4094690084457397,0.9292675852775574
1710524820699136678,9.847123146057129,1.413061499595642,0.9939330816268921
1710524820711949706,9.821974754333496,1.4322216510772705,0.8669970631599426
1710524820749908896,9.85670280456543,1.4082714319229126,0.987945556640625
1710524820756147371,9.814789772033691,1.392703890800476,1.0909314155578613
1710524820762407192,9.895023345947266,1.476529598236084,0.8490344285964966
1710524820781526223,9.826765060424805,1.457369327545166,0.9496252536773682
1710524820808769121,9.855504989624023,1.3208532333374023,0.940045177936554
1710524820836132048,9.85670280456543,1.3998888731002808,0.8921447992324829
1710524820844500696,9.898615837097168,1.5519726276397705,0.975970447063446
1710524820867519597,9.716594696044922,1.4334192276000977,0.9472302198410034
1710524820884712601,9.790840148925781,1.401086449623108,0.9867480397224426
1710524820897736242,9.92496109008789,1.3879138231277466,0.9939330816268921
1710524820913879889,9.813592910766602,1.422641634941101,0.8813672065734863
1710524820934783247,9.896221160888672,1.3807287216186523,0.8849596977233887
1710524820947464729,9.85670280456543,1.4334192276000977,0.9867480397224426
1710524820962010942,9.814789772033691,1.4118640422821045,0.9675878882408142
1710524820980774466,9.815987586975098,1.4406042098999023,0.9616003632545471
1710524821012352830,9.875863075256348,1.4741345643997192,0.8933422565460205
1710524821025073550,9.878257751464844,1.3879138231277466,1.0154882669448853
1710524821035551722,9.831555366516113,1.4118640422821045,0.9819580316543579
1710524821054486022,9.867480278015137,1.3783336877822876,0.9316626191139221
1710524821067220307,9.815987586975098,1.4453942775726318,0.8897497653961182
1710524821088146491,9.860295295715332,1.4897021055221558,0.9244775176048279
1710524821100662941,9.832752227783203,1.4441968202590942,0.9604028463363647
1710524821115381191,9.814789772033691,1.4034814834594727,0.9136999249458313
1710524821126100851,9.851912498474121,1.3639636039733887,0.9232800006866455
1710524821155366943,9.815987586975098,1.3986914157867432,0.9077123999595642
1710524821205869025,9.821974754333496,1.427431583404541,0.9304651021957397
1710524821218361247,9.839938163757324,1.4406042098999023,0.9328601360321045
1710524821228985130,9.824370384216309,1.422641634941101,0.9592053294181824
1710524821250039452,9.815987586975098,1.3986914157867432,0.9532177448272705
1710524821266661818,9.849517822265625,1.3879138231277466,0.9616003632545471
1710524821317193165,9.823172569274902,1.421444058418274,0.9520202875137329
1710524821356859481,9.855504989624023,1.4597643613815308,0.9113049507141113
1710524821377370436,9.835147857666016,1.3651611804962158,0.9340575933456421
1710524821392632539,9.848320007324219,1.371148705482483,0.9364526271820068
1710524821394649966,9.854308128356934,1.4118640422821045,0.9687854051589966
1710524821419768629,9.815987586975098,1.4394067525863647,0.9148974418640137
1710524821445133010,9.8291597366333,1.4082714319229126,0.9352551102638245
1710524821464704350,9.841135025024414,1.4178515672683716,0.9472302198410034
1710524821485029226,9.826765060424805,1.4202466011047363,0.9268725514411926
1710524821506095605,9.84233283996582,1.3819262981414795,0.9352551102638245
1710524821508150112,9.815987586975098,1.397493839263916,0.9568102955818176
1710524821526991214,9.825567245483398,1.4501843452453613,0.9568102955818176
1710524821545776756,9.815987586975098,1.446591854095459,0.9089099168777466
1710524821564706241,9.8291597366333,1.4394067525863647,0.9053173661231995
1710524821608901389,9.83395004272461,1.397493839263916,0.969982922077179
1710524821612946851,9.855504989624023,1.3783336877822876,0.9616003632545471
1710524821627832136,9.83395004272461,1.4346166849136353,0.9208850264549255
1710524821659281645,9.830357551574707,1.4094690084457397,0.9424402117729187
1710524821676258585,9.826765060424805,1.392703890800476,0.9148974418640137
1710524821716499934,9.844727516174316,1.4585669040679932,0.9412426948547363
1710524821758287073,9.820777893066406,1.4034814834594727,0.9580078125
1710524821768743248,9.826765060424805,1.4082714319229126,0.9807605147361755
1710524821779134568,9.847123146057129,1.4238390922546387,0.9819580316543579
1710524821844585987,9.843530654907227,1.4657520055770874,0.9196875095367432
1710524821852843465,9.801617622375488,1.362766146659851,0.9364526271820068
1710524821869687919,9.801617622375488,1.362766146659851,0.9364526271820068
1710524821915774585,9.818382263183594,1.4885046482086182,0.8526269793510437
1710524821941061015,9.863887786865234,1.4944921731948853,0.9220825433731079
1710524821961975157,9.868678092956543,1.3903088569641113,0.9436376690864563
1710524821976357808,9.885442733764648,1.3962963819503784,0.987945556640625
1710524821989277685,9.814789772033691,1.401086449623108,0.89813232421875
1710524822037819149,9.854308128356934,1.457369327545166,1.0059082508087158
1710524822080029539,9.818382263183594,1.4501843452453613,0.8825647234916687
1710524822084705210,9.80521011352539,1.397493839263916,0.9136999249458313
1710524822094868705,9.814789772033691,1.3879138231277466,0.9723779559135437
1710524822124042235,9.886640548706055,1.3962963819503784,1.0047106742858887
1710524822166183929,9.863887786865234,1.4394067525863647,0.9148974418640137
1710524822189074772,9.84233283996582,1.4549744129180908,0.9855505228042603
1710524822222654753,9.814789772033691,1.442999243736267,0.9148974418640137
1710524822241769030,9.815987586975098,1.421444058418274,0.9723779559135437
1710524822258821249,9.847123146057129,1.4489867687225342,0.9484277367591858
1710524822273381232,9.815987586975098,1.4238390922546387,0.8933422565460205
1710524822305082936,9.844727516174316,1.422641634941101,0.9592053294181824
1710524822311401670,9.830357551574707,1.4190490245819092,0.9963281154632568
1710524822317749270,9.819580078125,1.4094690084457397,1.0059082508087158
1710524822323985268,9.845925331115723,1.392703890800476,0.9663903713226318
1710524822392994478,9.848320007324219,1.3998888731002808,0.999920666217804
1710524822424852039,9.818382263183594,1.4837145805358887,0.9065148830413818
1710524822445758898,9.817185401916504,1.4549744129180908,0.8993298411369324
1710524822460515130,9.821974754333496,1.4178515672683716,0.9544152617454529
1710524822466836235,9.859097480773926,1.3663586378097534,0.9520202875137329
1710524822475218358,9.836345672607422,1.3400133848190308,0.9616003632545471
1710524822500449213,9.832752227783203,1.4681469202041626,0.9220825433731079
1710524822519368969,9.857900619506836,1.49688720703125,0.9172924757003784
1710524822525637606,9.814789772033691,1.4777270555496216,0.8957372903823853
1710524822550930583,9.817185401916504,1.442999243736267,0.9580078125
1710524822578092030,9.818382263183594,1.4118640422821045,0.8885522484779358
1710524822592739827,9.819580078125,1.3950989246368408,0.987945556640625
1710524822611681375,9.826765060424805,1.4406042098999023,0.9412426948547363
1710524822626391913,9.826765060424805,1.4406042098999023,0.9412426948547363
1710524822653945038,9.862689971923828,1.4681469202041626,0.9089099168777466
1710524822674916869,9.84233283996582,1.4046789407730103,1.023870825767517
1710524822687711662,9.835147857666016,1.3663586378097534,0.975970447063446
1710524822704652234,9.835147857666016,1.3783336877822876,0.9316626191139221
1710524822714988582,9.820777893066406,1.4477893114089966,0.8909472823143005
1710524822738027169,9.839938163757324,1.4645544290542603,0.9125024676322937
1710524822742213238,9.8291597366333,1.4441968202590942,0.9340575933456421
1710524822754815109,9.831555366516113,1.4058765172958374,0.9568102955818176
1710524822775768016,9.823172569274902,1.4118640422821045,0.940045177936554
1710524822813464447,9.83395004272461,1.4142590761184692,0.9196875095367432
1710524822859695063,9.835147857666016,1.4418017864227295,0.9232800006866455
1710524822882902459,9.813592910766602,1.4346166849136353,0.969982922077179
1710524822910256705,9.832752227783203,1.4046789407730103,1.0226733684539795
1710524822919077634,9.811197280883789,1.3986914157867432,1.083746314048767
1710524822924913259,9.927355766296387,1.4334192276000977,0.8693920969963074
1710524822943897342,9.8100004196167,1.3986914157867432,0.9520202875137329
1710524822964703398,9.814789772033691,1.4753320217132568,0.9903405904769897
1710524823025666406,9.875863075256348,1.4861096143722534,0.9053173661231995
1710524823046625870,9.873468399047852,1.3843213319778442,1.0262658596038818
1710524823063419407,9.880653381347656,1.3891112804412842,0.975970447063446
1710524823071860652,9.901010513305664,1.3962963819503784,0.9604028463363647
1710524823086824253,9.83395004272461,1.4154565334320068,0.8298742771148682
1710524823095063670,9.768087387084961,1.4094690084457397,0.8885522484779358
1710524823137084373,9.860295295715332,1.4142590761184692,0.969982922077179
1710524823149563198,9.807604789733887,1.4094690084457397,0.9544152617454529
1710524823160217118,9.862689971923828,1.4477893114089966,0.8873547315597534
1710524823180894662,9.807604789733887,1.3903088569641113,0.9651928544044495
1710524823191376254,9.861493110656738,1.4118640422821045,0.9388476610183716
1710524823203784365,9.815987586975098,1.4322216510772705,0.9472302198410034
1710524823229313637,9.832752227783203,1.4322216510772705,0.9340575933456421
1710524823244051428,9.887838363647461,1.4322216510772705,0.9364526271820068
1710524823256723273,9.827962875366211,1.4106664657592773,0.9891430735588074
1710524823271420371,9.86508560180664,1.4501843452453613,0.9783654808998108
1710524823303060971,9.830357551574707,1.3879138231277466,0.8957372903823853
1710524823307254822,9.815987586975098,1.386716365814209,0.8849596977233887
1710524823345077829,9.830357551574707,1.481319546699524,0.9687854051589966
1710524823355520470,9.815987586975098,1.452579379081726,0.8837621808052063
1710524823441688764,9.84233283996582,1.4406042098999023,0.8729846477508545
1710524823473173193,9.818382263183594,1.3962963819503784,0.9891430735588074
1710524823492269049,9.832752227783203,1.4190490245819092,0.9807605147361755
1710524823506951856,9.815987586975098,1.4382091760635376,0.9041198492050171
1710524823528102347,9.823172569274902,1.457369327545166,0.9041198492050171
1710524823536348861,9.847123146057129,1.421444058418274,0.9568102955818176
1710524823557292972,9.815987586975098,1.3591735363006592,0.9855505228042603
1710524823587002071,9.815987586975098,1.4334192276000977,0.9232800006866455
1710524823611792358,9.815987586975098,1.4262341260910034,0.910107433795929
1710524823622233317,9.817185401916504,1.3939013481140137,0.9747729301452637
1710524823651922026,9.826765060424805,1.4334192276000977,0.9903405904769897
1710524823675186652,9.827962875366211,1.4094690084457397,0.9508227705955505
1710524823691906224,9.821974754333496,1.413061499595642,0.9771679639816284
1710524823706693218,9.832752227783203,1.416654109954834,0.9903405904769897
1710524823721255487,9.837542533874512,1.4453942775726318,0.9208850264549255
1710524823744448260,9.847123146057129,1.4597643613815308,0.8717871308326721
1710524823767256181,9.817185401916504,1.407073974609375,0.9412426948547363
1710524823774920245,9.827962875366211,1.3962963819503784,1.0250684022903442
1710524823781975854,9.824370384216309,1.4058765172958374,0.9436376690864563
1710524823794530414,9.815987586975098,1.4262341260910034,0.8933422565460205
1710524823811321367,9.836345672607422,1.466949462890625,0.8909472823143005
1710524823832605181,9.830357551574707,1.4789245128631592,0.9089099168777466
1710524823847466152,9.832752227783203,1.4046789407730103,0.9328601360321045
1710524823870561965,9.821974754333496,1.422641634941101,0.9232800006866455
1710524823916644229,9.837542533874512,1.407073974609375,0.9616003632545471
1710524823986152761,9.823172569274902,1.4346166849136353,0.9424402117729187
1710524824003206749,9.844727516174316,1.3759387731552124,1.002315640449524
1710524824062115321,9.83395004272461,1.4621593952178955,0.9352551102638245
1710524824066393452,9.815987586975098,1.4394067525863647,0.9316626191139221
1710524824072592808,9.824370384216309,1.4394067525863647,0.9568102955818176
1710524824097690026,9.825567245483398,1.386716365814209,0.946032702922821
1710524824106231075,9.847123146057129,1.361568570137024,0.8849596977233887
1710524824135740316,9.898615837097168,1.4645544290542603,0.9376501441001892
1710524824163054357,9.814789772033691,1.392703890800476,0.940045177936554
1710524824165014575,9.831555366516113,1.3998888731002808,0.9424402117729187
1710524824177809400,9.824370384216309,1.4382091760635376,0.9364526271820068
1710524824181854031,9.832752227783203,1.4441968202590942,0.9544152617454529
1710524824200886161,9.815987586975098,1.4358142614364624,0.9232800006866455
1710524824257436713,9.817185401916504,1.4382091760635376,0.9125024676322937
1710524824276586190,9.830357551574707,1.4346166849136353,0.9568102955818176
1710524824297546880,9.843530654907227,1.4250366687774658,0.9867480397224426
1710524824316548132,9.823172569274902,1.421444058418274,0.9903405904769897
1710524824352372862,9.827962875366211,1.3783336877822876,0.9328601360321045
1710524824358344176,9.845925331115723,1.3843213319778442,0.9244775176048279
1710524824360584975,9.815987586975098,1.4298266172409058,0.9077123999595642
1710524824390077577,9.819580078125,1.4238390922546387,0.9232800006866455
1710524824407003385,9.824370384216309,1.3950989246368408,0.9364526271820068
1710524824432291029,9.832752227783203,1.4286291599273682,0.9963281154632568
1710524824434396177,9.832752227783203,1.4286291599273682,0.9963281154632568
1710524824466178963,9.835147857666016,1.4334192276000977,0.910107433795929
1710524824470317232,9.823172569274902,1.4142590761184692,0.8993298411369324
1710524824480851162,9.835147857666016,1.427431583404541,0.9340575933456421
1710524824514549510,9.824370384216309,1.4322216510772705,0.9556127786636353
1710524824520904939,9.839938163757324,1.4477893114089966,0.928070068359375
1710524824537539965,9.843530654907227,1.416654109954834,0.9005273580551147
1710524824588052203,9.854308128356934,1.4597643613815308,0.9196875095367432
1710524824613212532,9.821974754333496,1.4418017864227295,0.9148974418640137
1710524824623886314,9.821974754333496,1.4418017864227295,0.9148974418640137
1710524824638527778,9.8291597366333,1.4489867687225342,0.9412426948547363
1710524824672205263,9.827962875366211,1.3939013481140137,0.9424402117729187
1710524824684954734,9.817185401916504,1.397493839263916,0.9436376690864563
1710524824720337939,9.823172569274902,1.416654109954834,0.9723779559135437
1710524824776369403,9.817185401916504,1.4561718702316284,0.9711804389953613
1710524824808609691,9.823172569274902,1.4645544290542603,0.9328601360321045
1710524824838089129,9.815987586975098,1.4334192276000977,0.9436376690864563
1710524824859073053,9.818382263183594,1.3998888731002808,1.003513216972351
1710524824892882619,9.815987586975098,1.427431583404541,0.910107433795929
1710524824903066342,9.831555366516113,1.482517123222351,0.9484277367591858
1710524824926369538,9.835147857666016,1.476529598236084,0.9125024676322937
1710524824938967203,9.83395004272461,1.4358142614364624,0.910107433795929
1710524824953667035,9.817185401916504,1.4046789407730103,0.9556127786636353
1710524824974337504,9.83395004272461,1.4441968202590942,0.9915381073951721
1710524825016489782,9.824370384216309,1.413061499595642,0.8993298411369324
1710524825041671755,9.824370384216309,1.4046789407730103,0.9556127786636353
1710524825054353849,9.836345672607422,1.4190490245819092,0.9663903713226318
1710524825062852108,9.825567245483398,1.4394067525863647,0.928070068359375
1710524825077626715,9.825567245483398,1.4597643613815308,0.9113049507141113
1710524825109360721,9.85670280456543,1.401086449623108,0.9951305985450745
1710524825149309163,9.815987586975098,1.4657520055770874,0.8945397734642029
1710524825182867589,9.820777893066406,1.4789245128631592,0.9256750345230103
1710524825222644247,9.875863075256348,1.4753320217132568,0.8957372903823853
1710524825247986284,9.838740348815918,1.3855187892913818,0.9627978801727295
1710524825275335432,9.837542533874512,1.4549744129180908,0.9939330816268921
1710524825298363739,9.819580078125,1.4394067525863647,0.9136999249458313
1710524825334461430,9.820777893066406,1.3663586378097534,1.0130932331085205
1710524825378285172,9.817185401916504,1.4489867687225342,0.8370593190193176
1710524825407772316,9.847123146057129,1.4154565334320068,1.0310559272766113
1710524825420400850,9.824370384216309,1.446591854095459,1.0154882669448853
1710524825433131961,9.855504989624023,1.4346166849136353,0.8909472823143005
1710524825462419471,9.857900619506836,1.4477893114089966,0.9208850264549255
1710524825489704804,9.817185401916504,1.361568570137024,0.9747729301452637
1710524825512921169,9.825567245483398,1.5244299173355103,0.8837621808052063
1710524825529885548,9.795629501342773,1.3603711128234863,0.9891430735588074
1710524825542295453,9.821974754333496,1.452579379081726,0.9604028463363647
1710524825559235712,9.891430854797363,1.4477893114089966,0.975970447063446
1710524825580161056,9.819580078125,1.3998888731002808,0.9843530058860779
1710524825609478057,9.8100004196167,1.3962963819503784,0.975970447063446
1710524825630569479,9.866283416748047,1.401086449623108,1.0753637552261353
1710524825638883038,9.866283416748047,1.401086449623108,1.2490026950836182
1710524825647477945,9.643546104431152,1.5399975776672363,1.0430309772491455
1710524825657783553,10.045909881591797,1.506467342376709,0.5760021805763245
1710524825691589195,9.726174354553223,1.107696533203125,0.5795947313308716
1710524825739943749,9.819580078125,1.5639477968215942,0.7723938226699829
1710524825748498837,9.819580078125,1.5639477968215942,0.7723938226699829
1710524825754656374,9.904603004455566,1.5938855409622192,0.9268725514411926
1710524825758729256,9.898615837097168,1.4262341260910034,1.0154882669448853
1710524825781980346,9.896221160888672,1.3986914157867432,1.1053014993667603
1710524825797063486,9.787247657775879,1.421444058418274,1.1555969715118408
1710524825815736483,9.841135025024414,1.4561718702316284,0.7101233005523682
1710524825845284956,9.918972969055176,1.3903088569641113,0.7101233005523682
1710524825847255917,9.806407928466797,1.5004796981811523,0.9053173661231995
1710524825859858633,9.897418022155762,1.332828402519226,0.975970447063446
1710524825889313437,9.75012493133545,1.326840877532959,0.8574169874191284
1710524825895410019,9.756112098693848,1.4238390922546387,0.8131091594696045
1710524825920695450,9.710606575012207,1.3388159275054932,1.062191128730774
1710524825948139154,9.885442733764648,1.4142590761184692,1.0514135360717773
1710524825952226716,9.815987586975098,1.4657520055770874,0.9963281154632568
1710524825964722917,9.898615837097168,1.4753320217132568,0.7699987888336182
1710524825979351580,9.821974754333496,1.5352075099945068,0.7747887969017029
1710524826006570378,9.845925331115723,1.4058765172958374,1.0645861625671387
1710524826029861842,9.801617622375488,1.356778621673584,0.940045177936554
1710524826067698176,9.830357551574707,1.5040723085403442,0.9232800006866455
1710524826090832193,9.860295295715332,1.4094690084457397,0.8286767601966858
1710524826116001356,9.814789772033691,1.4154565334320068,0.8226892352104187
1710524826168496716,9.814789772033691,1.3507909774780273,1.0825488567352295
1710524826206123629,9.820777893066406,1.4693444967269897,0.8969348073005676
1710524826235674549,9.814789772033691,1.397493839263916,0.9532177448272705
1710524826244041158,9.847123146057129,1.4202466011047363,0.9795629978179932
1710524826277763127,9.827962875366211,1.3555810451507568,1.0358459949493408
1710524826290344441,9.821974754333496,1.4705419540405273,1.1064990758895874
1710524826307146843,9.874665260314941,1.421444058418274,0.9232800006866455
1710524826351358313,9.831555366516113,1.4441968202590942,0.7508386373519897
1710524826380471030,9.817185401916504,1.3436059951782227,1.0298583507537842
1710524826386988866,9.885442733764648,1.3687536716461182,1.033450961112976
1710524826399818847,9.754914283752441,1.4489867687225342,0.9592053294181824
1710524826431135053,9.940528869628906,1.4741345643997192,0.987945556640625
1710524826435248804,9.843530654907227,1.4789245128631592,0.9508227705955505
1710524826441612842,9.859097480773926,1.407073974609375,0.9616003632545471
1710524826454394642,9.815987586975098,1.4920971393585205,0.8909472823143005
1710524826462821653,9.848320007324219,1.4920971393585205,0.8646020293235779
1710524826477357450,9.819580078125,1.4849121570587158,0.8885522484779358
1710524826487974203,9.815987586975098,1.4358142614364624,0.9604028463363647
1710524826496200941,9.87945556640625,1.332828402519226,1.047821044921875
1710524826542360265,9.843530654907227,1.4789245128631592,0.9208850264549255
1710524826567807949,9.832752227783203,1.4549744129180908,0.8514294624328613
1710524826590895574,9.866283416748047,1.4501843452453613,0.940045177936554
1710524826597470829,9.819580078125,1.442999243736267,0.9077123999595642
1710524826616212276,9.819580078125,1.442999243736267,0.9077123999595642
1710524826639434676,9.815987586975098,1.4262341260910034,0.8873547315597534
1710524826675118557,9.863887786865234,1.427431583404541,1.0502160787582397
1710524826683728869,9.848320007324219,1.457369327545166,0.8777746558189392
1710524826725659408,9.831555366516113,1.4477893114089966,0.9005273580551147
1710524826753102739,9.814789772033691,1.4022839069366455,1.002315640449524
1710524826779968209,9.814789772033691,1.4585669040679932,0.9604028463363647
1710524826803441379,9.820777893066406,1.4489867687225342,0.9364526271820068
1710524826809802048,9.84233283996582,1.4477893114089966,0.9412426948547363
1710524826843428720,9.850715637207031,1.386716365814209,0.8933422565460205
1710524826900181659,9.847123146057129,1.4046789407730103,0.9723779559135437
1710524826902481384,9.821974754333496,1.422641634941101,0.9927356243133545
1710524826911155966,9.817185401916504,1.4621593952178955,0.9532177448272705
1710524826946629128,9.854308128356934,1.3998888731002808,0.9172924757003784
1710524826977845764,9.839938163757324,1.4501843452453613,0.9747729301452637
1710524827005136627,9.815987586975098,1.4346166849136353,0.9556127786636353
1710524827017709692,9.818382263183594,1.446591854095459,1.033450961112976
1710524827045262752,9.819580078125,1.407073974609375,0.9807605147361755
1710524827059954654,9.820777893066406,1.3879138231277466,0.9244775176048279
1710524827137725856,9.821974754333496,1.4190490245819092,0.9687854051589966
1710524827143913183,9.832752227783203,1.4250366687774658,0.969982922077179
1710524827158749133,9.851912498474121,1.4477893114089966,0.9568102955818176
1710524827173446394,9.831555366516113,1.413061499595642,0.9544152617454529
1710524827188128814,9.841135025024414,1.3962963819503784,0.9340575933456421
1710524827224035230,9.853110313415527,1.4549744129180908,0.8909472823143005
1710524827261722405,9.831555366516113,1.422641634941101,1.003513216972351
1710524827301850152,9.826765060424805,1.3735437393188477,0.9831554889678955
1710524827320694753,9.814789772033691,1.460961937904358,0.9136999249458313
1710524827349987610,9.848320007324219,1.5052697658538818,0.9376501441001892
1710524827360438432,9.871072769165039,1.4106664657592773,0.969982922077179
1710524827364687832,9.814789772033691,1.3735437393188477,0.9376501441001892
1710524827394226820,9.817185401916504,1.4406042098999023,0.9496252536773682
1710524827414938269,9.9297513961792,1.4238390922546387,0.9807605147361755
1710524827457228298,9.905800819396973,1.4298266172409058,0.9364526271820068
1710524827480246496,9.827962875366211,1.4334192276000977,0.9244775176048279
1710524827507563474,9.814789772033691,1.392703890800476,0.9388476610183716
1710524827520284554,9.825567245483398,1.4022839069366455,0.9580078125
1710524827541181831,9.86987590789795,1.4142590761184692,0.946032702922821
1710524827566432619,9.823172569274902,1.4477893114089966,0.9364526271820068
1710524827606177657,9.826765060424805,1.4657520055770874,0.969982922077179
1710524827608426502,9.859097480773926,1.4441968202590942,0.969982922077179
1710524827625169746,9.8291597366333,1.4118640422821045,0.9232800006866455
1710524827644220645,9.815987586975098,1.4298266172409058,0.9735754132270813
1710524827684236125,9.853110313415527,1.442999243736267,0.9376501441001892
1710524827709246353,9.815987586975098,1.472936987876892,0.9256750345230103
1710524827730301705,9.823172569274902,1.3986914157867432,0.9424402117729187
1710524827749160155,9.831555366516113,1.4250366687774658,0.9496252536773682
1710524827757566362,9.845925331115723,1.4406042098999023,0.9568102955818176
1710524827775779164,9.832752227783203,1.4394067525863647,0.9364526271820068
1710524827803611616,9.831555366516113,1.4549744129180908,0.9448351860046387
1710524827831046454,9.851912498474121,1.4489867687225342,0.9065148830413818
1710524827846074593,9.821974754333496,1.4154565334320068,0.9376501441001892
1710524827862790370,9.849517822265625,1.4190490245819092,0.9316626191139221
1710524827866924102,9.820777893066406,1.4358142614364624,0.9364526271820068
1710524827900615659,9.820777893066406,1.4358142614364624,0.910107433795929
1710524827919685026,9.84233283996582,1.401086449623108,0.9340575933456421
1710524827938539545,9.845925331115723,1.4322216510772705,0.9017248749732971
1710524827949044208,9.824370384216309,1.4394067525863647,0.9017248749732971
1710524827968068734,9.850715637207031,1.4262341260910034,0.9220825433731079
1710524827997463316,9.843530654907227,1.4549744129180908,0.9627978801727295
1710524828009940023,9.815987586975098,1.4549744129180908,0.9627978801727295
1710524828016201844,9.857900619506836,1.460961937904358,0.9951305985450745
1710524828020466236,9.817185401916504,1.4549744129180908,0.9388476610183716
1710524828050041824,9.814789772033691,1.4154565334320068,0.9256750345230103
1710524828075174887,9.851912498474121,1.4262341260910034,0.8873547315597534
1710524828100378480,9.823172569274902,1.4394067525863647,0.9328601360321045
1710524828108857449,9.844727516174316,1.4382091760635376,0.946032702922821
1710524828150537870,9.845925331115723,1.4286291599273682,0.9975256323814392
1710524828154929022,9.826765060424805,1.4238390922546387,0.9604028463363647
1710524828234712366,9.825567245483398,1.422641634941101,0.9184899926185608
1710524828253724735,9.821974754333496,1.4453942775726318,0.9663903713226318
1710524828268421058,9.824370384216309,1.4298266172409058,0.9795629978179932
1710524828301965117,9.817185401916504,1.4202466011047363,0.9520202875137329
1710524828335857930,9.832752227783203,1.4346166849136353,0.9113049507141113
1710524828337822126,9.824370384216309,1.43701171875,0.9172924757003784
1710524828360948929,9.854308128356934,1.4358142614364624,0.9148974418640137
1710524828388060101,9.789642333984375,1.5687377452850342,1.063388705253601
1710524828394680540,9.884245872497559,1.572330355644226,0.7616162300109863
1710524828432439150,9.819580078125,1.3004956245422363,0.969982922077179
1710524828468288016,10.05908203125,1.3699511289596558,0.9412426948547363
1710524828480883746,9.977651596069336,1.6884887218475342,0.8909472823143005
1710524828504058852,9.995614051818848,1.601070523262024,0.9675878882408142
1710524828510191577,10.014774322509766,1.323248267173767,0.9735754132270813
1710524828533528188,9.862689971923828,1.3819262981414795,1.0945239067077637
1710524828535386135,9.862689971923828,1.3819262981414795,1.0945239067077637
1710524828579472777,10.042316436767578,1.3855187892913818,0.8047265410423279
1710524828583663826,9.95370101928711,1.506467342376709,1.117276668548584
1710524828602790517,9.850715637207031,1.422641634941101,1.0071057081222534
1710524828621622993,9.878257751464844,1.4992822408676147,0.808319091796875
1710524828636408677,9.960886001586914,1.4657520055770874,0.9184899926185608
1710524828667830645,9.770482063293457,1.3483959436416626,0.9627978801727295
1710524828676185731,9.824370384216309,1.4633569717407227,0.9256750345230103
1710524828686780259,9.851912498474121,1.4441968202590942,0.826281726360321
1710524828702150945,9.837542533874512,1.490899682044983,0.826281726360321
1710524828741361960,9.821974754333496,1.4418017864227295,1.0526111125946045
1710524828751850075,9.847123146057129,1.3879138231277466,0.910107433795929
1710524828768587491,9.812395095825195,1.3843213319778442,0.8226892352104187
1710524828796011358,9.821974754333496,1.3879138231277466,1.0166858434677124
1710524828814790480,9.898615837097168,1.481319546699524,0.9496252536773682
1710524828846511488,9.771679878234863,1.4585669040679932,0.8478369116783142
1710524828861084555,9.854308128356934,1.472936987876892,0.9029223918914795
1710524828886143896,9.839938163757324,1.4082714319229126,0.8729846477508545
1710524828894533105,9.854308128356934,1.4406042098999023,0.8310717940330505
1710524828934344158,9.836345672607422,1.481319546699524,0.8717871308326721
1710524828970138921,9.814789772033691,1.4441968202590942,0.9651928544044495
1710524829001580143,9.853110313415527,1.3903088569641113,0.8909472823143005
1710524829012266581,9.821974754333496,1.391506314277649,0.9771679639816284
1710524829022727997,9.820777893066406,1.43701171875,0.9651928544044495
1710524829056424951,9.817185401916504,1.4657520055770874,0.8669970631599426
1710524829079379581,9.825567245483398,1.4489867687225342,0.8634045124053955
1710524829113361164,9.832752227783203,1.386716365814209,0.9148974418640137
1710524829119180156,9.815987586975098,1.3879138231277466,0.8921447992324829
1710524829161191762,9.8291597366333,1.407073974609375,0.9244775176048279
1710524829167448941,9.825567245483398,1.4418017864227295,0.9604028463363647
1710524829177170788,9.825567245483398,1.452579379081726,0.9352551102638245
1710524829190629541,9.817185401916504,1.4944921731948853,0.8765771389007568
1710524829209551014,9.854308128356934,1.4441968202590942,0.9196875095367432
1710524829220058471,9.815987586975098,1.3950989246368408,0.9675878882408142
1710524829237809710,9.850715637207031,1.3543835878372192,0.9927356243133545
1710524829287410566,9.792037010192871,1.421444058418274,0.8765771389007568
1710524829325123272,9.8291597366333,1.416654109954834,0.9580078125
1710524829363069309,9.821974754333496,1.4082714319229126,0.9424402117729187
1710524829376199501,9.845925331115723,1.4406042098999023,0.9184899926185608
1710524829415532400,9.83395004272461,1.4418017864227295,0.9017248749732971
1710524829447148624,9.86508560180664,1.460961937904358,0.8921447992324829
1710524829489234515,9.848320007324219,1.3950989246368408,0.9903405904769897
1710524829514457084,9.793234825134277,1.457369327545166,0.8777746558189392
1710524829537635284,9.901010513305664,1.386716365814209,0.9125024676322937
1710524829556319022,9.8100004196167,1.3651611804962158,0.9388476610183716
1710524829573331603,9.814789772033691,1.407073974609375,0.8957372903823853
1710524829588136948,9.860295295715332,1.4992822408676147,0.9580078125
1710524829594425473,9.906998634338379,1.4597643613815308,0.946032702922821
1710524829609078235,9.723779678344727,1.4094690084457397,0.9232800006866455
1710524829611099557,9.871072769165039,1.3603711128234863,1.01788330078125
1710524829638660511,9.883048057556152,1.452579379081726,0.9616003632545471
1710524829670158208,9.917776107788086,1.4298266172409058,0.8993298411369324
1710524829682813446,9.812395095825195,1.4106664657592773,1.0011181831359863
1710524829708136935,9.85670280456543,1.397493839263916,0.9376501441001892
1710524829743856286,9.857900619506836,1.4561718702316284,0.8586145043373108
1710524829745880310,9.827962875366211,1.4394067525863647,0.9352551102638245
1710524829766882860,9.818382263183594,1.4322216510772705,0.9831554889678955
1710524829783891481,9.841135025024414,1.427431583404541,0.9125024676322937
1710524829790120501,9.851912498474121,1.4178515672683716,0.8753796219825745
1710524829806976248,9.823172569274902,1.4202466011047363,0.8646020293235779
1710524829834245078,9.839938163757324,1.427431583404541,0.9831554889678955
1710524829857254488,9.815987586975098,1.421444058418274,0.8873547315597534
1710524829878275150,9.859097480773926,1.4549744129180908,0.928070068359375
1710524829912003426,9.85670280456543,1.4202466011047363,0.9843530058860779
1710524829960447271,9.823172569274902,1.4058765172958374,0.9771679639816284
1710524829978547134,9.820777893066406,1.452579379081726,0.916094958782196
1710524830004581439,9.830357551574707,1.4477893114089966,0.9113049507141113
1710524830029884028,9.87945556640625,1.460961937904358,0.8693920969963074
1710524830055185780,9.826765060424805,1.3723461627960205,0.8909472823143005
1710524830061370544,9.820777893066406,1.3519885540008545,0.9520202875137329
1710524830082774434,9.814789772033691,1.416654109954834,0.9089099168777466
1710524830094845646,9.827962875366211,1.3855187892913818,0.9196875095367432
1710524830101234238,9.820777893066406,1.4418017864227295,0.8358618021011353
1710524830126511269,9.802814483642578,1.460961937904358,0.9616003632545471
1710524830145418515,9.742938995361328,1.4094690084457397,0.9747729301452637
1710524830176880878,9.815987586975098,1.4537768363952637,0.9244775176048279
1710524830185372042,9.838740348815918,1.427431583404541,0.9412426948547363
1710524830200592753,9.868678092956543,1.4501843452453613,1.0011181831359863
1710524830217205457,9.817185401916504,1.413061499595642,0.9568102955818176
1710524830238121693,9.887838363647461,1.4142590761184692,0.9747729301452637
1710524830242259566,9.798025131225586,1.446591854095459,0.8909472823143005
1710524830259109354,9.817185401916504,1.4561718702316284,0.8909472823143005
1710524830267786272,9.837542533874512,1.4178515672683716,0.9304651021957397
1710524830288685518,9.820777893066406,1.4058765172958374,0.9304651021957397
1710524830303197552,9.825567245483398,1.442999243736267,0.9376501441001892
1710524830315958879,9.814789772033691,1.431024193763733,0.9244775176048279
1710524830326446224,9.832752227783203,1.422641634941101,0.9005273580551147
1710524830339192788,9.83395004272461,1.4334192276000977,0.8813672065734863
1710524830364321704,9.836345672607422,1.4394067525863647,0.9508227705955505
1710524830395863174,9.817185401916504,1.4549744129180908,0.9125024676322937
1710524830421285769,9.850715637207031,1.4358142614364624,0.9328601360321045
1710524830427465908,9.841135025024414,1.4418017864227295,0.9568102955818176
1710524830450549980,9.818382263183594,1.4154565334320068,0.946032702922821
1710524830456884552,9.847123146057129,1.4681469202041626,0.9520202875137329
1710524830486353311,9.838740348815918,1.4286291599273682,0.9592053294181824
1710524830501011249,9.8291597366333,1.422641634941101,0.9747729301452637
1710524830524438190,9.819580078125,1.427431583404541,0.9041198492050171
1710524830543118879,9.85670280456543,1.4358142614364624,0.9184899926185608
1710524830568052174,9.814789772033691,1.4657520055770874,0.9580078125
1710524830646214983,9.817185401916504,1.4322216510772705,0.8358618021011353
1710524830682145830,9.813592910766602,1.4022839069366455,0.9592053294181824
1710524830692451136,9.831555366516113,1.4286291599273682,0.9544152617454529
1710524830709295576,9.848320007324219,1.4334192276000977,0.946032702922821
1710524830728473884,9.820777893066406,1.4346166849136353,0.9184899926185608
1710524830751186636,9.815987586975098,1.4382091760635376,0.9148974418640137
1710524830778385223,9.811197280883789,1.4334192276000977,0.9364526271820068
1710524830810068488,9.831555366516113,1.4681469202041626,0.9148974418640137
1710524830837154114,9.821974754333496,1.43701171875,0.9412426948547363
1710524830866486113,9.817185401916504,1.422641634941101,0.9436376690864563
1710524830887619470,9.836345672607422,1.422641634941101,0.8969348073005676
1710524830900201554,9.821974754333496,1.431024193763733,0.9304651021957397
1710524830929639896,9.821974754333496,1.4705419540405273,0.8813672065734863
1710524830974439947,9.880653381347656,1.4202466011047363,0.9412426948547363
1710524831005228940,9.826765060424805,1.4298266172409058,0.9484277367591858
1710524831078796131,9.845925331115723,1.4346166849136353,0.9256750345230103
1710524831135617736,9.886640548706055,1.5088622570037842,0.8753796219825745
1710524831148372707,9.800419807434082,1.3591735363006592,0.8646020293235779
1710524831177058683,9.875863075256348,1.421444058418274,0.8909472823143005
1710524831186052525,9.795629501342773,1.356778621673584,0.9316626191139221
1710524831196328479,9.815987586975098,1.4561718702316284,0.8250842094421387
1710524831215475096,9.92496109008789,1.4849121570587158,0.9675878882408142
1710524831242775837,9.821974754333496,1.3819262981414795,1.008303165435791
1710524831278453825,9.781259536743164,1.4621593952178955,0.8837621808052063
1710524831293246695,9.831555366516113,1.451381802558899,0.9915381073951721
1710524831358592016,9.814789772033691,1.4154565334320068,0.9113049507141113
1710524831396228089,9.827962875366211,1.4118640422821045,0.9412426948547363
1710524831432008427,9.860295295715332,1.4382091760635376,0.9029223918914795
1710524831476260483,9.839938163757324,1.442999243736267,0.9580078125
1710524831526427692,9.815987586975098,1.4477893114089966,0.9855505228042603
1710524831543225211,9.815987586975098,1.4477893114089966,0.9855505228042603
1710524831556029571,9.873468399047852,1.4382091760635376,0.9268725514411926
1710524831577503536,9.850715637207031,1.4382091760635376,0.9568102955818176
1710524831602268311,9.814789772033691,1.3939013481140137,0.9568102955818176
1710524831667430921,9.836345672607422,1.512454867362976,0.9340575933456421
1710524831692718142,9.88903522491455,1.5016772747039795,0.8334667682647705
1710524831696827447,9.814789772033691,1.4250366687774658,0.8238866925239563
1710524831711534026,9.839938163757324,1.4489867687225342,0.9807605147361755
1710524831724087630,9.908195495605469,1.3855187892913818,0.9136999249458313
1710524831743007856,9.817185401916504,1.3256433010101318,0.9340575933456421
1710524831777568415,9.818382263183594,1.490899682044983,0.9232800006866455
1710524831795497274,9.933343887329102,1.3891112804412842,0.9867480397224426
1710524831843957999,9.844727516174316,1.3639636039733887,0.8693920969963074
1710524831881765089,9.790840148925781,1.383123755455017,0.9472302198410034
1710524831890215212,9.90220832824707,1.4082714319229126,1.0095007419586182
1710524831902641125,9.764494895935059,1.4681469202041626,0.9077123999595642
1710524831925943891,9.837542533874512,1.4849121570587158,0.8622070550918579
1710524831977299116,9.862689971923828,1.413061499595642,1.0095007419586182
1710524831986941258,9.820777893066406,1.452579379081726,0.8669970631599426
1710524832079425456,9.815987586975098,1.392703890800476,0.9963281154632568
1710524832102673425,9.85670280456543,1.427431583404541,0.9951305985450745
1710524832121488569,9.813592910766602,1.452579379081726,0.9352551102638245
1710524832153339487,9.839938163757324,1.4262341260910034,0.975970447063446
1710524832188816142,9.814789772033691,1.4621593952178955,0.9771679639816284
1710524832205464788,9.851912498474121,1.4549744129180908,0.9328601360321045
1710524832222497897,9.78245735168457,1.457369327545166,0.910107433795929
1710524832245467013,9.899813652038574,1.4082714319229126,0.9364526271820068
1710524832258104867,9.859097480773926,1.362766146659851,0.9639953374862671
1710524832262305700,9.861493110656738,1.37713623046875,0.940045177936554
1710524832272861630,9.817185401916504,1.416654109954834,0.8849596977233887
1710524832297950615,9.826765060424805,1.5352075099945068,0.8526269793510437
1710524832327399988,9.866283416748047,1.4801220893859863,1.1196715831756592
1710524832346303679,9.825567245483398,1.4058765172958374,0.6801855564117432
1710524832379945057,9.91657829284668,1.5340100526809692,1.0657837390899658
1710524832401079583,9.756112098693848,1.2957055568695068,0.7855663895606995
1710524832449656161,9.885442733764648,1.5747253894805908,0.7580236792564392
1710524832474886533,9.539362907409668,1.2382251024246216,1.0011181831359863
1710524832502191738,10.108180046081543,1.3986914157867432,0.8011340498924255
1710524832527399556,9.347761154174805,1.302890658378601,0.969982922077179
1710524832542050360,10.103389739990234,1.4094690084457397,0.9783654808998108
1710524832552573355,10.103389739990234,1.4094690084457397,0.9783654808998108
1710524832590382508,9.632768630981445,1.566342830657959,0.9244775176048279
1710524832592629876,9.752519607543945,1.5699353218078613,0.946032702922821
1710524832632643506,8.535849571228027,1.2681628465652466,2.39501953125
1710524832638726005,10.535691261291504,2.0190014839172363,0.8131091594696045
1710524832672402761,9.408834457397461,1.6130456924438477,0.2442919909954071
1710524832687252535,10.093810081481934,1.7986596822738647,1.5184423923492432
1710524832722964986,9.9393310546875,1.1268566846847534,0.6442602276802063
1710524832787806718,9.705816268920898,1.5016772747039795,1.332828402519226
1710524832798481552,9.726174354553223,1.7016613483428955,1.5352075099945068
1710524832804911034,9.926158905029297,1.3340258598327637,1.1244616508483887
1710524832815395529,9.878257751464844,0.9975256323814392,0.7951464653015137
1710524832828068869,9.814789772033691,1.053808569908142,0.5783972144126892
1710524832840788120,10.123747825622559,1.241817593574524,0.6981481909751892
1710524832889110354,9.629176139831543,1.5735278129577637,0.9292675852775574
1710524832906168844,9.908195495605469,1.4645544290542603,1.302890658378601
1710524832923145523,9.932146072387695,1.4441968202590942,1.01788330078125
1710524832977055206,9.813592910766602,1.353186011314392,0.9352551102638245
1710524833000319871,9.863887786865234,1.577120304107666,0.7628137469291687
1710524833029654641,9.872270584106445,1.5974780321121216,0.7508386373519897
1710524833055066594,9.959689140319824,1.596280574798584,1.1100915670394897
1710524833088687322,9.855504989624023,1.5399975776672363,0.748443603515625
1710524833122168859,9.87945556640625,1.610650658607483,0.77838134765625
1710524833221040741,9.87945556640625,1.5376025438308716,0.766406238079071
1710524833235959799,9.940528869628906,1.5591577291488647,0.8993298411369324
1710524833254614476,9.839938163757324,1.4022839069366455,0.8705896139144897
1710524833284479583,9.783655166625977,1.2657678127288818,0.8957372903823853
1710524833294702691,9.911787986755371,1.3663586378097534,1.063388705253601
1710524833328505403,9.826765060424805,1.3807287216186523,0.7400610446929932
1710524833362042660,9.838740348815918,1.607058048248291,0.9735754132270813
1710524833375941908,9.824370384216309,1.4346166849136353,0.9184899926185608
1710524833403812430,9.84233283996582,1.3052856922149658,1.0526111125946045
1710524833458997210,9.863887786865234,1.5699353218078613,0.8071215748786926
1710524833501138543,9.832752227783203,1.251397728919983,0.9627978801727295
1710524833513686692,9.815987586975098,1.3220508098602295,0.9340575933456421
1710524833536785049,9.859097480773926,1.37713623046875,0.9232800006866455
1710524833559815429,9.814789772033691,1.3986914157867432,0.9065148830413818
1710524833593436324,9.827962875366211,1.5747253894805908,0.7771838307380676
1710524833604053425,9.788444519042969,1.5304174423217773,0.9424402117729187
1710524833620703515,9.815987586975098,1.4705419540405273,0.9939330816268921
1710524833652370109,9.830357551574707,1.332828402519226,0.9771679639816284
1710524833660647970,9.860295295715332,1.4046789407730103,0.9316626191139221
1710524833662837357,9.871072769165039,1.4346166849136353,0.8490344285964966
1710524833679644057,9.825567245483398,1.3950989246368408,0.9376501441001892
1710524833685844384,9.817185401916504,1.4621593952178955,0.9927356243133545
1710524833702663922,9.818382263183594,1.5399975776672363,1.023870825767517
1710524833753003563,9.818382263183594,1.296903133392334,1.0550061464309692
1710524833779456295,9.880653381347656,1.3495935201644897,1.0909314155578613
1710524833798997823,9.815987586975098,1.3950989246368408,0.9963281154632568
1710524833809731848,9.86508560180664,1.4681469202041626,0.7807763814926147
1710524833826726772,9.818382263183594,1.541195034980774,0.9388476610183716
1710524833847557656,9.820777893066406,1.5052697658538818,0.9568102955818176
1710524833849702104,9.836345672607422,1.446591854095459,0.9651928544044495
1710524833860427122,9.830357551574707,1.3855187892913818,0.8957372903823853
1710524833885254093,9.86987590789795,1.3759387731552124,0.910107433795929
1710524833908448210,9.827962875366211,1.3855187892913818,1.0346484184265137
1710524833929695866,9.84233283996582,1.4621593952178955,0.9424402117729187
1710524833935820103,9.848320007324219,1.472936987876892,0.8442443609237671
1710524833944420837,9.85670280456543,1.49688720703125,0.8107141256332397
1710524833969459296,9.86987590789795,1.49688720703125,0.8837621808052063
1710524833977183027,9.815987586975098,1.4298266172409058,0.9448351860046387
1710524833990738195,9.850715637207031,1.3148657083511353,1.0310559272766113
1710524834002977197,9.826765060424805,1.3124706745147705,1.008303165435791
1710524834018000463,9.831555366516113,1.451381802558899,0.9556127786636353
1710524834043090892,9.855504989624023,1.4406042098999023,0.9316626191139221
1710524834085209054,9.818382263183594,1.466949462890625,0.8190966844558716
1710524834095591456,9.844727516174316,1.367556095123291,0.8945397734642029
1710524834116749204,9.815987586975098,1.3699511289596558,0.9627978801727295
1710524834133502206,9.814789772033691,1.416654109954834,1.0298583507537842
1710524834161005219,9.843530654907227,1.4537768363952637,0.9065148830413818
1710524834170002306,9.835147857666016,1.4681469202041626,0.8454418778419495
1710524834183970083,9.849517822265625,1.4501843452453613,0.8226892352104187
1710524834206942337,9.817185401916504,1.431024193763733,0.916094958782196
1710524834247118904,9.814789772033691,1.3843213319778442,0.9867480397224426
1710524834257411695,9.817185401916504,1.4322216510772705,1.0789562463760376
1710524834274138534,9.825567245483398,1.4418017864227295,1.0885363817214966
1710524834312251830,9.850715637207031,1.476529598236084,0.8490344285964966
1710524834322466430,9.823172569274902,1.4477893114089966,0.868194580078125
1710524834348061997,9.824370384216309,1.3879138231277466,0.9855505228042603
1710524834366707766,9.830357551574707,1.3998888731002808,1.0047106742858887
1710524834400358975,9.825567245483398,1.4178515672683716,0.9532177448272705
1710524834408666239,9.820777893066406,1.416654109954834,0.9328601360321045
1710524834435773872,9.85670280456543,1.4190490245819092,0.8418493866920471
1710524834450712016,9.849517822265625,1.416654109954834,0.8298742771148682
1710524834454706787,9.851912498474121,1.4262341260910034,0.880169689655304
1710524834474050738,9.823172569274902,1.4406042098999023,0.9532177448272705
1710524834490724994,9.815987586975098,1.4621593952178955,1.0454260110855103
1710524834522294236,9.815987586975098,1.431024193763733,0.9675878882408142
1710524834549574731,9.837542533874512,1.407073974609375,0.8610095381736755
1710524834560074037,9.848320007324219,1.4477893114089966,0.8957372903823853
1710524834576006613,9.83395004272461,1.4477893114089966,0.9172924757003784
1710524834589290983,9.817185401916504,1.4418017864227295,0.9807605147361755
1710524834604114673,9.839938163757324,1.4382091760635376,0.9951305985450745
1710524834623153172,9.820777893066406,1.4082714319229126,1.003513216972351
1710524834631595832,9.837542533874512,1.397493839263916,0.9867480397224426
