bag_timestamp_ns,accel2_x,accel2_y,accel2_z
1710532716949199107,-8.6124906539917,-2.876418352127075,-3.7889208793640137
1710532716971555491,-8.623268127441406,-2.8967761993408203,-3.8080811500549316
1710532716984584486,-8.623268127441406,-2.8967761993408203,-3.8080811500549316
1710532717016063112,-8.616083145141602,-2.854863166809082,-3.8056859970092773
1710532717045351313,-8.616083145141602,-2.875221014022827,-3.8272411823272705
1710532717081091991,-8.625662803649902,-2.8692333698272705,-3.800895929336548
1710532717102327236,-8.625662803649902,-2.8979735374450684,-3.8068835735321045
1710532717125455707,-8.623268127441406,-2.8608508110046387,-3.802093505859375
1710532717142094176,-8.624464988708496,-2.8692333698272705,-3.7973034381866455
1710532717165199060,-8.618477821350098,-2.8692333698272705,-3.793710947036743
1710532717216039919,-8.618477821350098,-2.864443302154541,-3.7973034381866455
1710532717222172772,-8.6220703125,-2.884800910949707,-3.810476064682007
1710532717247415362,-8.614885330200195,-2.8871960639953613,-3.7973034381866455
1710532717276792985,-8.619675636291504,-2.864443302154541,-3.782933235168457
1710532717293278404,-8.628057479858398,-2.8883936405181885,-3.802093505859375
1710532717312509783,-8.626860618591309,-2.8392956256866455,-3.822451114654541
1710532717406937106,-8.620872497558594,-2.876418352127075,-3.8164637088775635
1710532717442633587,-8.618477821350098,-2.8584558963775635,-3.8092784881591797
1710532717457457684,-8.623268127441406,-2.862048387527466,-3.7865259647369385
1710532717486464552,-8.619675636291504,-2.8788135051727295,-3.7985010147094727
1710532717509718394,-8.638835906982422,-2.895578622817993,-3.812870979309082
1710532717524594350,-8.625662803649902,-2.871628522872925,-3.781735897064209
1710532717578946113,-8.625662803649902,-2.844085693359375,-3.820056200027466
1710532717591681463,-8.601712226867676,-2.8740234375,-3.770958185195923
1710532717606299387,-8.601712226867676,-2.8740234375,-3.770958185195923
1710532717612804411,-8.638835906982422,-2.865640878677368,-3.8068835735321045
1710532717619083090,-8.635242462158203,-2.8907885551452637,-3.7996985912323
1710532717646160106,-8.630453109741211,-2.883603572845459,-3.7949085235595703
1710532717677147501,-8.628057479858398,-2.884800910949707,-3.80448842048645
1710532717690278373,-8.617280006408691,-2.883603572845459,-3.7996985912323
1710532717732391751,-8.6220703125,-2.865640878677368,-3.800895929336548
1710532717749112030,-8.611292839050293,-2.9075536727905273,-3.800895929336548
1710532717788918376,-8.630453109741211,-2.9003686904907227,-3.7961058616638184
1710532717831213345,-8.611292839050293,-2.895578622817993,-3.7973034381866455
1710532717841686496,-8.618477821350098,-2.8572583198547363,-3.811673641204834
1710532717874842386,-8.624464988708496,-2.8812084197998047,-3.7877233028411865
1710532717936431301,-8.625662803649902,-2.8668384552001953,-3.791316032409668
1710532717944488278,-8.618477821350098,-2.852468252182007,-3.812870979309082
1710532717973937597,-8.619675636291504,-2.8704309463500977,-3.803291082382202
1710532717984408395,-8.625662803649902,-2.863245964050293,-3.7853283882141113
1710532718014004955,-8.625662803649902,-2.856060743331909,-3.7985010147094727
1710532718055972408,-8.618477821350098,-2.8991711139678955,-3.802093505859375
1710532718062221740,-8.6124906539917,-2.895578622817993,-3.7985010147094727
1710532718102316648,-8.616083145141602,-2.864443302154541,-3.7973034381866455
1710532718119232890,-8.619675636291504,-2.9003686904907227,-3.7996985912323
1710532718152850755,-8.619675636291504,-2.862048387527466,-3.802093505859375
1710532718165531947,-8.625662803649902,-2.895578622817993,-3.7985010147094727
1710532718193032986,-8.617280006408691,-2.8584558963775635,-3.820056200027466
1710532718207573260,-8.620872497558594,-2.8776159286499023,-3.7973034381866455
1710532718245325734,-8.617280006408691,-2.875221014022827,-3.7961058616638184
1710532718283018197,-8.6220703125,-2.863245964050293,-3.803291082382202
1710532718303984150,-8.616083145141602,-2.8991711139678955,-3.7973034381866455
1710532718329009649,-8.619675636291504,-2.883603572845459,-3.812870979309082
1710532718346140798,-8.625662803649902,-2.885998487472534,-3.7985010147094727
1710532718373622989,-8.619675636291504,-2.8668384552001953,-3.7973034381866455
1710532718426045194,-8.626860618591309,-2.862048387527466,-3.7949085235595703
1710532718436505505,-8.625662803649902,-2.876418352127075,-3.7996985912323
1710532718459649521,-8.629255294799805,-2.8584558963775635,-3.8056859970092773
1710532718486642463,-8.625662803649902,-2.8512706756591797,-3.802093505859375
1710532718507819364,-8.630453109741211,-2.8907885551452637,-3.800895929336548
1710532718598288427,-8.6124906539917,-2.8680357933044434,-3.781735897064209
1710532718619323796,-8.6220703125,-2.852468252182007,-3.803291082382202
1710532718636076203,-8.6316499710083,-2.883603572845459,-3.802093505859375
1710532718674337347,-8.620872497558594,-2.865640878677368,-3.7996985912323
1710532718696681345,-8.624464988708496,-2.884800910949707,-3.7889208793640137
1710532718724104616,-8.619675636291504,-2.8740234375,-3.802093505859375
1710532718755635175,-8.60770034790039,-2.8788135051727295,-3.7961058616638184
1710532718793422950,-8.617280006408691,-2.8740234375,-3.80448842048645
1710532718816488577,-8.625662803649902,-2.8584558963775635,-3.8188586235046387
1710532718839524400,-8.625662803649902,-2.8871960639953613,-3.7949085235595703
1710532718921436267,-8.635242462158203,-2.8668384552001953,-3.7889208793640137
1710532718944508619,-8.626860618591309,-2.8668384552001953,-3.7996985912323
1710532719024320255,-8.619675636291504,-2.876418352127075,-3.792513370513916
1710532719045310767,-8.623268127441406,-2.8812084197998047,-3.780538320541382
1710532719051748155,-8.623268127441406,-2.8812084197998047,-3.803291082382202
1710532719066529253,-8.619675636291504,-2.854863166809082,-3.800895929336548
1710532719085251873,-8.634045600891113,-2.8800110816955566,-3.803291082382202
1710532719115133866,-8.620872497558594,-2.871628522872925,-3.80448842048645
1710532719144399943,-8.620872497558594,-2.8608508110046387,-3.8080811500549316
1710532719150590962,-8.625662803649902,-2.8608508110046387,-3.8080811500549316
1710532719169592994,-8.619675636291504,-2.9075536727905273,-3.793710947036743
1710532719203216423,-8.618477821350098,-2.8476781845092773,-3.814068555831909
1710532719220187701,-8.594527244567871,-2.882405996322632,-3.790118455886841
1710532719257820724,-8.587342262268066,-2.8404932022094727,-3.7961058616638184
1710532719284817483,-8.608898162841797,-2.8596532344818115,-3.8248462677001953
1710532719360568055,-8.637638092041016,-2.8608508110046387,-3.8068835735321045
1710532719379454805,-8.623268127441406,-2.862048387527466,-3.802093505859375
1710532719423382772,-8.629255294799805,-2.8740234375,-3.820056200027466
1710532719459333087,-8.614885330200195,-2.8476781845092773,-3.7949085235595703
1710532719482709181,-8.617280006408691,-2.9003686904907227,-3.7865259647369385
1710532719492968041,-8.624464988708496,-2.864443302154541,-3.7996985912323
1710532719496893487,-8.6124906539917,-2.882405996322632,-3.8260436058044434
1710532719509688672,-8.630453109741211,-2.864443302154541,-3.8056859970092773
1710532719522235140,-8.617280006408691,-2.8500733375549316,-3.791316032409668
1710532719543230219,-8.629255294799805,-2.865640878677368,-3.7793407440185547
1710532719570501576,-8.6124906539917,-2.865640878677368,-3.7889208793640137
1710532719597981807,-8.614885330200195,-2.842888116836548,-3.8164637088775635
1710532719619581175,-8.620872497558594,-2.882405996322632,-3.792513370513916
1710532719639931889,-8.624464988708496,-2.883603572845459,-3.7996985912323
1710532719662999300,-8.624464988708496,-2.8871960639953613,-3.7985010147094727
1710532719677636959,-8.638835906982422,-2.8500733375549316,-3.790118455886841
1710532719705537925,-8.619675636291504,-2.895578622817993,-3.7985010147094727
1710532719768078578,-8.628057479858398,-2.8740234375,-3.7889208793640137
1710532719776575019,-8.618477821350098,-2.8572583198547363,-3.8092784881591797
1710532719799436087,-8.625662803649902,-2.8788135051727295,-3.7961058616638184
1710532719812027379,-8.620872497558594,-2.893183708190918,-3.7853283882141113
1710532719866439336,-8.629255294799805,-2.8800110816955566,-3.7996985912323
1710532719911098089,-8.617280006408691,-2.9003686904907227,-3.8080811500549316
1710532719932068164,-8.617280006408691,-2.9003686904907227,-3.8080811500549316
1710532719957066154,-8.637638092041016,-2.883603572845459,-3.803291082382202
1710532719992833490,-8.6220703125,-2.876418352127075,-3.7961058616638184
1710532720043840477,-8.608898162841797,-2.8776159286499023,-3.7996985912323
1710532720047510270,-8.616083145141602,-2.871628522872925,-3.7973034381866455
1710532720068549940,-8.634045600891113,-2.885998487472534,-3.8068835735321045
1710532720082811311,-8.610095024108887,-2.8488757610321045,-3.80448842048645
1710532720125224312,-8.6220703125,-2.84648060798645,-3.8056859970092773
1710532720127447598,-8.60770034790039,-2.891986131668091,-3.7985010147094727
1710532720219726731,-8.623268127441406,-2.891986131668091,-3.790118455886841
1710532720226206687,-8.619675636291504,-2.8871960639953613,-3.80448842048645
1710532720232416813,-8.640032768249512,-2.844085693359375,-3.803291082382202
1710532720301953759,-8.630453109741211,-2.8991711139678955,-3.762575626373291
1710532720329366610,-8.602910041809082,-2.8404932022094727,-3.7985010147094727
1710532720381759192,-8.617280006408691,-2.876418352127075,-3.793710947036743
1710532720404982134,-8.629255294799805,-2.854863166809082,-3.7553906440734863
1710532720433951741,-8.605304718017578,-2.8369007110595703,-3.782933235168457
1710532720436071768,-8.638835906982422,-2.902763605117798,-3.8080811500549316
1710532720459108412,-8.625662803649902,-2.913541316986084,-3.800895929336548
1710532720476034379,-8.629255294799805,-2.8380980491638184,-3.821253776550293
1710532720479855135,-8.626860618591309,-2.8572583198547363,-3.7985010147094727
1710532720486300610,-8.608898162841797,-2.932701349258423,-3.8667590618133545
1710532720543437255,-8.618477821350098,-2.844085693359375,-3.7985010147094727
1710532720553397174,-8.620872497558594,-2.8584558963775635,-3.7996985912323
1710532720570084461,-8.616083145141602,-2.8476781845092773,-3.8056859970092773
1710532720593115291,-8.629255294799805,-2.9171338081359863,-3.823648691177368
1710532720595450678,-8.637638092041016,-2.8488757610321045,-3.7853283882141113
1710532720627011842,-8.6316499710083,-2.8812084197998047,-3.7853283882141113
1710532720660921928,-8.6316499710083,-2.931504011154175,-3.7985010147094727
1710532720683760638,-8.64482307434082,-2.8692333698272705,-3.8176610469818115
1710532720696236739,-8.613687515258789,-2.8584558963775635,-3.793710947036743
1710532720710882171,-8.625662803649902,-2.876418352127075,-3.7996985912323
1710532720726053803,-8.6220703125,-2.842888116836548,-3.802093505859375
1710532720749251776,-8.632847785949707,-2.965034246444702,-3.7661681175231934
1710532720787336655,-8.613687515258789,-2.854863166809082,-3.7949085235595703
1710532720818650793,-8.595725059509277,-2.9195287227630615,-3.782933235168457
1710532720829186109,-8.617280006408691,-2.826122999191284,-3.834426164627075
1710532720856657526,-8.626860618591309,-2.9111461639404297,-3.8284387588500977
1710532720877391195,-8.601712226867676,-2.8871960639953613,-3.7793407440185547
1710532720898516754,-8.606502532958984,-2.8512706756591797,-3.7577855587005615
1710532720936288786,-8.626860618591309,-2.8285181522369385,-3.7949085235595703
1710532720957173290,-8.630453109741211,-2.845283269882202,-3.803291082382202
1710532721011919409,-8.619675636291504,-2.854863166809082,-3.7973034381866455
1710532721028680600,-8.6316499710083,-2.875221014022827,-3.814068555831909
1710532721039039835,-8.6220703125,-2.8680357933044434,-3.792513370513916
1710532721080881720,-8.619675636291504,-2.8967761993408203,-3.7865259647369385
1710532721095924870,-8.614885330200195,-2.852468252182007,-3.792513370513916
1710532721119000691,-8.619675636291504,-2.885998487472534,-3.784130811691284
1710532721163208894,-8.606502532958984,-2.8680357933044434,-3.802093505859375
1710532721224116391,-8.623268127441406,-2.891986131668091,-3.8080811500549316
1710532721238775933,-8.623268127441406,-2.935096502304077,-3.7853283882141113
1710532721272473305,-8.629255294799805,-2.9087512493133545,-3.7961058616638184
1710532721280643490,-8.6124906539917,-2.8404932022094727,-3.7973034381866455
1710532721309949741,-8.598119735717773,-2.8800110816955566,-3.7781434059143066
1710532721343919067,-8.623268127441406,-2.8285181522369385,-3.8068835735321045
1710532721348088519,-8.623268127441406,-2.8285181522369385,-3.8068835735321045
1710532721360914099,-8.602910041809082,-2.862048387527466,-3.8248462677001953
1710532721373436149,-8.628057479858398,-2.9111461639404297,-3.7661681175231934
1710532721396413129,-8.618477821350098,-2.81414794921875,-3.844006299972534
1710532721413179777,-8.617280006408691,-2.862048387527466,-3.7961058616638184
1710532721471401667,-8.626860618591309,-2.9003686904907227,-3.7996985912323
1710532721484489432,-8.605304718017578,-2.9063560962677,-3.7661681175231934
1710532721514412793,-8.637638092041016,-2.8776159286499023,-3.834426164627075
1710532721522722680,-8.623268127441406,-2.875221014022827,-3.784130811691284
1710532721530954728,-8.623268127441406,-2.875221014022827,-3.784130811691284
1710532721568832444,-8.642428398132324,-2.936293840408325,-3.829636335372925
1710532721583686713,-8.6124906539917,-2.905158758163452,-3.774550676345825
1710532721606508695,-8.623268127441406,-2.8512706756591797,-3.7589831352233887
1710532721627368266,-8.656798362731934,-2.8883936405181885,-3.7553906440734863
1710532721650568912,-8.624464988708496,-2.8740234375,-3.821253776550293
1710532721654833249,-8.6124906539917,-2.875221014022827,-3.85957407951355
1710532721673682561,-8.637638092041016,-2.842888116836548,-3.829636335372925
1710532721716017505,-8.619675636291504,-2.8285181522369385,-3.7685632705688477
1710532721722808194,-8.600515365600586,-2.8584558963775635,-3.8164637088775635
1710532721755924524,-8.629255294799805,-2.894381046295166,-3.810476064682007
1710532721768532380,-8.632847785949707,-2.871628522872925,-3.8547840118408203
1710532721793761491,-8.582552909851074,-2.9195287227630615,-3.802093505859375
1710532721799977034,-8.650810241699219,-2.9195287227630615,-3.781735897064209
1710532721898655324,-8.641230583190918,-2.9291088581085205,-3.821253776550293
1710532721907106086,-8.590934753417969,-2.875221014022827,-3.814068555831909
1710532721934725345,-8.662785530090332,-2.923121452331543,-3.784130811691284
1710532721951200869,-8.595725059509277,-2.84648060798645,-3.800895929336548
1710532721972352604,-8.623268127441406,-2.8392956256866455,-3.7853283882141113
1710532722056284543,-8.589737892150879,-2.852468252182007,-3.7553906440734863
1710532722074924208,-8.632847785949707,-2.9279112815856934,-3.7961058616638184
1710532722102383018,-8.649613380432129,-2.902763605117798,-3.8487963676452637
1710532722117087938,-8.628057479858398,-2.854863166809082,-3.77215576171875
1710532722146585619,-8.614885330200195,-2.8297154903411865,-3.7649707794189453
1710532722175696636,-8.628057479858398,-2.8680357933044434,-3.8092784881591797
1710532722217744893,-8.647217750549316,-2.8584558963775635,-3.7961058616638184
1710532722249380408,-8.610095024108887,-2.9183313846588135,-3.774550676345825
1710532722275812698,-8.617280006408691,-2.844085693359375,-3.8068835735321045
1710532722289037513,-8.635242462158203,-2.8991711139678955,-3.7889208793640137
1710532722307879987,-8.643625259399414,-2.9099488258361816,-3.8763391971588135
1710532722327001344,-8.618477821350098,-2.8895909786224365,-3.780538320541382
1710532722365025642,-8.624464988708496,-2.882405996322632,-3.7649707794189453
1710532722379441474,-8.60770034790039,-2.893183708190918,-3.7482056617736816
1710532722415269439,-8.64482307434082,-2.8309130668640137,-3.8667590618133545
1710532722474053443,-8.6220703125,-2.871628522872925,-3.790118455886841
1710532722482407619,-8.626860618591309,-2.8572583198547363,-3.7889208793640137
1710532722491120733,-8.606502532958984,-2.8883936405181885,-3.7553906440734863
1710532722529088717,-8.618477821350098,-2.844085693359375,-3.8260436058044434
1710532722581442392,-8.619675636291504,-2.8991711139678955,-3.733835458755493
1710532722604436552,-8.60770034790039,-2.876418352127075,-3.8272411823272705
1710532722615206267,-8.6124906539917,-2.875221014022827,-3.7673656940460205
1710532722638127447,-8.619675636291504,-2.84648060798645,-3.8368213176727295
1710532722657135510,-8.611292839050293,-2.8512706756591797,-3.8452038764953613
1710532722684169974,-8.598119735717773,-2.9087512493133545,-3.7553906440734863
1710532722701194468,-8.63644027709961,-2.905158758163452,-3.80448842048645
1710532722736765529,-8.629255294799805,-2.853665828704834,-3.802093505859375
1710532722738787838,-8.620872497558594,-2.8668384552001953,-3.774550676345825
1710532722782697060,-8.628057479858398,-2.895578622817993,-3.780538320541382
1710532722797608100,-8.620872497558594,-2.894381046295166,-3.7985010147094727
1710532722806087275,-8.628057479858398,-2.871628522872925,-3.784130811691284
1710532722843843584,-8.624464988708496,-2.891986131668091,-3.7996985912323
1710532722864988981,-8.587342262268066,-2.9087512493133545,-3.77215576171875
1710532722881615568,-8.653205871582031,-2.8177404403686523,-3.751798152923584
1710532722892278118,-8.624464988708496,-2.8907885551452637,-3.7973034381866455
1710532722900822033,-8.641230583190918,-2.876418352127075,-3.822451114654541
1710532722926361928,-8.608898162841797,-2.8895909786224365,-3.7973034381866455
1710532722963705992,-8.620872497558594,-2.885998487472534,-3.7553906440734863
1710532723008017883,-8.614885330200195,-2.8500733375549316,-3.829636335372925
1710532723037144928,-8.617280006408691,-2.8704309463500977,-3.8464014530181885
1710532723051941409,-8.626860618591309,-2.903961181640625,-3.841611385345459
1710532723077097101,-8.60770034790039,-2.912343740463257,-3.7961058616638184
1710532723106743654,-8.637638092041016,-2.894381046295166,-3.8464014530181885
1710532723138262131,-8.630453109741211,-2.8416907787323,-3.8068835735321045
1710532723142458978,-8.6124906539917,-2.8608508110046387,-3.830833673477173
1710532723171773409,-8.63644027709961,-2.8668384552001953,-3.754193067550659
1710532723194744143,-8.601712226867676,-2.856060743331909,-3.791316032409668
1710532723226423696,-8.605304718017578,-2.9207262992858887,-3.7254528999328613
1710532723247334746,-8.616083145141602,-2.871628522872925,-3.7949085235595703
1710532723253529718,-8.628057479858398,-2.8512706756591797,-3.8272411823272705
1710532723276449277,-8.59931755065918,-2.902763605117798,-3.7781434059143066
1710532723287474432,-8.638835906982422,-2.885998487472534,-3.8092784881591797
1710532723320876799,-8.623268127441406,-2.8895909786224365,-3.810476064682007
1710532723339546546,-8.632847785949707,-2.9075536727905273,-3.774550676345825
1710532723358585447,-8.624464988708496,-2.8668384552001953,-3.774550676345825
1710532723392983749,-8.595725059509277,-2.8967761993408203,-3.8152661323547363
1710532723427864579,-8.611292839050293,-2.8572583198547363,-3.802093505859375
1710532723442544141,-8.602910041809082,-2.8800110816955566,-3.8248462677001953
1710532723450860070,-8.626860618591309,-2.8704309463500977,-3.802093505859375
1710532723488513212,-8.642428398132324,-2.884800910949707,-3.7973034381866455
1710532723547487971,-8.638835906982422,-2.923121452331543,-3.811673641204834
1710532723568487054,-8.626860618591309,-2.8812084197998047,-3.790118455886841
1710532723585390888,-8.613687515258789,-2.9111461639404297,-3.762575626373291
1710532723652447775,-8.619675636291504,-2.8800110816955566,-3.80448842048645
1710532723662884814,-8.632847785949707,-2.8608508110046387,-3.7865259647369385
1710532723673571134,-8.616083145141602,-2.9099488258361816,-3.751798152923584
1710532723681593985,-8.634045600891113,-2.8273205757141113,-3.810476064682007
1710532723706860805,-8.632847785949707,-2.9279112815856934,-3.791316032409668
1710532723742851682,-8.641230583190918,-2.804567813873291,-3.774550676345825
1710532723765965492,-8.637638092041016,-2.863245964050293,-3.7589831352233887
1710532723768053058,-8.592132568359375,-2.9207262992858887,-3.782933235168457
1710532723786784742,-8.613687515258789,-2.862048387527466,-3.7961058616638184
1710532723803741041,-8.624464988708496,-2.875221014022827,-3.803291082382202
1710532723833266828,-8.624464988708496,-2.875221014022827,-3.803291082382202
1710532723839554481,-8.6124906539917,-2.84648060798645,-3.781735897064209
1710532723862430966,-8.630453109741211,-2.875221014022827,-3.781735897064209
1710532723879094216,-8.640032768249512,-2.863245964050293,-3.774550676345825
1710532723900377920,-8.616083145141602,-2.805765390396118,-3.8068835735321045
1710532723915241699,-8.623268127441406,-2.8907885551452637,-3.8356237411499023
1710532723961631649,-8.625662803649902,-2.8979735374450684,-3.763773202896118
1710532723967735415,-8.611292839050293,-2.8572583198547363,-3.790118455886841
1710532723982539460,-8.630453109741211,-2.9075536727905273,-3.7961058616638184
1710532724011726726,-8.624464988708496,-2.8704309463500977,-3.8080811500549316
1710532724034913826,-8.623268127441406,-2.884800910949707,-3.7649707794189453
1710532724072044122,-8.611292839050293,-2.884800910949707,-3.7877233028411865
1710532724078675374,-8.614885330200195,-2.8608508110046387,-3.802093505859375
1710532724138063142,-8.630453109741211,-2.826122999191284,-3.8188586235046387
1710532724152825237,-8.640032768249512,-2.8871960639953613,-3.7757482528686523
1710532724186589156,-8.6220703125,-2.835703134536743,-3.8380188941955566
1710532724215935276,-8.6220703125,-2.8788135051727295,-3.7985010147094727
1710532724234791477,-8.63644027709961,-2.8596532344818115,-3.8056859970092773
1710532724262007704,-8.60770034790039,-2.885998487472534,-3.7793407440185547
1710532724308418982,-8.620872497558594,-2.903961181640625,-3.8655614852905273
1710532724335664026,-8.63644027709961,-2.9171338081359863,-3.8080811500549316
1710532724403566107,-8.630453109741211,-2.8776159286499023,-3.802093505859375
1710532724426295522,-8.63644027709961,-2.9087512493133545,-3.8248462677001953
1710532724446813162,-8.625662803649902,-2.921923875808716,-3.811673641204834
1710532724476095273,-8.604107856750488,-2.8895909786224365,-3.7949085235595703
1710532724499051457,-8.616083145141602,-2.8788135051727295,-3.8056859970092773
1710532724501318448,-8.616083145141602,-2.9279112815856934,-3.7781434059143066
1710532724526516555,-8.601712226867676,-2.8979735374450684,-3.821253776550293
1710532724537021907,-8.6124906539917,-2.8488757610321045,-3.77215576171875
1710532724612984920,-8.614885330200195,-2.871628522872925,-3.870351552963257
1710532724642252849,-8.626860618591309,-2.921923875808716,-3.761378288269043
1710532724674781497,-8.6316499710083,-2.854863166809082,-3.8188586235046387
1710532724703143865,-8.595725059509277,-2.915936231613159,-3.752995491027832
1710532724713646949,-8.650810241699219,-2.8476781845092773,-3.7589831352233887
1710532724718092388,-8.606502532958984,-2.8788135051727295,-3.8068835735321045
1710532724735439218,-8.6124906539917,-2.8979735374450684,-3.7973034381866455
1710532724753675733,-8.630453109741211,-2.882405996322632,-3.7553906440734863
1710532724785257487,-8.618477821350098,-2.903961181640625,-3.8368213176727295
1710532724799861995,-8.619675636291504,-2.844085693359375,-3.780538320541382
1710532724808304639,-8.623268127441406,-2.876418352127075,-3.790118455886841
1710532724827200195,-8.6316499710083,-2.883603572845459,-3.792513370513916
1710532724898314810,-8.629255294799805,-2.8680357933044434,-3.781735897064209
1710532724938346689,-8.605304718017578,-2.912343740463257,-3.812870979309082
1710532724965812388,-8.625662803649902,-2.876418352127075,-3.7996985912323
1710532724989725191,-8.635242462158203,-2.8488757610321045,-3.763773202896118
1710532725008028141,-8.626860618591309,-2.872825860977173,-3.8080811500549316
1710532725028990820,-8.629255294799805,-2.871628522872925,-3.802093505859375
1710532725056018758,-8.618477821350098,-2.865640878677368,-3.7996985912323
1710532725076298262,-8.616083145141602,-2.9075536727905273,-3.780538320541382
1710532725093743450,-8.617280006408691,-2.913541316986084,-3.7949085235595703
1710532725116733129,-8.635242462158203,-2.8668384552001953,-3.782933235168457
1710532725129345598,-8.624464988708496,-2.905158758163452,-3.803291082382202
1710532725152554073,-8.602910041809082,-2.8369007110595703,-3.7949085235595703
1710532725182251962,-8.614885330200195,-2.8776159286499023,-3.8056859970092773
1710532725198636917,-8.595725059509277,-2.883603572845459,-3.731440544128418
1710532725207221391,-8.629255294799805,-2.8812084197998047,-3.750600576400757
1710532725228139831,-8.629255294799805,-2.8512706756591797,-3.852388858795166
1710532725289053608,-8.63644027709961,-2.932701349258423,-3.7793407440185547
1710532725310255995,-8.624464988708496,-2.8476781845092773,-3.760180711746216
1710532725333557388,-8.6220703125,-2.8776159286499023,-3.741020441055298
1710532725413331262,-8.608898162841797,-2.8512706756591797,-3.7649707794189453
1710532725476067773,-8.601712226867676,-2.8572583198547363,-3.7973034381866455
1710532725513953157,-8.6220703125,-2.884800910949707,-3.7685632705688477
1710532725522257524,-8.640032768249512,-2.9063560962677,-3.7961058616638184
1710532725581296866,-8.614885330200195,-2.865640878677368,-3.763773202896118
1710532725595868507,-8.643625259399414,-2.9171338081359863,-3.800895929336548
1710532725614699433,-8.624464988708496,-2.845283269882202,-3.8056859970092773
1710532725633580206,-8.647217750549316,-2.884800910949707,-3.811673641204834
1710532725648063785,-8.620872497558594,-2.894381046295166,-3.791316032409668
1710532725676558459,-8.617280006408691,-2.8680357933044434,-3.792513370513916
1710532725729916620,-8.589737892150879,-2.8309130668640137,-3.793710947036743
1710532725738575077,-8.619675636291504,-2.872825860977173,-3.792513370513916
1710532725752982540,-8.604107856750488,-2.9566516876220703,-3.7278478145599365
1710532725776309740,-8.634045600891113,-2.7997777462005615,-3.7769458293914795
1710532725810152970,-8.606502532958984,-2.8883936405181885,-3.803291082382202
1710532725833018194,-8.598119735717773,-2.844085693359375,-3.7877233028411865
1710532725858423380,-8.626860618591309,-2.8788135051727295,-3.841611385345459
1710532725862541181,-8.638835906982422,-2.875221014022827,-3.792513370513916
1710532725877035088,-8.595725059509277,-2.863245964050293,-3.7577855587005615
1710532725904564805,-8.637638092041016,-2.8895909786224365,-3.8356237411499023
1710532725923563767,-8.632847785949707,-2.885998487472534,-3.7781434059143066
1710532725963332754,-8.623268127441406,-2.905158758163452,-3.7889208793640137
1710532726028561988,-8.624464988708496,-2.8692333698272705,-3.7996985912323
1710532726045422208,-8.635242462158203,-2.893183708190918,-3.780538320541382
1710532726062141237,-8.613687515258789,-2.8895909786224365,-3.80448842048645
1710532726080741977,-8.646020889282227,-2.8572583198547363,-3.800895929336548
1710532726112353322,-8.629255294799805,-2.8895909786224365,-3.802093505859375
1710532726123522537,-8.623268127441406,-2.8991711139678955,-3.8176610469818115
1710532726125400333,-8.625662803649902,-2.832110643386841,-3.770958185195923
1710532726148480955,-8.620872497558594,-2.84648060798645,-3.7673656940460205
1710532726165265068,-8.611292839050293,-2.9087512493133545,-3.7781434059143066
1710532726177732645,-8.660390853881836,-2.9087512493133545,-3.7781434059143066
1710532726201101094,-8.593330383300781,-2.924318790435791,-3.7565882205963135
1710532726209186974,-8.628057479858398,-2.8392956256866455,-3.8068835735321045
1710532726232406323,-8.629255294799805,-2.8883936405181885,-3.7458105087280273
1710532726251358757,-8.628057479858398,-2.864443302154541,-3.820056200027466
1710532726272400304,-8.628057479858398,-2.864443302154541,-3.784130811691284
1710532726286857242,-8.637638092041016,-3.002156972885132,-3.7170703411102295
1710532726290890441,-8.598119735717773,-2.8512706756591797,-3.731440544128418
1710532726306071226,-8.600515365600586,-2.8177404403686523,-3.769760847091675
1710532726327057390,-8.608898162841797,-2.852468252182007,-3.841611385345459
1710532726343912265,-8.63644027709961,-2.90156626701355,-3.8068835735321045
1710532726375642453,-8.604107856750488,-2.893183708190918,-3.7793407440185547
1710532726390255502,-8.6220703125,-2.8572583198547363,-3.7865259647369385
1710532726396580172,-8.606502532958984,-2.8704309463500977,-3.7374279499053955
1710532726411279105,-8.628057479858398,-2.8788135051727295,-3.844006299972534
1710532726434358988,-8.618477821350098,-2.9003686904907227,-3.751798152923584
1710532726457432593,-8.619675636291504,-2.8512706756591797,-3.791316032409668
1710532726459518232,-8.635242462158203,-2.8177404403686523,-3.7996985912323
1710532726473772169,-8.623268127441406,-2.914738655090332,-3.7985010147094727
1710532726556289335,-8.629255294799805,-2.923121452331543,-3.752995491027832
1710532726592038970,-8.626860618591309,-2.882405996322632,-3.8284387588500977
1710532726638174145,-8.614885330200195,-2.8979735374450684,-3.7793407440185547
1710532726673391756,-8.6316499710083,-2.823728084564209,-3.7877233028411865
1710532726728398218,-8.616083145141602,-2.8596532344818115,-3.7673656940460205
1710532726738885368,-8.625662803649902,-2.9183313846588135,-3.791316032409668
1710532726774772492,-8.623268127441406,-2.8512706756591797,-3.790118455886841
1710532726795514967,-8.6220703125,-2.8572583198547363,-3.774550676345825
1710532726818896042,-8.628057479858398,-2.913541316986084,-3.752995491027832
1710532726837766962,-8.616083145141602,-2.9195287227630615,-3.782933235168457
1710532726898577129,-8.649613380432129,-2.90156626701355,-3.7446129322052
1710532726982686369,-8.623268127441406,-2.856060743331909,-3.754193067550659
1710532726999270969,-8.663983345031738,-2.894381046295166,-3.8272411823272705
1710532727043644460,-8.610095024108887,-2.891986131668091,-3.7793407440185547
1710532727056216354,-8.60770034790039,-2.854863166809082,-3.7865259647369385
1710532727114927353,-8.632847785949707,-2.8584558963775635,-3.7985010147094727
1710532727129902855,-8.629255294799805,-2.885998487472534,-3.8056859970092773
1710532727154937130,-8.611292839050293,-2.8704309463500977,-3.7853283882141113
1710532727161164006,-8.611292839050293,-2.8704309463500977,-3.7853283882141113
1710532727182166111,-8.625662803649902,-2.8788135051727295,-3.802093505859375
1710532727209384117,-8.628057479858398,-2.9111461639404297,-3.7865259647369385
1710532727217992664,-8.6220703125,-2.8584558963775635,-3.7877233028411865
1710532727247297314,-8.632847785949707,-2.856060743331909,-3.8152661323547363
1710532727260031367,-8.637638092041016,-2.8991711139678955,-3.770958185195923
1710532727289188862,-8.632847785949707,-2.9003686904907227,-3.7565882205963135
1710532727306479379,-8.632847785949707,-2.863245964050293,-3.7553906440734863
1710532727329384367,-8.634045600891113,-2.856060743331909,-3.810476064682007
1710532727371365997,-8.623268127441406,-2.891986131668091,-3.784130811691284
1710532727403019439,-8.620872497558594,-2.8740234375,-3.7781434059143066
1710532727432562510,-8.630453109741211,-2.8680357933044434,-3.810476064682007
1710532727447012656,-8.60770034790039,-2.852468252182007,-3.792513370513916
1710532727461815137,-8.629255294799805,-2.903961181640625,-3.77215576171875
1710532727475156474,-8.626860618591309,-2.852468252182007,-3.8056859970092773
1710532727493153981,-8.613687515258789,-2.902763605117798,-3.7661681175231934
1710532727507992880,-8.632847785949707,-2.865640878677368,-3.784130811691284
1710532727546050506,-8.616083145141602,-2.944676399230957,-3.811673641204834
1710532727622447768,-8.628057479858398,-2.8740234375,-3.8248462677001953
1710532727638499586,-8.619675636291504,-2.883603572845459,-3.781735897064209
1710532727673856127,-8.635242462158203,-2.826122999191284,-3.8056859970092773
1710532727688512707,-8.6316499710083,-2.8692333698272705,-3.811673641204834
1710532727703598632,-8.626860618591309,-2.8907885551452637,-3.761378288269043
1710532727732926291,-8.624464988708496,-2.8883936405181885,-3.790118455886841
1710532727762298256,-8.635242462158203,-2.8680357933044434,-3.8188586235046387
1710532727779025414,-8.629255294799805,-2.8584558963775635,-3.763773202896118
1710532727837988914,-8.641230583190918,-2.923121452331543,-3.7781434059143066
1710532727865358785,-8.616083145141602,-2.9087512493133545,-3.8056859970092773
1710532727890361576,-8.619675636291504,-2.835703134536743,-3.763773202896118
1710532727905136286,-8.623268127441406,-2.8608508110046387,-3.8068835735321045
1710532727936609143,-8.588540077209473,-2.8584558963775635,-3.780538320541382
1710532727951301763,-8.626860618591309,-2.9087512493133545,-3.7985010147094727
1710532727993285950,-8.629255294799805,-2.8069629669189453,-3.7685632705688477
1710532728033339822,-8.629255294799805,-2.891986131668091,-3.7889208793640137
1710532728039523463,-8.601712226867676,-2.895578622817993,-3.7446129322052
1710532728060587289,-8.641230583190918,-2.8680357933044434,-3.80448842048645
1710532728152891984,-8.634045600891113,-2.856060743331909,-3.7577855587005615
1710532728161209450,-8.610095024108887,-2.863245964050293,-3.790118455886841
1710532728205220506,-8.63644027709961,-2.894381046295166,-3.80448842048645
1710532728222056905,-8.602910041809082,-2.884800910949707,-3.780538320541382
1710532728251442584,-8.634045600891113,-2.833308219909668,-3.791316032409668
1710532728280617294,-8.625662803649902,-2.8812084197998047,-3.7973034381866455
1710532728293349837,-8.620872497558594,-2.8680357933044434,-3.7661681175231934
1710532728326982820,-8.634045600891113,-2.905158758163452,-3.7781434059143066
1710532728354460575,-8.626860618591309,-2.84648060798645,-3.7996985912323
1710532728430109199,-8.635242462158203,-2.9195287227630615,-3.823648691177368
1710532728438609042,-8.637638092041016,-2.8871960639953613,-3.7757482528686523
1710532728461472885,-8.6124906539917,-2.835703134536743,-3.790118455886841
1710532728490780215,-8.620872497558594,-2.8680357933044434,-3.6955151557922363
1710532728513880057,-8.628057479858398,-2.935096502304077,-3.7553906440734863
1710532728528768325,-8.619675636291504,-2.871628522872925,-3.7182679176330566
1710532728541495121,-8.646020889282227,-2.8392956256866455,-3.790118455886841
1710532728551943907,-8.629255294799805,-2.862048387527466,-3.800895929336548
1710532728566633621,-8.616083145141602,-2.8692333698272705,-3.773353338241577
1710532728625170355,-8.608898162841797,-2.816542863845825,-3.730242967605591
1710532728639899305,-8.629255294799805,-2.903961181640625,-3.821253776550293
1710532728675465159,-8.624464988708496,-2.9003686904907227,-3.853586435317993
1710532728686141951,-8.614885330200195,-2.8680357933044434,-3.7290453910827637
1710532728722063926,-8.642428398132324,-2.9075536727905273,-3.7949085235595703
1710532728738871253,-8.620872497558594,-2.844085693359375,-3.77215576171875
1710532728787103576,-8.619675636291504,-2.884800910949707,-3.7973034381866455
1710532728822870278,-8.630453109741211,-2.84648060798645,-3.8260436058044434
1710532728841639505,-8.619675636291504,-2.8800110816955566,-3.8068835735321045
1710532728872878588,-8.6220703125,-2.893183708190918,-3.741020441055298
1710532728896238721,-8.6316499710083,-2.835703134536743,-3.800895929336548
1710532728911322181,-8.618477821350098,-2.9111461639404297,-3.760180711746216
1710532728978586862,-8.598119735717773,-2.883603572845459,-3.7661681175231934
1710532728986979831,-8.630453109741211,-2.8404932022094727,-3.822451114654541
1710532728999494221,-8.640032768249512,-2.905158758163452,-3.8356237411499023
1710532729009917227,-8.624464988708496,-2.903961181640625,-3.7182679176330566
1710532729054175185,-8.642428398132324,-2.865640878677368,-3.822451114654541
1710532729090052625,-8.630453109741211,-2.8608508110046387,-3.8380188941955566
1710532729115138548,-8.6220703125,-2.9063560962677,-3.7769458293914795
1710532729138140105,-8.624464988708496,-2.883603572845459,-3.8092784881591797
1710532729189343247,-8.642428398132324,-2.93389892578125,-3.8679566383361816
1710532729201463011,-8.625662803649902,-2.815345525741577,-3.8356237411499023
1710532729210068599,-8.628057479858398,-2.876418352127075,-3.8164637088775635
1710532729256146464,-8.619675636291504,-2.832110643386841,-3.7577855587005615
1710532729279251273,-8.589737892150879,-2.883603572845459,-3.760180711746216
1710532729294077737,-8.640032768249512,-2.856060743331909,-3.8380188941955566
1710532729315044447,-8.630453109741211,-2.832110643386841,-3.8368213176727295
1710532729350838725,-8.630453109741211,-2.8812084197998047,-3.773353338241577
1710532729405520149,-8.630453109741211,-2.854863166809082,-3.7973034381866455
1710532729420345822,-8.620872497558594,-2.8895909786224365,-3.770958185195923
1710532729457907801,-8.620872497558594,-2.844085693359375,-3.792513370513916
1710532729495940240,-8.616083145141602,-2.8680357933044434,-3.7685632705688477
1710532729514752949,-8.625662803649902,-2.884800910949707,-3.8272411823272705
1710532729548316693,-8.629255294799805,-2.854863166809082,-3.80448842048645
1710532729577703867,-8.646020889282227,-2.9111461639404297,-3.733835458755493
1710532729600711165,-8.6220703125,-2.8273205757141113,-3.820056200027466
1710532729632390357,-8.619675636291504,-2.8979735374450684,-3.7769458293914795
1710532729638514631,-8.613687515258789,-2.865640878677368,-3.8272411823272705
1710532729642854789,-8.628057479858398,-2.8812084197998047,-3.821253776550293
1710532729659543791,-8.608898162841797,-2.9386889934539795,-3.769760847091675
1710532729676139361,-8.606502532958984,-2.8788135051727295,-3.7290453910827637
1710532729686886402,-8.624464988708496,-2.832110643386841,-3.8380188941955566
1710532729720439110,-8.611292839050293,-2.8596532344818115,-3.774550676345825
1710532729728861115,-8.608898162841797,-2.853665828704834,-3.7553906440734863
1710532729737444327,-8.653205871582031,-2.876418352127075,-3.853586435317993
1710532729747826060,-8.628057479858398,-2.9075536727905273,-3.780538320541382
1710532729766669043,-8.634045600891113,-2.8476781845092773,-3.7769458293914795
1710532729793997554,-8.6316499710083,-2.8704309463500977,-3.7996985912323
1710532729802520774,-8.617280006408691,-2.8895909786224365,-3.7482056617736816
1710532729838301464,-8.626860618591309,-2.852468252182007,-3.7781434059143066
1710532729855246340,-8.624464988708496,-2.8895909786224365,-3.7961058616638184
1710532729861315326,-8.6220703125,-2.893183708190918,-3.7985010147094727
1710532729898847706,-8.616083145141602,-2.894381046295166,-3.7781434059143066
1710532729981177787,-8.6220703125,-2.8704309463500977,-3.830833673477173
1710532729997920788,-8.624464988708496,-2.9171338081359863,-3.780538320541382
1710532730012772115,-8.6316499710083,-2.876418352127075,-3.7865259647369385
1710532730065079347,-8.625662803649902,-2.8740234375,-3.7961058616638184
1710532730090086028,-8.630453109741211,-2.893183708190918,-3.773353338241577
1710532730115541706,-8.6124906539917,-2.893183708190918,-3.7757482528686523
1710532730172193272,-8.624464988708496,-2.8800110816955566,-3.8152661323547363
1710532730201532864,-8.63644027709961,-2.8668384552001953,-3.820056200027466
1710532730216313736,-8.606502532958984,-2.853665828704834,-3.7062926292419434
1710532730243421283,-8.606502532958984,-2.853665828704834,-3.7062926292419434
1710532730251782776,-8.634045600891113,-2.805765390396118,-3.8763391971588135
1710532730290217958,-8.6220703125,-2.862048387527466,-3.762575626373291
1710532730310545148,-8.641230583190918,-2.9386889934539795,-3.793710947036743
1710532730316925469,-8.6220703125,-2.78181529045105,-3.7757482528686523
1710532730350618629,-8.643625259399414,-2.9590466022491455,-3.780538320541382
1710532730367343723,-8.638835906982422,-2.876418352127075,-3.762575626373291
1710532730388384012,-8.630453109741211,-2.912343740463257,-3.7877233028411865
1710532730409263798,-8.628057479858398,-2.8776159286499023,-3.812870979309082
1710532730426038635,-8.623268127441406,-2.8991711139678955,-3.792513370513916
1710532730461727507,-8.634045600891113,-2.856060743331909,-3.7949085235595703
1710532730463933228,-8.629255294799805,-2.8500733375549316,-3.793710947036743
1710532730484977593,-8.624464988708496,-2.90156626701355,-3.7949085235595703
1710532730522979929,-8.630453109741211,-2.872825860977173,-3.774550676345825
1710532730560901992,-8.6220703125,-2.8991711139678955,-3.762575626373291
1710532730634778040,-8.649613380432129,-2.8704309463500977,-3.750600576400757
1710532730665989271,-8.629255294799805,-2.9386889934539795,-3.7494029998779297
1710532730693460969,-8.630453109741211,-2.9614417552948,-3.814068555831909
1710532730697688673,-8.628057479858398,-2.884800910949707,-3.8452038764953613
1710532730708096212,-8.646020889282227,-2.894381046295166,-3.781735897064209
1710532730725004978,-8.632847785949707,-2.822530508041382,-3.752995491027832
1710532730739673313,-8.637638092041016,-2.9099488258361816,-3.80448842048645
1710532730756387080,-8.624464988708496,-2.7997777462005615,-3.7470080852508545
1710532730777295290,-8.632847785949707,-2.8979735374450684,-3.780538320541382
1710532730785705290,-8.626860618591309,-2.862048387527466,-3.800895929336548
1710532730821290968,-8.635242462158203,-2.8404932022094727,-3.8368213176727295
1710532730834158726,-8.635242462158203,-2.9063560962677,-3.823648691177368
1710532730911650873,-8.647217750549316,-2.9171338081359863,-3.7996985912323
1710532730934901819,-8.619675636291504,-2.884800910949707,-3.7769458293914795
1710532730967132601,-8.628057479858398,-2.854863166809082,-3.7949085235595703
1710532730991795684,-8.60770034790039,-2.805765390396118,-3.7973034381866455
1710532731016867585,-8.6220703125,-2.854863166809082,-3.802093505859375
1710532731037953648,-8.629255294799805,-2.895578622817993,-3.7673656940460205
1710532731050539669,-8.624464988708496,-2.8680357933044434,-3.7673656940460205
1710532731075321072,-8.629255294799805,-2.863245964050293,-3.7649707794189453
1710532731107375950,-8.629255294799805,-2.872825860977173,-3.781735897064209
1710532731134466817,-8.632847785949707,-2.805765390396118,-3.8164637088775635
1710532731226758400,-8.59931755065918,-2.8201355934143066,-3.6955151557922363
1710532731270215661,-8.634045600891113,-2.844085693359375,-3.8691539764404297
1710532731287477111,-8.630453109741211,-2.9195287227630615,-3.871549129486084
1710532731302513067,-8.595725059509277,-2.8488757610321045,-3.750600576400757
1710532731312979909,-8.620872497558594,-2.9099488258361816,-3.721860408782959
1710532731317251432,-8.625662803649902,-2.7997777462005615,-3.7973034381866455
1710532731329981919,-8.641230583190918,-2.715952157974243,-3.8368213176727295
1710532731378345290,-8.6316499710083,-2.9279112815856934,-3.7589831352233887
1710532731422350509,-8.626860618591309,-2.822530508041382,-3.7757482528686523
1710532731428844986,-8.624464988708496,-2.871628522872925,-3.774550676345825
1710532731445603237,-8.619675636291504,-2.8392956256866455,-3.790118455886841
1710532731460304640,-8.608898162841797,-2.853665828704834,-3.802093505859375
1710532731477097731,-8.63644027709961,-2.936293840408325,-3.7470080852508545
1710532731544502691,-8.628057479858398,-2.8177404403686523,-3.7769458293914795
1710532731559340165,-8.625662803649902,-2.8572583198547363,-3.8152661323547363
1710532731595018771,-8.618477821350098,-2.8692333698272705,-3.790118455886841
1710532731603277462,-8.630453109741211,-2.8871960639953613,-3.7793407440185547
1710532731611698314,-8.626860618591309,-2.8488757610321045,-3.7685632705688477
1710532731638879577,-8.6220703125,-2.832110643386841,-3.7673656940460205
1710532731641045942,-8.640032768249512,-2.935096502304077,-3.754193067550659
1710532731651479183,-8.641230583190918,-2.893183708190918,-3.7961058616638184
1710532731693886459,-8.630453109741211,-2.8776159286499023,-3.7889208793640137
1710532731700064461,-8.626860618591309,-2.9183313846588135,-3.793710947036743
1710532731731406291,-8.605304718017578,-2.735112190246582,-3.7122802734375
1710532731746305971,-8.643625259399414,-2.8177404403686523,-3.751798152923584
1710532731773546899,-8.617280006408691,-2.9470715522766113,-3.7853283882141113
1710532731807255443,-8.642428398132324,-2.963836669921875,-3.8092784881591797
1710532731834401181,-8.626860618591309,-2.8668384552001953,-3.7996985912323
1710532731884776128,-8.669970512390137,-2.753074884414673,-3.8859190940856934
1710532731893188784,-8.634045600891113,-2.9183313846588135,-3.872746467590332
1710532731909917183,-8.620872497558594,-2.832110643386841,-3.7577855587005615
1710532731933085427,-8.628057479858398,-2.9386889934539795,-3.7996985912323
1710532731964599613,-8.623268127441406,-2.8404932022094727,-3.8092784881591797
1710532732015037374,-8.628057479858398,-2.8871960639953613,-3.7589831352233887
1710532732046436895,-8.647217750549316,-2.876418352127075,-3.823648691177368
1710532732084713831,-8.626860618591309,-2.8740234375,-3.793710947036743
1710532732128520136,-8.630453109741211,-2.863245964050293,-3.7769458293914795
1710532732143042928,-8.630453109741211,-2.863245964050293,-3.7769458293914795
1710532732170528517,-8.626860618591309,-2.865640878677368,-3.762575626373291
1710532732178620840,-8.624464988708496,-2.883603572845459,-3.8080811500549316
1710532732189376880,-8.629255294799805,-2.895578622817993,-3.741020441055298
1710532732210235652,-8.640032768249512,-2.853665828704834,-3.80448842048645
1710532732218643953,-8.605304718017578,-2.853665828704834,-3.8260436058044434
1710532732275208139,-8.619675636291504,-2.81414794921875,-3.784130811691284
1710532732294023305,-8.630453109741211,-2.803370475769043,-3.723057746887207
1710532732317152622,-8.638835906982422,-2.9099488258361816,-3.840413808822632
1710532732336139549,-8.637638092041016,-2.8871960639953613,-3.8056859970092773
1710532732367677756,-8.596922874450684,-2.845283269882202,-3.7865259647369385
1710532732405557644,-8.64482307434082,-2.8416907787323,-3.781735897064209
1710532732428536222,-8.64482307434082,-2.8416907787323,-3.781735897064209
1710532732519228176,-8.619675636291504,-2.793790340423584,-3.7446129322052
1710532732546223766,-8.624464988708496,-2.8776159286499023,-3.7973034381866455
1710532732569387421,-8.6124906539917,-2.853665828704834,-3.7494029998779297
1710532732573798426,-8.629255294799805,-2.931504011154175,-3.77215576171875
1710532732578117465,-8.629255294799805,-2.84648060798645,-3.782933235168457
1710532732590707262,-8.616083145141602,-2.8668384552001953,-3.7961058616638184
1710532732613583937,-8.6316499710083,-2.9195287227630615,-3.7793407440185547
1710532732630437260,-8.623268127441406,-2.834505558013916,-3.8068835735321045
1710532732653569436,-8.637638092041016,-2.8979735374450684,-3.8176610469818115
1710532732673043927,-8.611292839050293,-2.853665828704834,-3.791316032409668
1710532732697346439,-8.630453109741211,-2.8572583198547363,-3.790118455886841
1710532732720785431,-8.635242462158203,-2.854863166809082,-3.7865259647369385
1710532732729176695,-8.628057479858398,-2.943479061126709,-3.780538320541382
1710532732750171517,-8.643625259399414,-2.8009753227233887,-3.7577855587005615
1710532732773346772,-8.587342262268066,-2.921923875808716,-3.761378288269043
1710532732800358404,-8.680747985839844,-2.8608508110046387,-3.7853283882141113
1710532732832107734,-8.59931755065918,-2.9063560962677,-3.7757482528686523
1710532732863379167,-8.625662803649902,-2.893183708190918,-3.761378288269043
1710532732877891743,-8.646020889282227,-2.8584558963775635,-3.833228826522827
1710532732890837273,-8.613687515258789,-2.853665828704834,-3.780538320541382
1710532732914006831,-8.595725059509277,-2.902763605117798,-3.7996985912323
1710532732937307408,-8.595725059509277,-2.883603572845459,-3.769760847091675
1710532732960325249,-8.628057479858398,-2.8788135051727295,-3.784130811691284
1710532732968778824,-8.628057479858398,-2.883603572845459,-3.7853283882141113
1710532732989549121,-8.60770034790039,-2.884800910949707,-3.7446129322052
1710532732995984286,-8.619675636291504,-2.8907885551452637,-3.7781434059143066
1710532733044252450,-8.630453109741211,-2.8668384552001953,-3.800895929336548
1710532733057024024,-8.626860618591309,-2.8800110816955566,-3.7781434059143066
1710532733075132714,-8.641230583190918,-2.8572583198547363,-3.7949085235595703
1710532733088385485,-8.624464988708496,-2.8967761993408203,-3.760180711746216
1710532733121971438,-8.64482307434082,-2.8668384552001953,-3.792513370513916
1710532733155895006,-8.620872497558594,-2.8907885551452637,-3.7961058616638184
1710532733183589590,-8.6124906539917,-2.826122999191284,-3.784130811691284
1710532733243993851,-8.63644027709961,-2.872825860977173,-3.774550676345825
1710532733272522192,-8.6316499710083,-2.8608508110046387,-3.7996985912323
1710532733283856934,-8.630453109741211,-2.9183313846588135,-3.791316032409668
1710532733315410258,-8.611292839050293,-2.8369007110595703,-3.761378288269043
1710532733338774229,-8.624464988708496,-2.7806177139282227,-3.770958185195923
1710532733387028824,-8.626860618591309,-2.8967761993408203,-3.7278478145599365
1710532733401731927,-8.617280006408691,-2.9195287227630615,-3.743415594100952
1710532733422692694,-8.638835906982422,-2.834505558013916,-3.8859190940856934
1710532733437462695,-8.629255294799805,-2.844085693359375,-3.73982310295105
1710532733462632429,-8.628057479858398,-2.815345525741577,-3.8152661323547363
1710532733506883883,-8.595725059509277,-2.932701349258423,-3.7553906440734863
1710532733521462019,-8.648415565490723,-2.882405996322632,-3.8068835735321045
1710532733527923925,-8.646020889282227,-2.882405996322632,-3.792513370513916
1710532733536182065,-8.629255294799805,-2.8416907787323,-3.7865259647369385
1710532733559404736,-8.626860618591309,-2.8788135051727295,-3.790118455886841
1710532733570029879,-8.629255294799805,-2.905158758163452,-3.773353338241577
1710532733582761107,-8.648415565490723,-2.9111461639404297,-3.8056859970092773
1710532733603502699,-8.6220703125,-2.8189380168914795,-3.7757482528686523
1710532733614126517,-8.626860618591309,-2.8907885551452637,-3.781735897064209
1710532733633072683,-8.63644027709961,-2.9075536727905273,-3.7889208793640137
1710532733658384908,-8.625662803649902,-2.883603572845459,-3.77215576171875
1710532733675038969,-8.626860618591309,-2.9195287227630615,-3.7661681175231934
1710532733689829586,-8.625662803649902,-2.8704309463500977,-3.803291082382202
1710532733719376065,-8.625662803649902,-2.876418352127075,-3.7673656940460205
1710532733738254935,-8.619675636291504,-2.865640878677368,-3.8188586235046387
1710532733755066182,-8.641230583190918,-2.903961181640625,-3.791316032409668
1710532733809777533,-8.628057479858398,-2.914738655090332,-3.769760847091675
1710532733875573447,-8.671168327331543,-2.865640878677368,-3.8188586235046387
1710532733891791712,-8.626860618591309,-2.9267139434814453,-3.7374279499053955
1710532733906589780,-8.6220703125,-2.8285181522369385,-3.7996985912323
1710532733914984954,-8.632847785949707,-2.8404932022094727,-3.77215576171875
1710532733927524909,-8.632847785949707,-2.882405996322632,-3.760180711746216
1710532733982419670,-8.65919303894043,-2.953059196472168,-3.8679566383361816
1710532734024503211,-8.632847785949707,-2.9063560962677,-3.792513370513916
1710532734047455758,-8.640032768249512,-2.8285181522369385,-3.8092784881591797
1710532734074026458,-8.626860618591309,-2.9183313846588135,-3.792513370513916
1710532734087376916,-8.654402732849121,-2.8883936405181885,-3.781735897064209
1710532734122834615,-8.634045600891113,-2.894381046295166,-3.784130811691284
1710532734145843479,-8.63644027709961,-2.8680357933044434,-3.7661681175231934
1710532734173285549,-8.64482307434082,-2.8979735374450684,-3.791316032409668
1710532734198431820,-8.632847785949707,-2.854863166809082,-3.7374279499053955
1710532734219629881,-8.641230583190918,-2.90156626701355,-3.782933235168457
1710532734242506971,-8.623268127441406,-2.872825860977173,-3.770958185195923
1710532734263341407,-8.623268127441406,-2.872825860977173,-3.770958185195923
1710532734303526619,-8.632847785949707,-2.891986131668091,-3.792513370513916
1710532734349630546,-8.629255294799805,-2.8979735374450684,-3.7996985912323
1710532734360165531,-8.602910041809082,-2.9111461639404297,-3.762575626373291
1710532734385390003,-8.6124906539917,-2.862048387527466,-3.7757482528686523
1710532734406541516,-8.63644027709961,-2.9195287227630615,-3.8164637088775635
1710532734421168607,-8.637638092041016,-2.8416907787323,-3.770958185195923
1710532734437935527,-8.628057479858398,-2.8572583198547363,-3.770958185195923
1710532734454763883,-8.626860618591309,-2.865640878677368,-3.814068555831909
1710532734479613779,-8.634045600891113,-2.893183708190918,-3.763773202896118
1710532734492379718,-8.632847785949707,-2.914738655090332,-3.791316032409668
1710532734513303753,-8.648415565490723,-2.826122999191284,-3.8248462677001953
1710532734551367369,-8.625662803649902,-2.852468252182007,-3.774550676345825
1710532734572318884,-8.624464988708496,-2.90156626701355,-3.720662832260132
1710532734587139756,-8.642428398132324,-2.833308219909668,-3.7961058616638184
1710532734603854029,-8.610095024108887,-2.9075536727905273,-3.7793407440185547
1710532734612196929,-8.6124906539917,-2.894381046295166,-3.773353338241577
1710532734633228505,-8.6316499710083,-2.8788135051727295,-3.792513370513916
1710532734654194437,-8.629255294799805,-2.9111461639404297,-3.782933235168457
1710532734715292393,-8.625662803649902,-2.8907885551452637,-3.7757482528686523
1710532734738411487,-8.64482307434082,-2.845283269882202,-3.793710947036743
1710532734767816006,-8.630453109741211,-2.8584558963775635,-3.7685632705688477
1710532734784720543,-8.629255294799805,-2.8680357933044434,-3.7685632705688477
1710532734814132154,-8.63644027709961,-2.8500733375549316,-3.7661681175231934
1710532734828850259,-8.634045600891113,-2.864443302154541,-3.7996985912323
1710532734883344461,-8.626860618591309,-2.8800110816955566,-3.770958185195923
1710532734889986960,-8.625662803649902,-2.862048387527466,-3.774550676345825
1710532734917203165,-8.6316499710083,-2.8967761993408203,-3.791316032409668
1710532735001278001,-8.616083145141602,-2.853665828704834,-3.732637882232666
1710532735014180673,-8.6124906539917,-2.864443302154541,-3.7589831352233887
1710532735022293225,-8.654402732849121,-2.905158758163452,-3.7985010147094727
1710532735035069537,-8.632847785949707,-2.8608508110046387,-3.8164637088775635
1710532735089165206,-8.619675636291504,-2.9386889934539795,-3.770958185195923
1710532735103771235,-8.637638092041016,-2.8812084197998047,-3.762575626373291
1710532735112538862,-8.60770034790039,-2.936293840408325,-3.7649707794189453
1710532735127291737,-8.605304718017578,-2.8776159286499023,-3.8056859970092773
1710532735156619385,-8.647217750549316,-2.8788135051727295,-3.791316032409668
1710532735196530726,-8.632847785949707,-2.8979735374450684,-3.782933235168457
1710532735244701673,-8.632847785949707,-2.8812084197998047,-3.782933235168457
1710532735257362306,-8.620872497558594,-2.876418352127075,-3.781735897064209
1710532735278149033,-8.6316499710083,-2.8596532344818115,-3.7685632705688477
1710532735301179055,-8.632847785949707,-2.924318790435791,-3.7661681175231934
1710532735360434407,-8.642428398132324,-2.8800110816955566,-3.7996985912323
1710532735375239820,-8.628057479858398,-2.882405996322632,-3.7889208793640137
1710532735398229789,-8.634045600891113,-2.893183708190918,-3.8176610469818115
1710532735406471896,-8.640032768249512,-2.8776159286499023,-3.791316032409668
1710532735423355414,-8.614885330200195,-2.875221014022827,-3.7649707794189453
1710532735440095518,-8.637638092041016,-2.852468252182007,-3.7949085235595703
1710532735448504830,-8.619675636291504,-2.8584558963775635,-3.7889208793640137
1710532735472015213,-8.65919303894043,-2.765049934387207,-3.769760847091675
1710532735486333988,-8.632847785949707,-2.936293840408325,-3.790118455886841
1710532735515705778,-8.626860618591309,-2.802172899246216,-3.7853283882141113
1710532735555770438,-8.634045600891113,-2.9075536727905273,-3.773353338241577
1710532735585063340,-8.629255294799805,-2.863245964050293,-3.792513370513916
1710532735616656690,-8.625662803649902,-2.8967761993408203,-3.7589831352233887
1710532735625083325,-8.666378021240234,-2.8776159286499023,-3.773353338241577
1710532735635490731,-8.666378021240234,-2.8776159286499023,-3.800895929336548
1710532735648125091,-8.598119735717773,-2.9303064346313477,-3.800895929336548
1710532735672336767,-8.601712226867676,-2.8596532344818115,-3.7470080852508545
1710532735689969385,-8.628057479858398,-2.876418352127075,-3.7793407440185547
1710532735696174653,-8.628057479858398,-2.876418352127075,-3.7793407440185547
1710532735736327683,-8.616083145141602,-2.84648060798645,-3.7769458293914795
1710532735742807869,-8.654402732849121,-2.8979735374450684,-3.7374279499053955
1710532735757442845,-8.643625259399414,-2.871628522872925,-3.780538320541382
1710532735774321918,-8.642428398132324,-2.9003686904907227,-3.7865259647369385
1710532735788929478,-8.626860618591309,-2.882405996322632,-3.800895929336548
1710532735797229679,-8.637638092041016,-2.834505558013916,-3.802093505859375
1710532735826933531,-8.608898162841797,-2.8177404403686523,-3.7553906440734863
1710532735841392283,-8.64482307434082,-2.883603572845459,-3.7649707794189453
1710532735862396289,-8.629255294799805,-2.8668384552001953,-3.8068835735321045
1710532735885469564,-8.608898162841797,-2.876418352127075,-3.762575626373291
1710532735914971637,-8.630453109741211,-2.8369007110595703,-3.782933235168457
1710532735950703065,-8.623268127441406,-2.9003686904907227,-3.8080811500549316
1710532735952845612,-8.632847785949707,-2.8740234375,-3.754193067550659
1710532735975875305,-8.626860618591309,-2.8800110816955566,-3.790118455886841
1710532735999098836,-8.6220703125,-2.93389892578125,-3.7661681175231934
1710532736013760718,-8.630453109741211,-2.842888116836548,-3.760180711746216
1710532736101712161,-8.643625259399414,-2.871628522872925,-3.7577855587005615
1710532736125081963,-8.654402732849121,-2.8369007110595703,-3.732637882232666
1710532736169359721,-8.598119735717773,-2.854863166809082,-3.8068835735321045
1710532736200801161,-8.605304718017578,-2.8991711139678955,-3.7194652557373047
1710532736230078562,-8.620872497558594,-2.856060743331909,-3.793710947036743
1710532736253239083,-8.628057479858398,-2.884800910949707,-3.7889208793640137
1710532736290839151,-8.632847785949707,-2.9099488258361816,-3.803291082382202
1710532736362315558,-8.630453109741211,-2.8608508110046387,-3.7757482528686523
1710532736381379127,-8.637638092041016,-2.9111461639404297,-3.7673656940460205
1710532736410865197,-8.617280006408691,-2.891986131668091,-3.7649707794189453
1710532736419267631,-8.610095024108887,-2.8608508110046387,-3.7877233028411865
1710532736442186827,-8.629255294799805,-2.8800110816955566,-3.7769458293914795
1710532736490092690,-8.63644027709961,-2.895578622817993,-3.73982310295105
1710532736531313587,-8.624464988708496,-2.8907885551452637,-3.780538320541382
1710532736545051513,-8.6316499710083,-2.844085693359375,-3.7877233028411865
1710532736559715897,-8.637638092041016,-2.895578622817993,-3.7685632705688477
1710532736562182530,-8.618477821350098,-2.9398865699768066,-3.782933235168457
1710532736591053388,-8.648415565490723,-2.912343740463257,-3.8284387588500977
1710532736609856001,-8.608898162841797,-2.876418352127075,-3.774550676345825
1710532736637181020,-8.637638092041016,-2.8800110816955566,-3.773353338241577
1710532736733563315,-8.611292839050293,-2.8596532344818115,-3.7553906440734863
1710532736763056176,-8.648415565490723,-2.8680357933044434,-3.7757482528686523
1710532736777798333,-8.629255294799805,-2.871628522872925,-3.790118455886841
1710532736799062309,-8.625662803649902,-2.914738655090332,-3.7661681175231934
1710532736838983369,-8.637638092041016,-2.8584558963775635,-3.7865259647369385
1710532736847429212,-8.630453109741211,-2.8883936405181885,-3.762575626373291
1710532736862004666,-8.626860618591309,-2.8812084197998047,-3.760180711746216
1710532736880939391,-8.632847785949707,-2.833308219909668,-3.784130811691284
1710532736901988310,-8.618477821350098,-2.9183313846588135,-3.7661681175231934
1710532736920877520,-8.619675636291504,-2.875221014022827,-3.7482056617736816
1710532736944094221,-8.6316499710083,-2.915936231613159,-3.7985010147094727
1710532737002821418,-8.632847785949707,-2.915936231613159,-3.7553906440734863
1710532737034428818,-8.617280006408691,-2.882405996322632,-3.7985010147094727
1710532737049086564,-8.624464988708496,-2.8776159286499023,-3.7470080852508545
1710532737063723931,-8.6316499710083,-2.8788135051727295,-3.760180711746216
1710532737099757031,-8.620872497558594,-2.856060743331909,-3.784130811691284
1710532737101446344,-8.632847785949707,-2.8584558963775635,-3.7769458293914795
1710532737133018223,-8.653205871582031,-2.912343740463257,-3.7793407440185547
1710532737145537230,-8.590934753417969,-2.875221014022827,-3.793710947036743
1710532737162466508,-8.598119735717773,-2.8812084197998047,-3.790118455886841
1710532737179154932,-8.620872497558594,-2.844085693359375,-3.761378288269043
1710532737212724754,-8.625662803649902,-2.882405996322632,-3.73982310295105
1710532737223160243,-8.629255294799805,-2.895578622817993,-3.8056859970092773
1710532737242175764,-8.640032768249512,-2.8883936405181885,-3.8248462677001953
1710532737273454509,-8.653205871582031,-2.8309130668640137,-3.780538320541382
1710532737322102134,-8.63644027709961,-2.854863166809082,-3.7673656940460205
1710532737347293920,-8.628057479858398,-2.8788135051727295,-3.7661681175231934
1710532737381056306,-8.624464988708496,-2.875221014022827,-3.774550676345825
1710532737383115756,-8.632847785949707,-2.8572583198547363,-3.7961058616638184
1710532737397806027,-8.634045600891113,-2.882405996322632,-3.754193067550659
1710532737412410810,-8.628057479858398,-2.835703134536743,-3.7996985912323
1710532737437599196,-8.623268127441406,-2.864443302154541,-3.742218017578125
1710532737460919626,-8.623268127441406,-2.864443302154541,-3.742218017578125
1710532737467013630,-8.628057479858398,-2.853665828704834,-3.7973034381866455
1710532737487800572,-8.629255294799805,-2.8788135051727295,-3.7757482528686523
1710532737506863365,-8.6316499710083,-2.882405996322632,-3.760180711746216
1710532737532277852,-8.641230583190918,-2.8895909786224365,-3.73982310295105
1710532737565903727,-8.625662803649902,-2.8776159286499023,-3.7961058616638184
1710532737588802064,-8.628057479858398,-2.862048387527466,-3.8056859970092773
1710532737641197218,-8.630453109741211,-2.913541316986084,-3.7649707794189453
1710532737664230675,-8.616083145141602,-2.8871960639953613,-3.7386255264282227
1710532737678923843,-8.625662803649902,-2.856060743331909,-3.821253776550293
1710532737687410587,-8.657995223999023,-2.914738655090332,-3.8164637088775635
1710532737695944790,-8.616083145141602,-2.883603572845459,-3.760180711746216
1710532737714799638,-8.625662803649902,-2.8392956256866455,-3.773353338241577
1710532737750403012,-8.626860618591309,-2.883603572845459,-3.7781434059143066
1710532737770283645,-8.642428398132324,-2.8991711139678955,-3.8248462677001953
1710532737790468980,-8.625662803649902,-2.8788135051727295,-3.811673641204834
1710532737813598565,-8.624464988708496,-2.885998487472534,-3.770958185195923
1710532737835070269,-8.626860618591309,-2.9087512493133545,-3.773353338241577
1710532737836939775,-8.6124906539917,-2.913541316986084,-3.720662832260132
1710532737859834821,-8.637638092041016,-2.8596532344818115,-3.823648691177368
1710532737880928395,-8.6316499710083,-2.8704309463500977,-3.7494029998779297
1710532737904161612,-8.635242462158203,-2.8800110816955566,-3.790118455886841
1710532737925051122,-8.648415565490723,-2.924318790435791,-3.8056859970092773
1710532737935285197,-8.629255294799805,-2.863245964050293,-3.7781434059143066
1710532737939750278,-8.623268127441406,-2.871628522872925,-3.7853283882141113
1710532737954376667,-8.632847785949707,-2.871628522872925,-3.774550676345825
1710532737971149663,-8.632847785949707,-2.8500733375549316,-3.8056859970092773
1710532738008870717,-8.625662803649902,-2.823728084564209,-3.763773202896118
1710532738076315681,-8.638835906982422,-2.8776159286499023,-3.7649707794189453
1710532738088444188,-8.648415565490723,-2.8572583198547363,-3.77215576171875
1710532738120163330,-8.632847785949707,-2.8704309463500977,-3.784130811691284
1710532738136797020,-8.637638092041016,-2.8608508110046387,-3.77215576171875
1710532738149263717,-8.628057479858398,-2.875221014022827,-3.7362303733825684
1710532738164140678,-8.632847785949707,-2.871628522872925,-3.773353338241577
1710532738189176282,-8.640032768249512,-2.863245964050293,-3.7673656940460205
1710532738193585514,-8.628057479858398,-2.925516366958618,-3.760180711746216
1710532738233336279,-8.625662803649902,-2.8776159286499023,-3.7254528999328613
1710532738264691323,-8.602910041809082,-2.891986131668091,-3.80448842048645
1710532738300311506,-8.630453109741211,-2.9075536727905273,-3.751798152923584
1710532738353352854,-8.629255294799805,-2.945873975753784,-3.7086877822875977
1710532738389282044,-8.619675636291504,-2.8871960639953613,-3.7170703411102295
1710532738412407615,-8.616083145141602,-2.8776159286499023,-3.724255323410034
1710532738427090429,-8.596922874450684,-2.8093578815460205,-3.814068555831909
1710532738431204886,-8.68194580078125,-2.9590466022491455,-3.810476064682007
1710532738481124656,-8.624464988708496,-2.9482691287994385,-3.7853283882141113
1710532738500273010,-8.632847785949707,-2.8572583198547363,-3.8056859970092773
1710532738508896232,-8.625662803649902,-2.8871960639953613,-3.781735897064209
1710532738546680787,-8.637638092041016,-2.9111461639404297,-3.781735897064209
1710532738571804035,-8.643625259399414,-2.9171338081359863,-3.7685632705688477
1710532738599001533,-8.625662803649902,-2.8812084197998047,-3.770958185195923
1710532738613905668,-8.6220703125,-2.8380980491638184,-3.769760847091675
1710532738659916061,-8.632847785949707,-2.9291088581085205,-3.760180711746216
1710532738672813986,-8.640032768249512,-2.9195287227630615,-3.784130811691284
1710532738683029999,-8.646020889282227,-2.811753034591675,-3.774550676345825
1710532738704192331,-8.620872497558594,-2.894381046295166,-3.7793407440185547
1710532738714690844,-8.6316499710083,-2.883603572845459,-3.7386255264282227
1710532738742111699,-8.626860618591309,-2.9183313846588135,-3.7278478145599365
1710532738752391131,-8.614885330200195,-2.8800110816955566,-3.780538320541382
1710532738773516516,-8.665180206298828,-2.8800110816955566,-3.780538320541382
1710532738794712797,-8.614885330200195,-2.9207262992858887,-3.820056200027466
1710532738811394979,-8.634045600891113,-2.8596532344818115,-3.7589831352233887
1710532738832497544,-8.634045600891113,-2.9291088581085205,-3.741020441055298
1710532738840820459,-8.614885330200195,-2.8692333698272705,-3.810476064682007
1710532738855492400,-8.614885330200195,-2.8692333698272705,-3.810476064682007
1710532738880601803,-8.616083145141602,-2.9087512493133545,-3.751798152923584
1710532738914637691,-8.602910041809082,-2.8979735374450684,-3.8164637088775635
1710532738960830804,-8.662785530090332,-2.902763605117798,-3.7673656940460205
1710532738969158379,-8.64482307434082,-2.8979735374450684,-3.780538320541382
1710532738983810350,-8.593330383300781,-2.8680357933044434,-3.7996985912323
1710532739006819172,-8.643625259399414,-2.9207262992858887,-3.73982310295105
1710532739059307322,-8.630453109741211,-2.7890002727508545,-3.8080811500549316
1710532739082374297,-8.623268127441406,-2.833308219909668,-3.7793407440185547
1710532739093311793,-8.614885330200195,-2.8273205757141113,-3.7673656940460205
1710532739118582401,-8.635242462158203,-2.935096502304077,-3.7565882205963135
1710532739183668504,-8.626860618591309,-2.8740234375,-3.774550676345825
1710532739213055665,-8.632847785949707,-2.853665828704834,-3.7793407440185547
1710532739221572868,-8.624464988708496,-2.835703134536743,-3.7961058616638184
1710532739244626243,-8.620872497558594,-2.8979735374450684,-3.762575626373291
1710532739265383668,-8.642428398132324,-2.9075536727905273,-3.800895929336548
1710532739313530140,-8.648415565490723,-2.9279112815856934,-3.733835458755493
1710532739366685596,-8.647217750549316,-2.93389892578125,-3.7793407440185547
1710532739381026758,-8.602910041809082,-2.913541316986084,-3.790118455886841
1710532739416853937,-8.647217750549316,-2.8177404403686523,-3.7170703411102295
1710532739439969020,-8.634045600891113,-2.8967761993408203,-3.769760847091675
1710532739463000440,-8.6220703125,-2.8776159286499023,-3.802093505859375
1710532739479802029,-8.642428398132324,-2.891986131668091,-3.713477849960327
1710532739509514975,-8.619675636291504,-2.845283269882202,-3.7122802734375
1710532739517777842,-8.641230583190918,-2.8404932022094727,-3.7266504764556885
1710532739542963911,-8.626860618591309,-2.884800910949707,-3.724255323410034
1710532739585130829,-8.617280006408691,-2.9279112815856934,-3.761378288269043
1710532739599935471,-8.605304718017578,-2.5015978813171387,-3.9649548530578613
1710532739624975538,-8.59931755065918,-2.703977108001709,-3.5973193645477295
1710532739721313010,-8.643625259399414,-3.1075377464294434,-3.853586435317993
1710532739744513093,-8.680747985839844,-2.824925422668457,-3.6667749881744385
1710532739776080122,-8.588540077209473,-2.8380980491638184,-3.8260436058044434
1710532739807522215,-8.632847785949707,-3.1183154582977295,-3.9146595001220703
1710532739900023459,-8.754993438720703,-3.003354549407959,-3.791316032409668
1710532739929554187,-8.698711395263672,-3.042872428894043,-3.792513370513916
1710532739933949542,-8.668773651123047,-2.735112190246582,-3.6667749881744385
1710532739948667980,-8.560997009277344,-2.932701349258423,-3.872746467590332
1710532739965393146,-8.593330383300781,-2.735112190246582,-3.7661681175231934
1710532739980083417,-8.63644027709961,-2.9506640434265137,-3.7577855587005615
1710532739996845331,-8.596922874450684,-2.9578490257263184,-3.7254528999328613
1710532740003200209,-8.65919303894043,-2.875221014022827,-3.672762393951416
1710532740076448261,-8.614885330200195,-2.815345525741577,-3.822451114654541
1710532740085001681,-8.528664588928223,-2.9973669052124023,-3.770958185195923
1710532740106072673,-8.57656478881836,-2.902763605117798,-3.8368213176727295
1710532740116734260,-8.660390853881836,-2.7973828315734863,-3.840413808822632
1710532740123031817,-8.642428398132324,-2.803370475769043,-3.8164637088775635
1710532740135509255,-8.641230583190918,-2.9602441787719727,-3.9062769412994385
1710532740139638000,-8.629255294799805,-2.732717275619507,-3.7793407440185547
1710532740167424959,-8.677155494689941,-2.8416907787323,-3.752995491027832
1710532740184014476,-8.629255294799805,-2.8812084197998047,-3.773353338241577
1710532740261464785,-8.619675636291504,-2.8488757610321045,-3.7961058616638184
1710532740295226044,-8.617280006408691,-2.8596532344818115,-3.7865259647369385
1710532740385430450,-8.640032768249512,-2.9494664669036865,-3.694317579269409
1710532740423465810,-8.643625259399414,-2.862048387527466,-3.823648691177368
1710532740431992523,-8.650810241699219,-2.8967761993408203,-3.7122802734375
1710532740463258640,-8.662785530090332,-2.8776159286499023,-3.9062769412994385
1710532740467252122,-8.581355094909668,-2.8608508110046387,-3.823648691177368
1710532740473411525,-8.6124906539917,-2.915936231613159,-3.7470080852508545
1710532740490560251,-8.656798362731934,-2.902763605117798,-3.6691699028015137
1710532740511865641,-8.657995223999023,-2.7973828315734863,-3.8056859970092773
1710532740572801786,-8.619675636291504,-2.865640878677368,-3.6955151557922363
1710532740587433099,-8.616083145141602,-2.875221014022827,-3.7769458293914795
1710532740633449865,-8.613687515258789,-2.8979735374450684,-3.829636335372925
1710532740648159417,-8.673563003540039,-2.955454111099243,-3.8380188941955566
1710532740686092723,-8.640032768249512,-2.8871960639953613,-3.7673656940460205
1710532740715655398,-8.624464988708496,-2.8584558963775635,-3.7793407440185547
1710532740738623584,-8.624464988708496,-2.8680357933044434,-3.811673641204834
1710532740753269393,-8.677155494689941,-2.856060743331909,-3.7182679176330566
1710532740761623476,-8.611292839050293,-2.9087512493133545,-3.7877233028411865
1710532740784828627,-8.595725059509277,-2.895578622817993,-3.7661681175231934
1710532740805790553,-8.648415565490723,-2.7985804080963135,-3.8152661323547363
1710532740828949795,-8.6316499710083,-2.9003686904907227,-3.77215576171875
1710532740843619299,-8.635242462158203,-2.885998487472534,-3.834426164627075
1710532740864518315,-8.63644027709961,-2.824925422668457,-3.782933235168457
1710532740881043611,-8.614885330200195,-2.823728084564209,-3.732637882232666
1710532740910590143,-8.632847785949707,-2.923121452331543,-3.760180711746216
1710532740940179856,-8.66757583618164,-2.9566516876220703,-3.7685632705688477
1710532740957152209,-8.69152545928955,-2.8584558963775635,-3.8188586235046387
1710532740967517208,-8.635242462158203,-2.8584558963775635,-3.790118455886841
1710532740982291459,-8.635242462158203,-2.8584558963775635,-3.790118455886841
1710532740986594722,-8.626860618591309,-2.8668384552001953,-3.760180711746216
1710532740999111570,-8.629255294799805,-2.9207262992858887,-3.762575626373291
1710532741036918567,-8.640032768249512,-2.8668384552001953,-3.8272411823272705
1710532741039034532,-8.625662803649902,-2.8812084197998047,-3.814068555831909
1710532741060210377,-8.660390853881836,-2.9303064346313477,-3.790118455886841
1710532741127225500,-8.623268127441406,-2.894381046295166,-3.731440544128418
1710532741150650598,-8.629255294799805,-2.944676399230957,-3.782933235168457
1710532741186221710,-8.623268127441406,-2.882405996322632,-3.792513370513916
1710532741226430847,-8.63644027709961,-2.90156626701355,-3.7685632705688477
1710532741233343397,-8.6220703125,-2.912343740463257,-3.802093505859375
1710532741270561079,-8.630453109741211,-2.863245964050293,-3.760180711746216
1710532741276051097,-8.632847785949707,-2.8740234375,-3.7470080852508545
1710532741316695313,-8.665180206298828,-2.912343740463257,-3.7985010147094727
1710532741331587819,-8.630453109741211,-2.8871960639953613,-3.752995491027832
1710532741361139991,-8.660390853881836,-2.8979735374450684,-3.770958185195923
1710532741375744560,-8.623268127441406,-2.891986131668091,-3.762575626373291
1710532741405109953,-8.6316499710083,-2.883603572845459,-3.7482056617736816
1710532741434522796,-8.632847785949707,-2.8776159286499023,-3.7350330352783203
1710532741455501524,-8.588540077209473,-2.862048387527466,-3.8284387588500977
1710532741478371323,-8.637638092041016,-2.856060743331909,-3.730242967605591
1710532741484597195,-8.629255294799805,-2.8213329315185547,-3.7781434059143066
1710532741526596956,-8.649613380432129,-2.8991711139678955,-3.761378288269043
1710532741541197264,-8.602910041809082,-2.784210205078125,-3.7362303733825684
1710532741589585654,-8.643625259399414,-2.8788135051727295,-3.7685632705688477
1710532741608499600,-8.624464988708496,-2.90156626701355,-3.7853283882141113
1710532741621125980,-8.624464988708496,-2.90156626701355,-3.7853283882141113
1710532741650572003,-8.628057479858398,-2.893183708190918,-3.7757482528686523
1710532741669382345,-8.625662803649902,-2.882405996322632,-3.7074902057647705
1710532741742934102,-8.628057479858398,-2.914738655090332,-3.762575626373291
1710532741781047297,-8.638835906982422,-2.8596532344818115,-3.792513370513916
1710532741785249355,-8.620872497558594,-2.8584558963775635,-3.761378288269043
1710532741829145478,-8.620872497558594,-2.8273205757141113,-3.7685632705688477
1710532741841821282,-8.628057479858398,-2.9578490257263184,-3.8248462677001953
1710532741862836636,-8.642428398132324,-2.8788135051727295,-3.7889208793640137
1710532741877721276,-8.625662803649902,-2.8392956256866455,-3.7996985912323
1710532741906926333,-8.6316499710083,-2.8404932022094727,-3.7661681175231934
1710532741923891661,-8.640032768249512,-2.8871960639953613,-3.7673656940460205
1710532741976237034,-8.6316499710083,-2.9183313846588135,-3.7661681175231934
1710532741982526236,-8.630453109741211,-2.884800910949707,-3.750600576400757
1710532741997041021,-8.63644027709961,-2.852468252182007,-3.7769458293914795
1710532742014015548,-8.629255294799805,-2.863245964050293,-3.721860408782959
1710532742020272045,-8.625662803649902,-2.84648060798645,-3.7865259647369385
1710532742026650380,-8.64482307434082,-2.8488757610321045,-3.7553906440734863
1710532742028855913,-8.624464988708496,-2.8608508110046387,-3.791316032409668
1710532742049693647,-8.619675636291504,-2.905158758163452,-3.7661681175231934
1710532742066401230,-8.662785530090332,-2.883603572845459,-3.741020441055298
1710532742110635525,-8.625662803649902,-2.876418352127075,-3.774550676345825
1710532742125177909,-8.616083145141602,-2.923121452331543,-3.754193067550659
1710532742135886536,-8.6220703125,-2.872825860977173,-3.7589831352233887
1710532742165074649,-8.640032768249512,-2.9506640434265137,-3.7649707794189453
1710532742186215540,-8.647217750549316,-2.844085693359375,-3.750600576400757
1710532742200854425,-8.647217750549316,-2.844085693359375,-3.750600576400757
1710532742230199346,-8.595725059509277,-2.8201355934143066,-3.752995491027832
1710532742259658334,-8.660390853881836,-2.875221014022827,-3.7877233028411865
1710532742268252114,-8.625662803649902,-2.882405996322632,-3.7889208793640137
1710532742289179168,-8.643625259399414,-2.8871960639953613,-3.770958185195923
1710532742316573564,-8.642428398132324,-2.8776159286499023,-3.750600576400757
1710532742320755772,-8.624464988708496,-2.8500733375549316,-3.8080811500549316
1710532742333332712,-8.624464988708496,-2.8500733375549316,-3.8080811500549316
1710532742354311436,-8.613687515258789,-2.8800110816955566,-3.7565882205963135
1710532742375194260,-8.638835906982422,-2.8895909786224365,-3.780538320541382
1710532742394094928,-8.657995223999023,-2.905158758163452,-3.7470080852508545
1710532742413115551,-8.637638092041016,-2.856060743331909,-3.811673641204834
1710532742436237479,-8.618477821350098,-2.925516366958618,-3.7350330352783203
1710532742467675682,-8.654402732849121,-2.921923875808716,-3.761378288269043
1710532742486386093,-8.619675636291504,-2.8488757610321045,-3.7853283882141113
1710532742509603874,-8.6220703125,-2.932701349258423,-3.7589831352233887
1710532742520074940,-8.626860618591309,-2.844085693359375,-3.7877233028411865
1710532742522229007,-8.647217750549316,-2.895578622817993,-3.7649707794189453
1710532742560227735,-8.648415565490723,-2.816542863845825,-3.7781434059143066
1710532742581253119,-8.6316499710083,-2.8812084197998047,-3.8260436058044434
1710532742629369214,-8.608898162841797,-2.863245964050293,-3.741020441055298
1710532742654802100,-8.620872497558594,-2.856060743331909,-3.784130811691284
1710532742671585378,-8.647217750549316,-2.8584558963775635,-3.714675188064575
1710532742688510171,-8.635242462158203,-2.8572583198547363,-3.762575626373291
1710532742703277423,-8.642428398132324,-2.885998487472534,-3.784130811691284
1710532742770452824,-8.626860618591309,-2.8608508110046387,-3.720662832260132
1710532742780765571,-8.634045600891113,-2.862048387527466,-3.773353338241577
1710532742822903614,-8.638835906982422,-2.856060743331909,-3.762575626373291
1710532742854468025,-8.595725059509277,-2.856060743331909,-3.8248462677001953
1710532742871212518,-8.641230583190918,-2.842888116836548,-3.769760847091675
1710532742928140312,-8.635242462158203,-2.8871960639953613,-3.723057746887207
1710532742942633747,-8.624464988708496,-2.883603572845459,-3.7889208793640137
1710532742951190678,-8.64482307434082,-2.9614417552948,-3.7589831352233887
1710532742959636957,-8.6316499710083,-2.8177404403686523,-3.7589831352233887
1710532742982640071,-8.646020889282227,-2.9003686904907227,-3.792513370513916
1710532743001790372,-8.656798362731934,-2.8812084197998047,-3.7661681175231934
1710532743014385376,-8.632847785949707,-2.9003686904907227,-3.7482056617736816
1710532743022786688,-8.634045600891113,-2.8740234375,-3.7577855587005615
1710532743031108409,-8.634045600891113,-2.862048387527466,-3.7661681175231934
1710532743054207567,-8.662785530090332,-2.882405996322632,-3.750600576400757
1710532743081730346,-8.653205871582031,-2.882405996322632,-3.7649707794189453
1710532743088285821,-8.617280006408691,-2.8476781845092773,-3.7769458293914795
1710532743102985349,-8.640032768249512,-2.9087512493133545,-3.754193067550659
1710532743197714098,-8.642428398132324,-2.835703134536743,-3.7877233028411865
1710532743220993285,-8.64482307434082,-2.872825860977173,-3.714675188064575
1710532743229363473,-8.647217750549316,-2.925516366958618,-3.8260436058044434
1710532743243987026,-8.638835906982422,-2.826122999191284,-3.752995491027832
1710532743279883838,-8.629255294799805,-2.8895909786224365,-3.790118455886841
1710532743296774036,-8.652008056640625,-2.8404932022094727,-3.773353338241577
1710532743319962921,-8.655600547790527,-2.805765390396118,-3.7865259647369385
1710532743349227608,-8.6316499710083,-2.925516366958618,-3.7757482528686523
1710532743370559739,-8.634045600891113,-2.885998487472534,-3.7050952911376953
1710532743397616082,-8.628057479858398,-2.893183708190918,-3.770958185195923
1710532743414421235,-8.63644027709961,-2.8584558963775635,-3.7649707794189453
1710532743431272831,-8.641230583190918,-2.9111461639404297,-3.774550676345825
1710532743445926723,-8.618477821350098,-2.8608508110046387,-3.7290453910827637
1710532743483488603,-8.623268127441406,-2.8991711139678955,-3.7865259647369385
1710532743498755234,-8.655600547790527,-2.905158758163452,-3.743415594100952
1710532743531945706,-8.649613380432129,-2.9195287227630615,-3.7494029998779297
1710532743559211288,-8.624464988708496,-2.84648060798645,-3.7494029998779297
1710532743578311947,-8.634045600891113,-2.8740234375,-3.7458105087280273
1710532743597165502,-8.650810241699219,-2.9614417552948,-3.781735897064209
1710532743622326680,-8.600515365600586,-2.856060743331909,-3.7589831352233887
1710532743630810185,-8.59931755065918,-2.884800910949707,-3.750600576400757
1710532743655887269,-8.660390853881836,-2.8788135051727295,-3.721860408782959
1710532743679037473,-8.605304718017578,-2.7997777462005615,-3.803291082382202
1710532743706692679,-8.648415565490723,-2.8979735374450684,-3.714675188064575
1710532743723611798,-8.624464988708496,-2.876418352127075,-3.762575626373291
1710532743742536375,-8.635242462158203,-2.9303064346313477,-3.7793407440185547
1710532743799432984,-8.662785530090332,-2.8309130668640137,-3.7553906440734863
1710532743826653219,-8.629255294799805,-2.9183313846588135,-3.7553906440734863
1710532743856118087,-8.655600547790527,-2.871628522872925,-3.7362303733825684
1710532743858163492,-8.643625259399414,-2.924318790435791,-3.763773202896118
1710532743881186226,-8.638835906982422,-2.9183313846588135,-3.733835458755493
1710532743895799433,-8.63644027709961,-2.8380980491638184,-3.7470080852508545
1710532743925218255,-8.620872497558594,-2.8512706756591797,-3.7074902057647705
1710532743931639795,-8.619675636291504,-2.894381046295166,-3.760180711746216
1710532743935867959,-8.640032768249512,-2.9398865699768066,-3.773353338241577
1710532743956766296,-8.620872497558594,-2.8081603050231934,-3.750600576400757
1710532743977883651,-8.638835906982422,-2.842888116836548,-3.790118455886841
1710532743994814305,-8.642428398132324,-2.8500733375549316,-3.7565882205963135
1710532744009496681,-8.637638092041016,-2.8273205757141113,-3.7266504764556885
1710532744076686196,-8.632847785949707,-2.9075536727905273,-3.7278478145599365
1710532744089229664,-8.634045600891113,-2.9279112815856934,-3.7374279499053955
1710532744119122966,-8.629255294799805,-2.924318790435791,-3.770958185195923
1710532744144327678,-8.626860618591309,-2.8584558963775635,-3.751798152923584
1710532744152604483,-8.638835906982422,-2.8788135051727295,-3.7865259647369385
1710532744154712816,-8.634045600891113,-2.902763605117798,-3.754193067550659
1710532744188314649,-8.626860618591309,-2.8213329315185547,-3.7374279499053955
1710532744210983664,-8.63644027709961,-2.84648060798645,-3.750600576400757
1710532744250956624,-8.660390853881836,-2.8297154903411865,-3.7158727645874023
1710532744274598244,-8.635242462158203,-2.842888116836548,-3.7577855587005615
1710532744305552464,-8.634045600891113,-2.823728084564209,-3.7865259647369385
1710532744339194793,-8.643625259399414,-2.893183708190918,-3.742218017578125
1710532744341170123,-8.643625259399414,-2.893183708190918,-3.742218017578125
1710532744365040889,-8.640032768249512,-2.9267139434814453,-3.733835458755493
1710532744383396010,-8.618477821350098,-2.7878026962280273,-3.7577855587005615
1710532744457000803,-8.63644027709961,-2.863245964050293,-3.7649707794189453
1710532744474707835,-8.623268127441406,-2.9207262992858887,-3.7673656940460205
1710532744496923516,-8.642428398132324,-2.9303064346313477,-3.802093505859375
1710532744509530579,-8.630453109741211,-2.8416907787323,-3.770958185195923
1710532744518148323,-8.634045600891113,-2.856060743331909,-3.7865259647369385
1710532744547432835,-8.643625259399414,-2.8380980491638184,-3.811673641204834
1710532744576581266,-8.630453109741211,-2.81414794921875,-3.7254528999328613
1710532744587140042,-8.642428398132324,-2.8692333698272705,-3.780538320541382
1710532744616580544,-8.646020889282227,-2.875221014022827,-3.8152661323547363
1710532744631465682,-8.630453109741211,-2.8668384552001953,-3.7182679176330566
1710532744683796754,-8.641230583190918,-2.8812084197998047,-3.781735897064209
1710532744698752850,-8.634045600891113,-2.8704309463500977,-3.7781434059143066
1710532744713392749,-8.632847785949707,-2.884800910949707,-3.7482056617736816
1710532744744758553,-8.654402732849121,-2.902763605117798,-3.762575626373291
1710532744786818427,-8.650810241699219,-2.8189380168914795,-3.7362303733825684
1710532744824823438,-8.604107856750488,-2.9207262992858887,-3.733835458755493
1710532744864457897,-8.640032768249512,-2.9267139434814453,-3.823648691177368
1710532744897994298,-8.626860618591309,-2.9566516876220703,-3.731440544128418
1710532744907087261,-8.629255294799805,-2.826122999191284,-3.6883301734924316
1710532744944202861,-8.6220703125,-2.93389892578125,-3.733835458755493
1710532744950308867,-8.674760818481445,-2.8596532344818115,-3.761378288269043
1710532744982119171,-8.635242462158203,-2.8273205757141113,-3.769760847091675
1710532745028177036,-8.618477821350098,-2.884800910949707,-3.750600576400757
1710532745051044014,-8.610095024108887,-2.90156626701355,-3.80448842048645
1710532745078049531,-8.650810241699219,-2.8800110816955566,-3.793710947036743
1710532745101310724,-8.69631576538086,-2.8584558963775635,-3.7889208793640137
1710532745118412781,-8.641230583190918,-2.9075536727905273,-3.7362303733825684
1710532745133001217,-8.64482307434082,-2.852468252182007,-3.6979100704193115
1710532745150092588,-8.6316499710083,-2.8740234375,-3.784130811691284
1710532745175154067,-8.623268127441406,-2.8800110816955566,-3.711082696914673
1710532745198942393,-8.661587715148926,-2.8812084197998047,-3.7494029998779297
1710532745215075204,-8.595725059509277,-2.8883936405181885,-3.7194652557373047
1710532745231824541,-8.620872497558594,-2.893183708190918,-3.752995491027832
1710532745254928452,-8.641230583190918,-2.9075536727905273,-3.781735897064209
1710532745300989535,-8.654402732849121,-2.8404932022094727,-3.812870979309082
1710532745315971773,-8.654402732849121,-2.8392956256866455,-3.782933235168457
1710532745366373573,-8.641230583190918,-2.816542863845825,-3.849993944168091
1710532745385197186,-8.638835906982422,-2.823728084564209,-3.7494029998779297
1710532745402088652,-8.596922874450684,-2.842888116836548,-3.774550676345825
1710532745414547978,-8.641230583190918,-2.931504011154175,-3.7494029998779297
1710532745420901758,-8.626860618591309,-2.912343740463257,-3.7565882205963135
1710532745473646039,-8.63644027709961,-2.8668384552001953,-3.760180711746216
1710532745515255286,-8.629255294799805,-2.891986131668091,-3.7458105087280273
1710532745536395987,-8.635242462158203,-2.84648060798645,-3.741020441055298
1710532745559559193,-8.629255294799805,-2.8740234375,-3.7458105087280273
1710532745567740876,-8.669970512390137,-2.884800910949707,-3.790118455886841
1710532745576192845,-8.620872497558594,-2.852468252182007,-3.784130811691284
1710532745588874377,-8.661587715148926,-2.895578622817993,-3.784130811691284
1710532745593217420,-8.657995223999023,-2.8776159286499023,-3.792513370513916
1710532745664348500,-8.608898162841797,-2.925516366958618,-3.791316032409668
1710532745695917469,-8.641230583190918,-2.8584558963775635,-3.7589831352233887
1710532745734124028,-8.648415565490723,-2.8800110816955566,-3.752995491027832
1710532745738162889,-8.629255294799805,-2.8177404403686523,-3.7266504764556885
1710532745761283203,-8.634045600891113,-2.893183708190918,-3.7458105087280273
1710532745815996550,-8.630453109741211,-2.913541316986084,-3.7577855587005615
1710532745857968943,-8.634045600891113,-2.8177404403686523,-3.803291082382202
1710532745869904563,-8.663983345031738,-2.9901819229125977,-3.792513370513916
1710532745897987970,-8.640032768249512,-2.81414794921875,-3.6979100704193115
1710532745912660409,-8.628057479858398,-2.8704309463500977,-3.754193067550659
1710532745923238584,-8.643625259399414,-2.8800110816955566,-3.7565882205963135
1710532745935711361,-8.613687515258789,-2.931504011154175,-3.7074902057647705
1710532745950446656,-8.660390853881836,-2.8907885551452637,-3.814068555831909
1710532745958772780,-8.641230583190918,-2.872825860977173,-3.763773202896118
1710532745973602691,-8.638835906982422,-2.863245964050293,-3.774550676345825
1710532746011533714,-8.613687515258789,-2.9279112815856934,-3.673959970474243
1710532746047207280,-8.617280006408691,-2.8979735374450684,-3.750600576400757
1710532746101639048,-8.623268127441406,-2.853665828704834,-3.7062926292419434
1710532746116446904,-8.657995223999023,-2.9267139434814453,-3.7254528999328613
1710532746150084397,-8.646020889282227,-2.884800910949707,-3.7589831352233887
1710532746152356227,-8.635242462158203,-2.884800910949707,-3.7589831352233887
1710532746183824570,-8.629255294799805,-2.8668384552001953,-3.7374279499053955
1710532746196332259,-8.638835906982422,-2.876418352127075,-3.7158727645874023
1710532746238224667,-8.618477821350098,-2.924318790435791,-3.6895275115966797
1710532746259216856,-8.632847785949707,-2.872825860977173,-3.721860408782959
1710532746309479163,-8.628057479858398,-2.8871960639953613,-3.7482056617736816
1710532746339109668,-8.6316499710083,-2.875221014022827,-3.741020441055298
1710532746347539027,-8.660390853881836,-2.845283269882202,-3.80448842048645
1710532746353916653,-8.626860618591309,-2.914738655090332,-3.77215576171875
1710532746378840831,-8.641230583190918,-2.972219228744507,-3.741020441055298
1710532746406347286,-8.6316499710083,-2.8596532344818115,-3.7386255264282227
1710532746431555432,-8.544232368469238,-2.9386889934539795,-3.5877392292022705
1710532746466995803,-8.782536506652832,-3.0799951553344727,-3.8859190940856934
1710532746477446298,-8.596922874450684,-3.644022226333618,-3.5601966381073
1710532746492172453,-8.546627044677734,-3.044069766998291,-3.800895929336548
1710532746519931458,-8.501121520996094,-2.7279272079467773,-3.73982310295105
1710532746549288954,-8.675958633422852,-2.894381046295166,-3.7961058616638184
1710532746557742743,-8.635242462158203,-2.981799364089966,-3.8380188941955566
1710532746581003938,-8.66757583618164,-2.9111461639404297,-3.611689567565918
1710532746599878700,-8.714278221130371,-2.903961181640625,-3.894301652908325
1710532746639847287,-8.629255294799805,-3.032094717025757,-3.7553906440734863
1710532746650147342,-8.626860618591309,-3.221301317214966,-3.921844482421875
1710532746662603146,-8.587342262268066,-2.706372022628784,-3.741020441055298
1710532746693968169,-8.70469856262207,-2.6908044815063477,-3.6583924293518066
1710532746717611262,-8.641230583190918,-2.8812084197998047,-3.853586435317993
1710532746776434157,-8.640032768249512,-3.033292293548584,-3.644022226333618
1710532746789100973,-8.624464988708496,-2.8572583198547363,-3.7757482528686523
1710532746828888968,-8.6220703125,-2.823728084564209,-3.6775524616241455
1710532746835597449,-8.614885330200195,-2.692002058029175,-3.7769458293914795
1710532746864690758,-8.649613380432129,-2.852468252182007,-3.752995491027832
1710532746873050250,-8.628057479858398,-2.9207262992858887,-3.6691699028015137
1710532746898182628,-8.632847785949707,-2.9686267375946045,-3.721860408782959
1710532746919401195,-8.641230583190918,-2.951861619949341,-3.7961058616638184
1710532746934231630,-8.587342262268066,-2.891986131668091,-3.673959970474243
1710532746955338598,-8.640032768249512,-2.822530508041382,-3.840413808822632
1710532746978464736,-8.653205871582031,-2.9087512493133545,-3.7565882205963135
1710532747009598166,-8.601712226867676,-2.8800110816955566,-3.802093505859375
1710532747024391258,-8.652008056640625,-2.924318790435791,-3.774550676345825
1710532747030713864,-8.577762603759766,-3.015329599380493,-3.671565055847168
1710532747047571894,-8.634045600891113,-2.784210205078125,-3.730242967605591
1710532747073183178,-8.628057479858398,-2.8488757610321045,-3.7781434059143066
1710532747118683106,-8.575366973876953,-2.9482691287994385,-3.6883301734924316
1710532747165105884,-8.649613380432129,-2.8476781845092773,-3.7877233028411865
1710532747175599465,-8.674760818481445,-2.991379499435425,-3.7757482528686523
1710532747200739759,-8.683143615722656,-3.012934684753418,-3.754193067550659
1710532747234330666,-8.64482307434082,-2.804567813873291,-3.769760847091675
1710532747240574471,-8.64482307434082,-2.804567813873291,-3.769760847091675
1710532747255142590,-8.632847785949707,-2.863245964050293,-3.784130811691284
1710532747277986941,-8.652008056640625,-2.93389892578125,-3.7649707794189453
1710532747328799173,-8.638835906982422,-2.895578622817993,-3.7853283882141113
1710532747347657941,-8.657995223999023,-2.903961181640625,-3.68473744392395
1710532747389528045,-8.642428398132324,-2.8392956256866455,-3.793710947036743
1710532747406392625,-8.628057479858398,-2.833308219909668,-3.7757482528686523
1710532747442158870,-8.592132568359375,-2.8704309463500977,-3.752995491027832
1710532747450491927,-8.653205871582031,-2.9303064346313477,-3.7290453910827637
1710532747464952468,-8.653205871582031,-2.903961181640625,-3.7182679176330566
1710532747473408590,-8.638835906982422,-2.893183708190918,-3.68473744392395
1710532747488074493,-8.653205871582031,-2.882405996322632,-3.863166570663452
1710532747547483497,-8.650810241699219,-2.8285181522369385,-3.724255323410034
1710532747549288885,-8.630453109741211,-2.853665828704834,-3.7494029998779297
1710532747568052830,-8.63644027709961,-2.8991711139678955,-3.773353338241577
1710532747593050277,-8.594527244567871,-2.822530508041382,-3.7350330352783203
1710532747601389056,-8.686736106872559,-2.845283269882202,-3.769760847091675
1710532747637166528,-8.647217750549316,-2.921923875808716,-3.830833673477173
1710532747660354237,-8.642428398132324,-2.935096502304077,-3.773353338241577
1710532747697859318,-8.635242462158203,-2.8009753227233887,-3.7494029998779297
1710532747706595517,-8.628057479858398,-2.842888116836548,-3.763773202896118
1710532747725584711,-8.679551124572754,-2.9183313846588135,-3.7290453910827637
1710532747738151877,-8.598119735717773,-2.9267139434814453,-3.7482056617736816
1710532747765398733,-8.652008056640625,-2.8812084197998047,-3.800895929336548
1710532747773620292,-8.650810241699219,-2.8800110816955566,-3.790118455886841
1710532747788176387,-8.634045600891113,-2.871628522872925,-3.7278478145599365
1710532747817550760,-8.647217750549316,-2.862048387527466,-3.830833673477173
1710532747846983005,-8.626860618591309,-2.902763605117798,-3.7757482528686523
1710532748023523893,-8.632847785949707,-2.9578490257263184,-3.713477849960327
1710532748059098220,-8.619675636291504,-2.9183313846588135,-3.733835458755493
1710532748143236963,-8.653205871582031,-2.9003686904907227,-3.7589831352233887
1710532748199705135,-8.64482307434082,-2.8907885551452637,-3.7589831352233887
1710532748224889606,-8.669970512390137,-2.872825860977173,-3.769760847091675
1710532748256222481,-8.625662803649902,-2.9482691287994385,-3.8176610469818115
1710532748262343493,-8.662785530090332,-2.9171338081359863,-3.7685632705688477
1710532748306749619,-8.610095024108887,-2.8680357933044434,-3.720662832260132
1710532748312961290,-8.641230583190918,-2.9279112815856934,-3.6859350204467773
1710532748325495148,-8.646020889282227,-2.914738655090332,-3.7362303733825684
1710532748355003029,-8.650810241699219,-2.8871960639953613,-3.714675188064575
1710532748365416876,-8.6316499710083,-2.84648060798645,-3.7877233028411865
1710532748432766173,-8.637638092041016,-2.8584558963775635,-3.7769458293914795
1710532748455842855,-8.642428398132324,-2.954256534576416,-3.7050952911376953
1710532748500348538,-8.632847785949707,-2.883603572845459,-3.782933235168457
1710532748557203052,-8.624464988708496,-2.902763605117798,-3.7350330352783203
1710532748599046715,-8.637638092041016,-2.773432731628418,-3.7949085235595703
1710532748615853612,-8.620872497558594,-2.882405996322632,-3.700305223464966
1710532748634772799,-8.618477821350098,-2.875221014022827,-3.762575626373291
1710532748637049072,-8.628057479858398,-2.8584558963775635,-3.7985010147094727
1710532748680791347,-8.646020889282227,-2.9195287227630615,-3.7386255264282227
1710532748697695360,-8.63644027709961,-2.875221014022827,-3.724255323410034
1710532748775514958,-8.648415565490723,-2.8297154903411865,-3.7470080852508545
1710532748807022259,-8.630453109741211,-2.894381046295166,-3.791316032409668
1710532748838413481,-8.632847785949707,-2.8369007110595703,-3.7446129322052
1710532748861567629,-8.648415565490723,-2.9111461639404297,-3.7996985912323
1710532748865887968,-8.643625259399414,-2.891986131668091,-3.754193067550659
1710532748891239559,-8.635242462158203,-2.8871960639953613,-3.754193067550659
1710532748903838506,-8.638835906982422,-2.9003686904907227,-3.754193067550659
1710532748920580551,-8.63644027709961,-2.844085693359375,-3.7553906440734863
1710532748929154583,-8.634045600891113,-2.872825860977173,-3.8056859970092773
1710532748943622764,-8.650810241699219,-2.963836669921875,-3.7961058616638184
1710532748979257176,-8.64482307434082,-2.8416907787323,-3.7961058616638184
1710532748981450192,-8.638835906982422,-2.913541316986084,-3.751798152923584
1710532749016941313,-8.632847785949707,-2.8500733375549316,-3.7494029998779297
1710532749033932354,-8.6316499710083,-2.8704309463500977,-3.7649707794189453
1710532749048554011,-8.634045600891113,-2.865640878677368,-3.752995491027832
1710532749075835861,-8.625662803649902,-2.8895909786224365,-3.7577855587005615
1710532749115741615,-8.638835906982422,-2.8871960639953613,-3.7254528999328613
1710532749145256857,-8.692723274230957,-2.9686267375946045,-3.820056200027466
1710532749147296047,-8.598119735717773,-2.842888116836548,-3.723057746887207
1710532749176886311,-8.614885330200195,-2.8404932022094727,-3.742218017578125
1710532749195690532,-8.673563003540039,-2.9291088581085205,-3.761378288269043
1710532749197833001,-8.626860618591309,-2.8740234375,-3.800895929336548
1710532749215444489,-8.641230583190918,-2.8488757610321045,-3.7086877822875977
1710532749227287809,-8.641230583190918,-2.864443302154541,-3.7470080852508545
1710532749252628882,-8.640032768249512,-2.884800910949707,-3.780538320541382
1710532749277177042,-8.592132568359375,-2.8979735374450684,-3.7961058616638184
1710532749284032001,-8.66757583618164,-2.884800910949707,-3.762575626373291
1710532749298796194,-8.623268127441406,-2.915936231613159,-3.7865259647369385
1710532749324112129,-8.617280006408691,-2.842888116836548,-3.7386255264282227
1710532749349211062,-8.666378021240234,-2.9386889934539795,-3.803291082382202
1710532749363837651,-8.648415565490723,-2.854863166809082,-3.7374279499053955
1710532749405821473,-8.637638092041016,-2.8776159286499023,-3.743415594100952
1710532749439548005,-8.654402732849121,-2.8416907787323,-3.77215576171875
1710532749504686369,-8.623268127441406,-2.845283269882202,-3.6979100704193115
1710532749512988400,-8.638835906982422,-2.9099488258361816,-3.7673656940460205
1710532749536226753,-8.632847785949707,-2.875221014022827,-3.7194652557373047
1710532749576354575,-8.624464988708496,-2.834505558013916,-3.761378288269043
1710532749578168559,-8.637638092041016,-2.853665828704834,-3.733835458755493
1710532749582379695,-8.623268127441406,-2.8907885551452637,-3.763773202896118
1710532749601338137,-8.632847785949707,-2.893183708190918,-3.741020441055298
1710532749618302787,-8.650810241699219,-2.9099488258361816,-3.751798152923584
1710532749624734494,-8.6316499710083,-2.876418352127075,-3.781735897064209
1710532749641325568,-8.653205871582031,-2.8812084197998047,-3.7170703411102295
1710532749674740510,-8.643625259399414,-2.903961181640625,-3.723057746887207
1710532749681004542,-8.628057479858398,-2.8404932022094727,-3.7889208793640137
1710532749685582600,-8.628057479858398,-2.9207262992858887,-3.763773202896118
1710532749697905375,-8.656798362731934,-2.833308219909668,-3.6775524616241455
1710532749721211841,-8.624464988708496,-2.835703134536743,-3.7194652557373047
1710532749759119259,-8.656798362731934,-2.891986131668091,-3.7290453910827637
1710532749773847292,-8.643625259399414,-2.9195287227630615,-3.780538320541382
1710532749809428573,-8.654402732849121,-2.875221014022827,-3.694317579269409
1710532749813545893,-8.660390853881836,-2.884800910949707,-3.762575626373291
1710532749826278113,-8.640032768249512,-2.913541316986084,-3.7386255264282227
1710532749855546849,-8.628057479858398,-2.9267139434814453,-3.7170703411102295
1710532749884823013,-8.641230583190918,-2.834505558013916,-3.781735897064209
1710532749910060015,-8.6316499710083,-2.816542863845825,-3.6979100704193115
1710532749924902291,-8.64482307434082,-2.9410839080810547,-3.781735897064209
1710532749941784056,-8.655600547790527,-2.8776159286499023,-3.8068835735321045
1710532749964741673,-8.641230583190918,-2.9183313846588135,-3.773353338241577
1710532749994206488,-8.638835906982422,-2.885998487472534,-3.752995491027832
1710532750046730218,-8.638835906982422,-2.9386889934539795,-3.723057746887207
1710532750067719560,-8.649613380432129,-2.914738655090332,-3.7661681175231934
1710532750077905521,-8.63644027709961,-2.884800910949707,-3.714675188064575
1710532750107685805,-8.64482307434082,-2.856060743331909,-3.750600576400757
1710532750120317822,-8.628057479858398,-2.853665828704834,-3.731440544128418
1710532750143371552,-8.640032768249512,-2.902763605117798,-3.751798152923584
1710532750158177775,-8.643625259399414,-2.8596532344818115,-3.7673656940460205
1710532750174904267,-8.643625259399414,-2.8596532344818115,-3.7673656940460205
1710532750198155962,-8.587342262268066,-2.951861619949341,-3.714675188064575
1710532750225743177,-8.654402732849121,-2.9171338081359863,-3.7781434059143066
1710532750271138496,-8.654402732849121,-2.8369007110595703,-3.690725088119507
1710532750330486268,-8.630453109741211,-2.8069629669189453,-3.7949085235595703
1710532750353618497,-8.637638092041016,-2.9087512493133545,-3.693120002746582
1710532750376548001,-8.634045600891113,-2.913541316986084,-3.714675188064575
1710532750385020440,-8.646020889282227,-2.865640878677368,-3.7781434059143066
1710532750412266372,-8.653205871582031,-2.7973828315734863,-3.7577855587005615
1710532750437538576,-8.646020889282227,-2.895578622817993,-3.784130811691284
1710532750487810935,-8.6316499710083,-2.871628522872925,-3.781735897064209
1710532750500299036,-8.6316499710083,-2.871628522872925,-3.7769458293914795
1710532750532206530,-8.648415565490723,-2.862048387527466,-3.773353338241577
1710532750557317247,-8.635242462158203,-2.856060743331909,-3.690725088119507
1710532750586777922,-8.634045600891113,-2.8608508110046387,-3.714675188064575
1710532750637168390,-8.635242462158203,-2.8740234375,-3.731440544128418
1710532750653831879,-8.649613380432129,-2.9410839080810547,-3.751798152923584
1710532750691662132,-8.642428398132324,-2.853665828704834,-3.7565882205963135
1710532750695918059,-8.634045600891113,-2.903961181640625,-3.7589831352233887
1710532750704272960,-8.634045600891113,-2.9099488258361816,-3.754193067550659
1710532750721011511,-8.642428398132324,-2.865640878677368,-3.7649707794189453
1710532750759144972,-8.630453109741211,-2.822530508041382,-3.8679566383361816
1710532750773629213,-8.67236614227295,-2.9195287227630615,-3.7685632705688477
1710532750798826343,-8.623268127441406,-2.9386889934539795,-3.673959970474243
1710532750838877703,-8.654402732849121,-2.924318790435791,-3.681144952774048
1710532750864017790,-8.642428398132324,-2.8812084197998047,-3.6583924293518066
1710532750876586192,-8.648415565490723,-2.8584558963775635,-3.814068555831909
1710532750903923925,-8.596922874450684,-2.865640878677368,-3.7685632705688477
1710532750921066109,-8.60770034790039,-2.945873975753784,-3.73982310295105
1710532750933365299,-8.643625259399414,-2.923121452331543,-3.7266504764556885
1710532750954447966,-8.671168327331543,-2.875221014022827,-3.651207208633423
1710532750975309269,-8.57656478881836,-2.856060743331909,-3.814068555831909
1710532751004765145,-8.648415565490723,-2.852468252182007,-3.7458105087280273
1710532751027856195,-8.630453109741211,-2.903961181640625,-3.754193067550659
1710532751088682448,-8.630453109741211,-2.894381046295166,-3.7482056617736816
1710532751164479260,-8.625662803649902,-2.863245964050293,-3.709885358810425
1710532751176902479,-8.646020889282227,-2.8704309463500977,-3.7589831352233887
1710532751213051332,-8.629255294799805,-2.895578622817993,-3.7565882205963135
1710532751233897318,-8.64482307434082,-2.854863166809082,-3.763773202896118
1710532751246503581,-8.632847785949707,-2.895578622817993,-3.7757482528686523
1710532751298800188,-8.656798362731934,-2.945873975753784,-3.7050952911376953
1710532751307186372,-8.629255294799805,-2.9494664669036865,-3.742218017578125
1710532751334747290,-8.646020889282227,-2.9075536727905273,-3.812870979309082
1710532751364839797,-8.6220703125,-2.9470715522766113,-3.781735897064209
1710532751402091105,-8.697513580322266,-2.912343740463257,-3.751798152923584
1710532751423127919,-8.666378021240234,-2.8380980491638184,-3.6991076469421387
1710532751439802817,-8.625662803649902,-2.883603572845459,-3.751798152923584
1710532751456599022,-8.617280006408691,-2.854863166809082,-3.6871325969696045
1710532751475913307,-8.648415565490723,-2.914738655090332,-3.7757482528686523
1710532751494512887,-8.57656478881836,-3.0308971405029297,-3.7278478145599365
1710532751519827621,-8.614885330200195,-2.9686267375946045,-3.760180711746216
1710532751545103689,-8.697513580322266,-3.051254987716675,-3.6955151557922363
1710532751576447442,-8.673563003540039,-2.7782225608825684,-3.8380188941955566
1710532751597327983,-8.635242462158203,-2.862048387527466,-3.782933235168457
1710532751624645444,-8.637638092041016,-2.8201355934143066,-3.7374279499053955
1710532751637241821,-8.637638092041016,-2.766247510910034,-3.694317579269409
1710532751691693409,-8.649613380432129,-2.824925422668457,-3.750600576400757
1710532751708488214,-8.6316499710083,-2.944676399230957,-3.694317579269409
1710532751726522943,-8.641230583190918,-2.824925422668457,-3.780538320541382
1710532751748872159,-8.65919303894043,-2.914738655090332,-3.7290453910827637
1710532751775881909,-8.643625259399414,-2.834505558013916,-3.7889208793640137
1710532751807359897,-8.643625259399414,-2.9075536727905273,-3.7350330352783203
1710532751845102144,-8.614885330200195,-2.943479061126709,-3.773353338241577
1710532751893361530,-8.638835906982422,-2.891986131668091,-3.782933235168457
1710532751901704977,-8.626860618591309,-2.8416907787323,-3.721860408782959
1710532751914237902,-8.650810241699219,-2.7602601051330566,-3.7470080852508545
1710532751956827745,-8.652008056640625,-2.614163875579834,-3.844006299972534
1710532751960469437,-8.692723274230957,-2.751877546310425,-3.802093505859375
1710532751971026765,-8.593330383300781,-3.0584399700164795,-3.641627311706543
1710532751981661696,-8.656798362731934,-2.7111620903015137,-3.89190673828125
1710532752008892860,-8.675958633422852,-2.656076669692993,-3.8751416206359863
1710532752032108690,-8.763376235961914,-2.8189380168914795,-3.6679723262786865
1710532752042579304,-8.532257080078125,-2.3722667694091797,-3.9266345500946045
1710532752116082858,-8.586145401000977,-3.355422258377075,-3.941004753112793
1710532752128552836,-8.657995223999023,-2.663261651992798,-3.7589831352233887
1710532752168320911,-8.656798362731934,-2.742297410964966,-3.9158568382263184
1710532752176751404,-8.680747985839844,-2.8416907787323,-3.7973034381866455
1710532752183051824,-8.57656478881836,-2.944676399230957,-3.7446129322052
1710532752212557346,-8.606502532958984,-3.033292293548584,-3.9386096000671387
1710532752233548344,-8.657995223999023,-2.9386889934539795,-3.573369026184082
1710532752250296165,-8.6316499710083,-2.991379499435425,-3.870351552963257
1710532752273404233,-8.735834121704102,-2.7806177139282227,-3.9577698707580566
1710532752305084126,-8.515491485595703,-2.8668384552001953,-3.8272411823272705
1710532752338639909,-8.513096809387207,-2.8285181522369385,-3.792513370513916
1710532752357477986,-8.657995223999023,-2.6572742462158203,-3.752995491027832
1710532752393411990,-8.675958633422852,-2.802172899246216,-3.792513370513916
1710532752423015529,-8.652008056640625,-2.8476781845092773,-3.960164785385132
1710532752437671211,-8.590934753417969,-2.9578490257263184,-3.6057019233703613
1710532752460630398,-8.590934753417969,-2.974614143371582,-3.7853283882141113
1710532752483627496,-8.618477821350098,-3.024909734725952,-3.7985010147094727
1710532752530148789,-8.628057479858398,-2.773432731628418,-3.9050793647766113
1710532752559570935,-8.570577621459961,-2.9063560962677,-3.6380345821380615
1710532752582707654,-8.634045600891113,-2.895578622817993,-3.691922664642334
1710532752597416821,-8.65919303894043,-2.785407781600952,-3.9182519912719727
1710532752618456642,-8.608898162841797,-2.8273205757141113,-3.9182519912719727
1710532752647796646,-8.550219535827637,-2.753074884414673,-3.762575626373291
1710532752677090952,-8.635242462158203,-2.9195287227630615,-3.800895929336548
1710532752752898297,-8.65919303894043,-2.891986131668091,-3.8080811500549316
1710532752775883774,-8.646020889282227,-2.8883936405181885,-3.742218017578125
1710532752790520122,-8.575366973876953,-2.7782225608825684,-3.642824649810791
1710532752826230688,-8.563392639160156,-2.834505558013916,-3.8859190940856934
1710532752841033177,-8.572972297668457,-2.9195287227630615,-3.8056859970092773
1710532752863955158,-8.669970512390137,-2.895578622817993,-3.6571948528289795
1710532752874411154,-8.608898162841797,-2.865640878677368,-3.691922664642334
1710532752912620315,-8.685538291931152,-2.944676399230957,-3.829636335372925
1710532752937712035,-8.608898162841797,-2.792592763900757,-3.8248462677001953
1710532752988026891,-8.628057479858398,-2.9099488258361816,-3.821253776550293
1710532753054920993,-8.640032768249512,-2.8895909786224365,-3.811673641204834
1710532753075819195,-8.614885330200195,-2.834505558013916,-3.770958185195923
1710532753128588757,-8.623268127441406,-2.8812084197998047,-3.8056859970092773
1710532753153599747,-8.643625259399414,-2.8907885551452637,-3.8679566383361816
1710532753166799512,-8.589737892150879,-2.8392956256866455,-3.7769458293914795
1710532753237779214,-8.625662803649902,-2.913541316986084,-3.863166570663452
1710532753262944317,-8.628057479858398,-2.9410839080810547,-3.844006299972534
1710532753294473501,-8.606502532958984,-2.9470715522766113,-3.844006299972534
1710532753323612570,-8.614885330200195,-2.935096502304077,-3.841611385345459
1710532753338436595,-8.601712226867676,-2.8392956256866455,-3.691922664642334
1710532753355103286,-8.634045600891113,-2.991379499435425,-3.73982310295105
1710532753361426400,-8.625662803649902,-2.832110643386841,-3.770958185195923
1710532753369859003,-8.629255294799805,-2.9195287227630615,-3.781735897064209
1710532753384551670,-8.610095024108887,-2.8069629669189453,-3.730242967605591
1710532753437136579,-8.619675636291504,-2.8883936405181885,-3.8248462677001953
1710532753458096470,-8.6316499710083,-2.875221014022827,-3.823648691177368
1710532753474413299,-8.634045600891113,-2.81414794921875,-3.7877233028411865
1710532753474971604,-8.613687515258789,-2.891986131668091,-3.7889208793640137
1710532753502174740,-8.625662803649902,-2.8776159286499023,-3.7769458293914795
1710532753527699684,-8.630453109741211,-2.894381046295166,-3.881129264831543
1710532753569270033,-8.587342262268066,-2.862048387527466,-3.7949085235595703
1710532753594402051,-8.661587715148926,-2.8692333698272705,-3.742218017578125
1710532753672958014,-8.629255294799805,-2.923121452331543,-3.842808723449707
1710532753689300969,-8.6316499710083,-2.8500733375549316,-3.782933235168457
1710532753785584680,-8.634045600891113,-2.8380980491638184,-3.829636335372925
1710532753810855700,-8.598119735717773,-2.902763605117798,-3.741020441055298
1710532753819280313,-8.632847785949707,-2.884800910949707,-3.750600576400757
1710532753827657795,-8.595725059509277,-2.854863166809082,-3.793710947036743
1710532753848522363,-8.619675636291504,-2.8500733375549316,-3.7996985912323
1710532753871803248,-8.617280006408691,-2.876418352127075,-3.8176610469818115
1710532753899040352,-8.59931755065918,-2.842888116836548,-3.803291082382202
1710532753924223429,-8.600515365600586,-2.883603572845459,-3.8380188941955566
1710532753934590935,-8.652008056640625,-2.8488757610321045,-3.849993944168091
1710532753953510610,-8.611292839050293,-2.8476781845092773,-3.8080811500549316
1710532753989296542,-8.625662803649902,-2.8596532344818115,-3.8475987911224365
1710532754035353204,-8.623268127441406,-2.875221014022827,-3.7589831352233887
1710532754048089601,-8.623268127441406,-2.9111461639404297,-3.811673641204834
1710532754094397975,-8.6316499710083,-2.8105554580688477,-3.8356237411499023
1710532754117516726,-8.635242462158203,-2.893183708190918,-3.800895929336548
1710532754134250601,-8.63644027709961,-2.863245964050293,-3.7494029998779297
1710532754155258779,-8.59931755065918,-2.8776159286499023,-3.7482056617736816
1710532754189083995,-8.625662803649902,-2.863245964050293,-3.7769458293914795
1710532754207827140,-8.629255294799805,-2.834505558013916,-3.7757482528686523
1710532754231043853,-8.606502532958984,-2.9111461639404297,-3.782933235168457
1710532754245534818,-8.620872497558594,-2.914738655090332,-3.810476064682007
1710532754262105477,-8.595725059509277,-2.8404932022094727,-3.80448842048645
