bag_timestamp_ns,accel2_x,accel2_y,accel2_z
1710532974449836385,-8.614885330200195,-2.875221014022827,-3.8092784881591797
1710532974485734168,-8.623268127441406,-2.883603572845459,-3.802093505859375
1710532974493943159,-8.625662803649902,-2.872825860977173,-3.811673641204834
1710532974516979651,-8.6220703125,-2.875221014022827,-3.8080811500549316
1710532974542234037,-8.625662803649902,-2.8788135051727295,-3.7996985912323
1710532974573753891,-8.6220703125,-2.8871960639953613,-3.812870979309082
1710532974591024889,-8.629255294799805,-2.885998487472534,-3.80448842048645
1710532974605397396,-8.620872497558594,-2.8680357933044434,-3.793710947036743
1710532974637165090,-8.610095024108887,-2.872825860977173,-3.803291082382202
1710532974697505359,-8.610095024108887,-2.8812084197998047,-3.8080811500549316
1710532974724648482,-8.623268127441406,-2.8812084197998047,-3.802093505859375
1710532974754117323,-8.619675636291504,-2.891986131668091,-3.8152661323547363
1710532974764665651,-8.6220703125,-2.8800110816955566,-3.803291082382202
1710532974796093538,-8.6124906539917,-2.8800110816955566,-3.7973034381866455
1710532974808651690,-8.618477821350098,-2.894381046295166,-3.8152661323547363
1710532974858933332,-8.626860618591309,-2.894381046295166,-3.8068835735321045
1710532974922014646,-8.614885330200195,-2.8800110816955566,-3.7985010147094727
1710532974951227994,-8.620872497558594,-2.8871960639953613,-3.811673641204834
1710532974972394640,-8.620872497558594,-2.8680357933044434,-3.803291082382202
1710532975008203952,-8.624464988708496,-2.871628522872925,-3.80448842048645
1710532975027185441,-8.620872497558594,-2.8871960639953613,-3.800895929336548
1710532975050204085,-8.624464988708496,-2.8800110816955566,-3.811673641204834
1710532975069147292,-8.6220703125,-2.8788135051727295,-3.814068555831909
1710532975115382199,-8.624464988708496,-2.8812084197998047,-3.810476064682007
1710532975136402219,-8.617280006408691,-2.8584558963775635,-3.7996985912323
1710532975153055560,-8.628057479858398,-2.8967761993408203,-3.7973034381866455
1710532975165673209,-8.624464988708496,-2.876418352127075,-3.8092784881591797
1710532975190985540,-8.626860618591309,-2.875221014022827,-3.803291082382202
1710532975220458319,-8.619675636291504,-2.8812084197998047,-3.7996985912323
1710532975243478496,-8.6220703125,-2.876418352127075,-3.8080811500549316
1710532975273024453,-8.620872497558594,-2.884800910949707,-3.802093505859375
1710532975289914133,-8.6220703125,-2.883603572845459,-3.7973034381866455
1710532975319165936,-8.60770034790039,-2.875221014022827,-3.811673641204834
1710532975348605394,-8.602910041809082,-2.8871960639953613,-3.7973034381866455
1710532975363189993,-8.619675636291504,-2.8788135051727295,-3.8056859970092773
1710532975386442327,-8.642428398132324,-2.876418352127075,-3.802093505859375
1710532975409480595,-8.624464988708496,-2.8812084197998047,-3.8164637088775635
1710532975422087425,-8.617280006408691,-2.882405996322632,-3.7961058616638184
1710532975430456218,-8.635242462158203,-2.885998487472534,-3.8068835735321045
1710532975453545352,-8.620872497558594,-2.893183708190918,-3.800895929336548
1710532975474528543,-8.620872497558594,-2.893183708190918,-3.800895929336548
1710532975482939949,-8.619675636291504,-2.876418352127075,-3.80448842048645
1710532975506141861,-8.620872497558594,-2.883603572845459,-3.793710947036743
1710532975516370489,-8.6316499710083,-2.8788135051727295,-3.800895929336548
1710532975518442789,-8.616083145141602,-2.883603572845459,-3.7973034381866455
1710532975537361438,-8.6124906539917,-2.875221014022827,-3.8056859970092773
1710532975564562489,-8.630453109741211,-2.883603572845459,-3.810476064682007
1710532975574920537,-8.6220703125,-2.8800110816955566,-3.810476064682007
1710532975602478427,-8.610095024108887,-2.8991711139678955,-3.7985010147094727
1710532975631923374,-8.616083145141602,-2.865640878677368,-3.8152661323547363
1710532975648980846,-8.640032768249512,-2.902763605117798,-3.8080811500549316
1710532975657192317,-8.620872497558594,-2.891986131668091,-3.8068835735321045
1710532975701226943,-8.614885330200195,-2.8572583198547363,-3.814068555831909
1710532975715990435,-8.614885330200195,-2.8572583198547363,-3.814068555831909
1710532975734888221,-8.624464988708496,-2.8883936405181885,-3.8068835735321045
1710532975736885424,-8.626860618591309,-2.8883936405181885,-3.8068835735321045
1710532975753776115,-8.6220703125,-2.8812084197998047,-3.8176610469818115
1710532975835713647,-8.619675636291504,-2.891986131668091,-3.8056859970092773
1710532975848340170,-8.623268127441406,-2.891986131668091,-3.8164637088775635
1710532975877729744,-8.602910041809082,-2.8692333698272705,-3.8164637088775635
1710532975902933601,-8.610095024108887,-2.893183708190918,-3.8056859970092773
1710532975932410384,-8.623268127441406,-2.8776159286499023,-3.8056859970092773
1710532975938583152,-8.624464988708496,-2.884800910949707,-3.8092784881591797
1710532975953226853,-8.624464988708496,-2.891986131668091,-3.8176610469818115
1710532975976304681,-8.6220703125,-2.8668384552001953,-3.7985010147094727
1710532975995219877,-8.624464988708496,-2.884800910949707,-3.812870979309082
1710532976007914954,-8.620872497558594,-2.891986131668091,-3.7949085235595703
1710532976031092034,-8.617280006408691,-2.875221014022827,-3.802093505859375
1710532976053865366,-8.624464988708496,-2.885998487472534,-3.8248462677001953
1710532976060192202,-8.623268127441406,-2.871628522872925,-3.793710947036743
1710532976074820033,-8.619675636291504,-2.891986131668091,-3.802093505859375
1710532976098064767,-8.620872497558594,-2.885998487472534,-3.811673641204834
1710532976129503049,-8.623268127441406,-2.8812084197998047,-3.8068835735321045
1710532976157100204,-8.620872497558594,-2.8812084197998047,-3.80448842048645
1710532976163416014,-8.626860618591309,-2.894381046295166,-3.823648691177368
1710532976171718735,-8.625662803649902,-2.875221014022827,-3.8188586235046387
1710532976211500032,-8.628057479858398,-2.864443302154541,-3.80448842048645
1710532976217853256,-8.634045600891113,-2.884800910949707,-3.814068555831909
1710532976241006833,-8.625662803649902,-2.864443302154541,-3.7757482528686523
1710532976268444859,-8.6124906539917,-2.8488757610321045,-3.8272411823272705
1710532976281180465,-8.624464988708496,-2.894381046295166,-3.811673641204834
1710532976310505576,-8.647217750549316,-2.8488757610321045,-3.8068835735321045
1710532976325611596,-8.617280006408691,-2.845283269882202,-3.7889208793640137
1710532976340082294,-8.626860618591309,-2.845283269882202,-3.7889208793640137
1710532976382158975,-8.6316499710083,-2.876418352127075,-3.7853283882141113
1710532976398937013,-8.626860618591309,-2.8812084197998047,-3.7589831352233887
1710532976436751165,-8.619675636291504,-2.8692333698272705,-3.812870979309082
1710532976468635412,-8.6220703125,-2.852468252182007,-3.814068555831909
1710532976474255871,-8.624464988708496,-2.8740234375,-3.774550676345825
1710532976501687763,-8.623268127441406,-2.875221014022827,-3.784130811691284
1710532976518615600,-8.624464988708496,-2.8668384552001953,-3.7996985912323
1710532976533175486,-8.629255294799805,-2.8776159286499023,-3.8260436058044434
1710532976549900799,-8.620872497558594,-2.9075536727905273,-3.822451114654541
1710532976573120658,-8.6316499710083,-2.876418352127075,-3.782933235168457
1710532976598562276,-8.629255294799805,-2.903961181640625,-3.812870979309082
1710532976636211476,-8.632847785949707,-2.864443302154541,-3.8152661323547363
1710532976640362960,-8.625662803649902,-2.8800110816955566,-3.810476064682007
1710532976661363014,-8.624464988708496,-2.891986131668091,-3.800895929336548
1710532976671870529,-8.6124906539917,-2.853665828704834,-3.8092784881591797
1710532976673825179,-8.6124906539917,-2.853665828704834,-3.8092784881591797
1710532976695065837,-8.620872497558594,-2.864443302154541,-3.8080811500549316
1710532976723200020,-8.614885330200195,-2.8788135051727295,-3.803291082382202
1710532976743309655,-8.623268127441406,-2.8584558963775635,-3.7853283882141113
1710532976751667091,-8.634045600891113,-2.864443302154541,-3.823648691177368
1710532976781013824,-8.613687515258789,-2.8788135051727295,-3.811673641204834
1710532976782914288,-8.620872497558594,-2.8572583198547363,-3.8248462677001953
1710532976808355270,-8.618477821350098,-2.884800910949707,-3.803291082382202
1710532976835568229,-8.620872497558594,-2.90156626701355,-3.800895929336548
1710532976856674171,-8.614885330200195,-2.854863166809082,-3.8368213176727295
1710532976892213883,-8.6220703125,-2.923121452331543,-3.7949085235595703
1710532976906913606,-8.620872497558594,-2.872825860977173,-3.8056859970092773
1710532976923878843,-8.630453109741211,-2.8740234375,-3.8164637088775635
1710532976947110533,-8.600515365600586,-2.884800910949707,-3.821253776550293
1710532976955571067,-8.620872497558594,-2.8895909786224365,-3.822451114654541
1710532976976574807,-8.620872497558594,-2.8895909786224365,-3.822451114654541
1710532976993215694,-8.620872497558594,-2.885998487472534,-3.802093505859375
1710532977028803495,-8.606502532958984,-2.8704309463500977,-3.8284387588500977
1710532977051996798,-8.63644027709961,-2.8740234375,-3.7996985912323
1710532977079157189,-8.628057479858398,-2.8883936405181885,-3.803291082382202
1710532977091836370,-8.6316499710083,-2.8596532344818115,-3.80448842048645
1710532977117386351,-8.626860618591309,-2.8596532344818115,-3.811673641204834
1710532977142695837,-8.6220703125,-2.8680357933044434,-3.7996985912323
1710532977178408452,-8.614885330200195,-2.883603572845459,-3.8188586235046387
1710532977213893119,-8.618477821350098,-2.8584558963775635,-3.811673641204834
1710532977239343685,-8.623268127441406,-2.865640878677368,-3.793710947036743
1710532977276696806,-8.646020889282227,-2.8907885551452637,-3.7985010147094727
1710532977310585381,-8.629255294799805,-2.883603572845459,-3.811673641204834
1710532977321124403,-8.629255294799805,-2.8812084197998047,-3.8260436058044434
1710532977344221934,-8.63644027709961,-2.8704309463500977,-3.8068835735321045
1710532977390280814,-8.634045600891113,-2.895578622817993,-3.800895929336548
1710532977432382657,-8.624464988708496,-2.8991711139678955,-3.790118455886841
1710532977449179065,-8.617280006408691,-2.872825860977173,-3.7877233028411865
1710532977472385760,-8.628057479858398,-2.8668384552001953,-3.811673641204834
1710532977493327951,-8.614885330200195,-2.8776159286499023,-3.8248462677001953
1710532977518616240,-8.608898162841797,-2.8871960639953613,-3.7973034381866455
1710532977539586460,-8.620872497558594,-2.8871960639953613,-3.803291082382202
1710532977554194339,-8.620872497558594,-2.894381046295166,-3.8092784881591797
1710532977575330244,-8.630453109741211,-2.864443302154541,-3.7961058616638184
1710532977651276068,-8.613687515258789,-2.8812084197998047,-3.803291082382202
1710532977667869136,-8.616083145141602,-2.885998487472534,-3.80448842048645
1710532977703706434,-8.624464988708496,-2.882405996322632,-3.803291082382202
1710532977731070435,-8.618477821350098,-2.871628522872925,-3.803291082382202
1710532977741569624,-8.619675636291504,-2.8812084197998047,-3.802093505859375
1710532977754676846,-8.620872497558594,-2.8740234375,-3.7853283882141113
1710532977764972758,-8.625662803649902,-2.865640878677368,-3.7985010147094727
1710532977808877605,-8.620872497558594,-2.875221014022827,-3.80448842048645
1710532977838347254,-8.637638092041016,-2.8788135051727295,-3.803291082382202
1710532977867384604,-8.620872497558594,-2.8871960639953613,-3.8164637088775635
1710532977890395483,-8.626860618591309,-2.884800910949707,-3.793710947036743
1710532977926411405,-8.619675636291504,-2.8895909786224365,-3.8068835735321045
1710532978021254037,-8.616083145141602,-2.863245964050293,-3.820056200027466
1710532978056795150,-8.608898162841797,-2.8895909786224365,-3.782933235168457
1710532978064352411,-8.624464988708496,-2.8812084197998047,-3.7996985912323
1710532978079744828,-8.626860618591309,-2.9075536727905273,-3.8056859970092773
1710532978094952145,-8.619675636291504,-2.871628522872925,-3.7996985912323
1710532978117918359,-8.628057479858398,-2.8704309463500977,-3.810476064682007
1710532978153705147,-8.618477821350098,-2.882405996322632,-3.8056859970092773
1710532978170563484,-8.6220703125,-2.903961181640625,-3.800895929336548
1710532978197980392,-8.629255294799805,-2.8776159286499023,-3.80448842048645
1710532978237457620,-8.630453109741211,-2.8883936405181885,-3.7889208793640137
1710532978248051554,-8.630453109741211,-2.8584558963775635,-3.8152661323547363
1710532978273145611,-8.624464988708496,-2.8788135051727295,-3.8068835735321045
1710532978296848031,-8.602910041809082,-2.883603572845459,-3.7985010147094727
1710532978304999253,-8.617280006408691,-2.894381046295166,-3.8248462677001953
1710532978328042393,-8.620872497558594,-2.883603572845459,-3.8068835735321045
1710532978338337427,-8.626860618591309,-2.882405996322632,-3.7973034381866455
1710532978355382140,-8.618477821350098,-2.8692333698272705,-3.7949085235595703
1710532978378481701,-8.618477821350098,-2.895578622817993,-3.8068835735321045
1710532978416515248,-8.614885330200195,-2.8812084197998047,-3.790118455886841
1710532978454405402,-8.619675636291504,-2.8692333698272705,-3.7889208793640137
1710532978477298852,-8.623268127441406,-2.8692333698272705,-3.7961058616638184
1710532978492037174,-8.63644027709961,-2.8800110816955566,-3.7996985912323
1710532978506681289,-8.610095024108887,-2.8572583198547363,-3.800895929336548
1710532978529862119,-8.628057479858398,-2.883603572845459,-3.7996985912323
1710532978559144301,-8.623268127441406,-2.8668384552001953,-3.810476064682007
1710532978597121783,-8.618477821350098,-2.8800110816955566,-3.8068835735321045
1710532978605427323,-8.625662803649902,-2.872825860977173,-3.7973034381866455
1710532978634800030,-8.629255294799805,-2.891986131668091,-3.802093505859375
1710532978649456834,-8.630453109741211,-2.8788135051727295,-3.7961058616638184
1710532978681081292,-8.616083145141602,-2.865640878677368,-3.812870979309082
1710532978693815064,-8.629255294799805,-2.8812084197998047,-3.7985010147094727
1710532978710479215,-8.608898162841797,-2.871628522872925,-3.812870979309082
1710532978729400012,-8.629255294799805,-2.8704309463500977,-3.80448842048645
1710532978746184660,-8.623268127441406,-2.865640878677368,-3.8068835735321045
1710532978790671276,-8.623268127441406,-2.885998487472534,-3.800895929336548
1710532978792278493,-8.623268127441406,-2.876418352127075,-3.793710947036743
1710532978807099788,-8.628057479858398,-2.8812084197998047,-3.820056200027466
1710532978874230397,-8.619675636291504,-2.885998487472534,-3.812870979309082
1710532978897447576,-8.619675636291504,-2.8668384552001953,-3.7996985912323
1710532978909921108,-8.618477821350098,-2.8668384552001953,-3.8152661323547363
1710532978918461432,-8.624464988708496,-2.893183708190918,-3.80448842048645
1710532978933048630,-8.617280006408691,-2.852468252182007,-3.803291082382202
1710532978970925038,-8.620872497558594,-2.8812084197998047,-3.791316032409668
1710532979000944784,-8.632847785949707,-2.8800110816955566,-3.7985010147094727
1710532979044513255,-8.60770034790039,-2.8967761993408203,-3.8056859970092773
1710532979084369769,-8.623268127441406,-2.8740234375,-3.802093505859375
1710532979090539237,-8.613687515258789,-2.8895909786224365,-3.792513370513916
1710532979120235036,-8.6220703125,-2.882405996322632,-3.820056200027466
1710532979164256332,-8.6316499710083,-2.8704309463500977,-3.802093505859375
1710532979189462623,-8.630453109741211,-2.8895909786224365,-3.7973034381866455
1710532979202175121,-8.626860618591309,-2.882405996322632,-3.810476064682007
1710532979225240662,-8.616083145141602,-2.885998487472534,-3.814068555831909
1710532979235503652,-8.634045600891113,-2.8788135051727295,-3.7996985912323
1710532979248049853,-8.626860618591309,-2.8788135051727295,-3.7949085235595703
1710532979269502084,-8.626860618591309,-2.8788135051727295,-3.7949085235595703
1710532979294264791,-8.637638092041016,-2.8704309463500977,-3.7985010147094727
1710532979315353631,-8.620872497558594,-2.8740234375,-3.80448842048645
1710532979330090081,-8.620872497558594,-2.8788135051727295,-3.793710947036743
1710532979340583897,-8.617280006408691,-2.891986131668091,-3.7877233028411865
1710532979361641415,-8.626860618591309,-2.875221014022827,-3.7973034381866455
1710532979405781968,-8.620872497558594,-2.894381046295166,-3.7996985912323
1710532979412151020,-8.614885330200195,-2.8895909786224365,-3.8092784881591797
1710532979428960179,-8.608898162841797,-2.891986131668091,-3.803291082382202
1710532979435327441,-8.618477821350098,-2.8871960639953613,-3.800895929336548
1710532979481451635,-8.6220703125,-2.8800110816955566,-3.812870979309082
1710532979491906796,-8.6220703125,-2.875221014022827,-3.8092784881591797
1710532979496132577,-8.629255294799805,-2.8788135051727295,-3.80448842048645
1710532979517031988,-8.630453109741211,-2.8776159286499023,-3.800895929336548
1710532979546664181,-8.625662803649902,-2.883603572845459,-3.781735897064209
1710532979563547818,-8.605304718017578,-2.8991711139678955,-3.80448842048645
1710532979571912161,-8.617280006408691,-2.875221014022827,-3.7996985912323
1710532979586455179,-8.616083145141602,-2.883603572845459,-3.7949085235595703
1710532979603320436,-8.626860618591309,-2.8883936405181885,-3.7889208793640137
1710532979624311067,-8.620872497558594,-2.8680357933044434,-3.80448842048645
1710532979647409319,-8.60770034790039,-2.885998487472534,-3.7973034381866455
1710532979668504641,-8.6316499710083,-2.8895909786224365,-3.8260436058044434
1710532979674415946,-8.624464988708496,-2.8883936405181885,-3.8176610469818115
1710532979718742136,-8.606502532958984,-2.8776159286499023,-3.791316032409668
1710532979727291773,-8.634045600891113,-2.876418352127075,-3.8080811500549316
1710532979737642049,-8.6220703125,-2.883603572845459,-3.781735897064209
1710532979825664833,-8.606502532958984,-2.875221014022827,-3.7973034381866455
1710532979842449984,-8.608898162841797,-2.895578622817993,-3.7961058616638184
1710532979870137160,-8.608898162841797,-2.895578622817993,-3.7961058616638184
1710532979871872672,-8.613687515258789,-2.8776159286499023,-3.80448842048645
1710532979878157481,-8.626860618591309,-2.8740234375,-3.7961058616638184
1710532979918203505,-8.623268127441406,-2.8776159286499023,-3.784130811691284
1710532979920250480,-8.616083145141602,-2.871628522872925,-3.7949085235595703
1710532979939379147,-8.626860618591309,-2.8812084197998047,-3.7961058616638184
1710532979962426502,-8.623268127441406,-2.882405996322632,-3.8152661323547363
1710532979991779296,-8.614885330200195,-2.8907885551452637,-3.803291082382202
1710532980010673207,-8.624464988708496,-2.882405996322632,-3.8152661323547363
1710532980029673647,-8.6220703125,-2.8800110816955566,-3.7889208793640137
1710532980059153709,-8.59931755065918,-2.885998487472534,-3.8164637088775635
1710532980077859353,-8.620872497558594,-2.885998487472534,-3.810476064682007
1710532980103257766,-8.616083145141602,-2.8788135051727295,-3.7961058616638184
1710532980126320431,-8.604107856750488,-2.876418352127075,-3.7961058616638184
1710532980153959381,-8.629255294799805,-2.8788135051727295,-3.7853283882141113
1710532980185062562,-8.6124906539917,-2.885998487472534,-3.784130811691284
1710532980214431051,-8.624464988708496,-2.872825860977173,-3.810476064682007
1710532980245887279,-8.618477821350098,-2.8776159286499023,-3.7961058616638184
1710532980281502364,-8.625662803649902,-2.8668384552001953,-3.793710947036743
1710532980332301222,-8.628057479858398,-2.8907885551452637,-3.8164637088775635
1710532980357192393,-8.623268127441406,-2.8788135051727295,-3.802093505859375
1710532980374176219,-8.625662803649902,-2.8800110816955566,-3.782933235168457
1710532980386622259,-8.600515365600586,-2.884800910949707,-3.800895929336548
1710532980447344475,-8.626860618591309,-2.8883936405181885,-3.800895929336548
1710532980470588303,-8.635242462158203,-2.8812084197998047,-3.810476064682007
1710532980491472802,-8.624464988708496,-2.875221014022827,-3.8080811500549316
1710532980516782736,-8.624464988708496,-2.875221014022827,-3.812870979309082
1710532980525306444,-8.643625259399414,-2.882405996322632,-3.803291082382202
1710532980552738909,-8.614885330200195,-2.8812084197998047,-3.7985010147094727
1710532980575810551,-8.619675636291504,-2.8680357933044434,-3.800895929336548
1710532980598770217,-8.620872497558594,-2.8800110816955566,-3.7973034381866455
1710532980615619267,-8.624464988708496,-2.884800910949707,-3.8164637088775635
1710532980622017255,-8.638835906982422,-2.8800110816955566,-3.7985010147094727
1710532980651397128,-8.619675636291504,-2.883603572845459,-3.8080811500549316
1710532980682587945,-8.620872497558594,-2.8740234375,-3.800895929336548
1710532980703851020,-8.624464988708496,-2.8812084197998047,-3.7985010147094727
1710532980726930860,-8.630453109741211,-2.8740234375,-3.8068835735321045
1710532980762402062,-8.618477821350098,-2.882405996322632,-3.814068555831909
1710532980771131761,-8.618477821350098,-2.875221014022827,-3.820056200027466
1710532980779533633,-8.617280006408691,-2.884800910949707,-3.80448842048645
1710532980802422238,-8.626860618591309,-2.883603572845459,-3.7985010147094727
1710532980810671458,-8.618477821350098,-2.884800910949707,-3.7973034381866455
1710532980831682750,-8.618477821350098,-2.884800910949707,-3.7973034381866455
1710532980854752199,-8.624464988708496,-2.8680357933044434,-3.800895929336548
1710532980875752152,-8.624464988708496,-2.8895909786224365,-3.7973034381866455
1710532980904853106,-8.632847785949707,-2.8596532344818115,-3.80448842048645
1710532980930438374,-8.626860618591309,-2.895578622817993,-3.80448842048645
1710532980985099607,-8.637638092041016,-2.8692333698272705,-3.800895929336548
1710532981012528528,-8.628057479858398,-2.875221014022827,-3.814068555831909
1710532981040048869,-8.620872497558594,-2.8883936405181885,-3.800895929336548
1710532981077348336,-8.625662803649902,-2.9063560962677,-3.7877233028411865
1710532981092475512,-8.618477821350098,-2.882405996322632,-3.7985010147094727
1710532981123890116,-8.632847785949707,-2.8800110816955566,-3.7973034381866455
1710532981146908683,-8.640032768249512,-2.8584558963775635,-3.7949085235595703
1710532981195405270,-8.624464988708496,-2.8812084197998047,-3.780538320541382
1710532981211937016,-8.625662803649902,-2.8584558963775635,-3.803291082382202
1710532981234909616,-8.629255294799805,-2.883603572845459,-3.8080811500549316
1710532981245591836,-8.625662803649902,-2.876418352127075,-3.814068555831909
1710532981256099769,-8.624464988708496,-2.8907885551452637,-3.791316032409668
1710532981274735757,-8.623268127441406,-2.8572583198547363,-3.7973034381866455
1710532981296015809,-8.626860618591309,-2.875221014022827,-3.803291082382202
1710532981304421568,-8.623268127441406,-2.8895909786224365,-3.792513370513916
1710532981318954700,-8.632847785949707,-2.895578622817993,-3.812870979309082
1710532981342245918,-8.618477821350098,-2.882405996322632,-3.793710947036743
1710532981356885167,-8.632847785949707,-2.8800110816955566,-3.791316032409668
1710532981394823190,-8.60770034790039,-2.875221014022827,-3.8068835735321045
1710532981424229593,-8.619675636291504,-2.8800110816955566,-3.80448842048645
1710532981443101715,-8.632847785949707,-2.8967761993408203,-3.7996985912323
1710532981476459382,-8.623268127441406,-2.8812084197998047,-3.791316032409668
1710532981487238156,-8.606502532958984,-2.875221014022827,-3.8152661323547363
1710532981543951029,-8.624464988708496,-2.8812084197998047,-3.7961058616638184
1710532981552438662,-8.628057479858398,-2.8871960639953613,-3.8056859970092773
1710532981567351586,-8.618477821350098,-2.8812084197998047,-3.802093505859375
1710532981581721514,-8.626860618591309,-2.8883936405181885,-3.802093505859375
1710532981611194891,-8.617280006408691,-2.893183708190918,-3.803291082382202
1710532981628113489,-8.606502532958984,-2.876418352127075,-3.812870979309082
1710532981671881091,-8.623268127441406,-2.884800910949707,-3.7949085235595703
1710532981680433737,-8.617280006408691,-2.8740234375,-3.8152661323547363
1710532981714011513,-8.616083145141602,-2.8788135051727295,-3.7996985912323
1710532981730798446,-8.6316499710083,-2.862048387527466,-3.800895929336548
1710532981760419961,-8.628057479858398,-2.8668384552001953,-3.802093505859375
1710532981777164381,-8.613687515258789,-2.871628522872925,-3.790118455886841
1710532981802930091,-8.595725059509277,-2.871628522872925,-3.8068835735321045
1710532981827715440,-8.618477821350098,-2.864443302154541,-3.7985010147094727
1710532981836075075,-8.624464988708496,-2.884800910949707,-3.823648691177368
1710532981850723124,-8.60770034790039,-2.871628522872925,-3.80448842048645
1710532981882108618,-8.625662803649902,-2.8800110816955566,-3.8068835735321045
1710532981907582569,-8.618477821350098,-2.875221014022827,-3.7853283882141113
1710532981924461976,-8.610095024108887,-2.8967761993408203,-3.8188586235046387
1710532981937031164,-8.63644027709961,-2.876418352127075,-3.7973034381866455
1710532981955799724,-8.625662803649902,-2.891986131668091,-3.803291082382202
1710532981978964127,-8.6220703125,-2.8788135051727295,-3.792513370513916
1710532981987350400,-8.619675636291504,-2.8871960639953613,-3.7996985912323
1710532982031379373,-8.620872497558594,-2.8967761993408203,-3.7877233028411865
1710532982054487422,-8.618477821350098,-2.864443302154541,-3.802093505859375
1710532982128022027,-8.616083145141602,-2.864443302154541,-3.781735897064209
1710532982132245639,-8.628057479858398,-2.8907885551452637,-3.8164637088775635
1710532982138420717,-8.6316499710083,-2.8680357933044434,-3.7996985912323
1710532982153172051,-8.638835906982422,-2.884800910949707,-3.7996985912323
1710532982174169235,-8.617280006408691,-2.885998487472534,-3.80448842048645
1710532982212125315,-8.640032768249512,-2.883603572845459,-3.7973034381866455
1710532982214299016,-8.60770034790039,-2.8776159286499023,-3.803291082382202
1710532982220561467,-8.6220703125,-2.8907885551452637,-3.7973034381866455
1710532982239384429,-8.625662803649902,-2.865640878677368,-3.7996985912323
1710532982270952103,-8.64482307434082,-2.8788135051727295,-3.814068555831909
1710532982288115728,-8.629255294799805,-2.8800110816955566,-3.811673641204834
1710532982321845746,-8.610095024108887,-2.8895909786224365,-3.7961058616638184
1710532982345011579,-8.638835906982422,-2.884800910949707,-3.8080811500549316
1710532982376481395,-8.628057479858398,-2.884800910949707,-3.780538320541382
1710532982405966366,-8.632847785949707,-2.8812084197998047,-3.8068835735321045
1710532982414337137,-8.620872497558594,-2.8895909786224365,-3.780538320541382
1710532982449983529,-8.629255294799805,-2.8871960639953613,-3.784130811691284
1710532982496597447,-8.623268127441406,-2.8979735374450684,-3.7973034381866455
1710532982503293769,-8.613687515258789,-2.8788135051727295,-3.7985010147094727
1710532982519689899,-8.624464988708496,-2.885998487472534,-3.803291082382202
1710532982529989799,-8.624464988708496,-2.8680357933044434,-3.7877233028411865
1710532982553178747,-8.613687515258789,-2.8871960639953613,-3.823648691177368
1710532982580417959,-8.623268127441406,-2.864443302154541,-3.790118455886841
1710532982616027626,-8.628057479858398,-2.8800110816955566,-3.814068555831909
1710532982649559495,-8.629255294799805,-2.8668384552001953,-3.8080811500549316
1710532982676769861,-8.623268127441406,-2.8512706756591797,-3.8176610469818115
1710532982723285988,-8.614885330200195,-2.8812084197998047,-3.8080811500549316
1710532982756761591,-8.625662803649902,-2.894381046295166,-3.7889208793640137
1710532982765140711,-8.625662803649902,-2.8668384552001953,-3.80448842048645
1710532982775552559,-8.6316499710083,-2.895578622817993,-3.8092784881591797
1710532982804889778,-8.618477821350098,-2.872825860977173,-3.7889208793640137
1710532982828043885,-8.623268127441406,-2.872825860977173,-3.80448842048645
1710532982857426813,-8.620872497558594,-2.882405996322632,-3.790118455886841
1710532982870669796,-8.625662803649902,-2.8907885551452637,-3.8152661323547363
1710532982909953800,-8.632847785949707,-2.884800910949707,-3.814068555831909
1710532982924745415,-8.606502532958984,-2.8812084197998047,-3.7877233028411865
1710532982933048624,-8.6124906539917,-2.895578622817993,-3.8068835735321045
1710532982956300508,-8.6124906539917,-2.885998487472534,-3.8080811500549316
1710532982983604315,-8.619675636291504,-2.883603572845459,-3.7865259647369385
1710532983000446959,-8.614885330200195,-2.882405996322632,-3.802093505859375
1710532983029849874,-8.60770034790039,-2.882405996322632,-3.803291082382202
1710532983067485161,-8.614885330200195,-2.8883936405181885,-3.7961058616638184
1710532983079925991,-8.618477821350098,-2.8883936405181885,-3.811673641204834
1710532983121189125,-8.616083145141602,-2.872825860977173,-3.802093505859375
1710532983141161010,-8.616083145141602,-2.8967761993408203,-3.7985010147094727
1710532983143292731,-8.602910041809082,-2.8572583198547363,-3.7961058616638184
1710532983178922166,-8.626860618591309,-2.8740234375,-3.802093505859375
1710532983193593709,-8.629255294799805,-2.8692333698272705,-3.802093505859375
1710532983210459139,-8.632847785949707,-2.8800110816955566,-3.8068835735321045
1710532983237682833,-8.623268127441406,-2.872825860977173,-3.8068835735321045
1710532983269034136,-8.608898162841797,-2.8991711139678955,-3.803291082382202
1710532983287937246,-8.6220703125,-2.865640878677368,-3.8152661323547363
1710532983321782754,-8.624464988708496,-2.882405996322632,-3.80448842048645
1710532983342653663,-8.600515365600586,-2.8812084197998047,-3.8092784881591797
1710532983353155661,-8.596922874450684,-2.8883936405181885,-3.7996985912323
1710532983367872277,-8.619675636291504,-2.863245964050293,-3.7949085235595703
1710532983403823010,-8.630453109741211,-2.8608508110046387,-3.784130811691284
1710532983420461643,-8.6316499710083,-2.884800910949707,-3.8092784881591797
1710532983441405354,-8.601712226867676,-2.8704309463500977,-3.802093505859375
1710532983485237504,-8.617280006408691,-2.8871960639953613,-3.7865259647369385
1710532983508418691,-8.625662803649902,-2.8907885551452637,-3.790118455886841
1710532983537634288,-8.625662803649902,-2.8788135051727295,-3.7985010147094727
1710532983561104802,-8.626860618591309,-2.8608508110046387,-3.8056859970092773
1710532983583943132,-8.623268127441406,-2.9075536727905273,-3.7973034381866455
1710532983611283155,-8.6220703125,-2.8812084197998047,-3.7889208793640137
1710532983642876968,-8.606502532958984,-2.876418352127075,-3.7973034381866455
1710532983651071500,-8.623268127441406,-2.8812084197998047,-3.803291082382202
1710532983667605716,-8.618477821350098,-2.8704309463500977,-3.7949085235595703
1710532983697319009,-8.626860618591309,-2.882405996322632,-3.811673641204834
1710532983718654345,-8.626860618591309,-2.875221014022827,-3.800895929336548
1710532983733431251,-8.624464988708496,-2.882405996322632,-3.7985010147094727
1710532983762758006,-8.6220703125,-2.864443302154541,-3.812870979309082
1710532983785850705,-8.630453109741211,-2.884800910949707,-3.800895929336548
1710532983794253648,-8.6316499710083,-2.884800910949707,-3.7949085235595703
1710532983823783994,-8.625662803649902,-2.8895909786224365,-3.7973034381866455
1710532983838420012,-8.620872497558594,-2.876418352127075,-3.791316032409668
1710532983876011556,-8.625662803649902,-2.8608508110046387,-3.7985010147094727
1710532983937224832,-8.630453109741211,-2.884800910949707,-3.7985010147094727
1710532983951690147,-8.618477821350098,-2.882405996322632,-3.823648691177368
1710532983989496800,-8.628057479858398,-2.8991711139678955,-3.7996985912323
1710532984056797799,-8.63644027709961,-2.903961181640625,-3.80448842048645
1710532984079928115,-8.625662803649902,-2.8788135051727295,-3.793710947036743
1710532984094823297,-8.647217750549316,-2.884800910949707,-3.7996985912323
1710532984132788416,-8.618477821350098,-2.885998487472534,-3.7865259647369385
1710532984147424598,-8.637638092041016,-2.8883936405181885,-3.810476064682007
1710532984153676882,-8.619675636291504,-2.8895909786224365,-3.7949085235595703
1710532984177473522,-8.624464988708496,-2.8788135051727295,-3.800895929336548
1710532984239796063,-8.630453109741211,-2.8788135051727295,-3.822451114654541
1710532984266215023,-8.618477821350098,-2.8704309463500977,-3.7996985912323
1710532984281729255,-8.6316499710083,-2.8788135051727295,-3.7985010147094727
1710532984326221358,-8.620872497558594,-2.875221014022827,-3.811673641204834
1710532984328354429,-8.617280006408691,-2.883603572845459,-3.791316032409668
1710532984343114453,-8.6316499710083,-2.895578622817993,-3.802093505859375
1710532984393375223,-8.6220703125,-2.8895909786224365,-3.7985010147094727
1710532984416707719,-8.613687515258789,-2.8680357933044434,-3.802093505859375
1710532984460771172,-8.611292839050293,-2.876418352127075,-3.800895929336548
1710532984469132577,-8.619675636291504,-2.8608508110046387,-3.800895929336548
1710532984490081983,-8.611292839050293,-2.8704309463500977,-3.7853283882141113
1710532984504784045,-8.63644027709961,-2.8895909786224365,-3.810476064682007
1710532984521998707,-8.628057479858398,-2.8680357933044434,-3.802093505859375
1710532984553209100,-8.616083145141602,-2.8800110816955566,-3.7961058616638184
1710532984570002039,-8.6220703125,-2.8476781845092773,-3.8068835735321045
1710532984593174983,-8.625662803649902,-2.8967761993408203,-3.811673641204834
1710532984606422195,-8.625662803649902,-2.8895909786224365,-3.7973034381866455
1710532984618240958,-8.626860618591309,-2.853665828704834,-3.7985010147094727
1710532984626797587,-8.623268127441406,-2.862048387527466,-3.8056859970092773
1710532984641379714,-8.606502532958984,-2.902763605117798,-3.793710947036743
1710532984685320684,-8.630453109741211,-2.872825860977173,-3.800895929336548
1710532984702405617,-8.618477821350098,-2.8776159286499023,-3.7853283882141113
1710532984731759527,-8.625662803649902,-2.902763605117798,-3.8056859970092773
1710532984782344542,-8.630453109741211,-2.8776159286499023,-3.800895929336548
1710532984807548953,-8.606502532958984,-2.8740234375,-3.7973034381866455
1710532984822041044,-8.6220703125,-2.863245964050293,-3.793710947036743
1710532984844941141,-8.620872497558594,-2.8584558963775635,-3.810476064682007
1710532984918795415,-8.620872497558594,-2.8680357933044434,-3.7973034381866455
1710532984935660406,-8.620872497558594,-2.852468252182007,-3.7996985912323
1710532985023820672,-8.63644027709961,-2.8692333698272705,-3.792513370513916
1710532985036354916,-8.629255294799805,-2.894381046295166,-3.7889208793640137
1710532985053232977,-8.63644027709961,-2.856060743331909,-3.8056859970092773
1710532985088667848,-8.588540077209473,-2.845283269882202,-3.7985010147094727
1710532985122529535,-8.618477821350098,-2.894381046295166,-3.803291082382202
1710532985158617555,-8.629255294799805,-2.871628522872925,-3.812870979309082
1710532985189743581,-8.616083145141602,-2.891986131668091,-3.7949085235595703
1710532985202446108,-8.623268127441406,-2.876418352127075,-3.782933235168457
1710532985219421976,-8.619675636291504,-2.876418352127075,-3.7865259647369385
1710532985269674087,-8.626860618591309,-2.884800910949707,-3.814068555831909
1710532985280040921,-8.623268127441406,-2.864443302154541,-3.7865259647369385
1710532985299552084,-8.614885330200195,-2.8967761993408203,-3.8188586235046387
1710532985315981496,-8.6220703125,-2.8608508110046387,-3.8068835735321045
1710532985347576537,-8.617280006408691,-2.893183708190918,-3.7973034381866455
1710532985368741588,-8.6220703125,-2.8883936405181885,-3.7889208793640137
1710532985377110594,-8.617280006408691,-2.853665828704834,-3.8152661323547363
1710532985394279176,-8.6220703125,-2.8883936405181885,-3.8152661323547363
1710532985396175696,-8.624464988708496,-2.891986131668091,-3.7889208793640137
1710532985421379072,-8.634045600891113,-2.883603572845459,-3.780538320541382
1710532985435964891,-8.613687515258789,-2.882405996322632,-3.7973034381866455
1710532985450743268,-8.6220703125,-2.8704309463500977,-3.7961058616638184
1710532985471392499,-8.6316499710083,-2.8740234375,-3.803291082382202
1710532985482083875,-8.628057479858398,-2.8740234375,-3.7996985912323
1710532985486223971,-8.628057479858398,-2.8740234375,-3.814068555831909
1710532985513350228,-8.630453109741211,-2.8692333698272705,-3.810476064682007
1710532985525967978,-8.625662803649902,-2.90156626701355,-3.7996985912323
1710532985540768243,-8.6220703125,-2.891986131668091,-3.7949085235595703
1710532985563874044,-8.624464988708496,-2.883603572845459,-3.8056859970092773
1710532985578782624,-8.6220703125,-2.884800910949707,-3.7973034381866455
1710532985610125669,-8.614885330200195,-2.8788135051727295,-3.784130811691284
1710532985616472279,-8.6316499710083,-2.885998487472534,-3.8056859970092773
1710532985700260561,-8.614885330200195,-2.875221014022827,-3.7985010147094727
1710532985712787860,-8.666378021240234,-2.8392956256866455,-3.713477849960327
1710532985729866061,-8.613687515258789,-2.8273205757141113,-3.8080811500549316
1710532985790677914,-8.614885330200195,-2.872825860977173,-3.793710947036743
1710532985803267795,-8.618477821350098,-2.8788135051727295,-3.780538320541382
1710532985828382223,-8.63644027709961,-2.871628522872925,-3.812870979309082
1710532985843017952,-8.614885330200195,-2.876418352127075,-3.811673641204834
1710532985870265467,-8.6316499710083,-2.856060743331909,-3.7865259647369385
1710532985914362990,-8.623268127441406,-2.8812084197998047,-3.7985010147094727
1710532985924683696,-8.63644027709961,-2.8740234375,-3.790118455886841
1710532985931065099,-8.617280006408691,-2.8883936405181885,-3.7793407440185547
1710532985947889025,-8.630453109741211,-2.865640878677368,-3.821253776550293
1710532985968806026,-8.616083145141602,-2.8967761993408203,-3.7949085235595703
1710532985983527667,-8.623268127441406,-2.872825860977173,-3.7877233028411865
1710532986029695870,-8.6316499710083,-2.8740234375,-3.814068555831909
1710532986059343359,-8.626860618591309,-2.9087512493133545,-3.7853283882141113
1710532986103412150,-8.626860618591309,-2.872825860977173,-3.7985010147094727
1710532986130998244,-8.620872497558594,-2.8991711139678955,-3.7985010147094727
1710532986172719561,-8.634045600891113,-2.891986131668091,-3.784130811691284
1710532986218926978,-8.616083145141602,-2.8895909786224365,-3.822451114654541
1710532986240119709,-8.614885330200195,-2.8680357933044434,-3.782933235168457
1710532986307235303,-8.6220703125,-2.864443302154541,-3.811673641204834
1710532986360008271,-8.616083145141602,-2.8979735374450684,-3.80448842048645
1710532986374550963,-8.619675636291504,-2.8788135051727295,-3.793710947036743
1710532986412519038,-8.610095024108887,-2.8596532344818115,-3.820056200027466
1710532986473251552,-8.620872497558594,-2.8297154903411865,-3.8164637088775635
1710532986538562919,-8.610095024108887,-2.9075536727905273,-3.773353338241577
1710532986576367021,-8.614885330200195,-2.8907885551452637,-3.802093505859375
1710532986591016948,-8.623268127441406,-2.8596532344818115,-3.774550676345825
1710532986620454529,-8.617280006408691,-2.8476781845092773,-3.792513370513916
1710532986635086291,-8.638835906982422,-2.8907885551452637,-3.784130811691284
1710532986669399041,-8.623268127441406,-2.9063560962677,-3.7793407440185547
1710532986740406945,-8.623268127441406,-2.885998487472534,-3.7973034381866455
1710532986780163163,-8.624464988708496,-2.8812084197998047,-3.822451114654541
1710532986794986668,-8.640032768249512,-2.8584558963775635,-3.7973034381866455
1710532986809518989,-8.623268127441406,-2.8883936405181885,-3.7685632705688477
1710532986817934163,-8.60770034790039,-2.8883936405181885,-3.80448842048645
1710532986851559883,-8.601712226867676,-2.8692333698272705,-3.810476064682007
1710532986855961233,-8.618477821350098,-2.90156626701355,-3.791316032409668
1710532986857965824,-8.618477821350098,-2.884800910949707,-3.8056859970092773
1710532986871054524,-8.626860618591309,-2.872825860977173,-3.8248462677001953
1710532986914634569,-8.619675636291504,-2.856060743331909,-3.774550676345825
1710532986923043606,-8.6220703125,-2.876418352127075,-3.803291082382202
1710532986933130406,-8.629255294799805,-2.8907885551452637,-3.8188586235046387
1710532986969308308,-8.623268127441406,-2.8871960639953613,-3.7996985912323
1710532986996725529,-8.610095024108887,-2.8871960639953613,-3.802093505859375
1710532987070716646,-8.629255294799805,-2.8692333698272705,-3.7996985912323
1710532987074025000,-8.619675636291504,-2.8895909786224365,-3.782933235168457
1710532987099679750,-8.629255294799805,-2.8788135051727295,-3.782933235168457
1710532987145564355,-8.623268127441406,-2.8895909786224365,-3.8068835735321045
1710532987156212401,-8.619675636291504,-2.876418352127075,-3.7949085235595703
1710532987162395114,-8.629255294799805,-2.8608508110046387,-3.781735897064209
1710532987169088573,-8.619675636291504,-2.8776159286499023,-3.7877233028411865
1710532987189797619,-8.634045600891113,-2.891986131668091,-3.829636335372925
1710532987238205691,-8.623268127441406,-2.8812084197998047,-3.810476064682007
1710532987250872684,-8.635242462158203,-2.8704309463500977,-3.7985010147094727
1710532987280251981,-8.620872497558594,-2.8776159286499023,-3.7949085235595703
1710532987305540786,-8.623268127441406,-2.895578622817993,-3.811673641204834
1710532987326489569,-8.624464988708496,-2.8895909786224365,-3.814068555831909
1710532987334876507,-8.610095024108887,-2.882405996322632,-3.8068835735321045
1710532987349499275,-8.643625259399414,-2.883603572845459,-3.80448842048645
1710532987374928235,-8.6220703125,-2.8800110816955566,-3.7889208793640137
1710532987402083039,-8.628057479858398,-2.864443302154541,-3.803291082382202
1710532987444367120,-8.625662803649902,-2.852468252182007,-3.793710947036743
1710532987492217592,-8.623268127441406,-2.8788135051727295,-3.7985010147094727
1710532987504788099,-8.626860618591309,-2.893183708190918,-3.7985010147094727
1710532987574218554,-8.6124906539917,-2.872825860977173,-3.8092784881591797
1710532987582690569,-8.6220703125,-2.8788135051727295,-3.8056859970092773
1710532987586801046,-8.6220703125,-2.865640878677368,-3.8080811500549316
1710532987601408655,-8.623268127441406,-2.8572583198547363,-3.7973034381866455
1710532987620602311,-8.620872497558594,-2.8907885551452637,-3.7996985912323
1710532987635850676,-8.625662803649902,-2.8740234375,-3.7996985912323
1710532987672868505,-8.617280006408691,-2.865640878677368,-3.7973034381866455
1710532987687387962,-8.614885330200195,-2.8692333698272705,-3.800895929336548
1710532987706518180,-8.630453109741211,-2.8895909786224365,-3.7961058616638184
1710532987740238421,-8.626860618591309,-2.862048387527466,-3.800895929336548
1710532987752978081,-8.632847785949707,-2.8967761993408203,-3.7985010147094727
1710532987769441664,-8.628057479858398,-2.8668384552001953,-3.8164637088775635
1710532987777981363,-8.623268127441406,-2.865640878677368,-3.803291082382202
1710532987807590646,-8.626860618591309,-2.8883936405181885,-3.8056859970092773
1710532987830737731,-8.624464988708496,-2.882405996322632,-3.7949085235595703
1710532987843253638,-8.626860618591309,-2.871628522872925,-3.7961058616638184
1710532987871049008,-8.625662803649902,-2.882405996322632,-3.8092784881591797
1710532987889242499,-8.605304718017578,-2.872825860977173,-3.793710947036743
1710532987908068862,-8.619675636291504,-2.865640878677368,-3.7973034381866455
1710532987918738375,-8.605304718017578,-2.8907885551452637,-3.8068835735321045
1710532987935677847,-8.605304718017578,-2.871628522872925,-3.8092784881591797
1710532987965238742,-8.626860618591309,-2.895578622817993,-3.8164637088775635
1710532987986159429,-8.623268127441406,-2.882405996322632,-3.803291082382202
1710532988000776735,-8.624464988708496,-2.8871960639953613,-3.780538320541382
1710532988011468952,-8.617280006408691,-2.902763605117798,-3.800895929336548
1710532988015463462,-8.618477821350098,-2.863245964050293,-3.80448842048645
1710532988028078252,-8.625662803649902,-2.8895909786224365,-3.8092784881591797
1710532988040627462,-8.616083145141602,-2.8668384552001953,-3.7949085235595703
1710532988064679304,-8.6220703125,-2.8812084197998047,-3.810476064682007
1710532988084410170,-8.623268127441406,-2.894381046295166,-3.790118455886841
1710532988092984174,-8.613687515258789,-2.8895909786224365,-3.7973034381866455
1710532988121054785,-8.625662803649902,-2.8788135051727295,-3.773353338241577
1710532988164466020,-8.625662803649902,-2.8788135051727295,-3.7996985912323
1710532988174904785,-8.625662803649902,-2.8883936405181885,-3.791316032409668
1710532988198141502,-8.6220703125,-2.8788135051727295,-3.80448842048645
1710532988214708020,-8.623268127441406,-2.8812084197998047,-3.8068835735321045
1710532988218731814,-8.632847785949707,-2.8668384552001953,-3.800895929336548
1710532988231567554,-8.610095024108887,-2.9063560962677,-3.7865259647369385
1710532988254484919,-8.620872497558594,-2.883603572845459,-3.7996985912323
1710532988267974011,-8.626860618591309,-2.8692333698272705,-3.80448842048645
1710532988367948144,-8.625662803649902,-2.8883936405181885,-3.793710947036743
1710532988391204800,-8.616083145141602,-2.883603572845459,-3.7949085235595703
1710532988479525087,-8.638835906982422,-2.864443302154541,-3.784130811691284
1710532988490002350,-8.628057479858398,-2.891986131668091,-3.7769458293914795
1710532988502748524,-8.6220703125,-2.8812084197998047,-3.803291082382202
1710532988513504458,-8.6316499710083,-2.8776159286499023,-3.8068835735321045
1710532988519545766,-8.617280006408691,-2.856060743331909,-3.7961058616638184
1710532988565705166,-8.619675636291504,-2.9171338081359863,-3.811673641204834
1710532988572077010,-8.629255294799805,-2.895578622817993,-3.792513370513916
1710532988595127429,-8.6124906539917,-2.8392956256866455,-3.8056859970092773
1710532988607598725,-8.623268127441406,-2.8668384552001953,-3.8164637088775635
1710532988618209803,-8.628057479858398,-2.8883936405181885,-3.803291082382202
1710532988638890856,-8.625662803649902,-2.883603572845459,-3.7889208793640137
1710532988653549994,-8.628057479858398,-2.885998487472534,-3.792513370513916
1710532988670355765,-8.623268127441406,-2.883603572845459,-3.823648691177368
1710532988721083005,-8.620872497558594,-2.891986131668091,-3.803291082382202
1710532988741995629,-8.624464988708496,-2.9003686904907227,-3.8056859970092773
1710532988748451968,-8.619675636291504,-2.871628522872925,-3.814068555831909
1710532988820066081,-8.6220703125,-2.8788135051727295,-3.8092784881591797
1710532988840913958,-8.623268127441406,-2.884800910949707,-3.7961058616638184
1710532988845148933,-8.624464988708496,-2.8979735374450684,-3.774550676345825
1710532988849227382,-8.613687515258789,-2.882405996322632,-3.8092784881591797
1710532988872132237,-8.630453109741211,-2.8812084197998047,-3.793710947036743
1710532988895399759,-8.6220703125,-2.8895909786224365,-3.7865259647369385
1710532988910157331,-8.613687515258789,-2.8788135051727295,-3.8092784881591797
1710532988931016217,-8.629255294799805,-2.8788135051727295,-3.8092784881591797
1710532988962673930,-8.623268127441406,-2.8788135051727295,-3.7877233028411865
1710532988981713710,-8.619675636291504,-2.912343740463257,-3.7996985912323
1710532988983750767,-8.624464988708496,-2.875221014022827,-3.7985010147094727
1710532988998903244,-8.623268127441406,-2.8812084197998047,-3.7973034381866455
1710532989021520416,-8.623268127441406,-2.8967761993408203,-3.8068835735321045
1710532989065434870,-8.623268127441406,-2.8572583198547363,-3.7973034381866455
1710532989073904993,-8.6220703125,-2.883603572845459,-3.790118455886841
1710532989103231885,-8.617280006408691,-2.876418352127075,-3.7889208793640137
1710532989132937853,-8.637638092041016,-2.8907885551452637,-3.811673641204834
1710532989185423891,-8.620872497558594,-2.8991711139678955,-3.793710947036743
1710532989193925384,-8.610095024108887,-2.8608508110046387,-3.790118455886841
1710532989217613868,-8.625662803649902,-2.895578622817993,-3.8056859970092773
1710532989240225752,-8.629255294799805,-2.8991711139678955,-3.7877233028411865
1710532989281827748,-8.618477821350098,-2.891986131668091,-3.800895929336548
1710532989288214377,-8.634045600891113,-2.8895909786224365,-3.790118455886841
1710532989315708484,-8.641230583190918,-2.893183708190918,-3.7961058616638184
1710532989359782291,-8.616083145141602,-2.8871960639953613,-3.8080811500549316
1710532989370498572,-8.617280006408691,-2.895578622817993,-3.8152661323547363
1710532989401790379,-8.625662803649902,-2.8776159286499023,-3.8188586235046387
1710532989410293835,-8.620872497558594,-2.875221014022827,-3.793710947036743
1710532989427015629,-8.610095024108887,-2.871628522872925,-3.793710947036743
1710532989464581944,-8.620872497558594,-2.902763605117798,-3.80448842048645
1710532989485815017,-8.626860618591309,-2.876418352127075,-3.802093505859375
1710532989515345086,-8.619675636291504,-2.8788135051727295,-3.7973034381866455
1710532989567653266,-8.611292839050293,-2.8608508110046387,-3.7949085235595703
1710532989582608123,-8.625662803649902,-2.8871960639953613,-3.80448842048645
1710532989620219443,-8.628057479858398,-2.912343740463257,-3.7853283882141113
1710532989643384635,-8.617280006408691,-2.8704309463500977,-3.7673656940460205
1710532989672650918,-8.616083145141602,-2.8692333698272705,-3.781735897064209
1710532989719734215,-8.616083145141602,-2.895578622817993,-3.820056200027466
1710532989731990327,-8.629255294799805,-2.9111461639404297,-3.812870979309082
1710532989750915313,-8.629255294799805,-2.884800910949707,-3.7949085235595703
1710532989771870249,-8.625662803649902,-2.853665828704834,-3.7973034381866455
1710532989807653186,-8.613687515258789,-2.876418352127075,-3.803291082382202
1710532989845349125,-8.625662803649902,-2.8907885551452637,-3.7889208793640137
1710532989868498447,-8.628057479858398,-2.882405996322632,-3.792513370513916
1710532989876550781,-8.628057479858398,-2.882405996322632,-3.792513370513916
1710532989897697456,-8.600515365600586,-2.8979735374450684,-3.792513370513916
1710532989904034981,-8.629255294799805,-2.8692333698272705,-3.811673641204834
1710532989918686267,-8.623268127441406,-2.883603572845459,-3.7889208793640137
1710532989931464338,-8.628057479858398,-2.8692333698272705,-3.7865259647369385
1710532989941751196,-8.628057479858398,-2.8692333698272705,-3.7865259647369385
1710532989960986447,-8.619675636291504,-2.893183708190918,-3.8356237411499023
1710532989990227770,-8.623268127441406,-2.8907885551452637,-3.822451114654541
1710532990021592483,-8.601712226867676,-2.8871960639953613,-3.792513370513916
1710532990045047075,-8.620872497558594,-2.905158758163452,-3.802093505859375
1710532990059823133,-8.625662803649902,-2.8668384552001953,-3.814068555831909
1710532990061993743,-8.6220703125,-2.8692333698272705,-3.7889208793640137
1710532990074320225,-8.629255294799805,-2.905158758163452,-3.7996985912323
1710532990103841228,-8.634045600891113,-2.864443302154541,-3.800895929336548
1710532990127057805,-8.620872497558594,-2.875221014022827,-3.810476064682007
1710532990139915068,-8.646020889282227,-2.8680357933044434,-3.820056200027466
1710532990177822581,-8.594527244567871,-2.884800910949707,-3.7985010147094727
1710532990205224019,-8.652008056640625,-2.8991711139678955,-3.769760847091675
1710532990220101959,-8.634045600891113,-2.9075536727905273,-3.7973034381866455
1710532990245130310,-8.618477821350098,-2.8608508110046387,-3.7949085235595703
1710532990282955529,-8.619675636291504,-2.875221014022827,-3.80448842048645
1710532990327253597,-8.624464988708496,-2.8967761993408203,-3.791316032409668
1710532990350300497,-8.598119735717773,-2.8704309463500977,-3.793710947036743
1710532990364839972,-8.63644027709961,-2.9063560962677,-3.793710947036743
1710532990423514270,-8.620872497558594,-2.8895909786224365,-3.7961058616638184
1710532990467528995,-8.626860618591309,-2.894381046295166,-3.7757482528686523
1710532990507601519,-8.629255294799805,-2.895578622817993,-3.8260436058044434
1710532990610431100,-8.632847785949707,-2.895578622817993,-3.8176610469818115
1710532990635686378,-8.614885330200195,-2.8788135051727295,-3.822451114654541
1710532990656671299,-8.629255294799805,-2.902763605117798,-3.7985010147094727
1710532990698737460,-8.628057479858398,-2.891986131668091,-3.7877233028411865
1710532990728235396,-8.641230583190918,-2.845283269882202,-3.8164637088775635
1710532990734622548,-8.613687515258789,-2.913541316986084,-3.7961058616638184
1710532990755724055,-8.641230583190918,-2.8895909786224365,-3.7973034381866455
1710532990791277874,-8.623268127441406,-2.8500733375549316,-3.7973034381866455
1710532990850236062,-8.628057479858398,-2.8895909786224365,-3.7996985912323
1710532990858561342,-8.63644027709961,-2.8895909786224365,-3.7996985912323
1710532990919260316,-8.6220703125,-2.862048387527466,-3.803291082382202
1710532990948702174,-8.634045600891113,-2.893183708190918,-3.830833673477173
1710532990986545692,-8.6220703125,-2.862048387527466,-3.7985010147094727
1710532991024274984,-8.632847785949707,-2.891986131668091,-3.7793407440185547
1710532991051596734,-8.632847785949707,-2.865640878677368,-3.7961058616638184
1710532991062845356,-8.6124906539917,-2.8812084197998047,-3.7996985912323
1710532991074355081,-8.637638092041016,-2.891986131668091,-3.7961058616638184
1710532991099712115,-8.625662803649902,-2.8740234375,-3.7973034381866455
1710532991150317560,-8.628057479858398,-2.893183708190918,-3.8284387588500977
1710532991166954995,-8.614885330200195,-2.8740234375,-3.773353338241577
1710532991188156066,-8.604107856750488,-2.8871960639953613,-3.7949085235595703
1710532991213247640,-8.635242462158203,-2.8812084197998047,-3.800895929336548
1710532991238311854,-8.625662803649902,-2.885998487472534,-3.7877233028411865
1710532991279974287,-8.6220703125,-2.931504011154175,-3.7949085235595703
1710532991294950384,-8.619675636291504,-2.8740234375,-3.80448842048645
1710532991309584516,-8.618477821350098,-2.8895909786224365,-3.7769458293914795
1710532991336697341,-8.613687515258789,-2.893183708190918,-3.780538320541382
1710532991406625465,-8.625662803649902,-2.8668384552001953,-3.774550676345825
1710532991421211552,-8.619675636291504,-2.863245964050293,-3.782933235168457
1710532991456974550,-8.624464988708496,-2.891986131668091,-3.780538320541382
1710532991477825389,-8.632847785949707,-2.8776159286499023,-3.80448842048645
1710532991496910860,-8.619675636291504,-2.8776159286499023,-3.760180711746216
1710532991526551389,-8.614885330200195,-2.8967761993408203,-3.7985010147094727
1710532991587387596,-8.620872497558594,-2.8740234375,-3.8068835735321045
1710532991593559220,-8.63644027709961,-2.854863166809082,-3.7996985912323
1710532991602081732,-8.637638092041016,-2.8692333698272705,-3.829636335372925
1710532991625047643,-8.6316499710083,-2.891986131668091,-3.7961058616638184
1710532991646149810,-8.6316499710083,-2.842888116836548,-3.7949085235595703
1710532991668903502,-8.620872497558594,-2.8740234375,-3.80448842048645
1710532991719569859,-8.613687515258789,-2.8500733375549316,-3.8272411823272705
1710532991744938489,-8.6220703125,-2.885998487472534,-3.7889208793640137
1710532991768909126,-8.626860618591309,-2.885998487472534,-3.8559813499450684
1710532991833539478,-8.6124906539917,-2.875221014022827,-3.842808723449707
1710532991862891958,-8.611292839050293,-2.9075536727905273,-3.840413808822632
1710532991932929437,-8.614885330200195,-2.9111461639404297,-3.821253776550293
1710532991961670062,-8.623268127441406,-2.8740234375,-3.830833673477173
1710532991970159709,-8.630453109741211,-2.894381046295166,-3.8356237411499023
1710532991984729461,-8.630453109741211,-2.894381046295166,-3.8356237411499023
1710532992014397108,-8.624464988708496,-2.8871960639953613,-3.8164637088775635
1710532992054270381,-8.602910041809082,-2.8740234375,-3.80448842048645
1710532992098531867,-8.617280006408691,-2.895578622817993,-3.810476064682007
1710532992117265703,-8.619675636291504,-2.902763605117798,-3.814068555831909
1710532992166108473,-8.629255294799805,-2.915936231613159,-3.8475987911224365
1710532992201721419,-8.625662803649902,-2.8967761993408203,-3.8260436058044434
1710532992222548574,-8.60770034790039,-2.882405996322632,-3.8356237411499023
1710532992237202601,-8.634045600891113,-2.8500733375549316,-3.8272411823272705
1710532992262456223,-8.616083145141602,-2.9087512493133545,-3.8056859970092773
1710532992283363773,-8.6220703125,-2.8967761993408203,-3.7996985912323
1710532992321405730,-8.617280006408691,-2.905158758163452,-3.8284387588500977
1710532992351059442,-8.63644027709961,-2.876418352127075,-3.8176610469818115
1710532992353215797,-8.630453109741211,-2.893183708190918,-3.829636335372925
1710532992397550112,-8.640032768249512,-2.912343740463257,-3.8392162322998047
1710532992424393397,-8.619675636291504,-2.876418352127075,-3.834426164627075
1710532992432752374,-8.623268127441406,-2.884800910949707,-3.8667590618133545
1710532992455758001,-8.614885330200195,-2.8608508110046387,-3.8272411823272705
1710532992472310038,-8.614885330200195,-2.875221014022827,-3.822451114654541
1710532992495790244,-8.64482307434082,-2.875221014022827,-3.851191520690918
1710532992510455441,-8.617280006408691,-2.835703134536743,-3.8380188941955566
1710532992525388051,-8.620872497558594,-2.9111461639404297,-3.7865259647369385
1710532992539990185,-8.63644027709961,-2.923121452331543,-3.83203125
1710532992554770198,-8.602910041809082,-2.8907885551452637,-3.80448842048645
1710532992569364095,-8.629255294799805,-2.8967761993408203,-3.841611385345459
1710532992584148634,-8.629255294799805,-2.8967761993408203,-3.820056200027466
1710532992600851947,-8.619675636291504,-2.8967761993408203,-3.8380188941955566
1710532992628114863,-8.63644027709961,-2.875221014022827,-3.80448842048645
1710532992678638119,-8.618477821350098,-2.8692333698272705,-3.829636335372925
1710532992712477505,-8.628057479858398,-2.90156626701355,-3.812870979309082
1710532992739571724,-8.623268127441406,-2.871628522872925,-3.7961058616638184
1710532992763005603,-8.611292839050293,-2.8895909786224365,-3.812870979309082
1710532992769139704,-8.618477821350098,-2.8788135051727295,-3.8188586235046387
1710532992777602068,-8.618477821350098,-2.8788135051727295,-3.8188586235046387
1710532992828029387,-8.608898162841797,-2.8812084197998047,-3.8188586235046387
1710532992863741107,-8.628057479858398,-2.876418352127075,-3.8080811500549316
1710532992884619323,-8.624464988708496,-2.8895909786224365,-3.823648691177368
1710532992927451895,-8.618477821350098,-2.8788135051727295,-3.812870979309082
1710532992941554922,-8.623268127441406,-2.8967761993408203,-3.8368213176727295
1710532992981441495,-8.628057479858398,-2.8800110816955566,-3.8164637088775635
1710532993004676611,-8.618477821350098,-2.891986131668091,-3.8056859970092773
1710532993013012291,-8.6220703125,-2.884800910949707,-3.8056859970092773
1710532993038326779,-8.624464988708496,-2.871628522872925,-3.7973034381866455
1710532993046657715,-8.626860618591309,-2.8740234375,-3.83203125
1710532993065417720,-8.630453109741211,-2.884800910949707,-3.814068555831909
1710532993076093691,-8.618477821350098,-2.875221014022827,-3.791316032409668
1710532993093073434,-8.620872497558594,-2.882405996322632,-3.7961058616638184
1710532993124781955,-8.634045600891113,-2.8871960639953613,-3.8092784881591797
1710532993185519232,-8.6220703125,-2.8740234375,-3.790118455886841
1710532993223344953,-8.625662803649902,-2.8800110816955566,-3.829636335372925
1710532993252653609,-8.618477821350098,-2.884800910949707,-3.821253776550293
1710532993258932885,-8.630453109741211,-2.8812084197998047,-3.810476064682007
1710532993311599541,-8.6220703125,-2.8572583198547363,-3.8272411823272705
1710532993338888527,-8.6220703125,-2.894381046295166,-3.781735897064209
1710532993370524711,-8.626860618591309,-2.891986131668091,-3.793710947036743
1710532993385186693,-8.625662803649902,-2.8596532344818115,-3.810476064682007
1710532993439813349,-8.626860618591309,-2.8812084197998047,-3.800895929336548
1710532993454521888,-8.625662803649902,-2.895578622817993,-3.7973034381866455
1710532993463573661,-8.626860618591309,-2.8788135051727295,-3.7877233028411865
1710532993477514530,-8.60770034790039,-2.875221014022827,-3.782933235168457
1710532993492467122,-8.620872497558594,-2.876418352127075,-3.7985010147094727
1710532993500810369,-8.628057479858398,-2.8740234375,-3.8080811500549316
1710532993515574938,-8.616083145141602,-2.875221014022827,-3.7961058616638184
1710532993530436340,-8.618477821350098,-2.8883936405181885,-3.7973034381866455
1710532993545168937,-8.619675636291504,-2.9003686904907227,-3.8068835735321045
1710532993566280807,-8.617280006408691,-2.8907885551452637,-3.792513370513916
1710532993589446885,-8.610095024108887,-2.8608508110046387,-3.802093505859375
1710532993635431374,-8.626860618591309,-2.8871960639953613,-3.810476064682007
1710532993665105153,-8.613687515258789,-2.8680357933044434,-3.8056859970092773
1710532993685934647,-8.613687515258789,-2.8680357933044434,-3.8056859970092773
1710532993717414252,-8.6124906539917,-2.8584558963775635,-3.7996985912323
1710532993732229275,-8.625662803649902,-2.8800110816955566,-3.814068555831909
1710532993740744880,-8.606502532958984,-2.894381046295166,-3.782933235168457
1710532993761734031,-8.6124906539917,-2.876418352127075,-3.8152661323547363
1710532993793169646,-8.626860618591309,-2.8488757610321045,-3.822451114654541
1710532993822672066,-8.630453109741211,-2.893183708190918,-3.7973034381866455
1710532993845692148,-8.626860618591309,-2.8871960639953613,-3.7961058616638184
1710532993878896371,-8.6124906539917,-2.885998487472534,-3.814068555831909
1710532993919155942,-8.629255294799805,-2.8704309463500977,-3.8056859970092773
1710532993951521265,-8.629255294799805,-2.9063560962677,-3.812870979309082
1710532993984178957,-8.623268127441406,-2.876418352127075,-3.7961058616638184
1710532994003248185,-8.6124906539917,-2.8800110816955566,-3.7877233028411865
1710532994024130628,-8.637638092041016,-2.9063560962677,-3.814068555831909
1710532994038888367,-8.630453109741211,-2.864443302154541,-3.7996985912323
1710532994055879175,-8.620872497558594,-2.8740234375,-3.8080811500549316
1710532994068224742,-8.626860618591309,-2.8596532344818115,-3.8080811500549316
1710532994091692804,-8.6124906539917,-2.883603572845459,-3.803291082382202
1710532994120872638,-8.625662803649902,-2.8895909786224365,-3.790118455886841
1710532994152488161,-8.620872497558594,-2.891986131668091,-3.8056859970092773
1710532994160825486,-8.625662803649902,-2.854863166809082,-3.782933235168457
1710532994167130011,-8.637638092041016,-2.8740234375,-3.811673641204834
1710532994198696123,-8.628057479858398,-2.8812084197998047,-3.792513370513916
1710532994213305934,-8.648415565490723,-2.884800910949707,-3.8068835735321045
1710532994263743126,-8.626860618591309,-2.864443302154541,-3.7793407440185547
1710532994271805717,-8.625662803649902,-2.884800910949707,-3.810476064682007
1710532994286575736,-8.625662803649902,-2.876418352127075,-3.791316032409668
1710532994309613421,-8.629255294799805,-2.8979735374450684,-3.810476064682007
1710532994324678807,-8.623268127441406,-2.84648060798645,-3.7996985912323
1710532994354321129,-8.619675636291504,-2.905158758163452,-3.812870979309082
1710532994402242118,-8.635242462158203,-2.872825860977173,-3.7996985912323
1710532994430350000,-8.617280006408691,-2.894381046295166,-3.812870979309082
1710532994436244731,-8.614885330200195,-2.90156626701355,-3.7865259647369385
1710532994457269348,-8.634045600891113,-2.854863166809082,-3.7853283882141113
1710532994537171023,-8.618477821350098,-2.8812084197998047,-3.7865259647369385
1710532994557981432,-8.620872497558594,-2.875221014022827,-3.793710947036743
1710532994587381737,-8.624464988708496,-2.8871960639953613,-3.8080811500549316
1710532994639890782,-8.624464988708496,-2.871628522872925,-3.803291082382202
1710532994677502903,-8.6124906539917,-2.8740234375,-3.8176610469818115
1710532994706986921,-8.626860618591309,-2.8800110816955566,-3.793710947036743
1710532994730700592,-8.620872497558594,-2.875221014022827,-3.8056859970092773
1710532994736373841,-8.617280006408691,-2.8776159286499023,-3.7961058616638184
1710532994751032381,-8.626860618591309,-2.8608508110046387,-3.803291082382202
1710532994841435454,-8.626860618591309,-2.893183708190918,-3.7996985912323
1710532994855824568,-8.628057479858398,-2.8680357933044434,-3.8176610469818115
1710532994872459592,-8.614885330200195,-2.865640878677368,-3.791316032409668
1710532994885269261,-8.626860618591309,-2.8907885551452637,-3.7996985912323
1710532994893453249,-8.626860618591309,-2.8907885551452637,-3.7996985912323
1710532994933591587,-8.629255294799805,-2.8776159286499023,-3.8080811500549316
1710532994954580458,-8.6220703125,-2.8776159286499023,-3.80448842048645
1710532994977718277,-8.626860618591309,-2.8740234375,-3.811673641204834
1710532995028078205,-8.628057479858398,-2.8871960639953613,-3.781735897064209
1710532995044960128,-8.626860618591309,-2.865640878677368,-3.792513370513916
1710532995059632673,-8.617280006408691,-2.9003686904907227,-3.7996985912323
1710532995074239602,-8.629255294799805,-2.8572583198547363,-3.793710947036743
1710532995095588178,-8.624464988708496,-2.8883936405181885,-3.7853283882141113
1710532995112435619,-8.608898162841797,-2.8871960639953613,-3.784130811691284
1710532995129616630,-8.626860618591309,-2.8584558963775635,-3.8068835735321045
1710532995146017098,-8.616083145141602,-2.8895909786224365,-3.792513370513916
1710532995164878783,-8.611292839050293,-2.8596532344818115,-3.800895929336548
1710532995179625422,-8.629255294799805,-2.8871960639953613,-3.7781434059143066
1710532995202678469,-8.617280006408691,-2.884800910949707,-3.800895929336548
1710532995227914077,-8.611292839050293,-2.894381046295166,-3.7949085235595703
1710532995230018742,-8.611292839050293,-2.894381046295166,-3.7949085235595703
1710532995255289226,-8.620872497558594,-2.8740234375,-3.8092784881591797
1710532995293129354,-8.628057479858398,-2.854863166809082,-3.791316032409668
1710532995316807374,-8.626860618591309,-2.895578622817993,-3.781735897064209
1710532995320479082,-8.613687515258789,-2.864443302154541,-3.8248462677001953
1710532995337222263,-8.617280006408691,-2.852468252182007,-3.7961058616638184
1710532995352033606,-8.624464988708496,-2.903961181640625,-3.790118455886841
1710532995396460357,-8.595725059509277,-2.856060743331909,-3.821253776550293
1710532995413248828,-8.611292839050293,-2.8812084197998047,-3.820056200027466
1710532995427803584,-8.620872497558594,-2.863245964050293,-3.802093505859375
1710532995438248846,-8.606502532958984,-2.8704309463500977,-3.7757482528686523
1710532995440400217,-8.606502532958984,-2.8704309463500977,-3.7757482528686523
1710532995465230875,-8.620872497558594,-2.8668384552001953,-3.802093505859375
1710532995480076288,-8.610095024108887,-2.882405996322632,-3.8068835735321045
1710532995501015602,-8.6220703125,-2.8512706756591797,-3.7865259647369385
1710532995517872803,-8.629255294799805,-2.8871960639953613,-3.8248462677001953
1710532995530550212,-8.618477821350098,-2.885998487472534,-3.802093505859375
1710532995545486378,-8.625662803649902,-2.8704309463500977,-3.782933235168457
1710532995568541894,-8.606502532958984,-2.882405996322632,-3.780538320541382
1710532995608503193,-8.641230583190918,-2.885998487472534,-3.811673641204834
1710532995623639651,-8.606502532958984,-2.8596532344818115,-3.7996985912323
1710532995665158964,-8.65919303894043,-2.852468252182007,-3.790118455886841
1710532995705061379,-8.624464988708496,-2.885998487472534,-3.791316032409668
1710532995734669200,-8.625662803649902,-2.865640878677368,-3.8260436058044434
1710532995761805588,-8.638835906982422,-2.9063560962677,-3.7961058616638184
1710532995784996848,-8.624464988708496,-2.8871960639953613,-3.7973034381866455
1710532995808002067,-8.6316499710083,-2.8812084197998047,-3.8080811500549316
1710532995816434905,-8.642428398132324,-2.8967761993408203,-3.8164637088775635
1710532995824788211,-8.634045600891113,-2.8800110816955566,-3.791316032409668
1710532995852035087,-8.637638092041016,-2.8776159286499023,-3.800895929336548
1710532995860456696,-8.620872497558594,-2.8883936405181885,-3.7985010147094727
1710532995885387337,-8.625662803649902,-2.883603572845459,-3.814068555831909
1710532995906764606,-8.620872497558594,-2.895578622817993,-3.8080811500549316
1710532995929602071,-8.628057479858398,-2.8907885551452637,-3.791316032409668
1710532995965411410,-8.6316499710083,-2.891986131668091,-3.8188586235046387
1710532995982166016,-8.630453109741211,-2.914738655090332,-3.800895929336548
1710532996011442560,-8.618477821350098,-2.883603572845459,-3.810476064682007
1710532996019768572,-8.620872497558594,-2.912343740463257,-3.773353338241577
1710532996055422503,-8.625662803649902,-2.8584558963775635,-3.80448842048645
1710532996122604173,-8.617280006408691,-2.8812084197998047,-3.803291082382202
1710532996139420833,-8.611292839050293,-2.864443302154541,-3.781735897064209
1710532996152020818,-8.6220703125,-2.8800110816955566,-3.791316032409668
1710532996172911784,-8.624464988708496,-2.891986131668091,-3.802093505859375
1710532996195962575,-8.6220703125,-2.884800910949707,-3.7996985912323
1710532996214982803,-8.625662803649902,-2.891986131668091,-3.803291082382202
1710532996244535011,-8.614885330200195,-2.903961181640625,-3.781735897064209
1710532996311707463,-8.614885330200195,-2.8584558963775635,-3.793710947036743
1710532996335090654,-8.611292839050293,-2.864443302154541,-3.803291082382202
1710532996349791520,-8.624464988708496,-2.883603572845459,-3.784130811691284
1710532996364374332,-8.624464988708496,-2.883603572845459,-3.7889208793640137
1710532996385365286,-8.619675636291504,-2.865640878677368,-3.7889208793640137
1710532996410712095,-8.613687515258789,-2.891986131668091,-3.791316032409668
1710532996488333095,-8.624464988708496,-2.9003686904907227,-3.7793407440185547
1710532996513965910,-8.629255294799805,-2.8704309463500977,-3.7961058616638184
1710532996537320275,-8.628057479858398,-2.8967761993408203,-3.8152661323547363
1710532996579118226,-8.626860618591309,-2.875221014022827,-3.8092784881591797
1710532996589748316,-8.6124906539917,-2.8692333698272705,-3.791316032409668
1710532996633816705,-8.6220703125,-2.8871960639953613,-3.793710947036743
1710532996642213538,-8.630453109741211,-2.914738655090332,-3.7996985912323
1710532996686362048,-8.619675636291504,-2.872825860977173,-3.803291082382202
1710532996698782266,-8.625662803649902,-2.8596532344818115,-3.784130811691284
1710532996723990912,-8.628057479858398,-2.893183708190918,-3.790118455886841
1710532996732523085,-8.628057479858398,-2.893183708190918,-3.790118455886841
1710532996774468869,-8.6220703125,-2.914738655090332,-3.7769458293914795
1710532996791097384,-8.619675636291504,-2.8991711139678955,-3.790118455886841
1710532996822664203,-8.6220703125,-2.8668384552001953,-3.814068555831909
1710532996843760295,-8.626860618591309,-2.8788135051727295,-3.7973034381866455
1710532996852183617,-8.616083145141602,-2.884800910949707,-3.7996985912323
1710532996879235735,-8.628057479858398,-2.8776159286499023,-3.7949085235595703
1710532996883627162,-8.6124906539917,-2.8476781845092773,-3.7985010147094727
1710532996889939419,-8.618477821350098,-2.863245964050293,-3.7949085235595703
1710532996910911524,-8.624464988708496,-2.8788135051727295,-3.791316032409668
1710532996917249716,-8.620872497558594,-2.8596532344818115,-3.7973034381866455
1710532996942478663,-8.614885330200195,-2.8740234375,-3.791316032409668
1710532996950642802,-8.617280006408691,-2.891986131668091,-3.8056859970092773
1710532996994737815,-8.617280006408691,-2.856060743331909,-3.7961058616638184
1710532997017712074,-8.626860618591309,-2.891986131668091,-3.7685632705688477
1710532997038721749,-8.623268127441406,-2.8776159286499023,-3.812870979309082
1710532997047128868,-8.646020889282227,-2.8979735374450684,-3.810476064682007
1710532997069727628,-8.646020889282227,-2.842888116836548,-3.791316032409668
1710532997082321100,-8.623268127441406,-2.9003686904907227,-3.792513370513916
1710532997093251826,-8.623268127441406,-2.9003686904907227,-3.792513370513916
1710532997112367658,-8.619675636291504,-2.931504011154175,-3.791316032409668
1710532997159325032,-8.629255294799805,-2.8369007110595703,-3.782933235168457
1710532997187882250,-8.642428398132324,-2.9171338081359863,-3.7973034381866455
1710532997204809790,-8.602910041809082,-2.864443302154541,-3.792513370513916
1710532997213108456,-8.604107856750488,-2.9195287227630615,-3.792513370513916
1710532997217398421,-8.620872497558594,-2.8081603050231934,-3.793710947036743
1710532997233992937,-8.626860618591309,-2.9063560962677,-3.810476064682007
1710532997240266925,-8.63644027709961,-2.8895909786224365,-3.803291082382202
1710532997257060981,-8.623268127441406,-2.882405996322632,-3.821253776550293
1710532997278041099,-8.623268127441406,-2.8967761993408203,-3.791316032409668
1710532997301076252,-8.647217750549316,-2.8776159286499023,-3.8176610469818115
1710532997316125035,-8.624464988708496,-2.8680357933044434,-3.820056200027466
1710532997332883475,-8.625662803649902,-2.9207262992858887,-3.7996985912323
1710532997343392655,-8.624464988708496,-2.8488757610321045,-3.791316032409668
1710532997345438249,-8.624464988708496,-2.8297154903411865,-3.792513370513916
1710532997377169621,-8.626860618591309,-2.8895909786224365,-3.7973034381866455
1710532997391720612,-8.623268127441406,-2.8297154903411865,-3.7973034381866455
1710532997406535000,-8.620872497558594,-2.8584558963775635,-3.7865259647369385
1710532997421219938,-8.625662803649902,-2.8404932022094727,-3.782933235168457
1710532997433682755,-8.611292839050293,-2.9171338081359863,-3.803291082382202
1710532997450643417,-8.614885330200195,-2.8800110816955566,-3.792513370513916
1710532997467121410,-8.626860618591309,-2.885998487472534,-3.8092784881591797
1710532997477844800,-8.610095024108887,-2.905158758163452,-3.803291082382202
1710532997496955820,-8.619675636291504,-2.8800110816955566,-3.8152661323547363
1710532997520159724,-8.613687515258789,-2.845283269882202,-3.8092784881591797
1710532997549656215,-8.626860618591309,-2.8812084197998047,-3.8092784881591797
1710532997594185605,-8.611292839050293,-2.8512706756591797,-3.8248462677001953
1710532997617275599,-8.63644027709961,-2.8512706756591797,-3.791316032409668
1710532997639982414,-8.606502532958984,-2.826122999191284,-3.7961058616638184
1710532997656667792,-8.616083145141602,-2.853665828704834,-3.782933235168457
1710532997675361119,-8.626860618591309,-2.883603572845459,-3.793710947036743
1710532997727767812,-8.623268127441406,-2.915936231613159,-3.780538320541382
1710532997751113881,-8.618477821350098,-2.9877867698669434,-3.803291082382202
1710532997776247889,-8.616083145141602,-2.885998487472534,-3.792513370513916
1710532997835222109,-8.60770034790039,-2.8680357933044434,-3.7949085235595703
1710532997862998712,-8.624464988708496,-2.9410839080810547,-3.7877233028411865
1710532997877238071,-8.623268127441406,-2.905158758163452,-3.7877233028411865
1710532997892022909,-8.624464988708496,-2.8369007110595703,-3.8080811500549316
1710532997900382575,-8.619675636291504,-2.915936231613159,-3.8092784881591797
1710532997917232720,-8.630453109741211,-2.853665828704834,-3.7996985912323
1710532997931989925,-8.606502532958984,-2.875221014022827,-3.802093505859375
1710532997955242619,-8.610095024108887,-2.8883936405181885,-3.7985010147094727
1710532997963625033,-8.625662803649902,-2.9111461639404297,-3.780538320541382
1710532997969877604,-8.624464988708496,-2.884800910949707,-3.8056859970092773
1710532997999253404,-8.628057479858398,-2.871628522872925,-3.8092784881591797
1710532998057917629,-8.6220703125,-2.853665828704834,-3.7781434059143066
1710532998091626435,-8.624464988708496,-2.921923875808716,-3.774550676345825
1710532998118872519,-8.617280006408691,-2.885998487472534,-3.8152661323547363
1710532998135537048,-8.617280006408691,-2.885998487472534,-3.8152661323547363
1710532998150456490,-8.629255294799805,-2.8883936405181885,-3.791316032409668
1710532998165211209,-8.616083145141602,-2.8584558963775635,-3.7769458293914795
1710532998192477737,-8.618477821350098,-2.8907885551452637,-3.823648691177368
1710532998217697577,-8.625662803649902,-2.8692333698272705,-3.800895929336548
1710532998223923720,-8.6124906539917,-2.8572583198547363,-3.790118455886841
1710532998232527637,-8.624464988708496,-2.8740234375,-3.810476064682007
1710532998253584016,-8.624464988708496,-2.882405996322632,-3.793710947036743
1710532998289010421,-8.628057479858398,-2.90156626701355,-3.802093505859375
1710532998314339351,-8.611292839050293,-2.8476781845092773,-3.7961058616638184
1710532998337525011,-8.632847785949707,-2.8788135051727295,-3.7949085235595703
1710532998389846181,-8.613687515258789,-2.875221014022827,-3.784130811691284
1710532998419560838,-8.601712226867676,-2.8907885551452637,-3.7673656940460205
1710532998457105240,-8.628057479858398,-2.842888116836548,-3.7996985912323
1710532998480847373,-8.613687515258789,-2.871628522872925,-3.802093505859375
1710532998522019822,-8.608898162841797,-2.8871960639953613,-3.8068835735321045
1710532998555980016,-8.624464988708496,-2.895578622817993,-3.793710947036743
1710532998599793192,-8.635242462158203,-2.915936231613159,-3.791316032409668
1710532998608226216,-8.626860618591309,-2.8572583198547363,-3.790118455886841
1710532998627199110,-8.620872497558594,-2.854863166809082,-3.80448842048645
1710532998652273079,-8.620872497558594,-2.854863166809082,-3.80448842048645
1710532998660594503,-8.623268127441406,-2.8907885551452637,-3.8056859970092773
1710532998690036371,-8.625662803649902,-2.865640878677368,-3.792513370513916
1710532998691997684,-8.618477821350098,-2.872825860977173,-3.790118455886841
1710532998708840146,-8.620872497558594,-2.895578622817993,-3.8092784881591797
1710532998721271760,-8.623268127441406,-2.8668384552001953,-3.781735897064209
1710532998742511641,-8.625662803649902,-2.9099488258361816,-3.800895929336548
1710532998771720972,-8.616083145141602,-2.8692333698272705,-3.800895929336548
1710532998801045068,-8.616083145141602,-2.8692333698272705,-3.800895929336548
1710532998818028232,-8.628057479858398,-2.8572583198547363,-3.7877233028411865
1710532998836901694,-8.623268127441406,-2.923121452331543,-3.7877233028411865
1710532998851678768,-8.626860618591309,-2.862048387527466,-3.8068835735321045
1710532998872669017,-8.632847785949707,-2.893183708190918,-3.822451114654541
1710532998898040729,-8.626860618591309,-2.864443302154541,-3.811673641204834
1710532998919117316,-8.618477821350098,-2.8584558963775635,-3.7661681175231934
1710532998944460458,-8.625662803649902,-2.8979735374450684,-3.8152661323547363
1710532998958883105,-8.620872497558594,-2.902763605117798,-3.7949085235595703
1710532998975650291,-8.619675636291504,-2.8907885551452637,-3.7853283882141113
1710532998982046891,-8.638835906982422,-2.883603572845459,-3.781735897064209
1710532999005035720,-8.634045600891113,-2.891986131668091,-3.810476064682007
1710532999049225220,-8.624464988708496,-2.865640878677368,-3.793710947036743
1710532999063987228,-8.618477821350098,-2.902763605117798,-3.802093505859375
1710532999086999175,-8.625662803649902,-2.9003686904907227,-3.8056859970092773
1710532999120594545,-8.626860618591309,-2.921923875808716,-3.7996985912323
1710532999154304858,-8.634045600891113,-2.8740234375,-3.792513370513916
1710532999206980768,-8.606502532958984,-2.856060743331909,-3.8452038764953613
1710532999227890672,-8.63644027709961,-2.8871960639953613,-3.7793407440185547
1710532999274113648,-8.624464988708496,-2.9207262992858887,-3.8056859970092773
1710532999312074255,-8.6316499710083,-2.833308219909668,-3.8092784881591797
1710532999364475251,-8.604107856750488,-2.8907885551452637,-3.8248462677001953
1710532999410697492,-8.60770034790039,-2.8800110816955566,-3.8056859970092773
1710532999431608412,-8.619675636291504,-2.8895909786224365,-3.8248462677001953
1710532999458988421,-8.616083145141602,-2.913541316986084,-3.7793407440185547
1710532999484226575,-8.655600547790527,-2.863245964050293,-3.7985010147094727
1710532999498861611,-8.611292839050293,-2.893183708190918,-3.841611385345459
1710532999526264031,-8.606502532958984,-2.8273205757141113,-3.7889208793640137
1710532999572490207,-8.646020889282227,-2.915936231613159,-3.773353338241577
1710532999601726315,-8.632847785949707,-2.8812084197998047,-3.7889208793640137
1710532999620819984,-8.618477821350098,-2.9111461639404297,-3.7961058616638184
1710532999633233089,-8.624464988708496,-2.8740234375,-3.814068555831909
1710532999694358807,-8.624464988708496,-2.913541316986084,-3.781735897064209
1710532999723544584,-8.6316499710083,-2.902763605117798,-3.7985010147094727
1710532999746886150,-8.619675636291504,-2.885998487472534,-3.803291082382202
1710532999774211384,-8.635242462158203,-2.895578622817993,-3.790118455886841
1710532999799511813,-8.620872497558594,-2.8788135051727295,-3.7865259647369385
1710532999814143510,-8.620872497558594,-2.8788135051727295,-3.7865259647369385
1710532999843517361,-8.619675636291504,-2.8871960639953613,-3.812870979309082
1710532999872782703,-8.623268127441406,-2.902763605117798,-3.830833673477173
1710532999904498207,-8.634045600891113,-2.893183708190918,-3.803291082382202
1710532999927573216,-8.624464988708496,-2.8883936405181885,-3.793710947036743
1710532999946766861,-8.624464988708496,-2.882405996322632,-3.8248462677001953
1710532999971634208,-8.6124906539917,-2.8907885551452637,-3.803291082382202
1710533000001079864,-8.630453109741211,-2.883603572845459,-3.769760847091675
1710533000024204031,-8.6220703125,-2.863245964050293,-3.7889208793640137
1710533000043033155,-8.618477821350098,-2.8596532344818115,-3.7865259647369385
1710533000074421626,-8.619675636291504,-2.8776159286499023,-3.802093505859375
1710533000083092522,-8.6124906539917,-2.8871960639953613,-3.7985010147094727
1710533000108246706,-8.626860618591309,-2.8788135051727295,-3.800895929336548
1710533000135463273,-8.6316499710083,-2.8800110816955566,-3.769760847091675
1710533000175462653,-8.610095024108887,-2.8788135051727295,-3.810476064682007
1710533000204937026,-8.619675636291504,-2.9075536727905273,-3.790118455886841
1710533000234241738,-8.614885330200195,-2.9183313846588135,-3.810476064682007
1710533000265674069,-8.6220703125,-2.863245964050293,-3.7853283882141113
1710533000292985792,-8.613687515258789,-2.862048387527466,-3.800895929336548
1710533000316162717,-8.617280006408691,-2.905158758163452,-3.791316032409668
1710533000328562986,-8.619675636291504,-2.9171338081359863,-3.782933235168457
1710533000362228447,-8.616083145141602,-2.8572583198547363,-3.7973034381866455
1710533000370679545,-8.625662803649902,-2.8800110816955566,-3.8080811500549316
1710533000385422496,-8.6220703125,-2.876418352127075,-3.7949085235595703
1710533000395932343,-8.616083145141602,-2.924318790435791,-3.7769458293914795
1710533000398378986,-8.606502532958984,-2.863245964050293,-3.7685632705688477
1710533000429634803,-8.625662803649902,-2.9207262992858887,-3.83203125
1710533000444425752,-8.625662803649902,-2.84648060798645,-3.800895929336548
1710533000488493209,-8.624464988708496,-2.9111461639404297,-3.834426164627075
1710533000511744460,-8.610095024108887,-2.8512706756591797,-3.7865259647369385
1710533000520224242,-8.610095024108887,-2.8812084197998047,-3.7949085235595703
1710533000585103191,-8.624464988708496,-2.8871960639953613,-3.829636335372925
1710533000610389106,-8.60770034790039,-2.8285181522369385,-3.820056200027466
1710533000646107762,-8.623268127441406,-2.852468252182007,-3.811673641204834
1710533000669129268,-8.629255294799805,-2.9087512493133545,-3.800895929336548
1710533000696671637,-8.630453109741211,-2.9063560962677,-3.7996985912323
1710533000727990175,-8.628057479858398,-2.884800910949707,-3.8056859970092773
1710533000742811265,-8.629255294799805,-2.8584558963775635,-3.811673641204834
1710533000751055429,-8.640032768249512,-2.872825860977173,-3.7889208793640137
1710533000774379139,-8.623268127441406,-2.8883936405181885,-3.7865259647369385
1710533000795336934,-8.618477821350098,-2.8668384552001953,-3.7961058616638184
1710533000797312027,-8.629255294799805,-2.8871960639953613,-3.7949085235595703
1710533000807920904,-8.635242462158203,-2.8979735374450684,-3.7889208793640137
1710533000856460310,-8.628057479858398,-2.8704309463500977,-3.784130811691284
1710533000858446500,-8.635242462158203,-2.905158758163452,-3.823648691177368
1710533000870882754,-8.618477821350098,-2.844085693359375,-3.8152661323547363
1710533000896124639,-8.601712226867676,-2.905158758163452,-3.800895929336548
1710533000900444689,-8.647217750549316,-2.8584558963775635,-3.7865259647369385
1710533000931999041,-8.634045600891113,-2.894381046295166,-3.803291082382202
1710533000961229238,-8.606502532958984,-2.882405996322632,-3.80448842048645
1710533000992877080,-8.619675636291504,-2.9267139434814453,-3.7865259647369385
1710533001020221468,-8.618477821350098,-2.924318790435791,-3.762575626373291
1710533001026514402,-8.618477821350098,-2.924318790435791,-3.762575626373291
1710533001055533850,-8.635242462158203,-2.8883936405181885,-3.7865259647369385
1710533001081135245,-8.608898162841797,-2.882405996322632,-3.822451114654541
1710533001104214823,-8.63644027709961,-2.8883936405181885,-3.769760847091675
1710533001165094043,-8.623268127441406,-2.872825860977173,-3.7877233028411865
1710533001171339276,-8.6220703125,-2.883603572845459,-3.7877233028411865
1710533001217542875,-8.628057479858398,-2.921923875808716,-3.792513370513916
1710533001238666822,-8.625662803649902,-2.853665828704834,-3.793710947036743
1710533001240767744,-8.613687515258789,-2.876418352127075,-3.802093505859375
1710533001274115787,-8.618477821350098,-2.84648060798645,-3.7985010147094727
1710533001290736084,-8.620872497558594,-2.8680357933044434,-3.8056859970092773
1710533001316253426,-8.614885330200195,-2.9195287227630615,-3.793710947036743
1710533001320537942,-8.634045600891113,-2.921923875808716,-3.792513370513916
1710533001335388981,-8.623268127441406,-2.8392956256866455,-3.7889208793640137
1710533001351983297,-8.617280006408691,-2.9195287227630615,-3.814068555831909
1710533001375244521,-8.59931755065918,-2.8584558963775635,-3.8248462677001953
1710533001440500677,-8.64482307434082,-2.8668384552001953,-3.80448842048645
1710533001492678540,-8.611292839050293,-2.865640878677368,-3.793710947036743
1710533001518427589,-8.616083145141602,-2.8979735374450684,-3.7973034381866455
1710533001562618651,-8.623268127441406,-2.951861619949341,-3.790118455886841
1710533001577366019,-8.610095024108887,-2.885998487472534,-3.7889208793640137
1710533001613111624,-8.618477821350098,-2.9410839080810547,-3.811673641204834
1710533001634081638,-8.620872497558594,-2.884800910949707,-3.782933235168457
1710533001661435500,-8.620872497558594,-2.883603572845459,-3.7877233028411865
1710533001673766955,-8.6220703125,-2.865640878677368,-3.792513370513916
1710533001686564928,-8.60770034790039,-2.902763605117798,-3.800895929336548
1710533001717967614,-8.625662803649902,-2.872825860977173,-3.8188586235046387
1710533001764586620,-8.626860618591309,-2.893183708190918,-3.810476064682007
1710533001772560513,-8.623268127441406,-2.925516366958618,-3.793710947036743
1710533001793777650,-8.630453109741211,-2.885998487472534,-3.781735897064209
1710533001816578976,-8.619675636291504,-2.8776159286499023,-3.7996985912323
1710533001831418358,-8.623268127441406,-2.853665828704834,-3.800895929336548
1710533001869107924,-8.6220703125,-2.921923875808716,-3.802093505859375
1710533001890058665,-8.623268127441406,-2.862048387527466,-3.8152661323547363
1710533001929901945,-8.625662803649902,-2.863245964050293,-3.7985010147094727
1710533001974057701,-8.623268127441406,-2.8596532344818115,-3.8176610469818115
1710533001982476386,-8.625662803649902,-2.8991711139678955,-3.774550676345825
1710533002026585656,-8.630453109741211,-2.8788135051727295,-3.812870979309082
1710533002043423545,-8.650810241699219,-2.8740234375,-3.7781434059143066
1710533002070681391,-8.6220703125,-2.894381046295166,-3.793710947036743
1710533002108394383,-8.624464988708496,-2.9099488258361816,-3.7949085235595703
1710533002131534078,-8.63644027709961,-2.8812084197998047,-3.820056200027466
1710533002148485010,-8.6220703125,-2.891986131668091,-3.793710947036743
1710533002163179273,-8.626860618591309,-2.8692333698272705,-3.7973034381866455
1710533002184046909,-8.632847785949707,-2.8500733375549316,-3.7973034381866455
1710533002211605524,-8.625662803649902,-2.8812084197998047,-3.762575626373291
1710533002222035340,-8.648415565490723,-2.883603572845459,-3.8188586235046387
1710533002243207967,-8.616083145141602,-2.915936231613159,-3.7996985912323
1710533002251542989,-8.616083145141602,-2.8297154903411865,-3.829636335372925
1710533002261997011,-8.616083145141602,-2.8297154903411865,-3.829636335372925
1710533002281034484,-8.617280006408691,-2.883603572845459,-3.793710947036743
1710533002318708581,-8.619675636291504,-2.8692333698272705,-3.811673641204834
1710533002327153182,-8.638835906982422,-2.854863166809082,-3.793710947036743
1710533002341961655,-8.617280006408691,-2.84648060798645,-3.774550676345825
1710533002384066529,-8.642428398132324,-2.9195287227630615,-3.7973034381866455
1710533002392377023,-8.642428398132324,-2.9195287227630615,-3.7973034381866455
1710533002400781092,-8.624464988708496,-2.84648060798645,-3.800895929336548
1710533002447124286,-8.613687515258789,-2.862048387527466,-3.800895929336548
1710533002491191042,-8.619675636291504,-2.8907885551452637,-3.834426164627075
1710533002537305665,-8.6220703125,-2.8680357933044434,-3.77215576171875
1710533002566726487,-8.620872497558594,-2.924318790435791,-3.83203125
1710533002581394419,-8.6316499710083,-2.856060743331909,-3.8080811500549316
1710533002619075325,-8.625662803649902,-2.8907885551452637,-3.802093505859375
1710533002688356477,-8.625662803649902,-2.935096502304077,-3.83203125
1710533002700817487,-8.624464988708496,-2.8800110816955566,-3.812870979309082
1710533002745120907,-8.619675636291504,-2.8668384552001953,-3.7877233028411865
1710533002801725985,-8.619675636291504,-2.905158758163452,-3.802093505859375
1710533002837301162,-8.626860618591309,-2.9111461639404297,-3.793710947036743
1710533002858479873,-8.629255294799805,-2.912343740463257,-3.800895929336548
1710533002860457947,-8.629255294799805,-2.912343740463257,-3.800895929336548
1710533002889983785,-8.628057479858398,-2.845283269882202,-3.7949085235595703
1710533002919341471,-8.6220703125,-2.876418352127075,-3.7889208793640137
1710533002942552634,-8.628057479858398,-2.871628522872925,-3.793710947036743
1710533002963680327,-8.626860618591309,-2.875221014022827,-3.800895929336548
1710533002993160381,-8.616083145141602,-2.8596532344818115,-3.812870979309082
1710533003032997297,-8.616083145141602,-2.883603572845459,-3.800895929336548
1710533003054053589,-8.6316499710083,-2.8895909786224365,-3.80448842048645
1710533003083385809,-8.616083145141602,-2.8800110816955566,-3.793710947036743
1710533003087545978,-8.626860618591309,-2.862048387527466,-3.7949085235595703
1710533003104532679,-8.6124906539917,-2.9003686904907227,-3.810476064682007
1710533003123468883,-8.595725059509277,-2.883603572845459,-3.7889208793640137
1710533003136041747,-8.613687515258789,-2.8991711139678955,-3.8080811500549316
1710533003152879497,-8.6220703125,-2.856060743331909,-3.7973034381866455
1710533003180167485,-8.626860618591309,-2.885998487472534,-3.774550676345825
1710533003194883602,-8.6220703125,-2.875221014022827,-3.8068835735321045
1710533003197037160,-8.625662803649902,-2.872825860977173,-3.791316032409668
1710533003239067647,-8.614885330200195,-2.9063560962677,-3.793710947036743
1710533003323390550,-8.626860618591309,-2.84648060798645,-3.793710947036743
1710533003369501242,-8.600515365600586,-2.864443302154541,-3.821253776550293
1710533003377904387,-8.626860618591309,-2.9183313846588135,-3.782933235168457
1710533003405236084,-8.617280006408691,-2.8500733375549316,-3.7973034381866455
1710533003413652989,-8.618477821350098,-2.905158758163452,-3.7793407440185547
1710533003421992381,-8.618477821350098,-2.875221014022827,-3.802093505859375
1710533003445207695,-8.624464988708496,-2.895578622817993,-3.8092784881591797
1710533003459818010,-8.634045600891113,-2.8476781845092773,-3.803291082382202
1710533003474382968,-8.616083145141602,-2.8907885551452637,-3.7961058616638184
1710533003556854727,-8.614885330200195,-2.885998487472534,-3.7649707794189453
1710533003602796471,-8.619675636291504,-2.8895909786224365,-3.793710947036743
1710533003638594442,-8.6220703125,-2.882405996322632,-3.8188586235046387
1710533003646979090,-8.620872497558594,-2.8500733375549316,-3.7553906440734863
1710533003661910360,-8.617280006408691,-2.8572583198547363,-3.7973034381866455
1710533003722915112,-8.614885330200195,-2.8871960639953613,-3.793710947036743
1710533003735610968,-8.623268127441406,-2.891986131668091,-3.784130811691284
1710533003794502812,-8.624464988708496,-2.8883936405181885,-3.812870979309082
1710533003811261265,-8.624464988708496,-2.8680357933044434,-3.820056200027466
1710533003832163746,-8.625662803649902,-2.876418352127075,-3.790118455886841
1710533003857429108,-8.632847785949707,-2.8967761993408203,-3.8248462677001953
1710533003872150026,-8.610095024108887,-2.903961181640625,-3.810476064682007
1710533003910190831,-8.618477821350098,-2.8788135051727295,-3.791316032409668
1710533003958501578,-8.620872497558594,-2.852468252182007,-3.790118455886841
1710533003985717663,-8.614885330200195,-2.8895909786224365,-3.8068835735321045
1710533004006808510,-8.6316499710083,-2.872825860977173,-3.820056200027466
1710533004038308425,-8.629255294799805,-2.8680357933044434,-3.7757482528686523
1710533004082925490,-8.617280006408691,-2.862048387527466,-3.820056200027466
1710533004090751427,-8.624464988708496,-2.8883936405181885,-3.7865259647369385
1710533004147465789,-8.600515365600586,-2.8776159286499023,-3.812870979309082
1710533004164478560,-8.626860618591309,-2.8692333698272705,-3.770958185195923
1710533004254574972,-8.625662803649902,-2.876418352127075,-3.822451114654541
1710533004275502931,-8.625662803649902,-2.8883936405181885,-3.812870979309082
1710533004298581339,-8.629255294799805,-2.8476781845092773,-3.77215576171875
1710533004329987433,-8.624464988708496,-2.944676399230957,-3.8080811500549316
1710533004338414982,-8.623268127441406,-2.923121452331543,-3.822451114654541
1710533004366001207,-8.593330383300781,-2.826122999191284,-3.8176610469818115
1710533004374453979,-8.611292839050293,-2.9398865699768066,-3.7996985912323
1710533004404099173,-8.618477821350098,-2.8476781845092773,-3.7853283882141113
1710533004454429931,-8.60770034790039,-2.8704309463500977,-3.791316032409668
1710533004532348959,-8.635242462158203,-2.8500733375549316,-3.803291082382202
1710533004549312962,-8.624464988708496,-2.8500733375549316,-3.803291082382202
1710533004551115770,-8.64482307434082,-2.8895909786224365,-3.812870979309082
1710533004576413046,-8.6316499710083,-2.9111461639404297,-3.792513370513916
1710533004591073276,-8.602910041809082,-2.8883936405181885,-3.8056859970092773
1710533004628714172,-8.616083145141602,-2.8895909786224365,-3.803291082382202
1710533004652047909,-8.618477821350098,-2.842888116836548,-3.793710947036743
1710533004672738227,-8.620872497558594,-2.8476781845092773,-3.823648691177368
1710533004704474590,-8.616083145141602,-2.9410839080810547,-3.780538320541382
1710533004749825157,-8.637638092041016,-2.826122999191284,-3.8248462677001953
1710533004780922477,-8.625662803649902,-2.8297154903411865,-3.7973034381866455
1710533004801389733,-8.624464988708496,-2.9183313846588135,-3.8080811500549316
1710533004816341839,-8.624464988708496,-2.9183313846588135,-3.8080811500549316
1710533004818162980,-8.6316499710083,-2.876418352127075,-3.781735897064209
1710533004832695154,-8.614885330200195,-2.8392956256866455,-3.782933235168457
1710533004847595000,-8.616083145141602,-2.902763605117798,-3.7781434059143066
1710533004872640600,-8.634045600891113,-2.8704309463500977,-3.7853283882141113
1710533004891666503,-8.625662803649902,-2.8800110816955566,-3.774550676345825
1710533004904253011,-8.628057479858398,-2.876418352127075,-3.793710947036743
1710533004944339311,-8.635242462158203,-2.902763605117798,-3.7889208793640137
1710533004967580387,-8.626860618591309,-2.852468252182007,-3.80448842048645
1710533004994717656,-8.625662803649902,-2.882405996322632,-3.800895929336548
1710533005011797760,-8.630453109741211,-2.891986131668091,-3.792513370513916
1710533005028579746,-8.6124906539917,-2.935096502304077,-3.823648691177368
1710533005049384608,-8.613687515258789,-2.8668384552001953,-3.80448842048645
1710533005066277424,-8.6220703125,-2.9279112815856934,-3.781735897064209
1710533005091203800,-8.6220703125,-2.9865894317626953,-3.7973034381866455
1710533005146058980,-8.610095024108887,-2.955454111099243,-3.8260436058044434
1710533005169232072,-8.648415565490723,-2.652484178543091,-3.840413808822632
1710533005198645203,-8.626860618591309,-2.9782068729400635,-3.820056200027466
1710533005200915821,-8.616083145141602,-2.742297410964966,-3.703897714614868
1710533005236423800,-8.625662803649902,-2.775827646255493,-3.7649707794189453
1710533005244998974,-8.625662803649902,-2.775827646255493,-3.7649707794189453
1710533005295053221,-8.643625259399414,-2.9614417552948,-3.7985010147094727
1710533005400675577,-8.624464988708496,-2.8596532344818115,-3.814068555831909
1710533005459612633,-8.641230583190918,-2.9686267375946045,-3.8164637088775635
1710533005478474002,-8.594527244567871,-2.9614417552948,-3.8092784881591797
1710533005516346762,-8.623268127441406,-2.8871960639953613,-3.811673641204834
1710533005587649944,-8.642428398132324,-2.9195287227630615,-3.8356237411499023
1710533005619269266,-8.642428398132324,-2.8907885551452637,-3.7769458293914795
1710533005640205117,-8.608898162841797,-2.921923875808716,-3.803291082382202
1710533005646536774,-8.643625259399414,-2.9470715522766113,-3.7470080852508545
1710533005677987551,-8.624464988708496,-2.893183708190918,-3.791316032409668
1710533005701163959,-8.616083145141602,-2.885998487472534,-3.790118455886841
1710533005717854697,-8.608898162841797,-2.852468252182007,-3.762575626373291
1710533005747239476,-8.6220703125,-2.9279112815856934,-3.7877233028411865
1710533005783108487,-8.620872497558594,-2.8907885551452637,-3.8176610469818115
1710533005797604144,-8.623268127441406,-2.925516366958618,-3.8068835735321045
1710533005799741603,-8.60770034790039,-2.8668384552001953,-3.7985010147094727
1710533005822733435,-8.643625259399414,-2.8500733375549316,-3.784130811691284
1710533005881631813,-8.628057479858398,-2.8476781845092773,-3.780538320541382
1710533005909335343,-8.601712226867676,-2.8812084197998047,-3.80448842048645
1710533005972483774,-8.628057479858398,-2.84648060798645,-3.7649707794189453
1710533006025091347,-8.6220703125,-2.8093578815460205,-3.784130811691284
1710533006039630326,-8.623268127441406,-2.8871960639953613,-3.793710947036743
1710533006063213443,-8.619675636291504,-2.9003686904907227,-3.7865259647369385
1710533006077230707,-8.625662803649902,-2.8488757610321045,-3.8056859970092773
1710533006089844021,-8.648415565490723,-2.842888116836548,-3.840413808822632
1710533006098369716,-8.592132568359375,-2.8895909786224365,-3.821253776550293
1710533006125759856,-8.630453109741211,-2.8991711139678955,-3.80448842048645
1710533006138377404,-8.661587715148926,-2.885998487472534,-3.742218017578125
1710533006159355636,-8.630453109741211,-2.9291088581085205,-3.8152661323547363
1710533006174315103,-8.608898162841797,-2.8512706756591797,-3.791316032409668
1710533006197353107,-8.616083145141602,-2.8584558963775635,-3.791316032409668
1710533006255913598,-8.613687515258789,-2.905158758163452,-3.7685632705688477
1710533006279213531,-8.637638092041016,-2.9207262992858887,-3.791316032409668
1710533006293937377,-8.613687515258789,-2.8416907787323,-3.770958185195923
1710533006302518537,-8.638835906982422,-2.8788135051727295,-3.803291082382202
1710533006316980038,-8.623268127441406,-2.9099488258361816,-3.811673641204834
1710533006336016256,-8.600515365600586,-2.8081603050231934,-3.7949085235595703
1710533006363852980,-8.6220703125,-2.905158758163452,-3.829636335372925
1710533006384110579,-8.6220703125,-2.905158758163452,-3.829636335372925
1710533006407216039,-8.623268127441406,-2.842888116836548,-3.773353338241577
1710533006415419097,-8.606502532958984,-2.823728084564209,-3.8056859970092773
1710533006428424517,-8.6124906539917,-2.9099488258361816,-3.8152661323547363
1710533006436805283,-8.629255294799805,-2.885998487472534,-3.822451114654541
1710533006453463178,-8.618477821350098,-2.872825860977173,-3.791316032409668
1710533006489111917,-8.614885330200195,-2.8895909786224365,-3.7649707794189453
1710533006497545989,-8.6220703125,-2.863245964050293,-3.800895929336548
1710533006521007097,-8.638835906982422,-2.90156626701355,-3.823648691177368
1710533006565188273,-8.626860618591309,-2.8979735374450684,-3.802093505859375
1710533006571292745,-8.619675636291504,-2.84648060798645,-3.793710947036743
1710533006594384188,-8.6220703125,-2.882405996322632,-3.793710947036743
1710533006632303285,-8.625662803649902,-2.8572583198547363,-3.792513370513916
1710533006647024144,-8.601712226867676,-2.835703134536743,-3.803291082382202
1710533006676259195,-8.620872497558594,-2.856060743331909,-3.8080811500549316
1710533006697248225,-8.614885330200195,-2.8991711139678955,-3.802093505859375
1710533006729170168,-8.648415565490723,-2.8883936405181885,-3.7793407440185547
1710533006758358201,-8.628057479858398,-2.8740234375,-3.7985010147094727
1710533006772874665,-8.596922874450684,-2.9171338081359863,-3.7757482528686523
1710533006793779341,-8.610095024108887,-3.0105395317077637,-3.7278478145599365
1710533006812794818,-8.610095024108887,-3.0105395317077637,-3.7278478145599365
1710533006833779443,-8.610095024108887,-2.815345525741577,-3.781735897064209
1710533006850509903,-8.620872497558594,-2.9686267375946045,-3.834426164627075
1710533006865487788,-8.647217750549316,-2.9937744140625,-3.7877233028411865
1710533006886359597,-8.589737892150879,-2.743494987487793,-3.791316032409668
1710533006968045810,-8.630453109741211,-2.9207262992858887,-3.8559813499450684
1710533006976473940,-8.6220703125,-2.826122999191284,-3.7961058616638184
1710533006993108263,-8.60770034790039,-2.8776159286499023,-3.83203125
1710533007014380605,-8.618477821350098,-2.803370475769043,-3.7793407440185547
1710533007029122771,-8.626860618591309,-2.8488757610321045,-3.7853283882141113
1710533007043599373,-8.623268127441406,-2.9470715522766113,-3.811673641204834
1710533007058619055,-8.623268127441406,-2.9183313846588135,-3.7769458293914795
1710533007066803169,-8.623268127441406,-2.9183313846588135,-3.7769458293914795
1710533007096655886,-8.629255294799805,-2.8883936405181885,-3.7889208793640137
1710533007140787321,-8.618477821350098,-2.81414794921875,-3.842808723449707
1710533007226488068,-8.63644027709961,-2.8788135051727295,-3.7973034381866455
1710533007253799289,-8.626860618591309,-2.885998487472534,-3.8092784881591797
1710533007276578261,-8.619675636291504,-2.8740234375,-3.7865259647369385
1710533007306206817,-8.6316499710083,-2.9075536727905273,-3.782933235168457
1710533007329426510,-8.618477821350098,-2.9063560962677,-3.823648691177368
1710533007350485333,-8.628057479858398,-2.872825860977173,-3.820056200027466
1710533007360946043,-8.625662803649902,-2.8476781845092773,-3.790118455886841
1710533007377933493,-8.623268127441406,-2.8991711139678955,-3.8092784881591797
1710533007394578358,-8.617280006408691,-2.8668384552001953,-3.8164637088775635
1710533007434371246,-8.635242462158203,-2.9087512493133545,-3.8248462677001953
1710533007463572028,-8.620872497558594,-2.903961181640625,-3.7865259647369385
1710533007471886969,-8.64482307434082,-2.8800110816955566,-3.80448842048645
1710533007490944600,-8.623268127441406,-2.8895909786224365,-3.8068835735321045
1710533007507937693,-8.634045600891113,-2.8991711139678955,-3.7985010147094727
1710533007537441784,-8.634045600891113,-2.923121452331543,-3.7889208793640137
1710533007545782042,-8.593330383300781,-2.8907885551452637,-3.8068835735321045
1710533007566938569,-8.625662803649902,-2.903961181640625,-3.802093505859375
1710533007585608478,-8.637638092041016,-2.8608508110046387,-3.784130811691284
1710533007592069566,-8.635242462158203,-2.9099488258361816,-3.7996985912323
1710533007615146387,-8.6316499710083,-2.8776159286499023,-3.8188586235046387
1710533007691132941,-8.629255294799805,-2.882405996322632,-3.7949085235595703
1710533007800361548,-8.629255294799805,-2.893183708190918,-3.8152661323547363
1710533007819389119,-8.6220703125,-2.8776159286499023,-3.8188586235046387
1710533007848531096,-8.6220703125,-2.9195287227630615,-3.7661681175231934
1710533007913785607,-8.611292839050293,-2.871628522872925,-3.7769458293914795
1710533007915882828,-8.635242462158203,-2.895578622817993,-3.7853283882141113
1710533007960107499,-8.6316499710083,-2.912343740463257,-3.830833673477173
1710533007974883781,-8.6124906539917,-2.9063560962677,-3.7877233028411865
1710533007997710919,-8.628057479858398,-2.8800110816955566,-3.793710947036743
1710533008018950253,-8.618477821350098,-2.885998487472534,-3.812870979309082
1710533008031581509,-8.624464988708496,-2.9063560962677,-3.7961058616638184
1710533008045957708,-8.629255294799805,-2.9003686904907227,-3.7961058616638184
1710533008063220170,-8.630453109741211,-2.8584558963775635,-3.7949085235595703
1710533008073363972,-8.6316499710083,-2.921923875808716,-3.7985010147094727
1710533008128116662,-8.619675636291504,-2.8680357933044434,-3.77215576171875
1710533008155424081,-8.635242462158203,-2.882405996322632,-3.8368213176727295
1710533008169981307,-8.616083145141602,-2.8584558963775635,-3.7949085235595703
1710533008176435895,-8.626860618591309,-2.8488757610321045,-3.7973034381866455
1710533008184966346,-8.63644027709961,-2.905158758163452,-3.770958185195923
1710533008214207467,-8.614885330200195,-2.8608508110046387,-3.770958185195923
1710533008237304127,-8.624464988708496,-2.883603572845459,-3.8152661323547363
1710533008251858433,-8.624464988708496,-2.842888116836548,-3.810476064682007
1710533008274930485,-8.613687515258789,-2.8871960639953613,-3.7973034381866455
1710533008283269297,-8.626860618591309,-2.8740234375,-3.7961058616638184
1710533008289680044,-8.628057479858398,-2.914738655090332,-3.803291082382202
1710533008298368894,-8.617280006408691,-2.8788135051727295,-3.792513370513916
1710533008350810590,-8.608898162841797,-2.8740234375,-3.820056200027466
1710533008365385761,-8.614885330200195,-2.884800910949707,-3.792513370513916
1710533008380467342,-8.625662803649902,-2.852468252182007,-3.7877233028411865
1710533008386649623,-8.625662803649902,-2.8895909786224365,-3.802093505859375
1710533008403442948,-8.628057479858398,-2.893183708190918,-3.7961058616638184
1710533008451760141,-8.623268127441406,-2.8309130668640137,-3.7996985912323
1710533008485362447,-8.620872497558594,-2.8476781845092773,-3.7996985912323
1710533008575696533,-8.632847785949707,-2.891986131668091,-3.7961058616638184
1710533008626411997,-8.620872497558594,-2.885998487472534,-3.7877233028411865
1710533008701765329,-8.617280006408691,-2.8692333698272705,-3.769760847091675
1710533008716528920,-8.626860618591309,-2.8967761993408203,-3.8248462677001953
1710533008733479121,-8.616083145141602,-2.8871960639953613,-3.7661681175231934
1710533008743672406,-8.619675636291504,-2.872825860977173,-3.77215576171875
1710533008750285859,-8.637638092041016,-2.8776159286499023,-3.7985010147094727
1710533008773165452,-8.619675636291504,-2.9087512493133545,-3.8056859970092773
1710533008815230092,-8.642428398132324,-2.8488757610321045,-3.77215576171875
1710533008836273803,-8.625662803649902,-2.9183313846588135,-3.7961058616638184
1710533008865314152,-8.634045600891113,-2.885998487472534,-3.791316032409668
1710533008884727910,-8.624464988708496,-2.8500733375549316,-3.784130811691284
1710533008918070673,-8.637638092041016,-2.875221014022827,-3.769760847091675
1710533008949538095,-8.624464988708496,-2.8800110816955566,-3.784130811691284
1710533008977085547,-8.620872497558594,-2.885998487472534,-3.803291082382202
1710533008996065481,-8.623268127441406,-2.8476781845092773,-3.7865259647369385
1710533009017033877,-8.638835906982422,-2.872825860977173,-3.791316032409668
1710533009037982381,-8.643625259399414,-2.8895909786224365,-3.8260436058044434
1710533009048688570,-8.629255294799805,-2.9291088581085205,-3.800895929336548
1710533009063380908,-8.630453109741211,-2.882405996322632,-3.774550676345825
1710533009084361979,-8.614885330200195,-2.8812084197998047,-3.8056859970092773
1710533009136830376,-8.618477821350098,-2.8704309463500977,-3.8080811500549316
1710533009145349905,-8.617280006408691,-2.8907885551452637,-3.7949085235595703
1710533009155926487,-8.630453109741211,-2.894381046295166,-3.811673641204834
1710533009166306400,-8.617280006408691,-2.8668384552001953,-3.791316032409668
1710533009204132563,-8.630453109741211,-2.883603572845459,-3.7889208793640137
1710533009233478992,-8.635242462158203,-2.8967761993408203,-3.8164637088775635
1710533009260834198,-8.625662803649902,-2.9171338081359863,-3.820056200027466
1710533009269111408,-8.638835906982422,-2.876418352127075,-3.810476064682007
1710533009275466049,-8.60770034790039,-2.891986131668091,-3.7649707794189453
1710533009298634894,-8.626860618591309,-2.8895909786224365,-3.803291082382202
1710533009321831514,-8.618477821350098,-2.8883936405181885,-3.8272411823272705
1710533009347198912,-8.628057479858398,-2.864443302154541,-3.7673656940460205
1710533009389261872,-8.626860618591309,-2.882405996322632,-3.8092784881591797
1710533009399790853,-8.629255294799805,-2.8596532344818115,-3.773353338241577
1710533009422870635,-8.625662803649902,-2.876418352127075,-3.7949085235595703
1710533009437507599,-8.643625259399414,-2.885998487472534,-3.8164637088775635
1710533009446086339,-8.634045600891113,-2.863245964050293,-3.802093505859375
1710533009490498547,-8.618477821350098,-2.863245964050293,-3.7673656940460205
1710533009511361433,-8.625662803649902,-2.883603572845459,-3.782933235168457
1710533009520010432,-8.625662803649902,-2.8369007110595703,-3.7961058616638184
1710533009564024051,-8.624464988708496,-2.875221014022827,-3.7996985912323
1710533009607898977,-8.614885330200195,-2.921923875808716,-3.7877233028411865
1710533009616385089,-8.635242462158203,-2.845283269882202,-3.754193067550659
1710533009630950486,-8.59931755065918,-2.816542863845825,-3.793710947036743
1710533009668640346,-8.608898162841797,-2.8476781845092773,-3.820056200027466
1710533009691936573,-8.625662803649902,-2.863245964050293,-3.7985010147094727
1710533009782038447,-8.629255294799805,-2.8740234375,-3.774550676345825
1710533009807842682,-8.624464988708496,-2.9099488258361816,-3.774550676345825
1710533009811672981,-8.624464988708496,-2.9099488258361816,-3.774550676345825
1710533009822110372,-8.630453109741211,-2.875221014022827,-3.8152661323547363
1710533009840904912,-8.623268127441406,-2.8692333698272705,-3.803291082382202
1710533009857652346,-8.620872497558594,-2.8788135051727295,-3.829636335372925
1710533009878533677,-8.623268127441406,-2.8596532344818115,-3.800895929336548
1710533009954391156,-8.617280006408691,-2.8692333698272705,-3.8080811500549316
1710533009968945438,-8.6220703125,-2.9075536727905273,-3.8164637088775635
1710533009979564338,-8.614885330200195,-2.885998487472534,-3.80448842048645
1710533009998453422,-8.618477821350098,-2.902763605117798,-3.8272411823272705
1710533010088562374,-8.616083145141602,-2.8500733375549316,-3.821253776550293
1710533010124159702,-8.619675636291504,-2.8392956256866455,-3.810476064682007
1710533010193602987,-8.6220703125,-2.932701349258423,-3.8188586235046387
1710533010231391271,-8.618477821350098,-2.884800910949707,-3.803291082382202
1710533010243781553,-8.620872497558594,-2.864443302154541,-3.820056200027466
1710533010262807582,-8.6316499710083,-2.932701349258423,-3.8152661323547363
1710533010287653116,-8.620872497558594,-2.8788135051727295,-3.793710947036743
1710533010359636357,-8.618477821350098,-2.633323907852173,-3.851191520690918
1710533010464365860,-8.628057479858398,-2.9063560962677,-3.8248462677001953
1710533010477227418,-8.64482307434082,-2.8907885551452637,-3.763773202896118
1710533010485909314,-8.623268127441406,-2.932701349258423,-3.793710947036743
1710533010521573747,-8.616083145141602,-2.792592763900757,-3.802093505859375
1710533010546744918,-8.629255294799805,-2.7614574432373047,-3.7996985912323
1710533010574239042,-8.623268127441406,-2.945873975753784,-3.793710947036743
1710533010599270745,-8.63644027709961,-2.8704309463500977,-3.7961058616638184
1710533010664395734,-8.629255294799805,-2.7315196990966797,-3.834426164627075
1710533010681456812,-8.638835906982422,-3.063230037689209,-3.7685632705688477
1710533010710735341,-8.605304718017578,-2.634521484375,-3.821253776550293
1710533010727372653,-8.6316499710083,-2.9303064346313477,-3.812870979309082
1710533010771594441,-8.648415565490723,-2.9291088581085205,-3.821253776550293
1710533010780090855,-8.624464988708496,-2.8871960639953613,-3.802093505859375
1710533010817699982,-8.614885330200195,-2.8895909786224365,-3.820056200027466
1710533010847058709,-8.606502532958984,-2.893183708190918,-3.7877233028411865
1710533010855639749,-8.635242462158203,-2.9410839080810547,-3.791316032409668
1710533010868251087,-8.620872497558594,-2.8979735374450684,-3.8068835735321045
1710533010885082309,-8.601712226867676,-2.845283269882202,-3.80448842048645
1710533010900047970,-8.638835906982422,-2.9279112815856934,-3.833228826522827
1710533010929256718,-8.634045600891113,-2.912343740463257,-3.7769458293914795
1710533010937704242,-8.625662803649902,-2.9063560962677,-3.7865259647369385
1710533010950229008,-8.620872497558594,-2.8416907787323,-3.7865259647369385
1710533010956595673,-8.619675636291504,-2.756667375564575,-3.8260436058044434
1710533010979617796,-8.624464988708496,-2.9698243141174316,-3.774550676345825
1710533011197759153,-8.606502532958984,-2.8476781845092773,-3.7853283882141113
1710533011216670353,-8.638835906982422,-2.921923875808716,-3.8188586235046387
1710533011260756987,-8.632847785949707,-2.8476781845092773,-3.8068835735321045
1710533011283869222,-8.628057479858398,-2.883603572845459,-3.821253776550293
1710533011292321018,-8.628057479858398,-2.883603572845459,-3.821253776550293
1710533011313396253,-8.6220703125,-2.9374914169311523,-3.7877233028411865
1710533011335308404,-8.6220703125,-2.8584558963775635,-3.792513370513916
1710533011399758233,-8.629255294799805,-2.884800910949707,-3.7793407440185547
1710533011408014035,-8.6124906539917,-2.864443302154541,-3.829636335372925
1710533011439534259,-8.629255294799805,-2.875221014022827,-3.782933235168457
1710533011454146254,-8.619675636291504,-2.9003686904907227,-3.7781434059143066
1710533011477240984,-8.598119735717773,-2.924318790435791,-3.791316032409668
1710533011536491384,-8.619675636291504,-2.8476781845092773,-3.803291082382202
1710533011567844123,-8.626860618591309,-2.915936231613159,-3.8164637088775635
1710533011588960437,-8.616083145141602,-2.8668384552001953,-3.7865259647369385
1710533011656040053,-8.626860618591309,-2.84648060798645,-3.8068835735321045
1710533011679038225,-8.6220703125,-2.8488757610321045,-3.8068835735321045
1710533011695987943,-8.616083145141602,-2.8788135051727295,-3.8284387588500977
1710533011738104872,-8.623268127441406,-2.895578622817993,-3.800895929336548
1710533011754887090,-8.620872497558594,-2.885998487472534,-3.8080811500549316
1710533011790654227,-8.625662803649902,-2.882405996322632,-3.7949085235595703
1710533011811590417,-8.6220703125,-2.852468252182007,-3.781735897064209
1710533011815573702,-8.620872497558594,-2.9075536727905273,-3.793710947036743
1710533011826201558,-8.623268127441406,-2.8788135051727295,-3.802093505859375
1710533011844958790,-8.6316499710083,-2.8416907787323,-3.7985010147094727
1710533011859674185,-8.626860618591309,-2.8668384552001953,-3.7781434059143066
1710533011882725261,-8.630453109741211,-2.8680357933044434,-3.810476064682007
1710533011897418187,-8.624464988708496,-2.852468252182007,-3.80448842048645
1710533011908030956,-8.623268127441406,-2.8776159286499023,-3.7853283882141113
1710533011931138162,-8.616083145141602,-2.8416907787323,-3.792513370513916
1710533011941611009,-8.628057479858398,-2.876418352127075,-3.7996985912323
1710533011958389388,-8.625662803649902,-2.8907885551452637,-3.8092784881591797
1710533011994352459,-8.63644027709961,-2.8608508110046387,-3.8188586235046387
1710533012038128773,-8.619675636291504,-2.894381046295166,-3.7781434059143066
1710533012061566990,-8.620872497558594,-2.856060743331909,-3.8164637088775635
1710533012099097531,-8.628057479858398,-2.9075536727905273,-3.791316032409668
1710533012134882760,-8.619675636291504,-2.8895909786224365,-3.7793407440185547
1710533012158129087,-8.614885330200195,-2.863245964050293,-3.800895929336548
1710533012168621039,-8.647217750549316,-2.883603572845459,-3.80448842048645
1710533012183483447,-8.623268127441406,-2.872825860977173,-3.800895929336548
1710533012212753110,-8.625662803649902,-2.8871960639953613,-3.780538320541382
1710533012231568891,-8.6316499710083,-2.891986131668091,-3.8152661323547363
1710533012263156205,-8.619675636291504,-2.845283269882202,-3.762575626373291
1710533012286061070,-8.626860618591309,-2.914738655090332,-3.802093505859375
1710533012317620515,-8.637638092041016,-2.8812084197998047,-3.7961058616638184
1710533012326232719,-8.634045600891113,-2.8776159286499023,-3.7877233028411865
1710533012376737736,-8.634045600891113,-2.8991711139678955,-3.800895929336548
1710533012391329242,-8.624464988708496,-2.8800110816955566,-3.7793407440185547
1710533012429353052,-8.634045600891113,-2.8740234375,-3.7996985912323
1710533012460808795,-8.626860618591309,-2.8788135051727295,-3.791316032409668
1710533012481987629,-8.625662803649902,-2.871628522872925,-3.790118455886841
1710533012496737770,-8.626860618591309,-2.863245964050293,-3.7889208793640137
1710533012513455773,-8.6220703125,-2.8907885551452637,-3.8284387588500977
1710533012536694263,-8.624464988708496,-2.8380980491638184,-3.7985010147094727
1710533012610242828,-8.623268127441406,-2.893183708190918,-3.8092784881591797
1710533012624975799,-8.6220703125,-2.8740234375,-3.7949085235595703
1710533012683345459,-8.629255294799805,-2.882405996322632,-3.7769458293914795
1710533012691922865,-8.625662803649902,-2.84648060798645,-3.791316032409668
1710533012738523686,-8.630453109741211,-2.8668384552001953,-3.793710947036743
1710533012782556304,-8.620872497558594,-2.9374914169311523,-3.784130811691284
1710533012797379568,-8.618477821350098,-2.8608508110046387,-3.7877233028411865
1710533012833001512,-8.60770034790039,-2.8788135051727295,-3.754193067550659
1710533012847669111,-8.629255294799805,-2.8776159286499023,-3.803291082382202
1710533012892056143,-8.616083145141602,-2.9003686904907227,-3.7961058616638184
1710533012911043502,-8.618477821350098,-2.895578622817993,-3.8152661323547363
1710533012938312962,-8.630453109741211,-2.8788135051727295,-3.803291082382202
1710533012997163392,-8.629255294799805,-2.8572583198547363,-3.7949085235595703
1710533013022278891,-8.626860618591309,-2.864443302154541,-3.800895929336548
1710533013056007171,-8.632847785949707,-2.883603572845459,-3.780538320541382
1710533013058073964,-8.608898162841797,-2.8692333698272705,-3.7973034381866455
1710533013066536817,-8.625662803649902,-2.9171338081359863,-3.8080811500549316
1710533013074862933,-8.623268127441406,-2.856060743331909,-3.80448842048645
1710533013119124794,-8.620872497558594,-2.8812084197998047,-3.7685632705688477
1710533013133679540,-8.630453109741211,-2.8967761993408203,-3.781735897064209
1710533013180160218,-8.6316499710083,-2.905158758163452,-3.800895929336548
1710533013186529287,-8.625662803649902,-2.893183708190918,-3.780538320541382
1710533013207529050,-8.618477821350098,-2.8740234375,-3.782933235168457
1710533013247115983,-8.624464988708496,-2.8572583198547363,-3.800895929336548
1710533013282917266,-8.619675636291504,-2.895578622817993,-3.7853283882141113
1710533013314661256,-8.625662803649902,-2.8392956256866455,-3.8176610469818115
1710533013352115525,-8.6220703125,-2.793790340423584,-3.782933235168457
1710533013375501426,-8.6316499710083,-2.9111461639404297,-3.769760847091675
1710533013396364460,-8.624464988708496,-2.875221014022827,-3.8284387588500977
1710533013419471427,-8.617280006408691,-2.8572583198547363,-3.8152661323547363
1710533013488602797,-8.6220703125,-2.9279112815856934,-3.811673641204834
1710533013490664447,-8.6220703125,-2.9279112815856934,-3.811673641204834
1710533013507589266,-8.625662803649902,-2.852468252182007,-3.793710947036743
1710533013530842465,-8.638835906982422,-2.902763605117798,-3.810476064682007
1710533013547557581,-8.613687515258789,-2.9171338081359863,-3.780538320541382
1710533013577140466,-8.635242462158203,-2.884800910949707,-3.7685632705688477
1710533013598294850,-8.614885330200195,-2.8608508110046387,-3.774550676345825
1710533013629512968,-8.628057479858398,-2.8883936405181885,-3.792513370513916
1710533013690179203,-8.626860618591309,-2.865640878677368,-3.781735897064209
1710533013702799647,-8.634045600891113,-2.9087512493133545,-3.7889208793640137
1710533013743036511,-8.624464988708496,-2.9279112815856934,-3.821253776550293
1710533013766133526,-8.617280006408691,-2.8692333698272705,-3.780538320541382
1710533013780792896,-8.6316499710083,-2.84648060798645,-3.780538320541382
1710533013825628667,-8.641230583190918,-2.8680357933044434,-3.803291082382202
1710533013860446272,-8.624464988708496,-2.903961181640625,-3.7973034381866455
1710533013868556120,-8.620872497558594,-2.882405996322632,-3.8164637088775635
1710533013870478394,-8.6220703125,-2.9075536727905273,-3.810476064682007
1710533013898071693,-8.617280006408691,-2.905158758163452,-3.7949085235595703
1710533013944324883,-8.617280006408691,-2.852468252182007,-3.7757482528686523
1710533013959025786,-8.638835906982422,-2.852468252182007,-3.80448842048645
1710533013973776325,-8.624464988708496,-2.8680357933044434,-3.8248462677001953
1710533013990721269,-8.613687515258789,-2.865640878677368,-3.780538320541382
1710533014005152922,-8.635242462158203,-2.8967761993408203,-3.7757482528686523
1710533014055450584,-8.624464988708496,-2.9099488258361816,-3.7853283882141113
1710533014068141480,-8.610095024108887,-2.9087512493133545,-3.7985010147094727
1710533014110013797,-8.640032768249512,-2.8800110816955566,-3.791316032409668
1710533014124608309,-8.624464988708496,-2.923121452331543,-3.810476064682007
1710533014129189958,-8.619675636291504,-2.8404932022094727,-3.769760847091675
1710533014145748720,-8.626860618591309,-2.854863166809082,-3.8080811500549316
1710533014162434826,-8.630453109741211,-2.894381046295166,-3.8260436058044434
1710533014168700468,-8.630453109741211,-2.8584558963775635,-3.7961058616638184
1710533014191916829,-8.626860618591309,-2.894381046295166,-3.7996985912323
1710533014206767821,-8.616083145141602,-2.8812084197998047,-3.7793407440185547
1710533014221376612,-8.625662803649902,-2.885998487472534,-3.802093505859375
1710533014233917756,-8.608898162841797,-2.8704309463500977,-3.7889208793640137
1710533014267238532,-8.619675636291504,-2.8788135051727295,-3.80448842048645
1710533014305083424,-8.614885330200195,-2.8788135051727295,-3.803291082382202
1710533014320167833,-8.63644027709961,-2.923121452331543,-3.791316032409668
1710533014334775740,-8.625662803649902,-2.8991711139678955,-3.8272411823272705
1710533014422894191,-8.623268127441406,-2.894381046295166,-3.841611385345459
1710533014458554684,-8.623268127441406,-2.876418352127075,-3.8056859970092773
1710533014507021818,-8.619675636291504,-2.8740234375,-3.7961058616638184
1710533014515294295,-8.638835906982422,-2.8740234375,-3.7961058616638184
1710533014557512983,-8.620872497558594,-2.8883936405181885,-3.773353338241577
1710533014565833530,-8.626860618591309,-2.893183708190918,-3.820056200027466
1710533014574158698,-8.628057479858398,-2.8608508110046387,-3.769760847091675
1710533014586894548,-8.608898162841797,-2.852468252182007,-3.800895929336548
1710533014603708046,-8.623268127441406,-2.9003686904907227,-3.781735897064209
1710533014620703773,-8.628057479858398,-2.8608508110046387,-3.7877233028411865
1710533014635291912,-8.614885330200195,-2.9267139434814453,-3.770958185195923
1710533014662604282,-8.632847785949707,-2.875221014022827,-3.8068835735321045
1710533014692239238,-8.568181991577148,-2.871628522872925,-3.810476064682007
1710533014708994173,-8.616083145141602,-2.884800910949707,-3.812870979309082
1710533014731902325,-8.616083145141602,-2.884800910949707,-3.812870979309082
1710533014746554813,-8.63644027709961,-2.832110643386841,-3.7889208793640137
1710533014767770606,-8.617280006408691,-2.8871960639953613,-3.8056859970092773
1710533014784617625,-8.638835906982422,-2.845283269882202,-3.80448842048645
1710533014851658256,-8.624464988708496,-2.8800110816955566,-3.7889208793640137
1710533014878973631,-8.632847785949707,-2.871628522872925,-3.792513370513916
1710533014920958083,-8.6316499710083,-2.882405996322632,-3.800895929336548
1710533014973548584,-8.619675636291504,-2.8907885551452637,-3.793710947036743
1710533015026018993,-8.64482307434082,-2.875221014022827,-3.823648691177368
1710533015032287155,-8.624464988708496,-2.9374914169311523,-3.7996985912323
1710533015093432971,-8.64482307434082,-2.905158758163452,-3.8248462677001953
1710533015122889018,-8.625662803649902,-2.8704309463500977,-3.792513370513916
1710533015145960580,-8.608898162841797,-2.876418352127075,-3.792513370513916
1710533015181680668,-8.6316499710083,-2.9207262992858887,-3.7889208793640137
1710533015192233288,-8.60770034790039,-2.8979735374450684,-3.792513370513916
1710533015211100536,-8.625662803649902,-2.8680357933044434,-3.7961058616638184
1710533015217582639,-8.6124906539917,-2.9207262992858887,-3.780538320541382
1710533015240518274,-8.630453109741211,-2.883603572845459,-3.814068555831909
1710533015250868607,-8.624464988708496,-2.893183708190918,-3.7996985912323
1710533015257123135,-8.626860618591309,-2.876418352127075,-3.823648691177368
1710533015288739752,-8.610095024108887,-2.8476781845092773,-3.7996985912323
1710533015290806541,-8.6316499710083,-2.875221014022827,-3.770958185195923
1710533015332668425,-8.6220703125,-2.8572583198547363,-3.802093505859375
1710533015353667206,-8.629255294799805,-2.884800910949707,-3.7961058616638184
1710533015370431875,-8.620872497558594,-2.8812084197998047,-3.793710947036743
1710533015385062978,-8.619675636291504,-2.8883936405181885,-3.802093505859375
1710533015410355657,-8.635242462158203,-2.893183708190918,-3.80448842048645
1710533015416814444,-8.625662803649902,-2.8991711139678955,-3.792513370513916
1710533015427362538,-8.619675636291504,-2.875221014022827,-3.784130811691284
1710533015443761903,-8.617280006408691,-2.8692333698272705,-3.7865259647369385
1710533015458649639,-8.624464988708496,-2.885998487472534,-3.8056859970092773
1710533015485899771,-8.628057479858398,-2.883603572845459,-3.7877233028411865
1710533015523589145,-8.632847785949707,-2.8740234375,-3.800895929336548
1710533015542302991,-8.616083145141602,-2.905158758163452,-3.782933235168457
1710533015572622499,-8.596922874450684,-2.8740234375,-3.851191520690918
1710533015616219055,-8.625662803649902,-2.8297154903411865,-3.7961058616638184
1710533015639354215,-8.596922874450684,-2.882405996322632,-3.7996985912323
1710533015676883059,-8.626860618591309,-2.845283269882202,-3.8068835735321045
1710533015700369161,-8.619675636291504,-2.875221014022827,-3.791316032409668
1710533015706633040,-8.626860618591309,-2.895578622817993,-3.7961058616638184
1710533015723645163,-8.632847785949707,-2.8883936405181885,-3.8152661323547363
1710533015788770637,-8.617280006408691,-2.882405996322632,-3.821253776550293
1710533015805412686,-8.630453109741211,-2.875221014022827,-3.814068555831909
1710533015809650750,-8.628057479858398,-2.8907885551452637,-3.811673641204834
1710533015813864113,-8.628057479858398,-2.8476781845092773,-3.784130811691284
1710533015832653962,-8.6220703125,-2.9087512493133545,-3.784130811691284
1710533015849454633,-8.630453109741211,-2.8883936405181885,-3.8068835735321045
1710533015872349913,-8.6220703125,-2.862048387527466,-3.8068835735321045
1710533015887438906,-8.623268127441406,-2.8776159286499023,-3.7949085235595703
1710533015910440370,-8.625662803649902,-2.882405996322632,-3.7949085235595703
1710533015918952093,-8.629255294799805,-2.865640878677368,-3.7973034381866455
1710533015931498232,-8.628057479858398,-2.884800910949707,-3.762575626373291
1710533015962845913,-8.623268127441406,-2.8883936405181885,-3.7877233028411865
1710533015992201233,-8.626860618591309,-2.894381046295166,-3.7985010147094727
1710533016032115061,-8.6316499710083,-2.8416907787323,-3.7996985912323
1710533016050867433,-8.628057479858398,-2.8668384552001953,-3.80448842048645
1710533016073980842,-8.6124906539917,-2.856060743331909,-3.7865259647369385
1710533016090661721,-8.637638092041016,-2.912343740463257,-3.752995491027832
1710533016112006681,-8.624464988708496,-2.8369007110595703,-3.8080811500549316
1710533016120458528,-8.626860618591309,-2.8871960639953613,-3.8080811500549316
1710533016124610332,-8.60770034790039,-2.9267139434814453,-3.812870979309082
1710533016143507852,-8.6220703125,-2.845283269882202,-3.8164637088775635
1710533016164612284,-8.6124906539917,-2.893183708190918,-3.790118455886841
1710533016194047486,-8.623268127441406,-2.8704309463500977,-3.7985010147094727
1710533016246489811,-8.620872497558594,-2.8476781845092773,-3.8080811500549316
1710533016261154343,-8.616083145141602,-2.891986131668091,-3.792513370513916
1710533016278316852,-8.619675636291504,-2.932701349258423,-3.7853283882141113
1710533016308088957,-8.6220703125,-2.8907885551452637,-3.7577855587005615
1710533016322122048,-8.618477821350098,-2.8895909786224365,-3.810476064682007
1710533016349402649,-8.620872497558594,-2.8895909786224365,-3.810476064682007
1710533016389357322,-8.6124906539917,-2.9003686904907227,-3.7757482528686523
1710533016456190243,-8.628057479858398,-2.8596532344818115,-3.8068835735321045
1710533016479047027,-8.623268127441406,-2.9291088581085205,-3.784130811691284
1710533016496272754,-8.6220703125,-2.9207262992858887,-3.774550676345825
1710533016508804971,-8.600515365600586,-2.783012628555298,-3.792513370513916
1710533016517159237,-8.620872497558594,-2.8800110816955566,-3.810476064682007
1710533016542865646,-8.635242462158203,-2.943479061126709,-3.822451114654541
1710533016557320572,-8.629255294799805,-2.9386889934539795,-3.7889208793640137
1710533016582536001,-8.623268127441406,-2.871628522872925,-3.8080811500549316
1710533016603595585,-8.625662803649902,-2.8093578815460205,-3.80448842048645
1710533016658079062,-8.618477821350098,-2.844085693359375,-3.810476064682007
1710533016674914388,-8.629255294799805,-2.811753034591675,-3.823648691177368
1710533016710650238,-8.620872497558594,-2.9686267375946045,-3.8164637088775635
1710533016740209726,-8.617280006408691,-2.915936231613159,-3.791316032409668
1710533016779825429,-8.602910041809082,-2.862048387527466,-3.8188586235046387
1710533016809230127,-8.634045600891113,-2.8584558963775635,-3.7865259647369385
1710533016844886016,-8.626860618591309,-2.884800910949707,-3.814068555831909
1710533016876110656,-8.617280006408691,-2.942281484603882,-3.760180711746216
1710533016951968109,-8.626860618591309,-2.9075536727905273,-3.802093505859375
1710533016979394314,-8.623268127441406,-2.8392956256866455,-3.7985010147094727
1710533016996396494,-8.6220703125,-2.865640878677368,-3.812870979309082
1710533017040236308,-8.613687515258789,-2.793790340423584,-3.784130811691284
1710533017065351397,-8.646020889282227,-2.8895909786224365,-3.812870979309082
1710533017069471356,-8.625662803649902,-2.893183708190918,-3.8080811500549316
1710533017071501299,-8.628057479858398,-2.913541316986084,-3.792513370513916
1710533017094730113,-8.613687515258789,-2.8476781845092773,-3.814068555831909
1710533017142059957,-8.6316499710083,-2.8584558963775635,-3.793710947036743
1710533017161918512,-8.611292839050293,-2.822530508041382,-3.8452038764953613
1710533017180949948,-8.646020889282227,-2.9303064346313477,-3.790118455886841
1710533017206200828,-8.618477821350098,-2.894381046295166,-3.811673641204834
1710533017221050336,-8.629255294799805,-2.9398865699768066,-3.823648691177368
1710533017237922357,-8.605304718017578,-2.8895909786224365,-3.800895929336548
1710533017258679281,-8.620872497558594,-2.8512706756591797,-3.80448842048645
1710533017288127238,-8.6124906539917,-2.883603572845459,-3.800895929336548
1710533017298768019,-8.6316499710083,-2.8680357933044434,-3.790118455886841
1710533017311357624,-8.619675636291504,-2.865640878677368,-3.821253776550293
1710533017334862063,-8.618477821350098,-2.875221014022827,-3.841611385345459
1710533017347158565,-8.626860618591309,-2.914738655090332,-3.770958185195923
1710533017372251057,-8.626860618591309,-2.853665828704834,-3.820056200027466
1710533017416622633,-8.626860618591309,-2.8668384552001953,-3.8092784881591797
1710533017468828584,-8.611292839050293,-2.883603572845459,-3.800895929336548
1710533017500334941,-8.619675636291504,-2.8404932022094727,-3.800895929336548
1710533017534081196,-8.628057479858398,-2.854863166809082,-3.782933235168457
1710533017559543933,-8.6220703125,-2.8883936405181885,-3.7961058616638184
1710533017597148014,-8.623268127441406,-2.9470715522766113,-3.774550676345825
1710533017630726068,-8.6316499710083,-2.8596532344818115,-3.803291082382202
1710533017650019237,-8.630453109741211,-2.902763605117798,-3.80448842048645
1710533017672724319,-8.623268127441406,-2.864443302154541,-3.790118455886841
1710533017706425120,-8.616083145141602,-2.891986131668091,-3.8152661323547363
1710533017731595893,-8.617280006408691,-2.9267139434814453,-3.80448842048645
1710533017740011161,-8.617280006408691,-2.834505558013916,-3.8152661323547363
1710533017769388948,-8.63644027709961,-2.942281484603882,-3.793710947036743
1710533017777853899,-8.598119735717773,-2.903961181640625,-3.7769458293914795
1710533017784061399,-8.642428398132324,-2.854863166809082,-3.790118455886841
1710533017799067275,-8.618477821350098,-2.8608508110046387,-3.7757482528686523
1710533017803101931,-8.618477821350098,-2.973416805267334,-3.7949085235595703
1710533017826165143,-8.624464988708496,-2.921923875808716,-3.812870979309082
1710533017851222471,-8.634045600891113,-2.8380980491638184,-3.810476064682007
1710533017888961293,-8.620872497558594,-2.862048387527466,-3.7577855587005615
1710533017908139984,-8.623268127441406,-2.816542863845825,-3.8092784881591797
1710533017910273523,-8.628057479858398,-2.8979735374450684,-3.8272411823272705
1710533017933362518,-8.624464988708496,-2.90156626701355,-3.823648691177368
1710533017941697006,-8.624464988708496,-2.9195287227630615,-3.7877233028411865
1710533017956572789,-8.6124906539917,-2.7973828315734863,-3.791316032409668
1710533017979732796,-8.640032768249512,-2.955454111099243,-3.810476064682007
1710533018000627887,-8.613687515258789,-2.90156626701355,-3.8056859970092773
1710533018017697603,-8.598119735717773,-2.853665828704834,-3.7853283882141113
1710533018040608010,-8.604107856750488,-2.844085693359375,-3.830833673477173
1710533018055393594,-8.634045600891113,-3.0261070728302,-3.7649707794189453
1710533018099430724,-8.628057479858398,-2.9710216522216797,-3.860771417617798
1710533018114195894,-8.624464988708496,-2.915936231613159,-3.7793407440185547
1710533018118530051,-8.617280006408691,-2.9674291610717773,-3.7781434059143066
1710533018139501375,-8.629255294799805,-2.8201355934143066,-3.769760847091675
1710533018149838830,-8.630453109741211,-2.8740234375,-3.863166570663452
1710533018160433706,-8.6316499710083,-2.81414794921875,-3.802093505859375
1710533018181419059,-8.623268127441406,-2.912343740463257,-3.7985010147094727
1710533018189830507,-8.619675636291504,-2.902763605117798,-3.7996985912323
1710533018219468108,-8.6220703125,-2.9003686904907227,-3.7949085235595703
1710533018250692112,-8.626860618591309,-2.862048387527466,-3.8068835735321045
1710533018277788832,-8.616083145141602,-2.8392956256866455,-3.782933235168457
1710533018288469323,-8.641230583190918,-2.8213329315185547,-3.781735897064209
1710533018307626442,-8.624464988708496,-2.9398865699768066,-3.7889208793640137
1710533018338956741,-8.630453109741211,-2.8392956256866455,-3.7973034381866455
1710533018399785502,-8.618477821350098,-2.8285181522369385,-3.802093505859375
1710533018437688355,-8.618477821350098,-2.8285181522369385,-3.802093505859375
1710533018458587847,-8.637638092041016,-2.924318790435791,-3.8176610469818115
1710533018471090383,-8.614885330200195,-2.8895909786224365,-3.7961058616638184
1710533018498653595,-8.6316499710083,-2.8476781845092773,-3.780538320541382
1710533018519262350,-8.649613380432129,-2.9003686904907227,-3.810476064682007
1710533018540235058,-8.649613380432129,-2.9003686904907227,-3.810476064682007
1710533018571944359,-8.618477821350098,-2.856060743331909,-3.77215576171875
1710533018586460620,-8.618477821350098,-2.856060743331909,-3.77215576171875
1710533018617973813,-8.629255294799805,-2.8907885551452637,-3.7961058616638184
1710533018651695265,-8.634045600891113,-2.9303064346313477,-3.792513370513916
1710533018660543900,-8.618477821350098,-2.8404932022094727,-3.7996985912323
1710533018668153085,-8.614885330200195,-2.8800110816955566,-3.780538320541382
1710533018691314399,-8.623268127441406,-2.8788135051727295,-3.811673641204834
1710533018714189367,-8.628057479858398,-2.8883936405181885,-3.8164637088775635
1710533018720524919,-8.6220703125,-2.9003686904907227,-3.7781434059143066
1710533018745856844,-8.60770034790039,-2.915936231613159,-3.8188586235046387
1710533018779687152,-8.629255294799805,-2.9087512493133545,-3.844006299972534
1710533018798617066,-8.628057479858398,-2.8500733375549316,-3.7949085235595703
1710533018826127790,-8.600515365600586,-2.8380980491638184,-3.790118455886841
1710533018857434979,-8.634045600891113,-2.845283269882202,-3.830833673477173
1710533018863690347,-8.629255294799805,-2.902763605117798,-3.7661681175231934
1710533018882387985,-8.624464988708496,-2.9889843463897705,-3.7661681175231934
1710533018909740611,-8.626860618591309,-2.7866051197052,-3.791316032409668
1710533018933014532,-8.626860618591309,-2.962639093399048,-3.8080811500549316
1710533018947718655,-8.643625259399414,-2.9003686904907227,-3.763773202896118
1710533018987673600,-8.619675636291504,-2.8404932022094727,-3.7877233028411865
1710533019015044020,-8.628057479858398,-2.783012628555298,-3.7853283882141113
1710533019052523776,-8.617280006408691,-2.9877867698669434,-3.784130811691284
1710533019088344717,-8.632847785949707,-2.9374914169311523,-3.851191520690918
1710533019132598768,-8.641230583190918,-2.876418352127075,-3.7877233028411865
1710533019157721357,-8.630453109741211,-2.8369007110595703,-3.8080811500549316
1710533019210061061,-8.605304718017578,-2.921923875808716,-3.800895929336548
1710533019216478795,-8.634045600891113,-2.8812084197998047,-3.7996985912323
1710533019225066633,-8.628057479858398,-2.902763605117798,-3.821253776550293
1710533019262438751,-8.608898162841797,-2.8476781845092773,-3.7996985912323
1710533019276978031,-8.625662803649902,-2.8596532344818115,-3.8176610469818115
1710533019300307863,-8.623268127441406,-2.876418352127075,-3.7781434059143066
1710533019321520203,-8.635242462158203,-2.884800910949707,-3.830833673477173
1710533019365619859,-8.6124906539917,-2.9183313846588135,-3.7865259647369385
1710533019376054843,-8.625662803649902,-2.891986131668091,-3.811673641204834
1710533019389102751,-8.625662803649902,-2.913541316986084,-3.8356237411499023
1710533019418115253,-8.634045600891113,-2.96623158454895,-3.80448842048645
1710533019432914557,-8.637638092041016,-2.8584558963775635,-3.7589831352233887
1710533019472308450,-8.648415565490723,-2.856060743331909,-3.7757482528686523
1710533019481093833,-8.654402732849121,-2.8776159286499023,-3.800895929336548
1710533019495726959,-8.6316499710083,-2.9602441787719727,-3.7877233028411865
1710533019499882516,-8.618477821350098,-2.871628522872925,-3.80448842048645
1710533019502043780,-8.625662803649902,-2.8512706756591797,-3.7961058616638184
1710533019554542524,-8.625662803649902,-2.826122999191284,-3.802093505859375
1710533019562769938,-8.595725059509277,-2.9267139434814453,-3.7649707794189453
1710533019577621778,-8.602910041809082,-2.7985804080963135,-3.83203125
1710533019644655336,-8.614885330200195,-2.862048387527466,-3.8380188941955566
1710533019697355597,-8.619675636291504,-2.872825860977173,-3.83203125
1710533019749821557,-8.6220703125,-2.852468252182007,-3.7996985912323
1710533019770711600,-8.628057479858398,-2.8704309463500977,-3.782933235168457
1710533019787532813,-8.620872497558594,-2.8812084197998047,-3.7853283882141113
1710533019816934306,-8.6220703125,-2.8776159286499023,-3.8152661323547363
1710533019829758922,-8.623268127441406,-2.936293840408325,-3.760180711746216
1710533019854744893,-8.623268127441406,-2.842888116836548,-3.8248462677001953
1710533019875562765,-8.620872497558594,-2.796185255050659,-3.8248462677001953
1710533019943423148,-8.605304718017578,-2.8093578815460205,-3.7889208793640137
1710533019953422670,-8.628057479858398,-2.902763605117798,-3.792513370513916
1710533019980707667,-8.625662803649902,-2.8476781845092773,-3.7865259647369385
1710533020001706302,-8.614885330200195,-2.9794042110443115,-3.782933235168457
1710533020006069664,-8.617280006408691,-2.852468252182007,-3.800895929336548
1710533020033221430,-8.624464988708496,-2.8788135051727295,-3.7889208793640137
1710533020054249180,-8.628057479858398,-2.9087512493133545,-3.7685632705688477
1710533020071010200,-8.613687515258789,-2.915936231613159,-3.851191520690918
1710533020085828734,-8.614885330200195,-2.863245964050293,-3.793710947036743
1710533020102599073,-8.617280006408691,-2.835703134536743,-3.782933235168457
1710533020111054873,-8.624464988708496,-2.882405996322632,-3.7853283882141113
1710533020138332127,-8.628057479858398,-2.8979735374450684,-3.8092784881591797
1710533020169745291,-8.617280006408691,-2.8895909786224365,-3.774550676345825
1710533020190726706,-8.613687515258789,-2.8788135051727295,-3.7973034381866455
1710533020196810004,-8.623268127441406,-2.8069629669189453,-3.8272411823272705
1710533020222199480,-8.632847785949707,-2.871628522872925,-3.791316032409668
1710533020242972766,-8.60770034790039,-2.8500733375549316,-3.8272411823272705
1710533020312410121,-8.600515365600586,-2.8297154903411865,-3.770958185195923
1710533020335586861,-8.635242462158203,-2.9506640434265137,-3.8260436058044434
1710533020371292117,-8.63644027709961,-2.9410839080810547,-3.810476064682007
1710533020400721668,-8.626860618591309,-2.8668384552001953,-3.790118455886841
1710533020432391025,-8.63644027709961,-2.8309130668640137,-3.782933235168457
1710533020434422141,-8.614885330200195,-2.921923875808716,-3.774550676345825
1710533020451213972,-8.59931755065918,-2.863245964050293,-3.8092784881591797
1710533020463797336,-8.614885330200195,-2.824925422668457,-3.7853283882141113
1710533020484772489,-8.630453109741211,-2.9494664669036865,-3.7661681175231934
1710533020514348965,-8.6124906539917,-2.84648060798645,-3.7446129322052
1710533020529146583,-8.629255294799805,-2.9183313846588135,-3.83203125
1710533020549902529,-8.655600547790527,-2.852468252182007,-3.784130811691284
1710533020551962200,-8.565787315368652,-2.7782225608825684,-3.774550676345825
1710533020579274458,-8.624464988708496,-2.8105554580688477,-3.8859190940856934
1710533020604423465,-8.614885330200195,-2.9111461639404297,-3.8068835735321045
1710533020644329255,-8.618477821350098,-2.9494664669036865,-3.8176610469818115
1710533020663255480,-8.630453109741211,-2.78181529045105,-3.760180711746216
1710533020679921867,-8.605304718017578,-2.924318790435791,-3.7757482528686523
1710533020703209162,-8.619675636291504,-2.9099488258361816,-3.7781434059143066
1710533020709245143,-8.63644027709961,-2.893183708190918,-3.851191520690918
1710533020776497907,-8.6316499710083,-2.8189380168914795,-3.814068555831909
1710533020814106653,-8.623268127441406,-2.912343740463257,-3.7757482528686523
1710533020816279884,-8.6220703125,-2.9410839080810547,-3.8056859970092773
1710533020828834328,-8.6316499710083,-2.842888116836548,-3.793710947036743
1710533020864306268,-8.595725059509277,-2.8512706756591797,-3.812870979309082
1710533020889796062,-8.613687515258789,-2.8584558963775635,-3.834426164627075
1710533020898284223,-8.623268127441406,-2.924318790435791,-3.7889208793640137
1710533020959144925,-8.619675636291504,-2.931504011154175,-3.8260436058044434
1710533020986627206,-8.628057479858398,-2.932701349258423,-3.80448842048645
1710533021024315059,-8.605304718017578,-2.8680357933044434,-3.7649707794189453
1710533021062383460,-8.637638092041016,-2.8704309463500977,-3.7877233028411865
1710533021083228690,-8.6220703125,-2.915936231613159,-3.762575626373291
1710533021129308699,-8.634045600891113,-2.872825860977173,-3.784130811691284
1710533021141777967,-8.624464988708496,-2.8596532344818115,-3.8176610469818115
1710533021162949070,-8.620872497558594,-2.8369007110595703,-3.7865259647369385
1710533021169076514,-8.606502532958984,-2.8740234375,-3.8056859970092773
1710533021188149348,-8.616083145141602,-2.905158758163452,-3.780538320541382
1710533021219683841,-8.629255294799805,-2.923121452331543,-3.769760847091675
1710533021251002871,-8.629255294799805,-2.871628522872925,-3.8547840118408203
1710533021265715121,-8.623268127441406,-2.8907885551452637,-3.7877233028411865
1710533021267717976,-8.614885330200195,-2.8883936405181885,-3.791316032409668
1710533021271868669,-8.613687515258789,-2.8309130668640137,-3.7949085235595703
1710533021295142951,-8.625662803649902,-2.8692333698272705,-3.833228826522827
1710533021332881952,-8.595725059509277,-2.8608508110046387,-3.7781434059143066
1710533021339355667,-8.6220703125,-2.9063560962677,-3.7889208793640137
1710533021355931063,-8.6220703125,-2.852468252182007,-3.8152661323547363
1710533021423112441,-8.624464988708496,-2.9279112815856934,-3.7996985912323
1710533021441892591,-8.625662803649902,-2.9171338081359863,-3.7889208793640137
1710533021458630413,-8.6316499710083,-2.8380980491638184,-3.8152661323547363
1710533021475241270,-8.606502532958984,-2.893183708190918,-3.810476064682007
1710533021490987922,-8.617280006408691,-2.8273205757141113,-3.823648691177368
1710533021496335903,-8.628057479858398,-2.9099488258361816,-3.8068835735321045
1710533021519529803,-8.616083145141602,-2.9063560962677,-3.770958185195923
1710533021525631782,-8.613687515258789,-2.8871960639953613,-3.810476064682007
1710533021557304088,-8.611292839050293,-2.871628522872925,-3.80448842048645
1710533021578257333,-8.605304718017578,-2.893183708190918,-3.8464014530181885
1710533021592969650,-8.640032768249512,-2.8416907787323,-3.811673641204834
1710533021599146377,-8.63644027709961,-2.895578622817993,-3.769760847091675
1710533021607528669,-8.596922874450684,-2.8871960639953613,-3.8080811500549316
1710533021630563820,-8.629255294799805,-2.905158758163452,-3.7961058616638184
1710533021653585996,-8.629255294799805,-2.8416907787323,-3.8272411823272705
1710533021662090191,-8.629255294799805,-2.8776159286499023,-3.7949085235595703
1710533021670246645,-8.629255294799805,-2.924318790435791,-3.7973034381866455
1710533021693589580,-8.618477821350098,-2.8404932022094727,-3.7949085235595703
1710533021706245741,-8.635242462158203,-2.905158758163452,-3.7949085235595703
1710533021737698524,-8.606502532958984,-2.871628522872925,-3.7889208793640137
1710533021773257770,-8.623268127441406,-2.872825860977173,-3.780538320541382
1710533021787961609,-8.618477821350098,-2.8991711139678955,-3.7985010147094727
1710533021796375284,-8.6220703125,-2.883603572845459,-3.7996985912323
1710533021811298961,-8.617280006408691,-2.925516366958618,-3.811673641204834
1710533021871693435,-8.626860618591309,-2.912343740463257,-3.8068835735321045
1710533021930817957,-8.6220703125,-2.8871960639953613,-3.7985010147094727
1710533021954081031,-8.629255294799805,-2.8704309463500977,-3.784130811691284
1710533021968711432,-8.626860618591309,-2.905158758163452,-3.7889208793640137
1710533022021392826,-8.6124906539917,-2.862048387527466,-3.793710947036743
1710533022046348677,-8.630453109741211,-2.8776159286499023,-3.814068555831909
1710533022151586060,-8.63644027709961,-2.8608508110046387,-3.810476064682007
1710533022233595117,-8.590934753417969,-2.815345525741577,-3.780538320541382
1710533022246146124,-8.652008056640625,-2.8488757610321045,-3.800895929336548
1710533022254457078,-8.620872497558594,-2.9386889934539795,-3.803291082382202
1710533022342406561,-8.618477821350098,-2.854863166809082,-3.802093505859375
1710533022394999614,-8.630453109741211,-2.903961181640625,-3.7853283882141113
1710533022462574707,-8.617280006408691,-2.875221014022827,-3.7853283882141113
1710533022515109754,-8.617280006408691,-2.885998487472534,-3.7949085235595703
1710533022540915042,-8.626860618591309,-2.903961181640625,-3.814068555831909
1710533022544602194,-8.618477821350098,-2.875221014022827,-3.803291082382202
1710533022546599082,-8.620872497558594,-2.871628522872925,-3.7781434059143066
1710533022567634666,-8.6220703125,-2.9003686904907227,-3.7865259647369385
1710533022584369535,-8.623268127441406,-2.895578622817993,-3.791316032409668
1710533022630681562,-8.625662803649902,-2.9195287227630615,-3.781735897064209
1710533022659834867,-8.628057479858398,-2.914738655090332,-3.793710947036743
1710533022680674695,-8.629255294799805,-2.883603572845459,-3.790118455886841
1710533022704099668,-8.6220703125,-2.9171338081359863,-3.7973034381866455
1710533022706347778,-8.6220703125,-2.9171338081359863,-3.7973034381866455
1710533022721018736,-8.600515365600586,-2.8297154903411865,-3.7781434059143066
1710533022750256986,-8.625662803649902,-2.8871960639953613,-3.7769458293914795
1710533022800694930,-8.60770034790039,-2.902763605117798,-3.800895929336548
1710533022811280771,-8.626860618591309,-2.9063560962677,-3.8152661323547363
1710533022832007807,-8.608898162841797,-2.845283269882202,-3.7949085235595703
1710533022853119055,-8.624464988708496,-2.8895909786224365,-3.781735897064209
1710533022893504683,-8.623268127441406,-2.872825860977173,-3.793710947036743
1710533022905427474,-8.6220703125,-2.8740234375,-3.7996985912323
1710533022930654963,-8.604107856750488,-2.875221014022827,-3.7769458293914795
1710533022945490659,-8.620872497558594,-2.894381046295166,-3.791316032409668
1710533022972768786,-8.618477821350098,-2.9183313846588135,-3.8068835735321045
1710533022995814260,-8.625662803649902,-2.8979735374450684,-3.7961058616638184
1710533023021411983,-8.6220703125,-2.8788135051727295,-3.792513370513916
1710533023048305987,-8.614885330200195,-2.876418352127075,-3.7553906440734863
1710533023079874623,-8.635242462158203,-2.8800110816955566,-3.830833673477173
1710533023081966425,-8.625662803649902,-2.9183313846588135,-3.792513370513916
1710533023109167064,-8.618477821350098,-2.816542863845825,-3.7985010147094727
1710533023126039528,-8.620872497558594,-2.936293840408325,-3.754193067550659
1710533023155292079,-8.617280006408691,-2.9195287227630615,-3.792513370513916
1710533023170781538,-8.637638092041016,-2.826122999191284,-3.790118455886841
1710533023182863245,-8.640032768249512,-2.925516366958618,-3.780538320541382
1710533023260506900,-8.647217750549316,-2.8692333698272705,-3.774550676345825
1710533023287786931,-8.623268127441406,-2.8895909786224365,-3.83203125
1710533023312856774,-8.64482307434082,-2.853665828704834,-3.7985010147094727
1710533023327701165,-8.64482307434082,-2.853665828704834,-3.7985010147094727
1710533023336288530,-8.640032768249512,-2.845283269882202,-3.7781434059143066
1710533023351013758,-8.616083145141602,-2.8680357933044434,-3.792513370513916
1710533023388901578,-8.6220703125,-2.882405996322632,-3.823648691177368
1710533023409791662,-8.620872497558594,-2.8776159286499023,-3.77215576171875
1710533023432709963,-8.620872497558594,-2.8776159286499023,-3.77215576171875
1710533023447464178,-8.602910041809082,-2.872825860977173,-3.802093505859375
1710533023470786378,-8.6316499710083,-2.826122999191284,-3.7889208793640137
1710533023483243234,-8.624464988708496,-2.863245964050293,-3.812870979309082
1710533023489639729,-8.654402732849121,-2.8692333698272705,-3.7769458293914795
1710533023491648120,-8.604107856750488,-2.912343740463257,-3.834426164627075
1710533023504338688,-8.605304718017578,-2.903961181640625,-3.7949085235595703
1710533023527446002,-8.64482307434082,-2.872825860977173,-3.793710947036743
1710533023558667973,-8.657995223999023,-2.9087512493133545,-3.812870979309082
1710533023590277218,-8.654402732849121,-2.9003686904907227,-3.7889208793640137
1710533023617548032,-8.654402732849121,-2.9003686904907227,-3.7889208793640137
1710533023651099881,-8.6124906539917,-2.9087512493133545,-3.7973034381866455
1710533023680193267,-8.630453109741211,-2.893183708190918,-3.770958185195923
1710533023709785668,-8.643625259399414,-2.8668384552001953,-3.741020441055298
1710533023733011778,-8.642428398132324,-2.835703134536743,-3.792513370513916
1710533023739106820,-8.595725059509277,-2.891986131668091,-3.881129264831543
1710533023753748602,-8.638835906982422,-2.9578490257263184,-3.7194652557373047
1710533023841983715,-8.638835906982422,-2.9291088581085205,-3.8080811500549316
1710533023875221139,-8.6124906539917,-2.9003686904907227,-3.8188586235046387
1710533023889984541,-8.619675636291504,-2.8488757610321045,-3.791316032409668
1710533023917975137,-8.60770034790039,-2.883603572845459,-3.763773202896118
1710533023921683601,-8.605304718017578,-2.893183708190918,-3.7793407440185547
1710533023940638289,-8.634045600891113,-2.883603572845459,-3.792513370513916
1710533023980535221,-8.602910041809082,-2.8488757610321045,-3.8452038764953613
1710533024056137883,-8.617280006408691,-2.8776159286499023,-3.820056200027466
1710533024076911823,-8.626860618591309,-2.883603572845459,-3.811673641204834
1710533024108834725,-8.624464988708496,-2.8704309463500977,-3.774550676345825
1710533024144513027,-8.626860618591309,-2.8812084197998047,-3.7973034381866455
1710533024167632608,-8.6220703125,-2.875221014022827,-3.7877233028411865
1710533024203975517,-8.625662803649902,-2.9279112815856934,-3.7973034381866455
1710533024265968571,-8.623268127441406,-2.9291088581085205,-3.833228826522827
1710533024287288992,-8.628057479858398,-2.8776159286499023,-3.8080811500549316
1710533024316632534,-8.614885330200195,-2.8871960639953613,-3.8152661323547363
1710533024333671986,-8.608898162841797,-2.863245964050293,-3.7961058616638184
1710533024346082790,-8.626860618591309,-2.945873975753784,-3.823648691177368
1710533024369017198,-8.630453109741211,-2.8608508110046387,-3.821253776550293
1710533024392314904,-8.628057479858398,-2.8967761993408203,-3.7949085235595703
1710533024440664963,-8.623268127441406,-2.8788135051727295,-3.7985010147094727
1710533024467916144,-8.624464988708496,-2.871628522872925,-3.791316032409668
1710533024487009880,-8.623268127441406,-2.871628522872925,-3.820056200027466
1710533024518594333,-8.611292839050293,-2.853665828704834,-3.7985010147094727
1710533024535309320,-8.624464988708496,-2.9099488258361816,-3.802093505859375
1710533024543859479,-8.616083145141602,-2.8895909786224365,-3.7961058616638184
1710533024570930480,-8.626860618591309,-2.8967761993408203,-3.793710947036743
1710533024595977695,-8.614885330200195,-2.8680357933044434,-3.80448842048645
1710533024616905767,-8.624464988708496,-2.8871960639953613,-3.7973034381866455
1710533024648537928,-8.618477821350098,-2.8812084197998047,-3.80448842048645
1710533024682158512,-8.616083145141602,-2.852468252182007,-3.80448842048645
1710533024698965606,-8.632847785949707,-2.905158758163452,-3.7985010147094727
1710533024722436283,-8.632847785949707,-2.8608508110046387,-3.8068835735321045
1710533024743015780,-8.598119735717773,-2.895578622817993,-3.7949085235595703
1710533024754079728,-8.625662803649902,-2.924318790435791,-3.8260436058044434
1710533024791514324,-8.629255294799805,-2.8596532344818115,-3.7961058616638184
1710533024806227011,-8.628057479858398,-2.9111461639404297,-3.7494029998779297
1710533024841772985,-8.614885330200195,-2.902763605117798,-3.7949085235595703
1710533024864804428,-8.629255294799805,-2.9111461639404297,-3.7996985912323
1710533024869050542,-8.598119735717773,-2.8392956256866455,-3.7877233028411865
1710533024896661716,-8.626860618591309,-2.8584558963775635,-3.800895929336548
1710533024917635955,-8.617280006408691,-2.8991711139678955,-3.8188586235046387
1710533024959696341,-8.625662803649902,-2.912343740463257,-3.842808723449707
1710533025027105620,-8.6220703125,-2.8380980491638184,-3.812870979309082
1710533025094700742,-8.629255294799805,-2.893183708190918,-3.820056200027466
1710533025096514571,-8.619675636291504,-2.8392956256866455,-3.7877233028411865
