bag_timestamp_ns,accel0_x,accel0_y,accel0_z
1710533352041225370,-9.202862739562988,-0.8753796219825745,-2.6201512813568115
1710533352065384997,-9.199270248413086,-0.8873547315597534,-2.4884252548217773
1710533352096899001,-9.12382698059082,-0.8418493866920471,-2.5506958961486816
1710533352117394322,-9.204059600830078,-0.8250842094421387,-2.5997936725616455
1710533352163570773,-9.158555030822754,-0.910107433795929,-2.5075855255126953
1710533352182458861,-9.189689636230469,-0.8346642851829529,-2.5985960960388184
1710533352224469370,-9.19807243347168,-0.8250842094421387,-2.654879093170166
1710533352230722978,-9.169332504272461,-0.8310717940330505,-2.6908044815063477
1710533352251738308,-9.169332504272461,-0.8957372903823853,-2.4800426959991455
1710533352262048148,-9.174121856689453,-0.9005273580551147,-2.4716601371765137
1710533352274541128,-9.182504653930664,-0.8190966844558716,-2.6009912490844727
1710533352284949686,-9.166936874389648,-0.7843688726425171,-2.654879093170166
1710533352308155214,-9.193282127380371,-0.8490344285964966,-2.616558790206909
1710533352339696328,-9.135802268981934,-0.9256750345230103,-2.536325693130493
1710533352358620556,-9.193282127380371,-0.9077123999595642,-2.5782384872436523
1710533352381812481,-9.184900283813477,-0.8897497653961182,-2.5111780166625977
1710533352409215111,-9.180109977722168,-0.8646020293235779,-2.4285497665405273
1710533352426003823,-9.177715301513672,-0.7891589403152466,-2.5195605754852295
1710533352453232221,-9.158555030822754,-0.8178991675376892,-2.715952157974243
1710533352457431331,-9.158555030822754,-0.8178991675376892,-2.715952157974243
1710533352463660117,-9.164542198181152,-0.8957372903823853,-2.6572742462158203
1710533352486798251,-9.16094970703125,-0.9951305985450745,-2.476450204849243
1710533352535105651,-9.176517486572266,-0.8669970631599426,-2.5794360637664795
1710533352554084693,-9.125024795532227,-0.8023315668106079,-2.573448419570923
1710533352566671307,-9.228010177612305,-0.8406518697738647,-2.434537410736084
1710533352589864292,-9.114246368408203,-0.8598120212554932,-2.5147705078125
1710533352598241646,-9.134604454040527,-0.9220825433731079,-2.4081921577453613
1710533352642412583,-9.262738227844238,-0.8131091594696045,-2.7614574432373047
1710533352688316248,-9.162147521972656,-0.946032702922821,-2.466870069503784
1710533352715775476,-9.144184112548828,-0.9113049507141113,-2.385439395904541
1710533352738937419,-9.205257415771484,-0.7807763814926147,-2.532733201980591
1710533352753473192,-9.176517486572266,-0.7209008932113647,-2.8285181522369385
1710533352778947452,-9.207653045654297,-0.8765771389007568,-2.732717275619507
1710533352814627423,-9.14657974243164,-1.0502160787582397,-2.563868522644043
1710533352837740252,-9.164542198181152,-0.9975256323814392,-2.424957275390625
1710533352906840941,-9.254355430603027,-0.8945397734642029,-2.48722767829895
1710533352921663710,-9.119036674499512,-0.9256750345230103,-2.5279431343078613
1710533352929959294,-9.158555030822754,-0.928070068359375,-2.593806266784668
1710533353003558589,-9.16094970703125,-0.9328601360321045,-2.5147705078125
1710533353016260107,-9.171727180480957,-0.9029223918914795,-2.4093897342681885
1710533353026790631,-9.196874618530273,-0.7688012719154358,-2.4812402725219727
1710533353047744438,-9.172924995422363,-0.7340734601020813,-2.562670946121216
1710533353070965246,-9.176517486572266,-0.8741821050643921,-2.622546434402466
1710533353092022659,-9.163344383239746,-0.9172924757003784,-2.6476941108703613
1710533353106726553,-9.190887451171875,-0.9556127786636353,-2.686014413833618
1710533353138155893,-9.188492774963379,-0.9113049507141113,-2.7997777462005615
1710533353140179610,-9.188492774963379,-0.9113049507141113,-2.7997777462005615
1710533353148655623,-9.171727180480957,-0.975970447063446,-2.256108283996582
1710533353159050102,-9.229207992553711,-0.946032702922821,-2.1399500370025635
1710533353176034959,-9.152566909790039,-0.8669970631599426,-2.1818628311157227
1710533353213730180,-9.279502868652344,-0.6670129299163818,-2.6201512813568115
1710533353224188995,-9.214838027954102,-0.6969506740570068,-2.7710375785827637
1710533353266241813,-9.132209777832031,-1.147214412689209,-2.5411157608032227
1710533353289393033,-9.158555030822754,-1.143621802330017,-2.4800426959991455
1710533353331248158,-9.17531967163086,-0.7843688726425171,-2.593806266784668
1710533353335543604,-9.181307792663574,-0.6454577445983887,-2.562670946121216
1710533353387953091,-9.172924995422363,-0.8825647234916687,-2.4884252548217773
1710533353415344004,-9.205257415771484,-0.9580078125,-2.7410998344421387
1710533353448974020,-9.148974418640137,-0.9532177448272705,-2.692002058029175
1710533353461512070,-9.108259201049805,-0.880169689655304,-2.463277578353882
1710533353476322568,-9.16094970703125,-0.850231945514679,-2.424957275390625
1710533353528881418,-9.184900283813477,-0.6849755644798279,-2.5004003047943115
1710533353556012787,-9.231602668762207,-0.718505859375,-2.5674610137939453
1710533353562399085,-9.168134689331055,-0.8945397734642029,-2.6800267696380615
1710533353585449648,-9.166936874389648,-1.0789562463760376,-2.6500890254974365
1710533353604355938,-9.156159400939941,-1.0490185022354126,-2.5686583518981934
1710533353629590497,-9.195677757263184,-0.9184899926185608,-2.5219554901123047
1710533353701078039,-9.122629165649414,-0.9783654808998108,-2.45489501953125
1710533353757690993,-9.212442398071289,-0.7939489483833313,-2.733914852142334
1710533353768216841,-9.223219871520996,-0.7460485696792603,-2.692002058029175
1710533353833254561,-9.172924995422363,-0.9089099168777466,-2.313588857650757
1710533353850037511,-9.200467109680176,-0.7616162300109863,-2.744692325592041
1710533353879709645,-9.192085266113281,-0.7472460865974426,-2.7973828315734863
1710533353911597723,-9.171727180480957,-1.0106981992721558,-2.526745557785034
1710533353938937829,-9.119036674499512,-1.0071057081222534,-2.383044481277466
1710533353953746743,-9.192085266113281,-0.8346642851829529,-2.4620800018310547
1710533353972605201,-9.207653045654297,-0.6502478122711182,-2.663261651992798
1710533354002213412,-9.172924995422363,-0.8729846477508545,-2.5471031665802
1710533354016865944,-9.171727180480957,-1.0071057081222534,-2.5279431343078613
1710533354025142536,-9.169332504272461,-1.0406359434127808,-2.543510675430298
1710533354052407190,-9.154962539672852,-0.9747729301452637,-2.5997936725616455
1710533354077439455,-9.177715301513672,-0.8729846477508545,-2.556683301925659
1710533354081746474,-9.178912162780762,-0.7699987888336182,-2.532733201980591
1710533354090461803,-9.17052936553955,-0.7388635277748108,-2.5147705078125
1710533354098837074,-9.176517486572266,-0.7472460865974426,-2.517165422439575
1710533354128222777,-9.181307792663574,-0.796343982219696,-2.5015978813171387
1710533354149063068,-9.168134689331055,-0.8777746558189392,-2.5315356254577637
1710533354174350320,-9.172924995422363,-0.9184899926185608,-2.6189539432525635
1710533354182799333,-9.164542198181152,-0.9208850264549255,-2.6500890254974365
1710533354189126655,-9.180109977722168,-0.9268725514411926,-2.6716442108154297
1710533354197443284,-9.259145736694336,-0.9017248749732971,-2.7997777462005615
1710533354216253396,-9.228010177612305,-0.8526269793510437,-2.8369007110595703
1710533354226921146,-9.083111763000488,-0.9029223918914795,-2.60697865486145
1710533354279630813,-9.19807243347168,-0.6610254049301147,-2.3914270401000977
1710533354289743608,-9.210047721862793,-0.6322851777076721,-2.5686583518981934
1710533354291852664,-9.208849906921387,-0.6670129299163818,-2.715952157974243
1710533354323444696,-9.165740013122559,-0.8107141256332397,-2.7578649520874023
1710533354331933896,-9.157357215881348,-0.9568102955818176,-2.664459228515625
1710533354344742494,-9.17052936553955,-1.0861413478851318,-2.573448419570923
1710533354399350689,-9.218430519104004,-0.826281726360321,-2.6393115520477295
1710533354426480754,-9.195677757263184,-0.6598278880119324,-2.60697865486145
1710533354493577492,-9.188492774963379,-0.9783654808998108,-2.584226131439209
1710533354497897442,-9.190887451171875,-0.8909472823143005,-2.7614574432373047
1710533354521566582,-9.17531967163086,-0.8526269793510437,-2.72672963142395
1710533354533463237,-9.194479942321777,-0.8705896139144897,-2.66206431388855
1710533354571389817,-9.186097145080566,-0.8945397734642029,-2.526745557785034
1710533354603048432,-9.152566909790039,-0.7735912799835205,-2.4788451194763184
1710533354653592126,-9.229207992553711,-0.9316626191139221,-2.5997936725616455
1710533354676537523,-9.145381927490234,-1.011895775794983,-2.563868522644043
1710533354727058376,-9.159751892089844,-0.8370593190193176,-2.5710535049438477
1710533354750033154,-9.2208251953125,-0.7268884181976318,-2.7183470726013184
1710533354771153668,-9.11544418334961,-0.8753796219825745,-2.5387206077575684
1710533354825901497,-9.187294960021973,-1.033450961112976,-2.2489233016967773
1710533354846893377,-9.261540412902832,-0.7628137469291687,-2.713557243347168
1710533354895246294,-9.136999130249023,-0.9568102955818176,-2.4513025283813477
1710533354922523115,-9.2304048538208,-0.9508227705955505,-2.472857713699341
1710533354926403017,-9.2304048538208,-0.9508227705955505,-2.54231333732605
1710533354941301300,-9.15137004852295,-0.7927514910697937,-2.705174446105957
1710533354970749759,-9.251960754394531,-0.7891589403152466,-2.6908044815063477
1710533354983127709,-9.150172233581543,-0.8586145043373108,-2.5399181842803955
1710533355006285637,-9.17531967163086,-0.9172924757003784,-2.456092596054077
1710533355027240532,-9.178912162780762,-0.9484277367591858,-2.404599666595459
1710533355044155684,-9.202862739562988,-0.8753796219825745,-2.5219554901123047
1710533355125814597,-9.163344383239746,-0.9424402117729187,-2.5303380489349365
1710533355169656727,-9.186097145080566,-0.8310717940330505,-2.513572931289673
1710533355195070097,-9.195677757263184,-0.8526269793510437,-2.5590784549713135
1710533355216036832,-9.17052936553955,-0.8873547315597534,-2.5698559284210205
1710533355228485629,-9.180109977722168,-0.9053173661231995,-2.566263437271118
1710533355261947035,-9.184900283813477,-0.9136999249458313,-2.565065860748291
1710533355268378073,-9.184900283813477,-0.8909472823143005,-2.5483007431030273
1710533355304156465,-9.2208251953125,-0.8466393947601318,-2.633323907852173
1710533355306317226,-9.245972633361816,-0.7927514910697937,-2.7183470726013184
1710533355314536830,-9.228010177612305,-0.7568261623382568,-2.793790340423584
1710533355337774433,-9.1106538772583,-0.9783654808998108,-2.325563907623291
1710533355371347317,-9.111851692199707,-0.8370593190193176,-2.3986120223999023
1710533355442807362,-9.145381927490234,-1.093326449394226,-2.337538957595825
1710533355464405289,-9.210047721862793,-0.9424402117729187,-2.4608826637268066
1710533355476400565,-9.2112455368042,-0.7999365329742432,-2.544708251953125
1710533355501436246,-9.239985466003418,-0.6119275093078613,-2.755470037460327
1710533355524634253,-9.174121856689453,-0.7161108255386353,-2.5997936725616455
1710533355547860193,-9.17052936553955,-0.9723779559135437,-2.4081921577453613
1710533355551974318,-9.224417686462402,-1.0526111125946045,-2.3794519901275635
1710533355566771393,-9.178912162780762,-1.0466235876083374,-2.385439395904541
1710533355587648907,-9.163344383239746,-0.7747887969017029,-2.6908044815063477
1710533355598114679,-9.172924995422363,-0.7544311285018921,-2.6572742462158203
1710533355619391066,-9.222023010253906,-0.8011340498924255,-2.6189539432525635
1710533355644524582,-9.169332504272461,-0.8598120212554932,-2.5195605754852295
1710533355650731177,-9.164542198181152,-0.8693920969963074,-2.464475154876709
1710533355667378280,-9.169332504272461,-0.8921447992324829,-2.4489073753356934
1710533355757984410,-9.182504653930664,-0.9172924757003784,-2.5375232696533203
1710533355772547077,-9.182504653930664,-0.9172924757003784,-2.5375232696533203
1710533355806142790,-9.192085266113281,-0.8394543528556824,-2.523153066635132
1710533355837509575,-9.212442398071289,-0.8143066167831421,-2.626138925552368
1710533355841630514,-9.247170448303223,-0.790356457233429,-2.672841787338257
1710533355845870646,-9.107061386108398,-0.8957372903823853,-2.562670946121216
1710533355863353822,-9.107061386108398,-0.8957372903823853,-2.562670946121216
1710533355871201480,-9.178912162780762,-0.9783654808998108,-2.377056837081909
1710533355911333214,-9.194479942321777,-0.7592211961746216,-2.6117687225341797
1710533355930734938,-9.20645523071289,-0.7544311285018921,-2.705174446105957
1710533355942618425,-9.218430519104004,-0.8023315668106079,-2.66206431388855
1710533355959410434,-9.163344383239746,-0.8442443609237671,-2.5614733695983887
1710533355972157592,-9.178912162780762,-0.9604028463363647,-2.4273521900177
1710533355995303895,-9.164542198181152,-0.9747729301452637,-2.392624616622925
1710533356011907240,-9.233997344970703,-0.8741821050643921,-2.5902135372161865
1710533356032891832,-9.19807243347168,-0.7927514910697937,-2.6692492961883545
1710533356049666266,-9.195677757263184,-0.7244933843612671,-2.736309766769409
1710533356068301315,-9.24357795715332,-0.7592211961746216,-2.705174446105957
1710533356085387664,-9.152566909790039,-0.9783654808998108,-2.4273521900177
1710533356108453424,-9.169332504272461,-0.8298742771148682,-2.5315356254577637
1710533356219872008,-9.134604454040527,-1.008303165435791,-2.4297473430633545
1710533356229169012,-9.158555030822754,-0.7688012719154358,-2.5914111137390137
1710533356236853197,-9.204059600830078,-0.7640112042427063,-2.593806266784668
1710533356251272954,-9.204059600830078,-0.7640112042427063,-2.593806266784668
1710533356291408176,-9.159751892089844,-0.8705896139144897,-2.484832763671875
1710533356310288340,-9.17052936553955,-0.916094958782196,-2.5099804401397705
1710533356327063437,-9.180109977722168,-0.9089099168777466,-2.6093738079071045
1710533356343734297,-9.213640213012695,-0.8957372903823853,-2.6213488578796387
1710533356345924021,-9.16094970703125,-0.8813672065734863,-2.6393115520477295
1710533356362848213,-9.218430519104004,-0.8634045124053955,-2.5806336402893066
1710533356399304749,-9.056766510009766,-0.7867639064788818,-2.5794360637664795
1710533356430127234,-9.096283912658691,-0.8813672065734863,-2.412982225418091
1710533356440619431,-9.107061386108398,-0.9592053294181824,-2.257305860519409
1710533356463779704,-9.200467109680176,-0.8119116425514221,-2.4992029666900635
1710533356537531816,-9.150172233581543,-1.0095007419586182,-2.4297473430633545
1710533356550241079,-9.141789436340332,-1.0190807580947876,-2.3722667694091797
1710533356558676083,-9.213640213012695,-1.0011181831359863,-2.4405248165130615
1710533356600974660,-9.249565124511719,-0.7017407417297363,-2.7099645137786865
1710533356617905584,-9.139394760131836,-0.8454418778419495,-2.4501049518585205
1710533356634576271,-9.187294960021973,-1.0011181831359863,-2.3722667694091797
1710533356663937495,-9.177715301513672,-0.8849596977233887,-2.5506958961486816
1710533356699369819,-9.17531967163086,-0.8071215748786926,-2.684816837310791
1710533356716259013,-9.205257415771484,-0.8538244366645813,-2.5399181842803955
1710533356739560345,-9.162147521972656,-0.9136999249458313,-2.4501049518585205
1710533356747798885,-9.184900283813477,-0.9136999249458313,-2.4596850872039795
1710533356768943672,-9.210047721862793,-0.9029223918914795,-2.4884252548217773
1710533356794235125,-9.158555030822754,-0.8358618021011353,-2.544708251953125
1710533356813109346,-9.202862739562988,-0.8322693109512329,-2.5698559284210205
1710533356842633820,-9.19807243347168,-0.9077123999595642,-2.524350643157959
1710533356853064824,-9.174121856689453,-0.8945397734642029,-2.544708251953125
1710533356864034203,-9.162147521972656,-0.8897497653961182,-2.5411157608032227
1710533356874025402,-9.199270248413086,-0.8729846477508545,-2.5494983196258545
1710533356916378511,-9.201664924621582,-0.8238866925239563,-2.584226131439209
1710533356924813192,-9.255553245544434,-0.7999365329742432,-2.796185255050659
1710533356941449250,-9.249565124511719,-0.7819738984107971,-2.856060743331909
1710533356962729976,-9.048383712768555,-0.9496252536773682,-2.5099804401397705
1710533356973146939,-9.244775772094727,-1.1100915670394897,-2.1219873428344727
1710533356985843315,-9.067543983459473,-0.9867480397224426,-2.1818628311157227
1710533357054770118,-9.2208251953125,-0.6047424077987671,-2.7494823932647705
1710533357062318672,-9.157357215881348,-0.5939648151397705,-2.763852596282959
1710533357082274440,-9.164542198181152,-1.0406359434127808,-2.475252628326416
1710533357092854941,-9.142987251281738,-1.093326449394226,-2.4022045135498047
1710533357107671601,-9.172924995422363,-1.1124866008758545,-2.4620800018310547
1710533357143274070,-9.189689636230469,-0.7616162300109863,-2.672841787338257
1710533357172674995,-9.164542198181152,-0.7915539741516113,-2.4704625606536865
1710533357180864072,-9.210047721862793,-0.8598120212554932,-2.404599666595459
1710533357239826258,-9.207653045654297,-0.8945397734642029,-2.6201512813568115
1710533357263273424,-9.214838027954102,-0.8825647234916687,-2.6297314167022705
1710533357279898940,-9.171727180480957,-0.9232800006866455,-2.544708251953125
1710533357305869675,-9.171727180480957,-0.9005273580551147,-2.4620800018310547
1710533357311475664,-9.188492774963379,-0.8190966844558716,-2.4417223930358887
1710533357336862686,-9.182504653930664,-0.7975414991378784,-2.4584875106811523
1710533357362179662,-9.201664924621582,-0.7867639064788818,-2.554288387298584
1710533357377190645,-9.201664924621582,-0.8669970631599426,-2.585423469543457
1710533357420967071,-9.202862739562988,-0.8945397734642029,-2.5878186225891113
1710533357433624678,-9.172924995422363,-0.8753796219825745,-2.5614733695983887
1710533357464897159,-9.229207992553711,-0.7987390160560608,-2.605781316757202
1710533357504969309,-9.083111763000488,-0.7843688726425171,-2.7015819549560547
1710533357540948219,-9.108259201049805,-1.1208691596984863,-2.034569025039673
1710533357569997911,-9.244775772094727,-0.6718029975891113,-2.713557243347168
1710533357586834663,-9.204059600830078,-0.700543224811554,-2.8273205757141113
1710533357629222697,-9.256750106811523,-0.8119116425514221,-2.69439697265625
1710533357645632657,-9.174121856689453,-0.9113049507141113,-2.513572931289673
1710533357666777617,-9.205257415771484,-0.7855663895606995,-2.6309289932250977
1710533357677366068,-9.222023010253906,-0.6789880394935608,-2.7099645137786865
1710533357696861618,-9.208849906921387,-0.7412585616111755,-2.6393115520477295
1710533357721532851,-9.184900283813477,-0.9136999249458313,-2.403402090072632
1710533357734154783,-9.168134689331055,-0.9831554889678955,-2.3411316871643066
1710533357748914796,-9.156159400939941,-1.0430309772491455,-2.345921516418457
1710533357765814350,-9.204059600830078,-0.9172924757003784,-2.4980053901672363
1710533357797199400,-9.19807243347168,-0.7388635277748108,-2.7003846168518066
1710533357811971140,-9.199270248413086,-0.8526269793510437,-2.5674610137939453
1710533357820492818,-9.169332504272461,-0.9041198492050171,-2.515968084335327
1710533357841203375,-9.178912162780762,-0.9616003632545471,-2.433339834213257
1710533357853867774,-9.169332504272461,-0.9783654808998108,-2.4177722930908203
1710533357872647012,-9.162147521972656,-0.9184899926185608,-2.457289934158325
1710533357906650153,-9.196874618530273,-0.7699987888336182,-2.585423469543457
1710533357925422011,-9.182504653930664,-0.8514294624328613,-2.57464599609375
1710533357944349947,-9.188492774963379,-0.940045177936554,-2.4812402725219727
1710533357969512097,-9.208849906921387,-0.9316626191139221,-2.503993034362793
1710533357984126676,-9.163344383239746,-0.8969348073005676,-2.5399181842803955
1710533358045205141,-9.277108192443848,-0.7616162300109863,-2.8309130668640137
1710533358072411670,-9.260342597961426,-1.1843371391296387,-1.7914745807647705
1710533358127010095,-9.334589004516602,-0.5065466165542603,-3.241658926010132
1710533358168896664,-9.187294960021973,-1.1639795303344727,-2.4405248165130615
1710533358188121131,-9.134604454040527,-1.062191128730774,-2.027384042739868
1710533358232233083,-9.259145736694336,-0.6035449504852295,-2.7901978492736816
1710533358242672545,-9.17531967163086,-0.6358776688575745,-2.8189380168914795
1710533358248759457,-9.200467109680176,-0.9448351860046387,-2.4177722930908203
1710533358282544533,-9.200467109680176,-0.9448351860046387,-2.4177722930908203
1710533358352129774,-9.238787651062012,-0.6155200004577637,-2.7291247844696045
1710533358385585380,-9.169332504272461,-1.0370434522628784,-2.4177722930908203
1710533358402680464,-9.17052936553955,-1.0298583507537842,-2.383044481277466
1710533358413126078,-9.196874618530273,-0.9616003632545471,-2.4177722930908203
1710533358436048316,-9.196874618530273,-0.7771838307380676,-2.555485725402832
1710533358478214328,-9.216034889221191,-0.7939489483833313,-2.6476941108703613
1710533358492836858,-9.16094970703125,-0.8897497653961182,-2.4680676460266113
1710533358518016932,-9.159751892089844,-0.9340575933456421,-2.4093897342681885
1710533358545361149,-9.172924995422363,-0.8933422565460205,-2.524350643157959
1710533358560194433,-9.2112455368042,-0.8394543528556824,-2.6177563667297363
1710533358581045473,-9.238787651062012,-0.7843688726425171,-2.8488757610321045
1710533358600083828,-9.200467109680176,-1.1100915670394897,-2.0621118545532227
1710533358620906788,-9.237590789794922,-1.173559546470642,-1.960323452949524
1710533358664868276,-9.134604454040527,-0.7592211961746216,-2.48722767829895
1710533358686171713,-9.182504653930664,-0.886157214641571,-2.6884093284606934
1710533358709516737,-9.207653045654297,-1.0753637552261353,-2.4417223930358887
1710533358734529094,-9.111851692199707,-1.1352392435073853,-2.3483166694641113
1710533358770254638,-9.212442398071289,-1.0454260110855103,-2.4608826637268066
1710533358822857875,-9.2208251953125,-0.7927514910697937,-2.456092596054077
1710533358868892944,-9.19807243347168,-0.9592053294181824,-2.5698559284210205
1710533358889856720,-9.163344383239746,-0.886157214641571,-2.6117687225341797
1710533358913092251,-9.172924995422363,-0.8514294624328613,-2.526745557785034
1710533358944718052,-9.200467109680176,-0.8909472823143005,-2.424957275390625
1710533358974064160,-9.166936874389648,-0.8657995462417603,-2.3698718547821045
1710533359041332477,-9.213640213012695,-0.8837621808052063,-2.592608690261841
1710533359072224889,-9.148974418640137,-0.9029223918914795,-2.4716601371765137
1710533359087122566,-9.201664924621582,-0.868194580078125,-2.5183629989624023
1710533359101959707,-9.226812362670898,-0.7256909012794495,-2.6979894638061523
1710533359131445329,-9.281898498535156,-0.6753954887390137,-2.9075536727905273
1710533359146349530,-9.113049507141113,-0.7496411204338074,-2.783012628555298
1710533359158709541,-9.057964324951172,-0.910107433795929,-2.496807813644409
1710533359175593340,-9.193282127380371,-1.1699670553207397,-1.8094372749328613
1710533359202940988,-9.04119873046875,-0.8657995462417603,-2.276466131210327
1710533359211309582,-9.117839813232422,-0.7220984101295471,-2.5878186225891113
1710533359278197127,-9.25794792175293,-1.0250684022903442,-2.5015978813171387
1710533359282682019,-9.171727180480957,-1.1304491758346558,-2.293231248855591
1710533359310121738,-9.200467109680176,-1.0729687213897705,-2.264491081237793
1710533359350055262,-9.171727180480957,-0.7460485696792603,-2.615361213684082
1710533359373366329,-9.177715301513672,-1.0454260110855103,-2.304008722305298
1710533359387933472,-9.141789436340332,-1.0526111125946045,-2.3483166694641113
1710533359404660688,-9.202862739562988,-0.9340575933456421,-2.4980053901672363
1710533359408874079,-9.205257415771484,-0.8394543528556824,-2.5985960960388184
1710533359438306249,-9.208849906921387,-0.7580236792564392,-2.6021888256073
1710533359462319616,-9.208849906921387,-0.7580236792564392,-2.6021888256073
1710533359490512295,-9.192085266113281,-0.9711804389953613,-2.465672492980957
1710533359501254171,-9.181307792663574,-0.9795629978179932,-2.4273521900177
1710533359518431631,-9.207653045654297,-0.826281726360321,-2.505190372467041
1710533359531367275,-9.192085266113281,-0.7699987888336182,-2.5674610137939453
1710533359558485543,-9.190887451171875,-0.8178991675376892,-2.6405091285705566
1710533359581489297,-9.169332504272461,-0.9017248749732971,-2.526745557785034
1710533359604735867,-9.176517486572266,-0.9041198492050171,-2.435734748840332
1710533359632136462,-9.184900283813477,-0.8490344285964966,-2.536325693130493
1710533359663192270,-9.242380142211914,-0.77838134765625,-2.7794201374053955
1710533359667239397,-9.298663139343262,-0.760418713092804,-2.891986131668091
1710533359694969906,-9.119036674499512,-0.9855505228042603,-2.434537410736084
1710533359709472461,-9.187294960021973,-1.1292517185211182,-2.124382257461548
1710533359736795681,-9.15137004852295,-1.1699670553207397,-1.9411633014678955
1710533359799966137,-9.254355430603027,-0.8226892352104187,-2.622546434402466
1710533359841699004,-9.15137004852295,-0.8274792432785034,-2.624941349029541
1710533359864784238,-9.196874618530273,-0.7412585616111755,-2.695594549179077
1710533359904835653,-9.174121856689453,-0.7652087211608887,-2.5399181842803955
1710533359919350249,-9.127419471740723,-1.0047106742858887,-2.36747670173645
1710533359946633194,-9.223219871520996,-0.9077123999595642,-2.5471031665802
1710533359961418658,-9.176517486572266,-0.8322693109512329,-2.596201181411743
1710533359976238127,-9.163344383239746,-0.7843688726425171,-2.605781316757202
1710533360009825422,-9.196874618530273,-0.8669970631599426,-2.563868522644043
1710533360022349407,-9.17052936553955,-0.8669970631599426,-2.535128116607666
1710533360026483229,-9.194479942321777,-0.9544152617454529,-2.4608826637268066
1710533360053906146,-9.152566909790039,-0.8550219535827637,-2.403402090072632
1710533360089454946,-9.189689636230469,-0.790356457233429,-2.624941349029541
1710533360125169363,-9.218430519104004,-0.9388476610183716,-2.5806336402893066
1710533360148260015,-9.158555030822754,-1.0190807580947876,-2.45489501953125
1710533360165183451,-9.214838027954102,-0.9328601360321045,-2.465672492980957
1710533360190130620,-9.158555030822754,-0.8298742771148682,-2.5578808784484863
1710533360217338207,-9.19807243347168,-0.640667736530304,-2.883603572845459
1710533360253042989,-9.225615501403809,-1.0597960948944092,-2.064506769180298
1710533360280177962,-9.262738227844238,-0.7520361542701721,-2.642904043197632
1710533360301318734,-9.169332504272461,-0.7316784858703613,-2.8476781845092773
1710533360316312660,-9.165740013122559,-0.8442443609237671,-2.616558790206909
1710533360332754427,-9.165740013122559,-0.8442443609237671,-2.616558790206909
1710533360341295645,-9.208849906921387,-0.9592053294181824,-2.4177722930908203
1710533360347532751,-9.174121856689453,-1.002315640449524,-2.2980213165283203
1710533360360269777,-9.16094970703125,-1.002315640449524,-2.2980213165283203
1710533360406642145,-9.217232704162598,-0.9029223918914795,-2.5411157608032227
1710533360421083333,-9.217232704162598,-0.6993457078933716,-2.7111620903015137
1710533360429476774,-9.187294960021973,-0.7173083424568176,-2.705174446105957
1710533360450562717,-9.222023010253906,-0.880169689655304,-2.5004003047943115
1710533360465380228,-9.148974418640137,-1.0286608934402466,-2.33514404296875
1710533360479958266,-9.190887451171875,-0.9687854051589966,-2.4189696311950684
1710533360505208199,-9.193282127380371,-0.8825647234916687,-2.4800426959991455
1710533360511511624,-9.192085266113281,-0.7975414991378784,-2.554288387298584
1710533360532784913,-9.199270248413086,-0.7161108255386353,-2.636916399002075
1710533360557810186,-9.168134689331055,-0.9316626191139221,-2.45489501953125
1710533360570602664,-9.166936874389648,-0.9819580316543579,-2.426154851913452
1710533360583229891,-9.17531967163086,-0.9819580316543579,-2.4405248165130615
1710533360599987422,-9.16094970703125,-0.9496252536773682,-2.466870069503784
1710533360612706651,-9.180109977722168,-0.9041198492050171,-2.5111780166625977
1710533360640060491,-9.181307792663574,-0.886157214641571,-2.54231333732605
1710533360646398793,-9.2112455368042,-0.8011340498924255,-2.57464599609375
1710533360680006845,-9.174121856689453,-0.8945397734642029,-2.4824378490448
1710533360707450452,-9.238787651062012,-0.9125024676322937,-2.466870069503784
1710533360741305907,-9.199270248413086,-0.9005273580551147,-2.5973987579345703
1710533360772555353,-9.254355430603027,-0.7592211961746216,-2.9303064346313477
1710533360799788781,-9.184900283813477,-1.1364368200302124,-1.916015625
1710533360835345641,-9.178912162780762,-0.7424560785293579,-2.4513025283813477
1710533360846111313,-9.323810577392578,-0.6095324754714966,-2.802172899246216
1710533360862540319,-9.171727180480957,-0.5855822563171387,-2.84648060798645
1710533360875353290,-9.28070068359375,-0.9520202875137329,-2.5985960960388184
1710533360894520415,-9.102272033691406,-1.153201937675476,-2.3111939430236816
1710533360907161446,-9.18370246887207,-1.1795470714569092,-2.304008722305298
1710533360938543435,-9.189689636230469,-0.9951305985450745,-2.444117546081543
1710533360961490912,-9.279502868652344,-0.6382727026939392,-2.675236701965332
1710533360988927410,-9.267528533935547,-0.6059399247169495,-2.693199396133423
1710533361003442285,-9.214838027954102,-0.8274792432785034,-2.4201672077178955
1710533361051853434,-9.229207992553711,-0.9388476610183716,-2.5674610137939453
1710533361075031699,-9.17052936553955,-0.8418493866920471,-2.693199396133423
1710533361148456098,-9.193282127380371,-0.9053173661231995,-2.415377140045166
1710533361179987009,-9.19807243347168,-0.7759863138198853,-2.5111780166625977
1710533361213479602,-9.163344383239746,-0.975970447063446,-2.4992029666900635
1710533361313182647,-9.231602668762207,-0.7723938226699829,-2.603386163711548
1710533361337733531,-9.345366477966309,-1.2382251024246216,-1.9112255573272705
1710533361365222606,-9.172924995422363,-1.2154724597930908,-1.9148181676864624
1710533361379768936,-9.2112455368042,-0.7352709770202637,-2.453697443008423
1710533361427918239,-9.241183280944824,-0.9340575933456421,-2.5399181842803955
1710533361469810003,-9.144184112548828,-1.0490185022354126,-2.434537410736084
1710533361522480970,-9.20645523071289,-0.850231945514679,-2.5291407108306885
1710533361530977115,-9.218430519104004,-0.9077123999595642,-2.4608826637268066
1710533361549861767,-9.196874618530273,-0.9520202875137329,-2.386636972427368
1710533361579306388,-9.152566909790039,-0.9867480397224426,-2.3710694313049316
1710533361587825787,-9.20645523071289,-0.9424402117729187,-2.4297473430633545
1710533361598387552,-9.19807243347168,-0.886157214641571,-2.476450204849243
1710533361629975856,-9.202862739562988,-0.8131091594696045,-2.57464599609375
1710533361664683766,-9.17052936553955,-0.9268725514411926,-2.5111780166625977
1710533361696918260,-9.205257415771484,-0.9831554889678955,-2.4501049518585205
1710533361703508847,-9.20645523071289,-0.975970447063446,-2.426154851913452
1710533361724523971,-9.176517486572266,-0.8622070550918579,-2.412982225418091
1710533361793625715,-9.16094970703125,-0.9136999249458313,-2.444117546081543
1710533361837249748,-9.166936874389648,-0.8646020293235779,-2.584226131439209
1710533361868831715,-9.030421257019043,-0.7951464653015137,-2.693199396133423
1710533361896450684,-9.020840644836426,-1.087338924407959,-1.9794836044311523
1710533361929779298,-9.02682876586914,-1.0298583507537842,-2.0393590927124023
1710533361957150502,-9.178912162780762,-0.6490502953529358,-2.6488916873931885
1710533361980805000,-9.249565124511719,-0.7448510527610779,-2.7770252227783203
1710533362017830933,-9.109457015991211,-1.177152156829834,-2.377056837081909
1710533362021919312,-9.180109977722168,-1.1591894626617432,-2.3315515518188477
1710533362049361346,-9.200467109680176,-0.7340734601020813,-2.5387206077575684
1710533362085759064,-9.180109977722168,-0.7077282667160034,-2.535128116607666
1710533362114519181,-9.177715301513672,-0.9304651021957397,-2.453697443008423
1710533362127494176,-9.251960754394531,-0.9915381073951721,-2.4824378490448
1710533362142136695,-9.119036674499512,-0.9903405904769897,-2.543510675430298
1710533362163012662,-9.194479942321777,-0.9136999249458313,-2.524350643157959
1710533362192557418,-9.204059600830078,-0.8143066167831421,-2.565065860748291
1710533362198826308,-9.205257415771484,-0.7711963057518005,-2.5315356254577637
1710533362221868365,-9.186097145080566,-0.880169689655304,-2.405797004699707
1710533362242726102,-9.188492774963379,-0.916094958782196,-2.344724178314209
1710533362271776460,-9.200467109680176,-0.8418493866920471,-2.505190372467041
1710533362318484212,-9.241183280944824,-0.9580078125,-2.4273521900177
1710533362352105253,-9.2112455368042,-0.9376501441001892,-2.423759698867798
1710533362396109339,-9.153764724731445,-0.7759863138198853,-2.634521484375
1710533362412691810,-9.156159400939941,-0.8131091594696045,-2.5698559284210205
1710533362423216672,-9.114246368408203,-0.9604028463363647,-2.3986120223999023
1710533362450483146,-9.238787651062012,-0.9687854051589966,-2.374661922454834
1710533362507494005,-9.196874618530273,-0.8490344285964966,-2.5111780166625977
1710533362513749223,-9.236392974853516,-0.8155041337013245,-2.577040910720825
1710533362530697236,-9.222023010253906,-0.8789721727371216,-2.533930778503418
1710533362545896678,-9.181307792663574,-0.8957372903823853,-2.483635187149048
1710533362581087011,-9.2112455368042,-0.9520202875137329,-2.4381299018859863
1710533362589429711,-9.169332504272461,-0.9328601360321045,-2.442919969558716
1710533362631357614,-9.213640213012695,-0.8334667682647705,-2.54231333732605
1710533362633360103,-9.196874618530273,-0.8190966844558716,-2.5411157608032227
1710533362637888390,-9.207653045654297,-0.8466393947601318,-2.495610237121582
1710533362650419634,-9.17052936553955,-0.910107433795929,-2.4501049518585205
1710533362686145334,-9.180109977722168,-0.9196875095367432,-2.4596850872039795
1710533362709284902,-9.201664924621582,-0.8610095381736755,-2.505190372467041
1710533362759589238,-9.226812362670898,-0.868194580078125,-2.5111780166625977
1710533362763811127,-9.178912162780762,-0.9340575933456421,-2.4513025283813477
1710533362780535649,-9.189689636230469,-0.9220825433731079,-2.4596850872039795
1710533362873119767,-9.20645523071289,-0.9017248749732971,-2.484832763671875
1710533362885503101,-9.178912162780762,-0.9232800006866455,-2.4716601371765137
1710533362902318930,-9.189689636230469,-0.987945556640625,-2.475252628326416
1710533362913019587,-9.195677757263184,-0.9053173661231995,-2.502795457839966
1710533362940393323,-9.208849906921387,-0.856219470500946,-2.506387948989868
1710533362957152907,-9.19807243347168,-0.850231945514679,-2.5291407108306885
1710533362984254939,-9.205257415771484,-0.8693920969963074,-2.5195605754852295
1710533363003280684,-9.174121856689453,-0.8646020293235779,-2.445314884185791
1710533363017896032,-9.20645523071289,-0.8753796219825745,-2.442919969558716
1710533363049356267,-9.177715301513672,-0.9244775176048279,-2.4608826637268066
1710533363068262953,-9.165740013122559,-0.89813232421875,-2.5075855255126953
1710533363095601557,-9.226812362670898,-0.8514294624328613,-2.5471031665802
1710533363184140436,-9.19807243347168,-0.8550219535827637,-2.4513025283813477
1710533363205545651,-9.172924995422363,-0.8598120212554932,-2.5207581520080566
1710533363224213497,-9.245972633361816,-0.9244775176048279,-2.5195605754852295
1710533363243303110,-9.153764724731445,-0.9077123999595642,-2.5087828636169434
1710533363261994014,-9.207653045654297,-0.940045177936554,-2.506387948989868
1710533363293598778,-9.208849906921387,-0.8777746558189392,-2.4584875106811523
1710533363323005776,-9.186097145080566,-0.8777746558189392,-2.4596850872039795
1710533363337741614,-9.2112455368042,-0.8550219535827637,-2.4824378490448
1710533363383744288,-9.176517486572266,-0.8657995462417603,-2.4992029666900635
1710533363421467325,-9.207653045654297,-0.8957372903823853,-2.4884252548217773
1710533363444636243,-9.192085266113281,-0.8897497653961182,-2.5015978813171387
1710533363451006099,-9.171727180480957,-0.9065148830413818,-2.493215322494507
1710533363474117648,-9.207653045654297,-0.8921447992324829,-2.495610237121582
1710533363493020221,-9.192085266113281,-0.8586145043373108,-2.503993034362793
1710533363497211924,-9.205257415771484,-0.8574169874191284,-2.494412899017334
1710533363503541330,-9.18370246887207,-0.8574169874191284,-2.4680676460266113
1710533363537037151,-9.204059600830078,-0.886157214641571,-2.4704625606536865
1710533363570718036,-9.189689636230469,-0.8921447992324829,-2.5147705078125
1710533363616812312,-9.193282127380371,-0.8885522484779358,-2.4608826637268066
1710533363639959072,-9.207653045654297,-0.8466393947601318,-2.5147705078125
1710533363662825518,-9.186097145080566,-0.8418493866920471,-2.526745557785034
1710533363694436514,-9.207653045654297,-0.8574169874191284,-2.5147705078125
1710533363726259186,-9.196874618530273,-0.9065148830413818,-2.456092596054077
1710533363772414728,-9.245972633361816,-0.8418493866920471,-2.526745557785034
1710533363789375772,-9.165740013122559,-0.8538244366645813,-2.4896228313446045
1710533363799752984,-9.187294960021973,-0.8705896139144897,-2.495610237121582
1710533363803992144,-9.2112455368042,-0.9125024676322937,-2.475252628326416
1710533363816594649,-9.208849906921387,-0.9136999249458313,-2.4992029666900635
1710533363833097920,-9.165740013122559,-0.89813232421875,-2.4812402725219727
1710533363862521538,-9.182504653930664,-0.8969348073005676,-2.472857713699341
1710533363881582251,-9.205257415771484,-0.9077123999595642,-2.486030340194702
1710533363892123850,-9.210047721862793,-0.8466393947601318,-2.4800426959991455
1710533363906906612,-9.202862739562988,-0.8394543528556824,-2.4800426959991455
1710533363917423535,-9.202862739562988,-0.8394543528556824,-2.4800426959991455
1710533363959372845,-9.200467109680176,-0.8214917182922363,-2.4716601371765137
1710533363993311046,-9.190887451171875,-0.8825647234916687,-2.495610237121582
1710533364003768223,-9.193282127380371,-0.9663903713226318,-2.5004003047943115
1710533364035215167,-9.214838027954102,-0.8346642851829529,-2.544708251953125
1710533364059406909,-9.180109977722168,-0.8310717940330505,-2.486030340194702
1710533364089582879,-9.177715301513672,-0.8825647234916687,-2.436932325363159
1710533364131779728,-9.201664924621582,-0.9148974418640137,-2.4596850872039795
1710533364163496370,-9.19807243347168,-0.9029223918914795,-2.5387206077575684
1710533364190875663,-9.178912162780762,-0.8921447992324829,-2.512375593185425
1710533364222327937,-9.17052936553955,-0.8765771389007568,-2.434537410736084
1710533364224533295,-9.17052936553955,-0.8765771389007568,-2.434537410736084
1710533364253821254,-9.174121856689453,-0.826281726360321,-2.476450204849243
1710533364262126249,-9.2112455368042,-0.8622070550918579,-2.4812402725219727
1710533364280989844,-9.180109977722168,-0.8741821050643921,-2.513572931289673
1710533364291656979,-9.17531967163086,-1.2046948671340942,-2.5279431343078613
1710533364312603315,-9.208849906921387,-0.9520202875137329,-2.532733201980591
1710533364367465896,-9.19807243347168,-0.8813672065734863,-2.4776477813720703
1710533364384093664,-9.202862739562988,-0.8382568359375,-2.4716601371765137
1710533364398821070,-9.171727180480957,-0.8370593190193176,-2.463277578353882
1710533364407107137,-9.190887451171875,-0.8550219535827637,-2.4680676460266113
1710533364419741642,-9.169332504272461,-0.89813232421875,-2.4824378490448
1710533364442901577,-9.210047721862793,-0.9005273580551147,-2.503993034362793
1710533364470197675,-9.162147521972656,-0.8705896139144897,-2.505190372467041
1710533364488949821,-9.219627380371094,-0.8610095381736755,-2.523153066635132
1710533364528980151,-9.199270248413086,-0.9184899926185608,-2.4393274784088135
1710533364550246126,-9.17531967163086,-0.8837621808052063,-2.434537410736084
1710533364575402372,-9.201664924621582,-0.826281726360321,-2.4596850872039795
1710533364607673495,-9.216034889221191,-0.8394543528556824,-2.5375232696533203
1710533364642624202,-9.210047721862793,-0.8921447992324829,-2.5303380489349365
1710533364661739443,-9.200467109680176,-0.9651928544044495,-2.476450204849243
1710533364674017256,-9.213640213012695,-0.9328601360321045,-2.494412899017334
1710533364703784447,-9.190887451171875,-0.8418493866920471,-2.4980053901672363
1710533364718355959,-9.216034889221191,-0.8310717940330505,-2.4812402725219727
1710533364741263874,-9.216034889221191,-0.8310717940330505,-2.4812402725219727
1710533364749614900,-9.177715301513672,-0.850231945514679,-2.486030340194702
1710533364800639316,-9.176517486572266,-0.89813232421875,-2.483635187149048
1710533364829424218,-9.217232704162598,-0.89813232421875,-2.5207581520080566
1710533364833690584,-9.195677757263184,-0.8646020293235779,-2.517165422439575
1710533364881638080,-9.196874618530273,-0.8957372903823853,-2.476450204849243
1710533364944970430,-9.205257415771484,-0.850231945514679,-2.515968084335327
1710533365001479655,-9.178912162780762,-0.9208850264549255,-2.5207581520080566
1710533365011984441,-9.233997344970703,-0.8705896139144897,-2.503993034362793
1710533365026643046,-9.201664924621582,-0.8322693109512329,-2.494412899017334
1710533365078879557,-9.190887451171875,-0.8765771389007568,-2.4201672077178955
1710533365131670131,-9.232800483703613,-0.8634045124053955,-2.565065860748291
1710533365163051975,-9.238787651062012,-0.9508227705955505,-2.503993034362793
1710533365234380048,-9.2112455368042,-0.8214917182922363,-2.4812402725219727
1710533365251287198,-9.192085266113281,-0.856219470500946,-2.5207581520080566
1710533365274291751,-9.2112455368042,-0.8837621808052063,-2.553090810775757
1710533365308076892,-9.232800483703613,-0.9424402117729187,-2.466870069503784
1710533365362593297,-9.20645523071289,-0.8454418778419495,-2.4788451194763184
1710533365394386094,-9.199270248413086,-0.8095166087150574,-2.502795457839966
1710533365415135502,-9.20645523071289,-0.8286767601966858,-2.495610237121582
1710533365462068247,-9.20645523071289,-0.9148974418640137,-2.494412899017334
1710533365462140773,-9.19807243347168,-0.8969348073005676,-2.512375593185425
1710533365478015954,-9.2208251953125,-0.9065148830413818,-2.5099804401397705
1710533365530574101,-9.192085266113281,-0.8622070550918579,-2.4992029666900635
1710533365536951239,-9.159751892089844,-0.8777746558189392,-2.4908204078674316
1710533365549572611,-9.178912162780762,-0.8646020293235779,-2.4477100372314453
1710533365575062512,-9.17531967163086,-0.8490344285964966,-2.4800426959991455
1710533365591750740,-9.20645523071289,-0.8394543528556824,-2.5219554901123047
1710533365604854186,-9.194479942321777,-0.89813232421875,-2.526745557785034
1710533365623294765,-9.20645523071289,-0.969982922077179,-2.5219554901123047
1710533365648452959,-9.213640213012695,-0.9663903713226318,-2.5183629989624023
1710533365669317362,-9.182504653930664,-0.9376501441001892,-2.5147705078125
1710533365677581114,-9.192085266113281,-0.9184899926185608,-2.4896228313446045
1710533365713273961,-9.226812362670898,-0.8155041337013245,-2.4608826637268066
1710533365747150561,-9.196874618530273,-0.8334667682647705,-2.445314884185791
1710533365782985230,-9.231602668762207,-0.9627978801727295,-2.502795457839966
1710533365797637498,-9.2304048538208,-0.8933422565460205,-2.532733201980591
1710533365828970481,-9.199270248413086,-0.820294201374054,-2.483635187149048
1710533365850022432,-9.199270248413086,-0.8574169874191284,-2.4584875106811523
1710533365932110413,-9.219627380371094,-0.9065148830413818,-2.5147705078125
1710533365942449646,-9.169332504272461,-0.9053173661231995,-2.556683301925659
1710533365995052254,-9.23519515991211,-0.856219470500946,-2.4417223930358887
1710533366028496504,-9.17052936553955,-0.8250842094421387,-2.4321422576904297
1710533366032864977,-9.237590789794922,-0.7999365329742432,-2.434537410736084
1710533366053770146,-9.210047721862793,-0.9232800006866455,-2.4992029666900635
1710533366091637007,-9.193282127380371,-0.910107433795929,-2.5578808784484863
1710533366116857745,-9.174121856689453,-0.8490344285964966,-2.452500104904175
1710533366133494031,-9.196874618530273,-0.8538244366645813,-2.424957275390625
1710533366159056326,-9.195677757263184,-0.8310717940330505,-2.415377140045166
1710533366188338482,-9.281898498535156,-0.8346642851829529,-2.4321422576904297
1710533366196828237,-9.196874618530273,-0.6538403034210205,-2.5004003047943115
1710533366228425625,-9.163344383239746,-0.7556286454200745,-2.6476941108703613
1710533366240935348,-9.196874618530273,-0.8107141256332397,-2.495610237121582
1710533366260903042,-9.223219871520996,-0.9520202875137329,-2.4381299018859863
1710533366272365802,-9.202862739562988,-1.123264193534851,-2.4393274784088135
1710533366301698101,-9.133406639099121,-0.9663903713226318,-2.453697443008423
1710533366331219370,-9.216034889221191,-0.9017248749732971,-2.5506958961486816
1710533366345919053,-9.213640213012695,-0.8298742771148682,-2.566263437271118
1710533366354373301,-9.247170448303223,-0.7676037549972534,-2.5578808784484863
1710533366381483167,-9.2208251953125,-0.7867639064788818,-2.483635187149048
1710533366398459958,-9.222023010253906,-0.9831554889678955,-2.373464345932007
1710533366421450469,-9.200467109680176,-0.9376501441001892,-2.393821954727173
1710533366461256340,-9.166936874389648,-0.8634045124053955,-2.575843572616577
1710533366511428454,-9.166936874389648,-0.9136999249458313,-2.452500104904175
1710533366570601583,-9.190887451171875,-0.8394543528556824,-2.5506958961486816
1710533366580900993,-9.204059600830078,-0.868194580078125,-2.5387206077575684
1710533366601855966,-9.239985466003418,-0.9508227705955505,-2.5602757930755615
1710533366650058273,-9.17531967163086,-0.9675878882408142,-2.476450204849243
1710533366668575903,-9.201664924621582,-0.8741821050643921,-2.4489073753356934
1710533366715078966,-9.165740013122559,-0.8011340498924255,-2.512375593185425
1710533366744399996,-9.212442398071289,-0.8933422565460205,-2.4980053901672363
1710533366767865484,-9.20645523071289,-0.9448351860046387,-2.513572931289673
1710533366826296600,-9.169332504272461,-0.8813672065734863,-2.5075855255126953
1710533366832624286,-9.2208251953125,-0.8478369116783142,-2.475252628326416
1710533366862466273,-9.177715301513672,-0.7843688726425171,-2.4489073753356934
1710533366893767100,-9.202862739562988,-0.9484277367591858,-2.523153066635132
1710533366968918238,-9.195677757263184,-0.886157214641571,-2.5399181842803955
1710533366977419726,-9.196874618530273,-0.9364526271820068,-2.4908204078674316
1710533366992140242,-9.228010177612305,-0.850231945514679,-2.452500104904175
1710533367038565849,-9.20645523071289,-0.8214917182922363,-2.526745557785034
1710533367040505041,-9.20645523071289,-0.8214917182922363,-2.526745557785034
1710533367062338447,-9.195677757263184,-0.9436376690864563,-2.5087828636169434
1710533367088781033,-9.182504653930664,-0.9568102955818176,-2.5099804401397705
1710533367135009466,-9.212442398071289,-0.8430469036102295,-2.4477100372314453
1710533367151925363,-9.212442398071289,-0.8430469036102295,-2.4477100372314453
1710533367169056490,-9.229207992553711,-0.8921447992324829,-2.476450204849243
1710533367181299185,-9.189689636230469,-0.8705896139144897,-2.5004003047943115
1710533367200278512,-9.178912162780762,-0.8610095381736755,-2.515968084335327
1710533367210676157,-9.192085266113281,-0.8825647234916687,-2.532733201980591
1710533367223273990,-9.217232704162598,-0.9244775176048279,-2.5387206077575684
1710533367252634937,-9.217232704162598,-0.9244775176048279,-2.5387206077575684
1710533367290244199,-9.168134689331055,-0.9029223918914795,-2.512375593185425
1710533367403750381,-9.184900283813477,-0.9448351860046387,-2.532733201980591
1710533367412102649,-9.244775772094727,-0.9544152617454529,-2.5207581520080566
1710533367420566378,-9.154962539672852,-0.9268725514411926,-2.503993034362793
1710533367450063466,-9.255553245544434,-0.8945397734642029,-2.4716601371765137
1710533367485794011,-9.144184112548828,-0.8143066167831421,-2.502795457839966
1710533367525584448,-9.200467109680176,-0.9376501441001892,-2.457289934158325
1710533367562228745,-9.188492774963379,-0.9340575933456421,-2.4800426959991455
1710533367588910680,-9.174121856689453,-0.8226892352104187,-2.524350643157959
1710533367605602661,-9.214838027954102,-0.8622070550918579,-2.496807813644409
1710533367620429321,-9.168134689331055,-0.9029223918914795,-2.486030340194702
1710533367636917760,-9.18370246887207,-0.928070068359375,-2.434537410736084
1710533367662612085,-9.20645523071289,-0.9424402117729187,-2.4489073753356934
1710533367662679535,-9.204059600830078,-0.9388476610183716,-2.45489501953125
1710533367712778223,-9.212442398071289,-0.89813232421875,-2.544708251953125
1710533367727395759,-9.201664924621582,-0.850231945514679,-2.5291407108306885
1710533367748373326,-9.210047721862793,-0.8921447992324829,-2.4273521900177
1710533367756772846,-9.213640213012695,-0.8634045124053955,-2.414179801940918
1710533367784271949,-9.172924995422363,-0.8693920969963074,-2.4022045135498047
1710533367824143195,-9.177715301513672,-0.8717871308326721,-2.5483007431030273
1710533367836695347,-9.204059600830078,-0.8993298411369324,-2.536325693130493
1710533367866162970,-9.218430519104004,-0.9232800006866455,-2.4381299018859863
1710533367880858315,-9.17052936553955,-0.9208850264549255,-2.4321422576904297
1710533367897776516,-9.226812362670898,-0.8586145043373108,-2.474055290222168
1710533367914585279,-9.182504653930664,-0.8143066167831421,-2.525547981262207
1710533367929378981,-9.184900283813477,-0.8095166087150574,-2.525547981262207
1710533367943981194,-9.223219871520996,-0.8334667682647705,-2.5471031665802
1710533368069867481,-9.19807243347168,-0.8753796219825745,-2.4704625606536865
1710533368080393630,-9.201664924621582,-0.880169689655304,-2.7494823932647705
1710533368095294045,-9.163344383239746,-0.8466393947601318,-2.457289934158325
1710533368101334553,-9.164542198181152,-0.8753796219825745,-2.4704625606536865
1710533368124733939,-9.20645523071289,-0.9735754132270813,-2.5195605754852295
1710533368139357358,-9.178912162780762,-0.9508227705955505,-2.5506958961486816
1710533368162656280,-9.256750106811523,-0.9340575933456421,-2.543510675430298
1710533368185679839,-9.190887451171875,-0.8657995462417603,-2.5075855255126953
1710533368187666902,-9.236392974853516,-0.8190966844558716,-2.475252628326416
1710533368206396449,-9.168134689331055,-0.7939489483833313,-2.4884252548217773
1710533368242211540,-9.194479942321777,-0.8370593190193176,-2.4501049518585205
1710533368261413285,-9.225615501403809,-0.8610095381736755,-2.414179801940918
1710533368267319699,-9.188492774963379,-0.9029223918914795,-2.435734748840332
1710533368277759535,-9.181307792663574,-0.8897497653961182,-2.464475154876709
1710533368294800816,-9.177715301513672,-0.8993298411369324,-2.5315356254577637
1710533368298841102,-9.23519515991211,-0.8825647234916687,-2.535128116607666
1710533368324382111,-9.210047721862793,-0.9448351860046387,-2.563868522644043
1710533368334869668,-9.210047721862793,-0.9448351860046387,-2.563868522644043
1710533368355880593,-9.16094970703125,-0.9520202875137329,-2.4884252548217773
1710533368364121046,-9.16094970703125,-0.9520202875137329,-2.4884252548217773
1710533368395785304,-9.147777557373047,-0.8346642851829529,-2.4489073753356934
1710533368412510163,-9.2208251953125,-0.7927514910697937,-2.4513025283813477
1710533368435684437,-9.166936874389648,-0.826281726360321,-2.4884252548217773
1710533368446172313,-9.247170448303223,-0.8933422565460205,-2.503993034362793
1710533368461077707,-9.19807243347168,-0.9232800006866455,-2.543510675430298
1710533368517942206,-9.241183280944824,-0.9304651021957397,-2.5004003047943115
1710533368574537842,-9.150172233581543,-0.7688012719154358,-2.4513025283813477
1710533368597792709,-9.228010177612305,-0.8394543528556824,-2.4584875106811523
1710533368618696221,-9.23519515991211,-0.8717871308326721,-2.4920177459716797
1710533368625051760,-9.178912162780762,-0.8873547315597534,-2.5099804401397705
1710533368683628112,-9.207653045654297,-0.9568102955818176,-2.502795457839966
1710533368708862670,-9.188492774963379,-0.77838134765625,-2.4620800018310547
1710533368736388020,-9.152566909790039,-0.7975414991378784,-2.4608826637268066
1710533368767730176,-9.177715301513672,-0.8933422565460205,-2.5015978813171387
1710533368828768082,-9.125024795532227,-1.0071057081222534,-2.5279431343078613
1710533368872658462,-9.15137004852295,-0.7831714153289795,-2.4716601371765137
1710533368893999964,-9.141789436340332,-0.8909472823143005,-2.435734748840332
1710533368919083335,-9.244775772094727,-0.9089099168777466,-2.4812402725219727
1710533368946519869,-9.178912162780762,-0.9388476610183716,-2.506387948989868
1710533368956971217,-9.205257415771484,-0.9747729301452637,-2.5483007431030273
1710533368980166927,-9.144184112548828,-0.9328601360321045,-2.5578808784484863
1710533368990812695,-9.238787651062012,-0.8993298411369324,-2.526745557785034
1710533368997069429,-9.223219871520996,-0.8669970631599426,-2.5087828636169434
1710533369007659824,-9.156159400939941,-0.8526269793510437,-2.456092596054077
1710533369020147435,-9.156159400939941,-0.8586145043373108,-2.3890318870544434
1710533369032774389,-9.156159400939941,-0.8825647234916687,-2.414179801940918
1710533369053702862,-9.186097145080566,-0.89813232421875,-2.5614733695983887
1710533369066275758,-9.157357215881348,-0.8909472823143005,-2.603386163711548
1710533369076739548,-9.233997344970703,-0.8873547315597534,-2.6285338401794434
1710533369104377047,-9.193282127380371,-0.9472302198410034,-2.612966299057007
1710533369129426038,-9.190887451171875,-0.9472302198410034,-2.4716601371765137
1710533369148576986,-9.169332504272461,-0.9364526271820068,-2.4105870723724365
1710533369171488844,-9.20645523071289,-0.8430469036102295,-2.4010071754455566
1710533369211337689,-8.896300315856934,-0.7759863138198853,-2.525547981262207
1710533369234280502,-9.222023010253906,-0.9089099168777466,-2.525547981262207
1710533369286812749,-9.20645523071289,-0.9723779559135437,-2.5219554901123047
1710533369310047454,-9.17531967163086,-0.9125024676322937,-2.512375593185425
1710533369333214058,-9.199270248413086,-0.8741821050643921,-2.4680676460266113
1710533369360550118,-9.17531967163086,-0.8011340498924255,-2.4704625606536865
1710533369398563512,-9.190887451171875,-0.9077123999595642,-2.503993034362793
1710533369417410297,-9.212442398071289,-0.9544152617454529,-2.5207581520080566
1710533369451022964,-9.186097145080566,-1.0047106742858887,-2.5087828636169434
1710533369486552550,-9.205257415771484,-0.9148974418640137,-2.5075855255126953
1710533369589672189,-9.207653045654297,-0.9556127786636353,-2.554288387298584
1710533369617043227,-9.222023010253906,-0.8921447992324829,-2.494412899017334
1710533369646627929,-9.226812362670898,-0.8526269793510437,-2.4884252548217773
1710533369705424088,-9.18370246887207,-0.8574169874191284,-2.4608826637268066
1710533369755641623,-9.166936874389648,-0.9136999249458313,-2.5375232696533203
1710533369774581351,-9.2304048538208,-0.916094958782196,-2.5291407108306885
1710533369810463958,-9.222023010253906,-0.868194580078125,-2.4596850872039795
1710533369894521831,-9.20645523071289,-0.9484277367591858,-2.5207581520080566
1710533369971960396,-9.178912162780762,-0.8238866925239563,-2.4920177459716797
1710533370003455759,-9.228010177612305,-0.820294201374054,-2.494412899017334
1710533370009483236,-9.180109977722168,-0.9136999249458313,-2.48722767829895
1710533370018078575,-9.180109977722168,-0.9388476610183716,-2.517165422439575
1710533370045350095,-9.205257415771484,-0.9268725514411926,-2.503993034362793
1710533370104270701,-9.171727180480957,-0.8394543528556824,-2.493215322494507
1710533370125418146,-9.156159400939941,-0.8777746558189392,-2.4477100372314453
1710533370335288751,-9.208849906921387,-0.9065148830413818,-2.5279431343078613
1710533370410832473,-9.194479942321777,-0.8717871308326721,-2.45489501953125
1710533370425597205,-9.193282127380371,-0.8370593190193176,-2.4920177459716797
1710533370442393762,-9.205257415771484,-0.8610095381736755,-2.496807813644409
1710533370461170674,-9.187294960021973,-0.9017248749732971,-2.4884252548217773
1710533370501250834,-9.204059600830078,-0.9436376690864563,-2.4884252548217773
1710533370518109704,-9.204059600830078,-0.9436376690864563,-2.4884252548217773
1710533370559958342,-9.201664924621582,-0.850231945514679,-2.5147705078125
1710533370577088962,-9.181307792663574,-0.8490344285964966,-2.502795457839966
1710533370599881821,-9.228010177612305,-0.8837621808052063,-2.5087828636169434
1710533370681466907,-9.232800483703613,-0.8873547315597534,-2.484832763671875
1710533370696418072,-9.152566909790039,-0.9089099168777466,-2.502795457839966
1710533370708805686,-9.178912162780762,-0.9388476610183716,-2.505190372467041
1710533370738504875,-9.225615501403809,-0.8574169874191284,-2.535128116607666
1710533370763522777,-9.199270248413086,-0.8693920969963074,-2.4321422576904297
1710533370786654889,-9.212442398071289,-0.8693920969963074,-2.4321422576904297
1710533370812032371,-9.158555030822754,-0.8969348073005676,-2.453697443008423
1710533370833405498,-9.186097145080566,-0.8993298411369324,-2.5015978813171387
1710533370861099967,-9.20645523071289,-0.8765771389007568,-2.5494983196258545
1710533370906551983,-9.192085266113281,-0.928070068359375,-2.4704625606536865
1710533370946547766,-9.202862739562988,-0.8598120212554932,-2.475252628326416
1710533370965601688,-9.2208251953125,-0.8993298411369324,-2.5303380489349365
1710533370988521942,-9.216034889221191,-0.9029223918914795,-2.533930778503418
1710533371009604645,-9.193282127380371,-0.9077123999595642,-2.525547981262207
1710533371019893880,-9.195677757263184,-0.9292675852775574,-2.494412899017334
1710533371026288177,-9.219627380371094,-0.9053173661231995,-2.4788451194763184
1710533371068157405,-9.172924995422363,-0.8837621808052063,-2.465672492980957
1710533371108000012,-9.214838027954102,-0.9232800006866455,-2.5099804401397705
1710533371124795328,-9.184900283813477,-0.8957372903823853,-2.523153066635132
1710533371137527193,-9.212442398071289,-0.9041198492050171,-2.5195605754852295
1710533371192227650,-9.210047721862793,-0.8622070550918579,-2.472857713699341
1710533371221703524,-9.189689636230469,-0.8382568359375,-2.474055290222168
1710533371242604566,-9.202862739562988,-0.8574169874191284,-2.465672492980957
1710533371248962301,-9.193282127380371,-0.8933422565460205,-2.494412899017334
1710533371274363849,-9.498647689819336,-0.9268725514411926,-2.4908204078674316
1710533371295268042,-9.190887451171875,-0.910107433795929,-2.5315356254577637
1710533371303554337,-9.190887451171875,-0.8729846477508545,-2.48722767829895
1710533371320471592,-9.207653045654297,-0.8693920969963074,-2.4584875106811523
1710533371354090362,-9.176517486572266,-0.8717871308326721,-2.446512460708618
1710533371366618227,-9.195677757263184,-0.856219470500946,-2.4908204078674316
1710533371379258122,-9.195677757263184,-0.8622070550918579,-2.5075855255126953
1710533371408682028,-9.216034889221191,-0.8574169874191284,-2.5099804401397705
1710533371417038011,-9.2304048538208,-0.856219470500946,-2.494412899017334
1710533371429713288,-9.181307792663574,-0.9316626191139221,-2.506387948989868
1710533371448533196,-9.193282127380371,-0.9388476610183716,-2.4896228313446045
1710533371505142992,-9.17531967163086,-0.8418493866920471,-2.502795457839966
1710533371522102470,-9.216034889221191,-0.8705896139144897,-2.486030340194702
1710533371545022511,-9.199270248413086,-0.8909472823143005,-2.472857713699341
1710533371581008203,-9.18370246887207,-0.9089099168777466,-2.486030340194702
1710533371610383787,-9.205257415771484,-0.886157214641571,-2.5015978813171387
1710533371620890886,-9.16094970703125,-0.89813232421875,-2.5004003047943115
1710533371635467107,-9.210047721862793,-0.9412426948547363,-2.506387948989868
1710533371677285741,-9.190887451171875,-0.9089099168777466,-2.505190372467041
1710533371683781222,-9.19807243347168,-0.8298742771148682,-2.475252628326416
1710533371706865773,-9.20645523071289,-0.856219470500946,-2.4584875106811523
1710533371734103919,-9.20645523071289,-0.8837621808052063,-2.464475154876709
1710533371744574451,-9.195677757263184,-0.9388476610183716,-2.4620800018310547
1710533371769567823,-9.194479942321777,-0.9496252536773682,-2.495610237121582
1710533371777939653,-9.174121856689453,-0.9484277367591858,-2.5195605754852295
1710533371803326130,-9.207653045654297,-0.9125024676322937,-2.54231333732605
1710533371822381248,-9.187294960021973,-0.8490344285964966,-2.502795457839966
1710533371834892079,-9.2112455368042,-0.8598120212554932,-2.4776477813720703
1710533371879202316,-9.19807243347168,-0.8634045124053955,-2.4093897342681885
1710533371889680987,-9.190887451171875,-0.8657995462417603,-2.416574716567993
1710533371917236332,-9.193282127380371,-0.8753796219825745,-2.436932325363159
1710533371921420787,-9.176517486572266,-0.8765771389007568,-2.5506958961486816
1710533371933756435,-9.208849906921387,-0.9484277367591858,-2.5399181842803955
1710533371961241720,-9.188492774963379,-0.9316626191139221,-2.484832763671875
1710533371986322644,-9.196874618530273,-0.8334667682647705,-2.4405248165130615
1710533372024031343,-9.196874618530273,-0.8334667682647705,-2.4405248165130615
1710533372053465375,-9.210047721862793,-0.9783654808998108,-2.5099804401397705
1710533372076720414,-9.202862739562988,-0.9867480397224426,-2.5087828636169434
1710533372091051862,-9.164542198181152,-0.9616003632545471,-2.513572931289673
1710533372093278775,-9.190887451171875,-0.9711804389953613,-2.536325693130493
1710533372128984031,-9.18370246887207,-0.8346642851829529,-2.476450204849243
1710533372143796055,-9.18370246887207,-0.8346642851829529,-2.476450204849243
1710533372166880091,-9.172924995422363,-0.826281726360321,-2.4213647842407227
1710533372181445336,-9.192085266113281,-0.8634045124053955,-2.436932325363159
1710533372234256145,-9.205257415771484,-0.9316626191139221,-2.524350643157959
1710533372240533480,-9.218430519104004,-0.940045177936554,-2.54231333732605
1710533372301182424,-9.184900283813477,-0.8657995462417603,-2.493215322494507
1710533372330996252,-9.171727180480957,-0.880169689655304,-2.4692652225494385
1710533372360271784,-9.188492774963379,-0.8813672065734863,-2.503993034362793
1710533372362337149,-9.222023010253906,-0.8705896139144897,-2.524350643157959
1710533372383298498,-9.174121856689453,-0.8957372903823853,-2.5315356254577637
1710533372389593631,-9.174121856689453,-0.8957372903823853,-2.5315356254577637
1710533372417098800,-9.19807243347168,-0.9448351860046387,-2.472857713699341
1710533372419110556,-9.165740013122559,-0.9544152617454529,-2.45489501953125
1710533372440102384,-9.163344383239746,-0.8646020293235779,-2.472857713699341
1710533372469267564,-9.2112455368042,-0.8430469036102295,-2.483635187149048
1710533372522966475,-9.219627380371094,-0.8238866925239563,-2.5147705078125
1710533372541006987,-9.196874618530273,-0.9328601360321045,-2.494412899017334
1710533372585293828,-9.205257415771484,-0.9113049507141113,-2.495610237121582
1710533372608427015,-9.208849906921387,-0.8825647234916687,-2.5183629989624023
1710533372660629798,-9.196874618530273,-0.8490344285964966,-2.4513025283813477
1710533372667047077,-9.19807243347168,-0.8346642851829529,-2.495610237121582
1710533372677572057,-9.192085266113281,-0.868194580078125,-2.532733201980591
1710533372717823147,-9.202862739562988,-0.8921447992324829,-2.5399181842803955
1710533372751432972,-9.19807243347168,-0.9053173661231995,-2.484832763671875
1710533372774594423,-9.219627380371094,-0.8370593190193176,-2.483635187149048
1710533372797587873,-9.18370246887207,-0.8250842094421387,-2.453697443008423
1710533372864705029,-9.204059600830078,-0.8933422565460205,-2.465672492980957
1710533372871056382,-9.217232704162598,-0.9352551102638245,-2.4884252548217773
1710533372883781784,-9.187294960021973,-0.9651928544044495,-2.512375593185425
1710533372915287841,-9.188492774963379,-0.8669970631599426,-2.545905828475952
1710533372932086062,-9.216034889221191,-0.8178991675376892,-2.513572931289673
1710533372968047423,-9.194479942321777,-0.8478369116783142,-2.406994581222534
1710533372980785284,-9.177715301513672,-0.9136999249458313,-2.445314884185791
1710533372999403447,-9.208849906921387,-0.9328601360321045,-2.4381299018859863
1710533373014132036,-9.195677757263184,-0.9256750345230103,-2.4800426959991455
1710533373028868795,-9.200467109680176,-0.9184899926185608,-2.5219554901123047
1710533373068663266,-9.174121856689453,-0.8526269793510437,-2.533930778503418
1710533373072832994,-9.172924995422363,-0.8777746558189392,-2.5303380489349365
1710533373087703660,-9.2208251953125,-0.89813232421875,-2.4776477813720703
1710533373163470150,-9.201664924621582,-0.8813672065734863,-2.5471031665802
1710533373203140577,-9.214838027954102,-0.8729846477508545,-2.526745557785034
1710533373223884074,-9.204059600830078,-0.8406518697738647,-2.4788451194763184
1710533373246931392,-9.168134689331055,-0.910107433795929,-2.4405248165130615
1710533373270070498,-9.168134689331055,-0.910107433795929,-2.4405248165130615
1710533373274180778,-9.204059600830078,-0.9244775176048279,-2.475252628326416
1710533373303941993,-9.186097145080566,-0.8693920969963074,-2.5387206077575684
1710533373329186077,-9.200467109680176,-0.8909472823143005,-2.513572931289673
1710533373352374324,-9.152566909790039,-0.7759863138198853,-2.414179801940918
1710533373381769812,-9.186097145080566,-0.9256750345230103,-2.463277578353882
1710533373404827484,-9.172924995422363,-0.9807605147361755,-2.5075855255126953
1710533373442663370,-9.178912162780762,-0.9184899926185608,-2.586621046066284
1710533373463514098,-9.174121856689453,-0.8765771389007568,-2.505190372467041
1710533373467719732,-9.174121856689453,-0.826281726360321,-2.404599666595459
1710533373486670250,-9.202862739562988,-0.850231945514679,-2.3878345489501953
1710533373509886769,-9.193282127380371,-0.820294201374054,-2.39501953125
1710533373539224347,-9.181307792663574,-0.8586145043373108,-2.404599666595459
1710533373568506818,-9.212442398071289,-0.910107433795929,-2.5219554901123047
1710533373591557538,-9.195677757263184,-0.9328601360321045,-2.536325693130493
1710533373623312604,-9.201664924621582,-0.9148974418640137,-2.4513025283813477
1710533373665147085,-9.210047721862793,-0.8274792432785034,-2.4620800018310547
1710533373719819618,-9.223219871520996,-0.9041198492050171,-2.5291407108306885
1710533373793561633,-9.169332504272461,-0.8538244366645813,-2.4608826637268066
1710533373820840507,-9.218430519104004,-0.8598120212554932,-2.4788451194763184
1710533373875434137,-9.219627380371094,-0.928070068359375,-2.506387948989868
1710533373883834553,-9.193282127380371,-0.9520202875137329,-2.496807813644409
1710533373898594441,-9.136999130249023,-0.9496252536773682,-2.5195605754852295
1710533373936489980,-9.201664924621582,-0.8705896139144897,-2.4501049518585205
1710533373959531749,-9.256750106811523,-0.9268725514411926,-2.466870069503784
1710533373978332779,-9.159751892089844,-0.8765771389007568,-2.486030340194702
1710533373982476532,-9.184900283813477,-0.8825647234916687,-2.5219554901123047
1710533373993126193,-9.210047721862793,-0.868194580078125,-2.533930778503418
1710533374026812980,-9.162147521972656,-0.8837621808052063,-2.5195605754852295
1710533374047691915,-9.2304048538208,-0.9316626191139221,-2.45489501953125
1710533374087526125,-9.233997344970703,-0.9208850264549255,-2.4596850872039795
1710533374102389609,-9.216034889221191,-0.8921447992324829,-2.4596850872039795
1710533374108833977,-9.496252059936523,-0.8286767601966858,-2.5087828636169434
1710533374121347605,-9.19807243347168,-0.8717871308326721,-2.4788451194763184
1710533374169377314,-9.218430519104004,-0.9388476610183716,-2.4908204078674316
1710533374175769417,-9.184900283813477,-0.9268725514411926,-2.506387948989868
1710533374215503612,-9.190887451171875,-0.9208850264549255,-2.502795457839966
1710533374242681282,-9.231602668762207,-0.9053173661231995,-2.5111780166625977
1710533374262288333,-9.241183280944824,-0.8933422565460205,-2.484832763671875
1710533374282763841,-9.159751892089844,-0.8885522484779358,-2.4704625606536865
1710533374335263583,-9.19807243347168,-0.9520202875137329,-2.5075855255126953
1710533374364784744,-9.200467109680176,-0.9508227705955505,-2.5004003047943115
1710533374394595336,-9.189689636230469,-0.8957372903823853,-2.5147705078125
1710533374407043683,-9.201664924621582,-0.8873547315597534,-2.493215322494507
1710533374421519525,-9.201664924621582,-0.8526269793510437,-2.4704625606536865
1710533374446622168,-9.205257415771484,-0.856219470500946,-2.1603076457977295
1710533374476227256,-9.169332504272461,-0.8885522484779358,-2.463277578353882
1710533374499210449,-9.195677757263184,-0.89813232421875,-2.475252628326416
1710533374511915989,-9.189689636230469,-0.9436376690864563,-2.493215322494507
1710533374526527397,-9.196874618530273,-0.9544152617454529,-2.495610237121582
1710533374551709173,-9.199270248413086,-0.8370593190193176,-2.5291407108306885
1710533374574971193,-9.200467109680176,-0.8274792432785034,-2.5483007431030273
1710533374635666401,-9.25794792175293,-0.9136999249458313,-2.452500104904175
1710533374662420745,-9.190887451171875,-0.8538244366645813,-2.466870069503784
1710533374679839906,-9.188492774963379,-0.8813672065734863,-2.5387206077575684
1710533374693160659,-9.199270248413086,-0.9304651021957397,-2.506387948989868
1710533374732495669,-9.17531967163086,-0.9412426948547363,-2.446512460708618
1710533374799558910,-9.168134689331055,-0.8921447992324829,-2.4908204078674316
1710533374837364523,-9.159751892089844,-0.9244775176048279,-2.4680676460266113
1710533374860858469,-9.158555030822754,-0.8885522484779358,-2.5111780166625977
1710533374890979611,-9.225615501403809,-0.9125024676322937,-2.5183629989624023
1710533374910732005,-9.201664924621582,-0.9208850264549255,-2.4704625606536865
1710533374931805168,-9.201664924621582,-0.9208850264549255,-2.4704625606536865
1710533374938336812,-9.181307792663574,-0.8933422565460205,-2.475252628326416
1710533374963582782,-9.217232704162598,-0.7711963057518005,-2.4884252548217773
1710533374986547286,-9.184900283813477,-0.7843688726425171,-2.4716601371765137
1710533375009865859,-9.202862739562988,-0.916094958782196,-2.4405248165130615
1710533375041260652,-9.182504653930664,-1.0047106742858887,-2.4896228313446045
1710533375045371168,-9.214838027954102,-0.9951305985450745,-2.5195605754852295
1710533375064618709,-9.219627380371094,-0.9975256323814392,-2.5602757930755615
1710533375104153559,-9.253157615661621,-0.8574169874191284,-2.5303380489349365
1710533375114685961,-9.199270248413086,-0.8538244366645813,-2.533930778503418
1710533375129449666,-9.193282127380371,-0.886157214641571,-2.4381299018859863
1710533375135660057,-9.139394760131836,-0.8957372903823853,-2.4177722930908203
1710533375182156462,-9.196874618530273,-0.8035290241241455,-2.486030340194702
1710533375220038001,-9.202862739562988,-0.8023315668106079,-2.524350643157959
1710533375228510869,-9.231602668762207,-0.9065148830413818,-2.515968084335327
1710533375243149163,-9.165740013122559,-0.9089099168777466,-2.4788451194763184
1710533375263003113,-9.202862739562988,-0.9987231492996216,-2.4884252548217773
1710533375287228183,-9.159751892089844,-0.9172924757003784,-2.474055290222168
1710533375295475017,-9.169332504272461,-0.9316626191139221,-2.4788451194763184
1710533375316674181,-9.219627380371094,-0.9532177448272705,-2.484832763671875
1710533375350338467,-9.178912162780762,-0.8538244366645813,-2.5195605754852295
1710533375381831213,-9.2112455368042,-0.8598120212554932,-2.433339834213257
1710533375407109243,-9.177715301513672,-0.928070068359375,-2.4405248165130615
1710533375413431551,-9.19807243347168,-0.9448351860046387,-2.4417223930358887
1710533375448954069,-9.182504653930664,-0.9436376690864563,-2.533930778503418
1710533375453170362,-9.23519515991211,-0.9220825433731079,-2.5494983196258545
1710533375480347684,-9.174121856689453,-0.8358618021011353,-2.523153066635132
1710533375497076186,-9.204059600830078,-0.8430469036102295,-2.4896228313446045
1710533375526511162,-9.184900283813477,-0.8466393947601318,-2.4309449195861816
1710533375553774522,-9.192085266113281,-0.9687854051589966,-2.48722767829895
1710533375610606950,-9.204059600830078,-1.003513216972351,-2.565065860748291
1710533375642019619,-9.229207992553711,-0.8586145043373108,-2.4321422576904297
1710533375673350927,-9.232800483703613,-0.7652087211608887,-2.4285497665405273
1710533375683909072,-9.181307792663574,-0.7915539741516113,-2.457289934158325
1710533375692790789,-9.174121856689453,-0.826281726360321,-2.4908204078674316
1710533375715378153,-9.187294960021973,-0.9340575933456421,-2.526745557785034
1710533375749183252,-9.163344383239746,-1.011895775794983,-2.533930778503418
1710533375767981160,-9.199270248413086,-0.9939330816268921,-2.512375593185425
1710533375772180096,-9.217232704162598,-0.9448351860046387,-2.506387948989868
1710533375799521138,-9.193282127380371,-0.8586145043373108,-2.4812402725219727
1710533375826852461,-9.2208251953125,-0.808319091796875,-2.4812402725219727
1710533375862745296,-9.20645523071289,-0.8969348073005676,-2.476450204849243
1710533375908837814,-9.180109977722168,-0.9304651021957397,-2.505190372467041
1710533375931687487,-9.169332504272461,-0.9017248749732971,-2.5219554901123047
1710533375940163656,-9.199270248413086,-0.8717871308326721,-2.5075855255126953
1710533376015764637,-9.196874618530273,-0.9544152617454529,-2.5004003047943115
1710533376063869407,-9.188492774963379,-0.9328601360321045,-2.5219554901123047
1710533376097623117,-9.177715301513672,-0.8693920969963074,-2.457289934158325
1710533376112598597,-9.218430519104004,-0.8622070550918579,-2.4704625606536865
1710533376127157048,-9.156159400939941,-0.8538244366645813,-2.463277578353882
1710533376135626828,-9.159751892089844,-0.8957372903823853,-2.465672492980957
1710533376179792131,-9.17531967163086,-0.9604028463363647,-2.5087828636169434
1710533376190348238,-9.187294960021973,-0.9376501441001892,-2.556683301925659
1710533376209451062,-9.218430519104004,-0.9412426948547363,-2.48722767829895
1710533376232308311,-9.178912162780762,-0.9328601360321045,-2.496807813644409
1710533376262722738,-9.187294960021973,-0.8669970631599426,-2.4489073753356934
1710533376267754737,-9.245972633361816,-0.8574169874191284,-2.4309449195861816
1710533376276359288,-9.189689636230469,-0.8574169874191284,-2.4201672077178955
1710533376293091892,-9.229207992553711,-0.8729846477508545,-2.476450204849243
1710533376320470903,-9.157357215881348,-0.9017248749732971,-2.5075855255126953
1710533376345753098,-9.213640213012695,-0.9184899926185608,-2.5399181842803955
1710533376362509333,-9.176517486572266,-0.987945556640625,-2.565065860748291
1710533376373086532,-9.232800483703613,-0.9831554889678955,-2.563868522644043
1710533376404802226,-9.241183280944824,-0.916094958782196,-2.45489501953125
1710533376423616616,-9.176517486572266,-0.8729846477508545,-2.4596850872039795
1710533376434165205,-9.226812362670898,-0.8418493866920471,-2.433339834213257
1710533376442429100,-9.212442398071289,-0.8526269793510437,-2.4513025283813477
1710533376464730556,-9.166936874389648,-0.8646020293235779,-2.4596850872039795
1710533376494809195,-9.186097145080566,-0.8765771389007568,-2.4992029666900635
1710533376532641160,-9.195677757263184,-0.9711804389953613,-2.502795457839966
1710533376562088218,-9.214838027954102,-0.9675878882408142,-2.532733201980591
1710533376574621232,-9.223219871520996,-0.9568102955818176,-2.525547981262207
1710533376627398417,-9.205257415771484,-0.7975414991378784,-2.5004003047943115
1710533376637666856,-9.193282127380371,-0.8059240579605103,-2.392624616622925
1710533376702738959,-9.20645523071289,-1.033450961112976,-2.5902135372161865
1710533376763634304,-9.199270248413086,-0.9041198492050171,-2.505190372467041
1710533376801621470,-9.19807243347168,-0.8382568359375,-2.433339834213257
1710533376810066364,-9.166936874389648,-0.850231945514679,-2.4692652225494385
1710533376823157839,-9.219627380371094,-0.9125024676322937,-2.5602757930755615
1710533376859392204,-9.202862739562988,-0.9687854051589966,-2.5494983196258545
1710533376881461711,-9.165740013122559,-0.9795629978179932,-2.474055290222168
1710533376891808521,-9.166936874389648,-0.9795629978179932,-2.472857713699341
1710533376900209279,-9.218430519104004,-0.9304651021957397,-2.4716601371765137
1710533376914991406,-9.187294960021973,-0.910107433795929,-2.4776477813720703
1710533376950810602,-9.212442398071289,-0.8298742771148682,-2.484832763671875
1710533376956900045,-9.212442398071289,-0.8298742771148682,-2.484832763671875
1710533376961193461,-9.193282127380371,-0.8382568359375,-2.4489073753356934
1710533376986332094,-9.210047721862793,-0.9077123999595642,-2.483635187149048
1710533377005330705,-9.180109977722168,-0.9388476610183716,-2.5087828636169434
1710533377026426387,-9.201664924621582,-0.9903405904769897,-2.517165422439575
1710533377062026595,-9.184900283813477,-0.9328601360321045,-2.5578808784484863
1710533377065907380,-9.210047721862793,-0.928070068359375,-2.5099804401397705
1710533377084964192,-9.208849906921387,-0.9136999249458313,-2.4620800018310547
1710533377099535901,-9.17531967163086,-0.8909472823143005,-2.452500104904175
1710533377125174203,-9.186097145080566,-0.8550219535827637,-2.4297473430633545
1710533377133373256,-9.186097145080566,-0.8550219535827637,-2.4297473430633545
1710533377152452096,-9.182504653930664,-0.8885522484779358,-2.5111780166625977
1710533377167034314,-9.2208251953125,-0.8969348073005676,-2.513572931289673
1710533377190717875,-9.174121856689453,-0.9196875095367432,-2.5279431343078613
1710533377196636907,-9.202862739562988,-0.9508227705955505,-2.5075855255126953
1710533377207068873,-9.190887451171875,-0.9711804389953613,-2.5015978813171387
1710533377251216807,-9.208849906921387,-0.940045177936554,-2.4800426959991455
1710533377259794192,-9.208849906921387,-0.940045177936554,-2.4800426959991455
1710533377274228272,-9.20645523071289,-0.8693920969963074,-2.525547981262207
1710533377297245410,-9.180109977722168,-0.9005273580551147,-2.536325693130493
1710533377318571391,-9.16094970703125,-0.9472302198410034,-2.5279431343078613
1710533377345737917,-9.218430519104004,-0.9795629978179932,-2.5183629989624023
1710533377373703814,-9.205257415771484,-0.928070068359375,-2.494412899017334
1710533377383663802,-9.201664924621582,-0.8873547315597534,-2.465672492980957
1710533377461748122,-9.219627380371094,-0.9496252536773682,-2.4788451194763184
1710533377490640276,-9.190887451171875,-0.9436376690864563,-2.526745557785034
1710533377515772502,-9.171727180480957,-0.9352551102638245,-2.5291407108306885
1710533377530681911,-9.225615501403809,-0.9520202875137329,-2.502795457839966
1710533377555647450,-9.165740013122559,-0.8837621808052063,-2.4788451194763184
1710533377595470138,-9.18370246887207,-0.8622070550918579,-2.48722767829895
1710533377618731445,-9.192085266113281,-0.9148974418640137,-2.4992029666900635
1710533377631279341,-9.201664924621582,-0.9508227705955505,-2.505190372467041
1710533377660496868,-9.20645523071289,-0.9484277367591858,-2.5195605754852295
1710533377671617672,-9.195677757263184,-0.9472302198410034,-2.493215322494507
1710533377688230193,-9.196874618530273,-0.9520202875137329,-2.512375593185425
1710533377721862354,-9.202862739562988,-0.9005273580551147,-2.5004003047943115
1710533377744750930,-9.231602668762207,-0.8777746558189392,-2.442919969558716
1710533377784927679,-9.147777557373047,-0.9448351860046387,-2.453697443008423
1710533377835164195,-9.231602668762207,-0.8957372903823853,-2.5387206077575684
1710533377843536294,-9.19807243347168,-0.8813672065734863,-2.5399181842803955
1710533377884975036,-9.20645523071289,-0.9556127786636353,-2.494412899017334
1710533377918784539,-9.18370246887207,-0.8657995462417603,-2.4608826637268066
1710533377931473662,-9.210047721862793,-0.8825647234916687,-2.486030340194702
1710533377965084412,-9.263935089111328,-0.9520202875137329,-2.524350643157959
1710533377992417496,-9.23519515991211,-1.002315640449524,-2.5075855255126953
1710533378018340398,-9.177715301513672,-0.9125024676322937,-2.5087828636169434
1710533378038636012,-9.223219871520996,-0.8933422565460205,-2.483635187149048
1710533378070902432,-9.162147521972656,-0.8370593190193176,-2.433339834213257
1710533378083473460,-9.199270248413086,-0.8550219535827637,-2.48722767829895
1710533378112139949,-9.178912162780762,-0.9520202875137329,-2.4920177459716797
1710533378170888091,-9.192085266113281,-0.9184899926185608,-2.524350643157959
1710533378205166384,-9.222023010253906,-0.9208850264549255,-2.4800426959991455
1710533378300979456,-9.17052936553955,-0.9580078125,-2.5183629989624023
1710533378315947078,-9.210047721862793,-0.9592053294181824,-2.533930778503418
1710533378339153528,-9.210047721862793,-0.8657995462417603,-2.5015978813171387
1710533378400244207,-9.165740013122559,-0.8526269793510437,-2.416574716567993
1710533378417709990,-9.162147521972656,-0.850231945514679,-2.4417223930358887
1710533378463611188,-9.180109977722168,-0.9005273580551147,-2.5375232696533203
1710533378475510289,-9.17531967163086,-0.9616003632545471,-2.54231333732605
1710533378532520752,-9.202862739562988,-1.008303165435791,-2.5015978813171387
1710533378564153272,-9.140591621398926,-0.9556127786636353,-2.494412899017334
1710533378572917736,-9.157357215881348,-0.8586145043373108,-2.5291407108306885
1710533378591518770,-9.225615501403809,-0.8789721727371216,-2.457289934158325
1710533378606374616,-9.204059600830078,-0.9568102955818176,-2.466870069503784
1710533378622995932,-9.189689636230469,-0.9077123999595642,-2.506387948989868
1710533378639659224,-9.166936874389648,-0.886157214641571,-2.5147705078125
1710533378668868271,-9.192085266113281,-0.8873547315597534,-2.526745557785034
1710533378675601861,-9.232800483703613,-0.8885522484779358,-2.5183629989624023
1710533378698766023,-9.2112455368042,-0.9328601360321045,-2.4716601371765137
1710533378768149952,-9.214838027954102,-0.9148974418640137,-2.5219554901123047
1710533378788889794,-9.202862739562988,-0.9029223918914795,-2.494412899017334
1710533378797379760,-9.178912162780762,-0.8873547315597534,-2.495610237121582
1710533378805761671,-9.208849906921387,-0.8885522484779358,-2.496807813644409
1710533378826877083,-9.201664924621582,-0.9831554889678955,-2.5015978813171387
1710533378841512479,-9.205257415771484,-0.9723779559135437,-2.4680676460266113
1710533378861947849,-9.172924995422363,-0.9639953374862671,-2.503993034362793
1710533378862008619,-9.178912162780762,-0.9711804389953613,-2.502795457839966
1710533378887313926,-9.228010177612305,-0.987945556640625,-2.525547981262207
1710533378908878642,-9.189689636230469,-0.8526269793510437,-2.503993034362793
1710533378917882489,-9.181307792663574,-0.8478369116783142,-2.484832763671875
1710533378946793036,-9.20645523071289,-0.8825647234916687,-2.4596850872039795
1710533378955011220,-9.193282127380371,-0.9053173661231995,-2.445314884185791
1710533378969596752,-9.195677757263184,-0.9520202875137329,-2.464475154876709
1710533379040956862,-9.186097145080566,-0.9340575933456421,-2.5219554901123047
1710533379043074818,-9.212442398071289,-0.9136999249458313,-2.4980053901672363
1710533379065088643,-9.189689636230469,-0.9244775176048279,-2.446512460708618
1710533379112607897,-9.156159400939941,-0.8789721727371216,-2.4992029666900635
1710533379133522850,-9.156159400939941,-0.9580078125,-2.506387948989868
1710533379171102892,-9.19807243347168,-0.940045177936554,-2.526745557785034
1710533379208996066,-9.218430519104004,-0.9208850264549255,-2.496807813644409
1710533379221652719,-9.239985466003418,-0.8825647234916687,-2.475252628326416
1710533379225668130,-9.182504653930664,-0.8669970631599426,-2.4584875106811523
1710533379246731545,-9.193282127380371,-0.9148974418640137,-2.472857713699341
1710533379269482819,-9.171727180480957,-0.8933422565460205,-2.4608826637268066
1710533379276131320,-9.178912162780762,-0.9268725514411926,-2.486030340194702
1710533379307549335,-9.229207992553711,-0.9376501441001892,-2.5195605754852295
1710533379322290183,-9.174121856689453,-0.8825647234916687,-2.532733201980591
1710533379345703666,-9.214838027954102,-0.9352551102638245,-2.532733201980591
1710533379356133904,-9.18370246887207,-0.8789721727371216,-2.4620800018310547
1710533379366845521,-9.188492774963379,-0.8741821050643921,-2.45489501953125
1710533379396158998,-9.195677757263184,-0.9292675852775574,-2.457289934158325
1710533379431934874,-9.166936874389648,-0.9592053294181824,-2.536325693130493
1710533379476192645,-9.187294960021973,-0.8741821050643921,-2.5195605754852295
1710533379499278201,-9.229207992553711,-0.8837621808052063,-2.4285497665405273
1710533379509446635,-9.172924995422363,-0.8873547315597534,-2.426154851913452
1710533379528566276,-9.165740013122559,-0.8993298411369324,-2.4213647842407227
1710533379547343864,-8.901089668273926,-0.8574169874191284,-2.486030340194702
1710533379579343041,-9.20645523071289,-0.9424402117729187,-2.532733201980591
1710533379595764099,-9.208849906921387,-0.9627978801727295,-2.5411157608032227
1710533379602054654,-9.184900283813477,-0.9484277367591858,-2.5303380489349365
1710533379621150764,-9.196874618530273,-0.9783654808998108,-2.513572931289673
1710533379642211688,-9.204059600830078,-0.9747729301452637,-2.503993034362793
1710533379662918042,-9.187294960021973,-0.928070068359375,-2.4812402725219727
1710533379745150004,-9.202862739562988,-0.8969348073005676,-2.513572931289673
1710533379778555767,-9.171727180480957,-0.9292675852775574,-2.5087828636169434
1710533379787041384,-9.195677757263184,-0.9639953374862671,-2.4692652225494385
1710533379816714037,-9.195677757263184,-0.9639953374862671,-2.4692652225494385
1710533379835416970,-9.2304048538208,-0.8705896139144897,-2.5087828636169434
1710533379843741148,-9.176517486572266,-0.8598120212554932,-2.5147705078125
1710533379875469559,-9.226812362670898,-0.868194580078125,-2.517165422439575
1710533379896285981,-9.177715301513672,-0.9136999249458313,-2.4285497665405273
1710533379951410751,-9.188492774963379,-1.0095007419586182,-2.5387206077575684
1710533379965829561,-9.239985466003418,-1.0095007419586182,-2.5518932342529297
1710533379982628593,-9.16094970703125,-0.9208850264549255,-2.5411157608032227
1710533380003498634,-9.20645523071289,-0.8873547315597534,-2.5506958961486816
1710533380083522698,-9.232800483703613,-0.700543224811554,-2.424957275390625
1710533380115020653,-9.231602668762207,-0.9352551102638245,-2.464475154876709
1710533380159307532,-9.194479942321777,-0.9687854051589966,-2.5291407108306885
1710533380192975682,-9.2112455368042,-0.9184899926185608,-2.5471031665802
1710533380205253664,-9.219627380371094,-0.8514294624328613,-2.436932325363159
1710533380222095734,-9.210047721862793,-0.8622070550918579,-2.3998095989227295
1710533380266158873,-9.204059600830078,-0.8765771389007568,-2.476450204849243
1710533380274478597,-9.202862739562988,-0.916094958782196,-2.513572931289673
1710533380312131619,-9.207653045654297,-0.9232800006866455,-2.5494983196258545
1710533380341942401,-9.199270248413086,-0.9771679639816284,-2.5004003047943115
1710533380350186788,-9.199270248413086,-0.9771679639816284,-2.5004003047943115
1710533380379692241,-9.165740013122559,-0.969982922077179,-2.4692652225494385
1710533380411142035,-9.226812362670898,-0.8586145043373108,-2.465672492980957
1710533380444645510,-9.184900283813477,-0.8334667682647705,-2.4800426959991455
1710533380475885675,-9.192085266113281,-0.9747729301452637,-2.4920177459716797
1710533380501144064,-9.210047721862793,-0.999920666217804,-2.523153066635132
1710533380551787995,-9.157357215881348,-0.8226892352104187,-2.496807813644409
1710533380662874127,-9.2208251953125,-0.9532177448272705,-2.515968084335327
1710533380662936327,-9.2208251953125,-0.9532177448272705,-2.515968084335327
1710533380694923133,-9.208849906921387,-1.008303165435791,-2.493215322494507
1710533380707686789,-9.208849906921387,-0.940045177936554,-2.5291407108306885
1710533380718064576,-9.193282127380371,-0.8777746558189392,-2.506387948989868
1710533380747475318,-9.202862739562988,-0.8526269793510437,-2.502795457839966
1710533380755884089,-9.202862739562988,-0.8526269793510437,-2.502795457839966
1710533380798059299,-9.208849906921387,-0.9268725514411926,-2.4381299018859863
1710533380848214686,-9.188492774963379,-0.9041198492050171,-2.5483007431030273
1710533380858841036,-9.187294960021973,-1.0071057081222534,-2.5147705078125
1710533380877549903,-9.187294960021973,-1.0071057081222534,-2.5147705078125
1710533380923956157,-9.223219871520996,-0.850231945514679,-2.4608826637268066
1710533380946925446,-9.223219871520996,-0.850231945514679,-2.4608826637268066
1710533380953408157,-9.204059600830078,-0.8358618021011353,-2.444117546081543
1710533380972186951,-9.200467109680176,-0.8466393947601318,-2.4776477813720703
1710533381030855135,-9.169332504272461,-1.0130932331085205,-2.517165422439575
1710533381032877295,-9.214838027954102,-1.063388705253601,-2.5219554901123047
1710533381085382193,-9.218430519104004,-0.946032702922821,-2.494412899017334
1710533381133662504,-9.195677757263184,-0.9196875095367432,-2.4513025283813477
1710533381171904003,-9.187294960021973,-0.9220825433731079,-2.4920177459716797
1710533381202935204,-9.210047721862793,-0.9424402117729187,-2.4992029666900635
1710533381221970456,-9.165740013122559,-0.9939330816268921,-2.505190372467041
1710533381247220964,-9.207653045654297,-1.002315640449524,-2.4896228313446045
1710533381272772705,-9.228010177612305,-0.8634045124053955,-2.4908204078674316
1710533381293414543,-9.219627380371094,-0.8634045124053955,-2.4908204078674316
1710533381320629695,-9.17052936553955,-0.8586145043373108,-2.493215322494507
1710533381354499982,-9.186097145080566,-0.9604028463363647,-2.4620800018310547
1710533381381562393,-9.190887451171875,-0.9196875095367432,-2.493215322494507
1710533381413006377,-9.210047721862793,-0.975970447063446,-2.5087828636169434
1710533381421613887,-9.214838027954102,-0.9436376690864563,-2.502795457839966
1710533381444684144,-9.18370246887207,-0.8873547315597534,-2.513572931289673
1710533381471789970,-9.19807243347168,-0.9148974418640137,-2.484832763671875
1710533381501593220,-9.192085266113281,-0.9184899926185608,-2.4596850872039795
1710533381560310544,-9.178912162780762,-0.880169689655304,-2.526745557785034
1710533381566685417,-9.188492774963379,-0.9639953374862671,-2.506387948989868
1710533381587546027,-9.141789436340332,-0.9783654808998108,-2.4704625606536865
1710533381602122266,-9.202862739562988,-1.0777587890625,-2.472857713699341
1710533381623213434,-9.177715301513672,-0.808319091796875,-2.4824378490448
1710533381633635213,-9.2112455368042,-0.7268884181976318,-2.5099804401397705
1710533381644130572,-9.219627380371094,-0.8023315668106079,-2.536325693130493
1710533381677452441,-9.233997344970703,-0.8897497653961182,-2.505190372467041
1710533381696617544,-9.192085266113281,-0.9065148830413818,-2.4692652225494385
1710533381706928003,-9.201664924621582,-0.8897497653961182,-2.4489073753356934
1710533381759700705,-9.212442398071289,-0.975970447063446,-2.4788451194763184
1710533381761826371,-9.212442398071289,-0.975970447063446,-2.4788451194763184
1710533381787641071,-9.154962539672852,-0.9125024676322937,-2.495610237121582
1710533381812598605,-9.178912162780762,-0.8849596977233887,-2.505190372467041
1710533381820981047,-9.228010177612305,-0.8729846477508545,-2.4980053901672363
1710533381873383472,-9.20645523071289,-0.8969348073005676,-2.4501049518585205
1710533381911214037,-9.202862739562988,-0.9316626191139221,-2.535128116607666
1710533381946978948,-9.208849906921387,-0.9172924757003784,-2.5147705078125
1710533382014323849,-9.190887451171875,-0.8538244366645813,-2.4680676460266113
1710533382078945810,-9.182504653930664,-0.8406518697738647,-2.4920177459716797
1710533382119303392,-9.158555030822754,-1.0490185022354126,-2.5303380489349365
1710533382153021015,-9.2112455368042,-1.071771264076233,-2.503993034362793
1710533382180314958,-9.157357215881348,-0.8107141256332397,-2.475252628326416
1710533382224533538,-9.2208251953125,-0.8394543528556824,-2.505190372467041
1710533382245568218,-9.224417686462402,-0.8837621808052063,-2.5099804401397705
1710533382270549704,-9.193282127380371,-1.008303165435791,-2.4189696311950684
1710533382352789309,-9.202862739562988,-0.9496252536773682,-2.5698559284210205
1710533382369715377,-9.20645523071289,-0.8358618021011353,-2.6117687225341797
1710533382396919190,-9.178912162780762,-0.9580078125,-2.452500104904175
1710533382401293250,-9.176517486572266,-0.9795629978179932,-2.396217107772827
1710533382432727338,-9.186097145080566,-0.9220825433731079,-2.354304313659668
1710533382493474522,-9.2112455368042,-0.940045177936554,-2.545905828475952
1710533382506417716,-9.217232704162598,-0.9424402117729187,-2.57464599609375
1710533382508331064,-9.205257415771484,-0.9687854051589966,-2.556683301925659
1710533382531633856,-9.178912162780762,-0.9113049507141113,-2.4309449195861816
1710533382540073169,-9.199270248413086,-0.9328601360321045,-2.4189696311950684
1710533382584915412,-9.187294960021973,-0.850231945514679,-2.434537410736084
1710533382613619249,-9.247170448303223,-0.8741821050643921,-2.5315356254577637
1710533382640826544,-9.195677757263184,-0.8382568359375,-2.5518932342529297
1710533382649252336,-9.195677757263184,-1.0346484184265137,-2.5111780166625977
1710533382680551277,-9.176517486572266,-1.0406359434127808,-2.4620800018310547
1710533382697655982,-9.216034889221191,-0.9256750345230103,-2.48722767829895
1710533382701701171,-9.216034889221191,-0.7795788645744324,-2.513572931289673
1710533382716543705,-9.178912162780762,-0.7460485696792603,-2.525547981262207
1710533382743913628,-9.256750106811523,-0.8657995462417603,-2.493215322494507
1710533382750308532,-9.256750106811523,-0.8657995462417603,-2.493215322494507
1710533382773260630,-9.176517486572266,-0.8646020293235779,-2.456092596054077
1710533382779683018,-9.2208251953125,-0.8789721727371216,-2.4513025283813477
1710533382817601388,-9.171727180480957,-0.8897497653961182,-2.416574716567993
1710533382830040783,-9.136999130249023,-0.9220825433731079,-2.412982225418091
1710533382857482315,-9.208849906921387,-0.9903405904769897,-2.4213647842407227
1710533382901424811,-9.226812362670898,-0.9172924757003784,-2.5315356254577637
1710533382926478539,-9.226812362670898,-0.9172924757003784,-2.5315356254577637
1710533382936938300,-9.163344383239746,-0.8598120212554932,-2.4393274784088135
1710533382964244228,-9.166936874389648,-0.9232800006866455,-2.393821954727173
1710533382980882669,-9.17531967163086,-0.9089099168777466,-2.415377140045166
1710533382997957089,-9.213640213012695,-0.940045177936554,-2.5411157608032227
1710533383018859668,-9.19807243347168,-0.9604028463363647,-2.543510675430298
1710533383077846573,-9.180109977722168,-0.9005273580551147,-2.4908204078674316
1710533383088436149,-9.200467109680176,-0.9017248749732971,-2.466870069503784
1710533383109325059,-9.199270248413086,-0.8705896139144897,-2.4093897342681885
1710533383165874108,-9.210047721862793,-0.8107141256332397,-2.5087828636169434
1710533383197493894,-9.204059600830078,-1.0466235876083374,-2.502795457839966
1710533383212219388,-9.19807243347168,-1.0693762302398682,-2.496807813644409
1710533383226889065,-9.19807243347168,-1.0693762302398682,-2.496807813644409
1710533383241558471,-9.171727180480957,-0.8394543528556824,-2.4692652225494385
1710533383323726473,-9.218430519104004,-0.8334667682647705,-2.4800426959991455
1710533383350730304,-9.188492774963379,-0.928070068359375,-2.4716601371765137
1710533383363686311,-9.186097145080566,-0.9831554889678955,-2.453697443008423
1710533383384458529,-9.176517486572266,-1.0514135360717773,-2.4297473430633545
1710533383428573890,-9.147777557373047,-0.9663903713226318,-2.3902294635772705
1710533383445568755,-9.407636642456055,-1.2765454053878784,-2.4596850872039795
1710533383474753444,-9.396859169006348,-0.6945556402206421,-2.8009753227233887
1710533383490001705,-9.159751892089844,-0.8586145043373108,-2.5195605754852295
1710533383499905298,-9.145381927490234,-0.8382568359375,-2.393821954727173
1710533383527274823,-9.447154998779297,-1.0550061464309692,-2.2525157928466797
1710533383567358666,-9.251960754394531,-1.0550061464309692,-2.2525157928466797
1710533383596651184,-9.322613716125488,-0.9651928544044495,-2.4489073753356934
1710533383609269513,-9.195677757263184,-0.8214917182922363,-2.712359666824341
1710533383653209370,-9.292675971984863,-0.8538244366645813,-2.3291563987731934
1710533383684670709,-9.065149307250977,-0.9268725514411926,-2.4620800018310547
1710533383708093671,-9.380093574523926,-0.8334667682647705,-2.69439697265625
1710533383763367232,-9.040000915527344,-0.7460485696792603,-2.6596691608428955
1710533383766720373,-9.293872833251953,-1.0957214832305908,-2.3902294635772705
1710533383785670151,-9.201664924621582,-1.0430309772491455,-2.4022045135498047
1710533383813047158,-9.207653045654297,-1.027463436126709,-2.3914270401000977
1710533383829829857,-9.153764724731445,-0.8849596977233887,-2.555485725402832
1710533383859000479,-9.228010177612305,-0.8178991675376892,-2.656076669692993
1710533383884319032,-9.190887451171875,-0.9029223918914795,-2.403402090072632
1710533383892856871,-9.207653045654297,-0.8897497653961182,-2.36747670173645
1710533383918041139,-9.128617286682129,-0.9113049507141113,-2.347119092941284
1710533383938888246,-9.24357795715332,-1.0897338390350342,-2.423759698867798
1710533383941056395,-9.186097145080566,-1.0071057081222534,-2.472857713699341
1710533383955908011,-9.140591621398926,-0.9448351860046387,-2.532733201980591
1710533383970749264,-9.236392974853516,-0.89813232421875,-2.622546434402466
1710533383987362302,-9.181307792663574,-0.8538244366645813,-2.577040910720825
1710533384025064241,-9.187294960021973,-0.9496252536773682,-2.383044481277466
1710533384060936574,-9.195677757263184,-0.886157214641571,-2.4081921577453613
1710533384069167860,-9.199270248413086,-0.8933422565460205,-2.446512460708618
1710533384105015731,-9.163344383239746,-0.9520202875137329,-2.605781316757202
1710533384149615301,-9.166936874389648,-0.9987231492996216,-2.4596850872039795
1710533384216816028,-9.222023010253906,-0.8574169874191284,-2.536325693130493
1710533384235764195,-9.134604454040527,-0.8897497653961182,-2.4321422576904297
1710533384261058035,-9.238787651062012,-0.975970447063446,-2.3387365341186523
1710533384277876683,-9.178912162780762,-0.9843530058860779,-2.424957275390625
1710533384359875830,-9.218430519104004,-0.9448351860046387,-2.502795457839966
1710533384385191255,-9.475894927978516,-0.9627978801727295,-2.377056837081909
1710533384425077646,-9.159751892089844,-0.9125024676322937,-2.4177722930908203
1710533384435591454,-9.269923210144043,-0.8897497653961182,-2.54231333732605
1710533384446004104,-9.226812362670898,-0.8406518697738647,-2.573448419570923
1710533384466877936,-9.216034889221191,-0.8023315668106079,-2.5387206077575684
1710533384490273170,-9.204059600830078,-0.8454418778419495,-2.4992029666900635
1710533384502891042,-9.195677757263184,-1.0526111125946045,-2.4285497665405273
1710533384526067781,-9.176517486572266,-1.0298583507537842,-2.484832763671875
1710533384555413333,-9.226812362670898,-0.9172924757003784,-2.5471031665802
1710533384567025088,-9.20645523071289,-0.8490344285964966,-2.565065860748291
1710533384578554698,-9.214838027954102,-0.8274792432785034,-2.565065860748291
1710533384624820277,-9.163344383239746,-0.9747729301452637,-2.445314884185791
1710533384633129993,-9.159751892089844,-0.9077123999595642,-2.4297473430633545
1710533384691575750,-9.232800483703613,-0.8849596977233887,-2.4608826637268066
1710533384706484053,-9.228010177612305,-0.8825647234916687,-2.545905828475952
1710533384710585730,-9.184900283813477,-0.9508227705955505,-2.562670946121216
1710533384714944151,-9.187294960021973,-0.9951305985450745,-2.545905828475952
1710533384740107276,-9.178912162780762,-0.9723779559135437,-2.4884252548217773
1710533384765343024,-9.188492774963379,-0.9448351860046387,-2.452500104904175
1710533384782166240,-9.201664924621582,-0.9304651021957397,-2.436932325363159
1710533384803297075,-9.188492774963379,-0.9053173661231995,-2.4213647842407227
1710533384817702229,-9.19807243347168,-0.8526269793510437,-2.4393274784088135
1710533384832640893,-9.162147521972656,-0.9172924757003784,-2.5099804401397705
1710533384860820058,-9.2304048538208,-0.9508227705955505,-2.4908204078674316
1710533384868307631,-9.17052936553955,-0.9651928544044495,-2.4704625606536865
1710533384925399474,-9.195677757263184,-0.8825647234916687,-2.4800426959991455
1710533384948440228,-9.201664924621582,-0.8358618021011353,-2.5291407108306885
1710533384977896554,-9.236392974853516,-0.9496252536773682,-2.452500104904175
1710533385007320556,-9.208849906921387,-0.9747729301452637,-2.464475154876709
1710533385044814836,-9.163344383239746,-0.9065148830413818,-2.4992029666900635
1710533385059291779,-9.168134689331055,-0.886157214641571,-2.486030340194702
1710533385080674211,-9.219627380371094,-0.9268725514411926,-2.475252628326416
1710533385112056282,-9.194479942321777,-0.8873547315597534,-2.495610237121582
1710533385135001667,-9.207653045654297,-0.9172924757003784,-2.5219554901123047
1710533385194072617,-9.213640213012695,-0.928070068359375,-2.4776477813720703
1710533385208626525,-9.178912162780762,-0.9472302198410034,-2.4776477813720703
1710533385233781240,-9.19807243347168,-0.9125024676322937,-2.4620800018310547
1710533385237890043,-9.19807243347168,-0.9125024676322937,-2.4620800018310547
1710533385282176791,-9.177715301513672,-0.886157214641571,-2.5279431343078613
1710533385296842327,-9.247170448303223,-0.8358618021011353,-2.5147705078125
1710533385307282482,-9.121432304382324,-0.9855505228042603,-2.48722767829895
1710533385320043410,-9.277108192443848,-0.928070068359375,-2.486030340194702
1710533385359758511,-9.164542198181152,-0.868194580078125,-2.4884252548217773
1710533385372306564,-9.210047721862793,-1.0430309772491455,-2.4489073753356934
1710533385395629013,-9.178912162780762,-1.002315640449524,-2.475252628326416
1710533385464539910,-9.201664924621582,-0.8634045124053955,-2.5183629989624023
1710533385544657268,-9.210047721862793,-0.9208850264549255,-2.5099804401397705
1710533385584514374,-9.178912162780762,-0.9172924757003784,-2.4788451194763184
1710533385607468947,-9.165740013122559,-0.9065148830413818,-2.433339834213257
1710533385629257060,-9.19807243347168,-0.9316626191139221,-2.4812402725219727
1710533385645356419,-9.219627380371094,-0.9508227705955505,-2.493215322494507
1710533385662960327,-9.186097145080566,-0.9077123999595642,-2.525547981262207
1710533385683015040,-9.229207992553711,-0.9687854051589966,-2.5375232696533203
1710533385716967649,-9.176517486572266,-0.9065148830413818,-2.506387948989868
1710533385733501115,-9.126221656799316,-0.8765771389007568,-2.4417223930358887
1710533385777879262,-9.162147521972656,-0.8741821050643921,-2.4704625606536865
1710533385815674857,-9.188492774963379,-0.9723779559135437,-2.496807813644409
1710533385847264145,-9.17531967163086,-0.9568102955818176,-2.5183629989624023
1710533385889088395,-9.19807243347168,-0.880169689655304,-2.4788451194763184
1710533385914254353,-9.213640213012695,-0.9089099168777466,-2.456092596054077
1710533385941676425,-9.190887451171875,-0.9244775176048279,-2.45489501953125
1710533385973247700,-9.200467109680176,-0.9711804389953613,-2.465672492980957
1710533385981416433,-9.216034889221191,-0.8909472823143005,-2.525547981262207
1710533386000611547,-9.202862739562988,-0.9436376690864563,-2.5471031665802
1710533386101341593,-9.219627380371094,-0.8933422565460205,-2.475252628326416
1710533386132905139,-9.14657974243164,-0.9208850264549255,-2.513572931289673
1710533386191439813,-9.19807243347168,-0.928070068359375,-2.4680676460266113
1710533386204167246,-9.193282127380371,-0.8873547315597534,-2.483635187149048
1710533386221149253,-9.16094970703125,-0.8765771389007568,-2.512375593185425
1710533386260818272,-9.164542198181152,-0.9148974418640137,-2.5399181842803955
1710533386292577052,-9.233997344970703,-0.9125024676322937,-2.4908204078674316
1710533386294957695,-9.181307792663574,-0.8753796219825745,-2.4908204078674316
1710533386340814968,-9.210047721862793,-0.916094958782196,-2.452500104904175
1710533386349104062,-9.17052936553955,-0.8933422565460205,-2.466870069503784
1710533386357554658,-9.2304048538208,-0.9651928544044495,-2.4992029666900635
1710533386380549311,-9.172924995422363,-0.9352551102638245,-2.4908204078674316
1710533386386855397,-9.163344383239746,-0.9172924757003784,-2.4908204078674316
1710533386447572717,-9.195677757263184,-0.9975256323814392,-2.506387948989868
1710533386459826076,-9.204059600830078,-0.9975256323814392,-2.4812402725219727
1710533386468489844,-9.163344383239746,-0.886157214641571,-2.4812402725219727
1710533386508905834,-9.156159400939941,-0.868194580078125,-2.4896228313446045
1710533386542587282,-9.226812362670898,-0.9711804389953613,-2.503993034362793
1710533386571844357,-9.224417686462402,-0.946032702922821,-2.5147705078125
1710533386590633569,-9.180109977722168,-0.9304651021957397,-2.4788451194763184
1710533386611696690,-9.210047721862793,-0.9148974418640137,-2.464475154876709
1710533386634758565,-9.226812362670898,-0.8646020293235779,-2.503993034362793
1710533386691490817,-9.218430519104004,-0.9639953374862671,-2.486030340194702
1710533386716715864,-9.192085266113281,-0.975970447063446,-2.463277578353882
1710533386739665834,-9.201664924621582,-0.9855505228042603,-2.536325693130493
1710533386783767647,-9.177715301513672,-0.9184899926185608,-2.533930778503418
1710533386813026356,-9.171727180480957,-0.8394543528556824,-2.405797004699707
1710533386836132153,-9.186097145080566,-0.868194580078125,-2.4321422576904297
1710533386863370028,-9.200467109680176,-0.8430469036102295,-2.4489073753356934
1710533386873873608,-9.192085266113281,-0.9005273580551147,-2.4992029666900635
1710533386888914379,-9.18370246887207,-0.9472302198410034,-2.5698559284210205
1710533386920213848,-9.19807243347168,-0.9484277367591858,-2.5518932342529297
1710533386928374763,-9.169332504272461,-1.0011181831359863,-2.496807813644409
1710533386939133604,-9.178912162780762,-0.9939330816268921,-2.474055290222168
1710533386970559738,-9.202862739562988,-0.9292675852775574,-2.4716601371765137
1710533386993538685,-9.193282127380371,-0.8945397734642029,-2.424957275390625
1710533387023004365,-9.19807243347168,-0.946032702922821,-2.426154851913452
1710533387031546244,-9.181307792663574,-0.9041198492050171,-2.4201672077178955
1710533387084085439,-9.236392974853516,-0.916094958782196,-2.523153066635132
1710533387090482937,-9.236392974853516,-0.916094958782196,-2.523153066635132
1710533387109461991,-9.249565124511719,-0.9520202875137329,-2.5686583518981934
1710533387136608289,-9.208849906921387,-1.0286608934402466,-2.465672492980957
1710533387142847597,-9.208849906921387,-1.0202783346176147,-2.4273521900177
1710533387174377482,-9.148974418640137,-0.9472302198410034,-2.3818469047546387
1710533387205996962,-9.205257415771484,-0.9735754132270813,-2.3914270401000977
1710533387250025957,-9.214838027954102,-0.7735912799835205,-2.562670946121216
1710533387260711726,-9.23519515991211,-0.8035290241241455,-2.604583740234375
1710533387264623016,-9.205257415771484,-0.8885522484779358,-2.57464599609375
1710533387273040220,-9.190887451171875,-0.9244775176048279,-2.505190372467041
1710533387302326888,-9.168134689331055,-0.9544152617454529,-2.445314884185791
1710533387310780249,-9.169332504272461,-0.9687854051589966,-2.416574716567993
1710533387329981507,-9.16094970703125,-1.008303165435791,-2.472857713699341
1710533387334159448,-9.2112455368042,-0.9005273580551147,-2.536325693130493
1710533387342627269,-9.158555030822754,-0.9029223918914795,-2.573448419570923
1710533387376240905,-9.188492774963379,-0.9220825433731079,-2.583028554916382
1710533387405642434,-9.165740013122559,-0.9148974418640137,-2.4908204078674316
1710533387435302403,-9.156159400939941,-0.9196875095367432,-2.397414445877075
1710533387492216242,-9.216034889221191,-0.8657995462417603,-2.423759698867798
1710533387527747190,-9.224417686462402,-0.8226892352104187,-2.573448419570923
1710533387540271336,-9.216034889221191,-0.8274792432785034,-2.543510675430298
1710533387561242988,-9.201664924621582,-1.0885363817214966,-2.503993034362793
1710533387578090788,-9.108259201049805,-1.0909314155578613,-2.434537410736084
1710533387598923241,-9.186097145080566,-1.1100915670394897,-2.4393274784088135
1710533387628147669,-9.196874618530273,-1.0993139743804932,-2.465672492980957
1710533387638700184,-9.202862739562988,-0.8310717940330505,-2.502795457839966
1710533387651354523,-9.18370246887207,-0.7711963057518005,-2.533930778503418
1710533387714677842,-9.158555030822754,-0.8753796219825745,-2.3794519901275635
1710533387762915243,-9.162147521972656,-1.0214757919311523,-2.424957275390625
1710533387769452708,-9.210047721862793,-1.047821044921875,-2.6405091285705566
1710533387794451505,-9.195677757263184,-0.9903405904769897,-2.633323907852173
1710533387809040513,-9.237590789794922,-0.9663903713226318,-2.5973987579345703
1710533387825664288,-9.208849906921387,-0.9639953374862671,-2.5494983196258545
1710533387838462502,-9.195677757263184,-0.9065148830413818,-2.4093897342681885
1710533387850906522,-9.184900283813477,-0.8622070550918579,-2.3890318870544434
1710533387872097614,-9.178912162780762,-0.8514294624328613,-2.3590941429138184
1710533387899482650,-9.208849906921387,-0.8406518697738647,-2.384242057800293
1710533387909888766,-9.228010177612305,-0.8406518697738647,-2.4812402725219727
1710533387918304520,-9.195677757263184,-0.9005273580551147,-2.517165422439575
1710533387945557897,-9.200467109680176,-0.9651928544044495,-2.5518932342529297
1710533387977162762,-9.201664924621582,-0.9963281154632568,-2.535128116607666
1710533388023579039,-9.195677757263184,-0.8873547315597534,-2.4201672077178955
1710533388040097400,-9.194479942321777,-0.9041198492050171,-2.4381299018859863
1710533388073649441,-9.2112455368042,-0.8167016506195068,-2.526745557785034
1710533388082179709,-9.195677757263184,-0.7855663895606995,-2.515968084335327
1710533388109534168,-9.189689636230469,-0.9340575933456421,-2.525547981262207
1710533388128503451,-9.201664924621582,-1.1400293111801147,-2.4393274784088135
1710533388170662971,-9.241183280944824,-1.1005114316940308,-2.456092596054077
1710533388187256337,-9.239985466003418,-0.8430469036102295,-2.4824378490448
1710533388214604699,-9.148974418640137,-0.8167016506195068,-2.4022045135498047
1710533388259734752,-9.210047721862793,-0.8969348073005676,-2.5111780166625977
1710533388260435682,-9.195677757263184,-0.8250842094421387,-2.5411157608032227
1710533388266586378,-9.163344383239746,-0.8155041337013245,-2.5183629989624023
1710533388308766847,-9.208849906921387,-0.9807605147361755,-2.4920177459716797
1710533388331772631,-9.193282127380371,-1.0166858434677124,-2.4980053901672363
1710533388338259776,-9.17052936553955,-1.008303165435791,-2.4692652225494385
1710533388357201880,-9.210047721862793,-0.9125024676322937,-2.5075855255126953
1710533388390780352,-9.241183280944824,-0.8729846477508545,-2.505190372467041
1710533388413851487,-9.201664924621582,-0.8586145043373108,-2.45489501953125
1710533388447529513,-9.199270248413086,-0.8969348073005676,-2.4608826637268066
1710533388506552129,-9.190887451171875,-1.0454260110855103,-2.5183629989624023
1710533388514899206,-9.190887451171875,-0.9807605147361755,-2.554288387298584
1710533388531795857,-9.190887451171875,-0.9807605147361755,-2.554288387298584
1710533388550771148,-9.202862739562988,-0.9089099168777466,-2.5483007431030273
1710533388592950600,-9.207653045654297,-0.820294201374054,-2.4776477813720703
1710533388626611110,-9.201664924621582,-0.9987231492996216,-2.486030340194702
1710533388697830192,-9.204059600830078,-1.101709008216858,-2.544708251953125
1710533388727384241,-9.196874618530273,-0.9783654808998108,-2.5686583518981934
1710533388763068880,-9.210047721862793,-0.8382568359375,-2.4393274784088135
1710533388786446600,-9.217232704162598,-0.8382568359375,-2.4201672077178955
1710533388809620488,-9.2304048538208,-0.8274792432785034,-2.4022045135498047
1710533388819900861,-9.154962539672852,-0.8634045124053955,-2.42256236076355
1710533388845278643,-9.169332504272461,-0.9987231492996216,-2.474055290222168
1710533388870124412,-9.204059600830078,-0.9975256323814392,-2.5147705078125
1710533388885150484,-9.195677757263184,-1.0166858434677124,-2.533930778503418
1710533388899816909,-9.212442398071289,-0.9903405904769897,-2.5782384872436523
1710533388935505087,-9.166936874389648,-0.886157214641571,-2.5590784549713135
1710533388939702795,-9.177715301513672,-0.8921447992324829,-2.4896228313446045
1710533388966989928,-9.177715301513672,-0.8945397734642029,-2.4201672077178955
1710533388996295426,-9.208849906921387,-0.8741821050643921,-2.3986120223999023
1710533389027924989,-9.176517486572266,-0.9172924757003784,-2.4381299018859863
1710533389042668751,-9.204059600830078,-0.9675878882408142,-2.5494983196258545
1710533389082588647,-9.177715301513672,-0.940045177936554,-2.5207581520080566
1710533389114210498,-9.190887451171875,-0.8406518697738647,-2.452500104904175
1710533389206613749,-9.202862739562988,-1.0897338390350342,-2.5147705078125
1710533389252659419,-9.225615501403809,-1.0454260110855103,-2.5075855255126953
1710533389303251846,-9.213640213012695,-0.8274792432785034,-2.457289934158325
1710533389311523088,-9.247170448303223,-0.8298742771148682,-2.4213647842407227
1710533389328537171,-9.216034889221191,-0.8957372903823853,-2.4477100372314453
1710533389370582407,-9.218430519104004,-0.9448351860046387,-2.506387948989868
1710533389393660392,-9.187294960021973,-1.071771264076233,-2.494412899017334
1710533389416753517,-9.2112455368042,-1.038240909576416,-2.4920177459716797
1710533389431530765,-9.159751892089844,-0.969982922077179,-2.4788451194763184
1710533389460605738,-9.19807243347168,-0.8538244366645813,-2.502795457839966
1710533389477677279,-9.225615501403809,-0.7987390160560608,-2.453697443008423
1710533389507228606,-9.195677757263184,-0.9256750345230103,-2.452500104904175
1710533389536730830,-9.214838027954102,-0.9268725514411926,-2.4716601371765137
1710533389593521690,-9.193282127380371,-1.0597960948944092,-2.5147705078125
1710533389595602618,-9.166936874389648,-1.0454260110855103,-2.5207581520080566
1710533389641764488,-9.178912162780762,-0.8610095381736755,-2.48722767829895
1710533389662471633,-9.2112455368042,-0.790356457233429,-2.4417223930358887
1710533389687854795,-9.174121856689453,-0.7855663895606995,-2.4105870723724365
1710533389692011016,-9.229207992553711,-0.8190966844558716,-2.412982225418091
1710533389732097133,-9.172924995422363,-0.9316626191139221,-2.5099804401397705
1710533389740523983,-9.187294960021973,-1.047821044921875,-2.5111780166625977
1710533389795071782,-9.168134689331055,-0.8178991675376892,-2.4824378490448
1710533389826624217,-9.239985466003418,-0.7616162300109863,-2.474055290222168
1710533389851814576,-9.20645523071289,-0.7711963057518005,-2.4513025283813477
1710533389895668208,-9.200467109680176,-0.8873547315597534,-2.464475154876709
1710533389918735041,-9.188492774963379,-0.9723779559135437,-2.4405248165130615
1710533389927030174,-9.192085266113281,-1.0190807580947876,-2.4477100372314453
1710533389962668571,-9.176517486572266,-1.0585986375808716,-2.4596850872039795
1710533389969128654,-9.19807243347168,-1.0430309772491455,-2.476450204849243
1710533389983895083,-9.210047721862793,-0.9184899926185608,-2.5411157608032227
1710533390008988500,-9.181307792663574,-0.8322693109512329,-2.573448419570923
1710533390025898839,-9.232800483703613,-0.8646020293235779,-2.506387948989868
1710533390062083849,-9.174121856689453,-0.9196875095367432,-2.42256236076355
1710533390089026531,-9.181307792663574,-0.9855505228042603,-2.3902294635772705
1710533390122687820,-9.181307792663574,-0.9616003632545471,-2.5483007431030273
1710533390167088773,-9.218430519104004,-0.8873547315597534,-2.5686583518981934
1710533390182077855,-9.2208251953125,-0.8634045124053955,-2.554288387298584
1710533390211205766,-9.187294960021973,-0.8430469036102295,-2.4489073753356934
1710533390242763289,-9.193282127380371,-0.886157214641571,-2.377056837081909
1710533390262426556,-9.176517486572266,-0.8634045124053955,-2.4117846488952637
1710533390263672926,-9.195677757263184,-0.8993298411369324,-2.426154851913452
1710533390290964413,-9.210047721862793,-1.0502160787582397,-2.502795457839966
1710533390313982903,-9.190887451171875,-1.1124866008758545,-2.5291407108306885
1710533390345529917,-9.217232704162598,-1.0394384860992432,-2.5387206077575684
1710533390362481629,-9.192085266113281,-0.7747887969017029,-2.5075855255126953
1710533390395997582,-9.188492774963379,-0.8526269793510437,-2.3890318870544434
1710533390412600770,-9.212442398071289,-0.8993298411369324,-2.436932325363159
1710533390444217946,-9.172924995422363,-0.8957372903823853,-2.464475154876709
1710533390466856891,-9.172924995422363,-1.0490185022354126,-2.5087828636169434
1710533390488418833,-9.163344383239746,-1.0969189405441284,-2.5099804401397705
1710533390511658234,-9.2112455368042,-1.0897338390350342,-2.517165422439575
1710533390515864814,-9.184900283813477,-0.9831554889678955,-2.533930778503418
1710533390526380460,-9.228010177612305,-0.8394543528556824,-2.4884252548217773
1710533390557844354,-9.216034889221191,-0.8358618021011353,-2.486030340194702
1710533390602161366,-9.196874618530273,-0.9113049507141113,-2.424957275390625
1710533390631532311,-9.184900283813477,-0.9604028463363647,-2.4704625606536865
1710533390646003670,-9.192085266113281,-1.0250684022903442,-2.4824378490448
1710533390692344560,-9.207653045654297,-1.0154882669448853,-2.495610237121582
1710533390717421876,-9.217232704162598,-0.8214917182922363,-2.465672492980957
1710533390723943853,-9.208849906921387,-0.7951464653015137,-2.4513025283813477
1710533390743079063,-9.187294960021973,-0.8298742771148682,-2.4596850872039795
1710533390751056542,-9.213640213012695,-0.8753796219825745,-2.4620800018310547
1710533390818233021,-9.208849906921387,-0.910107433795929,-2.4896228313446045
1710533390872453249,-9.15137004852295,-1.0813512802124023,-2.4321422576904297
1710533390954763214,-9.180109977722168,-0.8897497653961182,-2.4177722930908203
1710533390998826230,-9.159751892089844,-0.9867480397224426,-2.423759698867798
1710533391028345984,-9.192085266113281,-1.0813512802124023,-2.4680676460266113
1710533391060139562,-9.19807243347168,-0.9508227705955505,-2.5375232696533203
1710533391072150940,-9.23519515991211,-0.868194580078125,-2.543510675430298
1710533391097710891,-9.205257415771484,-0.8298742771148682,-2.5219554901123047
1710533391162942380,-9.222023010253906,-0.9783654808998108,-2.436932325363159
1710533391192344998,-9.199270248413086,-0.9472302198410034,-2.494412899017334
1710533391221627640,-9.200467109680176,-1.0071057081222534,-2.5303380489349365
1710533391253085737,-9.194479942321777,-0.9328601360321045,-2.476450204849243
1710533391305686756,-9.200467109680176,-0.880169689655304,-2.444117546081543
1710533391322918659,-9.176517486572266,-0.8334667682647705,-2.535128116607666
1710533391349593609,-9.128617286682129,-0.8765771389007568,-2.474055290222168
1710533391375473874,-9.207653045654297,-1.0214757919311523,-2.543510675430298
1710533391406458428,-9.238787651062012,-1.0957214832305908,-2.452500104904175
1710533391423378541,-9.237590789794922,-1.0669811964035034,-2.4285497665405273
1710533391433967198,-9.158555030822754,-0.7676037549972534,-2.464475154876709
1710533391460990334,-9.256750106811523,-0.7532336711883545,-2.445314884185791
1710533391480157702,-9.153764724731445,-0.856219470500946,-2.4608826637268066
1710533391501086243,-9.193282127380371,-0.9340575933456421,-2.456092596054077
1710533391519976357,-9.251960754394531,-1.003513216972351,-2.4620800018310547
1710533391549276432,-9.245972633361816,-1.0226733684539795,-2.4584875106811523
1710533391584909751,-9.245972633361816,-0.9783654808998108,-2.466870069503784
1710533391599600241,-9.225615501403809,-0.9556127786636353,-2.505190372467041
1710533391605949751,-9.171727180480957,-0.9136999249458313,-2.526745557785034
1710533391629159522,-9.254355430603027,-0.820294201374054,-2.513572931289673
1710533391643997356,-9.254355430603027,-0.820294201374054,-2.513572931289673
1710533391659735985,-9.201664924621582,-0.820294201374054,-2.343526601791382
1710533391666851401,-9.2112455368042,-0.9604028463363647,-2.3794519901275635
1710533391696254393,-9.16094970703125,-1.011895775794983,-2.414179801940918
1710533391725853904,-9.17052936553955,-0.9352551102638245,-2.4596850872039795
1710533391742793465,-9.204059600830078,-0.946032702922821,-2.5279431343078613
1710533391791072560,-9.194479942321777,-0.9340575933456421,-2.4992029666900635
1710533391847700722,-9.222023010253906,-0.8741821050643921,-2.4381299018859863
1710533391861378961,-9.193282127380371,-0.8610095381736755,-2.406994581222534
1710533391887969935,-9.190887451171875,-0.8622070550918579,-2.523153066635132
1710533391919240931,-9.180109977722168,-0.916094958782196,-2.524350643157959
1710533391927782488,-9.226812362670898,-1.027463436126709,-2.4800426959991455
1710533391929815255,-9.204059600830078,-1.0214757919311523,-2.474055290222168
1710533391986710597,-9.195677757263184,-0.8011340498924255,-2.4692652225494385
1710533392076643804,-9.158555030822754,-0.8753796219825745,-2.472857713699341
1710533392116756387,-9.194479942321777,-1.01788330078125,-2.3806493282318115
1710533392177730426,-9.205257415771484,-1.0358459949493408,-2.735112190246582
1710533392190187876,-9.180109977722168,-0.9819580316543579,-2.5279431343078613
1710533392207246514,-9.164542198181152,-0.8298742771148682,-2.586621046066284
1710533392253634808,-9.2112455368042,-0.9520202875137329,-2.3818469047546387
1710533392293464126,-9.194479942321777,-1.0095007419586182,-2.4812402725219727
1710533392337364777,-9.216034889221191,-0.9544152617454529,-2.5375232696533203
1710533392362583263,-9.229207992553711,-0.8921447992324829,-2.535128116607666
1710533392393946395,-9.177715301513672,-0.8514294624328613,-2.405797004699707
1710533392427480333,-9.188492774963379,-0.8765771389007568,-2.464475154876709
1710533392446513155,-9.202862739562988,-1.0406359434127808,-2.494412899017334
1710533392457017847,-9.202862739562988,-1.0909314155578613,-2.4992029666900635
1710533392475813615,-9.199270248413086,-1.093326449394226,-2.493215322494507
1710533392498960393,-9.18370246887207,-1.0729687213897705,-2.476450204849243
1710533392515770681,-9.2112455368042,-1.0609936714172363,-2.493215322494507
1710533392570631254,-9.208849906921387,-0.8382568359375,-2.416574716567993
1710533392667125403,-9.212442398071289,-1.0095007419586182,-2.4800426959991455
1710533392690499355,-9.193282127380371,-1.0502160787582397,-2.5004003047943115
1710533392719888059,-9.194479942321777,-1.002315640449524,-2.525547981262207
1710533392723997335,-9.184900283813477,-0.9340575933456421,-2.5315356254577637
1710533392738757014,-9.480685234069824,-0.8430469036102295,-2.493215322494507
1710533392761863066,-9.177715301513672,-0.8646020293235779,-2.3986120223999023
1710533392791138931,-9.202862739562988,-0.9125024676322937,-2.4081921577453613
1710533392799595237,-9.214838027954102,-0.9256750345230103,-2.4201672077178955
1710533392828910746,-9.17531967163086,-0.8945397734642029,-2.464475154876709
1710533392847869435,-9.190887451171875,-1.0071057081222534,-2.496807813644409
1710533392890116315,-9.204059600830078,-0.9867480397224426,-2.5183629989624023
1710533392955286706,-9.194479942321777,-0.8538244366645813,-2.373464345932007
1710533393007598610,-9.195677757263184,-1.0358459949493408,-2.5387206077575684
1710533393045493603,-9.201664924621582,-1.0526111125946045,-2.4920177459716797
1710533393070636907,-9.17531967163086,-0.9304651021957397,-2.446512460708618
1710533393114923457,-9.241183280944824,-0.8226892352104187,-2.445314884185791
1710533393163458505,-9.195677757263184,-0.8897497653961182,-2.476450204849243
1710533393182383543,-9.180109977722168,-0.9568102955818176,-2.4584875106811523
1710533393205530937,-9.189689636230469,-1.0514135360717773,-2.4321422576904297
1710533393226759219,-9.193282127380371,-1.0226733684539795,-2.4584875106811523
1710533393249563028,-9.2208251953125,-0.9831554889678955,-2.466870069503784
1710533393272566850,-9.192085266113281,-0.9148974418640137,-2.495610237121582
1710533393302038510,-9.244775772094727,-0.856219470500946,-2.5471031665802
1710533393314567969,-9.222023010253906,-0.8622070550918579,-2.5483007431030273
1710533393337483134,-9.196874618530273,-0.9723779559135437,-2.426154851913452
1710533393373473319,-9.188492774963379,-0.9508227705955505,-2.405797004699707
1710533393377902937,-9.17052936553955,-0.9951305985450745,-2.4177722930908203
1710533393406640299,-9.193282127380371,-0.9663903713226318,-2.4884252548217773
1710533393450911272,-9.216034889221191,-0.8382568359375,-2.4776477813720703
1710533393480321189,-9.199270248413086,-0.8765771389007568,-2.404599666595459
1710533393585478224,-9.273515701293945,-1.0909314155578613,-2.412982225418091
1710533393626050638,-9.259145736694336,-0.5436694622039795,-2.8572583198547363
1710533393667282574,-9.342970848083496,-1.0801538228988647,-2.463277578353882
1710533393694849120,-9.066346168518066,-1.1053014993667603,-2.233355760574341
1710533393722171117,-9.261540412902832,-0.8442443609237671,-2.515968084335327
1710533393772676928,-9.336983680725098,-0.8657995462417603,-2.596201181411743
1710533393802744292,-9.1106538772583,-1.0370434522628784,-2.4105870723724365
1710533393816841754,-8.998088836669922,-0.9843530058860779,-2.393821954727173
1710533393833600600,-9.186097145080566,-0.9544152617454529,-2.406994581222534
1710533393879411950,-8.984915733337402,-0.7987390160560608,-2.5614733695983887
1710533393909042454,-9.131011962890625,-0.9915381073951721,-2.5099804401397705
1710533394028660076,-9.166936874389648,-0.8490344285964966,-2.5279431343078613
1710533394036892702,-9.174121856689453,-0.8717871308326721,-2.4800426959991455
1710533394061340091,-9.275910377502441,-0.868194580078125,-2.4489073753356934
1710533394061403315,-9.097481727600098,-0.9089099168777466,-2.4908204078674316
1710533394085268202,-9.284293174743652,-0.9711804389953613,-2.4788451194763184
1710533394131768745,-9.364526748657227,-1.5855029821395874,-2.0357666015625
1710533394171532478,-9.239985466003418,-0.3688330054283142,-2.792592763900757
1710533394195371698,-9.279502868652344,-0.5616320967674255,-2.4716601371765137
1710533394224047488,-9.279502868652344,-0.5616320967674255,-2.4716601371765137
1710533394232616801,-9.131011962890625,-0.4993615746498108,-2.7985804080963135
1710533394333539744,-9.340576171875,-0.969982922077179,-2.393821954727173
1710533394367052741,-9.223219871520996,-0.7867639064788818,-2.6572742462158203
1710533394385909573,-9.075926780700684,-0.8059240579605103,-2.693199396133423
1710533394397014733,-9.147777557373047,-1.047821044921875,-2.4680676460266113
1710533394402715067,-9.077123641967773,-1.0693762302398682,-2.4824378490448
1710533394419541289,-9.077123641967773,-1.0693762302398682,-2.5399181842803955
1710533394432246875,-9.225615501403809,-1.0106981992721558,-2.5399181842803955
1710533394462951107,-9.226812362670898,-0.7209008932113647,-3.0069470405578613
1710533394494036229,-9.187294960021973,-0.7197033762931824,-2.785407781600952
1710533394501618739,-9.176517486572266,-0.8358618021011353,-2.566263437271118
1710533394518609033,-9.120234489440918,-1.0106981992721558,-2.106419563293457
1710533394554161454,-9.210047721862793,-0.7472460865974426,-2.891986131668091
1710533394608799286,-9.199270248413086,-0.7999365329742432,-2.823728084564209
1710533394610781215,-9.154962539672852,-1.0514135360717773,-2.4381299018859863
1710533394644433393,-9.131011962890625,-0.975970447063446,-2.3207738399505615
1710533394703065806,-9.208849906921387,-0.8598120212554932,-2.6201512813568115
1710533394726206621,-9.154962539672852,-1.0957214832305908,-2.4393274784088135
1710533394770447731,-9.199270248413086,-0.7652087211608887,-2.736309766769409
1710533394772558728,-9.205257415771484,-0.7101233005523682,-2.743494987487793
1710533394780946966,-9.204059600830078,-0.8226892352104187,-2.5686583518981934
1710533394799730552,-9.17052936553955,-0.9903405904769897,-2.4584875106811523
1710533394824806727,-9.193282127380371,-0.9855505228042603,-2.453697443008423
1710533394860954239,-9.217232704162598,-0.8238866925239563,-2.626138925552368
1710533394877323560,-9.168134689331055,-0.7855663895606995,-2.626138925552368
1710533394898540456,-9.122629165649414,-0.940045177936554,-2.5794360637664795
1710533394940611518,-9.18370246887207,-0.8693920969963074,-2.5111780166625977
1710533394974078581,-9.184900283813477,-0.7412585616111755,-2.626138925552368
1710533394982493750,-9.19807243347168,-0.7424560785293579,-2.7219398021698
1710533395064097197,-9.181307792663574,-0.7340734601020813,-2.6512866020202637
1710533395087396525,-9.190887451171875,-0.8274792432785034,-2.6309289932250977
1710533395116817401,-9.142987251281738,-0.9711804389953613,-2.4309449195861816
1710533395127913523,-9.180109977722168,-0.9256750345230103,-2.4692652225494385
1710533395146252732,-9.201664924621582,-0.8729846477508545,-2.683619499206543
1710533395177663157,-9.177715301513672,-0.8586145043373108,-2.66206431388855
1710533395221836446,-9.208849906921387,-0.9268725514411926,-2.4704625606536865
1710533395280500162,-9.207653045654297,-0.8358618021011353,-2.633323907852173
1710533395307794635,-9.176517486572266,-0.9352551102638245,-2.5806336402893066
1710533395395840871,-9.16094970703125,-0.8526269793510437,-2.4980053901672363
1710533395406465652,-9.194479942321777,-0.8837621808052063,-2.486030340194702
1710533395425199320,-9.139394760131836,-0.8418493866920471,-2.506387948989868
1710533395471217897,-9.145381927490234,-0.8885522484779358,-2.5590784549713135
1710533395486064090,-9.189689636230469,-0.9352551102638245,-2.466870069503784
1710533395601502888,-9.153764724731445,-0.9232800006866455,-2.614163875579834
1710533395626555716,-9.145381927490234,-0.9256750345230103,-2.584226131439209
1710533395649704013,-9.158555030822754,-0.8346642851829529,-2.563868522644043
1710533395670446254,-9.169332504272461,-0.8969348073005676,-2.5518932342529297
1710533395687415818,-9.214838027954102,-0.9148974418640137,-2.544708251953125
1710533395702221078,-9.144184112548828,-0.8526269793510437,-2.517165422439575
1710533395721153608,-9.141789436340332,-0.8622070550918579,-2.503993034362793
1710533395740237956,-9.163344383239746,-0.8190966844558716,-2.535128116607666
1710533395756739475,-9.212442398071289,-0.850231945514679,-2.5471031665802
1710533395761063688,-9.168134689331055,-0.8933422565460205,-2.5602757930755615
1710533395775754499,-9.168134689331055,-0.8933422565460205,-2.5602757930755615
1710533395792658927,-9.178912162780762,-0.8610095381736755,-2.553090810775757
1710533395807267138,-9.166936874389648,-0.8849596977233887,-2.5710535049438477
1710533395829073746,-9.195677757263184,-0.8753796219825745,-2.5794360637664795
1710533395845130600,-9.158555030822754,-0.9005273580551147,-2.614163875579834
1710533395872506099,-9.148974418640137,-0.8765771389007568,-2.573448419570923
1710533395897604657,-9.210047721862793,-0.8993298411369324,-2.57464599609375
1710533395935597828,-9.136999130249023,-0.8143066167831421,-2.5818309783935547
1710533395948366559,-9.18370246887207,-0.9304651021957397,-2.5303380489349365
1710533395979640807,-9.154962539672852,-0.9041198492050171,-2.5399181842803955
1710533396002551223,-9.186097145080566,-0.8933422565460205,-2.585423469543457
1710533396017181724,-9.188492774963379,-0.8646020293235779,-2.5818309783935547
1710533396040058199,-9.166936874389648,-0.856219470500946,-2.5710535049438477
