bag_timestamp_ns,accel0_x,accel0_y,accel0_z
1710533097894236360,-9.174121856689453,-0.886157214641571,-2.5782384872436523
1710533097923591497,-9.172924995422363,-0.8741821050643921,-2.562670946121216
1710533097927827347,-9.180109977722168,-0.8693920969963074,-2.563868522644043
1710533097944807816,-9.168134689331055,-0.8657995462417603,-2.5602757930755615
1710533097957121570,-9.163344383239746,-0.8550219535827637,-2.5686583518981934
1710533097963510420,-9.163344383239746,-0.8550219535827637,-2.5686583518981934
1710533097992877329,-9.176517486572266,-0.8646020293235779,-2.54231333732605
1710533098005331513,-9.165740013122559,-0.8993298411369324,-2.5794360637664795
1710533098016068424,-9.157357215881348,-0.8969348073005676,-2.575843572616577
1710533098034686124,-9.168134689331055,-0.8885522484779358,-2.562670946121216
1710533098043067926,-9.166936874389648,-0.8669970631599426,-2.5710535049438477
1710533098062786102,-9.180109977722168,-0.8717871308326721,-2.5578808784484863
1710533098072560828,-9.171727180480957,-0.8550219535827637,-2.5614733695983887
1710533098091388366,-9.169332504272461,-0.8514294624328613,-2.566263437271118
1710533098112511871,-9.169332504272461,-0.8514294624328613,-2.566263437271118
1710533098125235974,-9.172924995422363,-0.8454418778419495,-2.5710535049438477
1710533098141965950,-9.181307792663574,-0.8729846477508545,-2.5782384872436523
1710533098225771509,-9.163344383239746,-0.8610095381736755,-2.562670946121216
1710533098292996588,-9.172924995422363,-0.8957372903823853,-2.5686583518981934
1710533098345569752,-9.16094970703125,-0.886157214641571,-2.5674610137939453
1710533098377377060,-9.177715301513672,-0.8634045124053955,-2.543510675430298
1710533098383855402,-9.17052936553955,-0.8622070550918579,-2.5483007431030273
1710533098392041540,-9.163344383239746,-0.8646020293235779,-2.554288387298584
1710533098413021948,-9.17052936553955,-0.8538244366645813,-2.5578808784484863
1710533098465688837,-9.16094970703125,-0.8598120212554932,-2.5794360637664795
1710533098494820855,-9.159751892089844,-0.8825647234916687,-2.5878186225891113
1710533098553747875,-9.148974418640137,-0.8789721727371216,-2.575843572616577
1710533098555968274,-9.178912162780762,-0.8669970631599426,-2.5914111137390137
1710533098583057311,-9.174121856689453,-0.8394543528556824,-2.5590784549713135
1710533098608876882,-9.16094970703125,-0.8729846477508545,-2.5483007431030273
1710533098663543005,-9.18370246887207,-0.8765771389007568,-2.577040910720825
1710533098675117651,-9.156159400939941,-0.8693920969963074,-2.5818309783935547
1710533098698421853,-9.182504653930664,-0.868194580078125,-2.5674610137939453
1710533098706863171,-9.168134689331055,-0.8717871308326721,-2.5219554901123047
1710533098721627771,-9.163344383239746,-0.8909472823143005,-2.515968084335327
1710533098734456132,-9.166936874389648,-0.8873547315597534,-2.544708251953125
1710533098788952377,-9.169332504272461,-0.8705896139144897,-2.573448419570923
1710533098803733810,-9.189689636230469,-0.9041198492050171,-2.5878186225891113
1710533098832979077,-9.166936874389648,-0.9208850264549255,-2.5674610137939453
1710533098837165939,-9.158555030822754,-0.9041198492050171,-2.5471031665802
1710533098866975613,-9.188492774963379,-0.8334667682647705,-2.572251081466675
1710533098891955209,-9.158555030822754,-0.8322693109512329,-2.572251081466675
1710533098923120979,-9.162147521972656,-0.8837621808052063,-2.5614733695983887
1710533098940119913,-9.162147521972656,-0.9029223918914795,-2.5578808784484863
1710533098944439979,-9.186097145080566,-0.9017248749732971,-2.5578808784484863
1710533098959104521,-9.157357215881348,-0.9089099168777466,-2.573448419570923
1710533098975830003,-9.181307792663574,-0.8753796219825745,-2.5698559284210205
1710533098988588353,-9.159751892089844,-0.8574169874191284,-2.5494983196258545
1710533099011479259,-9.194479942321777,-0.8382568359375,-2.5387206077575684
1710533099028396147,-9.16094970703125,-0.8418493866920471,-2.54231333732605
1710533099065890933,-9.172924995422363,-0.8550219535827637,-2.5279431343078613
1710533099124771743,-9.177715301513672,-0.8406518697738647,-2.5303380489349365
1710533099133038158,-9.127419471740723,-0.8358618021011353,-2.5806336402893066
1710533099172927992,-9.225615501403809,-0.8777746558189392,-2.596201181411743
1710533099215059128,-9.131011962890625,-0.8765771389007568,-2.513572931289673
1710533099238326867,-9.19807243347168,-0.826281726360321,-2.5411157608032227
1710533099260086383,-9.166936874389648,-0.826281726360321,-2.575843572616577
1710533099271628502,-9.178912162780762,-0.910107433795929,-2.573448419570923
1710533099313623224,-9.159751892089844,-0.9316626191139221,-2.5698559284210205
1710533099326023804,-9.139394760131836,-0.9651928544044495,-2.5710535049438477
1710533099337008096,-9.217232704162598,-0.8741821050643921,-2.4920177459716797
1710533099351568002,-9.23519515991211,-0.6538403034210205,-2.5614733695983887
1710533099395686647,-9.181307792663574,-0.8657995462417603,-2.5973987579345703
1710533099416561484,-9.113049507141113,-0.9424402117729187,-2.5782384872436523
1710533099448235588,-9.142987251281738,-0.9687854051589966,-2.5973987579345703
1710533099479734121,-9.111851692199707,-0.8909472823143005,-2.623744010925293
1710533099494355035,-9.188492774963379,-0.8538244366645813,-2.5387206077575684
1710533099524128901,-9.163344383239746,-0.7688012719154358,-2.466870069503784
1710533099545067489,-9.181307792663574,-0.7628137469291687,-2.483635187149048
1710533099568172738,-9.14657974243164,-0.7771838307380676,-2.545905828475952
1710533099576742869,-9.174121856689453,-0.8777746558189392,-2.615361213684082
1710533099597364025,-9.166936874389648,-0.9639953374862671,-2.593806266784668
1710533099626881666,-9.162147521972656,-0.8873547315597534,-2.565065860748291
1710533099649933719,-9.193282127380371,-0.8586145043373108,-2.593806266784668
1710533099673096458,-9.196874618530273,-0.7891589403152466,-2.5375232696533203
1710533099683618157,-9.12382698059082,-0.7771838307380676,-2.533930778503418
1710533099702279821,-9.120234489440918,-0.9053173661231995,-2.536325693130493
1710533099725280035,-9.120234489440918,-0.9053173661231995,-2.5183629989624023
1710533099801404249,-9.208849906921387,-0.928070068359375,-2.562670946121216
1710533099837002847,-9.200467109680176,-0.8418493866920471,-2.5411157608032227
1710533099839065410,-9.200467109680176,-0.8418493866920471,-2.5411157608032227
1710533099859939045,-9.164542198181152,-0.8178991675376892,-2.5614733695983887
1710533099887148152,-9.157357215881348,-0.9041198492050171,-2.6105713844299316
1710533099906049274,-9.152566909790039,-0.9867480397224426,-2.5518932342529297
1710533099910264408,-9.207653045654297,-0.9484277367591858,-2.5315356254577637
1710533099927237264,-9.162147521972656,-0.9089099168777466,-2.5590784549713135
1710533099967230758,-9.125024795532227,-0.7652087211608887,-2.543510675430298
1710533099985988868,-9.225615501403809,-0.8167016506195068,-2.553090810775757
1710533100040898745,-9.132209777832031,-0.880169689655304,-2.6716442108154297
1710533100069889744,-9.172924995422363,-0.969982922077179,-2.616558790206909
1710533100112320074,-9.157357215881348,-0.8550219535827637,-2.5578808784484863
1710533100118491055,-9.190887451171875,-0.8107141256332397,-2.496807813644409
1710533100126948299,-9.189689636230469,-0.7759863138198853,-2.502795457839966
1710533100160658457,-9.163344383239746,-0.7879614233970642,-2.5471031665802
1710533100192036961,-9.204059600830078,-0.8921447992324829,-2.565065860748291
1710533100215073748,-9.247170448303223,-0.8657995462417603,-2.6584715843200684
1710533100234201147,-9.117839813232422,-0.9448351860046387,-2.556683301925659
1710533100244597631,-9.141789436340332,-0.9496252536773682,-2.5147705078125
1710533100265321695,-9.169332504272461,-0.8897497653961182,-2.4992029666900635
1710533100288576894,-9.14657974243164,-0.850231945514679,-2.512375593185425
1710533100294809212,-9.202862739562988,-0.7975414991378784,-2.5195605754852295
1710533100312045971,-9.17531967163086,-0.8382568359375,-2.5710535049438477
1710533100324584626,-9.19807243347168,-0.808319091796875,-2.6273365020751953
1710533100364665246,-9.159751892089844,-0.9496252536773682,-2.506387948989868
1710533100438038075,-9.199270248413086,-0.8897497653961182,-2.6093738079071045
1710533100466290065,-9.20645523071289,-0.8143066167831421,-2.536325693130493
1710533100475598603,-9.201664924621582,-0.850231945514679,-2.5099804401397705
1710533100494632925,-9.139394760131836,-0.9136999249458313,-2.5494983196258545
1710533100502996021,-9.158555030822754,-0.9041198492050171,-2.5794360637664795
1710533100521829643,-9.15137004852295,-0.8873547315597534,-2.595003604888916
1710533100633543968,-9.181307792663574,-0.8610095381736755,-2.5483007431030273
1710533100635529520,-9.17052936553955,-0.8382568359375,-2.556683301925659
1710533100639598001,-9.163344383239746,-0.8071215748786926,-2.575843572616577
1710533100665530430,-9.148974418640137,-0.856219470500946,-2.5147705078125
1710533100686046188,-9.164542198181152,-0.8035290241241455,-2.6393115520477295
1710533100713496765,-9.193282127380371,-0.8334667682647705,-2.6021888256073
1710533100723881198,-9.119036674499512,-0.89813232421875,-2.545905828475952
1710533100751068123,-9.15137004852295,-0.8574169874191284,-2.5674610137939453
1710533100767737820,-9.15137004852295,-0.8274792432785034,-2.575843572616577
1710533100814290588,-9.128617286682129,-0.9220825433731079,-2.563868522644043
1710533100835018623,-9.181307792663574,-0.9292675852775574,-2.545905828475952
1710533100849910072,-9.202862739562988,-0.8753796219825745,-2.5387206077575684
1710533100904445832,-9.154962539672852,-0.9017248749732971,-2.476450204849243
1710533100925382909,-9.218430519104004,-0.9029223918914795,-2.562670946121216
1710533100940093670,-9.140591621398926,-0.8705896139144897,-2.54231333732605
1710533100942206646,-9.166936874389648,-0.8777746558189392,-2.545905828475952
1710533100975845852,-9.127419471740723,-0.8777746558189392,-2.6273365020751953
1710533101007279677,-9.113049507141113,-0.8430469036102295,-2.4608826637268066
1710533101023956860,-9.154962539672852,-0.8418493866920471,-2.502795457839966
1710533101089018783,-9.095087051391602,-0.8705896139144897,-2.572251081466675
1710533101099577813,-9.2208251953125,-0.8789721727371216,-2.502795457839966
1710533101129151978,-9.145381927490234,-0.8238866925239563,-2.517165422439575
1710533101150053329,-9.218430519104004,-0.8490344285964966,-2.635719060897827
1710533101185550355,-9.174121856689453,-0.9077123999595642,-2.533930778503418
1710533101267398098,-9.189689636230469,-0.8490344285964966,-2.523153066635132
1710533101280122435,-9.159751892089844,-0.8610095381736755,-2.4908204078674316
1710533101314119823,-9.154962539672852,-0.8777746558189392,-2.577040910720825
1710533101330993384,-9.153764724731445,-0.8634045124053955,-2.5985960960388184
1710533101360625663,-9.180109977722168,-0.8969348073005676,-2.5710535049438477
1710533101381506415,-9.180109977722168,-0.9041198492050171,-2.572251081466675
1710533101387653091,-9.17052936553955,-0.8813672065734863,-2.544708251953125
1710533101396133690,-9.162147521972656,-0.8646020293235779,-2.543510675430298
1710533101425690182,-9.159751892089844,-0.850231945514679,-2.532733201980591
1710533101427630575,-9.17052936553955,-0.8370593190193176,-2.5411157608032227
1710533101444502531,-9.165740013122559,-0.8430469036102295,-2.563868522644043
1710533101465299533,-9.17531967163086,-0.8574169874191284,-2.572251081466675
1710533101486452348,-9.176517486572266,-0.9029223918914795,-2.565065860748291
1710533101518108399,-9.158555030822754,-0.9125024676322937,-2.5794360637664795
1710533101547433601,-9.17531967163086,-0.8957372903823853,-2.554288387298584
1710533101555976119,-9.157357215881348,-0.9041198492050171,-2.5710535049438477
1710533101576914737,-9.201664924621582,-0.8454418778419495,-2.5710535049438477
1710533101591581639,-9.174121856689453,-0.8274792432785034,-2.556683301925659
1710533101593627297,-9.15137004852295,-0.8143066167831421,-2.5471031665802
1710533101606987103,-9.190887451171875,-0.8394543528556824,-2.54231333732605
1710533101627122395,-9.140591621398926,-0.8777746558189392,-2.5291407108306885
1710533101652390011,-9.168134689331055,-0.8957372903823853,-2.525547981262207
1710533101665766849,-9.189689636230469,-0.9352551102638245,-2.426154851913452
1710533101669316666,-9.189689636230469,-0.9352551102638245,-2.426154851913452
1710533101705007283,-9.180109977722168,-0.7244933843612671,-2.8369007110595703
1710533101713469539,-9.169332504272461,-0.7149133086204529,-2.7866051197052
1710533101736559594,-9.192085266113281,-1.032253384590149,-2.39501953125
1710533101751303206,-9.098679542541504,-0.9939330816268921,-2.363884210586548
1710533101770229952,-9.187294960021973,-0.8765771389007568,-2.4908204078674316
1710533101772386960,-9.244775772094727,-0.7592211961746216,-2.545905828475952
1710533101833303299,-9.202862739562988,-0.8825647234916687,-2.5614733695983887
1710533101867921010,-9.163344383239746,-0.8849596977233887,-2.5111780166625977
1710533101877075877,-9.154962539672852,-0.9017248749732971,-2.623744010925293
1710533101885615981,-9.214838027954102,-0.89813232421875,-2.605781316757202
1710533101908883006,-9.239985466003418,-0.8921447992324829,-2.585423469543457
1710533101946559408,-9.142987251281738,-0.8514294624328613,-2.5375232696533203
1710533101967622544,-9.144184112548828,-0.9148974418640137,-2.524350643157959
1710533102026663483,-9.217232704162598,-0.9089099168777466,-2.652484178543091
1710533102063241587,-9.148974418640137,-0.8610095381736755,-2.5219554901123047
1710533102074630269,-9.174121856689453,-0.7831714153289795,-2.5674610137939453
1710533102095833407,-9.168134689331055,-0.7939489483833313,-2.5578808784484863
1710533102125307444,-9.165740013122559,-0.8693920969963074,-2.5303380489349365
1710533102169475294,-9.169332504272461,-0.8909472823143005,-2.6512866020202637
1710533102215724801,-9.139394760131836,-0.9328601360321045,-2.3495142459869385
1710533102242867597,-9.072334289550781,-0.5748046636581421,-2.792592763900757
1710533102268029225,-9.158555030822754,-0.7089257836341858,-2.7375073432922363
1710533102291243508,-9.269923210144043,-0.9496252536773682,-2.4692652225494385
1710533102299585898,-9.12382698059082,-0.9065148830413818,-2.3722667694091797
1710533102346045158,-9.165740013122559,-0.9256750345230103,-2.6884093284606934
1710533102373128867,-9.196874618530273,-0.8933422565460205,-2.593806266784668
1710533102402706413,-9.2208251953125,-0.8250842094421387,-2.572251081466675
1710533102413256671,-9.219627380371094,-0.8131091594696045,-2.525547981262207
1710533102451072720,-9.194479942321777,-0.6741979718208313,-2.337538957595825
1710533102472233866,-9.188492774963379,-0.8921447992324829,-2.622546434402466
1710533102507862253,-9.187294960021973,-0.8622070550918579,-2.736309766769409
1710533102522453572,-9.213640213012695,-1.057401180267334,-2.6704468727111816
1710533102560424511,-9.229207992553711,-0.8538244366645813,-2.496807813644409
1710533102568665967,-9.192085266113281,-0.7915539741516113,-2.4992029666900635
1710533102596016272,-9.153764724731445,-0.7137157917022705,-2.463277578353882
1710533102621344804,-9.176517486572266,-0.6993457078933716,-2.502795457839966
1710533102644341746,-9.133406639099121,-0.987945556640625,-2.586621046066284
1710533102663246102,-9.162147521972656,-0.9783654808998108,-2.5483007431030273
1710533102681960334,-9.164542198181152,-0.868194580078125,-2.553090810775757
1710533102774725987,-9.012458801269531,-0.8945397734642029,-2.5279431343078613
1710533102793648798,-9.311836242675781,-0.8418493866920471,-2.5590784549713135
1710533102797816818,-9.286687850952148,-0.796343982219696,-2.615361213684082
1710533102840015691,-9.067543983459473,-0.9795629978179932,-2.636916399002075
1710533102875723003,-9.152566909790039,-0.8250842094421387,-2.695594549179077
1710533102906972300,-9.219627380371094,-0.9376501441001892,-2.2225780487060547
1710533102970125951,-9.178912162780762,-0.77838134765625,-2.5985960960388184
1710533102979296312,-9.253157615661621,-0.7795788645744324,-2.5902135372161865
1710533103010037563,-9.087902069091797,-1.0310559272766113,-2.4177722930908203
1710533103048045572,-9.147777557373047,-0.8849596977233887,-2.6093738079071045
1710533103106668374,-9.103468894958496,-0.8274792432785034,-2.5411157608032227
1710533103108935559,-9.147777557373047,-0.8693920969963074,-2.4992029666900635
1710533103123557503,-9.182504653930664,-0.8334667682647705,-2.4297473430633545
1710533103165349472,-9.16094970703125,-0.8849596977233887,-2.5291407108306885
1710533103180295148,-9.164542198181152,-0.8646020293235779,-2.5997936725616455
1710533103192763540,-9.164542198181152,-0.8382568359375,-2.5973987579345703
1710533103219942758,-9.168134689331055,-0.8514294624328613,-2.632126569747925
1710533103265972404,-9.17531967163086,-0.856219470500946,-2.5195605754852295
1710533103289071895,-9.17531967163086,-0.856219470500946,-2.5195605754852295
1710533103303778844,-9.131011962890625,-0.8885522484779358,-2.763852596282959
1710533103324935974,-9.285490989685059,-0.928070068359375,-2.735112190246582
1710533103348057005,-9.122629165649414,-0.7831714153289795,-2.712359666824341
1710533103406744619,-9.098679542541504,-1.092128872871399,-2.336341619491577
1710533103417307504,-9.117839813232422,-0.8346642851829529,-2.4285497665405273
1710533103429931485,-9.107061386108398,-0.7089257836341858,-2.4980053901672363
1710533103432112335,-9.199270248413086,-0.7149133086204529,-2.5973987579345703
1710533103461220379,-9.223219871520996,-0.9592053294181824,-2.686014413833618
1710533103492872252,-9.275910377502441,-0.7747887969017029,-2.8309130668640137
1710533103511955085,-9.238787651062012,-0.7436535358428955,-2.414179801940918
1710533103534956975,-9.238787651062012,-0.7436535358428955,-2.414179801940918
1710533103566418449,-9.108259201049805,-0.9340575933456421,-2.244133234024048
1710533103579277342,-9.158555030822754,-1.0154882669448853,-2.2620959281921387
1710533103596063994,-9.111851692199707,-1.0214757919311523,-2.332749128341675
1710533103611122335,-9.17531967163086,-0.9053173661231995,-2.517165422439575
1710533103617041227,-9.156159400939941,-0.9604028463363647,-2.703977108001709
1710533103648514353,-9.224417686462402,-0.8298742771148682,-2.883603572845459
1710533103667351896,-9.216034889221191,-0.6741979718208313,-2.712359666824341
1710533103692759622,-9.168134689331055,-0.8789721727371216,-2.3387365341186523
1710533103730634996,-9.154962539672852,-0.8598120212554932,-2.324366569519043
1710533103760084465,-9.14657974243164,-0.9256750345230103,-2.6309289932250977
1710533103774675131,-9.217232704162598,-0.9376501441001892,-2.715952157974243
1710533103781000498,-9.237590789794922,-0.9136999249458313,-2.7578649520874023
1710533103835749284,-9.229207992553711,-0.8729846477508545,-2.653681755065918
1710533103859330595,-8.849596977233887,-0.8849596977233887,-2.5471031665802
1710533103867105720,-9.443561553955078,-1.0298583507537842,-2.4381299018859863
1710533103921741859,-9.002878189086914,-0.7232959270477295,-2.392624616622925
1710533103930269429,-9.338181495666504,-0.6873705983161926,-2.2608983516693115
1710533103955255787,-9.292675971984863,-0.8729846477508545,-2.6704468727111816
1710533103978592208,-9.140591621398926,-0.7268884181976318,-2.7470874786376953
1710533104037444358,-9.059161186218262,-0.7723938226699829,-2.466870069503784
1710533104068808236,-9.30345344543457,-0.6861730813980103,-2.226170539855957
1710533104091951644,-9.117839813232422,-0.8849596977233887,-2.406994581222534
1710533104106709300,-9.222023010253906,-0.987945556640625,-2.444117546081543
1710533104165631725,-9.223219871520996,-1.0346484184265137,-2.78181529045105
1710533104186680243,-9.188492774963379,-0.7831714153289795,-2.642904043197632
1710533104203303000,-9.156159400939941,-0.718505859375,-2.5075855255126953
1710533104243216940,-9.193282127380371,-0.8095166087150574,-2.2716760635375977
1710533104253706393,-9.19807243347168,-0.8298742771148682,-2.435734748840332
1710533104276791042,-8.913064956665039,-0.8190966844558716,-2.5710535049438477
1710533104308609569,-9.147777557373047,-0.8442443609237671,-2.646496534347534
1710533104344399989,-9.201664924621582,-0.8873547315597534,-2.6608667373657227
1710533104394984377,-9.01844596862793,-0.6933581829071045,-2.466870069503784
1710533104414703960,-9.29507064819336,-0.9795629978179932,-2.444117546081543
1710533104424879458,-9.309440612792969,-0.8418493866920471,-2.4273521900177
1710533104451967734,-9.311836242675781,-0.7951464653015137,-2.4093897342681885
1710533104466398931,-9.163344383239746,-0.9496252536773682,-2.442919969558716
1710533104481527981,-9.042396545410156,-1.0969189405441284,-2.586621046066284
1710533104525600432,-9.141789436340332,-0.850231945514679,-2.7099645137786865
1710533104563518858,-9.129814147949219,-0.9903405904769897,-2.5471031665802
1710533104586434026,-9.20645523071289,-0.8777746558189392,-2.445314884185791
1710533104601347741,-9.040000915527344,-0.676593005657196,-2.4584875106811523
1710533104609747359,-9.30345344543457,-0.5292993187904358,-2.3626868724823
1710533104630621361,-9.259145736694336,-0.5748046636581421,-2.3016138076782227
1710533104651671073,-9.117839813232422,-1.038240909576416,-2.456092596054077
1710533104661911483,-9.121432304382324,-0.9723779559135437,-2.6500890254974365
1710533104691529583,-9.207653045654297,-0.9723779559135437,-2.69439697265625
1710533104704134943,-9.216034889221191,-1.0394384860992432,-2.676434278488159
1710533104763256052,-9.17531967163086,-0.7496411204338074,-2.396217107772827
1710533104781930220,-9.156159400939941,-0.7771838307380676,-2.3698718547821045
1710533104819848188,-9.196874618530273,-0.8657995462417603,-2.5483007431030273
1710533104826162657,-9.164542198181152,-0.8825647234916687,-2.562670946121216
1710533104862209568,-9.2112455368042,-1.053808569908142,-2.652484178543091
1710533104884987872,-9.176517486572266,-0.8466393947601318,-2.636916399002075
1710533104893356670,-9.176517486572266,-0.8466393947601318,-2.636916399002075
1710533104916513720,-9.178912162780762,-0.7580236792564392,-2.5195605754852295
1710533104929107299,-9.213640213012695,-0.736468493938446,-2.5087828636169434
1710533104937695693,-9.341773986816406,-0.6574328541755676,-2.493215322494507
1710533104952526666,-9.002878189086914,-0.7592211961746216,-2.486030340194702
1710533104981842789,-9.047185897827148,-0.6861730813980103,-2.436932325363159
1710533104998680232,-9.228010177612305,-0.7173083424568176,-2.392624616622925
1710533105013216566,-9.102272033691406,-1.0214757919311523,-2.445314884185791
1710533105042536394,-9.071136474609375,-1.1412267684936523,-2.615361213684082
1710533105046881838,-9.247170448303223,-1.143621802330017,-2.6381139755249023
1710533105057295869,-9.192085266113281,-1.107696533203125,-2.6776318550109863
1710533105071956919,-9.285490989685059,-0.7652087211608887,-2.7279272079467773
1710533105103382360,-9.145381927490234,-0.7951464653015137,-2.6896069049835205
1710533105109844097,-9.2208251953125,-1.0729687213897705,-2.623744010925293
1710533105124721706,-9.28070068359375,-1.0130932331085205,-2.584226131439209
1710533105126818544,-9.154962539672852,-0.8107141256332397,-2.515968084335327
1710533105164659890,-9.319021224975586,-0.3939807116985321,-2.3387365341186523
1710533105185693514,-9.319021224975586,-0.3939807116985321,-2.286046028137207
1710533105204693571,-9.145381927490234,-1.011895775794983,-2.5087828636169434
1710533105246745906,-9.122629165649414,-1.1412267684936523,-2.7087671756744385
1710533105255092978,-9.278306007385254,-0.916094958782196,-2.6884093284606934
1710533105261166181,-9.169332504272461,-0.7652087211608887,-2.6872119903564453
1710533105282161839,-9.127419471740723,-0.688568115234375,-2.605781316757202
1710533105351757055,-9.13819694519043,-0.6837780475616455,-2.3507115840911865
1710533105364428366,-9.168134689331055,-0.8131091594696045,-2.486030340194702
1710533105385074442,-9.174121856689453,-1.107696533203125,-2.692002058029175
1710533105418815528,-9.196874618530273,-1.0909314155578613,-2.744692325592041
1710533105469018572,-9.238787651062012,-0.8178991675376892,-2.5399181842803955
1710533105475276509,-9.2304048538208,-0.7771838307380676,-2.5195605754852295
1710533105477367665,-9.323810577392578,-0.640667736530304,-2.4704625606536865
1710533105507082463,-9.154962539672852,-0.8885522484779358,-2.4321422576904297
1710533105561621156,-9.013655662536621,-0.6047424077987671,-2.403402090072632
1710533105576953645,-9.20645523071289,-0.6741979718208313,-2.3087987899780273
1710533105582544778,-9.073531150817871,-1.0190807580947876,-2.4896228313446045
1710533105593082019,-9.238787651062012,-1.1807446479797363,-2.675236701965332
1710533105616095991,-9.226812362670898,-0.8167016506195068,-2.656076669692993
1710533105628761019,-9.08670425415039,-1.068178653717041,-2.5890161991119385
1710533105658054521,-9.08670425415039,-1.068178653717041,-2.5890161991119385
1710533105693912987,-9.109457015991211,-0.5053490996360779,-2.3686742782592773
1710533105733688705,-9.261540412902832,-0.5197192430496216,-2.233355760574341
1710533105737847033,-9.202862739562988,-0.9077123999595642,-2.404599666595459
1710533105754743139,-9.192085266113281,-0.9616003632545471,-2.5578808784484863
1710533105771783721,-9.13819694519043,-0.9244775176048279,-2.682421922683716
1710533105801048323,-9.184900283813477,-1.0298583507537842,-2.744692325592041
1710533105807394440,-9.184900283813477,-1.0298583507537842,-2.744692325592041
1710533105828408048,-9.139394760131836,-0.8238866925239563,-2.6500890254974365
1710533105832613052,-9.103468894958496,-0.7424560785293579,-2.5578808784484863
1710533105851520586,-9.208849906921387,-0.766406238079071,-2.2920336723327637
1710533105867938842,-9.12382698059082,-0.7460485696792603,-2.3087987899780273
1710533105920592021,-9.154962539672852,-0.7556286454200745,-2.313588857650757
1710533105973066302,-9.223219871520996,-1.053808569908142,-2.7003846168518066
1710533105996243256,-9.212442398071289,-0.9005273580551147,-2.672841787338257
1710533106034001376,-9.005273818969727,-0.6909631490707397,-2.48722767829895
1710533106042434062,-9.378896713256836,-0.9663903713226318,-2.4117846488952637
1710533106056852907,-9.087902069091797,-0.7125183343887329,-2.3794519901275635
1710533106084148930,-9.277108192443848,-0.5987548828125,-2.3099963665008545
1710533106100927203,-9.304651260375977,-0.7400610446929932,-2.287243604660034
1710533106126263742,-9.128617286682129,-0.9771679639816284,-2.7410998344421387
1710533106159956930,-9.089098930358887,-0.8071215748786926,-2.724334716796875
1710533106189249375,-8.926238059997559,-0.9963281154632568,-2.605781316757202
1710533106199822125,-9.148974418640137,-1.0669811964035034,-2.5710535049438477
1710533106214791943,-9.250762939453125,-0.7987390160560608,-2.495610237121582
1710533106237526544,-9.108259201049805,-0.5472619533538818,-2.354304313659668
1710533106270854230,-9.02682876586914,-0.7927514910697937,-2.325563907623291
1710533106281486299,-9.140591621398926,-0.9568102955818176,-2.4117846488952637
1710533106302730240,-9.11544418334961,-1.0250684022903442,-2.5818309783935547
1710533106311629370,-9.107061386108398,-0.940045177936554,-2.674039363861084
1710533106363488084,-9.250762939453125,-0.969982922077179,-2.6776318550109863
1710533106392742611,-9.15137004852295,-0.6981481909751892,-2.556683301925659
1710533106409669465,-9.139394760131836,-0.7209008932113647,-2.332749128341675
1710533106441077417,-9.147777557373047,-0.7723938226699829,-2.304008722305298
1710533106460323249,-9.18370246887207,-0.8071215748786926,-2.5183629989624023
1710533106489522300,-9.2208251953125,-0.8909472823143005,-2.5602757930755615
1710533106506249316,-9.202862739562988,-1.1088939905166626,-2.6800267696380615
1710533106529648964,-9.205257415771484,-0.9077123999595642,-2.6381139755249023
1710533106582077041,-9.084308624267578,-0.676593005657196,-2.526745557785034
1710533106611383872,-9.168134689331055,-0.7268884181976318,-2.3483166694641113
1710533106634300750,-9.272317886352539,-0.6813830733299255,-2.2525157928466797
1710533106663685210,-9.166936874389648,-0.9723779559135437,-2.323168992996216
1710533106693177876,-9.13819694519043,-1.3388159275054932,-2.656076669692993
1710533106716453893,-9.145381927490234,-0.8586145043373108,-2.765049934387207
1710533106731012020,-9.256750106811523,-0.8310717940330505,-2.653681755065918
1710533106743548353,-9.096283912658691,-1.0957214832305908,-2.562670946121216
1710533106768845287,-9.129814147949219,-0.6203100681304932,-2.36747670173645
1710533106813096574,-9.26633071899414,-0.4442761242389679,-2.245330810546875
1710533106863473707,-9.13819694519043,-1.0250684022903442,-2.6584715843200684
1710533106924699134,-9.122629165649414,-0.7747887969017029,-2.536325693130493
1710533106949594605,-9.214838027954102,-0.6646178960800171,-2.2800586223602295
1710533106979226391,-9.169332504272461,-0.6442602276802063,-2.265688419342041
1710533107031742670,-9.242380142211914,-0.8909472823143005,-2.577040910720825
1710533107088720648,-9.236392974853516,-0.8358618021011353,-2.466870069503784
1710533107103049647,-9.286687850952148,-0.7843688726425171,-2.494412899017334
1710533107128160573,-9.036408424377441,-0.6430627703666687,-2.4620800018310547
1710533107157629896,-9.357341766357422,-0.9041198492050171,-2.4201672077178955
1710533107193164420,-9.371711730957031,-0.7855663895606995,-2.274070978164673
1710533107208111731,-9.010063171386719,-1.1304491758346558,-2.483635187149048
1710533107233066485,-9.006470680236816,-1.2753479480743408,-2.5494983196258545
1710533107239687428,-9.374106407165527,-1.098116397857666,-2.6704468727111816
1710533107265089528,-9.302255630493164,-0.8526269793510437,-2.7207422256469727
1710533107289900968,-9.096283912658691,-0.9711804389953613,-2.585423469543457
1710533107298418993,-9.096283912658691,-1.0262658596038818,-2.5506958961486816
1710533107315106079,-9.05556869506836,-0.7101233005523682,-2.384242057800293
1710533107338366764,-9.023236274719238,-0.5496569871902466,-2.355501651763916
1710533107353080766,-9.362131118774414,-0.4550537168979645,-2.173480272293091
1710533107361434380,-9.164542198181152,-0.5628296136856079,-2.254910945892334
1710533107397203275,-9.31782341003418,-1.1100915670394897,-2.4177722930908203
1710533107420844379,-9.287885665893555,-1.0430309772491455,-2.7387049198150635
1710533107435128279,-9.136999130249023,-1.1699670553207397,-2.7506799697875977
1710533107462300828,-9.136999130249023,-1.1699670553207397,-2.7506799697875977
1710533107510659681,-9.255553245544434,-0.7101233005523682,-2.2489233016967773
1710533107542031049,-9.214838027954102,-0.7244933843612671,-2.4177722930908203
1710533107632702110,-9.2208251953125,-0.9436376690864563,-2.5303380489349365
1710533107634726532,-9.2112455368042,-0.8538244366645813,-2.4596850872039795
1710533107645296544,-9.24357795715332,-0.7795788645744324,-2.4417223930358887
1710533107666325943,-8.959768295288086,-0.7544311285018921,-2.464475154876709
1710533107705882262,-9.216034889221191,-0.8909472823143005,-2.4022045135498047
1710533107718635063,-9.134604454040527,-0.5795947313308716,-2.4093897342681885
1710533107735843103,-9.32620620727539,-0.7508386373519897,-2.226170539855957
1710533107779807933,-9.239985466003418,-1.1867321729660034,-2.5985960960388184
1710533107788261088,-9.328600883483887,-1.008303165435791,-2.6680517196655273
1710533107796642253,-9.075926780700684,-0.9136999249458313,-2.7410998344421387
1710533107811484506,-9.216034889221191,-0.9639953374862671,-2.732717275619507
1710533107861899707,-9.180109977722168,-0.89813232421875,-2.5686583518981934
1710533107893349196,-9.321415901184082,-0.5376818776130676,-2.1914429664611816
1710533107905984465,-9.321415901184082,-0.5376818776130676,-2.1914429664611816
1710533107908076392,-9.127419471740723,-0.9125024676322937,-2.3399341106414795
1710533107954229350,-9.152566909790039,-1.027463436126709,-2.5674610137939453
1710533107966853573,-9.087902069091797,-0.9077123999595642,-2.603386163711548
1710533107973160242,-9.188492774963379,-1.153201937675476,-2.7399022579193115
1710533107990098911,-9.224417686462402,-1.131646752357483,-2.6979894638061523
1710533108077775500,-9.194479942321777,-0.7244933843612671,-2.253713369369507
1710533108113893128,-9.174121856689453,-0.8310717940330505,-2.533930778503418
1710533108115513711,-9.162147521972656,-0.8837621808052063,-2.5997936725616455
1710533108139019224,-9.217232704162598,-1.147214412689209,-2.7219398021698
1710533108170513785,-9.18370246887207,-1.1340417861938477,-2.7291247844696045
1710533108199930305,-9.201664924621582,-0.8466393947601318,-2.4620800018310547
1710533108202065873,-9.380093574523926,-0.7101233005523682,-2.4285497665405273
1710533108243526622,-8.968151092529297,-0.7197033762931824,-2.403402090072632
1710533108288080939,-9.255553245544434,-1.0226733684539795,-2.313588857650757
1710533108292269640,-9.139394760131836,-1.2466076612472534,-2.4477100372314453
1710533108313197733,-9.096283912658691,-1.2789404392242432,-2.533930778503418
1710533108342671553,-9.154962539672852,-1.147214412689209,-2.612966299057007
1710533108351015189,-9.119036674499512,-0.8657995462417603,-2.714754581451416
1710533108374126931,-9.219627380371094,-0.9663903713226318,-2.6093738079071045
1710533108395077827,-9.17052936553955,-0.9077123999595642,-2.453697443008423
1710533108441449588,-9.194479942321777,-0.5855822563171387,-2.2752685546875
1710533108464865798,-9.157357215881348,-0.9316626191139221,-2.396217107772827
1710533108482002569,-9.256750106811523,-1.0286608934402466,-2.48722767829895
1710533108489899776,-9.169332504272461,-0.9424402117729187,-2.612966299057007
1710533108559161127,-9.190887451171875,-0.9041198492050171,-2.5674610137939453
1710533108595016712,-9.126221656799316,-0.7268884181976318,-2.3183789253234863
1710533108607670702,-9.242380142211914,-0.6933581829071045,-2.257305860519409
1710533108620827956,-9.116641998291016,-0.7316784858703613,-2.3279590606689453
1710533108643137468,-9.150172233581543,-0.808319091796875,-2.385439395904541
1710533108663973660,-9.245972633361816,-0.8478369116783142,-2.483635187149048
1710533108693619852,-9.181307792663574,-1.0777587890625,-2.6788294315338135
1710533108733568343,-9.225615501403809,-0.9675878882408142,-2.5483007431030273
1710533108741883321,-9.2304048538208,-0.9196875095367432,-2.533930778503418
1710533108769255254,-8.956175804138184,-1.0202783346176147,-2.446512460708618
1710533108798845415,-9.368119239807129,-0.5221142768859863,-2.304008722305298
1710533108824012975,-9.496252059936523,-0.6969506740570068,-2.2201831340789795
1710533108861553900,-8.951385498046875,-1.1843371391296387,-2.4908204078674316
1710533108890854777,-9.286687850952148,-0.8717871308326721,-2.6812243461608887
1710533108914349544,-9.369316101074219,-0.9304651021957397,-2.634521484375
1710533108952153790,-9.121432304382324,-0.8598120212554932,-2.3914270401000977
1710533108977262628,-9.216034889221191,-0.8095166087150574,-2.2884411811828613
1710533109010869476,-9.05077838897705,-0.6490502953529358,-2.354304313659668
1710533109031645971,-9.289083480834961,-1.0789562463760376,-2.4489073753356934
1710533109048286892,-9.253157615661621,-0.8598120212554932,-2.7183470726013184
1710533109084205359,-9.253157615661621,-0.8598120212554932,-2.7183470726013184
1710533109130463465,-9.256750106811523,-0.999920666217804,-2.5902135372161865
1710533109138976462,-9.132209777832031,-0.7424560785293579,-2.4501049518585205
1710533109153596822,-9.231602668762207,-0.7017407417297363,-2.2285656929016113
1710533109170235637,-9.111851692199707,-0.8358618021011353,-2.2812561988830566
1710533109189402829,-9.194479942321777,-0.7640112042427063,-2.5015978813171387
1710533109206010962,-9.184900283813477,-0.766406238079071,-2.5387206077575684
1710533109220741739,-9.232800483703613,-0.9029223918914795,-2.5818309783935547
1710533109243806600,-9.187294960021973,-1.0514135360717773,-2.6500890254974365
1710533109288341288,-9.26633071899414,-0.9352551102638245,-2.486030340194702
1710533109292457535,-9.253157615661621,-0.8538244366645813,-2.4584875106811523
1710533109326014308,-8.964557647705078,-0.676593005657196,-2.1782703399658203
1710533109395284988,-9.036408424377441,-1.0502160787582397,-2.4393274784088135
1710533109422979123,-9.272317886352539,-0.9316626191139221,-2.635719060897827
1710533109443822975,-9.12382698059082,-0.820294201374054,-2.6991870403289795
1710533109461072775,-9.12382698059082,-0.820294201374054,-2.6991870403289795
1710533109466651757,-9.309440612792969,-0.8023315668106079,-2.6213488578796387
1710533109477282476,-9.074728965759277,-1.0490185022354126,-2.525547981262207
1710533109492544297,-9.320218086242676,-0.89813232421875,-2.4321422576904297
1710533109529959101,-9.334589004516602,-0.5819897651672363,-2.1722826957702637
1710533109550947317,-8.998088836669922,-0.7017407417297363,-2.3399341106414795
1710533109582248412,-9.102272033691406,-1.1496093273162842,-2.6309289932250977
1710533109588522693,-9.080716133117676,-1.1100915670394897,-2.6596691608428955
1710533109598965183,-9.265132904052734,-0.9927356243133545,-2.6668541431427
1710533109626392556,-9.140591621398926,-0.8095166087150574,-2.6381139755249023
1710533109641004803,-9.164542198181152,-0.886157214641571,-2.644101619720459
1710533109655578846,-9.229207992553711,-0.975970447063446,-2.543510675430298
1710533109663858307,-9.154962539672852,-0.9148974418640137,-2.4620800018310547
1710533109686912118,-9.204059600830078,-0.5927673578262329,-2.1914429664611816
1710533109712549551,-9.165740013122559,-0.6047424077987671,-2.2309606075286865
1710533109727212600,-9.213640213012695,-0.9592053294181824,-2.3578968048095703
1710533109775528581,-9.139394760131836,-0.8071215748786926,-2.5207581520080566
1710533109783894345,-9.199270248413086,-0.9328601360321045,-2.585423469543457
1710533109798544670,-9.204059600830078,-1.0801538228988647,-2.6788294315338135
1710533109821472413,-9.186097145080566,-0.9172924757003784,-2.672841787338257
1710533109844827543,-9.119036674499512,-0.5987548828125,-2.4884252548217773
1710533109880158338,-9.319021224975586,-1.071771264076233,-2.3519091606140137
1710533109888589325,-9.319021224975586,-1.071771264076233,-2.3519091606140137
1710533109916167312,-9.320218086242676,-0.748443603515625,-2.227368116378784
1710533109964311518,-9.014853477478027,-1.131646752357483,-2.515968084335327
1710533109977233294,-9.247170448303223,-1.1400293111801147,-2.533930778503418
1710533109991617570,-9.164542198181152,-0.7915539741516113,-2.702779531478882
1710533110002070323,-9.325008392333984,-0.8370593190193176,-2.5686583518981934
1710533110043870751,-9.069938659667969,-0.8119116425514221,-2.3722667694091797
1710533110069124796,-9.025630950927734,-0.790356457233429,-2.3099963665008545
1710533110075388376,-9.29507064819336,-0.6262975931167603,-2.205812931060791
1710533110090156218,-9.066346168518066,-0.6227051019668579,-2.3016138076782227
1710533110105034980,-9.307045936584473,-1.011895775794983,-2.476450204849243
1710533110134637512,-9.307045936584473,-1.011895775794983,-2.476450204849243
1710533110151471883,-9.108259201049805,-1.1304491758346558,-2.615361213684082
1710533110219020447,-9.193282127380371,-0.730480968952179,-2.293231248855591
1710533110233334750,-9.158555030822754,-0.6502478122711182,-2.2489233016967773
1710533110262903760,-9.120234489440918,-0.760418713092804,-2.3123912811279297
1710533110285930368,-9.193282127380371,-0.8669970631599426,-2.5075855255126953
1710533110300725437,-9.158555030822754,-0.8298742771148682,-2.5686583518981934
1710533110336171167,-9.184900283813477,-1.1053014993667603,-2.612966299057007
1710533110382246301,-9.321415901184082,-0.640667736530304,-2.4177722930908203
1710533110405327081,-9.189689636230469,-0.6370751857757568,-2.4405248165130615
1710533110434484932,-9.180109977722168,-0.9831554889678955,-2.314786434173584
1710533110436604769,-9.562115669250488,-0.8286767601966858,-2.3626868724823
1710533110489026479,-9.396859169006348,-0.9196875095367432,-2.245330810546875
1710533110503802497,-9.366921424865723,-1.0394384860992432,-2.324366569519043
1710533110510098034,-9.289083480834961,-1.0166858434677124,-2.5506958961486816
1710533110526967392,-9.348958969116211,-0.9352551102638245,-2.663261651992798
1710533110533124406,-9.03161907196045,-0.8131091594696045,-2.7111620903015137
1710533110556446344,-9.126221656799316,-0.9292675852775574,-2.5015978813171387
1710533110573110049,-9.283095359802246,-0.9220825433731079,-2.4117846488952637
1710533110609029114,-9.059161186218262,-0.8298742771148682,-2.287243604660034
1710533110644768839,-9.251960754394531,-0.9196875095367432,-2.406994581222534
1710533110657695643,-9.096283912658691,-1.1555969715118408,-2.595003604888916
1710533110690991534,-9.096283912658691,-1.1555969715118408,-2.595003604888916
1710533110705900876,-9.311836242675781,-0.9484277367591858,-2.6009912490844727
1710533110728873380,-9.145381927490234,-0.8119116425514221,-2.5698559284210205
1710533110756325567,-9.311836242675781,-0.9017248749732971,-2.4788451194763184
1710533110781427540,-9.196874618530273,-0.7328760027885437,-2.224973201751709
1710533110804678727,-9.262738227844238,-0.8837621808052063,-2.365081787109375
1710533110825874221,-9.25794792175293,-0.9125024676322937,-2.7075695991516113
1710533110886611542,-9.202862739562988,-1.071771264076233,-2.6213488578796387
1710533110892878963,-9.2208251953125,-1.0861413478851318,-2.5818309783935547
1710533110901304926,-9.2112455368042,-1.011895775794983,-2.6009912490844727
1710533110910207867,-9.251960754394531,-0.7891589403152466,-2.3986120223999023
1710533110968681976,-9.158555030822754,-0.7771838307380676,-2.365081787109375
1710533111014934097,-9.388476371765137,-1.003513216972351,-2.337538957595825
1710533111080635646,-9.365723609924316,-0.9029223918914795,-2.596201181411743
1710533111105090713,-9.202862739562988,-0.9747729301452637,-2.475252628326416
1710533111126363929,-9.319021224975586,-0.7508386373519897,-2.377056837081909
1710533111141210280,-8.989706039428711,-0.7556286454200745,-2.2992186546325684
1710533111166439980,-9.213640213012695,-0.7412585616111755,-2.2704784870147705
1710533111185123377,-9.2304048538208,-0.6777905225753784,-2.223775625228882
1710533111187298462,-9.001681327819824,-0.7161108255386353,-2.266885995864868
1710533111216776935,-9.265132904052734,-0.9184899926185608,-2.3818469047546387
1710533111252319914,-9.251960754394531,-0.999920666217804,-2.6285338401794434
1710533111281595558,-9.298663139343262,-0.9328601360321045,-2.562670946121216
1710533111313382828,-9.107061386108398,-0.8358618021011353,-2.416574716567993
1710533111336346550,-9.190887451171875,-0.5903723239898682,-2.21539306640625
1710533111345593435,-9.236392974853516,-0.9304651021957397,-2.3111939430236816
1710533111403388643,-9.20645523071289,-1.1448193788528442,-2.603386163711548
1710533111441114115,-9.267528533935547,-1.0969189405441284,-2.636916399002075
1710533111489335817,-9.077123641967773,-0.940045177936554,-2.3794519901275635
1710533111500058641,-9.433981895446777,-0.969982922077179,-2.354304313659668
1710533111537781176,-9.125024795532227,-0.5712121725082397,-2.3411316871643066
1710533111569314074,-9.242380142211914,-1.263372778892517,-2.236948251724243
1710533111584050671,-9.261540412902832,-0.999920666217804,-2.5219554901123047
1710533111594701698,-9.239985466003418,-0.7879614233970642,-2.5471031665802
1710533111642970791,-9.158555030822754,-0.8490344285964966,-2.6093738079071045
1710533111649305369,-9.344168663024902,-0.9616003632545471,-2.635719060897827
1710533111657655695,-9.157357215881348,-0.8885522484779358,-2.545905828475952
1710533111674522009,-9.273515701293945,-0.8250842094421387,-2.405797004699707
1710533111689267790,-9.140591621398926,-0.7771838307380676,-2.3219714164733887
1710533111712338308,-9.287885665893555,-0.6538403034210205,-2.2417383193969727
1710533111727140420,-9.188492774963379,-0.9065148830413818,-2.3602917194366455
1710533111760578560,-9.217232704162598,-0.9412426948547363,-2.4908204078674316
1710533111823780512,-9.255553245544434,-0.8238866925239563,-2.5207581520080566
1710533111838308923,-9.157357215881348,-0.999920666217804,-2.415377140045166
1710533111861281886,-9.244775772094727,-0.8490344285964966,-2.235750675201416
1710533111869620183,-9.244775772094727,-0.8490344285964966,-2.204615592956543
1710533111884315121,-9.14657974243164,-0.628692626953125,-2.245330810546875
1710533111901142665,-9.229207992553711,-0.999920666217804,-2.415377140045166
1710533111941321180,-9.239985466003418,-0.6981481909751892,-2.48722767829895
1710533111945517078,-9.135802268981934,-0.7819738984107971,-2.572251081466675
1710533111958181978,-9.2112455368042,-1.0154882669448853,-2.604583740234375
1710533111972986575,-9.181307792663574,-1.0765613317489624,-2.6081762313842773
1710533111991796764,-9.248368263244629,-0.880169689655304,-2.4513025283813477
1710533112017150055,-9.340576171875,-0.6789880394935608,-2.363884210586548
1710533112033901530,-9.119036674499512,-0.6777905225753784,-2.435734748840332
1710533112062872402,-9.431587219238281,-1.1041040420532227,-2.3411316871643066
1710533112077784049,-9.262738227844238,-0.9220825433731079,-2.3076012134552
1710533112103096135,-9.277108192443848,-0.5065466165542603,-2.305206298828125
1710533112130463409,-9.365723609924316,-1.0142908096313477,-2.5291407108306885
1710533112176609600,-9.182504653930664,-0.9340575933456421,-2.6021888256073
1710533112197663964,-9.11544418334961,-0.9639953374862671,-2.526745557785034
1710533112201819559,-9.393266677856445,-0.8226892352104187,-2.4093897342681885
1710533112225284270,-9.122629165649414,-0.8334667682647705,-2.2752685546875
1710533112294351293,-9.310638427734375,-0.8586145043373108,-2.374661922454834
1710533112334324128,-9.172924995422363,-0.9125024676322937,-2.616558790206909
1710533112355282882,-9.228010177612305,-0.928070068359375,-2.6405091285705566
1710533112376303844,-9.225615501403809,-0.9508227705955505,-2.584226131439209
1710533112412178114,-9.236392974853516,-0.6418652534484863,-2.195035457611084
1710533112414298406,-9.174121856689453,-0.6538403034210205,-2.203418016433716
1710533112431008633,-9.184900283813477,-0.8717871308326721,-2.256108283996582
1710533112443335110,-9.207653045654297,-0.9508227705955505,-2.287243604660034
1710533112453925729,-9.207653045654297,-0.9340575933456421,-2.3207738399505615
1710533112502242531,-9.239985466003418,-1.1268566846847534,-2.5818309783935547
1710533112544307526,-9.236392974853516,-0.820294201374054,-2.423759698867798
1710533112559154757,-9.307045936584473,-0.6741979718208313,-2.3387365341186523
1710533112588394506,-9.067543983459473,-0.8957372903823853,-2.373464345932007
1710533112619840962,-9.17052936553955,-0.5544469952583313,-2.2896387577056885
1710533112655358298,-9.182504653930664,-1.0394384860992432,-2.3087987899780273
1710533112670047735,-9.133406639099121,-1.1651769876480103,-2.446512460708618
1710533112678789183,-9.242380142211914,-1.1041040420532227,-2.5111780166625977
1710533112699638220,-9.283095359802246,-0.9663903713226318,-2.4788451194763184
1710533112708066378,-9.163344383239746,-0.9436376690864563,-2.544708251953125
1710533112716490413,-9.31782341003418,-0.9184899926185608,-2.586621046066284
1710533112733151575,-9.200467109680176,-0.9627978801727295,-2.5004003047943115
1710533112760727789,-9.200467109680176,-0.9627978801727295,-2.5004003047943115
1710533112813126326,-8.910670280456543,-0.6658154129981995,-2.204615592956543
1710533112850921793,-9.147777557373047,-1.1029064655303955,-2.5111780166625977
1710533112878257070,-9.241183280944824,-1.1088939905166626,-2.5578808784484863
1710533112909847539,-9.162147521972656,-0.9639953374862671,-2.5004003047943115
1710533112947878572,-9.190887451171875,-0.6682104468345642,-2.217787981033325
1710533112962426120,-9.17531967163086,-0.7388635277748108,-2.224973201751709
1710533112979130722,-9.196874618530273,-0.850231945514679,-2.2800586223602295
1710533112985475680,-9.196874618530273,-0.850231945514679,-2.2800586223602295
1710533112998054481,-9.201664924621582,-0.9316626191139221,-2.3087987899780273
1710533113009310834,-9.218430519104004,-0.77838134765625,-2.452500104904175
1710533113023212977,-9.18370246887207,-0.8190966844558716,-2.4884252548217773
1710533113052657657,-9.213640213012695,-0.9268725514411926,-2.5291407108306885
1710533113061295559,-9.225615501403809,-1.1184741258621216,-2.646496534347534
1710533113090757857,-9.189689636230469,-0.9975256323814392,-2.5914111137390137
1710533113136678685,-9.054370880126953,-0.7628137469291687,-2.3914270401000977
1710533113166075986,-9.099876403808594,-0.6813830733299255,-2.287243604660034
1710533113210359950,-9.129814147949219,-1.167572021484375,-2.426154851913452
1710533113275207051,-9.253157615661621,-0.9424402117729187,-2.583028554916382
1710533113283532959,-9.186097145080566,-0.9376501441001892,-2.57464599609375
1710533113306515358,-9.293872833251953,-0.8454418778419495,-2.4489073753356934
1710533113350869930,-9.159751892089844,-0.796343982219696,-2.2010228633880615
1710533113451665095,-9.196874618530273,-0.8849596977233887,-2.652484178543091
1710533113468201891,-9.237590789794922,-0.9005273580551147,-2.4393274784088135
1710533113480892876,-9.238787651062012,-0.7544311285018921,-2.345921516418457
1710533113500103536,-9.184900283813477,-0.6322851777076721,-2.2094054222106934
1710533113527312674,-9.165740013122559,-0.8993298411369324,-2.2189855575561523
1710533113537801807,-9.208849906921387,-0.9436376690864563,-2.2800586223602295
1710533113539996982,-9.236392974853516,-0.9256750345230103,-2.3387365341186523
1710533113575683660,-9.182504653930664,-0.8095166087150574,-2.4321422576904297
1710533113615573399,-9.251960754394531,-1.1256592273712158,-2.612966299057007
1710533113638733615,-9.226812362670898,-0.7879614233970642,-2.36747670173645
1710533113673985630,-9.31782341003418,-0.6179150342941284,-2.296823740005493
1710533113691008370,-9.360934257507324,-0.9364526271820068,-2.30281138420105
1710533113728831592,-9.057964324951172,-0.610729992389679,-2.2680835723876953
1710533113770766097,-9.168134689331055,-1.221459984779358,-2.463277578353882
1710533113775275030,-9.125024795532227,-1.0609936714172363,-2.5315356254577637
1710533113787555688,-9.23519515991211,-0.9532177448272705,-2.5506958961486816
1710533113817098655,-9.242380142211914,-1.0011181831359863,-2.5375232696533203
1710533113833750351,-9.142987251281738,-1.0729687213897705,-2.496807813644409
1710533113871567017,-9.053174018859863,-0.688568115234375,-2.336341619491577
1710533113890604418,-9.259145736694336,-0.6921606659889221,-2.145937442779541
1710533113903105668,-9.139394760131836,-0.6957531571388245,-2.2405407428741455
1710533113938756528,-9.255553245544434,-0.8430469036102295,-2.365081787109375
1710533113968090125,-9.223219871520996,-1.0430309772491455,-2.5602757930755615
1710533113997553223,-9.17052936553955,-0.9436376690864563,-2.6273365020751953
1710533114027749515,-9.245972633361816,-0.856219470500946,-2.304008722305298
1710533114043816846,-9.267528533935547,-0.7340734601020813,-2.2620959281921387
1710533114052351664,-9.153764724731445,-0.7077282667160034,-2.185455322265625
1710533114073100348,-9.153764724731445,-0.7855663895606995,-2.226170539855957
1710533114102571322,-9.229207992553711,-0.9184899926185608,-2.30281138420105
1710533114104773929,-9.182504653930664,-0.9077123999595642,-2.3291563987731934
1710533114125505488,-9.219627380371094,-0.7556286454200745,-2.3998095989227295
1710533114157368963,-9.193282127380371,-1.041833519935608,-2.616558790206909
1710533114207720446,-9.25794792175293,-0.7999365329742432,-2.377056837081909
1710533114222482265,-9.037606239318848,-0.850231945514679,-2.3878345489501953
1710533114260343537,-9.171727180480957,-0.8837621808052063,-2.3004162311553955
1710533114291898655,-9.133406639099121,-0.9448351860046387,-2.3123912811279297
1710533114304656388,-9.201664924621582,-1.1627819538116455,-2.452500104904175
1710533114327850391,-9.181307792663574,-0.8669970631599426,-2.513572931289673
1710533114342367090,-9.224417686462402,-0.7843688726425171,-2.526745557785034
1710533114403455298,-9.241183280944824,-1.0154882669448853,-2.4417223930358887
1710533114418220715,-9.272317886352539,-0.9041198492050171,-2.3519091606140137
1710533114470452988,-9.204059600830078,-0.7508386373519897,-2.217787981033325
1710533114485390929,-9.204059600830078,-0.8693920969963074,-2.386636972427368
1710533114500163778,-9.2304048538208,-1.1088939905166626,-2.505190372467041
1710533114508632996,-9.236392974853516,-1.0442285537719727,-2.5303380489349365
1710533114535925328,-9.225615501403809,-0.8897497653961182,-2.5494983196258545
1710533114584466352,-9.2208251953125,-0.9939330816268921,-2.4896228313446045
1710533114611455965,-9.189689636230469,-0.7568261623382568,-2.235750675201416
1710533114622119341,-9.208849906921387,-1.2154724597930908,-2.3076012134552
1710533114640905772,-9.224417686462402,-0.9651928544044495,-2.3076012134552
1710533114660209527,-9.208849906921387,-1.0262658596038818,-2.4992029666900635
1710533114710390732,-9.207653045654297,-0.9843530058860779,-2.563868522644043
1710533114733563137,-9.214838027954102,-0.8238866925239563,-2.4680676460266113
1710533114760872827,-9.077123641967773,-0.7376660108566284,-2.5075855255126953
1710533114800868576,-9.092691421508789,-0.8238866925239563,-2.1710851192474365
1710533114815835739,-9.127419471740723,-0.8035290241241455,-2.1387524604797363
1710533114832512898,-9.345366477966309,-0.8406518697738647,-2.126777410507202
1710533114859841280,-9.314230918884277,-1.1340417861938477,-2.4980053901672363
1710533114920697939,-9.274713516235352,-0.9041198492050171,-2.6117687225341797
1710533114935629141,-9.180109977722168,-1.0526111125946045,-2.5087828636169434
1710533114937723792,-9.212442398071289,-1.027463436126709,-2.505190372467041
1710533114973651704,-9.265132904052734,-0.8586145043373108,-2.155517578125
1710533114996424460,-9.17531967163086,-0.7328760027885437,-2.1207897663116455
1710533115025851078,-9.204059600830078,-1.13763427734375,-2.495610237121582
1710533115038480712,-9.233997344970703,-1.1591894626617432,-2.463277578353882
1710533115044965212,-9.233997344970703,-1.1591894626617432,-2.463277578353882
1710533115064757766,-9.232800483703613,-0.8035290241241455,-2.5483007431030273
1710533115072316793,-9.111851692199707,-0.856219470500946,-2.5614733695983887
1710533115095930458,-9.347761154174805,-0.9556127786636353,-2.515968084335327
1710533115108126845,-9.145381927490234,-0.8634045124053955,-2.4596850872039795
1710533115124995808,-9.195677757263184,-0.7652087211608887,-2.325563907623291
1710533115164796257,-9.171727180480957,-0.8143066167831421,-2.2106029987335205
1710533115190468000,-9.166936874389648,-0.9232800006866455,-2.416574716567993
1710533115206844381,-9.177715301513672,-0.9412426948547363,-2.412982225418091
1710533115219267662,-9.242380142211914,-0.9616003632545471,-2.502795457839966
1710533115227680990,-9.205257415771484,-0.9987231492996216,-2.476450204849243
1710533115242317963,-9.248368263244629,-1.011895775794983,-2.5483007431030273
1710533115280013141,-9.268725395202637,-0.8394543528556824,-2.433339834213257
1710533115294609149,-9.29507064819336,-0.6454577445983887,-2.3626868724823
1710533115318050754,-9.119036674499512,-0.7448510527610779,-2.445314884185791
1710533115341189129,-9.245972633361816,-1.0310559272766113,-2.386636972427368
1710533115345311070,-9.250762939453125,-0.9448351860046387,-2.2980213165283203
1710533115393913160,-9.093889236450195,-1.1987072229385376,-2.396217107772827
1710533115408665441,-9.302255630493164,-1.2190649509429932,-2.456092596054077
1710533115431698984,-9.272317886352539,-1.0657837390899658,-2.466870069503784
1710533115458727470,-9.26633071899414,-0.7328760027885437,-2.436932325363159
1710533115462799965,-8.959768295288086,-0.7819738984107971,-2.446512460708618
1710533115486206931,-9.095087051391602,-0.7927514910697937,-2.257305860519409
1710533115505073769,-9.244775772094727,-0.8717871308326721,-2.18306040763855
1710533115521673614,-9.316625595092773,-0.8358618021011353,-2.1686902046203613
1710533115603616074,-9.274713516235352,-0.9867480397224426,-2.5602757930755615
1710533115618382154,-9.233997344970703,-0.8705896139144897,-2.5411157608032227
1710533115647661978,-9.283095359802246,-0.8586145043373108,-2.466870069503784
1710533115709073240,-9.242380142211914,-0.9232800006866455,-2.2082080841064453
1710533115738193997,-9.174121856689453,-1.0059082508087158,-2.3507115840911865
1710533115782343913,-9.233997344970703,-1.1196715831756592,-2.5471031665802
1710533115794986266,-9.260342597961426,-1.0550061464309692,-2.5590784549713135
1710533115818412222,-9.217232704162598,-0.8873547315597534,-2.4920177459716797
1710533115828787304,-9.261540412902832,-0.736468493938446,-2.333946466445923
1710533115872440103,-9.323810577392578,-0.6239025592803955,-2.365081787109375
1710533115874546303,-9.053174018859863,-0.796343982219696,-2.355501651763916
1710533115893382850,-9.29507064819336,-1.0813512802124023,-2.336341619491577
1710533115916913880,-8.914262771606445,-0.6490502953529358,-2.184257745742798
1710533115933767938,-9.308243751525879,-1.183139681816101,-2.236948251724243
1710533115946214051,-9.047185897827148,-1.2561877965927124,-2.3578968048095703
1710533115963034328,-9.27112102508545,-1.0993139743804932,-2.4321422576904297
1710533115986149141,-9.174121856689453,-0.8298742771148682,-2.544708251953125
1710533116030146323,-9.169332504272461,-0.8837621808052063,-2.5483007431030273
1710533116060362153,-9.152566909790039,-0.8107141256332397,-2.343526601791382
1710533116084744208,-9.114246368408203,-0.8574169874191284,-2.244133234024048
1710533116110259509,-9.114246368408203,-0.8574169874191284,-2.244133234024048
1710533116127068000,-9.20645523071289,-1.1963123083114624,-2.4596850872039795
1710533116135355728,-9.247170448303223,-1.117276668548584,-2.4501049518585205
1710533116173386383,-9.204059600830078,-0.7220984101295471,-2.5291407108306885
1710533116190115695,-9.268725395202637,-0.8250842094421387,-2.457289934158325
1710533116225741758,-9.250762939453125,-0.6909631490707397,-2.212998151779175
1710533116248846233,-9.163344383239746,-0.8753796219825745,-2.204615592956543
1710533116257322882,-9.163344383239746,-0.8753796219825745,-2.204615592956543
1710533116278198588,-9.195677757263184,-1.1651769876480103,-2.294428825378418
1710533116301471679,-9.213640213012695,-1.0741662979125977,-2.3722667694091797
1710533116330898067,-9.292675971984863,-1.0286608934402466,-2.5794360637664795
1710533116362533254,-9.247170448303223,-0.6945556402206421,-2.3782544136047363
1710533116435790068,-9.382489204406738,-1.181942105293274,-2.265688419342041
1710533116450499398,-9.29507064819336,-0.7819738984107971,-2.2405407428741455
1710533116511593864,-9.334589004516602,-0.9675878882408142,-2.523153066635132
1710533116532568922,-9.098679542541504,-0.8921447992324829,-2.5614733695983887
1710533116555667249,-9.310638427734375,-0.8143066167831421,-2.506387948989868
1710533116585181025,-9.05077838897705,-0.8550219535827637,-2.333946466445923
1710533116593478795,-9.291478157043457,-0.9113049507141113,-2.266885995864868
1710533116629288123,-9.201664924621582,-0.766406238079071,-2.145937442779541
1710533116673325161,-9.107061386108398,-1.0466235876083374,-2.414179801940918
1710533116751126184,-9.202862739562988,-0.9316626191139221,-2.4081921577453613
1710533116776342607,-9.296268463134766,-0.6993457078933716,-2.195035457611084
1710533116797330264,-9.17531967163086,-0.7280859351158142,-2.1495299339294434
1710533116803626749,-9.232800483703613,-1.1041040420532227,-2.1806652545928955
1710533116833026598,-9.18370246887207,-1.1663745641708374,-2.234553337097168
1710533116885259225,-9.262738227844238,-1.1005114316940308,-2.5710535049438477
1710533116944433398,-9.275910377502441,-0.730480968952179,-2.4381299018859863
1710533117013762141,-9.267528533935547,-1.0370434522628784,-2.167492628097534
1710533117049428828,-9.503437042236328,-1.2741503715515137,-2.115999698638916
1710533117072466897,-9.341773986816406,-1.011895775794983,-2.6476941108703613
1710533117104270250,-9.277108192443848,-0.7173083424568176,-2.5674610137939453
1710533117118981382,-9.334589004516602,-0.65863037109375,-2.486030340194702
1710533117148549619,-9.168134689331055,-0.9017248749732971,-2.3818469047546387
1710533117156869156,-9.233997344970703,-0.9891430735588074,-2.246528387069702
1710533117186296534,-9.184900283813477,-0.7927514910697937,-2.1806652545928955
1710533117201144471,-9.231602668762207,-1.041833519935608,-2.3016138076782227
1710533117222231510,-9.263935089111328,-1.098116397857666,-2.374661922454834
1710533117241053188,-9.284293174743652,-1.0897338390350342,-2.5578808784484863
1710533117247259214,-9.3309965133667,-0.9663903713226318,-2.554288387298584
1710533117262124910,-9.23519515991211,-0.700543224811554,-2.5315356254577637
1710533117283054144,-9.180109977722168,-0.7220984101295471,-2.5195605754852295
1710533117299800832,-9.24357795715332,-0.8657995462417603,-2.306403875350952
1710533117306119489,-9.205257415771484,-0.766406238079071,-2.216590642929077
1710533117364878026,-9.239985466003418,-1.1747571229934692,-2.3279590606689453
1710533117382044979,-9.163344383239746,-0.9376501441001892,-2.4177722930908203
1710533117404859071,-9.262738227844238,-0.9951305985450745,-2.4980053901672363
1710533117426029953,-9.254355430603027,-1.0310559272766113,-2.57464599609375
1710533117446851456,-9.212442398071289,-0.9807605147361755,-2.60697865486145
1710533117463643785,-9.265132904052734,-0.8586145043373108,-2.4812402725219727
1710533117501349966,-9.259145736694336,-0.6262975931167603,-2.39501953125
1710533117516007284,-9.302255630493164,-0.8837621808052063,-2.207010507583618
1710533117524787363,-9.560917854309082,-0.9508227705955505,-2.0429515838623047
1710533117539285653,-9.285490989685059,-0.8119116425514221,-2.133962392807007
1710533117583572478,-9.006470680236816,-1.1747571229934692,-2.313588857650757
1710533117598431652,-8.96695327758789,-1.1424243450164795,-2.377056837081909
1710533117621570705,-9.352551460266113,-1.0957214832305908,-2.4620800018310547
1710533117629912724,-9.042396545410156,-0.8214917182922363,-2.6596691608428955
1710533117724560154,-9.32620620727539,-0.7388635277748108,-2.0704944133758545
1710533117741155968,-9.32620620727539,-0.7388635277748108,-2.0704944133758545
1710533117776778838,-9.174121856689453,-1.2897180318832397,-2.553090810775757
1710533117820889088,-9.218430519104004,-0.7316784858703613,-2.5387206077575684
1710533117889944908,-9.2208251953125,-0.9783654808998108,-2.1710851192474365
1710533117900321126,-9.236392974853516,-1.0801538228988647,-2.272873640060425
1710533117919314668,-9.166936874389648,-1.0454260110855103,-2.3387365341186523
1710533117950857312,-9.250762939453125,-1.0011181831359863,-2.4309449195861816
1710533118123308810,-9.133406639099121,-1.0789562463760376,-2.2393431663513184
1710533118152782184,-9.313033103942871,-1.0202783346176147,-2.6273365020751953
1710533118184226783,-9.374106407165527,-0.7699987888336182,-2.566263437271118
1710533118207440089,-9.134604454040527,-0.8969348073005676,-2.436932325363159
1710533118249174925,-9.11544418334961,-0.9496252536773682,-2.2297632694244385
1710533118255606429,-9.090296745300293,-0.9771679639816284,-2.156715154647827
1710533118265750840,-9.253157615661621,-0.6921606659889221,-2.0525317192077637
1710533118291381415,-9.281898498535156,-1.038240909576416,-2.3111939430236816
1710533118293459675,-9.281898498535156,-1.038240909576416,-2.3111939430236816
1710533118316776661,-9.178912162780762,-1.177152156829834,-2.495610237121582
1710533118348061056,-9.2208251953125,-1.0705736875534058,-2.5291407108306885
1710533118362965453,-9.208849906921387,-0.7987390160560608,-2.5518932342529297
1710533118377806163,-9.328600883483887,-0.9184899926185608,-2.4584875106811523
1710533118394614823,-9.223219871520996,-0.9316626191139221,-2.377056837081909
1710533118398731713,-9.263935089111328,-0.7987390160560608,-2.2022204399108887
1710533118445214628,-9.128617286682129,-0.7879614233970642,-2.1112096309661865
1710533118453549356,-9.174121856689453,-0.9508227705955505,-2.114802360534668
1710533118481077320,-9.174121856689453,-1.038240909576416,-2.337538957595825
1710533118527381298,-9.292675971984863,-0.9292675852775574,-2.573448419570923
1710533118550390077,-9.204059600830078,-0.8167016506195068,-2.444117546081543
1710533118567315411,-9.398056983947754,-0.7137157917022705,-2.3087987899780273
1710533118619793069,-9.238787651062012,-1.0645861625671387,-2.1914429664611816
1710533118705955466,-9.37769889831543,-1.0705736875534058,-2.4788451194763184
1710533118724939493,-9.190887451171875,-0.730480968952179,-2.5782384872436523
1710533118767087820,-9.291478157043457,-0.886157214641571,-2.3207738399505615
1710533118788047200,-9.382489204406738,-0.8250842094421387,-2.1627025604248047
1710533118813582686,-9.241183280944824,-0.7424560785293579,-2.0393590927124023
1710533118841059274,-9.135802268981934,-0.9616003632545471,-2.265688419342041
1710533118872348527,-9.169332504272461,-1.0729687213897705,-2.553090810775757
1710533118889309576,-9.319021224975586,-0.8442443609237671,-2.545905828475952
1710533118901985128,-9.153764724731445,-0.8214917182922363,-2.556683301925659
1710533118910199438,-9.204059600830078,-0.7915539741516113,-2.523153066635132
1710533118918447417,-9.346563339233398,-0.8729846477508545,-2.3914270401000977
1710533118929362236,-9.222023010253906,-0.8957372903823853,-2.326761484146118
1710533118956718542,-9.162147521972656,-0.7436535358428955,-2.06330943107605
1710533119015468770,-9.223219871520996,-1.0526111125946045,-2.204615592956543
1710533119046826576,-9.260342597961426,-0.9711804389953613,-2.426154851913452
1710533119059738574,-9.237590789794922,-1.0154882669448853,-2.4812402725219727
1710533119076198053,-9.233997344970703,-0.9220825433731079,-2.536325693130493
1710533119091223039,-9.233997344970703,-0.9220825433731079,-2.536325693130493
1710533119111873277,-9.299860954284668,-0.748443603515625,-2.3578968048095703
1710533119133704515,-9.048383712768555,-0.8622070550918579,-2.2800586223602295
1710533119137266020,-9.35494613647461,-1.0466235876083374,-2.256108283996582
1710533119151985797,-9.301058769226074,-0.9927356243133545,-2.1986279487609863
1710533119172995532,-9.0914945602417,-0.7807763814926147,-2.024989128112793
1710533119187817758,-9.140591621398926,-0.9041198492050171,-2.1195921897888184
1710533119202596503,-9.286687850952148,-1.0993139743804932,-2.1686902046203613
1710533119225488665,-9.12382698059082,-1.1160790920257568,-2.4093897342681885
1710533119277866054,-9.40045166015625,-0.760418713092804,-2.474055290222168
1710533119292893697,-9.336983680725098,-0.850231945514679,-2.532733201980591
1710533119330783260,-9.31782341003418,-0.999920666217804,-2.3602917194366455
1710533119345496607,-9.03161907196045,-0.9364526271820068,-2.145937442779541
1710533119362243608,-9.184900283813477,-0.8214917182922363,-2.0489392280578613
1710533119391806852,-9.323810577392578,-1.1005114316940308,-2.324366569519043
1710533119410511612,-9.144184112548828,-1.1424243450164795,-2.4381299018859863
1710533119448321509,-9.132209777832031,-0.7688012719154358,-2.525547981262207
1710533119464852704,-9.298663139343262,-0.8310717940330505,-2.39501953125
1710533119488192227,-9.308243751525879,-0.8657995462417603,-2.117197275161743
1710533119547310622,-9.274713516235352,-1.1088939905166626,-2.18306040763855
1710533119601760257,-9.228010177612305,-0.9508227705955505,-2.4824378490448
1710533119616557066,-9.233997344970703,-1.0813512802124023,-2.585423469543457
1710533119631141182,-9.224417686462402,-0.9029223918914795,-2.523153066635132
1710533119637465095,-9.265132904052734,-0.7771838307380676,-2.332749128341675
1710533119683803751,-9.073531150817871,-0.7017407417297363,-2.2824535369873047
1710533119696632749,-9.297466278076172,-1.0693762302398682,-2.1591100692749023
1710533119704867742,-9.308243751525879,-1.157991886138916,-2.155517578125
1710533119728105390,-9.181307792663574,-0.766406238079071,-2.1507275104522705
1710533119744913495,-9.192085266113281,-0.9855505228042603,-2.1627025604248047
1710533119774193006,-9.268725395202637,-1.263372778892517,-2.4381299018859863
1710533119793052305,-9.28070068359375,-0.8945397734642029,-2.502795457839966
1710533119818178017,-9.285490989685059,-0.9328601360321045,-2.513572931289673
1710533119841439842,-9.172924995422363,-0.8322693109512329,-2.3806493282318115
1710533119890302497,-9.31782341003418,-0.7436535358428955,-2.2501208782196045
1710533119967750026,-9.302255630493164,-1.1448193788528442,-2.526745557785034
1710533119999267215,-9.351353645324707,-0.9220825433731079,-2.472857713699341
1710533120020342417,-9.17052936553955,-0.8993298411369324,-2.2884411811828613
1710533120028753566,-9.17052936553955,-0.8993298411369324,-2.2884411811828613
1710533120043120847,-9.216034889221191,-0.8250842094421387,-2.2094054222106934
1710533120125218578,-9.192085266113281,-1.0406359434127808,-2.2525157928466797
1710533120133553624,-9.272317886352539,-1.0765613317489624,-2.526745557785034
1710533120158658089,-9.267528533935547,-1.1508069038391113,-2.5914111137390137
1710533120192356963,-9.239985466003418,-0.8921447992324829,-2.484832763671875
1710533120198706383,-9.29507064819336,-0.8526269793510437,-2.337538957595825
1710533120207016677,-9.275910377502441,-0.8035290241241455,-2.366279363632202
1710533120239018454,-8.952583312988281,-0.8753796219825745,-2.2022204399108887
1710533120253186531,-9.231602668762207,-1.122066617012024,-2.2309606075286865
1710533120274051296,-9.126221656799316,-0.676593005657196,-2.0429515838623047
1710533120299341800,-9.441166877746582,-1.0370434522628784,-2.0417542457580566
1710533120328858358,-9.35494613647461,-0.8849596977233887,-2.4692652225494385
1710533120360425431,-9.24357795715332,-0.8693920969963074,-2.526745557785034
1710533120368971482,-9.387279510498047,-0.8574169874191284,-2.4920177459716797
1710533120387689632,-9.463919639587402,-0.9520202875137329,-2.416574716567993
1710533120442291545,-9.323810577392578,-0.9065148830413818,-2.0297789573669434
1710533120509409692,-9.262738227844238,-1.1112890243530273,-2.494412899017334
1710533120545066161,-9.278306007385254,-0.8478369116783142,-2.5015978813171387
1710533120582822496,-9.248368263244629,-0.8741821050643921,-2.184257745742798
1710533120591264337,-9.279502868652344,-0.8478369116783142,-2.124382257461548
1710533120606741544,-9.199270248413086,-1.1747571229934692,-2.114802360534668
1710533120618576877,-9.231602668762207,-1.1328442096710205,-2.165097713470459
1710533120631226939,-9.225615501403809,-1.117276668548584,-2.227368116378784
1710533120650038987,-9.268725395202637,-0.8885522484779358,-2.3207738399505615
1710533120673309699,-9.222023010253906,-0.916094958782196,-2.456092596054077
1710533120717224570,-9.208849906921387,-0.9041198492050171,-2.493215322494507
1710533120755210556,-9.256750106811523,-0.7460485696792603,-2.293231248855591
1710533120786534320,-9.222023010253906,-1.181942105293274,-2.1411473751068115
1710533120790671414,-9.412426948547363,-1.1867321729660034,-2.1782703399658203
1710533120809571681,-9.083111763000488,-0.8741821050643921,-2.084864616394043
1710533120813774247,-9.024433135986328,-0.7975414991378784,-2.0896544456481934
1710533120824235060,-9.389674186706543,-0.9340575933456421,-2.125579833984375
1710533120872378706,-9.3309965133667,-1.0550061464309692,-2.4093897342681885
1710533120899769532,-9.260342597961426,-0.8430469036102295,-2.453697443008423
1710533120929203620,-9.305848121643066,-0.8178991675376892,-2.397414445877075
1710533120979473796,-9.061556816101074,-0.8765771389007568,-2.144740104675293
1710533120996544931,-9.31782341003418,-0.9328601360321045,-2.034569025039673
1710533121122585327,-9.204059600830078,-0.8705896139144897,-2.2106029987335205
1710533121153856836,-9.153764724731445,-0.7280859351158142,-2.0357666015625
1710533121181240455,-9.248368263244629,-1.0286608934402466,-2.2501208782196045
1710533121191587156,-9.204059600830078,-1.0406359434127808,-2.2501208782196045
1710533121215993663,-9.259145736694336,-1.027463436126709,-2.472857713699341
1710533121244199111,-9.255553245544434,-1.0645861625671387,-2.5279431343078613
1710533121267273962,-9.222023010253906,-0.9675878882408142,-2.4117846488952637
1710533121296797486,-9.273515701293945,-0.706530749797821,-2.254910945892334
1710533121326053393,-9.281898498535156,-1.0597960948944092,-2.2321581840515137
1710533121349245302,-9.281898498535156,-1.0597960948944092,-2.2321581840515137
1710533121378802217,-9.323810577392578,-0.9148974418640137,-2.0824694633483887
1710533121401669940,-9.14657974243164,-1.1987072229385376,-2.4309449195861816
1710533121424814056,-9.311836242675781,-1.0514135360717773,-2.445314884185791
1710533121439554871,-9.189689636230469,-1.0166858434677124,-2.5099804401397705
1710533121468842273,-9.136999130249023,-0.8993298411369324,-2.4189696311950684
1710533121483521085,-9.314230918884277,-0.8526269793510437,-2.254910945892334
1710533121506628779,-9.231602668762207,-0.8023315668106079,-2.1806652545928955
1710533121552875110,-9.291478157043457,-0.8370593190193176,-2.204615592956543
1710533121603251387,-9.283095359802246,-1.1999047994613647,-2.4273521900177
1710533121626367383,-9.176517486572266,-0.8466393947601318,-2.484832763671875
1710533121641075983,-9.216034889221191,-0.9268725514411926,-2.324366569519043
1710533121721200432,-9.217232704162598,-0.9855505228042603,-2.0692968368530273
1710533121752499254,-9.244775772094727,-0.9340575933456421,-2.457289934158325
1710533121813438706,-9.261540412902832,-0.9616003632545471,-2.4812402725219727
1710533121844742201,-9.29507064819336,-0.748443603515625,-2.2501208782196045
1710533121960398496,-9.249565124511719,-1.2645703554153442,-2.3902294635772705
1710533121964556143,-9.2112455368042,-0.9963281154632568,-2.4477100372314453
1710533122006611953,-9.0914945602417,-0.9855505228042603,-2.463277578353882
1710533122038202139,-9.15137004852295,-0.9424402117729187,-2.365081787109375
1710533122054794635,-9.089098930358887,-0.8657995462417603,-2.1124072074890137
1710533122059546194,-9.359736442565918,-0.9472302198410034,-2.0393590927124023
1710533122083943238,-9.292675971984863,-0.8370593190193176,-1.9986437559127808
1710533122103220455,-9.277108192443848,-0.8657995462417603,-2.2513184547424316
1710533122119944014,-9.242380142211914,-1.1555969715118408,-2.354304313659668
1710533122137221497,-9.207653045654297,-1.211879849433899,-2.4297473430633545
1710533122149668381,-9.284293174743652,-1.0729687213897705,-2.465672492980957
1710533122164359183,-9.283095359802246,-0.9867480397224426,-2.464475154876709
1710533122189515924,-9.233997344970703,-0.9125024676322937,-2.3004162311553955
1710533122248343952,-9.178912162780762,-0.7556286454200745,-2.0597167015075684
1710533122265125422,-9.219627380371094,-0.9723779559135437,-2.1507275104522705
1710533122271340160,-9.283095359802246,-0.9352551102638245,-2.2321581840515137
1710533122286243929,-9.251960754394531,-0.9292675852775574,-2.2692809104919434
1710533122315647979,-9.212442398071289,-0.9556127786636353,-2.3602917194366455
1710533122344945569,-9.236392974853516,-1.0406359434127808,-2.483635187149048
1710533122412062000,-9.136999130249023,-0.8885522484779358,-2.2082080841064453
1710533122435093120,-9.255553245544434,-0.9148974418640137,-2.0513341426849365
1710533122451758465,-9.304651260375977,-0.7795788645744324,-2.064506769180298
1710533122466529915,-9.214838027954102,-0.7448510527610779,-2.0692968368530273
1710533122496205718,-9.284293174743652,-0.8849596977233887,-2.104024648666382
1710533122542339747,-9.245972633361816,-1.0071057081222534,-2.4081921577453613
1710533122563454195,-9.244775772094727,-0.8190966844558716,-2.3195765018463135
1710533122586440228,-9.229207992553711,-0.7472460865974426,-2.1124072074890137
1710533122620424942,-9.28070068359375,-0.9771679639816284,-1.990261197090149
1710533122647368021,-9.24357795715332,-0.8669970631599426,-2.2381458282470703
1710533122668103672,-9.262738227844238,-1.1256592273712158,-2.385439395904541
1710533122721032718,-9.229207992553711,-0.9532177448272705,-2.4800426959991455
1710533122750558536,-9.229207992553711,-0.89813232421875,-2.174677848815918
1710533122767487644,-9.304651260375977,-0.7747887969017029,-2.036964178085327
1710533122788444527,-9.17052936553955,-0.7747887969017029,-2.033371686935425
1710533122809145174,-9.27112102508545,-0.9735754132270813,-2.114802360534668
1710533122855413545,-9.253157615661621,-0.8394543528556824,-2.332749128341675
1710533122872265640,-9.320218086242676,-1.153201937675476,-2.563868522644043
1710533122897479870,-9.241183280944824,-0.9496252536773682,-2.3914270401000977
1710533122901654866,-9.269923210144043,-0.9065148830413818,-2.2812561988830566
1710533122920587608,-9.277108192443848,-0.8274792432785034,-2.1914429664611816
1710533122945904461,-9.35494613647461,-0.7460485696792603,-2.185455322265625
1710533123059132560,-9.12382698059082,-1.2238550186157227,-2.3914270401000977
1710533123065367259,-9.315428733825684,-1.0490185022354126,-2.4081921577453613
1710533123080246722,-9.19807243347168,-1.002315640449524,-2.3602917194366455
1710533123139117671,-9.310638427734375,-0.6646178960800171,-2.1207897663116455
1710533123183573573,-9.430389404296875,-0.8514294624328613,-2.0429515838623047
1710533123221049527,-9.321415901184082,-1.0286608934402466,-2.2752685546875
1710533123239973561,-9.314230918884277,-1.0166858434677124,-2.404599666595459
1710533123258948007,-9.274713516235352,-0.9723779559135437,-2.5004003047943115
1710533123290383246,-9.325008392333984,-0.8717871308326721,-2.2788610458374023
1710533123307317855,-9.351353645324707,-0.7400610446929932,-2.0716919898986816
1710533123334504317,-9.250762939453125,-0.7220984101295471,-2.0393590927124023
1710533123351331474,-9.297466278076172,-0.9807605147361755,-2.094444513320923
1710533123357806670,-9.201664924621582,-1.0358459949493408,-2.1411473751068115
1710533123380867118,-9.193282127380371,-0.9496252536773682,-2.212998151779175
1710533123395392444,-9.307045936584473,-0.946032702922821,-2.3387365341186523
1710533123410247380,-9.253157615661621,-1.123264193534851,-2.5004003047943115
1710533123435276678,-9.261540412902832,-1.0945239067077637,-2.513572931289673
1710533123456375209,-9.28070068359375,-1.0095007419586182,-2.505190372467041
1710533123464658209,-9.237590789794922,-0.9292675852775574,-2.4297473430633545
1710533123530321655,-9.267528533935547,-0.8813672065734863,-2.026186466217041
1710533123582706047,-9.184900283813477,-1.2442126274108887,-2.3614892959594727
1710533123591220305,-9.190887451171875,-1.2945080995559692,-2.483635187149048
1710533123620659406,-9.277108192443848,-0.9352551102638245,-2.445314884185791
1710533123622666459,-9.15137004852295,-0.9017248749732971,-2.486030340194702
1710533123643703483,-9.29028034210205,-0.9544152617454529,-2.3590941429138184
1710533123679569697,-9.188492774963379,-0.8825647234916687,-2.272873640060425
1710533123725507904,-9.332193374633789,-0.9340575933456421,-1.9579284191131592
1710533123778043281,-9.208849906921387,-1.1364368200302124,-2.4788451194763184
1710533123792799158,-9.286687850952148,-1.0705736875534058,-2.476450204849243
1710533123801262948,-9.256750106811523,-1.0166858434677124,-2.5279431343078613
1710533123822319721,-9.273515701293945,-0.9939330816268921,-2.4201672077178955
1710533123845368131,-9.19807243347168,-0.8430469036102295,-2.047741651535034
1710533123860175489,-9.178912162780762,-0.7676037549972534,-1.9711010456085205
1710533123876844648,-9.131011962890625,-0.8334667682647705,-2.0405566692352295
1710533123897833841,-9.272317886352539,-0.8777746558189392,-2.065704345703125
1710533123900006682,-9.307045936584473,-0.9136999249458313,-2.114802360534668
1710533123914800124,-9.2208251953125,-0.8957372903823853,-2.2608983516693115
1710533123958748967,-9.309440612792969,-0.9484277367591858,-2.4010071754455566
1710533123988205152,-9.219627380371094,-1.0825488567352295,-2.383044481277466
1710533124005081854,-9.265132904052734,-0.9627978801727295,-2.2094054222106934
1710533124026017139,-9.285490989685059,-0.8837621808052063,-2.147135019302368
1710533124048988300,-9.226812362670898,-0.7424560785293579,-2.263293504714966
1710533124076160897,-9.4507474899292,-0.9687854051589966,-2.2381458282470703
1710533124107711050,-9.372908592224121,-0.9448351860046387,-2.0022363662719727
1710533124130964288,-9.210047721862793,-1.2094848155975342,-2.1112096309661865
1710533124137199187,-9.158555030822754,-1.3507909774780273,-2.2321581840515137
1710533124170633287,-9.253157615661621,-0.9975256323814392,-2.332749128341675
1710533124178949546,-9.165740013122559,-0.9735754132270813,-2.4201672077178955
1710533124197927577,-9.336983680725098,-0.9939330816268921,-2.4680676460266113
1710533124250434550,-9.141789436340332,-0.9268725514411926,-2.0704944133758545
1710533124252409279,-9.141789436340332,-0.9268725514411926,-2.0704944133758545
1710533124266868331,-9.153764724731445,-0.7795788645744324,-2.004631280899048
1710533124294527464,-9.393266677856445,-1.1388317346572876,-2.135159969329834
1710533124349624066,-9.263935089111328,-0.975970447063446,-2.5518932342529297
1710533124355548114,-9.267528533935547,-0.9807605147361755,-2.535128116607666
1710533124376558518,-9.304651260375977,-0.9232800006866455,-2.456092596054077
1710533124402097547,-9.382489204406738,-0.7699987888336182,-2.045346736907959
1710533124425097829,-9.119036674499512,-0.886157214641571,-1.9950512647628784
1710533124431350827,-9.269923210144043,-1.0669811964035034,-1.9770885705947876
1710533124446187604,-9.253157615661621,-1.0789562463760376,-2.0429515838623047
1710533124483976264,-9.238787651062012,-0.9855505228042603,-2.457289934158325
1710533124505539103,-9.296268463134766,-1.0645861625671387,-2.585423469543457
1710533124521861056,-9.27112102508545,-1.032253384590149,-2.5291407108306885
1710533124574697181,-9.314230918884277,-0.8669970631599426,-2.1603076457977295
1710533124618234616,-9.560917854309082,-0.8310717940330505,-1.9842736721038818
1710533124641462727,-8.895102500915527,-0.7999365329742432,-2.0908520221710205
1710533124660464646,-9.471104621887207,-1.281335473060608,-2.1016297340393066
1710533124683582596,-9.25794792175293,-1.1184741258621216,-2.4381299018859863
1710533124723567385,-9.163344383239746,-0.9148974418640137,-2.383044481277466
1710533124746684537,-9.163344383239746,-1.008303165435791,-2.363884210586548
1710533124761467953,-9.081913948059082,-0.9388476610183716,-2.2896387577056885
1710533124765783302,-9.359736442565918,-0.7891589403152466,-2.155517578125
1710533124782441047,-9.187294960021973,-0.7460485696792603,-2.004631280899048
1710533124841141209,-9.107061386108398,-0.9723779559135437,-2.2585034370422363
1710533124868404985,-9.35494613647461,-1.2537927627563477,-2.296823740005493
1710533124902549054,-9.269923210144043,-0.9376501441001892,-2.4501049518585205
1710533124910809894,-9.281898498535156,-0.8789721727371216,-2.3315515518188477
1710533124942428020,-9.202862739562988,-0.826281726360321,-2.1495299339294434
1710533124948491858,-9.302255630493164,-0.7759863138198853,-2.005828857421875
1710533124972039902,-9.163344383239746,-0.808319091796875,-2.007026433944702
1710533124992741109,-9.267528533935547,-1.032253384590149,-2.098037004470825
1710533124999076878,-9.237590789794922,-0.9951305985450745,-2.145937442779541
1710533125024327343,-9.285490989685059,-0.9304651021957397,-2.373464345932007
1710533125043103924,-9.265132904052734,-1.207089900970459,-2.533930778503418
1710533125091712826,-9.256750106811523,-1.003513216972351,-2.474055290222168
1710533125120933153,-9.233997344970703,-0.7628137469291687,-2.1902453899383545
1710533125150322464,-8.972940444946289,-1.0071057081222534,-2.165097713470459
1710533125181779776,-9.02682876586914,-0.5700146555900574,-2.0297789573669434
1710533125215424144,-9.232800483703613,-1.2011022567749023,-2.166295051574707
1710533125217526552,-9.180109977722168,-1.2981005907058716,-2.3303539752960205
1710533125234408591,-9.242380142211914,-1.1112890243530273,-2.3986120223999023
1710533125257380429,-9.329798698425293,-0.9592053294181824,-2.403402090072632
1710533125292950496,-9.278306007385254,-0.9592053294181824,-2.356699228286743
1710533125362659770,-9.231602668762207,-0.7987390160560608,-2.057321786880493
1710533125398319455,-9.281898498535156,-1.1412267684936523,-2.313588857650757
1710533125419452146,-9.267528533935547,-1.1855347156524658,-2.313588857650757
1710533125434006773,-9.30345344543457,-0.9783654808998108,-2.4608826637268066
1710533125448553847,-9.285490989685059,-0.9424402117729187,-2.4189696311950684
1710533125465184877,-9.24357795715332,-0.9029223918914795,-2.2680835723876953
1710533125503052081,-9.241183280944824,-0.7711963057518005,-1.945953369140625
1710533125528533978,-9.241183280944824,-0.7711963057518005,-1.945953369140625
1710533125549582819,-9.25794792175293,-0.9268725514411926,-2.253713369369507
1710533125570608439,-9.27112102508545,-0.8298742771148682,-2.3878345489501953
1710533125614963599,-9.267528533935547,-1.152004361152649,-2.503993034362793
1710533125621033973,-9.277108192443848,-1.0897338390350342,-2.3998095989227295
1710533125629451666,-9.222023010253906,-1.0526111125946045,-2.3303539752960205
1710533125669262788,-9.229207992553711,-1.002315640449524,-2.1315674781799316
1710533125713505468,-9.1106538772583,-0.6454577445983887,-2.1722826957702637
1710533125745188775,-9.275910377502441,-1.123264193534851,-2.18306040763855
1710533125764205603,-9.165740013122559,-1.3184581995010376,-2.366279363632202
1710533125787244484,-9.296268463134766,-1.167572021484375,-2.2896387577056885
1710533125810314761,-9.158555030822754,-0.9616003632545471,-2.3315515518188477
1710533125818880443,-9.259145736694336,-0.928070068359375,-2.317181348800659
1710533125846099177,-9.267528533935547,-0.9256750345230103,-2.3578968048095703
1710533125864764744,-9.292675971984863,-0.8119116425514221,-2.1878502368927
1710533125879954800,-9.154962539672852,-0.7807763814926147,-2.09564208984375
1710533125905232203,-9.426796913146973,-0.7268884181976318,-1.9830762147903442
1710533125909330054,-9.087902069091797,-0.856219470500946,-2.083667039871216
1710533125928217755,-9.368119239807129,-1.2825329303741455,-2.212998151779175
1710533125959738570,-9.200467109680176,-1.0514135360717773,-2.444117546081543
1710533125980776627,-9.359736442565918,-0.9580078125,-2.4584875106811523
1710533126008072085,-9.268725395202637,-0.969982922077179,-2.356699228286743
1710533126026917345,-9.127419471740723,-0.8610095381736755,-2.098037004470825
1710533126049794527,-9.333391189575195,-0.7268884181976318,-1.966310977935791
1710533126062431976,-9.096283912658691,-0.9089099168777466,-1.999841332435608
1710533126081527298,-9.283095359802246,-1.057401180267334,-2.09564208984375
1710533126118008879,-9.180109977722168,-0.9556127786636353,-2.21539306640625
1710533126142718588,-9.247170448303223,-1.0466235876083374,-2.523153066635132
1710533126154922681,-9.301058769226074,-1.0502160787582397,-2.3782544136047363
1710533126169701745,-9.247170448303223,-0.946032702922821,-2.2082080841064453
1710533126186389430,-9.279502868652344,-0.9017248749732971,-2.195035457611084
1710533126215891906,-9.328600883483887,-0.7939489483833313,-2.1207897663116455
1710533126222214805,-9.346563339233398,-0.7688012719154358,-2.2405407428741455
1710533126230593570,-9.242380142211914,-0.8167016506195068,-2.186652898788452
1710533126245386884,-9.261540412902832,-1.0813512802124023,-2.185455322265625
1710533126283325526,-9.054370880126953,-0.766406238079071,-2.0201990604400635
1710533126333701968,-9.348958969116211,-1.1699670553207397,-2.2800586223602295
1710533126373639882,-9.468709945678711,-0.8777746558189392,-2.317181348800659
1710533126396825512,-9.406438827514648,-0.856219470500946,-2.197430372238159
1710533126426217266,-9.117839813232422,-0.9388476610183716,-1.9986437559127808
1710533126463733832,-8.899892807006836,-0.7592211961746216,-2.066901922225952
1710533126480883051,-9.320218086242676,-1.2142748832702637,-2.2429358959198
1710533126503720376,-9.255553245544434,-1.0825488567352295,-2.3914270401000977
1710533126524788819,-9.219627380371094,-0.928070068359375,-2.4824378490448
1710533126551996421,-9.19807243347168,-0.9208850264549255,-2.4177722930908203
1710533126568786951,-9.204059600830078,-0.89813232421875,-2.0692968368530273
1710533126572996530,-9.249565124511719,-0.8155041337013245,-1.996248722076416
1710533126596095966,-9.24357795715332,-0.7544311285018921,-1.9483484029769897
1710533126644452448,-9.293872833251953,-1.027463436126709,-2.153122663497925
1710533126673677115,-9.301058769226074,-0.975970447063446,-2.337538957595825
1710533126688579620,-9.285490989685059,-1.068178653717041,-2.4477100372314453
1710533126732989635,-9.29507064819336,-0.8969348073005676,-2.1591100692749023
1710533126779351169,-9.000483512878418,-0.9268725514411926,-2.0788769721984863
1710533126825430419,-8.93581771850586,-0.6490502953529358,-2.047741651535034
1710533126873583228,-9.192085266113281,-1.341210961341858,-2.337538957595825
1710533126936707950,-9.105864524841309,-0.9963281154632568,-2.3303539752960205
1710533126959818188,-9.165740013122559,-0.8598120212554932,-2.046544075012207
1710533126987201316,-9.322613716125488,-0.8813672065734863,-1.9794836044311523
1710533127008164544,-9.372908592224121,-1.062191128730774,-2.207010507583618
1710533127016696548,-9.332193374633789,-1.2046948671340942,-2.2118005752563477
1710533127056459528,-9.208849906921387,-1.281335473060608,-2.287243604660034
1710533127062683228,-9.17052936553955,-1.2490026950836182,-2.373464345932007
1710533127071108569,-9.341773986816406,-1.0298583507537842,-2.3626868724823
1710533127115854951,-9.259145736694336,-0.9005273580551147,-2.444117546081543
1710533127130319431,-9.322613716125488,-0.7699987888336182,-1.9543359279632568
1710533127182638256,-9.299860954284668,-1.0514135360717773,-2.1028270721435547
1710533127191030427,-9.223219871520996,-0.9891430735588074,-2.144740104675293
1710533127194993547,-9.242380142211914,-0.9113049507141113,-2.2225780487060547
1710533127209851263,-9.272317886352539,-0.9376501441001892,-2.3076012134552
1710533127241465872,-9.32620620727539,-1.0861413478851318,-2.4285497665405273
1710533127252241721,-9.247170448303223,-1.0969189405441284,-2.444117546081543
1710533127266566778,-9.286687850952148,-1.0142908096313477,-2.2716760635375977
1710533127302962537,-9.302255630493164,-0.8813672065734863,-2.1686902046203613
1710533127319151964,-9.109457015991211,-0.7173083424568176,-2.226170539855957
1710533127348454312,-9.382489204406738,-1.128054141998291,-2.0609142780303955
1710533127369935017,-9.30345344543457,-1.003513216972351,-2.036964178085327
1710533127409607033,-9.12382698059082,-1.2346326112747192,-2.1878502368927
1710533127436647066,-9.341773986816406,-1.1567944288253784,-2.2585034370422363
1710533127443006413,-9.212442398071289,-0.9424402117729187,-2.332749128341675
1710533127459707644,-9.332193374633789,-0.9304651021957397,-2.353106737136841
1710533127482687490,-9.217232704162598,-0.9388476610183716,-2.3590941429138184
1710533127512093106,-9.237590789794922,-0.8418493866920471,-2.083667039871216
1710533127541569416,-9.202862739562988,-0.7699987888336182,-2.023791551589966
1710533127552166837,-9.132209777832031,-0.8394543528556824,-2.1016297340393066
1710533127573263421,-9.231602668762207,-1.2525951862335205,-2.2010228633880615
1710533127581429104,-9.231602668762207,-1.2525951862335205,-2.2010228633880615
1710533127617422435,-9.342970848083496,-1.167572021484375,-2.3076012134552
1710533127669461577,-9.163344383239746,-0.9663903713226318,-2.166295051574707
1710533127695007331,-9.289083480834961,-0.7149133086204529,-1.966310977935791
1710533127722384979,-9.165740013122559,-0.8358618021011353,-2.0225939750671387
1710533127745420509,-9.277108192443848,-0.9723779559135437,-2.186652898788452
1710533127776912028,-9.253157615661621,-1.071771264076233,-2.3303539752960205
1710533127791575795,-9.273515701293945,-1.1687694787979126,-2.4704625606536865
1710533127797882612,-9.309440612792969,-1.152004361152649,-2.4596850872039795
1710533127818706730,-9.259145736694336,-1.011895775794983,-2.3004162311553955
1710533127827266532,-9.302255630493164,-0.7999365329742432,-2.186652898788452
1710533127850381568,-9.080716133117676,-0.7592211961746216,-2.1818628311157227
1710533127873111427,-9.329798698425293,-1.1891272068023682,-2.1028270721435547
1710533127904853320,-9.142987251281738,-0.6789880394935608,-1.8836828470230103
1710533127942870145,-9.075926780700684,-1.2597802877426147,-2.193837881088257
1710533127955442737,-9.333391189575195,-1.2022998332977295,-2.296823740005493
1710533127972367006,-9.238787651062012,-0.9975256323814392,-2.3099963665008545
1710533127993145843,-9.165740013122559,-0.9819580316543579,-2.343526601791382
1710533128031197378,-9.135802268981934,-1.0226733684539795,-2.3087987899780273
1710533128060795236,-9.134604454040527,-0.8538244366645813,-2.0716919898986816
1710533128068809163,-9.396859169006348,-0.8214917182922363,-2.005828857421875
1710533128091961908,-9.392068862915039,-0.7460485696792603,-1.9471508264541626
1710533128115095999,-9.345366477966309,-1.1088939905166626,-2.2417383193969727
1710533128146552786,-9.344168663024902,-1.1364368200302124,-2.306403875350952
1710533128167527522,-9.28070068359375,-1.008303165435791,-2.344724178314209
1710533128180205221,-9.348958969116211,-1.008303165435791,-2.2525157928466797
1710533128207932037,-9.274713516235352,-0.7999365329742432,-2.015408992767334
1710533128235116874,-9.213640213012695,-0.7628137469291687,-1.9878661632537842
1710533128294016957,-9.29028034210205,-0.999920666217804,-2.2213807106018066
1710533128322966453,-9.260342597961426,-1.1460168361663818,-2.3698718547821045
1710533128363048280,-9.274713516235352,-1.0047106742858887,-2.2393431663513184
1710533128384036638,-9.310638427734375,-0.7460485696792603,-2.137554883956909
1710533128398804724,-9.164542198181152,-0.706530749797821,-2.167492628097534
1710533128421858807,-9.073531150817871,-0.9244775176048279,-2.207010507583618
1710533128442657403,-9.3501558303833,-0.8190966844558716,-1.8992505073547363
1710533128457402295,-9.172924995422363,-0.556842029094696,-1.9232007265090942
1710533128518313742,-9.079519271850586,-1.5160473585128784,-2.1603076457977295
1710533128549931109,-9.275910377502441,-1.0095007419586182,-2.374661922454834
1710533128577423479,-9.327404022216797,-0.8945397734642029,-2.265688419342041
1710533128585719112,-9.327404022216797,-0.8945397734642029,-2.265688419342041
1710533128594241481,-9.178912162780762,-0.7424560785293579,-2.056124210357666
1710533128602555609,-9.328600883483887,-0.8346642851829529,-1.9423608779907227
1710533128640562293,-9.259145736694336,-0.7843688726425171,-1.8741028308868408
1710533128642572976,-9.148974418640137,-0.8298742771148682,-1.9351757764816284
1710533128669700604,-9.214838027954102,-1.187929630279541,-2.2189855575561523
1710533128698796025,-9.299860954284668,-1.2262500524520874,-2.3303539752960205
1710533128722287572,-9.238787651062012,-0.9795629978179932,-2.4704625606536865
1710533128743078965,-9.313033103942871,-0.9687854051589966,-2.386636972427368
1710533128796268394,-9.333391189575195,-0.8047265410423279,-1.930385708808899
1710533128871598080,-9.273515701293945,-1.1723620891571045,-2.4620800018310547
1710533128884268974,-9.342970848083496,-1.0909314155578613,-2.433339834213257
1710533128924286724,-9.31782341003418,-1.023870825767517,-2.145937442779541
1710533128976873456,-9.508227348327637,-1.1124866008758545,-1.9579284191131592
1710533128995650571,-8.947793006896973,-0.6131250262260437,-1.9507434368133545
1710533129020923234,-9.352551460266113,-0.9592053294181824,-2.0118165016174316
1710533129052601788,-9.382489204406738,-1.177152156829834,-2.286046028137207
1710533129071244146,-9.20645523071289,-0.987945556640625,-2.3279590606689453
1710533129096534055,-9.402846336364746,-0.9951305985450745,-2.2704784870147705
1710533129168154659,-9.194479942321777,-0.9376501441001892,-2.0285816192626953
1710533129210389800,-9.2208251953125,-1.3244458436965942,-2.2022204399108887
1710533129216485289,-9.254355430603027,-1.3639636039733887,-2.234553337097168
1710533129231057463,-9.249565124511719,-1.2765454053878784,-2.284848690032959
1710533129266770453,-9.292675971984863,-0.987945556640625,-2.3195765018463135
1710533129272988560,-9.296268463134766,-0.9340575933456421,-2.3423290252685547
1710533129281286242,-9.31782341003418,-0.9771679639816284,-2.2501208782196045
1710533129306440685,-9.305848121643066,-0.7161108255386353,-1.9734960794448853
1710533129329956213,-9.18370246887207,-0.760418713092804,-2.00822377204895
1710533129350837343,-9.268725395202637,-1.0142908096313477,-2.0321741104125977
1710533129371628845,-9.268725395202637,-1.0550061464309692,-2.3207738399505615
1710533129392769214,-9.29507064819336,-1.1999047994613647,-2.347119092941284
1710533129405036540,-9.277108192443848,-1.2537927627563477,-2.4405248165130615
1710533129420170624,-9.285490989685059,-1.123264193534851,-2.36747670173645
1710533129434700604,-9.256750106811523,-1.068178653717041,-2.323168992996216
1710533129441087964,-9.279502868652344,-1.011895775794983,-2.264491081237793
1710533129463996825,-9.311836242675781,-0.9268725514411926,-2.124382257461548
1710533129472569799,-9.342970848083496,-0.8418493866920471,-2.174677848815918
1710533129508600059,-9.081913948059082,-0.9136999249458313,-2.136357307434082
1710533129531794594,-9.314230918884277,-0.9113049507141113,-1.8908679485321045
1710533129539931822,-9.11544418334961,-0.7220984101295471,-1.876497745513916
1710533129628182096,-9.237590789794922,-1.0226733684539795,-2.323168992996216
1710533129664061223,-9.351353645324707,-0.640667736530304,-2.1411473751068115
1710533129676629410,-9.201664924621582,-0.8693920969963074,-2.0118165016174316
1710533129682746392,-9.201664924621582,-0.8693920969963074,-2.0118165016174316
1710533129697545354,-9.346563339233398,-0.8586145043373108,-1.916015625
1710533129712202364,-9.346563339233398,-0.8586145043373108,-1.916015625
1710533129749918141,-9.201664924621582,-0.8622070550918579,-2.004631280899048
1710533129785622395,-9.245972633361816,-1.2322375774383545,-2.2297632694244385
1710533129808928689,-9.241183280944824,-0.9484277367591858,-2.42256236076355
1710533129831729293,-9.35494613647461,-1.0095007419586182,-2.403402090072632
1710533129844380735,-9.344168663024902,-1.0262658596038818,-2.326761484146118
1710533129852894847,-9.304651260375977,-0.928070068359375,-2.054926872253418
1710533129901104702,-9.192085266113281,-0.9005273580551147,-1.9291882514953613
1710533129918157779,-9.239985466003418,-0.9627978801727295,-1.9291882514953613
1710533129930938257,-9.313033103942871,-0.9376501441001892,-2.1890478134155273
1710533129951952310,-9.274713516235352,-1.0502160787582397,-2.3614892959594727
1710533129974994440,-9.3309965133667,-1.0298583507537842,-2.4273521900177
1710533129987543393,-9.262738227844238,-0.9867480397224426,-2.336341619491577
1710533129993880653,-9.238787651062012,-0.9807605147361755,-2.272873640060425
1710533130004431437,-9.311836242675781,-0.987945556640625,-2.137554883956909
1710533130027546973,-9.309440612792969,-0.8598120212554932,-2.0800745487213135
1710533130040109071,-9.356143951416016,-0.8035290241241455,-2.165097713470459
1710533130042215648,-9.06395149230957,-0.8849596977233887,-2.137554883956909
1710533130056832926,-9.128617286682129,-1.068178653717041,-2.0992345809936523
1710533130130800784,-9.307045936584473,-0.9580078125,-2.0190014839172363
1710533130139133813,-9.147777557373047,-1.2897180318832397,-2.2106029987335205
1710533130153790512,-9.28070068359375,-1.0526111125946045,-2.233355760574341
1710533130181068223,-9.298663139343262,-0.9472302198410034,-2.2704784870147705
1710533130221156465,-9.267528533935547,-0.9795629978179932,-2.2585034370422363
1710533130227244770,-9.335785865783691,-0.9017248749732971,-2.166295051574707
1710533130252672014,-9.238787651062012,-0.8825647234916687,-2.004631280899048
1710533130296892236,-9.30345344543457,-1.0693762302398682,-2.137554883956909
1710533130317489228,-9.27112102508545,-1.307680606842041,-2.2824535369873047
1710533130332322088,-9.285490989685059,-1.2202624082565308,-2.2608983516693115
1710533130357514695,-9.307045936584473,-0.8885522484779358,-2.1914429664611816
1710533130370085554,-9.30345344543457,-0.8909472823143005,-2.1219873428344727
1710533130387294487,-9.245972633361816,-0.9125024676322937,-2.0621118545532227
1710533130401549432,-9.299860954284668,-0.8226892352104187,-1.9842736721038818
1710533130430731577,-9.304651260375977,-1.0106981992721558,-2.104024648666382
1710533130443317515,-9.29507064819336,-1.1064990758895874,-2.1303699016571045
1710533130460542668,-9.225615501403809,-1.152004361152649,-2.1794676780700684
1710533130468606039,-9.284293174743652,-1.1340417861938477,-2.214195489883423
1710533130491917584,-9.242380142211914,-1.207089900970459,-2.3303539752960205
1710533130525628135,-9.315428733825684,-1.167572021484375,-2.276466131210327
1710533130555042981,-9.279502868652344,-1.0957214832305908,-2.236948251724243
1710533130588550901,-9.236392974853516,-0.808319091796875,-2.165097713470459
1710533130628582666,-9.02682876586914,-0.8370593190193176,-2.036964178085327
1710533130636963590,-9.267528533935547,-0.8119116425514221,-2.004631280899048
1710533130670541963,-9.278306007385254,-1.1543993949890137,-2.024989128112793
1710533130678754731,-9.194479942321777,-1.4250366687774658,-2.1124072074890137
1710533130716814434,-9.31782341003418,-0.9639953374862671,-2.2225780487060547
1710533130775272651,-9.32620620727539,-0.8490344285964966,-2.076481819152832
1710533130811229561,-9.374106407165527,-0.916094958782196,-2.033371686935425
1710533130832259134,-9.219627380371094,-1.0142908096313477,-2.1124072074890137
1710533130851118324,-9.242380142211914,-1.347198486328125,-2.185455322265625
1710533130865474694,-9.237590789794922,-1.2645703554153442,-2.264491081237793
1710533130903842678,-9.298663139343262,-0.8933422565460205,-2.347119092941284
1710533130956153393,-9.274713516235352,-0.9304651021957397,-2.136357307434082
1710533131002726725,-9.249565124511719,-1.1112890243530273,-2.054926872253418
1710533131029768960,-9.327404022216797,-1.068178653717041,-2.114802360534668
1710533131052729499,-9.304651260375977,-1.1903246641159058,-2.4201672077178955
1710533131084319708,-9.283095359802246,-1.011895775794983,-2.2716760635375977
1710533131092585011,-9.279502868652344,-0.9544152617454529,-2.1722826957702637
1710533131120116241,-9.321415901184082,-0.7711963057518005,-2.033371686935425
1710533131147272303,-9.47469711303711,-1.0993139743804932,-1.9136205911636353
1710533131178965653,-9.32620620727539,-0.640667736530304,-1.9531384706497192
1710533131210507010,-9.265132904052734,-1.0657837390899658,-2.0692968368530273
1710533131241933245,-9.273515701293945,-1.1951147317886353,-2.2908360958099365
1710533131262836660,-9.281898498535156,-0.9663903713226318,-2.2908360958099365
1710533131277589000,-9.327404022216797,-1.0466235876083374,-2.1998255252838135
1710533131307222323,-9.247170448303223,-1.0346484184265137,-2.1495299339294434
1710533131328259295,-9.281898498535156,-0.8825647234916687,-1.9651135206222534
1710533131351269983,-9.259145736694336,-0.8047265410423279,-1.999841332435608
1710533131385171062,-9.261540412902832,-1.1927196979522705,-2.177072763442993
1710533131454142232,-9.316625595092773,-0.9484277367591858,-2.3279590606689453
1710533131489752360,-9.268725395202637,-0.8490344285964966,-1.9375708103179932
1710533131519408545,-9.212442398071289,-0.8610095381736755,-1.8932629823684692
1710533131532026350,-9.255553245544434,-0.9771679639816284,-1.9687060117721558
1710533131571736923,-9.255553245544434,-1.0226733684539795,-2.1686902046203613
1710533131601065426,-9.24357795715332,-1.2442126274108887,-2.4010071754455566
1710533131622173275,-9.319021224975586,-1.167572021484375,-2.3614892959594727
1710533131636837707,-9.278306007385254,-1.071771264076233,-2.2692809104919434
1710533131643098840,-9.278306007385254,-0.975970447063446,-2.244133234024048
1710533131665942848,-9.346563339233398,-0.7029382586479187,-1.8477575778961182
1710533131695649961,-9.207653045654297,-1.1064990758895874,-2.0285816192626953
1710533131729094392,-9.073531150817871,-0.8178991675376892,-1.7914745807647705
1710533131737713433,-9.263935089111328,-0.9592053294181824,-1.895658016204834
1710533131751105276,-9.439969062805176,-1.157991886138916,-1.9770885705947876
1710533131771426310,-9.237590789794922,-1.3663586378097534,-2.227368116378784
1710533131805071261,-9.202862739562988,-0.9232800006866455,-2.377056837081909
1710533131824043937,-9.315428733825684,-0.7328760027885437,-2.2022204399108887
1710533131857640697,-9.404044151306152,-1.083746314048767,-1.9327807426452637
1710533131886957234,-9.085506439208984,-1.191522240638733,-1.9627184867858887
1710533131910102642,-9.19807243347168,-1.113684058189392,-2.113604784011841
1710533131931240220,-9.407636642456055,-1.2346326112747192,-2.154320001602173
1710533131945667256,-9.319021224975586,-1.2358300685882568,-2.1794676780700684
1710533131973019685,-9.335785865783691,-0.880169689655304,-2.3076012134552
1710533132002474196,-9.35494613647461,-0.8035290241241455,-2.124382257461548
1710533132050668431,-9.245972633361816,-1.0442285537719727,-1.8968554735183716
1710533132086153553,-9.273515701293945,-1.2382251024246216,-2.056124210357666
1710533132132799042,-9.305848121643066,-0.9675878882408142,-2.2800586223602295
1710533132139220806,-9.309440612792969,-1.1939172744750977,-2.332749128341675
1710533132170577506,-9.302255630493164,-1.1603869199752808,-2.354304313659668
1710533132208504099,-9.31782341003418,-0.8669970631599426,-2.113604784011841
1710533132216897686,-9.384883880615234,-0.8418493866920471,-2.157912492752075
1710533132235764534,-9.188492774963379,-0.8945397734642029,-2.156715154647827
1710533132269095594,-8.9909029006958,-0.7795788645744324,-1.9435583353042603
1710533132313367053,-9.035211563110352,-1.3651611804962158,-2.09564208984375
1710533132344929311,-9.395661354064941,-1.0442285537719727,-2.1124072074890137
1710533132351159153,-9.199270248413086,-0.9244775176048279,-2.137554883956909
1710533132365899901,-9.297466278076172,-0.9364526271820068,-2.2094054222106934
1710533132416318313,-9.351353645324707,-0.8286767601966858,-2.105222225189209
1710533132470899531,-9.273515701293945,-1.2406201362609863,-2.0812718868255615
1710533132485624835,-9.30345344543457,-1.3603711128234863,-2.114802360534668
1710533132634964812,-9.201664924621582,-1.1112890243530273,-1.8908679485321045
1710533132649206295,-9.184900283813477,-1.2094848155975342,-2.015408992767334
1710533132678436449,-9.249565124511719,-1.123264193534851,-2.4273521900177
1710533132689062070,-9.25794792175293,-1.177152156829834,-2.456092596054077
1710533132708227121,-9.340576171875,-1.117276668548584,-2.405797004699707
1710533132786144000,-9.199270248413086,-1.4094690084457397,-1.9722986221313477
1710533132846733020,-9.233997344970703,-1.2262500524520874,-2.0824694633483887
1710533132861628457,-9.165740013122559,-1.2861255407333374,-2.284848690032959
1710533132875848376,-9.439969062805176,-1.0130932331085205,-2.2201831340789795
1710533132911592979,-9.245972633361816,-0.9113049507141113,-2.2513184547424316
1710533132943527247,-9.241183280944824,-1.002315640449524,-2.034569025039673
1710533132958061683,-9.279502868652344,-1.0154882669448853,-1.961521029472351
1710533132968684885,-9.188492774963379,-1.2190649509429932,-2.00822377204895
1710533132981237960,-9.188492774963379,-1.2190649509429932,-2.00822377204895
1710533133010775967,-9.205257415771484,-0.8622070550918579,-2.004631280899048
1710533133019224944,-9.035211563110352,-0.9268725514411926,-2.084864616394043
1710533133056860895,-9.342970848083496,-1.2705578804016113,-2.2094054222106934
1710533133077764278,-9.263935089111328,-0.9148974418640137,-2.277663469314575
1710533133090592217,-9.3309965133667,-0.9532177448272705,-2.1902453899383545
1710533133109505455,-9.3501558303833,-0.9364526271820068,-2.0992345809936523
1710533133122225730,-9.210047721862793,-0.9268725514411926,-1.999841332435608
1710533133126510165,-9.210047721862793,-0.9268725514411926,-1.999841332435608
1710533133147437131,-9.202862739562988,-0.8873547315597534,-1.9507434368133545
1710533133183426295,-9.298663139343262,-1.2525951862335205,-2.074086904525757
1710533133200098176,-9.296268463134766,-1.1124866008758545,-2.212998151779175
1710533133248149142,-9.307045936584473,-1.1603869199752808,-2.254910945892334
1710533133263094659,-9.225615501403809,-0.916094958782196,-2.175875186920166
1710533133271241627,-9.316625595092773,-0.8454418778419495,-2.0896544456481934
1710533133296895834,-9.433981895446777,-0.6550378203392029,-2.096839666366577
1710533133304932959,-9.433981895446777,-0.6550378203392029,-2.096839666366577
1710533133347331703,-9.144184112548828,-1.0909314155578613,-2.104024648666382
1710533133370272839,-9.365723609924316,-1.038240909576416,-1.901645541191101
1710533133431834385,-9.353748321533203,-1.311273217201233,-1.9279906749725342
1710533133452227767,-9.438772201538086,-1.1783496141433716,-2.1219873428344727
1710533133483494261,-9.237590789794922,-0.8777746558189392,-2.135159969329834
1710533133515297329,-9.140591621398926,-0.886157214641571,-1.9387682676315308
1710533133530194310,-9.375304222106934,-0.975970447063446,-1.9243981838226318
1710533133576294046,-9.158555030822754,-1.0310559272766113,-2.075284481048584
1710533133618457851,-9.3309965133667,-1.1160790920257568,-2.286046028137207
1710533133634997097,-9.260342597961426,-0.9735754132270813,-2.2716760635375977
1710533133651908902,-9.315428733825684,-0.9232800006866455,-2.093247175216675
1710533133693358377,-9.255553245544434,-0.7915539741516113,-1.7986596822738647
1710533133746312204,-9.277108192443848,-1.117276668548584,-2.185455322265625
1710533133771477987,-9.248368263244629,-1.107696533203125,-2.2680835723876953
1710533133804830302,-9.231602668762207,-1.0993139743804932,-2.1794676780700684
1710533133851541052,-9.387279510498047,-0.7268884181976318,-2.0800745487213135
1710533133860483299,-9.261540412902832,-0.7544311285018921,-2.0896544456481934
1710533133876691439,-9.081913948059082,-1.071771264076233,-2.126777410507202
1710533133878817889,-9.238787651062012,-1.3208532333374023,-2.0728893280029297
1710533133904024958,-9.187294960021973,-0.7125183343887329,-1.7974621057510376
1710533133918725539,-9.275910377502441,-0.8622070550918579,-1.9890637397766113
1710533133941975438,-9.369316101074219,-1.3064831495285034,-2.0405566692352295
1710533133956659670,-9.108259201049805,-1.353186011314392,-2.2010228633880615
1710533133965182689,-9.108259201049805,-1.2765454053878784,-2.2010228633880615
1710533133981791762,-9.3309965133667,-1.1843371391296387,-2.2201831340789795
1710533133990215403,-9.29507064819336,-1.047821044921875,-2.1088147163391113
1710533134013546371,-9.321415901184082,-1.0406359434127808,-2.1387524604797363
1710533134017804134,-9.194479942321777,-1.0106981992721558,-2.1890478134155273
1710533134032389109,-9.398056983947754,-0.89813232421875,-2.024989128112793
1710533134059732066,-9.113049507141113,-0.9627978801727295,-1.961521029472351
1710533134106077522,-9.166936874389648,-0.8849596977233887,-1.966310977935791
1710533134112298986,-9.207653045654297,-0.940045177936554,-2.0321741104125977
1710533134158476903,-9.325008392333984,-1.1460168361663818,-2.195035457611084
1710533134217308184,-9.325008392333984,-0.8897497653961182,-1.969903588294983
1710533134225533524,-9.2208251953125,-0.9484277367591858,-1.969903588294983
1710533134248553913,-9.201664924621582,-1.047821044921875,-1.9711010456085205
1710533134277801302,-9.299860954284668,-1.1496093273162842,-2.0297789573669434
1710533134290738173,-9.251960754394531,-1.1160790920257568,-2.1495299339294434
1710533134330546048,-9.309440612792969,-1.1340417861938477,-2.286046028137207
1710533134343114366,-9.253157615661621,-1.0442285537719727,-2.227368116378784
1710533134361893714,-9.265132904052734,-1.003513216972351,-2.1423449516296387
1710533134376757460,-9.352551460266113,-0.8813672065734863,-2.076481819152832
1710533134385290050,-9.35494613647461,-0.8813672065734863,-2.076481819152832
1710533134412217888,-9.17052936553955,-0.9232800006866455,-2.0908520221710205
1710533134435409063,-9.208849906921387,-1.3855187892913818,-2.125579833984375
1710533134473296388,-9.008866310119629,-0.7580236792564392,-1.9088305234909058
1710533134509209377,-9.369316101074219,-1.197509765625,-2.1818628311157227
1710533134549034087,-9.399253845214844,-0.9496252536773682,-2.2010228633880615
1710533134578285179,-9.195677757263184,-0.9783654808998108,-2.1998255252838135
1710533134624411194,-9.286687850952148,-0.8909472823143005,-1.9112255573272705
1710533134647416865,-9.140591621398926,-0.9436376690864563,-2.083667039871216
1710533134698108651,-9.36332893371582,-1.128054141998291,-2.185455322265625
1710533134702372283,-9.371711730957031,-0.9867480397224426,-2.2094054222106934
1710533134719313849,-9.212442398071289,-0.9556127786636353,-2.263293504714966
1710533134742256381,-9.309440612792969,-1.0154882669448853,-2.234553337097168
1710533134758892600,-9.178912162780762,-0.9687854051589966,-1.9890637397766113
1710533134767330021,-9.265132904052734,-0.9125024676322937,-1.960323452949524
1710533134788460076,-9.190887451171875,-0.928070068359375,-1.9423608779907227
1710533134800868709,-9.190887451171875,-0.928070068359375,-1.9423608779907227
1710533134805229236,-9.309440612792969,-1.1041040420532227,-1.9770885705947876
1710533134823040975,-9.256750106811523,-1.0849438905715942,-2.0094213485717773
1710533134847120942,-9.298663139343262,-1.0849438905715942,-2.1207897663116455
1710533134912313338,-9.286687850952148,-1.2442126274108887,-2.3279590606689453
1710533134954676433,-9.320218086242676,-0.6993457078933716,-2.0525317192077637
1710533135004942663,-9.119036674499512,-0.7951464653015137,-1.832189917564392
1710533135019660760,-9.299860954284668,-1.2597802877426147,-2.044149160385132
1710533135038450136,-9.192085266113281,-1.4058765172958374,-2.203418016433716
1710533135065522548,-9.253157615661621,-1.0130932331085205,-2.185455322265625
1710533135103350561,-9.368119239807129,-1.003513216972351,-2.2608983516693115
1710533135130676078,-9.171727180480957,-0.9592053294181824,-2.136357307434082
1710533135149665222,-9.20645523071289,-1.0310559272766113,-1.945953369140625
1710533135170561015,-9.358538627624512,-0.8849596977233887,-1.8729052543640137
1710533135179091314,-9.358538627624512,-0.8849596977233887,-1.8729052543640137
1710533135214902254,-9.216034889221191,-1.167572021484375,-2.075284481048584
1710533135233679781,-9.336983680725098,-1.1567944288253784,-2.2201831340789795
1710533135256788627,-9.309440612792969,-0.9783654808998108,-2.2680835723876953
1710533135290411065,-9.38608169555664,-0.9651928544044495,-2.125579833984375
1710533135321909407,-9.323810577392578,-0.8442443609237671,-1.8297948837280273
1710533135349175883,-9.228010177612305,-1.0514135360717773,-1.892065405845642
1710533135357846753,-9.287885665893555,-1.1424243450164795,-1.9675085544586182
1710533135374472739,-9.286687850952148,-1.1053014993667603,-2.0022363662719727
1710533135403762273,-9.346563339233398,-1.1388317346572876,-2.2321581840515137
1710533135447851063,-9.298663139343262,-1.233435034751892,-2.315983772277832
1710533135449985470,-9.328600883483887,-1.1999047994613647,-2.2896387577056885
1710533135464391766,-9.313033103942871,-1.0645861625671387,-2.157912492752075
1710533135495902668,-9.291478157043457,-0.7723938226699829,-2.1483325958251953
1710533135533924749,-9.383686065673828,-1.0071057081222534,-1.7651294469833374
1710533135561218373,-9.27112102508545,-0.856219470500946,-1.8836828470230103
1710533135582242476,-9.375304222106934,-1.3148657083511353,-1.9531384706497192
1710533135607453326,-9.433981895446777,-1.0825488567352295,-2.09564208984375
1710533135657813043,-9.475894927978516,-0.999920666217804,-2.3099963665008545
1710533135689133932,-9.395661354064941,-0.9627978801727295,-2.034569025039673
1710533135703759221,-9.356143951416016,-1.0765613317489624,-1.7914745807647705
1710533135733518884,-9.188492774963379,-0.9041198492050171,-1.7854870557785034
1710533135760764650,-9.188492774963379,-0.9041198492050171,-1.7854870557785034
1710533135785907245,-9.283095359802246,-1.1639795303344727,-2.256108283996582
1710533135794344922,-9.345366477966309,-0.9340575933456421,-2.2908360958099365
1710533135808967027,-9.286687850952148,-0.8921447992324829,-2.3076012134552
1710533135846915755,-9.321415901184082,-1.087338924407959,-2.0130138397216797
1710533135861367899,-9.207653045654297,-1.0801538228988647,-1.9291882514953613
1710533135874177541,-9.302255630493164,-0.9364526271820068,-1.7687219381332397
1710533135897223065,-9.301058769226074,-1.1867321729660034,-1.9543359279632568
1710533135913965851,-9.30345344543457,-1.1903246641159058,-1.9627184867858887
1710533135922466522,-9.248368263244629,-1.0442285537719727,-2.106419563293457
1710533135943439734,-9.248368263244629,-1.0442285537719727,-2.106419563293457
1710533135971142638,-9.335785865783691,-1.053808569908142,-2.272873640060425
1710533135995970460,-9.301058769226074,-1.038240909576416,-2.0716919898986816
1710533136025523862,-9.352551460266113,-1.0298583507537842,-1.939965844154358
1710533136065453923,-9.357341766357422,-1.0729687213897705,-1.8693127632141113
1710533136093300910,-9.040000915527344,-0.8406518697738647,-1.9291882514953613
1710533136124503778,-9.395661354064941,-0.8454418778419495,-1.9279906749725342
1710533136145354976,-9.315428733825684,-1.3088781833648682,-2.114802360534668
1710533136166667289,-9.308243751525879,-0.9580078125,-2.167492628097534
1710533136198038494,-9.310638427734375,-0.9472302198410034,-2.156715154647827
1710533136229282641,-9.335785865783691,-0.9963281154632568,-2.1219873428344727
1710533136271041497,-9.224417686462402,-0.910107433795929,-1.876497745513916
1710533136303042922,-9.334589004516602,-1.3256433010101318,-2.047741651535034
1710533136325864849,-9.237590789794922,-1.3998888731002808,-2.1483325958251953
1710533136346951572,-9.265132904052734,-0.9484277367591858,-2.274070978164673
1710533136363650310,-9.298663139343262,-0.9891430735588074,-2.2489233016967773
1710533136386757793,-9.293872833251953,-1.008303165435791,-2.0800745487213135
1710533136416076557,-9.298663139343262,-0.8214917182922363,-1.7950671911239624
1710533136435041974,-9.194479942321777,-0.8765771389007568,-1.810634732246399
1710533136468461197,-9.20645523071289,-1.098116397857666,-2.0285816192626953
1710533136495849718,-9.20645523071289,-1.098116397857666,-2.0285816192626953
1710533136498011169,-9.279502868652344,-1.093326449394226,-2.106419563293457
1710533136529585881,-9.340576171875,-1.1663745641708374,-2.2525157928466797
1710533136565320292,-9.321415901184082,-0.9939330816268921,-2.017803907394409
1710533136567409382,-9.35494613647461,-0.9017248749732971,-2.036964178085327
1710533136586381741,-9.307045936584473,-0.7496411204338074,-2.083667039871216
1710533136611871805,-9.323810577392578,-1.2741503715515137,-1.8010547161102295
1710533136626514957,-9.169332504272461,-0.940045177936554,-1.8214123249053955
1710533136661862678,-9.236392974853516,-0.8598120212554932,-1.8441650867462158
1710533136693474406,-9.265132904052734,-1.2741503715515137,-2.2297632694244385
1710533136765234939,-9.248368263244629,-1.098116397857666,-2.153122663497925
1710533136784868796,-9.24357795715332,-1.0729687213897705,-1.820214867591858
1710533136821792799,-9.24357795715332,-1.0729687213897705,-1.820214867591858
1710533136863669957,-9.322613716125488,-1.272952914237976,-2.212998151779175
1710533136916397532,-9.335785865783691,-1.0047106742858887,-2.2213807106018066
1710533136924828694,-9.272317886352539,-0.9496252536773682,-2.2429358959198
1710533136933227871,-9.31782341003418,-1.0226733684539795,-2.1495299339294434
1710533136941691911,-9.245972633361816,-1.1268566846847534,-2.0190014839172363
1710533136979534456,-9.231602668762207,-0.886157214641571,-1.8010547161102295
1710533137009024303,-9.297466278076172,-1.0789562463760376,-1.9734960794448853
1710533137038433956,-9.322613716125488,-1.0957214832305908,-2.1591100692749023
1710533137060074950,-9.305848121643066,-1.2310400009155273,-2.246528387069702
1710533137069741876,-9.30345344543457,-1.1963123083114624,-2.163900136947632
1710533137097027308,-9.279502868652344,-1.0142908096313477,-2.0597167015075684
1710533137114090389,-9.334589004516602,-0.969982922077179,-1.951940894126892
1710533137126651669,-9.40045166015625,-0.850231945514679,-2.046544075012207
1710533137147704220,-9.394464492797852,-1.1963123083114624,-1.960323452949524
1710533137166638875,-9.412426948547363,-1.2082873582839966,-1.930385708808899
1710533137172850248,-9.144184112548828,-0.9196875095367432,-1.8453625440597534
1710533137179205981,-9.144184112548828,-0.9196875095367432,-1.8453625440597534
1710533137212869210,-9.236392974853516,-1.1208691596984863,-1.8848804235458374
1710533137277889271,-9.394464492797852,-0.9316626191139221,-2.1686902046203613
1710533137313853283,-9.348958969116211,-0.9675878882408142,-1.991458773612976
1710533137330536122,-9.32620620727539,-1.0657837390899658,-1.8537451028823853
1710533137347652164,-9.366921424865723,-1.0430309772491455,-1.7830920219421387
1710533137360145186,-9.249565124511719,-0.9855505228042603,-1.7926721572875977
1710533137467030380,-9.351353645324707,-0.975970447063446,-2.145937442779541
1710533137500684390,-9.309440612792969,-0.9867480397224426,-1.9351757764816284
1710533137576139929,-9.35494613647461,-1.117276668548584,-2.124382257461548
1710533137580591915,-9.301058769226074,-1.0789562463760376,-2.167492628097534
1710533137586832506,-9.273515701293945,-1.0969189405441284,-2.2405407428741455
1710533137607935544,-9.366921424865723,-1.1891272068023682,-2.253713369369507
1710533137637547698,-9.301058769226074,-1.1328442096710205,-2.1615052223205566
1710533137645900682,-9.29028034210205,-1.0490185022354126,-2.117197275161743
1710533137664704004,-9.413623809814453,-0.8238866925239563,-1.996248722076416
1710533137675213408,-9.2304048538208,-1.2094848155975342,-2.034569025039673
1710533137698972943,-9.2304048538208,-1.2094848155975342,-2.034569025039673
1710533137721421622,-9.358538627624512,-1.023870825767517,-1.766326904296875
1710533137740621299,-9.422006607055664,-0.9520202875137329,-1.85614013671875
1710533137765595950,-9.309440612792969,-1.356778621673584,-2.1303699016571045
1710533137782678011,-9.388476371765137,-1.3064831495285034,-2.153122663497925
1710533137847548401,-9.333391189575195,-0.9412426948547363,-1.871707797050476
1710533137864096776,-9.2304048538208,-0.9568102955818176,-1.810634732246399
1710533137887269509,-9.320218086242676,-1.063388705253601,-1.8190172910690308
1710533137893876337,-9.345366477966309,-1.0130932331085205,-1.8142273426055908
1710533137917667161,-9.23519515991211,-0.9268725514411926,-1.9423608779907227
1710533137940181886,-9.291478157043457,-1.4106664657592773,-2.175875186920166
1710533137971433722,-9.332193374633789,-1.1184741258621216,-2.2094054222106934
1710533137983901190,-9.319021224975586,-1.038240909576416,-2.195035457611084
1710533137999440341,-9.272317886352539,-1.0047106742858887,-2.1722826957702637
1710533138043112956,-9.335785865783691,-0.9208850264549255,-1.745969295501709
1710533138095817745,-9.285490989685059,-1.1424243450164795,-2.00822377204895
1710533138148271542,-9.27112102508545,-1.2992980480194092,-2.3004162311553955
1710533138215651221,-9.384883880615234,-0.7436535358428955,-1.9986437559127808
1710533138268071972,-9.250762939453125,-0.9316626191139221,-1.8453625440597534
1710533138299538031,-9.302255630493164,-1.1208691596984863,-1.8729052543640137
1710533138322595063,-9.259145736694336,-1.4585669040679932,-2.1794676780700684
1710533138329012826,-9.41003131866455,-1.383123755455017,-2.107617139816284
1710533138352781979,-9.262738227844238,-1.0047106742858887,-2.2285656929016113
1710533138366928361,-9.29028034210205,-1.0047106742858887,-2.2285656929016113
1710533138373168281,-9.281898498535156,-1.0526111125946045,-2.1207897663116455
1710533138410961157,-9.217232704162598,-0.9568102955818176,-1.8836828470230103
1710533138438583831,-9.3501558303833,-1.0502160787582397,-1.8381774425506592
1710533138442688252,-9.36332893371582,-0.9855505228042603,-1.7399816513061523
1710533138448999321,-9.28070068359375,-0.9208850264549255,-1.7854870557785034
1710533138476291295,-9.250762939453125,-0.9915381073951721,-1.9579284191131592
1710533138499219121,-9.311836242675781,-1.277742862701416,-2.0393590927124023
1710533138530912057,-9.305848121643066,-1.047821044921875,-2.18306040763855
1710533138614581334,-9.253157615661621,-1.0897338390350342,-1.8633252382278442
1710533138629506764,-9.321415901184082,-1.1364368200302124,-1.8944604396820068
1710533138652573050,-9.339378356933594,-1.0597960948944092,-2.0812718868255615
1710533138673409284,-9.325008392333984,-1.131646752357483,-2.224973201751709
1710533138698917162,-9.328600883483887,-1.1783496141433716,-2.3016138076782227
1710533138701001471,-9.325008392333984,-1.1999047994613647,-2.2680835723876953
1710533138709354088,-9.320218086242676,-1.2011022567749023,-2.1686902046203613
1710533138734598386,-9.332193374633789,-1.0753637552261353,-1.960323452949524
1710533138749403086,-9.352551460266113,-1.01788330078125,-1.900447964668274
1710533138778903468,-9.171727180480957,-0.8705896139144897,-2.036964178085327
1710533138846156469,-9.412426948547363,-0.9484277367591858,-1.900447964668274
1710533138860680426,-9.32620620727539,-1.1148816347122192,-1.9782861471176147
1710533138928373946,-9.213640213012695,-1.1064990758895874,-2.004631280899048
1710533138942894213,-9.156159400939941,-1.1412267684936523,-2.0429515838623047
1710533139001500998,-9.405241966247559,-1.0466235876083374,-1.9052380323410034
1710533139016432553,-9.176517486572266,-1.0154882669448853,-2.0130138397216797
1710533139018579356,-9.36332893371582,-1.0550061464309692,-2.0118165016174316
1710533139041508314,-9.255553245544434,-1.353186011314392,-2.086061954498291
1710533139070995840,-9.365723609924316,-1.3184581995010376,-2.0680992603302
1710533139079208466,-9.298663139343262,-1.087338924407959,-2.076481819152832
1710533139102641098,-9.344168663024902,-1.0106981992721558,-2.056124210357666
1710533139144521003,-9.289083480834961,-0.8011340498924255,-1.880090355873108
1710533139199274799,-9.305848121643066,-1.1424243450164795,-1.906435489654541
1710533139207742822,-9.32620620727539,-1.227447509765625,-2.027384042739868
1710533139243228465,-9.285490989685059,-1.2705578804016113,-2.117197275161743
1710533139287067468,-9.368119239807129,-0.9496252536773682,-2.0130138397216797
1710533139333372575,-9.372908592224121,-0.766406238079071,-2.06330943107605
1710533139337644034,-9.195677757263184,-0.8825647234916687,-2.014211416244507
1710533139354944405,-9.162147521972656,-0.9065148830413818,-1.790277123451233
1710533139383880598,-9.199270248413086,-0.946032702922821,-1.7950671911239624
1710533139394315484,-9.279502868652344,-1.2705578804016113,-1.8812878131866455
1710533139400819625,-9.359736442565918,-1.4322216510772705,-1.9279906749725342
1710533139423834894,-9.3501558303833,-1.3388159275054932,-2.1004321575164795
1710533139446811048,-9.333391189575195,-1.1759545803070068,-2.0920495986938477
1710533139459426821,-9.274713516235352,-0.987945556640625,-2.1710851192474365
1710533139467646667,-9.348958969116211,-0.9735754132270813,-2.174677848815918
1710533139507419544,-9.267528533935547,-0.987945556640625,-1.8034497499465942
1710533139537185360,-9.28070068359375,-1.0705736875534058,-1.7651294469833374
1710533139541197419,-9.301058769226074,-1.047821044921875,-1.730401635169983
1710533139543320101,-9.298663139343262,-1.0154882669448853,-1.7435742616653442
1710533139556063151,-9.241183280944824,-1.1627819538116455,-2.0213963985443115
1710533139579226491,-9.31782341003418,-1.3759387731552124,-2.1399500370025635
1710533139604433707,-9.346563339233398,-1.2549902200698853,-2.216590642929077
1710533139633658893,-9.333391189575195,-1.0466235876083374,-2.1998255252838135
1710533139648621954,-9.299860954284668,-1.107696533203125,-2.0309765338897705
1710533139657391289,-9.309440612792969,-1.0394384860992432,-1.8046472072601318
1710533139677970061,-9.309440612792969,-1.0047106742858887,-1.7112414836883545
1710533139720246437,-9.254355430603027,-1.0286608934402466,-1.7651294469833374
1710533139739117227,-9.291478157043457,-1.0741662979125977,-1.9208056926727295
1710533139760241727,-9.308243751525879,-1.01788330078125,-2.0884571075439453
1710533139762271383,-9.328600883483887,-1.0490185022354126,-2.1519250869750977
1710533139798018187,-9.283095359802246,-1.307680606842041,-2.306403875350952
1710533139835830071,-9.29028034210205,-1.181942105293274,-1.9830762147903442
1710533139864978272,-9.31782341003418,-1.1088939905166626,-1.9208056926727295
1710533139881628740,-9.268725395202637,-1.1064990758895874,-1.7435742616653442
1710533139919714873,-9.293872833251953,-0.8430469036102295,-1.716031551361084
1710533139925883583,-9.372908592224121,-1.011895775794983,-1.8154247999191284
1710533139970184625,-9.29028034210205,-1.4346166849136353,-2.153122663497925
1710533139984955346,-9.32620620727539,-1.1448193788528442,-2.2082080841064453
1710533140014179744,-9.358538627624512,-1.0154882669448853,-2.1782703399658203
1710533140018273448,-9.28070068359375,-1.062191128730774,-2.135159969329834
1710533140028722359,-9.352551460266113,-1.0490185022354126,-1.9339783191680908
1710533140047807769,-9.201664924621582,-0.9424402117729187,-1.7387841939926147
1710533140060334056,-9.214838027954102,-1.008303165435791,-1.7699193954467773
1710533140083541494,-9.279502868652344,-1.033450961112976,-1.6872912645339966
1710533140091952047,-9.302255630493164,-0.9292675852775574,-1.712438941001892
1710533140098435501,-9.20645523071289,-0.9328601360321045,-1.7914745807647705
1710533140106386050,-9.29507064819336,-1.1328442096710205,-2.00822377204895
1710533140121101448,-9.32620620727539,-1.2765454053878784,-2.0621118545532227
1710533140152554084,-9.352551460266113,-1.2490026950836182,-2.2489233016967773
1710533140169209964,-9.310638427734375,-1.068178653717041,-2.294428825378418
1710533140219683278,-9.269923210144043,-1.0562036037445068,-1.9291882514953613
1710533140232475225,-9.269923210144043,-1.0562036037445068,-1.9291882514953613
1710533140253228728,-9.223219871520996,-0.9867480397224426,-1.6346008777618408
1710533140272170949,-9.267528533935547,-1.092128872871399,-1.945953369140625
1710533140280574609,-9.267528533935547,-1.092128872871399,-1.945953369140625
1710533140293052043,-9.381291389465332,-1.107696533203125,-2.12797474861145
1710533140331250181,-9.284293174743652,-1.1843371391296387,-2.2692809104919434
1710533140354238555,-9.32620620727539,-1.2442126274108887,-2.293231248855591
1710533140360419814,-9.353748321533203,-1.241817593574524,-2.2201831340789795
1710533140392017382,-9.307045936584473,-1.1029064655303955,-1.9926562309265137
1710533140413164946,-9.378896713256836,-0.9807605147361755,-1.9243981838226318
1710533140450764281,-9.196874618530273,-0.9795629978179932,-1.7483642101287842
1710533140459495251,-9.129814147949219,-0.8430469036102295,-1.7890795469284058
1710533140473825995,-9.490264892578125,-1.0370434522628784,-1.751956820487976
1710533140486276450,-9.256750106811523,-1.4537768363952637,-2.125579833984375
1710533140518473962,-9.336983680725098,-1.1412267684936523,-2.0908520221710205
1710533140541241635,-9.336983680725098,-1.1208691596984863,-2.184257745742798
1710533140570456932,-9.25794792175293,-0.9627978801727295,-2.034569025039673
1710533140591452781,-9.357341766357422,-0.9196875095367432,-1.9243981838226318
1710533140614449653,-9.251960754394531,-1.087338924407959,-1.780696988105774
1710533140637764348,-9.261540412902832,-0.9196875095367432,-1.780696988105774
1710533140660534565,-9.328600883483887,-1.3855187892913818,-2.0884571075439453
1710533140692206599,-9.31782341003418,-1.2801378965377808,-2.244133234024048
1710533140711149890,-9.333391189575195,-1.068178653717041,-2.226170539855957
1710533140727924714,-9.35494613647461,-1.083746314048767,-2.2106029987335205
1710533140751098660,-9.302255630493164,-1.0550061464309692,-1.8824853897094727
1710533140753431417,-9.302255630493164,-1.0550061464309692,-1.706451416015625
1710533140774328421,-9.263935089111328,-0.8885522484779358,-1.7112414836883545
1710533140789094794,-9.232800483703613,-0.9340575933456421,-1.756746768951416
1710533140824689397,-9.301058769226074,-1.027463436126709,-1.7711169719696045
1710533140878860601,-9.35494613647461,-1.2909154891967773,-2.305206298828125
1710533140929530045,-9.319021224975586,-1.1603869199752808,-1.961521029472351
1710533140969403103,-9.362131118774414,-0.7209008932113647,-1.9734960794448853
1710533140975757410,-9.157357215881348,-0.8155041337013245,-1.8932629823684692
1710533140990199977,-9.422006607055664,-1.0406359434127808,-1.7794995307922363
1710533141047276756,-9.133406639099121,-1.452579379081726,-2.066901922225952
1710533141097729587,-9.223219871520996,-1.1268566846847534,-2.1615052223205566
1710533141110435223,-9.457932472229004,-1.0957214832305908,-2.087259531021118
1710533141112484981,-9.2112455368042,-1.0154882669448853,-2.0692968368530273
1710533141131211540,-9.278306007385254,-0.9807605147361755,-2.0429515838623047
1710533141148269092,-9.383686065673828,-0.9376501441001892,-1.7926721572875977
1710533141150367711,-9.383686065673828,-0.9376501441001892,-1.7926721572875977
1710533141162934929,-9.404044151306152,-1.011895775794983,-1.772314429283142
1710533141186166081,-9.36332893371582,-0.9508227705955505,-1.7375866174697876
1710533141200933011,-9.184900283813477,-1.0669811964035034,-1.8980529308319092
1710533141223905490,-9.358538627624512,-1.392703890800476,-2.0034339427948
1710533141322553612,-9.336983680725098,-0.9556127786636353,-1.7196240425109863
1710533141343357761,-9.314230918884277,-0.969982922077179,-1.7148339748382568
1710533141366695415,-9.249565124511719,-1.1053014993667603,-1.756746768951416
1710533141381115966,-9.310638427734375,-1.128054141998291,-1.7974621057510376
1710533141400224263,-9.347761154174805,-1.128054141998291,-2.0585193634033203
1710533141419104848,-9.336983680725098,-1.2585827112197876,-2.193837881088257
1710533141442149131,-9.364526748657227,-1.2011022567749023,-2.246528387069702
1710533141471417863,-9.384883880615234,-1.0202783346176147,-1.9651135206222534
1710533141538827210,-9.5704984664917,-1.1292517185211182,-1.730401635169983
1710533141559638287,-9.2208251953125,-0.8478369116783142,-1.745969295501709
1710533141589324756,-9.26633071899414,-1.371148705482483,-2.1878502368927
1710533141612445717,-9.369316101074219,-1.1807446479797363,-2.1483325958251953
1710533141629173055,-9.293872833251953,-1.1124866008758545,-2.2321581840515137
1710533141643784783,-9.360934257507324,-1.098116397857666,-2.2189855575561523
1710533141671082706,-9.353748321533203,-0.9472302198410034,-1.781894564628601
1710533141690322552,-9.208849906921387,-1.053808569908142,-1.7531542778015137
1710533141749040062,-9.152566909790039,-0.9376501441001892,-1.8872753381729126
1710533141761630002,-9.35494613647461,-1.2502001523971558,-2.038161516189575
1710533141769830859,-9.35494613647461,-1.3855187892913818,-2.0788769721984863
1710533141776197084,-9.299860954284668,-1.3903088569641113,-2.212998151779175
1710533141793214001,-9.325008392333984,-1.1927196979522705,-2.2201831340789795
1710533141824513625,-9.302255630493164,-1.1160790920257568,-2.2585034370422363
1710533141847578651,-9.27112102508545,-1.041833519935608,-1.8250049352645874
1710533141897934626,-9.314230918884277,-1.0957214832305908,-1.7747094631195068
1710533141944321691,-9.307045936584473,-1.107696533203125,-2.056124210357666
1710533141950979852,-9.353748321533203,-1.0897338390350342,-2.1483325958251953
1710533141958913233,-9.316625595092773,-1.211879849433899,-2.274070978164673
1710533141986872380,-9.369316101074219,-1.3208532333374023,-2.2393431663513184
1710533142011289361,-9.293872833251953,-1.191522240638733,-1.8944604396820068
1710533142047422337,-9.418414115905762,-0.9113049507141113,-1.8992505073547363
1710533142055948286,-9.140591621398926,-1.1041040420532227,-1.981878638267517
1710533142076490858,-9.439969062805176,-1.0813512802124023,-1.8297948837280273
1710533142083259099,-9.439969062805176,-1.0813512802124023,-1.8297948837280273
1710533142108365516,-9.449549674987793,-1.0813512802124023,-1.811832308769226
1710533142146160436,-9.136999130249023,-1.3424084186553955,-2.056124210357666
1710533142169263923,-9.291478157043457,-1.3519885540008545,-2.1088147163391113
1710533142219834087,-9.29028034210205,-0.9639953374862671,-2.0513341426849365
1710533142228243839,-9.347761154174805,-0.9364526271820068,-1.7986596822738647
1710533142236583561,-9.369316101074219,-0.9723779559135437,-1.7435742616653442
1710533142257467713,-9.192085266113281,-1.1855347156524658,-1.7435742616653442
1710533142280774297,-9.4603271484375,-0.9639953374862671,-1.670526146888733
1710533142293398235,-9.2304048538208,-0.9017248749732971,-1.8010547161102295
1710533142327341610,-9.352551460266113,-1.391506314277649,-2.005828857421875
1710533142354453616,-9.384883880615234,-1.093326449394226,-2.133962392807007
1710533142364989899,-9.29028034210205,-1.0729687213897705,-2.224973201751709
1710533142371257405,-9.365723609924316,-1.0765613317489624,-2.094444513320923
1710533142409265867,-9.304651260375977,-1.057401180267334,-1.8309924602508545
1710533142415864554,-9.261540412902832,-1.0585986375808716,-1.8297948837280273
1710533142432283926,-9.228010177612305,-1.0346484184265137,-1.7172290086746216
1710533142453171881,-9.338181495666504,-1.117276668548584,-1.7555493116378784
1710533142461578365,-9.256750106811523,-1.1184741258621216,-1.8788927793502808
1710533142469983227,-9.314230918884277,-1.1029064655303955,-1.9878661632537842
1710533142522921168,-9.368119239807129,-1.2394225597381592,-2.1926403045654297
1710533142535276130,-9.286687850952148,-1.161584496498108,-2.047741651535034
1710533142566935956,-9.3309965133667,-1.038240909576416,-1.841770052909851
1710533142575248980,-9.419611930847168,-0.928070068359375,-1.9208056926727295
1710533142591887414,-9.121432304382324,-0.946032702922821,-1.9734960794448853
1710533142594109713,-9.159751892089844,-1.217867374420166,-2.0213963985443115
1710533142626037912,-9.223219871520996,-1.0346484184265137,-1.840572476387024
1710533142648594831,-9.104666709899902,-0.8454418778419495,-1.7495617866516113
1710533142663304422,-9.193282127380371,-0.8705896139144897,-1.8537451028823853
1710533142686453981,-9.157357215881348,-1.427431583404541,-2.0704944133758545
1710533142701209683,-9.239985466003418,-1.3891112804412842,-2.0213963985443115
1710533142732676927,-9.418414115905762,-1.147214412689209,-2.074086904525757
1710533142776843276,-9.396859169006348,-0.9268725514411926,-1.7794995307922363
1710533142791587883,-9.273515701293945,-1.157991886138916,-1.7998571395874023
1710533142800018208,-9.366921424865723,-1.0885363817214966,-1.7747094631195068
1710533142843975963,-9.17531967163086,-1.0214757919311523,-1.910028100013733
1710533142852462989,-9.31782341003418,-1.4705419540405273,-2.023791551589966
1710533142866989825,-9.26633071899414,-1.452579379081726,-2.1016297340393066
1710533142898788260,-9.342970848083496,-1.1663745641708374,-2.143542528152466
1710533142903093749,-9.304651260375977,-1.027463436126709,-2.2225780487060547
1710533142924885734,-9.332193374633789,-1.0657837390899658,-1.9782861471176147
1710533142934567069,-9.274713516235352,-1.0166858434677124,-1.8309924602508545
1710533142957530312,-9.339378356933594,-0.9424402117729187,-1.6657360792160034
1710533142999500270,-9.233997344970703,-1.093326449394226,-1.7974621057510376
1710533143012086843,-9.346563339233398,-1.1496093273162842,-1.756746768951416
1710533143024654448,-9.316625595092773,-1.1963123083114624,-1.9926562309265137
1710533143037357980,-9.35494613647461,-1.2525951862335205,-2.1195921897888184
1710533143060376196,-9.322613716125488,-1.2897180318832397,-2.246528387069702
1710533143113072757,-9.340576171875,-1.1555969715118408,-1.8729052543640137
1710533143127758958,-9.311836242675781,-0.7652087211608887,-1.9782861471176147
1710533143188693357,-9.292675971984863,-0.8921447992324829,-1.662143588066101
1710533143264532064,-9.233997344970703,-1.13763427734375,-2.197430372238159
1710533143278821249,-9.40045166015625,-1.1699670553207397,-2.1303699016571045
1710533143308411044,-9.30345344543457,-1.1160790920257568,-2.0812718868255615
1710533143354573606,-9.250762939453125,-0.9220825433731079,-1.7256115674972534
1710533143375568371,-9.260342597961426,-1.177152156829834,-1.9387682676315308
1710533143398710690,-9.359736442565918,-1.331630825996399,-1.9339783191680908
1710533143421846246,-9.35494613647461,-1.4262341260910034,-2.005828857421875
1710533143438529828,-9.277108192443848,-1.3795312643051147,-2.076481819152832
1710533143457460545,-9.383686065673828,-1.1029064655303955,-2.1986279487609863
1710533143459483766,-9.304651260375977,-1.0897338390350342,-2.2213807106018066
1710533143482685666,-9.320218086242676,-1.122066617012024,-1.8573375940322876
1710533143495155334,-9.299860954284668,-1.1244616508483887,-1.7974621057510376
1710533143518688466,-9.316625595092773,-1.0442285537719727,-1.662143588066101
1710533143520844673,-9.283095359802246,-0.9855505228042603,-1.607058048248291
1710533143541786971,-9.2304048538208,-0.9783654808998108,-1.6753162145614624
1710533143579723908,-9.321415901184082,-1.0957214832305908,-2.0393590927124023
1710533143594476871,-9.356143951416016,-1.203497290611267,-2.2321581840515137
1710533143623811810,-9.311836242675781,-1.1711645126342773,-2.0597167015075684
1710533143668189471,-9.396859169006348,-0.975970447063446,-1.8944604396820068
1710533143691014937,-9.327404022216797,-0.8765771389007568,-1.9782861471176147
1710533143699274031,-9.099876403808594,-0.9544152617454529,-1.9471508264541626
1710533143745609732,-9.431587219238281,-0.9867480397224426,-1.7639318704605103
1710533143771022888,-9.20645523071289,-1.3962963819503784,-1.9974462985992432
1710533143796759287,-9.393266677856445,-1.1292517185211182,-1.9184106588363647
1710533143827774134,-9.396859169006348,-1.0885363817214966,-2.0525317192077637
1710533143880532667,-9.212442398071289,-1.1651769876480103,-1.7747094631195068
1710533143901304294,-9.339378356933594,-1.1484118700027466,-1.7148339748382568
1710533143932719072,-9.239985466003418,-1.197509765625,-1.9375708103179932
1710533143939149746,-9.383686065673828,-1.3639636039733887,-1.939965844154358
1710533143962239325,-9.281898498535156,-1.2981005907058716,-2.064506769180298
1710533143991689981,-9.344168663024902,-0.9651928544044495,-2.185455322265625
1710533144035729695,-9.320218086242676,-1.0442285537719727,-1.8130297660827637
1710533144044203740,-9.304651260375977,-1.041833519935608,-1.631008267402649
1710533144059048899,-9.248368263244629,-1.0729687213897705,-1.6932787895202637
1710533144086179586,-9.310638427734375,-1.1843371391296387,-1.7842895984649658
1710533144126119605,-9.307045936584473,-1.2250524759292603,-2.0680992603302
1710533144134592522,-9.346563339233398,-1.3148657083511353,-2.224973201751709
1710533144187054105,-9.357341766357422,-1.1603869199752808,-2.09564208984375
1710533144193478624,-9.299860954284668,-1.1160790920257568,-2.054926872253418
1710533144208018814,-9.311836242675781,-1.101709008216858,-1.7711169719696045
1710533144216810426,-9.459129333496094,-0.8478369116783142,-1.832189917564392
1710533144268627265,-9.196874618530273,-0.8825647234916687,-1.876497745513916
1710533144298066540,-9.29507064819336,-0.9939330816268921,-1.8297948837280273
1710533144306486314,-9.14657974243164,-1.2585827112197876,-2.0357666015625
1710533144329440774,-9.135802268981934,-1.3747411966323853,-2.0884571075439453
1710533144375662647,-9.399253845214844,-1.1053014993667603,-1.9339783191680908
1710533144396900881,-9.31782341003418,-0.9651928544044495,-1.8297948837280273
1710533144411688961,-9.273515701293945,-1.0346484184265137,-1.756746768951416
1710533144432518220,-9.202862739562988,-1.071771264076233,-1.7339941263198853
1710533144447287577,-9.418414115905762,-1.0047106742858887,-1.6753162145614624
1710533144455549412,-9.418414115905762,-1.0047106742858887,-1.6753162145614624
1710533144463982847,-9.217232704162598,-0.9580078125,-1.8130297660827637
1710533144485092790,-9.32620620727539,-1.3663586378097534,-1.9866687059402466
1710533144501922037,-9.320218086242676,-1.4537768363952637,-2.06330943107605
1710533144520888783,-9.344168663024902,-1.2621753215789795,-2.1195921897888184
1710533144527088376,-9.378896713256836,-1.1627819538116455,-2.087259531021118
1710533144546206283,-9.322613716125488,-1.092128872871399,-2.1219873428344727
1710533144584007806,-9.309440612792969,-1.063388705253601,-1.8848804235458374
1710533144607144932,-9.321415901184082,-1.027463436126709,-1.686093807220459
1710533144636522964,-9.310638427734375,-1.1627819538116455,-1.8453625440597534
1710533144659747712,-9.310638427734375,-1.1627819538116455,-1.8453625440597534
1710533144697671626,-9.35494613647461,-1.2502001523971558,-2.136357307434082
1710533144739711598,-9.310638427734375,-1.2106823921203613,-1.961521029472351
1710533144745954372,-9.298663139343262,-1.2106823921203613,-1.9028429985046387
1710533144779688284,-9.16094970703125,-0.9448351860046387,-1.7926721572875977
1710533144786202408,-9.692644119262695,-1.2238550186157227,-1.5639477968215942
1710533144800546393,-8.964557647705078,-1.062191128730774,-1.7244141101837158
1710533144832217781,-9.430389404296875,-1.0286608934402466,-1.8010547161102295
1710533144855216700,-9.17052936553955,-1.0442285537719727,-1.9387682676315308
1710533144876040750,-9.402846336364746,-1.1951147317886353,-2.09564208984375
1710533144913855705,-9.293872833251953,-1.2046948671340942,-2.0225939750671387
1710533144935480640,-9.254355430603027,-1.1340417861938477,-1.9351757764816284
1710533144945395882,-9.357341766357422,-1.1160790920257568,-1.8573375940322876
1710533144966410364,-9.256750106811523,-1.1184741258621216,-1.7447717189788818
1710533144987514209,-9.283095359802246,-1.147214412689209,-1.780696988105774
1710533145010471223,-9.301058769226074,-0.9532177448272705,-1.9148181676864624
1710533145033500644,-9.307045936584473,-1.0825488567352295,-1.9746936559677124
1710533145062951721,-9.352551460266113,-1.2621753215789795,-1.9711010456085205
1710533145086235426,-9.370513916015625,-1.032253384590149,-1.990261197090149
1710533145111434567,-9.339378356933594,-1.1041040420532227,-1.8178198337554932
1710533145117561803,-9.328600883483887,-1.0729687213897705,-1.756746768951416
1710533145138528388,-9.314230918884277,-0.9975256323814392,-1.6729211807250977
1710533145205882427,-9.305848121643066,-1.2046948671340942,-1.8836828470230103
1710533145220733201,-9.274713516235352,-1.2358300685882568,-1.960323452949524
1710533145241628095,-9.313033103942871,-1.2957055568695068,-2.1016297340393066
1710533145266893764,-9.3309965133667,-1.2058923244476318,-2.0680992603302
1710533145308862664,-9.333391189575195,-0.9544152617454529,-1.8549426794052124
1710533145321553456,-9.062753677368164,-0.8047265410423279,-1.892065405845642
1710533145338256287,-9.425599098205566,-1.2190649509429932,-1.7387841939926147
1710533145355129623,-9.273515701293945,-1.422641634941101,-1.7351917028427124
1710533145372045576,-9.283095359802246,-1.092128872871399,-1.6848962306976318
1710533145386723549,-9.284293174743652,-1.0849438905715942,-1.7830920219421387
1710533145409734866,-9.345366477966309,-1.2442126274108887,-1.9196081161499023
1710533145411860112,-9.31782341003418,-1.356778621673584,-2.026186466217041
1710533145428750723,-9.239985466003418,-1.1903246641159058,-2.0716919898986816
1710533145451855921,-9.444759368896484,-1.0298583507537842,-1.969903588294983
1710533145474939838,-9.444759368896484,-1.0298583507537842,-1.969903588294983
1710533145498085046,-9.339378356933594,-1.143621802330017,-1.742376685142517
1710533145519244460,-9.229207992553711,-1.107696533203125,-1.706451416015625
1710533145550632347,-9.28070068359375,-1.0526111125946045,-1.8034497499465942
1710533145565323891,-9.356143951416016,-1.1292517185211182,-1.939965844154358
1710533145582114042,-9.334589004516602,-1.2442126274108887,-2.014211416244507
1710533145603147320,-9.382489204406738,-1.4250366687774658,-2.057321786880493
1710533145630573658,-9.293872833251953,-1.1591894626617432,-2.053729295730591
1710533145653508202,-9.38608169555664,-1.011895775794983,-1.9184106588363647
1710533145691279471,-9.328600883483887,-1.0550061464309692,-1.6693285703659058
1710533145745897975,-9.26633071899414,-1.2094848155975342,-1.922003149986267
1710533145775311019,-9.357341766357422,-1.2358300685882568,-2.007026433944702
1710533145798408508,-9.368119239807129,-1.3172607421875,-2.074086904525757
1710533145813098583,-9.307045936584473,-1.2861255407333374,-2.0034339427948
1710533145848741856,-9.40045166015625,-1.0777587890625,-1.8142273426055908
1710533145903299193,-9.509425163269043,-1.2142748832702637,-1.6130456924438477
1710533145966562313,-9.35494613647461,-1.3519885540008545,-2.046544075012207
1710533145983326760,-9.3309965133667,-1.3495935201644897,-2.0010387897491455
1710533146006374797,-9.394464492797852,-1.0550061464309692,-1.981878638267517
1710533146042240674,-9.35494613647461,-1.0741662979125977,-1.7555493116378784
1710533146069180109,-9.346563339233398,-1.0909314155578613,-1.6238232851028442
1710533146113374415,-9.29507064819336,-1.0059082508087158,-1.7699193954467773
1710533146130261054,-9.321415901184082,-1.3939013481140137,-2.0213963985443115
1710533146180835868,-9.359736442565918,-1.243015170097351,-2.0704944133758545
1710533146189145971,-9.321415901184082,-1.143621802330017,-2.0812718868255615
1710533146204021156,-9.35494613647461,-1.0669811964035034,-2.0010387897491455
1710533146227062499,-9.340576171875,-1.0645861625671387,-1.6058605909347534
1710533146241752632,-9.321415901184082,-0.9927356243133545,-1.6046631336212158
1710533146262561142,-9.267528533935547,-0.9723779559135437,-1.6573535203933716
1710533146275521002,-9.311836242675781,-1.197509765625,-1.8345849514007568
1710533146300727070,-9.322613716125488,-1.2094848155975342,-1.922003149986267
1710533146323671035,-9.319021224975586,-1.237027645111084,-2.1195921897888184
1710533146332067689,-9.348958969116211,-1.2322375774383545,-2.1327648162841797
1710533146359465124,-9.305848121643066,-1.2621753215789795,-1.9495458602905273
1710533146384773836,-9.319021224975586,-1.1711645126342773,-1.7962646484375
1710533146407629822,-9.370513916015625,-0.9041198492050171,-1.452579379081726
1710533146428765208,-9.320218086242676,-0.8777746558189392,-1.4190490245819092
1710533146458985200,-9.13819694519043,-1.0550061464309692,-1.287322998046875
1710533146487495743,-8.866362571716309,-1.2250524759292603,-1.880090355873108
1710533146519289574,-9.059161186218262,-1.4633569717407227,-2.605781316757202
1710533146533854506,-9.465117454528809,-1.0166858434677124,-2.563868522644043
1710533146554658724,-9.717791557312012,-0.8250842094421387,-2.475252628326416
1710533146578141039,-9.40045166015625,-1.068178653717041,-1.826202392578125
1710533146607498212,-9.186097145080566,-0.9987231492996216,-1.6298108100891113
1710533146617911203,-9.30345344543457,-0.9436376690864563,-1.4837145805358887
1710533146624275560,-9.41482162475586,-1.0562036037445068,-1.4633569717407227
1710533146653578541,-8.980125427246094,-1.4932947158813477,-1.9136205911636353
1710533146661910367,-9.616003036499023,-1.1891272068023682,-1.8848804235458374
1710533146681500708,-9.572893142700195,-1.3184581995010376,-2.332749128341675
1710533146712587000,-9.105864524841309,-1.520837426185608,-2.4680676460266113
1710533146743939895,-9.382489204406738,-0.6981481909751892,-2.086061954498291
1710533146758886246,-9.068741798400879,-0.7077282667160034,-1.951940894126892
1710533146781876321,-8.941805839538574,-1.227447509765625,-2.214195489883423
1710533146813500596,-9.061556816101074,-0.8909472823143005,-2.4584875106811523
1710533146826541910,-9.313033103942871,-0.8825647234916687,-2.4501049518585205
1710533146842587160,-9.473499298095703,-0.8657995462417603,-2.396217107772827
1710533146869630262,-9.188492774963379,-0.8610095381736755,-2.453697443008423
1710533146908173076,-9.357341766357422,-1.460961937904358,-2.0908520221710205
1710533146939284250,-9.463919639587402,-0.8813672065734863,-1.9471508264541626
1710533146975210674,-9.286687850952148,-1.092128872871399,-2.3016138076782227
1710533146989661832,-9.06395149230957,-1.0669811964035034,-2.472857713699341
1710533146996713424,-9.181307792663574,-1.1460168361663818,-2.736309766769409
1710533147013021157,-9.328600883483887,-0.7520361542701721,-2.696791887283325
1710533147029580835,-9.313033103942871,-0.6310876607894897,-2.532733201980591
1710533147052678882,-9.20645523071289,-0.5460644364356995,-2.5099804401397705
1710533147059035045,-9.346563339233398,-0.47062134742736816,-2.2884411811828613
1710533147096921219,-9.218430519104004,-0.5137317180633545,-2.0022363662719727
1710533147111688192,-9.225615501403809,-0.6430627703666687,-2.046544075012207
1710533147134865994,-9.127419471740723,-1.3519885540008545,-2.0225939750671387
1710533147147404921,-9.186097145080566,-1.3519885540008545,-2.1183948516845703
1710533147155726210,-9.17531967163086,-0.940045177936554,-2.544708251953125
1710533147170422300,-9.486672401428223,-0.8035290241241455,-2.6716442108154297
1710533147178798720,-9.156159400939941,-0.7197033762931824,-2.8704309463500977
1710533147191267981,-9.126221656799316,-0.8011340498924255,-2.832110643386841
1710533147254303782,-9.019643783569336,-0.706530749797821,-2.2812561988830566
1710533147315149168,-9.329798698425293,-1.161584496498108,-2.5399181842803955
1710533147349028488,-9.289083480834961,-1.0777587890625,-2.615361213684082
1710533147351077624,-8.996891021728516,-0.9125024676322937,-2.785407781600952
1710533147395243155,-9.01844596862793,-1.1508069038391113,-2.433339834213257
1710533147439458083,-9.105864524841309,-0.3436852991580963,-2.57464599609375
1710533147477057529,-9.08670425415039,-0.5891748070716858,-3.341052293777466
1710533147493750300,-9.068741798400879,-0.826281726360321,-3.072810173034668
1710533147517308716,-9.323810577392578,-1.0909314155578613,-2.4896228313446045
1710533147525584008,-8.980125427246094,-1.2705578804016113,-2.3782544136047363
1710533147552936343,-9.134604454040527,-0.44068360328674316,-2.4776477813720703
1710533147573989514,-9.207653045654297,-0.4394860863685608,-2.5818309783935547
1710533147584844881,-9.2304048538208,-0.48259642720222473,-2.7015819549560547
1710533147601474011,-9.247170448303223,-0.4502636790275574,-2.566263437271118
1710533147609696051,-9.159751892089844,-0.6083349585533142,-2.524350643157959
1710533147630645431,-9.099876403808594,-1.0346484184265137,-2.4692652225494385
1710533147649563871,-9.174121856689453,-1.2202624082565308,-2.665656805038452
1710533147666162438,-9.233997344970703,-1.2358300685882568,-2.785407781600952
1710533147689383418,-9.140591621398926,-1.0166858434677124,-2.854863166809082
1710533147710530844,-9.275910377502441,-0.9328601360321045,-2.7482848167419434
1710533147718856540,-9.20645523071289,-0.8226892352104187,-2.632126569747925
1710533147763154656,-9.192085266113281,-0.7795788645744324,-2.3387365341186523
1710533147771422058,-9.208849906921387,-0.7831714153289795,-2.2201831340789795
1710533147779782683,-9.129814147949219,-0.7795788645744324,-2.2417383193969727
1710533147809259783,-9.196874618530273,-0.6837780475616455,-2.6584715843200684
1710533147823758327,-9.177715301513672,-0.8286767601966858,-2.686014413833618
1710533147844833384,-9.122629165649414,-1.0801538228988647,-2.5279431343078613
1710533147859548918,-9.142987251281738,-1.113684058189392,-2.4680676460266113
1710533147886948233,-9.165740013122559,-0.9376501441001892,-2.555485725402832
1710533147893134896,-9.154962539672852,-0.7412585616111755,-2.675236701965332
1710533147910027638,-9.177715301513672,-0.7220984101295471,-2.6979894638061523
1710533147963127598,-9.18370246887207,-0.8586145043373108,-2.5494983196258545
1710533147979327915,-9.168134689331055,-0.969982922077179,-2.553090810775757
1710533148004491170,-9.180109977722168,-0.9256750345230103,-2.6117687225341797
1710533148034098982,-9.168134689331055,-0.89813232421875,-2.5782384872436523
1710533148078021780,-9.168134689331055,-0.856219470500946,-2.493215322494507
1710533148107537333,-9.166936874389648,-0.8777746558189392,-2.4896228313446045
1710533148130750782,-9.188492774963379,-0.9735754132270813,-2.656076669692993
1710533148145290545,-9.187294960021973,-0.9675878882408142,-2.656076669692993
1710533148181126722,-9.19807243347168,-0.9268725514411926,-2.6309289932250977
1710533148206400265,-9.168134689331055,-0.8622070550918579,-2.496807813644409
1710533148242285564,-9.178912162780762,-0.7747887969017029,-2.5291407108306885
1710533148252926825,-9.18370246887207,-0.7879614233970642,-2.533930778503418
1710533148275794453,-9.158555030822754,-0.8190966844558716,-2.5387206077575684
1710533148295050741,-9.134604454040527,-0.8849596977233887,-2.563868522644043
1710533148315824886,-9.188492774963379,-0.9520202875137329,-2.665656805038452
1710533148349565389,-9.145381927490234,-0.9077123999595642,-2.5483007431030273
1710533148376949143,-9.19807243347168,-0.8598120212554932,-2.505190372467041
1710533148385249929,-9.172924995422363,-0.8119116425514221,-2.5004003047943115
1710533148391515097,-9.166936874389648,-0.77838134765625,-2.525547981262207
1710533148416701738,-9.164542198181152,-0.7891589403152466,-2.5794360637664795
1710533148429639804,-9.150172233581543,-0.8238866925239563,-2.586621046066284
1710533148469359285,-9.157357215881348,-0.9891430735588074,-2.545905828475952
1710533148484880145,-9.190887451171875,-0.9580078125,-2.556683301925659
1710533148499047619,-9.212442398071289,-0.9125024676322937,-2.596201181411743
1710533148507293467,-9.171727180480957,-0.8394543528556824,-2.636916399002075
1710533148530538209,-9.178912162780762,-0.8298742771148682,-2.5411157608032227
1710533148543212113,-9.176517486572266,-0.8825647234916687,-2.4800426959991455
1710533148566465727,-9.164542198181152,-0.9029223918914795,-2.4788451194763184
1710533148574669267,-9.164542198181152,-0.9029223918914795,-2.4788451194763184
1710533148595535552,-9.163344383239746,-0.8957372903823853,-2.5315356254577637
1710533148629291390,-9.17531967163086,-0.8849596977233887,-2.5985960960388184
1710533148654602121,-9.165740013122559,-0.9113049507141113,-2.526745557785034
1710533148662807375,-9.164542198181152,-0.8849596977233887,-2.5099804401397705
1710533148709084500,-9.172924995422363,-0.8167016506195068,-2.5303380489349365
1710533148761563211,-9.17052936553955,-0.8825647234916687,-2.5806336402893066
1710533148767782616,-9.162147521972656,-0.9041198492050171,-2.586621046066284
1710533148805642654,-9.166936874389648,-0.8813672065734863,-2.5291407108306885
1710533148826553539,-9.192085266113281,-0.8059240579605103,-2.563868522644043
1710533148851761747,-9.176517486572266,-0.8250842094421387,-2.5399181842803955
1710533148866290467,-9.163344383239746,-0.8454418778419495,-2.5315356254577637
1710533148891979939,-9.169332504272461,-0.8729846477508545,-2.5686583518981934
