bag_timestamp_ns,accel0_x,accel0_y,accel0_z
1710532716986622453,-9.150172233581543,-1.0286608934402466,-2.5219554901123047
1710532717032987139,-9.16094970703125,-1.0262658596038818,-2.523153066635132
1710532717083235513,-9.189689636230469,-1.0454260110855103,-2.525547981262207
1710532717100160001,-9.177715301513672,-1.0202783346176147,-2.535128116607666
1710532717123276866,-9.156159400939941,-1.041833519935608,-2.5387206077575684
1710532717152758380,-9.158555030822754,-1.0526111125946045,-2.536325693130493
1710532717169552013,-9.140591621398926,-1.0729687213897705,-2.5291407108306885
1710532717182297891,-9.169332504272461,-1.0526111125946045,-2.5494983196258545
1710532717207454499,-9.154962539672852,-1.0214757919311523,-2.5375232696533203
1710532717226433577,-9.162147521972656,-1.008303165435791,-2.5219554901123047
1710532717251555938,-9.156159400939941,-1.008303165435791,-2.5219554901123047
1710532717257905332,-9.156159400939941,-1.008303165435791,-2.505190372467041
1710532717266308985,-9.144184112548828,-1.0071057081222534,-2.505190372467041
1710532717280598983,-9.17531967163086,-1.027463436126709,-2.517165422439575
1710532717326997430,-9.141789436340332,-1.057401180267334,-2.554288387298584
1710532717339771050,-9.162147521972656,-1.0789562463760376,-2.5506958961486816
1710532717356469412,-9.152566909790039,-1.0550061464309692,-2.5399181842803955
1710532717371258284,-9.15137004852295,-1.0562036037445068,-2.54231333732605
1710532717394395888,-9.144184112548828,-1.011895775794983,-2.523153066635132
1710532717421743408,-9.176517486572266,-1.0358459949493408,-2.505190372467041
1710532717438482812,-9.131011962890625,-1.047821044921875,-2.525547981262207
1710532717467800352,-9.176517486572266,-1.0454260110855103,-2.5578808784484863
1710532717484744138,-9.144184112548828,-1.0226733684539795,-2.5614733695983887
1710532717518225194,-9.166936874389648,-1.0454260110855103,-2.5219554901123047
1710532717535107619,-9.182504653930664,-1.0358459949493408,-2.5279431343078613
1710532717558827958,-9.145381927490234,-1.0250684022903442,-2.5602757930755615
1710532717581124025,-9.176517486572266,-1.0562036037445068,-2.54231333732605
1710532717610626645,-9.157357215881348,-1.027463436126709,-2.54231333732605
1710532717640025032,-9.163344383239746,-1.0502160787582397,-2.535128116607666
1710532717686124975,-9.16094970703125,-1.0286608934402466,-2.5411157608032227
1710532717742914537,-9.154962539672852,-1.057401180267334,-2.5387206077575684
1710532717761663176,-9.17052936553955,-1.0585986375808716,-2.5506958961486816
1710532717776415388,-9.17531967163086,-1.053808569908142,-2.543510675430298
1710532717816207836,-9.163344383239746,-0.9987231492996216,-2.5399181842803955
1710532717843862995,-9.171727180480957,-1.068178653717041,-2.5219554901123047
1710532717908821009,-9.162147521972656,-0.9843530058860779,-2.565065860748291
1710532717963490306,-9.15137004852295,-1.0514135360717773,-2.515968084335327
1710532717975931713,-9.158555030822754,-1.0442285537719727,-2.5506958961486816
1710532717992769471,-9.174121856689453,-1.0142908096313477,-2.57464599609375
1710532718009667566,-9.158555030822754,-1.038240909576416,-2.57464599609375
1710532718016023421,-9.147777557373047,-1.0609936714172363,-2.563868522644043
1710532718043382245,-9.16094970703125,-1.0945239067077637,-2.5471031665802
1710532718058015491,-9.164542198181152,-1.041833519935608,-2.5518932342529297
1710532718077504757,-9.169332504272461,-0.9939330816268921,-2.57464599609375
1710532718121337673,-9.171727180480957,-0.9951305985450745,-2.5399181842803955
1710532718138220270,-9.174121856689453,-1.0466235876083374,-2.5578808784484863
1710532718178146816,-9.154962539672852,-1.041833519935608,-2.572251081466675
1710532718197105267,-9.153764724731445,-1.0562036037445068,-2.533930778503418
1710532718231003996,-9.163344383239746,-1.0250684022903442,-2.533930778503418
1710532718232825814,-9.164542198181152,-1.011895775794983,-2.5315356254577637
1710532718247287479,-9.158555030822754,-1.0095007419586182,-2.543510675430298
1710532718270571308,-9.165740013122559,-1.0142908096313477,-2.545905828475952
1710532718294304707,-9.154962539672852,-1.0705736875534058,-2.536325693130493
1710532718306189134,-9.165740013122559,-1.0789562463760376,-2.5315356254577637
1710532718322869635,-9.165740013122559,-1.0789562463760376,-2.5315356254577637
1710532718384061807,-9.162147521972656,-1.0190807580947876,-2.525547981262207
1710532718407032854,-9.16094970703125,-1.023870825767517,-2.5147705078125
1710532718494867464,-9.159751892089844,-1.0490185022354126,-2.556683301925659
1710532718541338834,-9.165740013122559,-1.0454260110855103,-2.525547981262207
1710532718560353812,-9.174121856689453,-1.0190807580947876,-2.5387206077575684
1710532718592234818,-9.158555030822754,-1.0130932331085205,-2.532733201980591
1710532718600443348,-9.162147521972656,-1.0106981992721558,-2.515968084335327
1710532718621563223,-9.164542198181152,-1.038240909576416,-2.506387948989868
1710532718631955352,-9.16094970703125,-1.047821044921875,-2.496807813644409
1710532718638191399,-9.150172233581543,-1.0466235876083374,-2.5195605754852295
1710532718667495453,-9.17052936553955,-1.0502160787582397,-2.5387206077575684
1710532718688286029,-9.177715301513672,-1.053808569908142,-2.5471031665802
1710532718722004544,-9.162147521972656,-1.062191128730774,-2.505190372467041
1710532718789064647,-9.164542198181152,-1.0490185022354126,-2.5183629989624023
1710532718803862056,-9.171727180480957,-1.0370434522628784,-2.5075855255126953
1710532718841668167,-9.166936874389648,-1.057401180267334,-2.5471031665802
1710532718860546777,-9.163344383239746,-1.0358459949493408,-2.5399181842803955
1710532718862639962,-9.16094970703125,-1.0454260110855103,-2.556683301925659
1710532718874981137,-9.164542198181152,-1.023870825767517,-2.5387206077575684
1710532718891810779,-9.159751892089844,-1.0154882669448853,-2.5291407108306885
1710532718906634797,-9.16094970703125,-1.0430309772491455,-2.5207581520080566
1710532718923521788,-9.178912162780762,-1.038240909576416,-2.5219554901123047
1710532718938236485,-9.157357215881348,-1.038240909576416,-2.544708251953125
1710532718959147782,-9.176517486572266,-1.0609936714172363,-2.5614733695983887
1710532718961143695,-9.165740013122559,-1.0514135360717773,-2.5399181842803955
1710532718982536772,-9.19807243347168,-1.0550061464309692,-2.5183629989624023
1710532718998914243,-9.162147521972656,-1.0430309772491455,-2.5291407108306885
1710532719011805290,-9.142987251281738,-1.0370434522628784,-2.5375232696533203
1710532719022266848,-9.159751892089844,-1.0370434522628784,-2.543510675430298
1710532719034914941,-9.165740013122559,-1.0202783346176147,-2.556683301925659
1710532719075983599,-9.177715301513672,-1.01788330078125,-2.5590784549713135
1710532719138145800,-9.177715301513672,-1.041833519935608,-2.5518932342529297
1710532719171707711,-9.150172233581543,-1.0526111125946045,-2.5471031665802
1710532719175933405,-9.162147521972656,-1.0597960948944092,-2.543510675430298
1710532719178094714,-9.16094970703125,-1.0466235876083374,-2.505190372467041
1710532719230353975,-9.172924995422363,-1.0466235876083374,-2.524350643157959
1710532719237080569,-9.174121856689453,-1.0286608934402466,-2.5387206077575684
1710532719253611327,-9.165740013122559,-1.0154882669448853,-2.5518932342529297
1710532719297661939,-9.148974418640137,-1.0597960948944092,-2.535128116607666
1710532719318530177,-9.163344383239746,-1.0154882669448853,-2.526745557785034
1710532719343812099,-9.202862739562988,-1.0514135360717773,-2.5303380489349365
1710532719383736557,-9.180109977722168,-1.0454260110855103,-2.544708251953125
1710532719411113647,-9.182504653930664,-1.053808569908142,-2.517165422439575
1710532719498922497,-9.157357215881348,-1.0250684022903442,-2.563868522644043
1710532719507416781,-9.166936874389648,-1.027463436126709,-2.517165422439575
1710532719528611983,-9.166936874389648,-1.023870825767517,-2.513572931289673
1710532719566292854,-9.168134689331055,-1.0669811964035034,-2.5471031665802
1710532719612657636,-9.16094970703125,-1.0729687213897705,-2.5411157608032227
1710532719621011483,-9.156159400939941,-1.0801538228988647,-2.536325693130493
1710532719627448399,-9.165740013122559,-1.0597960948944092,-2.536325693130493
1710532719656643860,-9.194479942321777,-1.057401180267334,-2.5315356254577637
1710532719734431499,-9.156159400939941,-1.0597960948944092,-2.5099804401397705
1710532719753346233,-9.152566909790039,-1.0550061464309692,-2.5207581520080566
1710532719822489435,-9.163344383239746,-1.0226733684539795,-2.5494983196258545
1710532719839365224,-9.153764724731445,-1.092128872871399,-2.502795457839966
1710532719853945086,-9.148974418640137,-1.1100915670394897,-2.5183629989624023
1710532719919481415,-9.174121856689453,-1.0130932331085205,-2.532733201980591
1710532719950904950,-9.176517486572266,-1.003513216972351,-2.476450204849243
1710532719978200865,-9.165740013122559,-1.0442285537719727,-2.5195605754852295
1710532719986387552,-9.181307792663574,-1.0346484184265137,-2.5590784549713135
1710532720014005098,-9.164542198181152,-1.0825488567352295,-2.6009912490844727
1710532720039026006,-9.142987251281738,-1.0669811964035034,-2.5291407108306885
1710532720093476403,-9.152566909790039,-1.0011181831359863,-2.4788451194763184
1710532720108394001,-9.166936874389648,-1.0106981992721558,-2.5890161991119385
1710532720135767817,-9.176517486572266,-1.083746314048767,-2.565065860748291
1710532720158886231,-9.154962539672852,-1.087338924407959,-2.5195605754852295
1710532720179861143,-9.164542198181152,-0.999920666217804,-2.523153066635132
1710532720205200922,-9.18370246887207,-0.9783654808998108,-2.5375232696533203
1710532720228265177,-9.171727180480957,-0.9771679639816284,-2.536325693130493
1710532720249211149,-9.159751892089844,-1.0406359434127808,-2.486030340194702
1710532720276076530,-9.201664924621582,-1.01788330078125,-2.633323907852173
1710532720321905086,-9.133406639099121,-1.0777587890625,-2.5075855255126953
1710532720325228786,-9.135802268981934,-1.0945239067077637,-2.4788451194763184
1710532720346154842,-9.181307792663574,-0.9663903713226318,-2.5602757930755615
1710532720377350036,-9.200467109680176,-1.027463436126709,-2.5506958961486816
1710532720423535125,-9.145381927490234,-1.092128872871399,-2.5075855255126953
1710532720452895546,-9.166936874389648,-1.0358459949493408,-2.555485725402832
1710532720467517484,-9.17052936553955,-1.0166858434677124,-2.525547981262207
1710532720488333130,-9.162147521972656,-0.9915381073951721,-2.517165422439575
1710532720511349842,-9.166936874389648,-0.9795629978179932,-2.533930778503418
1710532720522098399,-9.14657974243164,-1.0526111125946045,-2.553090810775757
1710532720549232514,-9.169332504272461,-1.0729687213897705,-2.5494983196258545
1710532720646370353,-9.205257415771484,-1.098116397857666,-2.4692652225494385
1710532720677330949,-9.18370246887207,-0.9951305985450745,-2.5710535049438477
1710532720692252305,-9.157357215881348,-1.0466235876083374,-2.5291407108306885
1710532720715225937,-9.157357215881348,-1.0466235876083374,-2.5291407108306885
1710532720797419618,-9.229207992553711,-1.01788330078125,-2.554288387298584
1710532720812359332,-9.154962539672852,-0.9508227705955505,-2.626138925552368
1710532720841792626,-9.168134689331055,-0.9592053294181824,-2.6093738079071045
1710532720858647120,-9.121432304382324,-1.01788330078125,-2.5782384872436523
1710532720918164801,-9.219627380371094,-0.9987231492996216,-2.562670946121216
1710532720938540041,-9.156159400939941,-0.9041198492050171,-2.577040910720825
1710532720944497419,-9.156159400939941,-1.2106823921203613,-2.566263437271118
1710532720976068698,-9.120234489440918,-1.0142908096313477,-2.4489073753356934
1710532720986920330,-9.176517486572266,-1.0669811964035034,-2.5111780166625977
1710532721024601107,-9.168134689331055,-1.083746314048767,-2.5878186225891113
1710532721047519790,-9.140591621398926,-1.0801538228988647,-2.544708251953125
1710532721051710182,-9.159751892089844,-1.0849438905715942,-2.524350643157959
1710532721074746462,-9.181307792663574,-1.063388705253601,-2.5375232696533203
1710532721091744541,-9.157357215881348,-0.9891430735588074,-2.5375232696533203
1710532721113051993,-9.144184112548828,-0.9639953374862671,-2.5387206077575684
1710532721127496671,-9.18370246887207,-1.0011181831359863,-2.524350643157959
1710532721181931902,-9.176517486572266,-1.0945239067077637,-2.612966299057007
1710532721207239865,-9.147777557373047,-1.1244616508483887,-2.5782384872436523
1710532721226169139,-9.131011962890625,-0.9627978801727295,-2.512375593185425
1710532721234477923,-9.194479942321777,-1.0071057081222534,-2.4896228313446045
1710532721261794134,-9.19807243347168,-1.0071057081222534,-2.484832763671875
1710532721284687565,-9.145381927490234,-1.023870825767517,-2.5303380489349365
1710532721299380877,-9.189689636230469,-1.027463436126709,-2.555485725402832
1710532721364991220,-9.105864524841309,-1.092128872871399,-2.545905828475952
1710532721402877175,-9.12382698059082,-1.023870825767517,-2.5315356254577637
1710532721409081448,-9.193282127380371,-1.038240909576416,-2.5099804401397705
1710532721425817793,-9.145381927490234,-0.9065148830413818,-2.6081762313842773
1710532721444619593,-9.116641998291016,-0.9472302198410034,-2.5710535049438477
1710532721448872866,-9.196874618530273,-1.1555969715118408,-2.496807813644409
1710532721453013481,-9.171727180480957,-1.1567944288253784,-2.466870069503784
1710532721471868690,-9.120234489440918,-1.143621802330017,-2.4908204078674316
1710532721553962512,-9.16094970703125,-1.002315640449524,-2.5399181842803955
1710532721616898099,-9.141789436340332,-1.0059082508087158,-2.577040910720825
1710532721675776933,-9.150172233581543,-1.083746314048767,-2.48722767829895
1710532721699128046,-9.204059600830078,-1.1053014993667603,-2.5111780166625977
1710532721711600218,-9.145381927490234,-1.062191128730774,-2.553090810775757
1710532721724323568,-9.212442398071289,-1.0957214832305908,-2.577040910720825
1710532721779041993,-9.153764724731445,-0.9687854051589966,-2.5483007431030273
1710532721808394852,-9.134604454040527,-0.9963281154632568,-2.506387948989868
1710532721831569700,-9.131011962890625,-1.1208691596984863,-2.6081762313842773
1710532721848388940,-9.158555030822754,-1.1196715831756592,-2.5099804401397705
1710532721883756677,-9.237590789794922,-1.063388705253601,-2.545905828475952
1710532721892512547,-9.17052936553955,-0.9532177448272705,-2.5878186225891113
1710532721894296742,-9.125024795532227,-0.9328601360321045,-2.635719060897827
1710532721924059869,-9.178912162780762,-1.057401180267334,-2.575843572616577
1710532721938786182,-9.092691421508789,-1.0777587890625,-2.4716601371765137
1710532721974515699,-9.207653045654297,-1.0597960948944092,-2.4824378490448
1710532722012287795,-9.18370246887207,-1.1148816347122192,-2.4776477813720703
1710532722029081502,-9.133406639099121,-1.047821044921875,-2.4022045135498047
1710532722052179562,-9.121432304382324,-1.027463436126709,-2.363884210586548
1710532722079080017,-9.113049507141113,-1.0526111125946045,-2.426154851913452
1710532722085600437,-9.238787651062012,-0.9663903713226318,-2.5674610137939453
1710532722110835350,-9.15137004852295,-0.9041198492050171,-2.603386163711548
1710532722131871339,-9.242380142211914,-1.0406359434127808,-2.5985960960388184
1710532722140264583,-9.131011962890625,-1.0370434522628784,-2.523153066635132
1710532722161133601,-9.152566909790039,-1.1268566846847534,-2.5494983196258545
1710532722182092696,-9.205257415771484,-1.1005114316940308,-2.6117687225341797
1710532722200964692,-9.11544418334961,-0.9891430735588074,-2.5890161991119385
1710532722224156453,-9.212442398071289,-1.053808569908142,-2.5015978813171387
1710532722259830960,-9.122629165649414,-0.9675878882408142,-2.472857713699341
1710532722276469869,-9.2208251953125,-0.9831554889678955,-2.532733201980591
1710532722297470172,-9.129814147949219,-0.9592053294181824,-2.5674610137939453
1710532722301743694,-9.102272033691406,-0.999920666217804,-2.553090810775757
1710532722337442386,-9.103468894958496,-1.1041040420532227,-2.583028554916382
1710532722396410185,-9.135802268981934,-1.0047106742858887,-2.517165422439575
1710532722400723877,-9.200467109680176,-0.975970447063446,-2.5207581520080566
1710532722419597704,-9.187294960021973,-1.0095007419586182,-2.5997936725616455
1710532722446858051,-9.189689636230469,-1.0226733684539795,-2.646496534347534
1710532722493031179,-9.093889236450195,-1.063388705253601,-2.4584875106811523
1710532722525050794,-9.232800483703613,-0.9687854051589966,-2.6009912490844727
1710532722535880291,-9.162147521972656,-1.011895775794983,-2.572251081466675
1710532722566931246,-9.213640213012695,-1.0825488567352295,-2.5578808784484863
1710532722583578909,-9.129814147949219,-1.092128872871399,-2.4776477813720703
1710532722598104178,-9.190887451171875,-1.113684058189392,-2.4608826637268066
1710532722621451305,-9.158555030822754,-0.9711804389953613,-2.57464599609375
1710532722627846156,-9.13819694519043,-0.9184899926185608,-2.633323907852173
1710532722634235805,-9.195677757263184,-1.0430309772491455,-2.703977108001709
1710532722650807220,-9.200467109680176,-1.0813512802124023,-2.646496534347534
1710532722703018172,-9.10107421875,-0.987945556640625,-2.4920177459716797
1710532722713400387,-9.171727180480957,-0.9795629978179932,-2.5399181842803955
1710532722719921329,-9.2304048538208,-0.9424402117729187,-2.635719060897827
1710532722734709325,-9.14657974243164,-0.9172924757003784,-2.652484178543091
1710532722757811523,-9.145381927490234,-0.9388476610183716,-2.6021888256073
1710532722764017338,-9.165740013122559,-1.0059082508087158,-2.526745557785034
1710532722784858483,-9.14657974243164,-1.0993139743804932,-2.4513025283813477
1710532722808088079,-9.140591621398926,-1.0562036037445068,-2.5399181842803955
1710532722837531358,-9.17531967163086,-1.0298583507537842,-2.6476941108703613
1710532722883816035,-9.182504653930664,-1.0562036037445068,-2.5399181842803955
1710532722890294134,-9.163344383239746,-1.008303165435791,-2.45489501953125
1710532722902866373,-9.178912162780762,-1.0526111125946045,-2.4477100372314453
1710532722907018635,-9.163344383239746,-0.9975256323814392,-2.5279431343078613
1710532722928170329,-9.132209777832031,-0.999920666217804,-2.5674610137939453
1710532722934395163,-9.14657974243164,-1.0262658596038818,-2.5806336402893066
1710532722957448393,-9.17531967163086,-1.0741662979125977,-2.5578808784484863
1710532722974188052,-9.180109977722168,-1.033450961112976,-2.5890161991119385
1710532723003624148,-9.162147521972656,-1.057401180267334,-2.526745557785034
1710532723010098277,-9.18370246887207,-1.0741662979125977,-2.505190372467041
1710532723079150513,-9.17052936553955,-1.0585986375808716,-2.6081762313842773
1710532723094074548,-9.200467109680176,-1.083746314048767,-2.585423469543457
1710532723117125724,-9.164542198181152,-1.1148816347122192,-2.5183629989624023
1710532723132004167,-9.134604454040527,-1.0502160787582397,-2.4477100372314453
1710532723157298466,-9.126221656799316,-1.063388705253601,-2.444117546081543
1710532723220052144,-9.150172233581543,-1.107696533203125,-2.494412899017334
1710532723251560465,-9.120234489440918,-1.1148816347122192,-2.4908204078674316
1710532723280435892,-9.194479942321777,-1.0095007419586182,-2.60697865486145
1710532723301890302,-9.162147521972656,-0.9568102955818176,-2.503993034362793
1710532723326993833,-9.189689636230469,-1.0466235876083374,-2.4285497665405273
1710532723341668532,-9.128617286682129,-0.9987231492996216,-2.592608690261841
1710532723352119589,-9.128617286682129,-0.9987231492996216,-2.6405091285705566
1710532723394364438,-9.13819694519043,-1.1388317346572876,-2.612966299057007
1710532723423738925,-9.13819694519043,-1.057401180267334,-2.4812402725219727
1710532723429889225,-9.12382698059082,-1.0226733684539795,-2.4824378490448
1710532723484425859,-9.150172233581543,-1.147214412689209,-2.515968084335327
1710532723528719082,-9.085506439208984,-1.1184741258621216,-2.6189539432525635
1710532723535091033,-9.103468894958496,-1.1591894626617432,-2.6584715843200684
1710532723596008223,-9.147777557373047,-0.9783654808998108,-2.416574716567993
1710532723642166130,-9.165740013122559,-1.0502160787582397,-2.543510675430298
1710532723674020704,-9.199270248413086,-1.1160790920257568,-2.533930778503418
1710532723679634529,-9.165740013122559,-1.0909314155578613,-2.5075855255126953
1710532723700456484,-9.096283912658691,-1.153201937675476,-2.494412899017334
1710532723730184425,-9.182504653930664,-0.9747729301452637,-2.57464599609375
1710532723772179446,-9.169332504272461,-0.9975256323814392,-2.5075855255126953
1710532723782771017,-9.142987251281738,-1.003513216972351,-2.472857713699341
1710532723826855476,-9.158555030822754,-1.0909314155578613,-2.5471031665802
1710532723835245756,-9.177715301513672,-1.1124866008758545,-2.6608667373657227
1710532723856250363,-9.164542198181152,-1.1508069038391113,-2.5494983196258545
1710532723910934759,-9.169332504272461,-0.9089099168777466,-2.494412899017334
1710532723931870811,-9.158555030822754,-0.9256750345230103,-2.517165422439575
1710532723963497758,-9.14657974243164,-1.01788330078125,-2.5147705078125
1710532723991321259,-9.205257415771484,-1.053808569908142,-2.5291407108306885
1710532724007765591,-9.186097145080566,-1.117276668548584,-2.566263437271118
1710532724023359802,-9.116641998291016,-1.152004361152649,-2.533930778503418
1710532724030784523,-9.17531967163086,-1.143621802330017,-2.4908204078674316
1710532724053990852,-9.19807243347168,-1.0957214832305908,-2.5147705078125
1710532724071972894,-9.17052936553955,-0.9376501441001892,-2.472857713699341
1710532724074689914,-9.166936874389648,-1.0130932331085205,-2.526745557785034
1710532724084974430,-9.163344383239746,-0.9951305985450745,-2.553090810775757
1710532724110651107,-9.102272033691406,-0.975970447063446,-2.585423469543457
1710532724121161623,-9.20645523071289,-1.0741662979125977,-2.562670946121216
1710532724150646528,-9.184900283813477,-1.1484118700027466,-2.512375593185425
1710532724201200188,-9.15137004852295,-1.0765613317489624,-2.577040910720825
1710532724230575957,-9.12382698059082,-1.0406359434127808,-2.4596850872039795
1710532724255801534,-9.13819694519043,-1.003513216972351,-2.512375593185425
1710532724274611799,-9.180109977722168,-1.002315640449524,-2.555485725402832
1710532724287203426,-9.187294960021973,-1.0514135360717773,-2.5315356254577637
1710532724304172218,-9.188492774963379,-1.027463436126709,-2.5686583518981934
1710532724321065885,-9.190887451171875,-1.0286608934402466,-2.563868522644043
1710532724327264125,-9.133406639099121,-1.062191128730774,-2.5411157608032227
1710532724352746264,-9.181307792663574,-1.0813512802124023,-2.5111780166625977
1710532724369235598,-9.171727180480957,-1.1100915670394897,-2.5387206077575684
1710532724396405047,-9.177715301513672,-0.9580078125,-2.483635187149048
1710532724408985199,-9.177715301513672,-0.9580078125,-2.483635187149048
1710532724442629818,-9.156159400939941,-0.9855505228042603,-2.4884252548217773
1710532724463579610,-9.164542198181152,-0.9711804389953613,-2.533930778503418
1710532724497526859,-9.182504653930664,-1.1148816347122192,-2.535128116607666
1710532724509568175,-9.125024795532227,-1.122066617012024,-2.5291407108306885
1710532724650710478,-9.113049507141113,-0.9855505228042603,-2.4680676460266113
1710532724654858239,-9.133406639099121,-1.062191128730774,-2.4800426959991455
1710532724728655925,-9.120234489440918,-1.0298583507537842,-2.6105713844299316
1710532724810350608,-9.104666709899902,-0.9388476610183716,-2.5375232696533203
1710532724848330868,-9.207653045654297,-1.0011181831359863,-2.6189539432525635
1710532724877283820,-9.171727180480957,-1.1412267684936523,-2.5183629989624023
1710532724885832927,-9.18370246887207,-1.1160790920257568,-2.4788451194763184
1710532724917270264,-9.126221656799316,-1.092128872871399,-2.5195605754852295
1710532724976165912,-9.200467109680176,-0.9891430735588074,-2.496807813644409
1710532725023466169,-9.129814147949219,-1.0597960948944092,-2.5602757930755615
1710532725043528305,-9.133406639099121,-1.0813512802124023,-2.5614733695983887
1710532725051946778,-9.153764724731445,-1.093326449394226,-2.5195605754852295
1710532725079115227,-9.177715301513672,-1.0442285537719727,-2.54231333732605
1710532725119520289,-9.196874618530273,-1.003513216972351,-2.493215322494507
1710532725162950301,-9.188492774963379,-0.9903405904769897,-2.4321422576904297
1710532725185985421,-9.2112455368042,-1.0825488567352295,-2.5818309783935547
1710532725215524137,-9.11544418334961,-1.0909314155578613,-2.5303380489349365
1710532725236565174,-9.127419471740723,-1.011895775794983,-2.5315356254577637
1710532725251075503,-9.164542198181152,-0.999920666217804,-2.5291407108306885
1710532725274194596,-9.2112455368042,-0.9819580316543579,-2.536325693130493
1710532725291082541,-9.164542198181152,-0.9220825433731079,-2.494412899017334
1710532725299705384,-9.159751892089844,-0.9532177448272705,-2.4309449195861816
1710532725335572830,-9.158555030822754,-1.1256592273712158,-2.456092596054077
1710532725394349926,-9.152566909790039,-1.0777587890625,-2.5099804401397705
1710532725475664527,-9.188492774963379,-1.0202783346176147,-2.577040910720825
1710532725492811799,-9.168134689331055,-1.0909314155578613,-2.5602757930755615
1710532725516116615,-9.174121856689453,-1.1448193788528442,-2.54231333732605
1710532725567027345,-9.158555030822754,-1.0130932331085205,-2.5207581520080566
1710532725619064007,-9.164542198181152,-1.0406359434127808,-2.5195605754852295
1710532725629377866,-9.16094970703125,-1.0789562463760376,-2.5399181842803955
1710532725664940925,-9.169332504272461,-1.0609936714172363,-2.5602757930755615
1710532725676570628,-9.120234489440918,-1.0957214832305908,-2.532733201980591
1710532725702952455,-9.136999130249023,-1.041833519935608,-2.475252628326416
1710532725717469010,-9.239985466003418,-1.0095007419586182,-2.4716601371765137
1710532725725942018,-9.239985466003418,-1.0095007419586182,-2.4716601371765137
1710532725755326696,-9.117839813232422,-0.9963281154632568,-2.463277578353882
1710532725790980038,-9.187294960021973,-0.9903405904769897,-2.5914111137390137
1710532725841455936,-9.139394760131836,-1.038240909576416,-2.515968084335327
1710532725872491647,-9.181307792663574,-1.0969189405441284,-2.7494823932647705
1710532725887833488,-9.188492774963379,-0.9604028463363647,-2.562670946121216
1710532725906677291,-9.2112455368042,-0.9975256323814392,-2.5710535049438477
1710532725925485415,-9.204059600830078,-1.0142908096313477,-2.562670946121216
1710532725942571256,-9.134604454040527,-1.0214757919311523,-2.525547981262207
1710532725965411554,-9.180109977722168,-1.098116397857666,-2.5147705078125
1710532725994896351,-9.147777557373047,-1.1196715831756592,-2.515968084335327
1710532726009845085,-9.176517486572266,-1.033450961112976,-2.506387948989868
1710532726041068574,-9.13819694519043,-0.9627978801727295,-2.474055290222168
1710532726084938661,-9.164542198181152,-0.9496252536773682,-2.5004003047943115
1710532726089166908,-9.157357215881348,-1.0514135360717773,-2.5375232696533203
1710532726144085068,-9.125024795532227,-1.092128872871399,-2.532733201980591
1710532726253379060,-9.182504653930664,-0.9855505228042603,-2.512375593185425
1710532726266142343,-9.134604454040527,-1.117276668548584,-2.572251081466675
1710532726297374651,-9.134604454040527,-1.147214412689209,-2.5291407108306885
1710532726310180217,-9.157357215881348,-1.0789562463760376,-2.444117546081543
1710532726322927388,-9.200467109680176,-0.9053173661231995,-2.536325693130493
1710532726341856081,-9.119036674499512,-0.910107433795929,-2.5279431343078613
1710532726354437351,-9.212442398071289,-0.9172924757003784,-2.515968084335327
1710532726377635435,-9.158555030822754,-0.9436376690864563,-2.4980053901672363
1710532726413155140,-9.2208251953125,-1.1543993949890137,-2.434537410736084
1710532726436657125,-9.098679542541504,-1.0166858434677124,-2.5674610137939453
1710532726446972763,-9.102272033691406,-1.0550061464309692,-2.6405091285705566
1710532726490936126,-9.127419471740723,-1.0562036037445068,-2.5075855255126953
1710532726512015335,-9.224417686462402,-1.0502160787582397,-2.464475154876709
1710532726535344955,-9.20645523071289,-0.9723779559135437,-2.5087828636169434
1710532726550102649,-9.164542198181152,-0.9711804389953613,-2.5674610137939453
1710532726587886082,-9.193282127380371,-1.0514135360717773,-2.5087828636169434
1710532726589914216,-9.164542198181152,-1.0741662979125977,-2.4980053901672363
1710532726602969655,-9.158555030822754,-1.1244616508483887,-2.506387948989868
1710532726621407984,-9.181307792663574,-1.1244616508483887,-2.556683301925659
1710532726646477488,-9.165740013122559,-1.0526111125946045,-2.565065860748291
1710532726663261933,-9.168134689331055,-1.0130932331085205,-2.5099804401397705
1710532726686215081,-9.147777557373047,-0.9975256323814392,-2.452500104904175
1710532726715569433,-9.204059600830078,-0.9927356243133545,-2.472857713699341
1710532726745223841,-9.134604454040527,-1.0526111125946045,-2.465672492980957
1710532726753561434,-9.210047721862793,-1.1005114316940308,-2.535128116607666
1710532726799935045,-9.232800483703613,-1.0466235876083374,-2.54231333732605
1710532726833452825,-9.178912162780762,-1.1208691596984863,-2.4513025283813477
1710532726856770440,-9.162147521972656,-1.0657837390899658,-2.445314884185791
1710532726867076992,-9.16094970703125,-0.9532177448272705,-2.5111780166625977
1710532726894187990,-9.169332504272461,-0.8885522484779358,-2.556683301925659
1710532726908947802,-9.201664924621582,-0.999920666217804,-2.525547981262207
1710532726938350236,-9.181307792663574,-1.0106981992721558,-2.5015978813171387
1710532726946894216,-9.154962539672852,-1.0226733684539795,-2.442919969558716
1710532726993106842,-9.140591621398926,-1.0502160787582397,-2.6692492961883545
1710532727022593147,-9.16094970703125,-1.0442285537719727,-2.515968084335327
1710532727045601205,-9.172924995422363,-1.0585986375808716,-2.386636972427368
1710532727078844801,-9.182504653930664,-1.0071057081222534,-2.386636972427368
1710532727131846366,-9.172924995422363,-1.0885363817214966,-2.57464599609375
1710532727142403204,-9.163344383239746,-1.0993139743804932,-2.5087828636169434
1710532727173824619,-9.18370246887207,-1.0502160787582397,-2.503993034362793
1710532727180072919,-9.18370246887207,-1.0011181831359863,-2.525547981262207
1710532727196955353,-9.162147521972656,-0.9484277367591858,-2.536325693130493
1710532727224344933,-9.176517486572266,-0.9819580316543579,-2.495610237121582
1710532727232692834,-9.158555030822754,-1.032253384590149,-2.465672492980957
1710532727261965127,-9.164542198181152,-1.047821044921875,-2.4992029666900635
1710532727285116559,-9.162147521972656,-1.0645861625671387,-2.605781316757202
1710532727301986056,-9.14657974243164,-1.1543993949890137,-2.5518932342529297
1710532727373535305,-9.132209777832031,-0.8777746558189392,-2.5087828636169434
1710532727407154090,-9.139394760131836,-1.0406359434127808,-2.4213647842407227
1710532727457663030,-9.231602668762207,-1.1292517185211182,-2.624941349029541
1710532727488999425,-9.236392974853516,-1.0885363817214966,-2.6081762313842773
1710532727512273686,-9.226812362670898,-1.087338924407959,-2.4189696311950684
1710532727554553175,-9.182504653930664,-0.9639953374862671,-2.5806336402893066
1710532727571200017,-9.169332504272461,-0.987945556640625,-2.565065860748291
1710532727579656108,-9.194479942321777,-1.0166858434677124,-2.533930778503418
1710532727606920778,-9.134604454040527,-1.1268566846847534,-2.4177722930908203
1710532727629984756,-9.184900283813477,-1.1460168361663818,-2.414179801940918
1710532727631954414,-9.164542198181152,-1.101709008216858,-2.452500104904175
1710532727644686707,-9.163344383239746,-1.002315640449524,-2.543510675430298
1710532727709882365,-9.165740013122559,-1.083746314048767,-2.45489501953125
1710532727743277860,-9.15137004852295,-1.041833519935608,-2.562670946121216
1710532727781100646,-9.176517486572266,-1.0298583507537842,-2.5099804401397705
1710532727789694404,-9.145381927490234,-1.047821044921875,-2.476450204849243
1710532727810663315,-9.184900283813477,-1.053808569908142,-2.153122663497925
1710532727874616137,-9.231602668762207,-1.0047106742858887,-2.505190372467041
1710532727884001338,-9.174121856689453,-0.9819580316543579,-2.5315356254577637
1710532727938797856,-9.218430519104004,-1.057401180267334,-2.5219554901123047
1710532727963985367,-9.182504653930664,-1.0693762302398682,-2.4896228313446045
1710532728003790404,-9.193282127380371,-1.003513216972351,-2.5303380489349365
1710532728037310377,-9.147777557373047,-1.023870825767517,-2.4321422576904297
1710532728062676402,-9.178912162780762,-1.0801538228988647,-2.444117546081543
1710532728073393476,-9.199270248413086,-1.041833519935608,-2.4596850872039795
1710532728081136816,-9.163344383239746,-0.987945556640625,-2.6117687225341797
1710532728100182663,-9.199270248413086,-1.071771264076233,-2.603386163711548
1710532728133991776,-9.180109977722168,-1.0585986375808716,-2.4513025283813477
1710532728140299314,-9.163344383239746,-1.0645861625671387,-2.4596850872039795
1710532728157081808,-9.192085266113281,-1.0262658596038818,-2.4596850872039795
1710532728165254117,-9.163344383239746,-1.0166858434677124,-2.5099804401397705
1710532728169481979,-9.134604454040527,-1.0562036037445068,-2.5494983196258545
1710532728182056984,-9.134604454040527,-1.0562036037445068,-2.5494983196258545
1710532728215622786,-9.210047721862793,-1.063388705253601,-2.5471031665802
1710532728295290769,-9.17531967163086,-0.9951305985450745,-2.5291407108306885
1710532728320680777,-9.17052936553955,-1.062191128730774,-2.4716601371765137
1710532728352537705,-9.166936874389648,-1.0490185022354126,-2.4800426959991455
1710532728385993418,-9.144184112548828,-0.9855505228042603,-2.562670946121216
1710532728419790732,-9.473499298095703,-1.041833519935608,-2.4189696311950684
1710532728463752016,-9.193282127380371,-1.0502160787582397,-2.543510675430298
1710532728478612586,-9.145381927490234,-1.068178653717041,-2.5686583518981934
1710532728507566941,-9.181307792663574,-1.0406359434127808,-2.5075855255126953
1710532728543683558,-9.196874618530273,-1.003513216972351,-2.532733201980591
1710532728547824905,-9.131011962890625,-1.0298583507537842,-2.5494983196258545
1710532728560180593,-9.19807243347168,-1.0777587890625,-2.5207581520080566
1710532728579379093,-9.089098930358887,-0.9831554889678955,-2.486030340194702
1710532728606595915,-9.134604454040527,-0.9604028463363647,-2.5686583518981934
1710532728644203030,-9.177715301513672,-0.9723779559135437,-2.6201512813568115
1710532728650630252,-9.224417686462402,-1.0154882669448853,-2.6021888256073
1710532728679712080,-9.168134689331055,-1.107696533203125,-2.4309449195861816
1710532728692502648,-9.164542198181152,-1.152004361152649,-2.4309449195861816
1710532728711576151,-9.172924995422363,-1.1124866008758545,-2.544708251953125
1710532728726223240,-9.164542198181152,-1.0741662979125977,-2.5794360637664795
1710532728740900285,-9.165740013122559,-1.0298583507537842,-2.5602757930755615
1710532728778539551,-9.159751892089844,-1.0226733684539795,-2.475252628326416
1710532728799643161,-9.177715301513672,-0.9915381073951721,-2.515968084335327
1710532728812296082,-9.205257415771484,-1.0310559272766113,-2.5602757930755615
1710532728845951558,-9.176517486572266,-1.032253384590149,-2.5411157608032227
1710532728852171021,-9.136999130249023,-1.071771264076233,-2.5279431343078613
1710532728872701468,-9.2208251953125,-1.068178653717041,-2.5015978813171387
1710532728913307858,-9.238787651062012,-1.0693762302398682,-2.472857713699341
1710532728919553797,-9.12382698059082,-1.2250524759292603,-2.4992029666900635
1710532728942763352,-9.214838027954102,-1.0154882669448853,-2.5794360637664795
1710532728948909558,-9.148974418640137,-0.856219470500946,-2.5506958961486816
1710532728971989382,-9.159751892089844,-0.7915539741516113,-2.553090810775757
1710532729028959851,-9.108259201049805,-1.13763427734375,-2.4477100372314453
1710532729037412757,-9.195677757263184,-1.197509765625,-2.452500104904175
1710532729060708897,-9.165740013122559,-1.1256592273712158,-2.686014413833618
1710532729085840257,-9.186097145080566,-1.1340417861938477,-2.6680517196655273
1710532729108830732,-9.17531967163086,-1.1508069038391113,-2.6417064666748047
1710532729129917143,-9.119036674499512,-0.9951305985450745,-2.3794519901275635
1710532729180629297,-9.153764724731445,-0.8310717940330505,-2.5219554901123047
1710532729205854695,-9.190887451171875,-1.0609936714172363,-2.5985960960388184
1710532729224649595,-9.148974418640137,-1.1999047994613647,-2.4417223930358887
1710532729247676762,-9.126221656799316,-1.13763427734375,-2.45489501953125
1710532729258158837,-9.096283912658691,-1.1196715831756592,-2.4908204078674316
1710532729273231158,-9.233997344970703,-1.0753637552261353,-2.573448419570923
1710532729289882907,-9.141789436340332,-0.8669970631599426,-2.536325693130493
1710532729304631289,-9.119036674499512,-0.8825647234916687,-2.495610237121582
1710532729329917873,-9.199270248413086,-1.0969189405441284,-2.4788451194763184
1710532729357744775,-9.165740013122559,-0.9388476610183716,-2.575843572616577
1710532729384515299,-9.200467109680176,-1.1041040420532227,-2.584226131439209
1710532729407521846,-9.159751892089844,-1.0514135360717773,-2.4824378490448
1710532729436921192,-9.17052936553955,-1.0454260110855103,-2.4908204078674316
1710532729460015744,-9.131011962890625,-1.0466235876083374,-2.453697443008423
1710532729510827186,-9.2208251953125,-0.9747729301452637,-2.5087828636169434
1710532729539800637,-9.153764724731445,-1.0011181831359863,-2.5195605754852295
1710532729648991734,-9.2304048538208,-1.101709008216858,-2.592608690261841
1710532729684909719,-9.096283912658691,-1.0789562463760376,-2.433339834213257
1710532729707862924,-9.103468894958496,-0.9268725514411926,-2.545905828475952
1710532729724786615,-9.20645523071289,-1.0346484184265137,-2.626138925552368
1710532729754104078,-9.255553245544434,-1.1005114316940308,-2.622546434402466
1710532729775053984,-9.141789436340332,-0.9891430735588074,-2.6476941108703613
1710532729783495935,-9.186097145080566,-1.0993139743804932,-2.4788451194763184
1710532729817305673,-9.157357215881348,-1.1208691596984863,-2.405797004699707
1710532729823478876,-9.171727180480957,-1.1352392435073853,-2.5387206077575684
1710532729842555766,-9.238787651062012,-0.940045177936554,-2.5686583518981934
1710532729872282782,-9.127419471740723,-0.9496252536773682,-2.544708251953125
1710532729896860756,-9.159751892089844,-0.9580078125,-2.472857713699341
1710532729941089780,-9.150172233581543,-1.032253384590149,-2.513572931289673
1710532729957955074,-9.19807243347168,-1.0514135360717773,-2.506387948989868
1710532729993784415,-9.162147521972656,-1.0430309772491455,-2.453697443008423
1710532730002151960,-9.132209777832031,-1.1747571229934692,-2.555485725402832
1710532730029369440,-9.27112102508545,-1.1460168361663818,-2.5914111137390137
1710532730052736844,-9.153764724731445,-0.8765771389007568,-2.5506958961486816
1710532730077370467,-9.228010177612305,-0.8693920969963074,-2.5207581520080566
1710532730079528742,-9.096283912658691,-1.0454260110855103,-2.474055290222168
1710532730105053850,-9.05556869506836,-0.9316626191139221,-2.463277578353882
1710532730128224064,-9.05556869506836,-0.9316626191139221,-2.463277578353882
1710532730151258293,-9.102272033691406,-1.0801538228988647,-2.524350643157959
1710532730161594698,-9.188492774963379,-1.083746314048767,-2.653681755065918
1710532730167972708,-9.136999130249023,-1.1364368200302124,-2.6572742462158203
1710532730188856487,-9.136999130249023,-1.1567944288253784,-2.6105713844299316
1710532730195098941,-9.224417686462402,-1.107696533203125,-2.555485725402832
1710532730226658531,-9.098679542541504,-1.0442285537719727,-2.3890318870544434
1710532730264323959,-9.182504653930664,-0.9292675852775574,-2.5087828636169434
1710532730293725937,-9.200467109680176,-1.0286608934402466,-2.5399181842803955
1710532730329524183,-9.184900283813477,-1.1711645126342773,-2.614163875579834
1710532730354821402,-9.163344383239746,-1.122066617012024,-2.4788451194763184
1710532730392434066,-9.15137004852295,-1.0430309772491455,-2.456092596054077
1710532730428178076,-9.17531967163086,-1.003513216972351,-2.472857713699341
1710532730442983512,-9.165740013122559,-1.023870825767517,-2.5291407108306885
1710532730459930198,-9.127419471740723,-0.9292675852775574,-2.5985960960388184
1710532730548208695,-9.164542198181152,-1.0765613317489624,-2.4584875106811523
1710532730575587156,-9.141789436340332,-1.2322375774383545,-2.54231333732605
1710532730582081037,-9.17052936553955,-0.7747887969017029,-2.592608690261841
1710532730596644340,-9.066346168518066,-0.8741821050643921,-2.5806336402893066
1710532730615695447,-9.285490989685059,-1.041833519935608,-2.5183629989624023
1710532730628229838,-9.177715301513672,-0.9532177448272705,-2.4417223930358887
1710532730645069346,-9.14657974243164,-0.8813672065734863,-2.4321422576904297
1710532730750255250,-9.128617286682129,-1.2681628465652466,-2.535128116607666
1710532730758566117,-9.232800483703613,-0.9292675852775574,-2.5075855255126953
1710532730787788136,-9.2208251953125,-1.2226574420928955,-2.533930778503418
1710532730810959245,-9.336983680725098,-0.9795629978179932,-2.4189696311950684
1710532730846515855,-9.051976203918457,-1.0106981992721558,-2.3698718547821045
1710532730884258050,-9.131011962890625,-1.1663745641708374,-2.4584875106811523
1710532730909641827,-9.200467109680176,-1.181942105293274,-2.592608690261841
1710532730953708763,-9.242380142211914,-1.0801538228988647,-2.6297314167022705
1710532730960203138,-9.224417686462402,-1.0514135360717773,-2.614163875579834
1710532730976925539,-9.164542198181152,-0.9639953374862671,-2.5518932342529297
1710532731012753833,-9.144184112548828,-0.9148974418640137,-2.453697443008423
1710532731025325147,-9.157357215881348,-0.9663903713226318,-2.416574716567993
1710532731065204614,-9.127419471740723,-1.1256592273712158,-2.502795457839966
1710532731088314028,-9.192085266113281,-1.1567944288253784,-2.545905828475952
1710532731117696367,-9.010063171386719,-1.1903246641159058,-2.672841787338257
1710532731130145875,-9.213640213012695,-1.0286608934402466,-2.5806336402893066
1710532731149174251,-9.188492774963379,-0.8526269793510437,-2.3818469047546387
1710532731172157068,-9.184900283813477,-0.9340575933456421,-2.393821954727173
1710532731193169995,-9.225615501403809,-0.9951305985450745,-2.3698718547821045
1710532731203675604,-9.134604454040527,-0.928070068359375,-2.4093897342681885
1710532731220438734,-9.140591621398926,-1.2609777450561523,-2.5782384872436523
1710532731253991578,-9.157357215881348,-1.1196715831756592,-2.583028554916382
1710532731275559268,-9.253157615661621,-1.3040881156921387,-2.4776477813720703
1710532731298421143,-9.253157615661621,-1.3040881156921387,-2.4776477813720703
1710532731319517570,-9.17052936553955,-1.002315640449524,-2.484832763671875
1710532731340469225,-9.159751892089844,-0.7532336711883545,-2.4992029666900635
1710532731359422447,-9.131011962890625,-0.8322693109512329,-2.544708251953125
1710532731382487874,-9.253157615661621,-1.0526111125946045,-2.486030340194702
1710532731395215913,-9.103468894958496,-0.9795629978179932,-2.503993034362793
1710532731409733486,-9.126221656799316,-1.047821044921875,-2.5207581520080566
1710532731414121244,-9.17531967163086,-1.362766146659851,-2.5303380489349365
1710532731441423516,-9.165740013122559,-1.181942105293274,-2.553090810775757
1710532731455997642,-9.120234489440918,-1.1041040420532227,-2.566263437271118
1710532731478883973,-9.093889236450195,-1.1053014993667603,-2.5494983196258545
1710532731565490292,-9.168134689331055,-0.8334667682647705,-2.4704625606536865
1710532731571941965,-9.142987251281738,-0.8897497653961182,-2.4680676460266113
1710532731599127911,-9.16094970703125,-1.2166699171066284,-2.4297473430633545
1710532731647149289,-9.231602668762207,-1.2382251024246216,-2.6872119903564453
1710532731674262552,-9.242380142211914,-0.8538244366645813,-2.4692652225494385
1710532731718910861,-9.164542198181152,-0.8238866925239563,-2.355501651763916
1710532731769438566,-9.229207992553711,-1.247805118560791,-2.5303380489349365
1710532731775748304,-9.105864524841309,-1.3891112804412842,-2.6488916873931885
1710532731792445274,-9.109457015991211,-1.3304333686828613,-2.6201512813568115
1710532731809295954,-9.229207992553711,-1.1939172744750977,-2.652484178543091
1710532731821867594,-9.089098930358887,-1.1867321729660034,-2.6117687225341797
1710532731836564680,-9.079519271850586,-1.2202624082565308,-2.513572931289673
1710532731863968209,-9.284293174743652,-1.1208691596984863,-2.486030340194702
1710532731886792672,-9.226812362670898,-0.6993457078933716,-2.465672492980957
1710532731950028857,-9.134604454040527,-1.3160632848739624,-2.5291407108306885
1710532731977239074,-9.119036674499512,-1.3400133848190308,-2.632126569747925
1710532732002235794,-9.210047721862793,-1.0945239067077637,-2.562670946121216
1710532732019312810,-9.166936874389648,-1.0657837390899658,-2.515968084335327
1710532732040410317,-9.20645523071289,-0.9771679639816284,-2.453697443008423
1710532732063207483,-9.14657974243164,-0.7711963057518005,-2.446512460708618
1710532732092711843,-9.168134689331055,-0.8226892352104187,-2.4788451194763184
1710532732107540622,-9.140591621398926,-0.9855505228042603,-2.486030340194702
1710532732138871123,-9.214838027954102,-1.2849279642105103,-2.517165422439575
1710532732180768383,-9.164542198181152,-1.2801378965377808,-2.60697865486145
1710532732205945760,-9.239985466003418,-1.101709008216858,-2.5375232696533203
1710532732258725234,-9.136999130249023,-0.7999365329742432,-2.384242057800293
1710532732263044891,-9.229207992553711,-0.7376660108566284,-2.33514404296875
1710532732296087969,-9.087902069091797,-0.9089099168777466,-2.476450204849243
1710532732304538589,-9.2304048538208,-1.233435034751892,-2.532733201980591
1710532732338323445,-9.104666709899902,-1.277742862701416,-2.6081762313842773
1710532732375999316,-9.090296745300293,-1.3352234363555908,-2.517165422439575
1710532732407516403,-9.223219871520996,-1.1699670553207397,-2.452500104904175
1710532732439214368,-9.2112455368042,-0.700543224811554,-2.4992029666900635
1710532732451649909,-9.056766510009766,-0.7268884181976318,-2.5219554901123047
1710532732462141841,-9.277108192443848,-0.8717871308326721,-2.433339834213257
1710532732489165446,-9.065149307250977,-1.1160790920257568,-2.4992029666900635
1710532732504332166,-9.164542198181152,-1.2981005907058716,-2.495610237121582
1710532732521056273,-9.164542198181152,-1.2981005907058716,-2.495610237121582
1710532732535907194,-9.128617286682129,-1.296903133392334,-2.505190372467041
1710532732567566105,-9.159751892089844,-1.0897338390350342,-2.523153066635132
1710532732617923951,-9.182504653930664,-0.730480968952179,-2.5794360637664795
1710532732634513879,-9.207653045654297,-0.8442443609237671,-2.555485725402832
1710532732655507763,-9.195677757263184,-1.0562036037445068,-2.4800426959991455
1710532732691012652,-9.140591621398926,-1.2286449670791626,-2.4489073753356934
1710532732714433939,-9.207653045654297,-1.2346326112747192,-2.5004003047943115
1710532732724935974,-9.19807243347168,-1.2537927627563477,-2.5506958961486816
1710532732739722882,-9.159751892089844,-1.296903133392334,-2.6105713844299316
1710532732813078852,-9.184900283813477,-0.7328760027885437,-2.474055290222168
1710532732842459237,-9.120234489440918,-0.9113049507141113,-2.3195765018463135
1710532732844508204,-9.092691421508789,-1.023870825767517,-2.3315515518188477
1710532732872616931,-9.231602668762207,-1.1807446479797363,-2.375859260559082
1710532732880056595,-9.225615501403809,-1.1951147317886353,-2.4896228313446045
1710532732924649882,-9.165740013122559,-1.3172607421875,-2.6081762313842773
1710532732930963508,-9.192085266113281,-1.0705736875534058,-2.5674610137939453
1710532732939313002,-9.208849906921387,-1.038240909576416,-2.515968084335327
1710532732970866295,-9.208849906921387,-0.9951305985450745,-2.5099804401397705
1710532732983284375,-9.242380142211914,-0.7388635277748108,-2.464475154876709
1710532733004393905,-9.141789436340332,-0.7280859351158142,-2.424957275390625
1710532733012670232,-9.20645523071289,-0.8813672065734863,-2.3794519901275635
1710532733029606825,-9.144184112548828,-0.9819580316543579,-2.3914270401000977
1710532733046325299,-9.062753677368164,-1.0705736875534058,-2.4273521900177
1710532733061200902,-9.18370246887207,-1.356778621673584,-2.475252628326416
1710532733090399341,-9.114246368408203,-1.361568570137024,-2.5710535049438477
1710532733107262582,-9.135802268981934,-1.3160632848739624,-2.585423469543457
1710532733120079043,-9.186097145080566,-0.9819580316543579,-2.512375593185425
1710532733137488811,-9.210047721862793,-0.8909472823143005,-2.4908204078674316
1710532733149448363,-9.210047721862793,-0.8095166087150574,-2.494412899017334
1710532733193537835,-9.192085266113281,-0.8334667682647705,-2.4513025283813477
1710532733212597610,-9.174121856689453,-1.1100915670394897,-2.4477100372314453
1710532733229317867,-9.195677757263184,-1.2166699171066284,-2.4620800018310547
1710532733241945011,-9.131011962890625,-1.2861255407333374,-2.464475154876709
1710532733254503079,-9.204059600830078,-1.2992980480194092,-2.524350643157959
1710532733279746645,-9.216034889221191,-1.2885204553604126,-2.6009912490844727
1710532733302529735,-9.231602668762207,-1.1148816347122192,-2.5303380489349365
1710532733328234677,-9.105864524841309,-0.748443603515625,-2.3111939430236816
1710532733342882375,-9.305848121643066,-0.808319091796875,-2.2501208782196045
1710532733406001261,-9.152566909790039,-0.8035290241241455,-2.3315515518188477
1710532733450049571,-9.168134689331055,-1.302890658378601,-2.6476941108703613
1710532733479513879,-9.20645523071289,-1.2705578804016113,-2.496807813644409
1710532733538399155,-9.286687850952148,-0.8190966844558716,-2.3686742782592773
1710532733563630375,-9.232800483703613,-0.8095166087150574,-2.3782544136047363
1710532733586826495,-9.193282127380371,-0.9113049507141113,-2.39501953125
1710532733599337157,-9.142987251281738,-0.9352551102638245,-2.434537410736084
1710532733605617659,-9.121432304382324,-1.033450961112976,-2.464475154876709
1710532733609860008,-9.193282127380371,-1.413061499595642,-2.506387948989868
1710532733624589975,-9.136999130249023,-1.2789404392242432,-2.5602757930755615
1710532733645678440,-9.201664924621582,-1.1807446479797363,-2.524350643157959
1710532733660422795,-9.190887451171875,-1.13763427734375,-2.517165422439575
1710532733683458528,-9.165740013122559,-1.0861413478851318,-2.4812402725219727
1710532733727774311,-9.200467109680176,-0.7580236792564392,-2.4812402725219727
1710532733748555529,-9.20645523071289,-0.826281726360321,-2.4417223930358887
1710532733780079141,-9.19807243347168,-1.1651769876480103,-2.453697443008423
1710532733826793754,-9.242380142211914,-1.2525951862335205,-2.486030340194702
1710532733847813999,-9.089098930358887,-0.9388476610183716,-2.4920177459716797
1710532733878903515,-9.119036674499512,-0.8286767601966858,-2.416574716567993
1710532733902389199,-9.189689636230469,-0.8657995462417603,-2.3578968048095703
1710532733946584427,-9.199270248413086,-0.8059240579605103,-2.3423290252685547
1710532733984357296,-9.172924995422363,-1.2106823921203613,-2.5914111137390137
1710532733999237403,-9.154962539672852,-1.2406201362609863,-2.5471031665802
1710532734049393820,-9.24357795715332,-1.2765454053878784,-2.446512460708618
1710532734064142394,-9.089098930358887,-1.047821044921875,-2.4285497665405273
1710532734080690150,-9.189689636230469,-1.0669811964035034,-2.4273521900177
1710532734104002603,-9.099876403808594,-0.7316784858703613,-2.745889902114868
1710532734127127652,-9.134604454040527,-1.027463436126709,-2.493215322494507
1710532734150103573,-9.174121856689453,-1.1088939905166626,-2.465672492980957
1710532734154437519,-9.166936874389648,-1.2250524759292603,-2.465672492980957
1710532734194279676,-9.169332504272461,-1.241817593574524,-2.5195605754852295
1710532734246683498,-9.172924995422363,-0.9436376690864563,-2.475252628326416
1710532734280136978,-9.19807243347168,-0.9508227705955505,-2.4393274784088135
1710532734305375894,-9.171727180480957,-1.1005114316940308,-2.4297473430633545
1710532734320304659,-9.165740013122559,-1.191522240638733,-2.4285497665405273
1710532734335017528,-9.165740013122559,-1.2011022567749023,-2.4177722930908203
1710532734366583030,-9.202862739562988,-1.2454102039337158,-2.5399181842803955
1710532734379161227,-9.067543983459473,-1.3460010290145874,-2.5818309783935547
1710532734416860861,-9.207653045654297,-1.3879138231277466,-2.566263437271118
1710532734441960477,-9.208849906921387,-0.8370593190193176,-2.3195765018463135
1710532734498664172,-9.218430519104004,-1.128054141998291,-2.39501953125
1710532734553489943,-9.16094970703125,-1.383123755455017,-2.512375593185425
1710532734582726296,-9.177715301513672,-1.1160790920257568,-2.4980053901672363
1710532734589134875,-9.133406639099121,-1.117276668548584,-2.493215322494507
1710532734620664376,-9.222023010253906,-1.093326449394226,-2.474055290222168
1710532734702864619,-9.19807243347168,-1.2142748832702637,-2.4201672077178955
1710532734723551428,-9.171727180480957,-1.2801378965377808,-2.465672492980957
1710532734734176443,-9.150172233581543,-1.2585827112197876,-2.5399181842803955
1710532734740544338,-9.187294960021973,-1.251397728919983,-2.533930778503418
1710532734763769672,-9.169332504272461,-1.1364368200302124,-2.5291407108306885
1710532734774298084,-9.213640213012695,-1.0777587890625,-2.525547981262207
1710532734797238145,-9.196874618530273,-0.8394543528556824,-2.444117546081543
1710532734919316912,-9.157357215881348,-1.227447509765625,-2.745889902114868
1710532734925499130,-9.109457015991211,-1.4094690084457397,-2.6093738079071045
1710532734933903953,-9.255553245544434,-1.3148657083511353,-2.562670946121216
1710532734956953480,-9.152566909790039,-0.9819580316543579,-2.5075855255126953
1710532734974063979,-9.158555030822754,-0.8538244366645813,-2.444117546081543
1710532734982255819,-9.242380142211914,-0.8071215748786926,-2.2920336723327637
1710532734990849425,-9.292675971984863,-0.826281726360321,-2.3087987899780273
1710532735018104055,-9.119036674499512,-0.9256750345230103,-2.347119092941284
1710532735039056696,-9.208849906921387,-1.1256592273712158,-2.412982225418091
1710532735053846306,-9.133406639099121,-1.2442126274108887,-2.57464599609375
1710532735074266259,-9.134604454040527,-1.3172607421875,-2.5147705078125
1710532735085029227,-9.226812362670898,-1.4178515672683716,-2.5279431343078613
1710532735114757110,-9.166936874389648,-1.3136682510375977,-2.515968084335327
1710532735135900856,-9.249565124511719,-1.0310559272766113,-2.5087828636169434
1710532735152569852,-9.297466278076172,-1.0250684022903442,-2.3782544136047363
1710532735175550575,-9.126221656799316,-0.700543224811554,-2.365081787109375
1710532735192210598,-9.154962539672852,-0.7927514910697937,-2.314786434173584
1710532735203748416,-9.301058769226074,-1.0394384860992432,-2.3602917194366455
1710532735213237817,-9.119036674499512,-1.0813512802124023,-2.374661922454834
1710532735234958944,-9.168134689331055,-1.153201937675476,-2.39501953125
1710532735242648876,-9.273515701293945,-1.217867374420166,-2.4177722930908203
1710532735265638897,-9.099876403808594,-1.2789404392242432,-2.4776477813720703
1710532735280186911,-9.107061386108398,-1.3196557760238647,-2.502795457839966
1710532735310063826,-9.189689636230469,-1.1292517185211182,-2.524350643157959
1710532735317979974,-9.163344383239746,-1.0106981992721558,-2.4992029666900635
1710532735345638457,-9.210047721862793,-0.9017248749732971,-2.445314884185791
1710532735385448727,-9.182504653930664,-0.9663903713226318,-2.3986120223999023
1710532735414997119,-9.163344383239746,-1.1795470714569092,-2.475252628326416
1710532735427540974,-9.125024795532227,-1.2250524759292603,-2.4692652225494385
1710532735482374011,-9.293872833251953,-1.2609777450561523,-2.5315356254577637
1710532735488295782,-9.114246368408203,-1.301693081855774,-2.5578808784484863
1710532735499062851,-9.208849906921387,-1.0430309772491455,-2.4992029666900635
1710532735526280014,-9.207653045654297,-0.8143066167831421,-2.3411316871643066
1710532735549493230,-9.087902069091797,-0.8155041337013245,-2.3087987899780273
1710532735595497716,-9.172924995422363,-1.0693762302398682,-2.45489501953125
1710532735639632999,-9.17052936553955,-1.3735437393188477,-2.5147705078125
1710532735662773448,-9.20645523071289,-1.3052856922149658,-2.4812402725219727
1710532735691948693,-9.181307792663574,-1.047821044921875,-2.365081787109375
1710532735708833792,-9.210047721862793,-0.8550219535827637,-2.324366569519043
1710532735715058630,-9.210047721862793,-0.8550219535827637,-2.324366569519043
1710532735730117592,-9.171727180480957,-0.7723938226699829,-2.373464345932007
1710532735751233921,-8.946595191955566,-0.9711804389953613,-2.4285497665405273
1710532735784743561,-9.224417686462402,-1.2921130657196045,-2.4680676460266113
1710532735812065986,-9.152566909790039,-1.3460010290145874,-2.493215322494507
1710532735871905600,-9.204059600830078,-1.2286449670791626,-2.442919969558716
1710532735889658340,-9.196874618530273,-0.8454418778419495,-2.4608826637268066
1710532735948626553,-9.152566909790039,-0.9041198492050171,-2.4608826637268066
1710532735986385068,-9.223219871520996,-1.147214412689209,-2.414179801940918
1710532735992838099,-9.157357215881348,-1.152004361152649,-2.4189696311950684
1710532736039010710,-9.172924995422363,-1.3747411966323853,-2.5399181842803955
1710532736053642731,-9.249565124511719,-1.2657678127288818,-2.4908204078674316
1710532736066224638,-9.181307792663574,-0.8047265410423279,-2.3998095989227295
1710532736097589439,-9.23519515991211,-0.7412585616111755,-2.266885995864868
1710532736110666373,-9.14657974243164,-0.748443603515625,-2.354304313659668
1710532736127267524,-9.109457015991211,-0.9017248749732971,-2.3806493282318115
1710532736139882901,-9.289083480834961,-1.177152156829834,-2.45489501953125
1710532736144124202,-9.289083480834961,-1.177152156829834,-2.45489501953125
1710532736160814765,-9.224417686462402,-1.421444058418274,-2.464475154876709
1710532736188093685,-9.169332504272461,-1.3735437393188477,-2.4417223930358887
1710532736202731519,-9.119036674499512,-1.2741503715515137,-2.423759698867798
1710532736265826167,-9.251960754394531,-0.8238866925239563,-2.39501953125
1710532736285435695,-9.245972633361816,-0.8394543528556824,-2.3626868724823
1710532736299354058,-9.177715301513672,-0.9244775176048279,-2.36747670173645
1710532736301496069,-9.135802268981934,-0.9915381073951721,-2.332749128341675
1710532736324736862,-9.192085266113281,-1.1999047994613647,-2.3782544136047363
1710532736345731421,-9.169332504272461,-1.2657678127288818,-2.3914270401000977
1710532736366654906,-9.169332504272461,-1.2861255407333374,-2.433339834213257
1710532736368799866,-9.192085266113281,-1.251397728919983,-2.457289934158325
1710532736398196833,-9.248368263244629,-1.1591894626617432,-2.496807813644409
1710532736421166348,-9.205257415771484,-0.9903405904769897,-2.4704625606536865
1710532736429627637,-9.251960754394531,-0.8634045124053955,-2.433339834213257
1710532736456901042,-9.205257415771484,-0.8646020293235779,-2.4273521900177
1710532736473444608,-9.205257415771484,-0.8646020293235779,-2.4273521900177
1710532736511483833,-9.205257415771484,-1.1304491758346558,-2.333946466445923
1710532736553425756,-9.283095359802246,-1.2454102039337158,-2.4692652225494385
1710532736605625020,-9.228010177612305,-0.8011340498924255,-2.3806493282318115
1710532736622531975,-9.199270248413086,-0.8310717940330505,-2.1878502368927
1710532736639287952,-9.236392974853516,-0.7316784858703613,-2.174677848815918
1710532736660098159,-9.195677757263184,-0.7280859351158142,-2.1902453899383545
1710532736680973784,-9.239985466003418,-1.1400293111801147,-2.423759698867798
1710532736727123473,-9.255553245544434,-1.2861255407333374,-2.5147705078125
1710532736752752687,-9.286687850952148,-1.3100756406784058,-2.486030340194702
1710532736765264889,-9.144184112548828,-1.1891272068023682,-2.3998095989227295
1710532736779986870,-9.083111763000488,-1.107696533203125,-2.3890318870544434
1710532736784420530,-9.25794792175293,-1.0142908096313477,-2.3507115840911865
1710532736811575776,-9.192085266113281,-0.8346642851829529,-2.3483166694641113
1710532736824418274,-9.498647689819336,-0.8622070550918579,-2.305206298828125
1710532736840958349,-9.239985466003418,-0.8586145043373108,-2.295626163482666
1710532736876666820,-9.168134689331055,-0.868194580078125,-2.3399341106414795
1710532736916764939,-9.136999130249023,-1.296903133392334,-2.4608826637268066
1710532736931343454,-9.229207992553711,-1.2382251024246216,-2.445314884185791
1710532736946088625,-9.142987251281738,-1.152004361152649,-2.436932325363159
1710532736984119666,-9.17531967163086,-0.8753796219825745,-2.4189696311950684
1710532737021703459,-9.17052936553955,-0.9053173661231995,-2.3998095989227295
1710532737042645644,-9.208849906921387,-1.0609936714172363,-2.3998095989227295
1710532737065719718,-9.134604454040527,-1.1639795303344727,-2.3986120223999023
1710532737095652771,-9.164542198181152,-1.3507909774780273,-2.5147705078125
1710532737114167975,-9.24357795715332,-1.2789404392242432,-2.4908204078674316
1710532737122610129,-9.222023010253906,-1.1807446479797363,-2.1722826957702637
1710532737193762723,-9.16094970703125,-0.8131091594696045,-2.2297632694244385
1710532737221081320,-9.297466278076172,-0.7580236792564392,-2.2417383193969727
1710532737246278140,-9.131011962890625,-1.2861255407333374,-2.526745557785034
1710532737261240622,-9.233997344970703,-1.302890658378601,-2.505190372467041
1710532737281904762,-9.233997344970703,-1.302890658378601,-2.505190372467041
1710532737304932205,-9.273515701293945,-1.1484118700027466,-2.393821954727173
1710532737332618696,-8.96695327758789,-1.068178653717041,-2.385439395904541
1710532737345170164,-9.133406639099121,-0.8143066167831421,-2.363884210586548
1710532737366285476,-9.12382698059082,-0.8238866925239563,-2.3614892959594727
1710532737372363569,-9.210047721862793,-0.8753796219825745,-2.325563907623291
1710532737393404350,-9.111851692199707,-0.9424402117729187,-2.3878345489501953
1710532737418689193,-9.097481727600098,-1.0250684022903442,-2.4177722930908203
1710532737433569431,-9.273515701293945,-1.2861255407333374,-2.4093897342681885
1710532737454382866,-9.190887451171875,-1.2693603038787842,-2.4501049518585205
1710532737465082118,-9.231602668762207,-1.2406201362609863,-2.42256236076355
1710532737582444004,-9.238787651062012,-1.0801538228988647,-2.3626868724823
1710532737611966329,-9.132209777832031,-1.167572021484375,-2.3495142459869385
1710532737626544512,-9.17052936553955,-1.2250524759292603,-2.373464345932007
1710532737628777505,-9.2208251953125,-1.2801378965377808,-2.3806493282318115
1710532737666469925,-9.250762939453125,-1.3148657083511353,-2.5087828636169434
1710532737677071966,-9.313033103942871,-1.1687694787979126,-2.4680676460266113
1710532737693698763,-9.214838027954102,-0.9376501441001892,-2.426154851913452
1710532737708559724,-9.12382698059082,-0.7496411204338074,-2.323168992996216
1710532737712724523,-9.237590789794922,-0.8274792432785034,-2.144740104675293
1710532737761129606,-9.159751892089844,-0.9304651021957397,-2.286046028137207
1710532737779884638,-9.12382698059082,-1.2502001523971558,-2.493215322494507
1710532737809483901,-9.217232704162598,-1.3962963819503784,-2.496807813644409
1710532737824321355,-9.181307792663574,-1.4406042098999023,-2.446512460708618
1710532737882852955,-9.178912162780762,-1.0262658596038818,-2.363884210586548
1710532737967075896,-9.297466278076172,-1.3172607421875,-2.404599666595459
1710532737987900046,-9.097481727600098,-1.353186011314392,-2.45489501953125
1710532738025774282,-9.174121856689453,-1.2202624082565308,-2.42256236076355
1710532738040306279,-9.226812362670898,-0.9855505228042603,-2.3626868724823
1710532738055037596,-9.212442398071289,-0.9005273580551147,-2.3698718547821045
1710532738063269694,-9.212442398071289,-0.9005273580551147,-2.3698718547821045
1710532738092564644,-9.248368263244629,-0.7867639064788818,-2.3782544136047363
1710532738158011269,-9.228010177612305,-1.1005114316940308,-2.3902294635772705
1710532738197535066,-9.134604454040527,-1.2298425436019897,-2.533930778503418
1710532738220770225,-9.163344383239746,-1.2094848155975342,-2.4297473430633545
1710532738227257006,-9.348958969116211,-1.068178653717041,-2.305206298828125
1710532738250120180,-9.040000915527344,-0.7819738984107971,-2.264491081237793
1710532738275068720,-9.2304048538208,-0.8717871308326721,-2.1507275104522705
1710532738334127602,-9.231602668762207,-1.1508069038391113,-2.415377140045166
1710532738370206873,-9.162147521972656,-1.4154565334320068,-2.466870069503784
1710532738378605825,-9.229207992553711,-1.2921130657196045,-2.414179801940918
1710532738401981596,-9.229207992553711,-1.2921130657196045,-2.414179801940918
1710532738420878308,-9.158555030822754,-1.098116397857666,-2.4010071754455566
1710532738441512858,-9.108259201049805,-0.7340734601020813,-2.286046028137207
1710532738498119003,-9.153764724731445,-0.9017248749732971,-2.365081787109375
1710532738542400393,-9.181307792663574,-1.3292357921600342,-2.4417223930358887
1710532738567547208,-9.201664924621582,-1.3208532333374023,-2.4117846488952637
1710532738578204662,-9.20645523071289,-1.2058923244476318,-2.3998095989227295
1710532738586617466,-9.182504653930664,-1.0047106742858887,-2.3590941429138184
1710532738603338708,-9.182504653930664,-1.0047106742858887,-2.3590941429138184
1710532738615922265,-9.267528533935547,-0.9172924757003784,-2.3495142459869385
1710532738641193982,-9.174121856689453,-0.796343982219696,-2.3902294635772705
1710532738676817294,-9.208849906921387,-1.1699670553207397,-2.336341619491577
1710532738708354857,-9.180109977722168,-1.2992980480194092,-2.3602917194366455
1710532738731499324,-9.128617286682129,-1.3160632848739624,-2.5782384872436523
1710532738746968284,-9.223219871520996,-1.3687536716461182,-2.513572931289673
1710532738777712097,-9.368119239807129,-1.1891272068023682,-2.457289934158325
1710532738783947491,-9.23519515991211,-0.6933581829071045,-2.224973201751709
1710532738813455420,-9.261540412902832,-0.7879614233970642,-2.233355760574341
1710532738842985669,-9.113049507141113,-0.7723938226699829,-2.2393431663513184
1710532738859743083,-9.102272033691406,-1.003513216972351,-2.274070978164673
1710532738910359785,-9.090296745300293,-1.3986914157867432,-2.336341619491577
1710532738956783149,-9.301058769226074,-1.2909154891967773,-2.483635187149048
1710532738965039446,-9.199270248413086,-1.2022998332977295,-2.4477100372314453
1710532739000521335,-9.133406639099121,-0.8406518697738647,-2.4201672077178955
1710532739053019573,-9.196874618530273,-0.7819738984107971,-2.223775625228882
1710532739099566556,-9.116641998291016,-1.266965389251709,-2.375859260559082
1710532739126879609,-9.121432304382324,-1.2597802877426147,-2.465672492980957
1710532739150117356,-9.279502868652344,-1.038240909576416,-2.405797004699707
1710532739179491665,-9.153764724731445,-0.8430469036102295,-2.3914270401000977
1710532739246585466,-9.178912162780762,-1.0609936714172363,-2.2812561988830566
1710532739271009941,-9.293872833251953,-1.2561877965927124,-2.4010071754455566
1710532739284393782,-9.194479942321777,-1.3519885540008545,-2.502795457839966
1710532739298879508,-9.136999130249023,-1.4142590761184692,-2.543510675430298
1710532739328580518,-9.139394760131836,-0.6274951100349426,-2.315983772277832
1710532739412782462,-9.298663139343262,-1.1352392435073853,-2.383044481277466
1710532739435802743,-9.131011962890625,-1.1747571229934692,-2.452500104904175
1710532739450480535,-9.28070068359375,-1.3436059951782227,-2.4608826637268066
1710532739470261152,-9.238787651062012,-1.4034814834594727,-2.4513025283813477
1710532739494789406,-9.16094970703125,-1.302890658378601,-2.406994581222534
1710532739538860228,-9.14657974243164,-1.0945239067077637,-2.264491081237793
1710532739568353604,-9.261540412902832,-0.7256909012794495,-2.144740104675293
1710532739601805481,-9.008866310119629,-0.9125024676322937,-2.083667039871216
1710532739658270739,-9.024433135986328,-1.452579379081726,-2.502795457839966
1710532739676771495,-9.262738227844238,-1.4621593952178955,-2.724334716796875
1710532739725597994,-9.237590789794922,-0.6538403034210205,-2.265688419342041
1710532739733945786,-9.210047721862793,-0.7137157917022705,-2.1112096309661865
1710532739740157995,-9.239985466003418,-0.7352709770202637,-2.1806652545928955
1710532739757066739,-9.12382698059082,-0.8155041337013245,-2.24772572517395
1710532739778075217,-9.19807243347168,-0.9592053294181824,-2.2992186546325684
1710532739816130074,-9.344168663024902,-1.0226733684539795,-2.4189696311950684
1710532739822251774,-9.241183280944824,-1.362766146659851,-2.533930778503418
1710532739864103588,-9.071136474609375,-1.4106664657592773,-2.672841787338257
1710532739878824366,-9.3309965133667,-1.191522240638733,-2.4393274784088135
1710532739893497308,-9.147777557373047,-0.9041198492050171,-2.3195765018463135
1710532739922995842,-9.253157615661621,-0.670605480670929,-2.193837881088257
1710532739975826700,-9.119036674499512,-1.2597802877426147,-2.203418016433716
1710532739998956988,-9.214838027954102,-1.128054141998291,-2.2920336723327637
1710532740030443449,-9.273515701293945,-1.3064831495285034,-2.39501953125
1710532740034684217,-9.166936874389648,-1.2992980480194092,-2.4596850872039795
1710532740055797411,-9.2112455368042,-0.9388476610183716,-2.565065860748291
1710532740078681035,-9.166936874389648,-0.8466393947601318,-2.503993034362793
1710532740102050824,-9.241183280944824,-0.8286767601966858,-2.284848690032959
1710532740112526175,-9.226812362670898,-0.8586145043373108,-2.274070978164673
1710532740141796896,-9.163344383239746,-0.9987231492996216,-2.3291563987731934
1710532740162791285,-9.156159400939941,-1.2466076612472534,-2.3698718547821045
1710532740177641726,-9.222023010253906,-1.2190649509429932,-2.397414445877075
1710532740201359245,-9.089098930358887,-1.087338924407959,-2.373464345932007
1710532740209180600,-9.212442398071289,-1.1639795303344727,-2.343526601791382
1710532740238500006,-9.195677757263184,-1.0262658596038818,-2.4189696311950684
1710532740257233845,-9.3309965133667,-0.9951305985450745,-2.423759698867798
1710532740273620486,-9.164542198181152,-0.8933422565460205,-2.446512460708618
1710532740284776132,-9.298663139343262,-0.8466393947601318,-2.4513025283813477
1710532740305663634,-9.298663139343262,-0.8490344285964966,-2.396217107772827
1710532740326771115,-9.223219871520996,-0.9927356243133545,-2.274070978164673
1710532740333080633,-9.205257415771484,-1.0861413478851318,-2.2297632694244385
1710532740379144070,-9.217232704162598,-1.446591854095459,-2.354304313659668
1710532740425396654,-9.223219871520996,-0.9424402117729187,-2.4081921577453613
1710532740440045114,-9.166936874389648,-0.8634045124053955,-2.336341619491577
1710532740461264050,-9.166936874389648,-0.8634045124053955,-2.336341619491577
1710532740475586830,-9.314230918884277,-0.8550219535827637,-2.217787981033325
1710532740492561353,-9.205257415771484,-0.7173083424568176,-2.3291563987731934
1710532740514500168,-9.189689636230469,-0.9616003632545471,-2.356699228286743
1710532740530845875,-9.247170448303223,-1.3483959436416626,-2.365081787109375
1710532740545556097,-9.085506439208984,-1.4477893114089966,-2.347119092941284
1710532740556105289,-9.169332504272461,-1.4633569717407227,-2.337538957595825
1710532740583291437,-9.172924995422363,-1.1424243450164795,-2.4010071754455566
1710532740642041134,-9.232800483703613,-0.8849596977233887,-2.3411316871643066
1710532740662977983,-9.285490989685059,-0.886157214641571,-2.314786434173584
1710532740679539942,-9.293872833251953,-0.9388476610183716,-2.3207738399505615
1710532740688156025,-9.293872833251953,-0.9388476610183716,-2.3207738399505615
1710532740755414344,-9.232800483703613,-1.3950989246368408,-2.3818469047546387
1710532740765772191,-9.180109977722168,-1.1543993949890137,-2.33514404296875
1710532740793324443,-9.236392974853516,-1.0154882669448853,-2.3123912811279297
1710532740807752109,-9.217232704162598,-0.928070068359375,-2.337538957595825
1710532740845807687,-9.242380142211914,-0.8358618021011353,-2.3710694313049316
1710532740854060055,-9.213640213012695,-0.9089099168777466,-2.383044481277466
1710532740889555278,-9.19807243347168,-1.113684058189392,-2.4117846488952637
1710532740965369137,-9.305848121643066,-1.4142590761184692,-2.355501651763916
1710532740995013578,-9.080716133117676,-0.8143066167831421,-2.226170539855957
1710532741001270781,-9.15137004852295,-0.7855663895606995,-2.2201831340789795
1710532741032915186,-9.2208251953125,-0.7077282667160034,-2.2980213165283203
1710532741041095373,-9.283095359802246,-0.8634045124053955,-2.3315515518188477
1710532741054163317,-9.231602668762207,-1.1484118700027466,-2.4489073753356934
1710532741077063920,-9.163344383239746,-1.2885204553604126,-2.4704625606536865
1710532741081155239,-9.164542198181152,-1.397493839263916,-2.4309449195861816
1710532741097938966,-9.194479942321777,-1.416654109954834,-2.3914270401000977
1710532741116729895,-9.208849906921387,-1.3579760789871216,-2.4117846488952637
1710532741167832718,-9.159751892089844,-1.2753479480743408,-2.3710694313049316
1710532741278671868,-9.189689636230469,-1.3903088569641113,-2.4417223930358887
1710532741286961505,-9.250762939453125,-1.3100756406784058,-2.3794519901275635
1710532741311206367,-9.144184112548828,-1.1639795303344727,-2.3782544136047363
1710532741346782007,-9.24357795715332,-1.1112890243530273,-2.337538957595825
1710532741363086581,-9.188492774963379,-0.886157214641571,-2.2992186546325684
1710532741398727622,-9.239985466003418,-0.8598120212554932,-2.2812561988830566
1710532741413575947,-9.233997344970703,-1.0801538228988647,-2.33514404296875
1710532741442905518,-9.267528533935547,-1.2454102039337158,-2.415377140045166
1710532741461792428,-9.188492774963379,-1.3172607421875,-2.484832763671875
1710532741476106857,-9.208849906921387,-1.3663586378097534,-2.555485725402832
1710532741482508520,-9.104666709899902,-1.4657520055770874,-2.5578808784484863
1710532741515975472,-9.285490989685059,-1.0909314155578613,-2.353106737136841
1710532741547680197,-9.321415901184082,-0.9053173661231995,-2.1100122928619385
1710532741564404020,-9.16094970703125,-0.65863037109375,-2.1603076457977295
1710532741572792590,-9.163344383239746,-0.8095166087150574,-2.244133234024048
1710532741587561780,-9.163344383239746,-0.8095166087150574,-2.244133234024048
1710532741610759342,-9.286687850952148,-1.0957214832305908,-2.3219714164733887
1710532741614787019,-9.224417686462402,-1.1448193788528442,-2.3423290252685547
1710532741631758333,-9.163344383239746,-1.2310400009155273,-2.4501049518585205
1710532741677832022,-9.213640213012695,-1.1352392435073853,-2.3722667694091797
1710532741713752656,-9.217232704162598,-1.0106981992721558,-2.294428825378418
1710532741738954913,-9.299860954284668,-0.9113049507141113,-2.295626163482666
1710532741745176906,-9.165740013122559,-0.7915539741516113,-2.236948251724243
1710532741761964274,-9.244775772094727,-0.9184899926185608,-2.2704784870147705
1710532741822736076,-9.285490989685059,-1.3160632848739624,-2.3878345489501953
1710532741843803857,-9.116641998291016,-1.1184741258621216,-2.365081787109375
1710532741925905857,-9.253157615661621,-0.9771679639816284,-2.3183789253234863
1710532741949056444,-9.200467109680176,-1.177152156829834,-2.3722667694091797
1710532741963739512,-9.182504653930664,-1.243015170097351,-2.39501953125
1710532741984707912,-9.287885665893555,-1.2849279642105103,-2.464475154876709
1710532742001290009,-9.287885665893555,-1.2849279642105103,-2.464475154876709
1710532742030879035,-9.122629165649414,-1.3196557760238647,-2.4812402725219727
1710532742060122881,-9.237590789794922,-0.6526428461074829,-2.2585034370422363
1710532742097923838,-9.323810577392578,-0.9136999249458313,-2.0525317192077637
1710532742129367833,-9.229207992553711,-1.1148816347122192,-2.3004162311553955
1710532742144270988,-9.284293174743652,-1.3244458436965942,-2.3423290252685547
1710532742146310322,-9.157357215881348,-1.3436059951782227,-2.45489501953125
1710532742177666675,-9.250762939453125,-1.3723461627960205,-2.416574716567993
1710532742188184964,-9.229207992553711,-1.3759387731552124,-2.4201672077178955
1710532742209213662,-9.2208251953125,-1.1496093273162842,-2.385439395904541
1710532742226039392,-9.190887451171875,-1.0406359434127808,-2.3004162311553955
1710532742255678730,-9.24357795715332,-0.8669970631599426,-2.2585034370422363
1710532742287122546,-9.262738227844238,-0.8669970631599426,-2.24772572517395
1710532742299658034,-9.200467109680176,-0.9663903713226318,-2.2824535369873047
1710532742352132144,-9.237590789794922,-1.2537927627563477,-2.393821954727173
1710532742421345804,-9.245972633361816,-1.027463436126709,-2.2752685546875
1710532742438153756,-9.250762939453125,-0.946032702922821,-2.256108283996582
1710532742480143716,-9.205257415771484,-1.1196715831756592,-2.3423290252685547
1710532742488614485,-9.204059600830078,-1.183139681816101,-2.3495142459869385
1710532742517941658,-9.216034889221191,-1.2166699171066284,-2.324366569519043
1710532742541165000,-9.188492774963379,-1.2046948671340942,-2.353106737136841
1710532742558110888,-9.250762939453125,-1.241817593574524,-2.392624616622925
1710532742585420692,-9.398056983947754,-1.01788330078125,-2.3483166694641113
1710532742637885446,-9.362131118774414,-0.9244775176048279,-2.087259531021118
1710532742665223098,-9.233997344970703,-1.1053014993667603,-2.233355760574341
1710532742673752450,-9.259145736694336,-1.2190649509429932,-2.2896387577056885
1710532742699088361,-9.202862739562988,-1.301693081855774,-2.383044481277466
1710532742713643717,-9.174121856689453,-1.2765454053878784,-2.463277578353882
1710532742778790809,-9.113049507141113,-1.1184741258621216,-2.3890318870544434
1710532742782942092,-9.147777557373047,-1.0969189405441284,-2.315983772277832
1710532742787187742,-9.29507064819336,-1.0095007419586182,-2.21539306640625
1710532742801920257,-9.14657974243164,-0.8813672065734863,-2.216590642929077
1710532742816641555,-9.2112455368042,-0.8729846477508545,-2.195035457611084
1710532742833454528,-9.250762939453125,-0.9196875095367432,-2.2321581840515137
1710532742848138593,-9.186097145080566,-0.9544152617454529,-2.2812561988830566
1710532742881792205,-9.226812362670898,-1.2238550186157227,-2.423759698867798
1710532742888058642,-9.226812362670898,-1.2238550186157227,-2.423759698867798
1710532742898567978,-9.233997344970703,-1.281335473060608,-2.4596850872039795
1710532742919653555,-9.236392974853516,-1.2238550186157227,-2.3411316871643066
1710532742987039368,-9.278306007385254,-1.0095007419586182,-2.197430372238159
1710532743003824643,-9.147777557373047,-0.8705896139144897,-2.227368116378784
1710532743026904102,-9.144184112548828,-1.0825488567352295,-2.377056837081909
1710532743058423791,-9.171727180480957,-1.2142748832702637,-2.39501953125
1710532743071244209,-9.248368263244629,-1.2406201362609863,-2.373464345932007
1710532743099540895,-9.200467109680176,-1.311273217201233,-2.4477100372314453
1710532743117760472,-9.186097145080566,-1.3040881156921387,-2.435734748840332
1710532743164132282,-9.174121856689453,-0.7747887969017029,-2.1615052223205566
1710532743178793416,-9.307045936584473,-0.9256750345230103,-2.0788769721984863
1710532743237626955,-9.249565124511719,-1.2693603038787842,-2.412982225418091
1710532743260961952,-9.171727180480957,-1.3160632848739624,-2.4285497665405273
1710532743269167759,-9.20645523071289,-1.341210961341858,-2.4309449195861816
1710532743313483899,-9.154962539672852,-1.2406201362609863,-2.3698718547821045
1710532743357763143,-9.202862739562988,-0.8298742771148682,-2.235750675201416
1710532743380980582,-9.214838027954102,-0.8753796219825745,-2.235750675201416
1710532743410379083,-9.214838027954102,-1.107696533203125,-2.33514404296875
1710532743418684983,-9.247170448303223,-1.183139681816101,-2.374661922454834
1710532743456319792,-9.241183280944824,-1.3100756406784058,-2.396217107772827
1710532743473718310,-9.208849906921387,-1.197509765625,-2.3483166694641113
1710532743494185394,-9.192085266113281,-1.1112890243530273,-2.313588857650757
1710532743512826640,-9.217232704162598,-1.0262658596038818,-2.253713369369507
1710532743523593823,-9.236392974853516,-0.9556127786636353,-2.234553337097168
1710532743555064680,-9.23519515991211,-0.9005273580551147,-2.2800586223602295
1710532743574152039,-9.196874618530273,-1.0645861625671387,-2.30281138420105
1710532743593052408,-9.239985466003418,-1.1496093273162842,-2.3099963665008545
1710532743643264592,-9.219627380371094,-1.2609777450561523,-2.465672492980957
1710532743696125758,-9.177715301513672,-0.8047265410423279,-2.227368116378784
1710532743725631658,-9.135802268981934,-0.8454418778419495,-2.2225780487060547
1710532743738462898,-9.309440612792969,-0.910107433795929,-2.0704944133758545
1710532743809816822,-9.305848121643066,-1.161584496498108,-2.404599666595459
1710532743883202554,-9.315428733825684,-1.2238550186157227,-2.3123912811279297
1710532743958995292,-9.171727180480957,-0.9113049507141113,-2.207010507583618
1710532743967415010,-9.26633071899414,-1.1723620891571045,-2.295626163482666
1710532743988339850,-9.202862739562988,-1.173559546470642,-2.345921516418457
1710532744018038695,-9.232800483703613,-1.2358300685882568,-2.3914270401000977
1710532744032818713,-9.219627380371094,-1.1603869199752808,-2.33514404296875
1710532744056041150,-9.236392974853516,-1.1340417861938477,-2.263293504714966
1710532744131683411,-9.189689636230469,-1.0466235876083374,-2.2704784870147705
1710532744167291714,-9.212442398071289,-1.1903246641159058,-2.3698718547821045
1710532744183960346,-9.172924995422363,-1.3088781833648682,-2.486030340194702
1710532744198529398,-9.289083480834961,-1.3148657083511353,-2.426154851913452
1710532744255030052,-9.236392974853516,-0.987945556640625,-2.2022204399108887
1710532744265690516,-9.321415901184082,-0.8717871308326721,-2.105222225189209
1710532744294984941,-9.174121856689453,-0.8526269793510437,-2.157912492752075
1710532744309764945,-9.217232704162598,-1.0813512802124023,-2.274070978164673
1710532744330811520,-9.321415901184082,-1.123264193534851,-2.274070978164673
1710532744345418887,-9.305848121643066,-1.2154724597930908,-2.363884210586548
1710532744385422457,-9.208849906921387,-1.2681628465652466,-2.3578968048095703
1710532744408780865,-9.158555030822754,-1.173559546470642,-2.304008722305298
1710532744446502978,-9.273515701293945,-1.0298583507537842,-2.244133234024048
1710532744482087557,-9.2208251953125,-0.9580078125,-2.197430372238159
1710532744505235925,-9.176517486572266,-0.9831554889678955,-2.2405407428741455
1710532744507494432,-9.214838027954102,-1.0657837390899658,-2.257305860519409
1710532744553553181,-9.196874618530273,-1.237027645111084,-2.363884210586548
1710532744557838523,-9.233997344970703,-1.2202624082565308,-2.386636972427368
1710532744595612163,-9.222023010253906,-1.1412267684936523,-2.337538957595825
1710532744648254860,-9.228010177612305,-0.916094958782196,-2.186652898788452
1710532744660739684,-9.216034889221191,-0.9304651021957397,-2.1914429664611816
1710532744679536129,-9.233997344970703,-1.0286608934402466,-2.2692809104919434
1710532744707083950,-9.216034889221191,-1.1543993949890137,-2.3123912811279297
1710532744721634015,-9.222023010253906,-1.191522240638733,-2.337538957595825
1710532744730214246,-9.277108192443848,-1.2298425436019897,-2.435734748840332
1710532744738500584,-9.174121856689453,-1.2753479480743408,-2.4812402725219727
1710532744763649071,-9.287885665893555,-1.311273217201233,-2.4285497665405273
1710532744770156127,-9.20645523071289,-1.033450961112976,-2.2824535369873047
1710532744780444610,-9.174121856689453,-0.9041198492050171,-2.214195489883423
1710532744812093099,-9.244775772094727,-0.9747729301452637,-2.126777410507202
1710532744814190476,-9.244775772094727,-0.9747729301452637,-2.126777410507202
1710532744820534523,-9.285490989685059,-0.880169689655304,-2.1088147163391113
1710532744837224563,-9.2208251953125,-0.790356457233429,-2.076481819152832
1710532744874190673,-9.152566909790039,-0.9687854051589966,-2.1914429664611816
1710532744887432974,-9.262738227844238,-1.2597802877426147,-2.386636972427368
1710532744917254461,-9.275910377502441,-1.3256433010101318,-2.3890318870544434
1710532744940017262,-9.261540412902832,-1.1304491758346558,-2.3423290252685547
1710532744986213729,-9.16094970703125,-1.1424243450164795,-2.294428825378418
1710532745038609914,-9.188492774963379,-1.0190807580947876,-2.227368116378784
1710532745053093050,-9.188492774963379,-1.0190807580947876,-2.227368116378784
1710532745075240396,-9.25794792175293,-1.2094848155975342,-2.3195765018463135
1710532745120478677,-9.241183280944824,-1.1639795303344727,-2.3686742782592773
1710532745152189363,-9.251960754394531,-1.1088939905166626,-2.2692809104919434
1710532745170833294,-9.213640213012695,-0.999920666217804,-2.173480272293091
1710532745181430105,-9.172924995422363,-0.9484277367591858,-2.1507275104522705
1710532745202422748,-9.226812362670898,-0.969982922077179,-2.1794676780700684
1710532745240356822,-9.233997344970703,-1.1053014993667603,-2.277663469314575
1710532745274360653,-9.239985466003418,-1.2693603038787842,-2.45489501953125
1710532745305100913,-9.301058769226074,-1.3052856922149658,-2.4776477813720703
1710532745328577549,-9.148974418640137,-0.8777746558189392,-2.1818628311157227
1710532745345243352,-9.190887451171875,-0.8574169874191284,-2.1303699016571045
1710532745368438792,-9.283095359802246,-0.8346642851829529,-2.0309765338897705
1710532745381085577,-9.20645523071289,-0.8298742771148682,-2.026186466217041
1710532745456556009,-9.238787651062012,-1.331630825996399,-2.3890318870544434
1710532745479161517,-9.196874618530273,-1.302890658378601,-2.3998095989227295
1710532745502736070,-9.200467109680176,-1.1112890243530273,-2.245330810546875
1710532745511150116,-9.208849906921387,-1.0394384860992432,-2.204615592956543
1710532745526039688,-9.23519515991211,-0.9232800006866455,-2.1914429664611816
1710532745563644224,-9.236392974853516,-0.8693920969963074,-2.1603076457977295
1710532745578297174,-9.265132904052734,-0.8693920969963074,-2.145937442779541
1710532745607841704,-9.20645523071289,-0.9747729301452637,-2.21539306640625
1710532745609983807,-9.186097145080566,-1.0813512802124023,-2.277663469314575
1710532745622467434,-9.273515701293945,-1.2394225597381592,-2.336341619491577
1710532745637157098,-9.181307792663574,-1.2849279642105103,-2.4081921577453613
1710532745654047980,-9.225615501403809,-1.2142748832702637,-2.3878345489501953
1710532745673061495,-9.225615501403809,-1.2202624082565308,-2.377056837081909
1710532745679073860,-9.200467109680176,-1.2082873582839966,-2.274070978164673
1710532745691868633,-9.239985466003418,-1.1627819538116455,-2.274070978164673
1710532745725598864,-9.224417686462402,-0.880169689655304,-2.117197275161743
1710532745750942659,-9.231602668762207,-0.9747729301452637,-2.1591100692749023
1710532745771867196,-9.233997344970703,-0.9496252536773682,-2.174677848815918
1710532745811620047,-9.200467109680176,-1.0693762302398682,-2.233355760574341
1710532745836876139,-9.256750106811523,-1.2238550186157227,-2.33514404296875
1710532745908383723,-9.262738227844238,-0.8442443609237671,-2.057321786880493
1710532745937666983,-9.233997344970703,-0.7867639064788818,-2.036964178085327
1710532745946246530,-9.248368263244629,-1.0130932331085205,-2.1722826957702637
1710532745984195505,-9.245972633361816,-1.187929630279541,-2.2992186546325684
1710532745988497646,-9.120234489440918,-1.1939172744750977,-2.383044481277466
1710532746013562460,-9.2208251953125,-1.3939013481140137,-2.3794519901275635
1710532746053543553,-9.297466278076172,-1.0310559272766113,-2.2106029987335205
1710532746126971804,-9.2208251953125,-0.9556127786636353,-2.185455322265625
1710532746145991240,-9.222023010253906,-1.0909314155578613,-2.266885995864868
1710532746171231354,-9.28070068359375,-1.3340258598327637,-2.3578968048095703
1710532746246695464,-9.204059600830078,-1.1208691596984863,-2.264491081237793
1710532746255010182,-9.287885665893555,-1.0394384860992432,-2.205812931060791
1710532746263445420,-9.251960754394531,-0.9639953374862671,-2.18306040763855
1710532746275798753,-9.281898498535156,-0.9029223918914795,-2.154320001602173
1710532746294860198,-9.237590789794922,-0.9508227705955505,-2.193837881088257
1710532746307342818,-9.260342597961426,-1.057401180267334,-2.21539306640625
1710532746328547105,-9.24357795715332,-1.1064990758895874,-2.227368116378784
1710532746360224745,-9.222023010253906,-1.2992980480194092,-2.332749128341675
1710532746374802028,-9.19807243347168,-1.4190490245819092,-2.544708251953125
1710532746393665891,-9.176517486572266,-1.457369327545166,-2.526745557785034
1710532746440028549,-9.16094970703125,-0.9172924757003784,-1.8848804235458374
1710532746454598917,-9.229207992553711,-0.46223875880241394,-1.7675243616104126
1710532746513660803,-9.024433135986328,-0.6203100681304932,-2.0130138397216797
1710532746521911750,-9.145381927490234,-0.8310717940330505,-2.065704345703125
1710532746530210417,-9.036408424377441,-1.3986914157867432,-2.5291407108306885
1710532746553614566,-9.157357215881348,-1.4920971393585205,-2.573448419570923
1710532746582902743,-9.310638427734375,-1.5399975776672363,-2.5578808784484863
1710532746603823109,-9.19807243347168,-1.063388705253601,-2.344724178314209
1710532746616664995,-9.393266677856445,-0.9915381073951721,-2.233355760574341
1710532746635327420,-9.231602668762207,-0.8274792432785034,-2.136357307434082
1710532746687602851,-9.207653045654297,-1.01788330078125,-2.1806652545928955
1710532746708997320,-9.136999130249023,-1.3160632848739624,-2.3794519901275635
1710532746726183502,-9.156159400939941,-1.3364208936691284,-2.3986120223999023
1710532746763567767,-9.256750106811523,-1.4238390922546387,-2.4908204078674316
1710532746801672156,-9.347761154174805,-1.0142908096313477,-2.414179801940918
1710532746809941741,-9.41482162475586,-1.0226733684539795,-2.154320001602173
1710532746854226732,-9.254355430603027,-0.9592053294181824,-2.1100122928619385
1710532746875075690,-9.194479942321777,-0.9580078125,-2.1878502368927
1710532746877115018,-9.17052936553955,-0.9963281154632568,-2.227368116378784
1710532746896144574,-9.248368263244629,-1.1064990758895874,-2.3076012134552
1710532746930184091,-9.233997344970703,-1.362766146659851,-2.543510675430298
1710532746944793960,-9.292675971984863,-1.2022998332977295,-2.415377140045166
1710532746965785679,-9.181307792663574,-0.8574169874191284,-2.246528387069702
1710532746972141016,-9.249565124511719,-0.8250842094421387,-2.1100122928619385
1710532746995048593,-9.17052936553955,-0.886157214641571,-2.0357666015625
1710532747011704147,-9.253157615661621,-0.9184899926185608,-1.985471248626709
1710532747032722041,-9.29028034210205,-0.7951464653015137,-1.9938538074493408
1710532747056018185,-9.13819694519043,-0.790356457233429,-2.0309765338897705
1710532747073631903,-9.322613716125488,-1.122066617012024,-2.1591100692749023
1710532747078690396,-9.177715301513672,-1.4441968202590942,-2.4692652225494385
1710532747089218225,-9.177715301513672,-1.4441968202590942,-2.4692652225494385
1710532747114394871,-9.281898498535156,-1.5567626953125,-2.4884252548217773
1710532747131285424,-9.186097145080566,-1.217867374420166,-2.4704625606536865
1710532747154588214,-9.249565124511719,-1.1747571229934692,-2.383044481277466
1710532747183957456,-9.272317886352539,-1.1029064655303955,-2.3004162311553955
1710532747213238900,-9.328600883483887,-0.9328601360321045,-2.0034339427948
1710532747242558160,-9.113049507141113,-1.0214757919311523,-2.12797474861145
1710532747271995842,-9.187294960021973,-1.3448034524917603,-2.5111780166625977
1710532747280099308,-9.156159400939941,-1.3579760789871216,-2.535128116607666
1710532747297202633,-9.327404022216797,-1.2837305068969727,-2.4596850872039795
1710532747322360168,-9.159751892089844,-1.197509765625,-2.325563907623291
1710532747355926424,-9.2304048538208,-1.1687694787979126,-2.2429358959198
1710532747364354680,-9.299860954284668,-1.087338924407959,-2.185455322265625
1710532747400734354,-9.216034889221191,-1.0597960948944092,-2.214195489883423
1710532747414937369,-9.216034889221191,-1.0597960948944092,-2.214195489883423
1710532747429475684,-9.236392974853516,-1.1184741258621216,-2.254910945892334
1710532747440057806,-9.218430519104004,-1.181942105293274,-2.336341619491577
1710532747454636476,-9.277108192443848,-1.1999047994613647,-2.3914270401000977
1710532747490111518,-9.250762939453125,-1.3663586378097534,-2.502795457839966
1710532747500858268,-9.244775772094727,-1.181942105293274,-2.353106737136841
1710532747519878864,-9.207653045654297,-1.0142908096313477,-2.2381458282470703
1710532747536681872,-9.192085266113281,-1.1053014993667603,-2.094444513320923
1710532747542987560,-9.26633071899414,-1.0346484184265137,-2.0285816192626953
1710532747557821247,-9.301058769226074,-0.8634045124053955,-2.015408992767334
1710532747572231841,-9.098679542541504,-0.6825805902481079,-2.0716919898986816
1710532747595166003,-9.298663139343262,-1.0741662979125977,-2.18306040763855
1710532747609938321,-9.132209777832031,-1.1460168361663818,-2.3626868724823
1710532747626612022,-9.25794792175293,-1.2310400009155273,-2.3782544136047363
1710532747641344483,-9.344168663024902,-1.302890658378601,-2.3878345489501953
1710532747656079214,-9.139394760131836,-1.2957055568695068,-2.363884210586548
1710532747677014442,-9.274713516235352,-1.173559546470642,-2.333946466445923
1710532747685311799,-9.189689636230469,-1.1903246641159058,-2.317181348800659
1710532747700373521,-9.226812362670898,-1.2022998332977295,-2.21539306640625
1710532747717103206,-9.287885665893555,-1.1328442096710205,-2.1926403045654297
1710532747746236894,-9.15137004852295,-0.940045177936554,-2.155517578125
1710532747781952444,-9.162147521972656,-0.9831554889678955,-2.3076012134552
1710532747804965620,-9.323810577392578,-1.272952914237976,-2.36747670173645
1710532747809218144,-9.154962539672852,-1.2166699171066284,-2.4201672077178955
1710532747848963682,-9.293872833251953,-1.2298425436019897,-2.3315515518188477
1710532747881141558,-9.204059600830078,-1.2094848155975342,-2.326761484146118
1710532747903938780,-9.196874618530273,-0.9532177448272705,-2.1698877811431885
1710532747916537864,-9.244775772094727,-0.9639953374862671,-2.1483325958251953
1710532747920847216,-9.2304048538208,-0.9807605147361755,-2.174677848815918
1710532747956404538,-9.2304048538208,-0.9891430735588074,-2.1698877811431885
1710532747962657444,-9.236392974853516,-1.0011181831359863,-2.18306040763855
1710532747992180925,-9.251960754394531,-1.1184741258621216,-2.2405407428741455
1710532748017217172,-9.208849906921387,-1.397493839263916,-2.553090810775757
1710532748042386041,-9.26633071899414,-1.1064990758895874,-2.325563907623291
1710532748054917616,-9.232800483703613,-0.969982922077179,-2.264491081237793
1710532748084070447,-9.153764724731445,-0.9436376690864563,-2.1315674781799316
1710532748107378219,-9.27112102508545,-0.7723938226699829,-1.9639160633087158
1710532748128365378,-9.116641998291016,-0.7400610446929932,-1.9950512647628784
1710532748157612738,-9.283095359802246,-1.1088939905166626,-2.145937442779541
1710532748187141409,-9.299860954284668,-1.3495935201644897,-2.42256236076355
1710532748210110716,-9.305848121643066,-1.3136682510375977,-2.415377140045166
1710532748233157633,-9.187294960021973,-1.207089900970459,-2.3387365341186523
1710532748283236487,-9.29507064819336,-0.8885522484779358,-2.0094213485717773
1710532748308760860,-9.260342597961426,-0.9041198492050171,-2.1507275104522705
1710532748334069788,-9.236392974853516,-1.1424243450164795,-2.274070978164673
1710532748338106973,-9.249565124511719,-1.221459984779358,-2.2992186546325684
1710532748357081977,-9.233997344970703,-1.296903133392334,-2.4704625606536865
1710532748384359988,-9.310638427734375,-1.2957055568695068,-2.42256236076355
1710532748403370946,-9.219627380371094,-1.2286449670791626,-2.374661922454834
1710532748426275988,-9.283095359802246,-1.177152156829834,-2.157912492752075
1710532748436879893,-9.267528533935547,-1.0813512802124023,-2.093247175216675
1710532748460073727,-9.154962539672852,-0.8897497653961182,-2.0896544456481934
1710532748489780122,-9.217232704162598,-0.9292675852775574,-2.114802360534668
1710532748496198299,-9.222023010253906,-0.9436376690864563,-2.154320001602173
1710532748519274194,-9.213640213012695,-1.0789562463760376,-2.2800586223602295
1710532748527765020,-9.236392974853516,-1.1951147317886353,-2.33514404296875
1710532748542462074,-9.323810577392578,-1.3160632848739624,-2.452500104904175
1710532748571805438,-9.297466278076172,-1.3962963819503784,-2.4393274784088135
1710532748595287320,-9.272317886352539,-1.241817593574524,-2.3291563987731934
1710532748613920686,-9.272317886352539,-1.057401180267334,-2.226170539855957
1710532748630602593,-9.236392974853516,-0.9843530058860779,-1.9866687059402466
1710532748657974513,-9.204059600830078,-0.7268884181976318,-1.9483484029769897
1710532748702086425,-9.345366477966309,-1.057401180267334,-2.155517578125
1710532748727316031,-9.166936874389648,-1.2046948671340942,-2.3626868724823
1710532748771404186,-9.265132904052734,-1.37713623046875,-2.3614892959594727
1710532748790117390,-9.287885665893555,-1.13763427734375,-2.1818628311157227
1710532748802793012,-9.16094970703125,-0.9412426948547363,-2.124382257461548
1710532748819643410,-9.255553245544434,-0.8466393947601318,-2.075284481048584
1710532748834356273,-9.242380142211914,-0.9340575933456421,-2.0920495986938477
1710532748853234566,-9.20645523071289,-0.9867480397224426,-2.124382257461548
1710532748874594886,-9.250762939453125,-1.0813512802124023,-2.2680835723876953
1710532748880503719,-9.255553245544434,-1.1448193788528442,-2.315983772277832
1710532748908104494,-9.239985466003418,-1.2849279642105103,-2.4513025283813477
1710532748945753605,-9.25794792175293,-1.251397728919983,-2.39501953125
1710532748996158227,-9.162147521972656,-0.8825647234916687,-2.0680992603302
1710532749012894361,-9.162147521972656,-0.8825647234916687,-2.0680992603302
1710532749027602224,-9.212442398071289,-0.9675878882408142,-2.147135019302368
1710532749044281894,-9.245972633361816,-0.9831554889678955,-2.2082080841064453
1710532749056922036,-9.239985466003418,-1.057401180267334,-2.2417383193969727
1710532749065220055,-9.239985466003418,-1.057401180267334,-2.2417383193969727
1710532749076230908,-9.2208251953125,-1.2286449670791626,-2.33514404296875
1710532749094593536,-9.244775772094727,-1.2945080995559692,-2.433339834213257
1710532749126285857,-9.145381927490234,-1.4585669040679932,-2.4213647842407227
1710532749155862373,-9.302255630493164,-1.0789562463760376,-2.2704784870147705
1710532749178760030,-9.286687850952148,-0.9388476610183716,-1.9423608779907227
1710532749185235709,-9.139394760131836,-0.7053332328796387,-2.0094213485717773
1710532749208404862,-9.205257415771484,-1.063388705253601,-2.104024648666382
1710532749223197835,-9.30345344543457,-1.117276668548584,-2.167492628097534
1710532749292529511,-9.201664924621582,-1.2585827112197876,-2.4201672077178955
1710532749313443197,-9.162147521972656,-1.2058923244476318,-2.2213807106018066
1710532749326089878,-9.224417686462402,-1.2011022567749023,-2.175875186920166
1710532749345201213,-9.305848121643066,-1.1364368200302124,-2.135159969329834
1710532749366337710,-9.279502868652344,-0.9939330816268921,-2.113604784011841
1710532749389177384,-9.274713516235352,-0.8945397734642029,-2.084864616394043
1710532749433091267,-9.281898498535156,-1.3400133848190308,-2.374661922454834
1710532749447906235,-9.187294960021973,-1.3579760789871216,-2.444117546081543
1710532749477058087,-9.272317886352539,-1.301693081855774,-2.374661922454834
1710532749481252827,-9.268725395202637,-1.2765454053878784,-2.33514404296875
1710532749506727060,-9.262738227844238,-1.0945239067077637,-2.1231849193573
1710532749538235019,-9.23519515991211,-1.0095007419586182,-2.086061954498291
1710532749555085153,-9.262738227844238,-0.8825647234916687,-2.1088147163391113
1710532749571865765,-9.250762939453125,-0.880169689655304,-2.165097713470459
1710532749628886880,-9.195677757263184,-1.213077425956726,-2.274070978164673
1710532749643337991,-9.223219871520996,-1.4190490245819092,-2.416574716567993
1710532749658208818,-9.268725395202637,-1.4537768363952637,-2.464475154876709
1710532749672550721,-9.204059600830078,-1.4561718702316284,-2.464475154876709
1710532749714957624,-9.166936874389648,-0.9184899926185608,-2.1399500370025635
1710532749723293627,-9.193282127380371,-0.9125024676322937,-2.0501368045806885
1710532749731608718,-9.309440612792969,-0.8059240579605103,-1.9567309617996216
1710532749748674031,-9.254355430603027,-0.6730005145072937,-1.9770885705947876
1710532749778048170,-9.307045936584473,-1.0047106742858887,-2.1627025604248047
1710532749792703014,-9.260342597961426,-1.1543993949890137,-2.3195765018463135
1710532749794733706,-9.139394760131836,-1.183139681816101,-2.3698718547821045
1710532749799358050,-9.212442398071289,-1.237027645111084,-2.373464345932007
1710532749828376185,-9.208849906921387,-1.4705419540405273,-2.3686742782592773
1710532749838698684,-9.208849906921387,-1.4705419540405273,-2.3686742782592773
1710532749861934180,-9.247170448303223,-1.3004956245422363,-2.2692809104919434
1710532749882756413,-9.174121856689453,-1.2765454053878784,-2.233355760574341
1710532749935359209,-9.210047721862793,-0.7771838307380676,-2.1112096309661865
1710532749958561053,-9.254355430603027,-0.880169689655304,-2.107617139816284
1710532749987829525,-9.228010177612305,-1.1160790920257568,-2.2680835723876953
1710532750002583553,-9.216034889221191,-1.353186011314392,-2.3998095989227295
1710532750025551728,-9.205257415771484,-1.3124706745147705,-2.283651113510132
1710532750042395806,-9.19807243347168,-1.2861255407333374,-2.2381458282470703
1710532750075971359,-9.244775772094727,-1.0262658596038818,-2.126777410507202
1710532750090488154,-9.20645523071289,-0.9304651021957397,-2.0920495986938477
1710532750111783254,-9.247170448303223,-0.8226892352104187,-2.1219873428344727
1710532750122370108,-9.239985466003418,-0.9077123999595642,-2.1315674781799316
1710532750137095074,-9.245972633361816,-1.057401180267334,-2.1890478134155273
1710532750177234962,-9.2112455368042,-1.2046948671340942,-2.2752685546875
1710532750189420054,-9.2112455368042,-1.2046948671340942,-2.2752685546875
1710532750202278640,-9.25794792175293,-1.407073974609375,-2.474055290222168
1710532750206465298,-9.239985466003418,-1.4801220893859863,-2.494412899017334
1710532750229639668,-9.236392974853516,-1.0059082508087158,-2.2022204399108887
1710532750266861569,-9.189689636230469,-0.9268725514411926,-1.9926562309265137
1710532750273241196,-9.302255630493164,-0.8897497653961182,-1.9208056926727295
1710532750292462853,-9.219627380371094,-0.6682104468345642,-1.8896703720092773
1710532750309259329,-9.171727180480957,-0.8478369116783142,-2.023791551589966
1710532750340991641,-9.189689636230469,-1.2094848155975342,-2.4093897342681885
1710532750364212092,-9.285490989685059,-1.332828402519226,-2.4620800018310547
1710532750399530428,-9.29507064819336,-1.3460010290145874,-2.3483166694641113
1710532750403779118,-9.224417686462402,-1.281335473060608,-2.283651113510132
1710532750422586569,-9.19807243347168,-1.233435034751892,-2.1291723251342773
1710532750424746571,-9.281898498535156,-0.9915381073951721,-2.0190014839172363
1710532750445932648,-9.204059600830078,-0.8214917182922363,-1.9938538074493408
1710532750460750797,-9.171727180480957,-0.7448510527610779,-2.0213963985443115
1710532750473937798,-9.277108192443848,-0.8095166087150574,-2.0225939750671387
1710532750506681867,-9.247170448303223,-0.8873547315597534,-2.107617139816284
1710532750534199819,-9.308243751525879,-1.2597802877426147,-2.4776477813720703
1710532750544603534,-9.232800483703613,-1.3735437393188477,-2.486030340194702
1710532750583016744,-9.254355430603027,-1.3256433010101318,-2.227368116378784
1710532750601269949,-9.231602668762207,-1.1807446479797363,-2.0692968368530273
1710532750655997880,-9.283095359802246,-0.8190966844558716,-2.18306040763855
1710532750685476577,-9.269923210144043,-0.9316626191139221,-2.263293504714966
1710532750717169112,-9.224417686462402,-1.1543993949890137,-2.294428825378418
1710532750781991346,-9.340576171875,-1.0861413478851318,-2.2309606075286865
1710532750801037521,-9.229207992553711,-0.9125024676322937,-2.144740104675293
1710532750805219487,-9.254355430603027,-0.8238866925239563,-2.0225939750671387
1710532750821984165,-9.338181495666504,-0.8753796219825745,-1.9495458602905273
1710532750849463846,-9.30345344543457,-0.7711963057518005,-1.951940894126892
1710532750895573389,-9.27112102508545,-1.251397728919983,-2.3507115840911865
1710532750906025544,-9.216034889221191,-1.2981005907058716,-2.4010071754455566
1710532750939668398,-9.2304048538208,-1.4034814834594727,-2.3099963665008545
1710532750957211331,-9.205257415771484,-1.2549902200698853,-2.203418016433716
1710532750985862330,-9.248368263244629,-0.9627978801727295,-2.1016297340393066
1710532751000584340,-9.248368263244629,-0.9627978801727295,-2.1016297340393066
1710532751051005806,-9.238787651062012,-0.9915381073951721,-2.18306040763855
1710532751074247276,-9.201664924621582,-1.3388159275054932,-2.344724178314209
1710532751090735922,-9.261540412902832,-1.331630825996399,-2.3315515518188477
1710532751105276400,-9.269923210144043,-1.2992980480194092,-2.305206298828125
1710532751122237442,-9.199270248413086,-1.2525951862335205,-2.2908360958099365
1710532751151822986,-9.263935089111328,-1.1795470714569092,-2.1926403045654297
1710532751181130926,-9.192085266113281,-0.8897497653961182,-2.124382257461548
1710532751259211088,-9.231602668762207,-1.2657678127288818,-2.2225780487060547
1710532751277704123,-9.178912162780762,-1.4094690084457397,-2.4596850872039795
1710532751294913113,-9.322613716125488,-1.3998888731002808,-2.445314884185791
1710532751324024751,-9.265132904052734,-1.023870825767517,-2.2417383193969727
1710532751326143023,-9.265132904052734,-1.023870825767517,-2.2417383193969727
1710532751362168729,-9.223219871520996,-0.8969348073005676,-2.0525317192077637
1710532751383039869,-9.169332504272461,-0.8933422565460205,-1.955533504486084
1710532751406107635,-9.289083480834961,-1.1352392435073853,-2.124382257461548
1710532751418875991,-9.229207992553711,-1.1963123083114624,-2.343526601791382
1710532751464809331,-9.232800483703613,-1.296903133392334,-2.756667375564575
1710532751479285753,-9.199270248413086,-1.3448034524917603,-2.3986120223999023
1710532751496465198,-9.237590789794922,-1.1951147317886353,-2.1710851192474365
1710532751509120784,-9.214838027954102,-1.1268566846847534,-2.125579833984375
1710532751515447894,-9.223219871520996,-1.0597960948944092,-2.0609142780303955
1710532751523988391,-9.2208251953125,-0.8957372903823853,-2.007026433944702
1710532751565829778,-9.241183280944824,-0.8370593190193176,-2.024989128112793
1710532751570124852,-9.214838027954102,-0.8765771389007568,-2.0357666015625
1710532751593245664,-9.210047721862793,-1.1627819538116455,-2.3303539752960205
1710532751626805951,-9.273515701293945,-1.347198486328125,-2.4117846488952637
1710532751633094948,-9.262738227844238,-1.2885204553604126,-2.385439395904541
1710532751654112391,-9.249565124511719,-1.2885204553604126,-2.272873640060425
1710532751685419732,-9.255553245544434,-1.2789404392242432,-2.227368116378784
1710532751710538530,-9.249565124511719,-1.0585986375808716,-2.0213963985443115
1710532751757107833,-9.248368263244629,-0.8669970631599426,-2.124382257461548
1710532751794741337,-9.236392974853516,-1.1268566846847534,-2.2824535369873047
1710532751809384983,-9.163344383239746,-1.3962963819503784,-2.2429358959198
1710532751824276081,-9.25794792175293,-1.331630825996399,-2.1902453899383545
1710532751853363774,-9.186097145080566,-1.0597960948944092,-2.033371686935425
1710532751869471221,-9.14657974243164,-0.9843530058860779,-1.9495458602905273
1710532751880500924,-9.142987251281738,-0.9675878882408142,-1.9782861471176147
1710532751897423490,-9.2112455368042,-0.9412426948547363,-1.966310977935791
1710532751916365896,-9.022038459777832,-1.2202624082565308,-2.093247175216675
1710532751947896033,-9.274713516235352,-1.586700439453125,-2.1519250869750977
1710532751950413200,-9.241183280944824,-1.5783178806304932,-2.195035457611084
1710532752002446417,-9.016051292419434,-1.211879849433899,-2.584226131439209
1710532752027882791,-9.267528533935547,-1.1783496141433716,-2.575843572616577
1710532752051071235,-9.293872833251953,-0.9771679639816284,-2.5794360637664795
1710532752077941917,-9.068741798400879,-0.5664221048355103,-2.4776477813720703
1710532752101391304,-9.131011962890625,-0.5161266922950745,-2.503993034362793
1710532752118143812,-9.096283912658691,-0.47062134742736816,-2.3794519901275635
1710532752132925543,-9.287885665893555,-1.2262500524520874,-2.0920495986938477
1710532752149443047,-9.032815933227539,-1.2298425436019897,-2.1890478134155273
1710532752162008205,-8.886719703674316,-1.2897180318832397,-2.3818469047546387
1710532752187344665,-9.107061386108398,-1.3160632848739624,-2.60697865486145
1710532752225262131,-9.348958969116211,-1.5196398496627808,-3.0608348846435547
1710532752243963292,-9.274713516235352,-1.217867374420166,-3.404520273208618
1710532752260842995,-9.090296745300293,-0.8334667682647705,-2.9171338081359863
1710532752275462573,-9.327404022216797,-0.856219470500946,-2.54231333732605
1710532752292721134,-8.823251724243164,-0.886157214641571,-1.9687060117721558
1710532752342891233,-9.2208251953125,-0.8274792432785034,-2.3315515518188477
1710532752403943710,-9.025630950927734,-1.1352392435073853,-3.035687208175659
1710532752408036827,-9.351353645324707,-1.2490026950836182,-2.6081762313842773
1710532752418741921,-9.177715301513672,-1.1496093273162842,-2.3207738399505615
1710532752446045438,-9.071136474609375,-1.2250524759292603,-2.064506769180298
1710532752479465215,-9.051976203918457,-0.9651928544044495,-2.634521484375
1710532752492384043,-9.30345344543457,-0.9005273580551147,-2.8991711139678955
1710532752517584913,-9.193282127380371,-0.9196875095367432,-2.612966299057007
1710532752553362358,-9.144184112548828,-1.0466235876083374,-2.5303380489349365
1710532752568027876,-9.158555030822754,-1.167572021484375,-2.3076012134552
1710532752599390261,-9.157357215881348,-1.0214757919311523,-2.195035457611084
1710532752622605223,-9.192085266113281,-0.8622070550918579,-2.644101619720459
1710532752658288160,-9.381291389465332,-1.0765613317489624,-2.7207422256469727
1710532752731663953,-9.04119873046875,-1.3555810451507568,-2.2992186546325684
1710532752763410220,-9.231602668762207,-0.7580236792564392,-2.5207581520080566
1710532752780138715,-9.122629165649414,-0.9017248749732971,-2.5147705078125
1710532752792503764,-9.17531967163086,-0.9376501441001892,-2.385439395904541
1710532752809456954,-9.224417686462402,-0.916094958782196,-2.284848690032959
1710532752834634940,-9.069938659667969,-1.063388705253601,-2.305206298828125
1710532752859773669,-9.181307792663574,-1.143621802330017,-2.444117546081543
1710532752871856508,-9.248368263244629,-0.9520202875137329,-2.705174446105957
1710532752882908162,-9.256750106811523,-1.2549902200698853,-2.6680517196655273
1710532752906257622,-9.061556816101074,-1.2382251024246216,-2.463277578353882
1710532752941773021,-9.199270248413086,-1.2190649509429932,-2.4477100372314453
1710532752945985048,-9.238787651062012,-1.1041040420532227,-2.436932325363159
1710532752950243005,-9.279502868652344,-0.6909631490707397,-2.6285338401794434
1710532752973367166,-9.102272033691406,-0.9352551102638245,-2.5291407108306885
1710532752985761068,-9.222023010253906,-1.3148657083511353,-2.457289934158325
1710532753042453088,-9.200467109680176,-1.1340417861938477,-2.5710535049438477
1710532753073426645,-9.181307792663574,-0.8586145043373108,-2.6201512813568115
1710532753086483716,-9.11544418334961,-0.9172924757003784,-2.3411316871643066
1710532753115943639,-9.095087051391602,-0.7053332328796387,-2.5782384872436523
1710532753130628590,-9.020840644836426,-0.7987390160560608,-2.5794360637664795
1710532753168644669,-9.090296745300293,-1.1807446479797363,-2.493215322494507
1710532753176845121,-9.180109977722168,-1.211879849433899,-2.5471031665802
1710532753200048749,-9.089098930358887,-1.131646752357483,-2.645298957824707
1710532753221025076,-9.199270248413086,-1.0777587890625,-2.603386163711548
1710532753244066331,-9.119036674499512,-0.9627978801727295,-2.566263437271118
1710532753279354964,-9.158555030822754,-0.9663903713226318,-2.4177722930908203
1710532753302742909,-9.159751892089844,-1.0106981992721558,-2.5471031665802
1710532753334252942,-9.174121856689453,-1.1256592273712158,-2.5686583518981934
1710532753346842811,-9.129814147949219,-1.1496093273162842,-2.4920177459716797
1710532753371859058,-9.205257415771484,-1.1100915670394897,-2.4620800018310547
1710532753395703660,-9.17052936553955,-0.9604028463363647,-2.453697443008423
1710532753416139384,-9.193282127380371,-0.8466393947601318,-2.4477100372314453
1710532753422393975,-9.188492774963379,-0.8274792432785034,-2.5015978813171387
1710532753447616634,-9.150172233581543,-1.01788330078125,-2.5015978813171387
1710532753476687415,-9.168134689331055,-1.147214412689209,-2.5985960960388184
1710532753497847754,-9.139394760131836,-1.1244616508483887,-2.665656805038452
1710532753513025279,-9.194479942321777,-1.092128872871399,-2.6572742462158203
1710532753529572171,-9.225615501403809,-1.0286608934402466,-2.626138925552368
1710532753542109929,-9.150172233581543,-0.9723779559135437,-2.5195605754852295
1710532753550414202,-9.150172233581543,-0.9723779559135437,-2.5195605754852295
1710532753552568527,-9.232800483703613,-0.9496252536773682,-2.406994581222534
1710532753571301016,-9.165740013122559,-0.9017248749732971,-2.345921516418457
1710532753581917444,-9.129814147949219,-0.9017248749732971,-2.3590941429138184
1710532753605123609,-9.201664924621582,-0.9939330816268921,-2.466870069503784
1710532753626400061,-9.156159400939941,-0.987945556640625,-2.532733201980591
1710532753647203959,-9.205257415771484,-1.1460168361663818,-2.6009912490844727
1710532753693362558,-9.188492774963379,-1.1304491758346558,-2.5315356254577637
1710532753699862632,-9.147777557373047,-1.093326449394226,-2.4908204078674316
1710532753731086752,-9.202862739562988,-0.9136999249458313,-2.4992029666900635
1710532753745901039,-9.207653045654297,-0.8370593190193176,-2.577040910720825
1710532753754148856,-9.169332504272461,-0.8226892352104187,-2.5578808784484863
1710532753773272665,-9.233997344970703,-1.087338924407959,-2.554288387298584
1710532753796192886,-9.108259201049805,-1.153201937675476,-2.536325693130493
1710532753865439829,-9.133406639099121,-0.8550219535827637,-2.3878345489501953
1710532753900973533,-9.150172233581543,-0.9592053294181824,-2.5219554901123047
1710532753964071233,-9.141789436340332,-1.183139681816101,-2.5710535049438477
1710532753976680464,-9.162147521972656,-1.183139681816101,-2.5710535049438477
1710532754001804116,-9.121432304382324,-0.946032702922821,-2.4381299018859863
1710532754020839618,-9.196874618530273,-0.8873547315597534,-2.464475154876709
1710532754069579472,-9.202862739562988,-1.0154882669448853,-2.483635187149048
1710532754075018410,-9.129814147949219,-0.9484277367591858,-2.452500104904175
1710532754092379023,-9.176517486572266,-1.0849438905715942,-2.632126569747925
1710532754144893042,-9.169332504272461,-1.092128872871399,-2.433339834213257
1710532754165800156,-9.121432304382324,-1.0562036037445068,-2.392624616622925
1710532754203801012,-9.236392974853516,-0.9496252536773682,-2.4596850872039795
1710532754205673315,-9.196874618530273,-0.8705896139144897,-2.503993034362793
1710532754218149564,-9.23519515991211,-0.9364526271820068,-2.453697443008423
1710532754232986667,-9.14657974243164,-1.0047106742858887,-2.493215322494507
1710532754255949490,-9.140591621398926,-1.1100915670394897,-2.5411157608032227
