bag_timestamp_ns,accel1_x,accel1_y,accel1_z
1710536051852302629,7.193441390991211,-1.101709008216858,-6.932384014129639
1710536051867820577,7.192243576049805,-1.0897338390350342,-6.933581352233887
1710536051903722544,7.191046237945557,-1.0885363817214966,-6.939568996429443
1710536051954480050,7.188651084899902,-1.101709008216858,-6.95034646987915
1710536051973198533,7.18984842300415,-1.0957214832305908,-6.953939437866211
1710536051994152386,7.197033882141113,-1.098116397857666,-6.955136775970459
1710536052067820187,7.197033882141113,-1.1029064655303955,-6.945556640625
1710536052088855218,7.193441390991211,-1.1124866008758545,-6.939568996429443
1710536052097272678,7.195836067199707,-1.123264193534851,-6.946753978729248
1710536052112030586,7.191046237945557,-1.107696533203125,-6.945556640625
1710536052122378930,7.195836067199707,-1.1100915670394897,-6.94076681137085
1710536052162292568,7.18505859375,-1.0897338390350342,-6.951544284820557
1710536052164297460,7.193441390991211,-1.0849438905715942,-6.947951793670654
1710536052193960796,7.209008693695068,-1.113684058189392,-6.946753978729248
1710536052219251146,7.200626373291016,-1.1124866008758545,-6.931186676025391
1710536052271566906,7.18505859375,-1.0945239067077637,-6.947951793670654
1710536052305214895,7.191046237945557,-1.101709008216858,-6.949149131774902
1710536052311410534,7.18026876449585,-1.0993139743804932,-6.947951793670654
1710536052361942020,7.186255931854248,-1.101709008216858,-6.937173843383789
1710536052380679247,7.195836067199707,-1.101709008216858,-6.935976505279541
1710536052401465147,7.181466102600098,-1.1112890243530273,-6.941964149475098
1710536052416175398,7.206613540649414,-1.092128872871399,-6.967111587524414
1710536052435018330,7.192243576049805,-1.0897338390350342,-6.944359302520752
1710536052454132427,7.186255931854248,-1.083746314048767,-6.946753978729248
1710536052472998959,7.200626373291016,-1.1148816347122192,-6.953939437866211
1710536052502437475,7.199428558349609,-1.122066617012024,-6.945556640625
1710536052523446650,7.192243576049805,-1.113684058189392,-6.94076681137085
1710536052542307836,7.194638729095459,-1.1005114316940308,-6.955136775970459
1710536052548560012,7.177873611450195,-1.0885363817214966,-6.971901893615723
1710536052582185725,7.198231220245361,-1.0945239067077637,-6.962321758270264
1710536052584233985,7.193441390991211,-1.1196715831756592,-6.941964149475098
1710536052603157374,7.195836067199707,-1.113684058189392,-6.959926605224609
1710536052639234074,7.201823711395264,-1.101709008216858,-6.928791522979736
1710536052668617103,7.206613540649414,-1.1041040420532227,-6.934779167175293
1710536052702157026,7.204218864440918,-1.087338924407959,-6.939568996429443
1710536052723132957,7.199428558349609,-1.0825488567352295,-6.924001693725586
1710536052737833541,7.200626373291016,-1.1041040420532227,-6.928791522979736
1710536052765136596,7.199428558349609,-1.0849438905715942,-6.932384014129639
1710536052794748876,7.211403846740723,-1.1508069038391113,-6.925199031829834
1710536052812620306,7.206613540649414,-1.1567944288253784,-6.909631252288818
1710536052813367746,7.203021049499512,-1.0969189405441284,-6.919211387634277
1710536052830373812,7.20781135559082,-1.1100915670394897,-6.924001693725586
1710536052845163374,7.198231220245361,-1.1005114316940308,-6.921606540679932
1710536052859683446,7.20781135559082,-1.0909314155578613,-6.929988861083984
1710536052897581432,7.216193675994873,-1.083746314048767,-6.904841423034668
1710536052916411582,7.197033882141113,-1.1148816347122192,-6.952741622924805
1710536052990137545,7.193441390991211,-1.0777587890625,-6.941964149475098
1710536053016729006,7.192243576049805,-1.0885363817214966,-6.910829067230225
1710536053028150495,7.210206508636475,-1.0765613317489624,-6.935976505279541
1710536053044798419,7.213798999786377,-1.092128872871399,-6.973099231719971
1710536053066101732,7.191046237945557,-1.0825488567352295,-6.975494384765625
1710536053089285197,7.18984842300415,-1.1148816347122192,-6.932384014129639
1710536053156924554,7.199428558349609,-1.0969189405441284,-6.932384014129639
1710536053215923941,7.199428558349609,-1.087338924407959,-6.944359302520752
1710536053244721119,7.192243576049805,-1.0957214832305908,-6.921606540679932
1710536053265804886,7.201823711395264,-1.107696533203125,-6.925199031829834
1710536053282331290,7.187453746795654,-1.1041040420532227,-6.946753978729248
1710536053303336540,7.194638729095459,-1.1005114316940308,-6.916816234588623
1710536053345383696,7.198231220245361,-1.1100915670394897,-6.934779167175293
1710536053354346115,7.191046237945557,-1.1053014993667603,-6.935976505279541
1710536053364435668,7.186255931854248,-1.087338924407959,-6.943161487579346
1710536053383129394,7.205416202545166,-1.0753637552261353,-6.915618896484375
1710536053391687409,7.204218864440918,-1.0753637552261353,-6.928791522979736
1710536053421205900,7.201823711395264,-1.1088939905166626,-6.943161487579346
1710536053441929963,7.191046237945557,-1.1340417861938477,-6.967111587524414
1710536053475805064,7.193441390991211,-1.123264193534851,-6.943161487579346
1710536053482172803,7.192243576049805,-1.1005114316940308,-6.944359302520752
1710536053513704232,7.198231220245361,-1.068178653717041,-6.943161487579346
1710536053524867646,7.204218864440918,-1.063388705253601,-6.931186676025391
1710536053538998076,7.186255931854248,-1.0789562463760376,-6.973099231719971
1710536053556005515,7.191046237945557,-1.0969189405441284,-6.951544284820557
1710536053562124110,7.188651084899902,-1.128054141998291,-6.973099231719971
1710536053587445420,7.191046237945557,-1.1268566846847534,-6.975494384765625
1710536053602145885,7.193441390991211,-1.1627819538116455,-6.963519096374512
1710536053625170118,7.211403846740723,-1.1400293111801147,-6.937173843383789
1710536053665249622,7.226971626281738,-1.1005114316940308,-6.892866134643555
1710536053671361696,7.418572902679443,-1.181942105293274,-6.987469673156738
1710536053694703170,7.48443603515625,-1.1328442096710205,-6.631809234619141
1710536053711595663,7.48443603515625,-1.1328442096710205,-6.631809234619141
1710536053755315861,7.230564117431641,-0.9496252536773682,-6.969506740570068
1710536053770142956,7.141948223114014,-1.1184741258621216,-7.013814926147461
1710536053793338962,7.161108493804932,-1.1927196979522705,-7.126380443572998
1710536053835101048,7.24493408203125,-1.2286449670791626,-6.933581352233887
1710536053860479608,7.225773811340332,-1.0645861625671387,-6.983877182006836
1710536053912911042,7.145540714263916,-0.9544152617454529,-7.043752670288086
1710536053915083043,7.264094352722168,-1.323248267173767,-6.884483814239502
1710536053969694682,7.188651084899902,-1.1508069038391113,-7.017407417297363
1710536053986688145,7.205416202545166,-0.9663903713226318,-6.995851993560791
1710536054015841345,7.214996337890625,-0.9795629978179932,-6.896458625793457
1710536054079110064,7.253316879272461,-1.191522240638733,-6.836583137512207
1710536054085367571,7.213798999786377,-1.3352234363555908,-6.86292839050293
1710536054112647336,7.182663440704346,-0.8921447992324829,-7.072492599487305
1710536054119065920,7.229366302490234,-1.0346484184265137,-6.987469673156738
1710536054140074471,7.212601184844971,-1.0909314155578613,-6.949149131774902
1710536054173463484,7.211403846740723,-0.969982922077179,-6.934779167175293
1710536054222005182,7.237749099731445,-1.2801378965377808,-6.767127513885498
1710536054228285769,7.214996337890625,-1.1783496141433716,-6.823410511016846
1710536054251590305,7.258106708526611,-1.1783496141433716,-6.823410511016846
1710536054276512620,7.209008693695068,-0.940045177936554,-6.919211387634277
1710536054301926782,7.211403846740723,-1.1304491758346558,-6.8808913230896
1710536054306044074,7.231761455535889,-1.271755337715149,-6.877298355102539
1710536054314683836,7.223379135131836,-1.1555969715118408,-6.871311187744141
1710536054341571508,7.214996337890625,-1.131646752357483,-6.86292839050293
1710536054390240214,7.199428558349609,-0.9556127786636353,-6.891668796539307
1710536054415054863,7.224576473236084,-1.1292517185211182,-6.953939437866211
1710536054461584464,7.179070949554443,-1.13763427734375,-6.955136775970459
1710536054487028602,7.20781135559082,-1.211879849433899,-6.910829067230225
1710536054514397666,7.203021049499512,-1.2011022567749023,-6.932384014129639
1710536054539462183,7.195836067199707,-1.0585986375808716,-6.969506740570068
1710536054590059128,7.252119064331055,-0.9172924757003784,-7.017407417297363
1710536054615498589,7.145540714263916,-0.8071215748786926,-7.18026876449585
1710536054649067048,7.302414417266846,-1.177152156829834,-6.767127513885498
1710536054661304655,7.110813140869141,-1.4885046482086182,-6.858138561248779
1710536054690891408,7.175478458404541,-0.8765771389007568,-7.157516002655029
1710536054727241383,7.146738052368164,-0.37601807713508606,-7.209008693695068
1710536054737048391,7.12518310546875,-0.5652245879173279,-7.023394584655762
1710536054752059185,7.214996337890625,-1.2466076612472534,-6.677314281463623
1710536054781457306,7.291636943817139,-1.802252173423767,-6.537205696105957
1710536054792075518,7.321574687957764,-1.2789404392242432,-6.726412296295166
1710536054814905720,7.155120849609375,-0.5664221048355103,-7.258106708526611
1710536054825355690,7.194638729095459,-1.062191128730774,-6.949149131774902
1710536054844124844,7.297624588012695,-1.5519726276397705,-6.809040546417236
1710536054867430173,7.156318187713623,-0.7592211961746216,-7.009024620056152
1710536054892829027,7.278464317321777,-1.323248267173767,-6.763535022735596
1710536054901143663,7.174281120300293,-1.041833519935608,-6.722819805145264
1710536054947355466,7.077282905578613,-0.7975414991378784,-6.861731052398682
1710536054974613796,7.375462532043457,-1.2801378965377808,-6.886878490447998
1710536054987228454,7.085665225982666,-1.1100915670394897,-6.971901893615723
1710536055056475845,7.286847114562988,-1.033450961112976,-6.929988861083984
1710536055094482635,7.248526573181152,-1.2549902200698853,-6.8808913230896
1710536055123713718,7.156318187713623,-0.9496252536773682,-7.04255485534668
1710536055128019547,7.226971626281738,-1.128054141998291,-6.977889537811279
1710536055150890504,7.116800308227539,-1.0286608934402466,-6.955136775970459
1710536055178424934,7.253316879272461,-1.0777587890625,-6.951544284820557
1710536055205790330,7.173083305358887,-1.011895775794983,-6.971901893615723
1710536055233054560,7.157516002655029,-0.8490344285964966,-6.993456840515137
1710536055245560818,7.278464317321777,-0.9604028463363647,-6.847360610961914
1710536055259566837,7.225773811340332,-1.1400293111801147,-6.912026405334473
1710536055271283673,7.1299729347229,-0.6083349585533142,-7.212601184844971
1710536055319338562,7.055727481842041,-1.5591577291488647,-6.891668796539307
1710536055338017840,7.181466102600098,-0.700543224811554,-7.092850208282471
1710536055350718493,7.174281120300293,-0.8274792432785034,-6.822213172912598
1710536055401003763,7.171885967254639,-1.2861255407333374,-6.724017143249512
1710536055414050485,7.198231220245361,-0.8753796219825745,-7.076085090637207
1710536055414366865,7.183861255645752,-0.8310717940330505,-7.034172534942627
1710536055443068254,7.212601184844971,-1.1088939905166626,-7.003036975860596
1710536055478589840,7.212601184844971,-1.0669811964035034,-6.750362396240234
1710536055512306941,7.446115493774414,-1.213077425956726,-6.746769905090332
1710536055558553378,7.446115493774414,-1.213077425956726,-6.746769905090332
1710536055581576565,7.122787952423096,-0.7460485696792603,-7.089257717132568
1710536055629906103,7.332352161407471,-1.2310400009155273,-6.771917819976807
1710536055665443344,7.103628158569336,-0.9807605147361755,-7.123985767364502
1710536055697272966,7.168293476104736,-1.2394225597381592,-6.815028190612793
1710536055728811963,7.246131420135498,-0.9580078125,-6.873705863952637
1710536055733209325,7.204218864440918,-1.2382251024246216,-6.938371658325195
1710536055749959099,7.28205680847168,-1.3519885540008545,-6.860533237457275
1710536055779298003,7.271279335021973,-0.9184899926185608,-6.973099231719971
1710536055787802309,7.20781135559082,-1.0490185022354126,-6.909631252288818
1710536055800355829,7.229366302490234,-1.25738525390625,-6.785090446472168
1710536055840346364,7.074887752532959,-0.6203100681304932,-7.308402061462402
1710536055859321614,7.18984842300415,-0.6789880394935608,-7.126380443572998
1710536055865854391,7.138355731964111,-1.922003149986267,-6.800657749176025
1710536055884660491,7.229366302490234,-0.9568102955818176,-7.199428558349609
1710536055891196541,7.242538928985596,-1.0047106742858887,-7.001839637756348
1710536055912038241,7.199428558349609,-1.3244458436965942,-6.664141654968262
1710536055937120817,7.379055023193359,-1.5447876453399658,-6.653364181518555
1710536055966528518,7.1299729347229,-1.157991886138916,-7.040159702301025
1710536055976931797,7.292834281921387,-1.0753637552261353,-6.919211387634277
1710536056012701798,7.264094352722168,-1.087338924407959,-6.850953578948975
1710536056025317962,7.266489028930664,-0.7676037549972534,-7.053332328796387
1710536056033783947,7.353907585144043,-1.3819262981414795,-6.7611403465271
1710536056048476311,7.174281120300293,-1.271755337715149,-6.892866134643555
1710536056056817796,7.270081996917725,-1.3052856922149658,-6.785090446472168
1710536056069615602,7.26768684387207,-1.122066617012024,-6.884483814239502
1710536056086426460,7.335944652557373,-0.8526269793510437,-6.939568996429443
1710536056103318831,7.013814926147461,-0.7759863138198853,-7.119195461273193
1710536056179034411,7.320377349853516,-1.5100598335266113,-6.690486907958984
1710536056239983405,7.171885967254639,-0.9783654808998108,-6.88568115234375
1710536056261193994,7.252119064331055,-0.9436376690864563,-6.916816234588623
1710536056263335047,7.151528358459473,-1.1041040420532227,-6.882088661193848
1710536056271655395,7.276069164276123,-1.128054141998291,-6.976691722869873
1710536056313727956,7.295229434967041,-1.3340258598327637,-6.894063949584961
1710536056324231837,7.116800308227539,-0.9987231492996216,-7.041357517242432
1710536056345199455,7.159910678863525,-0.850231945514679,-6.951544284820557
1710536056368371283,7.381450176239014,-1.0969189405441284,-6.892866134643555
1710536056374398786,7.303612232208252,-0.9077123999595642,-7.094048023223877
1710536056414194355,7.206613540649414,-1.362766146659851,-6.846163272857666
1710536056435243076,7.177873611450195,-1.068178653717041,-7.034172534942627
1710536056456204729,7.181466102600098,-1.361568570137024,-6.543193340301514
1710536056496130738,7.133565902709961,-1.033450961112976,-6.939568996429443
1710536056504652704,7.192243576049805,-0.8945397734642029,-7.149133205413818
1710536056508850016,7.211403846740723,-1.326840877532959,-6.910829067230225
1710536056534117684,7.167096138000488,-0.9927356243133545,-6.901248931884766
1710536056559908791,7.198231220245361,-1.1124866008758545,-7.018604755401611
1710536056580298830,7.225773811340332,-1.2322375774383545,-6.935976505279541
1710536056613497070,7.273674488067627,-1.092128872871399,-6.74317741394043
1710536056639060143,7.123985767364502,-0.9963281154632568,-7.016209602355957
1710536056670786721,7.229366302490234,-1.143621802330017,-7.032974720001221
1710536056698280249,7.311994552612305,-1.1603869199752808,-6.827003002166748
1710536056729785019,7.158713340759277,-1.2166699171066284,-6.793472766876221
1710536056782335914,7.156318187713623,-1.271755337715149,-6.642586708068848
1710536056788590547,7.201823711395264,-0.8741821050643921,-6.937173843383789
1710536056851719552,7.295229434967041,-1.3747411966323853,-6.810237884521484
1710536056870738498,7.127578258514404,-0.8657995462417603,-7.091652870178223
1710536056900067347,7.283254623413086,-1.0597960948944092,-7.037765026092529
1710536056925356298,7.068900108337402,-0.6777905225753784,-7.091652870178223
1710536056952847011,7.151528358459473,-1.2346326112747192,-6.824608325958252
1710536056971630227,7.169490814208984,-0.9376501441001892,-7.025789737701416
1710536056988540167,7.158713340759277,-0.8777746558189392,-7.031777381896973
1710536056994905129,7.268884181976318,-1.2897180318832397,-6.665339469909668
1710536057021913980,7.187453746795654,-1.197509765625,-7.029382228851318
1710536057045317407,7.135960578918457,-0.9843530058860779,-7.146738052368164
1710536057067154363,7.241341590881348,-1.0945239067077637,-6.934779167175293
1710536057085222530,7.1299729347229,-1.0442285537719727,-6.90843391418457
1710536057110272585,7.308402061462402,-1.023870825767517,-6.877298355102539
1710536057135655079,7.169490814208984,-1.2310400009155273,-6.934779167175293
1710536057154398244,7.290439605712891,-1.302890658378601,-6.78868293762207
1710536057158619034,7.133565902709961,-1.053808569908142,-6.838978290557861
1710536057167084385,7.218588829040527,-0.8598120212554932,-6.986271858215332
1710536057192219037,7.169490814208984,-1.1723620891571045,-6.951544284820557
1710536057221513483,7.332352161407471,-1.502874732017517,-6.791078090667725
1710536057249156829,7.238946437835693,-0.9915381073951721,-6.992259502410889
1710536057259796737,7.169490814208984,-1.2490026950836182,-6.856940746307373
1710536057274389554,7.295229434967041,-1.227447509765625,-6.836583137512207
1710536057352067570,7.217391490936279,-0.9604028463363647,-6.986271858215332
1710536057360385828,7.289241790771484,-1.1412267684936523,-6.973099231719971
1710536057396122305,7.138355731964111,-1.167572021484375,-7.016209602355957
1710536057398142960,7.285649299621582,-1.3651611804962158,-6.867718696594238
1710536057413777993,7.217391490936279,-1.1029064655303955,-6.906038761138916
1710536057435876919,7.279661655426025,-1.0801538228988647,-6.916816234588623
1710536057450575691,7.422165393829346,-1.157991886138916,-6.933581352233887
1710536057478130232,7.28205680847168,-0.8753796219825745,-6.997049331665039
1710536057503285223,7.317982196807861,-1.6214282512664795,-6.74317741394043
1710536057517944943,7.313192367553711,-0.7795788645744324,-6.96830940246582
1710536057543240220,7.3598952293396,-1.173559546470642,-6.634203910827637
1710536057555823440,7.315587043762207,-1.2837305068969727,-6.771917819976807
1710536057576748601,7.127578258514404,-1.003513216972351,-7.094048023223877
1710536057602025820,7.288044452667236,-1.3400133848190308,-7.038962364196777
1710536057622890716,7.232958793640137,-1.1029064655303955,-6.94076681137085
1710536057650346545,7.243736743927002,-1.233435034751892,-6.904841423034668
1710536057707006021,7.198231220245361,-0.8945397734642029,-6.920408725738525
1710536057745145642,7.163503646850586,-1.143621802330017,-6.997049331665039
1710536057759725603,7.18505859375,-1.323248267173767,-6.92280387878418
1710536057803712227,7.157516002655029,-1.063388705253601,-7.018604755401611
1710536057805852155,7.278464317321777,-0.9184899926185608,-6.957531929016113
1710536057824559057,7.296426773071289,-1.3304333686828613,-6.816225528717041
1710536057843351450,7.18984842300415,-0.9915381073951721,-6.98267936706543
1710536057875085864,7.186255931854248,-1.071771264076233,-6.755152702331543
1710536057890097298,7.213798999786377,-0.8634045124053955,-6.876101016998291
1710536057896310750,7.214996337890625,-1.2466076612472534,-6.983877182006836
1710536057917325478,7.266489028930664,-1.263372778892517,-6.898853778839111
1710536057938279357,7.224576473236084,-1.263372778892517,-6.898853778839111
1710536057955262001,7.232958793640137,-1.0969189405441284,-7.084467887878418
1710536057982400529,7.288044452667236,-1.442999243736267,-6.903643608093262
1710536057988928827,6.997049331665039,-0.6418652534484863,-7.2401442527771
1710536058023036310,7.400610446929932,-0.9867480397224426,-6.861731052398682
1710536058030649077,7.224576473236084,-1.5950829982757568,-6.714437484741211
1710536058047791983,7.335944652557373,-1.293310523033142,-6.831793308258057
1710536058064330479,6.943161487579346,-0.7041357159614563,-7.192243576049805
1710536058100296490,7.103628158569336,-1.2657678127288818,-6.715634822845459
1710536058136086449,7.376660346984863,-1.1244616508483887,-6.838978290557861
1710536058176225876,7.316784858703613,-1.1208691596984863,-6.775510311126709
1710536058199299154,7.289241790771484,-1.0693762302398682,-6.976691722869873
1710536058216521552,7.220983982086182,-1.2394225597381592,-7.036567211151123
1710536058228661822,7.220983982086182,-1.2394225597381592,-7.036567211151123
1710536058238992383,7.137158393859863,-1.2466076612472534,-6.879693508148193
1710536058262251287,7.181466102600098,-0.9771679639816284,-6.805448055267334
1710536058287558391,7.272476673126221,-1.3591735363006592,-6.867718696594238
1710536058306580331,7.302414417266846,-1.5543676614761353,-6.807843208312988
1710536058327597483,7.225773811340332,-1.0945239067077637,-6.993456840515137
1710536058350733087,7.290439605712891,-1.2741503715515137,-6.88568115234375
1710536058363196556,7.173083305358887,-1.1352392435073853,-6.958729267120361
1710536058451496669,7.12518310546875,-1.032253384590149,-7.066504955291748
1710536058478980408,7.137158393859863,-1.2585827112197876,-7.017407417297363
1710536058495795357,7.225773811340332,-1.1448193788528442,-6.951544284820557
1710536058525357607,7.273674488067627,-1.0825488567352295,-6.906038761138916
1710536058531607506,7.30001974105835,-1.177152156829834,-6.823410511016846
1710536058554970466,7.009024620056152,-0.8586145043373108,-6.776707649230957
1710536058571678265,7.214996337890625,-1.726809024810791,-6.716832160949707
1710536058654678365,7.278464317321777,-1.227447509765625,-6.854546070098877
1710536058693750753,7.353907585144043,-1.1867321729660034,-6.902446269989014
1710536058717008494,7.159910678863525,-1.0729687213897705,-6.927594184875488
1710536058742098850,7.321574687957764,-1.3148657083511353,-6.8258056640625
1710536058767420897,7.28205680847168,-1.3136682510375977,-6.844965934753418
1710536058813422263,7.150331020355225,-0.9520202875137329,-6.774312973022461
1710536058834608406,7.22218132019043,-1.083746314048767,-6.981482028961182
1710536058861887466,7.337142467498779,-1.5747253894805908,-6.842570781707764
1710536058885001661,7.2497239112854,-0.9053173661231995,-6.944359302520752
1710536058906124828,7.247329235076904,-1.287322998046875,-6.773115158081055
1710536058935933603,7.197033882141113,-0.9783654808998108,-6.782695293426514
1710536058952410457,7.18026876449585,-0.9735754132270813,-6.974297046661377
1710536059000539386,7.167096138000488,-1.1064990758895874,-7.019802093505859
1710536059007674390,7.268884181976318,-1.1088939905166626,-6.941964149475098
1710536059032023858,7.209008693695068,-1.1268566846847534,-6.952741622924805
1710536059063783307,7.186255931854248,-0.9867480397224426,-6.889273643493652
1710536059069787180,7.262896537780762,-1.1352392435073853,-6.82101583480835
1710536059074277896,7.259304046630859,-1.2909154891967773,-6.971901893615723
1710536059105781258,7.164700984954834,-1.0789562463760376,-7.048542499542236
1710536059112030939,7.338339805603027,-1.786684513092041,-6.673721790313721
1710536059130946500,7.534731388092041,-1.781894564628601,-6.795867919921875
1710536059229489301,7.151528358459473,-1.2286449670791626,-7.003036975860596
1710536059258940104,7.298821926116943,-1.2466076612472534,-6.878496170043945
1710536059264107623,7.212601184844971,-0.9065148830413818,-6.853348255157471
1710536059284253919,7.262896537780762,-1.0430309772491455,-6.867718696594238
1710536059317829711,7.192243576049805,-1.3855187892913818,-6.897656440734863
1710536059332670576,7.226971626281738,-1.3292357921600342,-6.876101016998291
1710536059351425703,7.140750885009766,-1.0813512802124023,-6.929988861083984
1710536059366239119,7.18026876449585,-1.1663745641708374,-6.888076305389404
1710536059395462246,7.344327449798584,-1.6130456924438477,-6.805448055267334
1710536059415121977,7.151528358459473,-0.9316626191139221,-7.062912464141846
1710536059443618094,7.225773811340332,-1.1891272068023682,-6.853348255157471
1710536059460555580,7.317982196807861,-1.4537768363952637,-6.779102802276611
1710536059475347199,7.20781135559082,-0.9783654808998108,-6.98267936706543
1710536059504989312,7.2497239112854,-1.0106981992721558,-6.865323543548584
1710536059553251646,7.288044452667236,-1.1987072229385376,-6.95034646987915
1710536059572101208,7.317982196807861,-1.2765454053878784,-7.048542499542236
1710536059580507259,7.266489028930664,-1.1663745641708374,-6.928791522979736
1710536059597082345,7.224576473236084,-1.0801538228988647,-6.946753978729248
1710536059641113442,7.320377349853516,-1.1567944288253784,-6.861731052398682
1710536059685395285,7.292834281921387,-1.506467342376709,-6.904841423034668
1710536059689880061,7.22218132019043,-0.9831554889678955,-7.022197246551514
1710536059708458603,7.254514217376709,-0.9184899926185608,-6.993456840515137
1710536059723075223,7.254514217376709,-1.2250524759292603,-6.882088661193848
1710536059731552848,7.38743782043457,-1.3184581995010376,-6.567143440246582
1710536059737754433,7.265291690826416,-1.271755337715149,-6.827003002166748
1710536059756955925,7.265291690826416,-1.247805118560791,-7.020999908447266
1710536059794616435,7.321574687957764,-1.1005114316940308,-7.085665225982666
1710536059800902364,7.18505859375,-1.1855347156524658,-6.8904709815979
1710536059838971147,7.106022834777832,-0.9424402117729187,-7.029382228851318
1710536059842918808,7.303612232208252,-1.1951147317886353,-6.849755764007568
1710536059859458063,7.223379135131836,-1.3304333686828613,-6.897656440734863
1710536059897410164,7.085665225982666,-1.0262658596038818,-6.904841423034668
1710536059903835787,7.103628158569336,-0.9113049507141113,-6.994654655456543
1710536059918598819,7.171885967254639,-1.2621753215789795,-6.903643608093262
1710536059939357226,7.108417987823486,-1.3340258598327637,-6.90843391418457
1710536059952158633,7.255711555480957,-0.9388476610183716,-6.98267936706543
1710536059966618650,7.219786167144775,-1.0202783346176147,-6.974297046661377
1710536059990029014,7.3598952293396,-1.5088622570037842,-6.785090446472168
1710536060014530835,7.320377349853516,-1.2992980480194092,-6.798263072967529
1710536060061311417,7.252119064331055,-1.2861255407333374,-6.876101016998291
1710536060078343243,7.127578258514404,-1.1112890243530273,-7.076085090637207
1710536060095241940,7.329957485198975,-1.311273217201233,-6.997049331665039
1710536060109574871,7.169490814208984,-1.1627819538116455,-7.001839637756348
1710536060126539505,7.237749099731445,-1.181942105293274,-6.969506740570068
1710536060155967215,7.247329235076904,-1.0214757919311523,-6.925199031829834
1710536060216570226,7.237749099731445,-0.916094958782196,-7.20781135559082
1710536060216734962,7.219786167144775,-0.9987231492996216,-6.912026405334473
1710536060231635975,7.30959939956665,-1.3543835878372192,-6.980284214019775
1710536060263109194,7.109615325927734,-0.8358618021011353,-7.14793586730957
1710536060292669475,7.210206508636475,-1.3543835878372192,-6.943161487579346
1710536060317661429,7.322772026062012,-1.1639795303344727,-7.18026876449585
1710536060343013354,7.123985767364502,-1.1999047994613647,-6.969506740570068
1710536060359868817,7.226971626281738,-1.0490185022354126,-6.897656440734863
1710536060385178037,7.123985767364502,-0.7951464653015137,-6.898853778839111
1710536060412963603,7.153923511505127,-1.1711645126342773,-6.986271858215332
1710536060426981453,7.268884181976318,-1.3352234363555908,-6.921606540679932
1710536060450308356,7.164700984954834,-0.9927356243133545,-7.016209602355957
1710536060465060179,7.254514217376709,-1.1208691596984863,-6.841373443603516
1710536060505031848,7.201823711395264,-1.4549744129180908,-6.876101016998291
1710536060521515609,7.264094352722168,-0.9520202875137329,-6.949149131774902
1710536060525691309,7.289241790771484,-1.3998888731002808,-6.834188461303711
1710536060561381114,7.16230583190918,-0.9735754132270813,-6.937173843383789
1710536060576263793,7.236551284790039,-1.0286608934402466,-7.017407417297363
1710536060614305920,7.316784858703613,-1.2765454053878784,-6.74317741394043
1710536060615991442,7.146738052368164,-1.0466235876083374,-6.889273643493652
1710536060633164871,7.229366302490234,-1.0059082508087158,-6.970704555511475
1710536060755222732,7.246131420135498,-1.6381933689117432,-6.539600849151611
1710536060839056841,7.200626373291016,-1.1867321729660034,-6.612648963928223
1710536060880988169,7.182663440704346,-1.177152156829834,-6.944359302520752
1710536060916592346,7.157516002655029,-0.9005273580551147,-7.011419773101807
1710536061000657556,7.197033882141113,-1.3436059951782227,-6.822213172912598
1710536061004908204,7.273674488067627,-0.9424402117729187,-6.853348255157471
1710536061017454534,7.277266979217529,-1.391506314277649,-6.849755764007568
1710536061025800030,7.303612232208252,-1.6274157762527466,-6.846163272857666
1710536061049278543,7.266489028930664,-1.0526111125946045,-7.009024620056152
1710536061086726604,7.214996337890625,-0.9113049507141113,-6.955136775970459
1710536061114015998,7.272476673126221,-1.092128872871399,-6.904841423034668
1710536061124767682,7.272476673126221,-1.2406201362609863,-6.884483814239502
1710536061174948349,7.219786167144775,-1.0358459949493408,-6.971901893615723
1710536061194241152,7.151528358459473,-1.3495935201644897,-6.973099231719971
1710536061234173409,7.307204723358154,-1.4549744129180908,-6.873705863952637
1710536061254832422,7.235353946685791,-1.1244616508483887,-6.896458625793457
1710536061284312517,7.116800308227539,-0.7759863138198853,-6.7707200050354
1710536061309329638,7.30001974105835,-1.8537451028823853,-6.593488693237305
1710536061315745540,7.155120849609375,-1.4441968202590942,-7.007827281951904
1710536061328368389,7.193441390991211,-1.0166858434677124,-6.832990646362305
1710536061343231792,7.241341590881348,-0.7747887969017029,-6.98267936706543
1710536061362271819,7.122787952423096,-1.2166699171066284,-6.934779167175293
1710536061374662280,7.211403846740723,-1.1448193788528442,-6.664141654968262
1710536061387908864,7.157516002655029,-1.25738525390625,-6.971901893615723
1710536061420974153,7.144343376159668,-0.9244775176048279,-7.152725696563721
1710536061454811966,7.225773811340332,-1.2705578804016113,-6.853348255157471
1710536061530548590,7.200626373291016,-0.928070068359375,-6.975494384765625
1710536061551417474,7.223379135131836,-1.068178653717041,-6.965914249420166
1710536061578687768,7.218588829040527,-1.4861096143722534,-6.829398155212402
1710536061601517416,7.236551284790039,-0.8789721727371216,-6.927594184875488
1710536061620438979,7.252119064331055,-1.227447509765625,-6.888076305389404
1710536061628887667,7.295229434967041,-1.43701171875,-6.767127513885498
1710536061635219419,7.177873611450195,-1.1663745641708374,-6.834188461303711
1710536061664771171,7.175478458404541,-1.0214757919311523,-7.054530143737793
1710536061671064786,7.270081996917725,-1.266965389251709,-6.88568115234375
1710536061696227572,7.306006908416748,-1.3579760789871216,-6.707252025604248
1710536061700448406,7.28205680847168,-1.0358459949493408,-6.853348255157471
1710536061723693485,7.209008693695068,-1.002315640449524,-6.991062164306641
1710536061740422823,7.167096138000488,-1.0106981992721558,-7.019802093505859
1710536061776213822,7.236551284790039,-1.1160790920257568,-6.915618896484375
1710536061792952745,7.226971626281738,-1.0154882669448853,-6.929988861083984
1710536061820034145,7.236551284790039,-1.2142748832702637,-6.892866134643555
1710536061826312668,7.151528358459473,-1.217867374420166,-6.569538593292236
1710536061857967802,7.308402061462402,-1.6585509777069092,-6.425837516784668
1710536061881294252,7.315587043762207,-1.3136682510375977,-6.868916034698486
1710536061904986547,7.18505859375,-0.9663903713226318,-7.113207817077637
1710536061917216638,7.285649299621582,-1.3783336877822876,-6.852150917053223
1710536061925526315,7.183861255645752,-1.1927196979522705,-7.18505859375
1710536061999275104,7.220983982086182,-1.0669811964035034,-6.864126205444336
1710536062014659595,7.155120849609375,-0.9723779559135437,-7.043752670288086
1710536062041054700,7.20781135559082,-1.4190490245819092,-6.891668796539307
1710536062059959186,7.250921726226807,-1.3939013481140137,-6.809040546417236
1710536062100113421,7.18984842300415,-1.1891272068023682,-7.016209602355957
1710536062108346561,7.298821926116943,-1.601070523262024,-6.726412296295166
1710536062118963140,7.241341590881348,-1.506467342376709,-6.805448055267334
1710536062131600774,7.144343376159668,-0.9113049507141113,-7.072492599487305
1710536062154932052,7.232958793640137,-0.7987390160560608,-6.977889537811279
1710536062162999982,7.295229434967041,-1.5052697658538818,-6.749165058135986
1710536062205834048,7.280859470367432,-1.177152156829834,-6.86292839050293
1710536062260195543,7.259304046630859,-1.113684058189392,-6.824608325958252
1710536062270143888,7.217391490936279,-0.9927356243133545,-6.98267936706543
1710536062284761573,7.230564117431641,-1.152004361152649,-7.015012264251709
1710536062318615412,7.193441390991211,-1.071771264076233,-6.986271858215332
1710536062339625573,7.210206508636475,-0.9568102955818176,-6.946753978729248
1710536062362881419,7.171885967254639,-0.7951464653015137,-7.163503646850586
1710536062412570785,7.373067855834961,-1.955533504486084,-6.595883846282959
1710536062438555695,7.18026876449585,-0.9340575933456421,-6.957531929016113
1710536062447089260,7.333549976348877,-1.2322375774383545,-6.587501049041748
1710536062463759737,7.296426773071289,-1.4118640422821045,-6.66893196105957
1710536062484882461,7.216193675994873,-1.0909314155578613,-7.157516002655029
1710536062514297323,7.211403846740723,-1.1041040420532227,-6.981482028961182
1710536062520489581,7.224576473236084,-1.1196715831756592,-6.903643608093262
1710536062543589518,7.266489028930664,-1.057401180267334,-6.818620681762695
1710536062568693133,7.194638729095459,-1.0597960948944092,-6.965914249420166
1710536062575010813,7.253316879272461,-1.4717395305633545,-6.914421558380127
1710536062589721764,7.261699199676514,-1.3939013481140137,-6.832990646362305
1710536062616116172,7.295229434967041,-1.0142908096313477,-6.666536808013916
1710536062628282603,7.24493408203125,-1.0765613317489624,-6.931186676025391
1710536062644370675,7.24493408203125,-1.3052856922149658,-6.961124420166016
1710536062650733880,7.24493408203125,-1.6118481159210205,-6.8258056640625
1710536062713572561,7.286847114562988,-1.4418017864227295,-6.818620681762695
1710536062741034850,7.294032096862793,-1.2681628465652466,-6.799460411071777
1710536062749474406,7.219786167144775,-1.183139681816101,-7.020999908447266
1710536062772629213,7.218588829040527,-1.2286449670791626,-6.86292839050293
1710536062797749702,7.284451961517334,-1.113684058189392,-6.779102802276611
1710536062827285313,7.213798999786377,-1.1567944288253784,-6.998247146606445
1710536062873656229,7.228168964385986,-0.9184899926185608,-6.967111587524414
1710536062886197740,7.191046237945557,-1.1064990758895874,-6.861731052398682
1710536062934943764,7.261699199676514,-0.9005273580551147,-7.250921726226807
1710536062949310176,7.335944652557373,-1.2166699171066284,-6.571933746337891
1710536062960036235,7.315587043762207,-1.916015625,-7.113207817077637
1710536062993676767,7.230564117431641,-0.730480968952179,-7.012617111206055
1710536063016852004,7.153923511505127,-1.311273217201233,-6.580316066741943
1710536063044070685,7.139553070068359,-1.1627819538116455,-7.205416202545166
1710536063048281505,7.289241790771484,-1.01788330078125,-7.140750885009766
1710536063078095004,7.203021049499512,-1.4298266172409058,-6.952741622924805
1710536063111539983,7.144343376159668,-1.0250684022903442,-6.946753978729248
1710536063134591013,7.289241790771484,-1.4477893114089966,-6.837780952453613
1710536063160010147,7.246131420135498,-1.1088939905166626,-6.840175628662109
1710536063203998022,7.302414417266846,-1.0645861625671387,-6.787485122680664
1710536063220612182,7.18026876449585,-1.1041040420532227,-6.974297046661377
1710536063229122338,7.181466102600098,-1.1567944288253784,-7.050937652587891
1710536063246096088,7.223379135131836,-0.9747729301452637,-6.938371658325195
1710536063254469621,7.236551284790039,-1.143621802330017,-6.854546070098877
1710536063273274948,7.198231220245361,-1.2861255407333374,-6.811435699462891
1710536063308949260,7.225773811340332,-1.1855347156524658,-7.038962364196777
1710536063317399489,7.237749099731445,-1.1795470714569092,-6.719227313995361
1710536063338752374,7.276069164276123,-1.157991886138916,-6.7707200050354
1710536063370505746,7.191046237945557,-1.1496093273162842,-6.926396369934082
1710536063385052917,7.319179534912109,-1.431024193763733,-6.946753978729248
1710536063390957430,7.188651084899902,-1.431024193763733,-6.946753978729248
1710536063419969921,7.317982196807861,-1.3879138231277466,-6.870113372802734
1710536063445328562,7.22218132019043,-0.8921447992324829,-6.934779167175293
1710536063463524927,7.209008693695068,-0.886157214641571,-6.598278999328613
1710536063483344905,7.340734958648682,-1.6681311130523682,-6.367159366607666
1710536063493956145,7.272476673126221,-1.9327807426452637,-6.746769905090332
1710536063519104021,7.2401442527771,-0.9328601360321045,-6.912026405334473
1710536063556822552,7.310797214508057,-1.1304491758346558,-6.882088661193848
1710536063586226674,7.30959939956665,-1.087338924407959,-7.209008693695068
1710536063616032578,7.400610446929932,-1.1448193788528442,-6.812633037567139
1710536063622123391,7.121590614318848,-1.3088781833648682,-6.895261287689209
1710536063624196599,7.349117279052734,-1.3639636039733887,-6.835385799407959
1710536063647140946,7.18026876449585,-1.01788330078125,-6.914421558380127
1710536063706042559,7.2401442527771,-1.161584496498108,-6.800657749176025
1710536063739786795,7.1299729347229,-0.9747729301452637,-6.961124420166016
1710536063745989123,7.214996337890625,-1.3436059951782227,-6.918014049530029
1710536063758655298,7.32756233215332,-1.3280383348464966,-6.96830940246582
1710536063783867593,7.262896537780762,-1.131646752357483,-6.944359302520752
1710536063815645382,7.246131420135498,-1.3819262981414795,-6.850953578948975
1710536063819369288,7.283254623413086,-1.13763427734375,-6.919211387634277
1710536063844490912,7.186255931854248,-1.0226733684539795,-7.0102219581604
1710536063876222596,7.228168964385986,-1.0777587890625,-6.889273643493652
1710536063922496344,7.169490814208984,-0.9627978801727295,-7.044950008392334
1710536063926571859,7.294032096862793,-1.457369327545166,-6.907236099243164
1710536063947677369,7.174281120300293,-1.207089900970459,-6.962321758270264
1710536063976964113,7.3048095703125,-1.227447509765625,-6.780300140380859
1710536064004138273,7.067702770233154,-0.8370593190193176,-7.146738052368164
1710536064022989102,7.313192367553711,-1.8154247999191284,-6.763535022735596
1710536064031680490,7.322772026062012,-1.9543359279632568,-6.926396369934082
1710536064052707994,7.264094352722168,-1.7747094631195068,-6.895261287689209
1710536064086251501,7.254514217376709,-0.9915381073951721,-6.906038761138916
1710536064094804021,7.2401442527771,-1.093326449394226,-6.66893196105957
1710536064134737966,7.211403846740723,-1.266965389251709,-6.74317741394043
1710536064137048087,7.266489028930664,-1.3507909774780273,-6.896458625793457
1710536064149534963,7.156318187713623,-1.1112890243530273,-6.96830940246582
1710536064171041662,7.280859470367432,-1.2322375774383545,-6.843768119812012
1710536064197761933,7.223379135131836,-1.033450961112976,-6.837780952453613
1710536064220868443,7.139553070068359,-1.3903088569641113,-7.046147346496582
1710536064246253285,7.301217079162598,-1.4058765172958374,-6.870113372802734
1710536064263104002,7.077282905578613,-0.9136999249458313,-6.98267936706543
1710536064282032109,7.288044452667236,-1.4633569717407227,-6.809040546417236
1710536064311857051,7.30001974105835,-1.586700439453125,-6.872508525848389
1710536064315677951,7.131170749664307,-1.3196557760238647,-7.009024620056152
1710536064351414939,7.326364517211914,-1.0071057081222534,-6.822213172912598
1710536064355486262,7.224576473236084,-1.4034814834594727,-6.793472766876221
1710536064366151125,7.382647514343262,-1.2382251024246216,-6.870113372802734
1710536064387005131,7.100035190582275,-0.9388476610183716,-7.109615325927734
1710536064403935660,7.237749099731445,-1.2490026950836182,-6.910829067230225
1710536064414482697,7.200626373291016,-1.3388159275054932,-6.7611403465271
1710536064441721167,7.1203932762146,-1.1340417861938477,-6.809040546417236
1710536064500861754,7.334747314453125,-1.237027645111084,-6.822213172912598
1710536064519734334,7.30959939956665,-1.1268566846847534,-6.877298355102539
1710536064551288018,7.363487720489502,-1.0753637552261353,-6.80305290222168
1710536064568061273,7.149133205413818,-1.2262500524520874,-6.659351825714111
1710536064586898474,7.321574687957764,-1.640588402748108,-6.715634822845459
1710536064599295416,7.34193229675293,-1.3807287216186523,-6.861731052398682
1710536064635194690,7.230564117431641,-1.0705736875534058,-6.629414081573486
1710536064673240903,7.145540714263916,-1.4358142614364624,-6.739584922790527
1710536064698488018,7.228168964385986,-1.0202783346176147,-7.110813140869141
1710536064725969598,7.14793586730957,-1.2741503715515137,-6.864126205444336
1710536064730105972,7.388635158538818,-1.3483959436416626,-6.757547378540039
1710536064776481944,7.476053237915039,-1.341210961341858,-6.806645393371582
1710536064782662312,7.18026876449585,-1.4489867687225342,-6.974297046661377
1710536064789107373,7.212601184844971,-1.1591894626617432,-6.783892631530762
1710536064815489854,7.351512432098389,-1.0286608934402466,-6.829398155212402
1710536064822693921,7.319179534912109,-1.4920971393585205,-6.744375228881836
1710536064846442964,7.297624588012695,-1.6094530820846558,-6.793472766876221
1710536064869038420,7.340734958648682,-1.2789404392242432,-6.910829067230225
1710536064871091870,7.103628158569336,-0.8825647234916687,-7.100035190582275
1710536064883515946,7.328759670257568,-0.946032702922821,-7.022197246551514
1710536064923628805,7.363487720489502,-1.302890658378601,-6.774312973022461
1710536064961481083,7.2497239112854,-1.3124706745147705,-6.831793308258057
1710536064980224258,7.335944652557373,-1.311273217201233,-6.792275428771973
1710536065005382527,7.370672702789307,-1.287322998046875,-6.70126485824585
1710536065032795582,7.165898323059082,-1.4154565334320068,-6.901248931884766
1710536065064243806,7.223379135131836,-1.008303165435791,-6.94076681137085
1710536065081207411,7.394622802734375,-1.2897180318832397,-6.849755764007568
1710536065112655491,7.140750885009766,-0.9963281154632568,-6.738387584686279
1710536065135756277,7.373067855834961,-1.6381933689117432,-6.697671890258789
1710536065169572446,7.174281120300293,-0.7628137469291687,-6.769522666931152
1710536065188282730,7.358697414398193,-1.3280383348464966,-6.575526237487793
1710536065214467731,7.163503646850586,-1.1543993949890137,-7.140750885009766
1710536065234534779,7.3048095703125,-1.3939013481140137,-6.846163272857666
1710536065269102628,7.317982196807861,-1.1041040420532227,-6.847360610961914
1710536065287142738,7.205416202545166,-1.057401180267334,-6.929988861083984
1710536065325206993,7.362289905548096,-1.5831079483032227,-6.831793308258057
1710536065371273463,7.197033882141113,-0.9304651021957397,-6.840175628662109
1710536065392037125,7.306006908416748,-1.0095007419586182,-6.812633037567139
1710536065427907180,7.255711555480957,-1.3879138231277466,-7.026987075805664
1710536065461514310,7.128775596618652,-0.9987231492996216,-6.98267936706543
1710536065484719342,7.331154823303223,-1.1256592273712158,-6.937173843383789
1710536065518362690,7.352709770202637,-1.2837305068969727,-6.7611403465271
1710536065520341908,7.225773811340332,-1.383123755455017,-6.78868293762207
1710536065541608187,7.335944652557373,-1.0190807580947876,-6.909631252288818
1710536065549734169,7.131170749664307,-1.057401180267334,-7.001839637756348
1710536065574962795,7.126380443572998,-1.092128872871399,-6.980284214019775
1710536065604417714,7.357500076293945,-1.083746314048767,-6.842570781707764
1710536065617117293,7.303612232208252,-1.1100915670394897,-6.769522666931152
1710536065625564986,7.186255931854248,-1.0406359434127808,-7.177873611450195
1710536065644913552,7.255711555480957,-1.183139681816101,-7.132368087768555
1710536065657041494,7.219786167144775,-1.5543676614761353,-6.76593017578125
1710536065682213510,7.001839637756348,-1.835782527923584,-6.94076681137085
1710536065718058758,7.315587043762207,-1.0095007419586182,-6.787485122680664
1710536065743425176,7.333549976348877,-1.526824951171875,-6.576723575592041
1710536065747396216,7.061715126037598,-1.3196557760238647,-6.967111587524414
1710536065762262049,7.084467887878418,-0.9125024676322937,-7.2401442527771
1710536065813216871,7.321574687957764,-1.3436059951782227,-6.679709434509277
1710536065833576247,7.24493408203125,-1.1029064655303955,-7.02818489074707
1710536065852509088,7.252119064331055,-1.1292517185211182,-6.931186676025391
1710536065869306596,7.325167179107666,-1.5651452541351318,-6.822213172912598
1710536065934728828,7.337142467498779,-1.2490026950836182,-6.794670581817627
1710536065939153830,7.235353946685791,-1.4801220893859863,-6.934779167175293
1710536065962185305,7.298821926116943,-1.0394384860992432,-6.981482028961182
1710536065985162696,7.140750885009766,-0.9256750345230103,-7.04255485534668
1710536066031294269,7.127578258514404,-1.0490185022354126,-7.056924819946289
1710536066048138623,7.183861255645752,-1.2753479480743408,-6.828200817108154
1710536066073453753,7.201823711395264,-1.1448193788528442,-6.910829067230225
1710536066090269598,7.151528358459473,-1.023870825767517,-7.023394584655762
1710536066098709691,7.266489028930664,-1.4705419540405273,-6.850953578948975
1710536066115527245,7.303612232208252,-1.407073974609375,-6.822213172912598
1710536066155209857,7.153923511505127,-1.1543993949890137,-6.907236099243164
1710536066168022801,7.116800308227539,-0.9711804389953613,-6.96830940246582
1710536066180522796,7.089257717132568,-1.063388705253601,-7.138355731964111
1710536066197319217,7.314389705657959,-1.0585986375808716,-6.955136775970459
1710536066213421685,7.133565902709961,-1.247805118560791,-6.771917819976807
1710536066229030245,7.308402061462402,-1.011895775794983,-6.896458625793457
1710536066251921197,7.067702770233154,-0.8526269793510437,-7.04255485534668
1710536066275300772,7.277266979217529,-1.3280383348464966,-6.541996002197266
1710536066303453676,7.443720817565918,-1.5232324600219727,-6.600673675537109
1710536066310960320,7.146738052368164,-1.3687536716461182,-6.910829067230225
1710536066352714920,7.078480243682861,-1.0262658596038818,-7.235353946685791
1710536066378153793,7.20781135559082,-1.0490185022354126,-6.989864349365234
1710536066392556097,7.272476673126221,-1.5651452541351318,-6.902446269989014
1710536066413517368,7.187453746795654,-1.1927196979522705,-6.860533237457275
1710536066451781340,7.228168964385986,-0.8370593190193176,-6.878496170043945
1710536066512507511,7.277266979217529,-1.3100756406784058,-6.931186676025391
1710536066531580543,7.168293476104736,-0.9148974418640137,-7.040159702301025
1710536066533674882,7.329957485198975,-1.1041040420532227,-6.865323543548584
1710536066554815461,7.250921726226807,-1.2741503715515137,-6.859335899353027
1710536066584361740,7.137158393859863,-1.0406359434127808,-7.050937652587891
1710536066596924948,7.152725696563721,-1.3004956245422363,-6.895261287689209
1710536066624093899,7.229366302490234,-1.332828402519226,-6.805448055267334
1710536066659786495,7.298821926116943,-1.4382091760635376,-6.860533237457275
1710536066678561689,7.193441390991211,-1.3124706745147705,-6.901248931884766
1710536066722816568,7.135960578918457,-0.9939330816268921,-6.946753978729248
1710536066739728222,7.230564117431641,-1.1663745641708374,-6.797065258026123
1710536066767275050,7.238946437835693,-1.9232007265090942,-6.975494384765625
1710536066785920921,7.395820140838623,-1.7627344131469727,-6.886878490447998
1710536066812790066,7.3598952293396,-0.77838134765625,-6.975494384765625
1710536066815282396,7.317982196807861,-1.207089900970459,-6.553970813751221
1710536066885204886,7.308402061462402,-1.416654109954834,-6.956334114074707
1710536066910095635,7.351512432098389,-1.131646752357483,-6.853348255157471
1710536066918714086,7.175478458404541,-0.969982922077179,-6.995851993560791
1710536066941870015,7.278464317321777,-1.413061499595642,-6.906038761138916
1710536066981578980,7.170688629150391,-1.2957055568695068,-6.824608325958252
1710536067029939450,7.311994552612305,-1.4358142614364624,-6.912026405334473
1710536067070214691,7.218588829040527,-1.1328442096710205,-7.016209602355957
1710536067086550827,7.311994552612305,-1.272952914237976,-6.8258056640625
1710536067101179323,7.230564117431641,-1.0753637552261353,-6.939568996429443
1710536067120186446,7.26768684387207,-1.152004361152649,-6.910829067230225
1710536067135004729,7.426955699920654,-1.4693444967269897,-6.786287784576416
1710536067160225020,7.198231220245361,-0.9448351860046387,-6.8808913230896
1710536067176971921,7.331154823303223,-1.3160632848739624,-6.785090446472168
1710536067197992592,7.331154823303223,-1.3160632848739624,-6.785090446472168
1710536067221220433,7.228168964385986,-0.8789721727371216,-6.804250717163086
1710536067227238819,7.294032096862793,-1.047821044921875,-6.768325328826904
1710536067244314659,7.156318187713623,-1.1651769876480103,-6.898853778839111
1710536067256942483,7.338339805603027,-1.5004796981811523,-6.80305290222168
1710536067261104180,7.256909370422363,-1.2621753215789795,-7.265291690826416
1710536067282308829,7.333549976348877,-1.0358459949493408,-6.806645393371582
1710536067370354959,7.321574687957764,-1.4106664657592773,-6.868916034698486
1710536067391439001,7.393425464630127,-1.3424084186553955,-6.530020713806152
1710536067420779193,7.365882396697998,-1.3304333686828613,-6.889273643493652
1710536067444146193,7.298821926116943,-1.3148657083511353,-6.78868293762207
1710536067473359449,7.333549976348877,-1.0729687213897705,-6.841373443603516
1710536067483983544,7.323969841003418,-0.9867480397224426,-6.730004787445068
1710536067526312071,7.338339805603027,-1.686093807220459,-6.873705863952637
1710536067530477905,7.382647514343262,-1.3064831495285034,-6.74317741394043
1710536067540943018,7.219786167144775,-1.0777587890625,-6.831793308258057
1710536067564147812,7.351512432098389,-1.460961937904358,-6.713239669799805
1710536067591558397,7.186255931854248,-1.3543835878372192,-7.086862564086914
1710536067618638299,7.274871826171875,-0.975970447063446,-6.964716911315918
1710536067658641071,7.343130111694336,-1.4190490245819092,-6.957531929016113
1710536067666998067,7.220983982086182,-1.2262500524520874,-6.943161487579346
1710536067692153370,7.337142467498779,-1.3148657083511353,-6.744375228881836
1710536067698475269,7.223379135131836,-1.0095007419586182,-6.781497955322266
1710536067719374819,7.261699199676514,-0.8586145043373108,-6.78868293762207
1710536067725611337,7.277266979217529,-0.9496252536773682,-6.80305290222168
1710536067746688279,7.338339805603027,-1.3950989246368408,-6.854546070098877
1710536067755094555,7.340734958648682,-1.2561877965927124,-6.956334114074707
1710536067776181295,7.214996337890625,-1.0753637552261353,-6.944359302520752
1710536067814264997,7.371870040893555,-1.1448193788528442,-6.661746978759766
1710536067831135191,7.132368087768555,-1.1256592273712158,-6.762337684631348
1710536067858226874,7.288044452667236,-1.750759243965149,-6.859335899353027
1710536067887495929,7.338339805603027,-0.975970447063446,-6.918014049530029
1710536067925356323,7.203021049499512,-1.2394225597381592,-6.597081184387207
1710536067944239603,7.361092567443848,-1.227447509765625,-7.053332328796387
1710536067954819283,7.410190582275391,-1.2011022567749023,-6.752757549285889
1710536067973651904,7.302414417266846,-1.422641634941101,-6.763535022735596
1710536068000870194,7.302414417266846,-1.422641634941101,-6.763535022735596
1710536068005056468,7.355104923248291,-1.3687536716461182,-6.700067043304443
1710536068014138366,7.450905799865723,-1.181942105293274,-6.747967720031738
1710536068030260245,7.192243576049805,-1.147214412689209,-6.920408725738525
1710536068043058406,7.337142467498779,-1.706451416015625,-6.858138561248779
1710536068057591967,7.200626373291016,-1.532812476158142,-6.896458625793457
1710536068072450278,7.407795429229736,-1.3795312643051147,-6.66893196105957
1710536068085156334,7.273674488067627,-1.0466235876083374,-6.7611403465271
1710536068123014252,7.303612232208252,-1.4358142614364624,-6.724017143249512
1710536068129120011,7.303612232208252,-1.4358142614364624,-6.724017143249512
1710536068165206298,7.220983982086182,-1.0214757919311523,-6.882088661193848
1710536068169367358,7.404202938079834,-1.4633569717407227,-6.658154487609863
1710536068186086319,7.204218864440918,-1.1148816347122192,-6.920408725738525
1710536068219438420,7.270081996917725,-1.1148816347122192,-6.920408725738525
1710536068223983146,7.284451961517334,-1.0789562463760376,-7.0006422996521
1710536068245656468,7.191046237945557,-1.1328442096710205,-6.846163272857666
1710536068276588093,7.167096138000488,-1.117276668548584,-6.974297046661377
1710536068305927583,7.143145561218262,-1.4394067525863647,-6.937173843383789
1710536068348076322,7.36468505859375,-1.0609936714172363,-6.777905464172363
1710536068381602995,7.270081996917725,-0.9747729301452637,-6.913223743438721
1710536068394301112,7.410190582275391,-1.6417858600616455,-6.613846302032471
1710536068419593150,7.285649299621582,-1.6729211807250977,-6.895261287689209
1710536068421522868,7.34193229675293,-1.3148657083511353,-6.763535022735596
1710536068439142429,7.333549976348877,-0.6538403034210205,-6.96830940246582
1710536068455483550,7.210206508636475,-1.0657837390899658,-6.8258056640625
1710536068508185451,7.253316879272461,-1.520837426185608,-6.410269737243652
1710536068541984825,7.346722602844238,-1.2957055568695068,-6.82101583480835
1710536068598432081,7.264094352722168,-1.3388159275054932,-6.816225528717041
1710536068623580824,7.471263408660889,-1.5184423923492432,-6.715634822845459
1710536068636449446,7.161108493804932,-0.8885522484779358,-6.95034646987915
1710536068678350303,7.103628158569336,-1.3735437393188477,-7.048542499542236
1710536068720512936,7.399412631988525,-1.37713623046875,-6.739584922790527
1710536068726971592,7.1203932762146,-1.3783336877822876,-6.883285999298096
1710536068745657498,7.30001974105835,-1.0514135360717773,-7.003036975860596
1710536068760504864,7.14793586730957,-0.8274792432785034,-6.907236099243164
1710536068792075536,7.510781288146973,-1.277742862701416,-6.546785831451416
1710536068794055931,7.161108493804932,-1.3543835878372192,-6.873705863952637
1710536068815889284,7.328759670257568,-0.9472302198410034,-7.020999908447266
1710536068827688621,7.406598091125488,-1.383123755455017,-6.849755764007568
1710536068842574440,7.266489028930664,-1.481319546699524,-6.919211387634277
1710536068880110430,7.320377349853516,-1.1160790920257568,-6.902446269989014
1710536068907530000,7.279661655426025,-1.0226733684539795,-7.017407417297363
1710536068920146257,7.18026876449585,-1.266965389251709,-6.751560211181641
1710536068947521280,7.339537143707275,-1.662143588066101,-6.642586708068848
1710536068976977679,7.150331020355225,-1.0406359434127808,-7.092850208282471
1710536068985227150,7.217391490936279,-0.9939330816268921,-6.920408725738525
1710536069014752127,7.274871826171875,-1.341210961341858,-6.929988861083984
1710536069034473789,7.205416202545166,-1.0370434522628784,-7.113207817077637
1710536069046076797,7.230564117431641,-1.1244616508483887,-6.987469673156738
1710536069065347136,7.332352161407471,-1.3483959436416626,-6.812633037567139
1710536069103302748,7.337142467498779,-1.326840877532959,-6.810237884521484
1710536069143491972,7.350315093994141,-1.5675402879714966,-6.806645393371582
1710536069160414177,7.38743782043457,-1.1663745641708374,-6.749165058135986
1710536069212308861,7.280859470367432,-1.5016772747039795,-7.053332328796387
1710536069246430091,7.22218132019043,-0.9867480397224426,-7.016209602355957
1710536069256915575,7.321574687957764,-1.1088939905166626,-6.849755764007568
1710536069307515789,7.234156608581543,-1.0358459949493408,-6.927594184875488
1710536069342948117,7.316784858703613,-1.3352234363555908,-6.795867919921875
1710536069351360160,7.218588829040527,-1.0310559272766113,-6.918014049530029
1710536069368263152,7.338339805603027,-1.1148816347122192,-6.819818019866943
1710536069393463837,7.210206508636475,-1.4633569717407227,-6.955136775970459
1710536069427032882,7.284451961517334,-1.4190490245819092,-6.841373443603516
1710536069429023535,7.380252838134766,-1.0945239067077637,-6.731202602386475
1710536069458531392,7.137158393859863,-1.068178653717041,-7.258106708526611
1710536069485971491,7.406598091125488,-1.4597643613815308,-6.525230884552002
1710536069508900793,7.346722602844238,-1.3004956245422363,-7.116800308227539
1710536069515223440,7.306006908416748,-0.8765771389007568,-6.997049331665039
1710536069538502398,7.358697414398193,-1.2849279642105103,-6.516848087310791
1710536069559338506,7.315587043762207,-1.4106664657592773,-6.627018928527832
1710536069576305334,7.213798999786377,-1.0490185022354126,-7.109615325927734
1710536069590969403,7.328759670257568,-1.3436059951782227,-6.704857349395752
1710536069618255811,7.278464317321777,-1.4453942775726318,-6.725214958190918
1710536069637057444,7.268884181976318,-1.3639636039733887,-6.71084451675415
1710536069649712835,7.213798999786377,-1.0897338390350342,-6.944359302520752
1710536069668842534,7.277266979217529,-1.2022998332977295,-6.878496170043945
1710536069683704666,7.264094352722168,-1.690883755683899,-6.811435699462891
1710536069692154647,7.314389705657959,-1.7088464498519897,-6.82101583480835
1710536069706862535,7.303612232208252,-1.0897338390350342,-6.800657749176025
1710536069721462292,7.216193675994873,-0.8107141256332397,-6.850953578948975
1710536069742361784,7.242538928985596,-1.3256433010101318,-6.805448055267334
1710536069763498651,7.24493408203125,-1.632205843925476,-6.8258056640625
1710536069769754163,7.30959939956665,-1.5304174423217773,-6.919211387634277
1710536069771933810,7.272476673126221,-0.9077123999595642,-6.951544284820557
1710536069784480653,7.274871826171875,-1.0214757919311523,-6.856940746307373
1710536069809854893,7.274871826171875,-1.0214757919311523,-6.856940746307373
1710536069851949504,7.238946437835693,-1.0609936714172363,-6.939568996429443
1710536069862075807,7.349117279052734,-1.4944921731948853,-6.676116943359375
1710536069893829795,7.228168964385986,-1.3783336877822876,-6.773115158081055
1710536069908454659,7.286847114562988,-1.2537927627563477,-6.767127513885498
1710536069918868171,7.260501861572266,-1.0657837390899658,-6.867718696594238
1710536069925184750,7.246131420135498,-1.547182559967041,-6.924001693725586
1710536069948260642,7.290439605712891,-1.3843213319778442,-6.872508525848389
1710536069981662477,7.188651084899902,-1.0657837390899658,-6.812633037567139
1710536069996210980,7.346722602844238,-1.2992980480194092,-6.733597278594971
1710536070015094884,7.171885967254639,-0.9987231492996216,-7.04255485534668
1710536070038888972,7.18026876449585,-1.1005114316940308,-6.594686508178711
1710536070053308899,7.310797214508057,-2.1124072074890137,-6.644981861114502
1710536070103648567,7.140750885009766,-1.5220348834991455,-6.876101016998291
1710536070141555208,7.288044452667236,-0.9651928544044495,-6.987469673156738
1710536070235637464,7.356302261352539,-1.8393750190734863,-6.776707649230957
1710536070250377821,7.308402061462402,-1.1699670553207397,-6.810237884521484
1710536070265022316,7.213798999786377,-0.8466393947601318,-6.819818019866943
1710536070286071514,7.32756233215332,-1.6441808938980103,-6.698869705200195
1710536070321971204,7.187453746795654,-1.2262500524520874,-7.052134990692139
1710536070345010246,7.356302261352539,-1.4453942775726318,-6.671327114105225
1710536070368847889,7.231761455535889,-1.5435900688171387,-6.751560211181641
1710536070403919777,7.217391490936279,-1.2621753215789795,-6.937173843383789
1710536070458709329,7.347919940948486,-1.541195034980774,-6.817422866821289
1710536070540596651,7.241341590881348,-0.9963281154632568,-6.867718696594238
1710536070542614052,7.183861255645752,-1.038240909576416,-6.86292839050293
1710536070563886191,7.264094352722168,-1.3340258598327637,-6.952741622924805
1710536070614019780,7.376660346984863,-0.9915381073951721,-6.980284214019775
1710536070641500511,7.266489028930664,-1.2154724597930908,-6.506070613861084
1710536070719025746,7.183861255645752,-1.062191128730774,-7.032974720001221
1710536070752696191,7.183861255645752,-1.063388705253601,-6.956334114074707
1710536070763817194,7.28205680847168,-1.8489550352096558,-6.812633037567139
1710536070806861048,7.206613540649414,-0.8657995462417603,-6.852150917053223
1710536070815609082,7.169490814208984,-0.8741821050643921,-6.925199031829834
1710536070847096273,7.356302261352539,-1.7783019542694092,-6.741980075836182
1710536070880769874,7.211403846740723,-0.8813672065734863,-7.018604755401611
1710536070887132506,7.294032096862793,-1.4046789407730103,-6.797065258026123
1710536070895493651,7.383845329284668,-1.572330355644226,-6.70126485824585
1710536070916525261,7.201823711395264,-1.213077425956726,-6.853348255157471
1710536070950117216,7.310797214508057,-1.4597643613815308,-6.738387584686279
1710536070977346575,7.234156608581543,-1.413061499595642,-6.702462196350098
1710536071019275688,7.306006908416748,-1.5531702041625977,-6.888076305389404
1710536071029786171,7.254514217376709,-1.241817593574524,-6.8808913230896
1710536071046498553,7.252119064331055,-1.0705736875534058,-6.805448055267334
1710536071065574182,7.236551284790039,-1.0645861625671387,-6.771917819976807
1710536071092923430,7.253316879272461,-0.8274792432785034,-7.058122634887695
1710536071103453524,7.288044452667236,-2.114802360534668,-6.392307281494141
1710536071128711036,7.380252838134766,-2.1591100692749023,-6.767127513885498
1710536071149608768,7.211403846740723,-1.8609302043914795,-7.183861255645752
1710536071166622397,7.294032096862793,-0.8933422565460205,-6.883285999298096
1710536071183267195,7.278464317321777,-1.1041040420532227,-6.532415866851807
1710536071218981874,7.362289905548096,-1.4705419540405273,-6.294111251831055
1710536071225235585,7.241341590881348,-1.266965389251709,-7.325167179107666
1710536071233691958,7.241341590881348,-1.266965389251709,-7.325167179107666
1710536071256946888,7.373067855834961,-1.5052697658538818,-6.534811019897461
1710536071267391281,7.229366302490234,-1.131646752357483,-7.015012264251709
1710536071292593292,7.192243576049805,-1.1843371391296387,-6.970704555511475
1710536071368981249,7.280859470367432,-1.6286132335662842,-6.744375228881836
1710536071372535311,7.195836067199707,-0.9963281154632568,-6.902446269989014
1710536071399845343,7.194638729095459,-1.6046631336212158,-6.901248931884766
1710536071433573104,7.303612232208252,-0.9496252536773682,-6.807843208312988
1710536071442243943,7.332352161407471,-1.4956897497177124,-6.713239669799805
1710536071460891311,7.228168964385986,-1.3747411966323853,-6.794670581817627
1710536071477905600,7.329957485198975,-1.2645703554153442,-6.755152702331543
1710536071536650327,7.265291690826416,-1.1711645126342773,-6.932384014129639
1710536071566093348,7.250921726226807,-1.386716365814209,-6.894063949584961
1710536071579400665,7.335944652557373,-1.5435900688171387,-6.849755764007568
1710536071595564132,7.234156608581543,-1.247805118560791,-6.867718696594238
1710536071635234958,7.217391490936279,-1.2046948671340942,-6.837780952453613
1710536071675468281,7.420968055725098,-1.6441808938980103,-6.23184061050415
1710536071690172812,7.158713340759277,-0.6753954887390137,-6.793472766876221
1710536071732140315,7.182663440704346,-0.8430469036102295,-6.95034646987915
1710536071755364187,7.238946437835693,-1.1639795303344727,-7.101233005523682
1710536071778396152,7.272476673126221,-1.122066617012024,-6.999444484710693
1710536071812196338,7.220983982086182,-1.3735437393188477,-6.795867919921875
1710536071828912771,7.199428558349609,-1.0897338390350342,-7.040159702301025
1710536071858396682,7.368277549743652,-1.287322998046875,-6.868916034698486
1710536071913134046,7.34193229675293,-1.032253384590149,-6.868916034698486
1710536071934248190,7.273674488067627,-1.6357983350753784,-6.83059549331665
1710536071955289229,7.170688629150391,-0.9208850264549255,-7.049739837646484
1710536071982313683,7.264094352722168,-1.0166858434677124,-6.789880275726318
1710536071986632367,7.270081996917725,-1.3052856922149658,-6.749165058135986
1710536072033447163,7.322772026062012,-1.1999047994613647,-6.973099231719971
1710536072054083181,7.350315093994141,-1.4849121570587158,-6.58151388168335
1710536072077146510,7.212601184844971,-1.0597960948944092,-6.938371658325195
1710536072083397668,7.262896537780762,-1.271755337715149,-6.866520881652832
1710536072100903897,7.262896537780762,-1.271755337715149,-6.866520881652832
1710536072112938703,7.332352161407471,-1.6238232851028442,-6.780300140380859
1710536072121451316,7.331154823303223,-1.353186011314392,-6.813830375671387
1710536072217890107,7.383845329284668,-1.5615527629852295,-6.416257381439209
1710536072277078640,7.346722602844238,-1.2166699171066284,-6.527625560760498
1710536072296397657,7.313192367553711,-1.5399975776672363,-6.664141654968262
1710536072317211380,7.262896537780762,-1.431024193763733,-7.017407417297363
1710536072346560923,7.159910678863525,-1.2262500524520874,-6.90843391418457
1710536072380360314,7.313192367553711,-1.2837305068969727,-6.914421558380127
1710536072386447441,7.391030311584473,-1.2609777450561523,-6.870113372802734
1710536072414964383,7.138355731964111,-1.446591854095459,-6.926396369934082
1710536072418065545,7.468868255615234,-1.700463891029358,-6.653364181518555
1710536072453756858,7.326364517211914,-1.2082873582839966,-6.692882061004639
1710536072455976811,7.201823711395264,-1.0166858434677124,-6.860533237457275
1710536072483125998,7.303612232208252,-1.6585509777069092,-6.713239669799805
1710536072504314891,7.370672702789307,-1.0969189405441284,-6.884483814239502
1710536072563058947,7.274871826171875,-1.4178515672683716,-6.716832160949707
1710536072596810305,7.079677581787109,-1.123264193534851,-6.929988861083984
1710536072676787842,7.349117279052734,-1.5855029821395874,-6.864126205444336
1710536072699909634,7.237749099731445,-1.1555969715118408,-6.861731052398682
1710536072720858894,7.264094352722168,-1.092128872871399,-6.780300140380859
1710536072743852440,7.228168964385986,-1.041833519935608,-7.201823711395264
1710536072751131443,7.260501861572266,-1.2238550186157227,-6.5216383934021
1710536072763045621,7.191046237945557,-1.5292199850082397,-6.894063949584961
1710536072790232855,7.226971626281738,-1.2226574420928955,-6.877298355102539
1710536072817322720,7.163503646850586,-0.9113049507141113,-6.841373443603516
1710536072821612009,7.242538928985596,-1.3292357921600342,-6.557563304901123
1710536072884914857,7.229366302490234,-1.3280383348464966,-6.974297046661377
1710536072903877773,7.363487720489502,-1.2298425436019897,-6.757547378540039
1710536072945871094,7.34193229675293,-1.2992980480194092,-6.829398155212402
1710536072979494493,7.323969841003418,-1.1364368200302124,-6.836583137512207
1710536073000581660,7.16230583190918,-0.987945556640625,-6.970704555511475
1710536073040512767,7.423363208770752,-1.3891112804412842,-6.702462196350098
1710536073046869188,7.319179534912109,-1.601070523262024,-6.945556640625
1710536073072016658,7.458090782165527,-1.2502001523971558,-6.621031284332275
1710536073101404870,7.313192367553711,-1.4920971393585205,-6.818620681762695
1710536073113976655,7.40180778503418,-1.3124706745147705,-6.901248931884766
1710536073120405696,7.422165393829346,-1.3795312643051147,-6.680906772613525
1710536073139116137,7.252119064331055,-1.4717395305633545,-6.456972599029541
1710536073162145279,7.357500076293945,-1.391506314277649,-6.727609634399414
1710536073179022394,7.422165393829346,-1.1759545803070068,-6.791078090667725
1710536073214583919,7.270081996917725,-1.4920971393585205,-6.878496170043945
1710536073252572983,7.395820140838623,-1.2094848155975342,-6.797065258026123
1710536073271412615,7.356302261352539,-1.157991886138916,-6.702462196350098
1710536073292420331,7.388635158538818,-1.2909154891967773,-6.935976505279541
1710536073298722704,7.068900108337402,-1.027463436126709,-6.649771690368652
1710536073318157686,7.224576473236084,-1.720821499824524,-6.684499740600586
1710536073343247689,7.292834281921387,-1.296903133392334,-6.691684722900391
1710536073387873312,7.290439605712891,-1.1460168361663818,-6.502478122711182
1710536073404231011,7.290439605712891,-1.3052856922149658,-7.058122634887695
1710536073425280927,7.343130111694336,-1.1855347156524658,-6.944359302520752
1710536073450647350,7.365882396697998,-1.3807287216186523,-6.667734146118164
1710536073515862767,7.197033882141113,-1.5938855409622192,-6.88568115234375
1710536073530524548,7.223379135131836,-1.3507909774780273,-6.818620681762695
1710536073551703633,7.373067855834961,-1.2142748832702637,-6.774312973022461
1710536073585229768,7.406598091125488,-1.6956738233566284,-6.649771690368652
1710536073616619613,7.376660346984863,-1.476529598236084,-6.665339469909668
1710536073642126731,7.278464317321777,-1.490899682044983,-6.731202602386475
1710536073667694869,7.174281120300293,-1.087338924407959,-7.020999908447266
1710536073692535474,7.373067855834961,-1.472936987876892,-6.691684722900391
1710536073713629047,7.356302261352539,-1.217867374420166,-6.7611403465271
1710536073734721952,7.380252838134766,-1.3052856922149658,-6.889273643493652
1710536073745392543,7.338339805603027,-1.421444058418274,-6.789880275726318
1710536073757879099,7.255711555480957,-1.1951147317886353,-6.855743408203125
1710536073778983595,7.197033882141113,-1.0957214832305908,-6.864126205444336
1710536073802270366,7.242538928985596,-1.2801378965377808,-6.827003002166748
1710536073806204459,7.377857685089111,-1.413061499595642,-6.8258056640625
1710536073820971639,7.294032096862793,-0.8478369116783142,-7.230564117431641
1710536073827239745,7.170688629150391,-1.1543993949890137,-6.764732837677002
1710536073851257882,7.133565902709961,-1.7232165336608887,-6.622229099273682
1710536073861141472,7.058122634887695,-1.5483801364898682,-6.655759334564209
1710536073875804992,7.403005599975586,-1.5902929306030273,-6.553970813751221
1710536073890546507,7.50718879699707,-0.8526269793510437,-7.0653076171875
1710536073928678501,7.152725696563721,-1.2106823921203613,-7.055727481842041
1710536073955523400,7.182663440704346,-1.0801538228988647,-7.018604755401611
1710536073997734429,7.187453746795654,-1.1999047994613647,-6.88568115234375
1710536074037304376,7.278464317321777,-1.0909314155578613,-6.935976505279541
1710536074041694424,7.400610446929932,-1.7292040586471558,-6.640191555023193
1710536074054357274,7.393425464630127,-1.1627819538116455,-6.629414081573486
1710536074083996840,7.219786167144775,-1.0095007419586182,-6.855743408203125
1710536074132262128,7.413783073425293,-1.7483642101287842,-6.647376537322998
1710536074138609110,7.355104923248291,-1.4885046482086182,-6.773115158081055
1710536074143245730,7.352709770202637,-1.1424243450164795,-6.898853778839111
1710536074159528361,7.399412631988525,-1.49688720703125,-6.660549163818359
1710536074176086392,7.226971626281738,-1.4705419540405273,-6.763535022735596
1710536074201380542,7.3694748878479,-1.3256433010101318,-6.667734146118164
1710536074215113525,7.284451961517334,-1.3148657083511353,-6.849755764007568
1710536074239111907,7.216193675994873,-1.2609777450561523,-6.8808913230896
1710536074272836604,7.376660346984863,-1.2849279642105103,-6.811435699462891
1710536074296138437,7.508386135101318,-1.4753320217132568,-6.7611403465271
1710536074308847628,7.252119064331055,-1.5136523246765137,-6.8904709815979
1710536074344358601,7.229366302490234,-1.0897338390350342,-6.849755764007568
1710536074352690049,7.016209602355957,-0.6382727026939392,-7.04255485534668
1710536074369671821,7.383845329284668,-1.1005114316940308,-6.827003002166748
1710536074386447616,6.949149131774902,-1.027463436126709,-6.786287784576416
1710536074396938385,7.458090782165527,-1.666933536529541,-6.671327114105225
1710536074415888430,7.246131420135498,-1.547182559967041,-6.647376537322998
1710536074441050974,6.987469673156738,-0.9208850264549255,-6.805448055267334
1710536074466035949,6.998247146606445,-0.6394702196121216,-6.986271858215332
1710536074489548223,7.436535835266113,-1.3651611804962158,-6.894063949584961
1710536074517028929,7.458090782165527,-1.2011022567749023,-6.726412296295166
1710536074548434812,7.209008693695068,-1.237027645111084,-6.813830375671387
1710536074552587455,7.404202938079834,-1.4190490245819092,-6.777905464172363
1710536074561098729,7.289241790771484,-1.347198486328125,-6.892866134643555
1710536074592669942,7.368277549743652,-1.700463891029358,-6.745572566986084
1710536074605232529,7.229366302490234,-1.43701171875,-6.779102802276611
1710536074622062514,7.220983982086182,-1.057401180267334,-6.822213172912598
1710536074643203404,7.254514217376709,-1.1603869199752808,-6.8258056640625
1710536074685368418,7.252119064331055,-1.5974780321121216,-6.791078090667725
1710536074691791688,7.311994552612305,-1.093326449394226,-6.883285999298096
1710536074714815708,7.358697414398193,-1.4406042098999023,-6.713239669799805
1710536074754850383,7.362289905548096,-1.482517123222351,-6.707252025604248
1710536074756915587,7.272476673126221,-1.3388159275054932,-6.827003002166748
1710536074778049322,7.225773811340332,-1.1867321729660034,-6.892866134643555
1710536074812981270,7.268884181976318,-1.2861255407333374,-6.801855564117432
1710536074853681765,7.365882396697998,-1.442999243736267,-6.897656440734863
1710536074863000172,7.355104923248291,-1.2549902200698853,-6.745572566986084
1710536074897818961,7.376660346984863,-1.3950989246368408,-6.752757549285889
1710536074910736463,7.200626373291016,-0.999920666217804,-7.18026876449585
1710536074940210337,7.5993971824646,-1.157991886138916,-6.925199031829834
1710536074994701887,7.735913276672363,-1.2298425436019897,-6.995851993560791
1710536075017700033,7.187453746795654,-1.43701171875,-6.933581352233887
1710536075030763640,7.187453746795654,-1.43701171875,-6.933581352233887
1710536075051431945,7.262896537780762,-1.173559546470642,-6.841373443603516
1710536075074627317,7.428153038024902,-1.4298266172409058,-6.612648963928223
1710536075127746629,7.303612232208252,-1.4262341260910034,-6.829398155212402
1710536075190410155,7.394622802734375,-0.9747729301452637,-6.702462196350098
1710536075205025392,7.210206508636475,-1.01788330078125,-6.904841423034668
1710536075249000997,7.273674488067627,-1.093326449394226,-6.910829067230225
1710536075272318933,7.255711555480957,-0.9592053294181824,-6.849755764007568
1710536075278627210,7.381450176239014,-1.526824951171875,-6.676116943359375
1710536075306063825,7.376660346984863,-1.4741345643997192,-6.775510311126709
1710536075335521460,7.246131420135498,-1.3172607421875,-6.831793308258057
1710536075354537212,7.306006908416748,-1.1364368200302124,-6.783892631530762
1710536075392369421,7.404202938079834,-1.451381802558899,-6.762337684631348
1710536075404919610,7.213798999786377,-1.4406042098999023,-6.794670581817627
1710536075432299205,7.355104923248291,-1.2681628465652466,-6.759942531585693
1710536075434341273,7.389832973480225,-1.3903088569641113,-6.704857349395752
1710536075453333669,7.294032096862793,-1.207089900970459,-7.097640514373779
1710536075459664917,7.061715126037598,-0.8897497653961182,-6.963519096374512
1710536075467982516,7.197033882141113,-1.1903246641159058,-6.368356704711914
1710536075480917596,7.340734958648682,-1.562750220298767,-6.430627346038818
1710536075489208922,7.127578258514404,-1.7351917028427124,-6.64617919921875
1710536075531037200,7.192243576049805,-1.2945080995559692,-6.696474552154541
1710536075539455770,7.077282905578613,-0.8466393947601318,-6.943161487579346
1710536075602625146,7.291636943817139,-1.128054141998291,-6.877298355102539
1710536075615064504,7.270081996917725,-1.307680606842041,-6.804250717163086
1710536075644536773,7.151528358459473,-1.1807446479797363,-6.935976505279541
1710536075663433538,7.191046237945557,-1.1639795303344727,-6.977889537811279
1710536075699307019,7.289241790771484,-1.6597485542297363,-6.864126205444336
1710536075701188513,7.289241790771484,-1.6597485542297363,-6.799460411071777
1710536075745327872,7.322772026062012,-1.0957214832305908,-6.793472766876221
1710536075757877473,7.237749099731445,-1.526824951171875,-6.78868293762207
1710536075779145392,7.36468505859375,-1.3172607421875,-6.809040546417236
1710536075804244218,7.252119064331055,-1.2957055568695068,-6.795867919921875
1710536075837994859,7.258106708526611,-1.2981005907058716,-6.903643608093262
1710536075854737350,7.343130111694336,-1.4250366687774658,-6.804250717163086
1710536075873520493,7.260501861572266,-1.3424084186553955,-6.797065258026123
1710536075882964742,7.246131420135498,-1.3184581995010376,-6.807843208312988
1710536075941142558,7.262896537780762,-1.386716365814209,-6.872508525848389
1710536075970277555,7.260501861572266,-1.122066617012024,-6.835385799407959
1710536076003787149,7.527546405792236,-1.4645544290542603,-6.928791522979736
1710536076029134194,7.416177749633789,-1.8537451028823853,-6.653364181518555
1710536076073232857,7.5443115234375,-2.0118165016174316,-6.733597278594971
1710536076090128532,7.321574687957764,-0.8274792432785034,-6.831793308258057
1710536076109002543,7.311994552612305,-1.4477893114089966,-6.642586708068848
1710536076123770590,7.367080211639404,-1.2525951862335205,-6.873705863952637
1710536076153442580,7.367080211639404,-1.2525951862335205,-6.873705863952637
1710536076187034173,7.420968055725098,-1.481319546699524,-6.698869705200195
1710536076199501376,7.230564117431641,-1.2310400009155273,-6.879693508148193
1710536076203699387,7.188651084899902,-1.1603869199752808,-6.979086875915527
1710536076237385792,7.383845329284668,-1.296903133392334,-6.767127513885498
1710536076275321049,7.223379135131836,-0.9723779559135437,-6.861731052398682
1710536076283808933,7.264094352722168,-1.4250366687774658,-6.818620681762695
1710536076300440491,7.214996337890625,-1.5256274938583374,-6.904841423034668
1710536076325640824,7.219786167144775,-1.1759545803070068,-6.921606540679932
1710536076367519119,7.242538928985596,-1.2298425436019897,-6.822213172912598
1710536076371848549,7.385042667388916,-1.5052697658538818,-6.7060546875
1710536076390660215,7.279661655426025,-1.1999047994613647,-6.873705863952637
1710536076417969496,7.236551284790039,-1.3292357921600342,-6.834188461303711
1710536076422094644,7.404202938079834,-1.5136523246765137,-6.695277214050293
1710536076428726109,7.355104923248291,-1.2525951862335205,-6.730004787445068
1710536076458138888,7.235353946685791,-1.3591735363006592,-6.894063949584961
1710536076474938324,7.374265193939209,-1.536405086517334,-6.776707649230957
1710536076496114782,7.328759670257568,-1.2945080995559692,-6.774312973022461
1710536076515030856,7.365882396697998,-1.3603711128234863,-6.735992431640625
1710536076533934324,7.2497239112854,-1.227447509765625,-7.247329235076904
1710536076561287965,7.212601184844971,-1.211879849433899,-6.553970813751221
1710536076628313326,7.054530143737793,-0.9520202875137329,-6.901248931884766
1710536076632654266,7.074887752532959,-0.8131091594696045,-6.992259502410889
1710536076638913553,7.345524787902832,-1.5184423923492432,-6.527625560760498
1710536076683217956,7.20781135559082,-1.3064831495285034,-7.013814926147461
1710536076714499911,7.376660346984863,-1.4501843452453613,-6.918014049530029
1710536076754609509,7.308402061462402,-1.5016772747039795,-6.8258056640625
1710536076779589380,7.406598091125488,-1.646575927734375,-6.692882061004639
1710536076794446289,7.213798999786377,-1.3280383348464966,-6.771917819976807
1710536076840947550,7.314389705657959,-1.2394225597381592,-6.823410511016846
1710536076863851525,7.265291690826416,-1.272952914237976,-6.924001693725586
1710536076884999993,7.340734958648682,-1.1400293111801147,-6.789880275726318
1710536076893276751,7.220983982086182,-1.1364368200302124,-6.850953578948975
1710536076905953533,7.380252838134766,-1.4537768363952637,-6.661746978759766
1710536076933368264,7.276069164276123,-1.181942105293274,-6.861731052398682
1710536076958546589,7.234156608581543,-1.367556095123291,-6.804250717163086
1710536076979453890,7.274871826171875,-1.332828402519226,-6.787485122680664
1710536077012542616,7.288044452667236,-1.113684058189392,-6.801855564117432
1710536077013149507,7.218588829040527,-1.241817593574524,-6.883285999298096
1710536077023552220,7.241341590881348,-1.4621593952178955,-6.876101016998291
1710536077040580293,7.302414417266846,-1.3495935201644897,-6.858138561248779
1710536077095106860,7.371870040893555,-1.3843213319778442,-6.680906772613525
1710536077122463296,7.404202938079834,-1.6046631336212158,-6.679709434509277
1710536077143419341,7.306006908416748,-1.8525476455688477,-6.773115158081055
1710536077175083019,7.015012264251709,-0.8167016506195068,-7.108417987823486
1710536077233568156,7.385042667388916,-1.3986914157867432,-6.925199031829834
1710536077273749673,7.392227649688721,-1.3304333686828613,-6.776707649230957
1710536077301011315,7.363487720489502,-1.2825329303741455,-6.904841423034668
1710536077317849511,7.321574687957764,-1.566342830657959,-6.776707649230957
1710536077357904146,7.413783073425293,-1.3795312643051147,-6.635401725769043
1710536077387211324,7.266489028930664,-1.6142431497573853,-6.819818019866943
1710536077413233311,7.259304046630859,-1.3759387731552124,-6.937173843383789
1710536077485986678,7.391030311584473,-1.4657520055770874,-6.659351825714111
1710536077511222710,7.386240005493164,-1.367556095123291,-6.671327114105225
1710536077544710288,7.290439605712891,-1.0861413478851318,-6.776707649230957
1710536077557450376,7.398215293884277,-1.5699353218078613,-6.747967720031738
1710536077586881391,7.273674488067627,-1.0765613317489624,-6.840175628662109
1710536077595366142,7.053332328796387,-1.1891272068023682,-6.793472766876221
1710536077615524909,7.2401442527771,-1.1891272068023682,-6.793472766876221
1710536077653945587,7.501201152801514,-1.49688720703125,-6.682104587554932
1710536077681525718,7.418572902679443,-2.0704944133758545,-6.595883846282959
1710536077700297625,7.412585258483887,-2.0704944133758545,-6.595883846282959
1710536077717193649,7.219786167144775,-0.7292834520339966,-6.962321758270264
1710536077738250513,7.380252838134766,-1.4693444967269897,-6.472540378570557
1710536077757223752,7.334747314453125,-1.676513671875,-6.54918098449707
1710536077817927170,7.254514217376709,-1.2537927627563477,-6.912026405334473
1710536077839108100,7.311994552612305,-1.2298425436019897,-6.8904709815979
1710536077855756761,7.248526573181152,-1.542392611503601,-6.831793308258057
1710536077866390696,7.38743782043457,-1.4358142614364624,-6.690486907958984
1710536077908556125,7.363487720489502,-0.975970447063446,-6.690486907958984
1710536077946462350,7.377857685089111,-1.676513671875,-6.759942531585693
1710536077971652679,7.307204723358154,-1.2058923244476318,-6.867718696594238
1710536077998803410,7.252119064331055,-1.4334192276000977,-6.791078090667725
1710536078051261558,7.361092567443848,-1.4777270555496216,-6.756350040435791
1710536078068175510,7.294032096862793,-1.3208532333374023,-6.798263072967529
1710536078078490186,7.340734958648682,-1.2262500524520874,-6.752757549285889
1710536078093215187,7.26768684387207,-1.2358300685882568,-6.811435699462891
1710536078112139508,7.265291690826416,-1.5531702041625977,-6.83059549331665
1710536078139351514,7.28205680847168,-1.1328442096710205,-6.860533237457275
1710536078156295593,7.264094352722168,-1.4322216510772705,-6.780300140380859
1710536078181283863,7.285649299621582,-1.3388159275054932,-6.906038761138916
1710536078183604153,7.270081996917725,-1.0490185022354126,-7.174281120300293
1710536078189876092,7.394622802734375,-1.1340417861938477,-6.599476337432861
1710536078213313797,7.431745529174805,-2.0034339427948,-6.476132869720459
1710536078231623385,7.296426773071289,-1.4932947158813477,-6.889273643493652
1710536078273634629,7.225773811340332,-0.8167016506195068,-6.773115158081055
1710536078281942103,7.3048095703125,-1.5591577291488647,-6.689289569854736
1710536078301027096,7.32756233215332,-1.487307071685791,-6.957531929016113
1710536078307229828,7.259304046630859,-1.2753479480743408,-7.077282905578613
1710536078313679971,7.365882396697998,-1.1951147317886353,-6.88568115234375
1710536078328410884,7.262896537780762,-1.2549902200698853,-6.835385799407959
1710536078370411476,7.32756233215332,-1.3124706745147705,-6.649771690368652
1710536078385205651,7.285649299621582,-1.266965389251709,-6.933581352233887
1710536078435572012,7.258106708526611,-1.2262500524520874,-6.783892631530762
1710536078458775982,7.332352161407471,-1.4082714319229126,-6.850953578948975
1710536078473541600,7.410190582275391,-1.730401635169983,-6.659351825714111
1710536078479840835,7.294032096862793,-1.6477733850479126,-6.840175628662109
1710536078494494378,7.302414417266846,-1.3591735363006592,-6.95034646987915
1710536078509362241,7.26768684387207,-0.9675878882408142,-6.841373443603516
1710536078530181911,7.272476673126221,-1.3579760789871216,-6.785090446472168
1710536078542846876,7.320377349853516,-1.460961937904358,-6.757547378540039
1710536078557655484,7.326364517211914,-1.2537927627563477,-6.83059549331665
1710536078576564428,7.319179534912109,-1.4286291599273682,-6.832990646362305
1710536078627123654,7.295229434967041,-1.177152156829834,-6.792275428771973
1710536078648291300,7.333549976348877,-1.5459851026535034,-6.860533237457275
1710536078686123226,7.296426773071289,-1.2502001523971558,-6.811435699462891
1710536078702839029,7.347919940948486,-1.296903133392334,-6.707252025604248
1710536078728157806,7.367080211639404,-1.416654109954834,-6.873705863952637
1710536078738717661,7.191046237945557,-0.8657995462417603,-6.716832160949707
1710536078759682889,7.273674488067627,-2.083667039871216,-6.98267936706543
1710536078770190353,7.386240005493164,-1.835782527923584,-6.951544284820557
1710536078822695932,7.337142467498779,-1.0142908096313477,-6.8258056640625
1710536078835069300,7.362289905548096,-1.307680606842041,-7.043752670288086
1710536078849718235,7.260501861572266,-1.4178515672683716,-7.043752670288086
1710536078879253617,7.290439605712891,-1.1783496141433716,-6.800657749176025
1710536078892108308,7.331154823303223,-1.2394225597381592,-6.763535022735596
1710536078896233558,7.328759670257568,-1.413061499595642,-6.80305290222168
1710536078915210851,7.335944652557373,-1.2849279642105103,-6.716832160949707
1710536078923558940,7.331154823303223,-1.3651611804962158,-6.883285999298096
1710536078950959365,7.3694748878479,-1.5016772747039795,-6.733597278594971
1710536078971988177,7.283254623413086,-1.5902929306030273,-6.822213172912598
1710536079012894739,7.367080211639404,-1.1304491758346558,-6.627018928527832
1710536079045200691,7.288044452667236,-1.3986914157867432,-6.752757549285889
1710536079089583251,7.296426773071289,-1.4932947158813477,-6.786287784576416
1710536079098157884,7.353907585144043,-1.3507909774780273,-6.782695293426514
1710536079112601285,7.302414417266846,-1.2011022567749023,-6.86292839050293
1710536079142153637,7.347919940948486,-1.4022839069366455,-6.831793308258057
1710536079198956078,7.294032096862793,-1.5280224084854126,-6.849755764007568
1710536079219834832,7.331154823303223,-1.2657678127288818,-6.82101583480835
1710536079241281516,7.343130111694336,-1.3220508098602295,-6.715634822845459
1710536079251159678,7.343130111694336,-1.3220508098602295,-6.715634822845459
1710536079259798450,7.344327449798584,-1.487307071685791,-6.71084451675415
1710536079285180174,7.191046237945557,-1.1543993949890137,-6.409072399139404
1710536079297903473,7.38743782043457,-2.033371686935425,-6.730004787445068
1710536079304003419,7.085665225982666,-1.8214123249053955,-6.836583137512207
1710536079326998187,7.085665225982666,-1.8214123249053955,-6.836583137512207
1710536079402632224,7.326364517211914,-1.3998888731002808,-6.995851993560791
1710536079423613134,7.357500076293945,-1.2226574420928955,-6.725214958190918
1710536079444742269,7.298821926116943,-1.2765454053878784,-6.786287784576416
1710536079467792377,7.380252838134766,-1.2897180318832397,-6.824608325958252
1710536079499982196,7.32756233215332,-1.7447717189788818,-6.823410511016846
1710536079528941124,7.352709770202637,-1.1723620891571045,-6.667734146118164
1710536079566790715,7.317982196807861,-1.2657678127288818,-6.841373443603516
1710536079568789753,7.270081996917725,-1.3699511289596558,-6.771917819976807
1710536079615915403,7.301217079162598,-1.2454102039337158,-6.755152702331543
1710536079638245325,7.353907585144043,-1.4262341260910034,-6.660549163818359
1710536079652880053,7.317982196807861,-1.227447509765625,-6.884483814239502
1710536079676929440,7.3048095703125,-1.431024193763733,-6.868916034698486
1710536079692761816,7.412585258483887,-1.5843054056167603,-6.618636608123779
1710536079705477640,7.335944652557373,-1.311273217201233,-6.799460411071777
1710536079722368698,7.302414417266846,-1.0466235876083374,-6.691684722900391
1710536079730887352,7.313192367553711,-1.3519885540008545,-6.785090446472168
1710536079749619855,7.3048095703125,-1.5819103717803955,-6.867718696594238
1710536079754083540,7.353907585144043,-1.361568570137024,-6.832990646362305
1710536079825324117,7.177873611450195,-0.8717871308326721,-7.006629467010498
1710536079854915228,7.486831188201904,-1.880090355873108,-6.558761119842529
1710536079873613792,7.270081996917725,-1.991458773612976,-6.840175628662109
1710536079884224084,7.214996337890625,-0.8358618021011353,-7.12518310546875
1710536079917971162,7.371870040893555,-1.5675402879714966,-6.393504619598389
1710536079943108514,7.242538928985596,-1.482517123222351,-7.061715126037598
1710536080003811992,7.329957485198975,-1.2382251024246216,-6.767127513885498
1710536080012878882,7.313192367553711,-1.3208532333374023,-6.757547378540039
1710536080024810298,7.358697414398193,-1.3603711128234863,-6.776707649230957
1710536080043679979,7.356302261352539,-1.5160473585128784,-6.757547378540039
1710536080079592901,7.298821926116943,-1.057401180267334,-6.636599063873291
1710536080104898899,7.277266979217529,-1.1041040420532227,-6.835385799407959
1710536080111128184,7.302414417266846,-1.6142431497573853,-6.755152702331543
1710536080239731455,7.333549976348877,-1.3699511289596558,-6.780300140380859
1710536080283462610,7.357500076293945,-1.413061499595642,-6.779102802276611
1710536080294162535,7.344327449798584,-1.6214282512664795,-6.836583137512207
1710536080304718849,7.357500076293945,-1.466949462890625,-6.888076305389404
1710536080317192576,7.288044452667236,-1.2358300685882568,-6.817422866821289
1710536080325738639,7.314389705657959,-1.2909154891967773,-6.665339469909668
1710536080340504177,7.368277549743652,-1.4477893114089966,-6.685697078704834
1710536080386614937,7.40180778503418,-1.3256433010101318,-6.395899772644043
1710536080468903192,7.274871826171875,-1.682501196861267,-6.612648963928223
1710536080494035047,7.279661655426025,-1.5304174423217773,-6.866520881652832
1710536080533775442,7.352709770202637,-1.3436059951782227,-6.712042331695557
1710536080546396719,7.199428558349609,-1.203497290611267,-6.901248931884766
1710536080557005344,7.388635158538818,-1.296903133392334,-6.786287784576416
1710536080582156988,7.248526573181152,-1.233435034751892,-6.854546070098877
1710536080601063433,7.289241790771484,-1.5651452541351318,-6.649771690368652
1710536080624050888,7.426955699920654,-1.1148816347122192,-6.601871490478516
1710536080651197257,7.238946437835693,-1.0729687213897705,-6.856940746307373
1710536080678575400,7.449708461761475,-1.841770052909851,-6.719227313995361
1710536080691210869,7.242538928985596,-1.4944921731948853,-6.8808913230896
1710536080703787005,7.344327449798584,-1.053808569908142,-6.714437484741211
1710536080712362557,7.277266979217529,-1.3795312643051147,-6.739584922790527
1710536080742021192,7.253316879272461,-1.4034814834594727,-6.818620681762695
1710536080762842467,7.325167179107666,-1.3292357921600342,-6.860533237457275
1710536080777483396,7.383845329284668,-1.4501843452453613,-6.619833946228027
1710536080792130038,7.232958793640137,-1.271755337715149,-6.725214958190918
1710536080815329157,7.333549976348877,-1.301693081855774,-6.753954887390137
1710536080819432732,7.435338020324707,-1.4621593952178955,-6.763535022735596
1710536080840481324,7.212601184844971,-1.3879138231277466,-6.909631252288818
1710536080846862552,7.367080211639404,-1.2945080995559692,-6.682104587554932
1710536080859291063,7.367080211639404,-1.2945080995559692,-6.682104587554932
1710536080897096691,7.262896537780762,-1.25738525390625,-6.843768119812012
1710536080935231807,7.333549976348877,-1.2992980480194092,-6.532415866851807
1710536080962496878,7.213798999786377,-1.6274157762527466,-6.5312180519104
1710536080979066352,7.486831188201904,-1.6944763660430908,-6.658154487609863
1710536080987597774,7.231761455535889,-1.062191128730774,-6.865323543548584
1710536081014984396,7.470066070556641,-1.5567626953125,-6.454577445983887
1710536081021065680,7.212601184844971,-1.4861096143722534,-6.664141654968262
1710536081061430726,7.352709770202637,-1.3483959436416626,-6.897656440734863
1710536081067497195,7.393425464630127,-1.3735437393188477,-6.786287784576416
1710536081082179786,7.339537143707275,-1.3651611804962158,-6.600673675537109
1710536081101842637,7.434140682220459,-1.3124706745147705,-6.843768119812012
1710536081141258357,7.24493408203125,-1.5890954732894897,-6.910829067230225
1710536081153797184,7.334747314453125,-1.6753162145614624,-6.684499740600586
1710536081157960473,7.406598091125488,-1.2202624082565308,-6.661746978759766
1710536081176880184,7.229366302490234,-0.9208850264549255,-6.834188461303711
1710536081178916467,7.417375564575195,-1.0753637552261353,-6.634203910827637
1710536081206040872,7.605384349822998,-1.876497745513916,-6.76593017578125
1710536081216526049,7.291636943817139,-1.7016613483428955,-6.872508525848389
1710536081233695602,7.400610446929932,-1.7351917028427124,-6.817422866821289
1710536081248263145,7.405400276184082,-1.251397728919983,-6.712042331695557
1710536081256766421,7.290439605712891,-1.233435034751892,-6.829398155212402
1710536081265214231,7.416177749633789,-1.43701171875,-6.652166843414307
1710536081271545217,7.253316879272461,-1.271755337715149,-6.601871490478516
1710536081343225575,7.316784858703613,-1.3040881156921387,-6.800657749176025
1710536081361824243,7.216193675994873,-1.2154724597930908,-6.827003002166748
1710536081397584575,7.256909370422363,-1.332828402519226,-6.853348255157471
1710536081418330027,7.317982196807861,-1.241817593574524,-6.702462196350098
1710536081452441632,7.126380443572998,-0.9975256323814392,-7.237749099731445
1710536081469254571,7.183861255645752,-1.3160632848739624,-6.840175628662109
1710536081492515429,7.462881088256836,-1.9687060117721558,-6.898853778839111
1710536081513509174,7.491621017456055,-0.9340575933456421,-6.909631252288818
1710536081555724033,7.391030311584473,-1.092128872871399,-6.90843391418457
1710536081557661795,7.410190582275391,-0.9316626191139221,-6.842570781707764
1710536081572465922,7.362289905548096,-1.3148657083511353,-6.823410511016846
1710536081580745545,7.213798999786377,-1.311273217201233,-6.877298355102539
1710536081643876061,7.381450176239014,-1.323248267173767,-6.573131084442139
1710536081656452456,7.400610446929932,-1.4681469202041626,-6.68330192565918
1710536081675197492,7.368277549743652,-1.6094530820846558,-6.787485122680664
1710536081692026858,7.326364517211914,-1.572330355644226,-6.805448055267334
1710536081711046075,7.248526573181152,-1.1005114316940308,-6.714437484741211
1710536081727905710,7.423363208770752,-1.2082873582839966,-6.818620681762695
1710536081748928922,7.2497239112854,-1.2166699171066284,-6.818620681762695
1710536081780441158,7.274871826171875,-1.3448034524917603,-6.842570781707764
1710536081832942844,7.325167179107666,-1.3256433010101318,-6.809040546417236
1710536081872819208,7.403005599975586,-1.482517123222351,-6.694079399108887
1710536081877087512,7.238946437835693,-1.3100756406784058,-6.844965934753418
1710536081885439492,7.286847114562988,-1.2406201362609863,-6.834188461303711
1710536081900505545,7.407795429229736,-1.4358142614364624,-6.604266166687012
1710536081906660015,7.306006908416748,-1.4633569717407227,-6.721622467041016
1710536081959105597,7.271279335021973,-1.1723620891571045,-6.861731052398682
1710536081976009392,7.377857685089111,-1.3208532333374023,-6.655759334564209
1710536081992854172,7.313192367553711,-1.4657520055770874,-6.708449840545654
1710536082022198049,7.223379135131836,-1.2142748832702637,-7.106022834777832
1710536082026364789,7.284451961517334,-1.0490185022354126,-6.850953578948975
1710536082057964176,7.284451961517334,-1.7974621057510376,-6.528823375701904
1710536082081322701,7.122787952423096,-0.9196875095367432,-6.828200817108154
1710536082100091127,7.272476673126221,-1.502874732017517,-6.775510311126709
1710536082127617040,7.313192367553711,-1.5136523246765137,-6.794670581817627
1710536082173656437,7.476053237915039,-1.4298266172409058,-6.567143440246582
1710536082201122158,7.270081996917725,-1.2082873582839966,-6.861731052398682
1710536082221981066,7.478448390960693,-1.487307071685791,-6.686894416809082
1710536082242961098,7.448510646820068,-1.6381933689117432,-6.745572566986084
1710536082285161046,7.405400276184082,-1.2549902200698853,-6.7060546875
1710536082295592525,7.386240005493164,-1.6346008777618408,-6.88568115234375
1710536082316660827,7.434140682220459,-1.3519885540008545,-6.740782260894775
1710536082321211658,7.236551284790039,-1.1256592273712158,-6.855743408203125
1710536082348200519,7.255711555480957,-1.3723461627960205,-6.763535022735596
1710536082360958055,7.371870040893555,-1.3879138231277466,-6.674919605255127
1710536082381617705,7.280859470367432,-1.2693603038787842,-6.78868293762207
1710536082402583051,7.314389705657959,-1.5184423923492432,-6.771917819976807
1710536082423787906,7.400610446929932,-1.4190490245819092,-6.647376537322998
1710536082459931434,7.373067855834961,-1.541195034980774,-6.78868293762207
1710536082545877894,7.404202938079834,-1.068178653717041,-6.838978290557861
1710536082566771780,7.531138896942139,-1.8776953220367432,-6.34201192855835
1710536082592103073,7.531138896942139,-1.8776953220367432,-6.34201192855835
1710536082636277322,7.495213508605957,-1.1268566846847534,-6.757547378540039
1710536082673961599,7.388635158538818,-1.4597643613815308,-6.771917819976807
1710536082682274023,7.317982196807861,-1.1951147317886353,-6.876101016998291
1710536082739216672,7.2497239112854,-1.1304491758346558,-6.756350040435791
1710536082756165667,7.329957485198975,-1.6357983350753784,-6.741980075836182
1710536082779319876,7.418572902679443,-1.6393908262252808,-6.791078090667725
1710536082802566955,7.365882396697998,-1.3986914157867432,-6.704857349395752
1710536082830549081,7.254514217376709,-1.1711645126342773,-6.528823375701904
1710536082849055841,7.435338020324707,-1.4717395305633545,-6.649771690368652
1710536082874344788,7.313192367553711,-1.517244815826416,-6.84855842590332
1710536082893426771,7.435338020324707,-1.383123755455017,-6.719227313995361
1710536082907992997,7.41977071762085,-1.4262341260910034,-6.597081184387207
1710536082924958165,7.331154823303223,-1.237027645111084,-6.74317741394043
1710536082943764396,7.431745529174805,-1.5292199850082397,-6.727609634399414
1710536082971107791,7.3598952293396,-1.481319546699524,-6.662944316864014
1710536082993980035,7.397017955780029,-1.3651611804962158,-6.752757549285889
1710536083029726264,7.344327449798584,-1.5950829982757568,-6.78868293762207
1710536083033983053,7.357500076293945,-1.6489709615707397,-6.804250717163086
1710536083063463918,7.278464317321777,-1.161584496498108,-6.725214958190918
1710536083078357646,7.392227649688721,-1.2466076612472534,-6.582711219787598
1710536083095299063,7.322772026062012,-1.3436059951782227,-7.138355731964111
1710536083101354098,7.425757884979248,-1.2681628465652466,-6.618636608123779
1710536083124547118,7.243736743927002,-1.9986437559127808,-6.447392463684082
1710536083128697812,7.055727481842041,-1.5843054056167603,-6.59109354019165
1710536083147787067,7.241341590881348,-1.3364208936691284,-6.52642822265625
1710536083168893660,7.199428558349609,-0.9472302198410034,-6.835385799407959
1710536083227816633,7.347919940948486,-1.431024193763733,-6.80305290222168
1710536083248674325,7.392227649688721,-1.1843371391296387,-6.744375228881836
1710536083267551603,7.289241790771484,-1.3555810451507568,-6.806645393371582
1710536083273702486,7.32756233215332,-1.3843213319778442,-6.844965934753418
1710536083297166172,7.347919940948486,-1.1304491758346558,-6.824608325958252
1710536083305342674,7.411387920379639,-1.452579379081726,-6.782695293426514
1710536083320064640,7.225773811340332,-1.4286291599273682,-6.900051116943359
1710536083326438170,7.438930511474609,-1.5843054056167603,-6.688092231750488
1710536083358630470,7.335944652557373,-1.2753479480743408,-6.700067043304443
1710536083383293998,7.285649299621582,-1.3052856922149658,-6.828200817108154
1710536083415908726,7.404202938079834,-1.517244815826416,-6.744375228881836
1710536083424878830,7.386240005493164,-1.2825329303741455,-6.764732837677002
1710536083446650796,7.316784858703613,-1.5220348834991455,-6.722819805145264
1710536083473409347,7.26768684387207,-1.2693603038787842,-6.852150917053223
1710536083521850088,7.284451961517334,-1.4477893114089966,-6.776707649230957
1710536083540898806,7.358697414398193,-1.3352234363555908,-6.703659534454346
1710536083555406333,7.347919940948486,-1.5435900688171387,-6.811435699462891
1710536083584792852,7.399412631988525,-1.353186011314392,-6.758745193481445
1710536083603785628,7.253316879272461,-1.1783496141433716,-6.793472766876221
1710536083618168788,7.278464317321777,-1.4094690084457397,-6.783892631530762
1710536083633174126,7.467670917510986,-1.5148499011993408,-6.926396369934082
1710536083639650680,7.043752670288086,-0.7819738984107971,-7.054530143737793
1710536083704515834,7.02818489074707,-0.9987231492996216,-7.041357517242432
1710536083740284294,7.391030311584473,-1.4561718702316284,-6.6413893699646
1710536083767591671,7.509583950042725,-1.7339941263198853,-6.688092231750488
1710536083794844380,7.214996337890625,-1.2346326112747192,-6.799460411071777
1710536083813992537,7.450905799865723,-1.3519885540008545,-6.506070613861084
1710536083820154612,7.212601184844971,-1.3184581995010376,-6.712042331695557
1710536083876836590,7.379055023193359,-1.5052697658538818,-6.764732837677002
1710536083878912408,7.450905799865723,-1.7531542778015137,-6.734795093536377
1710536083918890935,7.334747314453125,-1.1388317346572876,-6.714437484741211
1710536083927495100,7.376660346984863,-1.3340258598327637,-6.82101583480835
1710536083950974015,7.418572902679443,-1.6202306747436523,-6.738387584686279
1710536083962921697,7.418572902679443,-1.6202306747436523,-6.738387584686279
1710536083985932470,7.40180778503418,-1.476529598236084,-6.656956672668457
1710536083996447871,7.295229434967041,-1.4477893114089966,-6.708449840545654
1710536084015146487,7.340734958648682,-1.397493839263916,-6.763535022735596
1710536084059542363,7.375462532043457,-1.371148705482483,-6.727609634399414
1710536084069920708,7.340734958648682,-1.356778621673584,-6.730004787445068
1710536084091017060,7.394622802734375,-1.3591735363006592,-6.659351825714111
1710536084107842787,7.265291690826416,-1.3591735363006592,-6.801855564117432
1710536084120467812,7.319179534912109,-1.5687377452850342,-6.827003002166748
1710536084152114199,7.444918155670166,-1.397493839263916,-6.671327114105225
1710536084164457384,7.426955699920654,-1.4034814834594727,-6.690486907958984
1710536084185484888,7.255711555480957,-1.0370434522628784,-7.04255485534668
1710536084214226368,7.446115493774414,-2.1411473751068115,-6.649771690368652
1710536084234193465,7.254514217376709,-1.826202392578125,-6.628216743469238
1710536084240032181,7.434140682220459,-1.9806811809539795,-6.582711219787598
1710536084257005840,7.550299167633057,-1.181942105293274,-6.702462196350098
1710536084301264908,7.280859470367432,-0.8717871308326721,-6.974297046661377
1710536084303396590,7.280859470367432,-0.9065148830413818,-6.768325328826904
1710536084345601799,7.211403846740723,-1.2358300685882568,-6.827003002166748
1710536084353992501,7.453300952911377,-1.361568570137024,-6.556365966796875
1710536084366711221,7.225773811340332,-1.3819262981414795,-6.873705863952637
1710536084377192647,7.225773811340332,-1.3819262981414795,-6.873705863952637
1710536084397928183,7.361092567443848,-1.4920971393585205,-6.786287784576416
1710536084402051261,7.303612232208252,-1.4489867687225342,-6.829398155212402
1710536084421093759,7.264094352722168,-1.3962963819503784,-6.864126205444336
1710536084442295405,7.438930511474609,-1.4046789407730103,-6.582711219787598
1710536084461226701,7.347919940948486,-1.293310523033142,-6.789880275726318
1710536084480153644,7.442523002624512,-1.6298108100891113,-6.617438793182373
1710536084517805535,7.284451961517334,-1.607058048248291,-6.755152702331543
1710536084541020465,7.337142467498779,-1.481319546699524,-6.776707649230957
1710536084572844198,7.392227649688721,-1.3998888731002808,-6.782695293426514
1710536084585219972,7.434140682220459,-1.5759228467941284,-6.619833946228027
1710536084618844680,7.306006908416748,-1.547182559967041,-6.76593017578125
1710536084660691376,7.345524787902832,-1.3603711128234863,-6.792275428771973
1710536084683933994,7.271279335021973,-1.1867321729660034,-6.850953578948975
1710536084728074269,7.442523002624512,-1.427431583404541,-6.653364181518555
1710536084749153037,7.41977071762085,-1.4262341260910034,-6.617438793182373
1710536084761797691,7.413783073425293,-1.9746936559677124,-6.745572566986084
1710536084791325412,7.100035190582275,-1.3855187892913818,-6.613846302032471
1710536084801506098,7.100035190582275,-1.3855187892913818,-6.613846302032471
1710536084887812061,7.373067855834961,-1.466949462890625,-6.792275428771973
1710536084900552296,7.259304046630859,-1.3879138231277466,-6.68330192565918
1710536084906799809,7.270081996917725,-1.4358142614364624,-6.804250717163086
1710536084936252476,7.385042667388916,-1.243015170097351,-6.822213172912598
1710536084961333073,7.403005599975586,-1.7172290086746216,-6.745572566986084
1710536084990912011,7.314389705657959,-1.43701171875,-6.688092231750488
1710536085006733814,7.317982196807861,-1.2657678127288818,-6.789880275726318
1710536085011945607,7.399412631988525,-1.4789245128631592,-6.638994216918945
1710536085030885816,7.28205680847168,-1.6753162145614624,-6.691684722900391
1710536085045586089,7.391030311584473,-1.2382251024246216,-6.817422866821289
1710536085077589736,7.274871826171875,-1.0993139743804932,-6.520440578460693
1710536085085353433,7.441325664520264,-1.4190490245819092,-6.66893196105957
1710536085104453538,7.338339805603027,-1.4944921731948853,-6.643784046173096
1710536085135931738,7.397017955780029,-1.3663586378097534,-6.783892631530762
1710536085165396295,7.404202938079834,-1.5100598335266113,-6.708449840545654
1710536085177985624,7.302414417266846,-1.1412267684936523,-6.740782260894775
1710536085194879045,7.311994552612305,-1.5914905071258545,-6.847360610961914
1710536085241126081,7.362289905548096,-1.4849121570587158,-6.797065258026123
1710536085245423396,7.412585258483887,-1.4046789407730103,-6.685697078704834
1710536085255702413,7.280859470367432,-1.3148657083511353,-6.759942531585693
1710536085289278852,7.423363208770752,-1.392703890800476,-6.849755764007568
1710536085369288879,7.335944652557373,-1.0466235876083374,-6.795867919921875
1710536085396401108,7.351512432098389,-1.4358142614364624,-6.909631252288818
1710536085419284204,7.361092567443848,-1.3735437393188477,-6.787485122680664
1710536085430471919,7.338339805603027,-1.416654109954834,-6.773115158081055
1710536085459703405,7.438930511474609,-1.3855187892913818,-6.559958457946777
1710536085488982871,7.3694748878479,-1.5016772747039795,-6.817422866821289
1710536085495297806,7.303612232208252,-1.577120304107666,-6.900051116943359
1710536085541511688,7.375462532043457,-1.5196398496627808,-6.763535022735596
1710536085562676719,7.26768684387207,-1.157991886138916,-6.817422866821289
1710536085587912913,7.38743782043457,-1.607058048248291,-6.715634822845459
1710536085614923394,7.44731330871582,-1.361568570137024,-6.656956672668457
1710536085619266985,7.295229434967041,-1.4046789407730103,-6.780300140380859
1710536085653111927,7.392227649688721,-1.4022839069366455,-6.694079399108887
1710536085684843966,7.410190582275391,-1.5447876453399658,-6.685697078704834
1710536085859733773,7.404202938079834,-1.4058765172958374,-6.459367752075195
1710536085874287767,7.170688629150391,-1.9746936559677124,-6.382727146148682
1710536085876469108,7.467670917510986,-1.9028429985046387,-6.740782260894775
1710536085920633233,7.131170749664307,-1.2382251024246216,-6.755152702331543
1710536085926794906,7.306006908416748,-1.5675402879714966,-6.513255596160889
1710536085943816545,7.32756233215332,-1.407073974609375,-6.870113372802734
1710536086004955383,7.34193229675293,-1.2609777450561523,-6.753954887390137
1710536086013777999,7.406598091125488,-1.5076647996902466,-6.514452934265137
1710536086034241467,7.34193229675293,-1.311273217201233,-6.818620681762695
1710536086063638935,7.36468505859375,-1.5914905071258545,-6.712042331695557
1710536086070155599,7.379055023193359,-1.2537927627563477,-6.585106372833252
1710536086082552157,7.357500076293945,-1.323248267173767,-6.782695293426514
1710536086108044484,7.349117279052734,-1.4849121570587158,-6.730004787445068
1710536086133190187,7.356302261352539,-1.4406042098999023,-6.775510311126709
1710536086173129190,7.328759670257568,-1.237027645111084,-6.739584922790527
1710536086225332316,7.3694748878479,-1.5280224084854126,-6.767127513885498
1710536086242631826,7.316784858703613,-1.2945080995559692,-6.776707649230957
1710536086257051499,7.323969841003418,-1.3639636039733887,-6.68330192565918
1710536086295385593,7.381450176239014,-1.5651452541351318,-6.679709434509277
1710536086326468265,7.284451961517334,-1.3340258598327637,-6.767127513885498
1710536086345437135,7.357500076293945,-1.4046789407730103,-6.731202602386475
1710536086358253803,7.28205680847168,-1.0741662979125977,-7.230564117431641
1710536086400151492,7.32756233215332,-0.9472302198410034,-6.956334114074707
1710536086404227072,7.335944652557373,-1.636995792388916,-6.11208963394165
1710536086408664476,7.430548191070557,-2.026186466217041,-6.442602634429932
1710536086429619251,7.32756233215332,-1.2202624082565308,-6.837780952453613
1710536086452833508,7.418572902679443,-0.9352551102638245,-6.813830375671387
1710536086484327376,7.467670917510986,-1.8441650867462158,-6.575526237487793
1710536086507249261,7.375462532043457,-1.2645703554153442,-6.867718696594238
1710536086522086784,7.340734958648682,-1.4094690084457397,-6.809040546417236
1710536086540851557,7.345524787902832,-1.301693081855774,-6.558761119842529
1710536086566217118,7.351512432098389,-1.386716365814209,-6.835385799407959
1710536086572426884,7.380252838134766,-1.4202466011047363,-6.829398155212402
1710536086589187850,7.321574687957764,-1.481319546699524,-6.824608325958252
1710536086626882072,7.353907585144043,-1.2705578804016113,-6.613846302032471
1710536086645919362,7.321574687957764,-0.9831554889678955,-6.660549163818359
1710536086706963479,7.30959939956665,-1.332828402519226,-6.888076305389404
1710536086736242913,7.320377349853516,-1.356778621673584,-6.750362396240234
1710536086751067303,7.394622802734375,-1.5435900688171387,-6.70126485824585
1710536086778371325,7.358697414398193,-1.4992822408676147,-6.692882061004639
1710536086803079813,7.356302261352539,-1.3364208936691284,-6.718029975891113
1710536086822071837,7.337142467498779,-1.147214412689209,-6.658154487609863
1710536086837027158,7.333549976348877,-1.446591854095459,-6.722819805145264
1710536086864758782,7.38743782043457,-1.3100756406784058,-6.678512096405029
1710536086879262710,7.334747314453125,-1.4202466011047363,-6.696474552154541
1710536086887691247,7.368277549743652,-1.3855187892913818,-6.7060546875
1710536086906613509,7.408992767333984,-1.5974780321121216,-7.094048023223877
1710536086969709022,7.164700984954834,-1.2992980480194092,-6.449787616729736
1710536086973881833,7.273674488067627,-1.9890637397766113,-6.700067043304443
1710536086992712704,7.430548191070557,-0.850231945514679,-6.86292839050293
1710536087001116840,7.279661655426025,-1.2992980480194092,-6.767127513885498
1710536087026389939,7.407795429229736,-1.8082396984100342,-6.459367752075195
1710536087055642598,7.389832973480225,-1.2525951862335205,-6.819818019866943
1710536087072693761,7.374265193939209,-1.4058765172958374,-6.725214958190918
1710536087119235630,7.395820140838623,-1.4082714319229126,-6.557563304901123
1710536087131873938,7.370672702789307,-1.6573535203933716,-6.724017143249512
1710536087150604794,7.352709770202637,-1.5316150188446045,-6.680906772613525
1710536087180068095,7.406598091125488,-1.2825329303741455,-6.74317741394043
1710536087194739052,7.288044452667236,-1.272952914237976,-6.900051116943359
1710536087245129293,7.368277549743652,-1.6477733850479126,-6.673721790313721
1710536087247035302,7.391030311584473,-1.7495617866516113,-6.634203910827637
1710536087253328867,7.349117279052734,-1.4885046482086182,-6.74317741394043
1710536087272379277,7.367080211639404,-1.526824951171875,-6.674919605255127
1710536087278488676,7.367080211639404,-1.526824951171875,-6.718029975891113
1710536087299379412,7.38743782043457,-1.4382091760635376,-6.799460411071777
1710536087339290552,7.365882396697998,-1.4597643613815308,-6.64617919921875
1710536087349810954,7.30001974105835,-1.251397728919983,-6.78868293762207
1710536087383353261,7.339537143707275,-1.700463891029358,-6.83059549331665
1710536087415987600,7.356302261352539,-1.2753479480743408,-6.758745193481445
1710536087473786260,7.247329235076904,-0.8693920969963074,-6.914421558380127
1710536087480075708,7.455695629119873,-2.1231849193573,-6.912026405334473
1710536087503336040,7.276069164276123,-1.7495617866516113,-6.795867919921875
1710536087562220878,7.393425464630127,-1.5747253894805908,-6.612648963928223
1710536087581207995,7.308402061462402,-1.5292199850082397,-6.992259502410889
1710536087616915804,7.392227649688721,-1.3855187892913818,-6.768325328826904
1710536087621003850,7.370672702789307,-1.4897021055221558,-6.789880275726318
1710536087671765906,7.332352161407471,-1.4944921731948853,-6.707252025604248
1710536087682206695,7.344327449798584,-1.476529598236084,-6.805448055267334
1710536087711557403,7.373067855834961,-1.3040881156921387,-6.648574352264404
1710536087736702067,7.329957485198975,-1.5040723085403442,-6.799460411071777
1710536087757805562,7.353907585144043,-1.6118481159210205,-6.690486907958984
1710536087766189351,7.356302261352539,-1.2837305068969727,-6.793472766876221
1710536087785183283,7.395820140838623,-1.2992980480194092,-6.588698863983154
1710536087793424751,7.350315093994141,-1.446591854095459,-6.662944316864014
1710536087825172531,7.351512432098389,-1.506467342376709,-6.71084451675415
1710536087856651084,7.351512432098389,-1.3891112804412842,-6.7611403465271
1710536087862942640,7.353907585144043,-1.532812476158142,-6.757547378540039
1710536087881794734,7.295229434967041,-1.337618350982666,-6.653364181518555
1710536087896580000,7.335944652557373,-1.4178515672683716,-6.654561996459961
1710536087917639880,7.351512432098389,-1.6357983350753784,-6.795867919921875
1710536087947200859,7.353907585144043,-1.5004796981811523,-6.783892631530762
1710536087974282304,7.346722602844238,-1.3962963819503784,-6.751560211181641
1710536088001423865,7.368277549743652,-1.4489867687225342,-6.688092231750488
1710536088024602742,7.472460746765137,-1.3519885540008545,-6.316864013671875
1710536088043539179,7.358697414398193,-2.2920336723327637,-6.630611419677734
1710536088110984887,7.395820140838623,-1.8010547161102295,-6.536008358001709
1710536088127508957,7.373067855834961,-1.4789245128631592,-6.792275428771973
1710536088150551699,7.351512432098389,-1.4334192276000977,-6.703659534454346
1710536088180254888,7.376660346984863,-1.2058923244476318,-6.516848087310791
1710536088186319998,7.362289905548096,-1.586700439453125,-6.892866134643555
1710536088207320511,7.332352161407471,-1.4861096143722534,-6.78868293762207
1710536088247345020,7.350315093994141,-1.1496093273162842,-6.538403511047363
1710536088276759590,7.322772026062012,-1.2322375774383545,-6.712042331695557
1710536088295590471,7.353907585144043,-1.690883755683899,-6.782695293426514
1710536088314550876,7.375462532043457,-1.5531702041625977,-6.828200817108154
1710536088323354558,7.370672702789307,-1.520837426185608,-6.798263072967529
1710536088325179828,7.313192367553711,-1.296903133392334,-6.810237884521484
1710536088346016305,7.392227649688721,-1.337618350982666,-6.720424652099609
1710536088360643990,7.371870040893555,-1.5591577291488647,-6.680906772613525
1710536088396472168,7.351512432098389,-1.3651611804962158,-6.643784046173096
1710536088402774743,7.315587043762207,-1.3364208936691284,-6.819818019866943
1710536088415209907,7.379055023193359,-1.511257290840149,-6.659351825714111
1710536088446831525,7.368277549743652,-1.4046789407730103,-6.692882061004639
1710536088479244637,7.377857685089111,-1.5435900688171387,-6.793472766876221
1710536088501359466,7.381450176239014,-1.3986914157867432,-6.697671890258789
1710536088522595175,7.3694748878479,-1.5735278129577637,-6.703659534454346
1710536088543536532,7.648494720458984,-1.4717395305633545,-6.7060546875
1710536088554105236,7.431745529174805,-1.1603869199752808,-6.612648963928223
1710536088575299924,7.436535835266113,-1.6717236042022705,-6.344406604766846
1710536088593802587,7.206613540649414,-1.8753002882003784,-6.787485122680664
1710536088612851044,7.206613540649414,-1.8753002882003784,-6.787485122680664
1710536088619117337,7.357500076293945,-0.9376501441001892,-6.71084451675415
1710536088629816433,7.492818832397461,-1.4561718702316284,-6.419849872589111
1710536088667696129,7.416177749633789,-1.7830920219421387,-6.649771690368652
1710536088691160548,7.28205680847168,-1.2992980480194092,-6.888076305389404
1710536088732796814,7.389832973480225,-1.4753320217132568,-6.502478122711182
1710536088741285845,7.325167179107666,-1.4777270555496216,-6.901248931884766
1710536088760303021,7.36468505859375,-1.2992980480194092,-6.871311187744141
1710536088785480506,7.346722602844238,-1.6633410453796387,-6.818620681762695
1710536088813681863,7.428153038024902,-1.2909154891967773,-6.56355094909668
1710536088837951415,7.411387920379639,-1.6190332174301147,-6.593488693237305
1710536088871437321,7.381450176239014,-1.8489550352096558,-6.662944316864014
1710536088919852813,7.352709770202637,-1.3388159275054932,-6.66893196105957
1710536088926187127,7.38743782043457,-1.7148339748382568,-6.755152702331543
1710536088957661685,7.333549976348877,-1.502874732017517,-6.737189769744873
1710536088999646803,7.391030311584473,-1.3184581995010376,-6.677314281463623
1710536089025604935,7.349117279052734,-1.452579379081726,-6.793472766876221
1710536089054714303,7.388635158538818,-1.347198486328125,-6.66893196105957
1710536089098569710,7.436535835266113,-0.9005273580551147,-7.116800308227539
1710536089104965551,7.346722602844238,-1.7435742616653442,-6.164780139923096
1710536089181248710,7.60418701171875,-1.2238550186157227,-6.695277214050293
1710536089189123200,7.464078426361084,-0.8969348073005676,-6.883285999298096
1710536089214062222,7.406598091125488,-1.9184106588363647,-6.598278999328613
1710536089216341237,7.319179534912109,-1.490899682044983,-6.818620681762695
1710536089241556621,7.38743782043457,-1.4597643613815308,-6.777905464172363
1710536089264877152,7.505990982055664,-1.572330355644226,-6.515650749206543
1710536089292843520,7.32756233215332,-1.5316150188446045,-6.909631252288818
1710536089327870086,7.398215293884277,-1.2549902200698853,-6.725214958190918
1710536089344787850,7.316784858703613,-1.371148705482483,-6.727609634399414
1710536089386711598,7.264094352722168,-1.2442126274108887,-6.776707649230957
1710536089405576299,7.279661655426025,-1.631008267402649,-6.762337684631348
1710536089430764944,7.296426773071289,-1.2861255407333374,-6.829398155212402
1710536089454056917,7.513176441192627,-1.5232324600219727,-6.624624252319336
1710536089475005278,7.428153038024902,-1.5735278129577637,-6.682104587554932
1710536089502378402,7.26768684387207,-1.4082714319229126,-6.807843208312988
1710536089504506289,7.455695629119873,-1.601070523262024,-6.616241455078125
1710536089529691740,7.258106708526611,-1.1496093273162842,-6.700067043304443
1710536089544947285,7.494016170501709,-1.383123755455017,-6.561155796051025
1710536089553375025,7.442523002624512,-1.5016772747039795,-6.72880744934082
1710536089573927905,7.346722602844238,-1.4597643613815308,-6.771917819976807
1710536089601200263,7.442523002624512,-1.6429834365844727,-6.739584922790527
1710536089622072176,7.407795429229736,-1.442999243736267,-6.603068828582764
1710536089643252021,7.247329235076904,-1.123264193534851,-7.056924819946289
1710536089666093906,7.214996337890625,-1.3400133848190308,-6.169570446014404
1710536089685364656,7.231761455535889,-1.8980529308319092,-6.592291355133057
1710536089704418544,7.332352161407471,-1.2142748832702637,-6.644981861114502
1710536089710708032,7.363487720489502,-0.9939330816268921,-6.759942531585693
1710536089731686438,7.404202938079834,-1.4753320217132568,-6.417454719543457
1710536089767376013,7.404202938079834,-1.8250049352645874,-6.459367752075195
1710536089800981692,7.416177749633789,-1.4106664657592773,-6.719227313995361
1710536089830524500,7.460485935211182,-1.4897021055221558,-6.605463981628418
1710536089912541856,7.335944652557373,-1.5076647996902466,-6.773115158081055
1710536089931348542,7.335944652557373,-1.2011022567749023,-6.767127513885498
1710536089939750691,7.476053237915039,-1.700463891029358,-6.688092231750488
1710536089958636951,7.361092567443848,-1.2921130657196045,-6.781497955322266
1710536089965113145,7.397017955780029,-1.4837145805358887,-6.72880744934082
1710536089971141584,7.285649299621582,-1.191522240638733,-6.773115158081055
1710536089988127249,7.443720817565918,-1.5340100526809692,-6.618636608123779
1710536090017604023,7.40180778503418,-1.5747253894805908,-6.762337684631348
1710536090038513683,7.472460746765137,-1.607058048248291,-6.580316066741943
1710536090059663492,7.413783073425293,-1.4537768363952637,-6.648574352264404
1710536090070130886,7.303612232208252,-1.1496093273162842,-6.7060546875
1710536090074413488,7.468868255615234,-1.4561718702316284,-6.658154487609863
1710536090128921294,7.485633373260498,-1.6334033012390137,-6.654561996459961
1710536090198560195,7.564669132232666,-1.442999243736267,-6.879693508148193
1710536090214588332,7.3694748878479,-1.8082396984100342,-6.382727146148682
1710536090236296053,7.4892258644104,-1.9471508264541626,-6.625821590423584
1710536090246893668,7.381450176239014,-1.152004361152649,-6.90843391418457
1710536090286483603,7.460485935211182,-1.347198486328125,-6.534811019897461
1710536090315934964,7.286847114562988,-1.5184423923492432,-6.776707649230957
1710536090402211894,7.488028526306152,-1.4897021055221558,-6.74317741394043
1710536090435556924,7.471263408660889,-1.511257290840149,-6.678512096405029
1710536090452550632,7.323969841003418,-1.2310400009155273,-6.664141654968262
1710536090473352901,7.306006908416748,-1.5232324600219727,-6.707252025604248
1710536090490319232,7.311994552612305,-1.580712914466858,-6.889273643493652
1710536090521982004,7.357500076293945,-1.2825329303741455,-6.704857349395752
1710536090540786645,7.442523002624512,-1.5232324600219727,-6.625821590423584
1710536090563935661,7.449708461761475,-1.431024193763733,-6.613846302032471
1710536090568248984,7.368277549743652,-1.2825329303741455,-6.713239669799805
1710536090595274108,7.30001974105835,-1.5783178806304932,-6.718029975891113
1710536090643482533,7.349117279052734,-1.152004361152649,-6.611451625823975
1710536090654360511,7.392227649688721,-1.6130456924438477,-6.776707649230957
1710536090679523153,7.326364517211914,-1.307680606842041,-6.777905464172363
1710536090706525361,7.455695629119873,-1.487307071685791,-6.594686508178711
1710536090719200722,7.265291690826416,-0.8693920969963074,-6.871311187744141
1710536090759252132,7.331154823303223,-1.3340258598327637,-6.547983169555664
1710536090788417832,7.181466102600098,-1.6441808938980103,-6.448590278625488
1710536090803122044,7.250921726226807,-0.9256750345230103,-6.712042331695557
1710536090866550435,7.435338020324707,-1.8034497499465942,-6.702462196350098
1710536090872822150,7.288044452667236,-1.3986914157867432,-6.867718696594238
1710536090909024163,7.486831188201904,-1.5004796981811523,-6.532415866851807
1710536090923149901,7.443720817565918,-1.5447876453399658,-6.735992431640625
1710536090952717540,7.416177749633789,-1.4861096143722534,-6.611451625823975
1710536090986355947,7.264094352722168,-1.2897180318832397,-6.764732837677002
1710536091001160145,7.395820140838623,-1.287322998046875,-6.684499740600586
1710536091024345890,7.32756233215332,-1.416654109954834,-6.691684722900391
1710536091066554564,7.343130111694336,-1.4501843452453613,-6.83059549331665
1710536091070756947,7.440128326416016,-1.572330355644226,-6.689289569854736
1710536091081114648,7.295229434967041,-1.4585669040679932,-6.755152702331543
1710536091110481355,7.374265193939209,-1.4477893114089966,-6.690486907958984
1710536091138074463,7.488028526306152,-1.6298108100891113,-6.601871490478516
1710536091144263933,7.395820140838623,-1.3424084186553955,-6.654561996459961
1710536091163315599,7.399412631988525,-1.442999243736267,-6.603068828582764
1710536091177841603,7.452103137969971,-1.2525951862335205,-6.870113372802734
1710536091192627217,7.41977071762085,-1.6202306747436523,-6.738387584686279
1710536091198803693,7.388635158538818,-1.596280574798584,-6.775510311126709
1710536091217605310,7.313192367553711,-1.4082714319229126,-6.731202602386475
1710536091236695999,7.234156608581543,-1.2561877965927124,-6.795867919921875
1710536091259798699,7.464078426361084,-1.481319546699524,-6.637796401977539
1710536091285215506,7.434140682220459,-1.5986754894256592,-6.924001693725586
1710536091312825565,7.100035190582275,-0.760418713092804,-7.023394584655762
1710536091396433953,7.502398490905762,-1.6238232851028442,-6.677314281463623
1710536091425719014,7.365882396697998,-1.3436059951782227,-6.721622467041016
1710536091444856626,7.440128326416016,-1.5483801364898682,-6.501280307769775
1710536091451145025,7.474855899810791,-1.542392611503601,-6.652166843414307
1710536091484963435,7.355104923248291,-1.4238390922546387,-6.822213172912598
1710536091489000807,7.437733173370361,-1.640588402748108,-6.731202602386475
1710536091514256725,7.310797214508057,-1.337618350982666,-6.779102802276611
1710536091571212675,7.264094352722168,-1.3519885540008545,-6.68330192565918
1710536091585717639,7.458090782165527,-1.6286132335662842,-6.719227313995361
1710536091610141637,7.46168327331543,-1.520837426185608,-6.662944316864014
1710536091636055505,7.279661655426025,-1.487307071685791,-6.781497955322266
1710536091665643048,7.426955699920654,-1.6741186380386353,-6.695277214050293
1710536091712022492,7.4892258644104,-1.6872912645339966,-6.582711219787598
1710536091758238663,7.495213508605957,-1.6884887218475342,-6.655759334564209
1710536091787580312,7.438930511474609,-1.532812476158142,-6.630611419677734
1710536091815141163,7.406598091125488,-1.6633410453796387,-6.799460411071777
1710536091842475385,7.308402061462402,-1.153201937675476,-6.921606540679932
1710536091844535730,7.36468505859375,-1.227447509765625,-6.896458625793457
1710536091852834622,7.319179534912109,-1.8968554735183716,-6.533613204956055
1710536091882339909,7.2497239112854,-1.4920971393585205,-6.638994216918945
1710536091901547623,7.248526573181152,-0.9412426948547363,-6.938371658325195
1710536091941415192,7.385042667388916,-1.8309924602508545,-6.900051116943359
1710536091966695824,7.540719032287598,-1.6717236042022705,-6.615044116973877
1710536091995889895,7.302414417266846,-1.3939013481140137,-6.619833946228027
1710536092025357882,7.274871826171875,-1.421444058418274,-6.817422866821289
1710536092054886959,7.34193229675293,-1.4322216510772705,-6.756350040435791
1710536092101041712,7.361092567443848,-1.323248267173767,-6.664141654968262
1710536092126374778,7.340734958648682,-1.5016772747039795,-6.781497955322266
1710536092149634414,7.382647514343262,-1.337618350982666,-6.730004787445068
1710536092193701635,7.470066070556641,-1.6549584865570068,-6.624624252319336
1710536092214526306,7.290439605712891,-1.392703890800476,-6.767127513885498
1710536092229566575,7.444918155670166,-1.6573535203933716,-6.682104587554932
1710536092240325117,7.325167179107666,-1.5148499011993408,-6.722819805145264
1710536092267583102,7.371870040893555,-1.1555969715118408,-6.631809234619141
1710536092275861660,7.277266979217529,-1.3352234363555908,-6.745572566986084
1710536092282149351,7.492818832397461,-1.6729211807250977,-6.64617919921875
1710536092320037403,7.334747314453125,-1.2705578804016113,-6.735992431640625
1710536092345150282,7.294032096862793,-1.3100756406784058,-6.771917819976807
1710536092372835577,7.117998123168945,-0.9783654808998108,-6.818620681762695
1710536092413094353,7.391030311584473,-1.0741662979125977,-6.866520881652832
1710536092418710133,7.374265193939209,-2.1627025604248047,-6.836583137512207
1710536092433353808,7.290439605712891,-0.9376501441001892,-6.781497955322266
1710536092454550155,7.424560546875,-1.745969295501709,-6.547983169555664
1710536092471304777,7.36468505859375,-1.6034655570983887,-6.746769905090332
1710536092519694648,7.386240005493164,-1.4142590761184692,-6.801855564117432
1710536092561770736,7.346722602844238,-1.3543835878372192,-6.579118728637695
1710536092635131092,7.472460746765137,-1.3004956245422363,-6.5216383934021
1710536092679495372,7.418572902679443,-1.3819262981414795,-6.755152702331543
1710536092694211278,7.370672702789307,-1.4705419540405273,-6.797065258026123
1710536092725923872,7.471263408660889,-1.577120304107666,-6.589896202087402
1710536092755221437,7.413783073425293,-1.3004956245422363,-6.697671890258789
1710536092763556242,7.3048095703125,-1.532812476158142,-6.737189769744873
1710536092776259747,7.465275764465332,-1.5783178806304932,-6.606661319732666
1710536092799127832,7.391030311584473,-1.173559546470642,-6.667734146118164
1710536092828711031,7.477251052856445,-1.7256115674972534,-6.636599063873291
1710536092839200217,7.434140682220459,-1.656156063079834,-6.7060546875
1710536092893839688,7.488028526306152,-1.5843054056167603,-6.570735931396484
1710536092965549197,7.547904014587402,-1.6753162145614624,-6.757547378540039
1710536093060368028,7.485633373260498,-1.401086449623108,-6.750362396240234
1710536093100251326,7.527546405792236,-1.670526146888733,-6.327641487121582
1710536093110847823,7.491621017456055,-1.487307071685791,-6.718029975891113
1710536093133816098,7.328759670257568,-1.2106823921203613,-6.934779167175293
1710536093142322129,7.505990982055664,-1.751956820487976,-6.708449840545654
1710536093150738777,7.264094352722168,-1.6298108100891113,-6.708449840545654
1710536093173816881,7.298821926116943,-1.4753320217132568,-6.684499740600586
1710536093203389267,7.50718879699707,-1.4849121570587158,-6.570735931396484
1710536093216276800,7.520361423492432,-1.9232007265090942,-6.486910343170166
1710536093232783767,7.405400276184082,-1.577120304107666,-6.815028190612793
1710536093262417540,7.435338020324707,-1.5196398496627808,-6.689289569854736
1710536093268700970,7.497608661651611,-1.646575927734375,-6.516848087310791
1710536093300332104,7.301217079162598,-1.4681469202041626,-6.722819805145264
1710536093306711430,7.386240005493164,-1.542392611503601,-6.708449840545654
1710536093327705968,7.328759670257568,-1.4489867687225342,-6.749165058135986
1710536093361269831,7.410190582275391,-1.5399975776672363,-6.638994216918945
1710536093390534047,7.485633373260498,-1.662143588066101,-6.861731052398682
1710536093414308187,7.296426773071289,-1.3747411966323853,-6.78868293762207
1710536093434779682,7.464078426361084,-1.5675402879714966,-6.6413893699646
1710536093441034363,7.435338020324707,-1.5435900688171387,-6.621031284332275
1710536093472670692,7.242538928985596,-0.8610095381736755,-6.95034646987915
1710536093497725374,7.181466102600098,-2.0285816192626953,-6.334826469421387
1710536093529208674,7.535928726196289,-1.5184423923492432,-6.671327114105225
1710536093560563116,7.478448390960693,-1.0106981992721558,-6.600673675537109
1710536093566929082,7.355104923248291,-1.183139681816101,-6.599476337432861
1710536093575332105,7.459288120269775,-1.6393908262252808,-6.527625560760498
1710536093616618225,7.377857685089111,-1.4082714319229126,-6.913223743438721
1710536093636245999,7.328759670257568,-1.526824951171875,-6.68330192565918
1710536093651692782,7.36468505859375,-1.4621593952178955,-6.78868293762207
1710536093670168168,7.326364517211914,-1.646575927734375,-6.80305290222168
1710536093686870588,7.448510646820068,-1.7387841939926147,-6.680906772613525
1710536093716232808,7.356302261352539,-1.2190649509429932,-6.704857349395752
1710536093741438329,7.448510646820068,-1.676513671875,-6.622229099273682
1710536093751929329,7.426955699920654,-1.4849121570587158,-6.727609634399414
1710536093770814813,7.361092567443848,-1.511257290840149,-6.733597278594971
1710536093791743889,7.44731330871582,-1.4489867687225342,-6.636599063873291
1710536093816823389,7.355104923248291,-1.4046789407730103,-6.661746978759766
1710536093835700132,7.289241790771484,-1.3723461627960205,-6.78868293762207
1710536093850254813,7.453300952911377,-1.631008267402649,-6.708449840545654
1710536093891080190,7.418572902679443,-1.5735278129577637,-6.647376537322998
1710536093907243232,7.314389705657959,-1.2190649509429932,-6.635401725769043
1710536093926292737,7.452103137969971,-1.43701171875,-6.550378322601318
1710536093955695088,7.478448390960693,-1.5699353218078613,-6.640191555023193
1710536093991406173,7.473658561706543,-1.5244299173355103,-6.60905647277832
1710536094018561266,7.237749099731445,-1.0226733684539795,-7.186255931854248
1710536094071332144,7.573051929473877,-2.0692968368530273,-6.690486907958984
1710536094083892502,7.440128326416016,-0.9496252536773682,-6.824608325958252
1710536094086315473,7.253316879272461,-1.0550061464309692,-6.925199031829834
1710536094096492133,7.395820140838623,-1.1029064655303955,-6.628216743469238
1710536094107050222,7.36468505859375,-1.816622257232666,-6.740782260894775
1710536094121858658,7.385042667388916,-1.347198486328125,-6.725214958190918
1710536094156040378,7.362289905548096,-1.5579601526260376,-6.752757549285889
1710536094189004522,7.477251052856445,-1.506467342376709,-6.533613204956055
1710536094220257111,7.446115493774414,-1.6393908262252808,-6.640191555023193
1710536094228754053,7.323969841003418,-1.4956897497177124,-6.767127513885498
1710536094249689500,7.412585258483887,-1.287322998046875,-6.559958457946777
1710536094274887422,7.383845329284668,-1.301693081855774,-6.686894416809082
1710536094298285633,7.338339805603027,-1.397493839263916,-6.704857349395752
1710536094344447489,7.362289905548096,-1.6238232851028442,-6.931186676025391
1710536094357311492,7.365882396697998,-1.3196557760238647,-6.804250717163086
1710536094367741344,7.432943344116211,-1.4418017864227295,-6.633006572723389
1710536094386751453,7.361092567443848,-1.263372778892517,-6.674919605255127
1710536094422148087,7.405400276184082,-1.416654109954834,-6.680906772613525
1710536094443545140,7.350315093994141,-1.271755337715149,-6.635401725769043
1710536094456164240,7.450905799865723,-1.5376025438308716,-6.59109354019165
1710536094470745148,7.338339805603027,-1.520837426185608,-6.751560211181641
1710536094481366240,7.371870040893555,-1.640588402748108,-6.771917819976807
1710536094519140296,7.345524787902832,-1.526824951171875,-6.715634822845459
1710536094544356870,7.430548191070557,-1.5603551864624023,-6.643784046173096
1710536094569715829,7.337142467498779,-0.9675878882408142,-6.829398155212402
1710536094585266611,7.435338020324707,-2.0106189250946045,-6.361171722412109
1710536094614961007,7.080875396728516,-1.9734960794448853,-6.605463981628418
1710536094628328231,7.332352161407471,-1.640588402748108,-6.520440578460693
1710536094636825440,7.358697414398193,-0.9987231492996216,-6.798263072967529
1710536094675016434,7.386240005493164,-1.7399816513061523,-6.712042331695557
1710536094720994039,7.411387920379639,-1.3795312643051147,-6.785090446472168
1710536094814675852,7.420968055725098,-1.7351917028427124,-6.684499740600586
1710536094815134367,7.420968055725098,-1.2310400009155273,-6.556365966796875
1710536094834607579,7.361092567443848,-1.2645703554153442,-6.661746978759766
1710536094877426335,7.382647514343262,-1.323248267173767,-6.659351825714111
1710536094906249325,7.41977071762085,-1.4861096143722534,-6.624624252319336
1710536094952667770,7.417375564575195,-1.6717236042022705,-6.6509690284729
1710536094961169789,7.417375564575195,-1.6717236042022705,-6.6509690284729
1710536094965374180,7.403005599975586,-1.4741345643997192,-6.642586708068848
1710536094994783676,7.379055023193359,-1.2765454053878784,-6.696474552154541
1710536095012668239,7.38743782043457,-1.502874732017517,-6.627018928527832
1710536095055868606,7.377857685089111,-1.4561718702316284,-6.637796401977539
1710536095095664393,7.393425464630127,-1.5914905071258545,-6.655759334564209
1710536095146286180,7.209008693695068,-2.1495299339294434,-6.873705863952637
1710536095162946044,7.414980411529541,-0.9939330816268921,-6.622229099273682
1710536095192256381,7.343130111694336,-1.1951147317886353,-6.86292839050293
1710536095213321048,7.382647514343262,-1.6034655570983887,-6.735992431640625
1710536095221622344,7.329957485198975,-1.586700439453125,-6.8258056640625
1710536095227899786,7.425757884979248,-1.4046789407730103,-6.757547378540039
1710536095251064694,7.391030311584473,-1.4190490245819092,-6.739584922790527
1710536095274357926,7.367080211639404,-1.4346166849136353,-6.811435699462891
1710536095289149979,7.375462532043457,-1.4944921731948853,-6.603068828582764
1710536095303745194,7.410190582275391,-1.536405086517334,-6.787485122680664
1710536095320674745,7.373067855834961,-1.3543835878372192,-6.737189769744873
1710536095354244328,7.376660346984863,-1.7579443454742432,-6.691684722900391
1710536095377301905,7.3694748878479,-1.43701171875,-6.732399940490723
1710536095415123794,7.441325664520264,-1.8154247999191284,-6.528823375701904
1710536095434105281,7.351512432098389,-1.266965389251709,-6.719227313995361
1710536095453191361,7.395820140838623,-1.610650658607483,-6.660549163818359
1710536095478425142,7.410190582275391,-1.43701171875,-6.633006572723389
1710536095501436709,7.385042667388916,-1.5950829982757568,-6.685697078704834
1710536095545583220,7.400610446929932,-1.3220508098602295,-6.672524452209473
1710536095585319142,7.380252838134766,-1.391506314277649,-6.679709434509277
1710536095616303645,7.411387920379639,-1.5890954732894897,-6.634203910827637
1710536095657165439,7.3598952293396,-1.356778621673584,-6.921606540679932
1710536095688828322,7.406598091125488,-2.3722667694091797,-6.629414081573486
1710536095692784922,7.522756576538086,-1.0346484184265137,-6.509663105010986
1710536095724315541,7.399412631988525,-1.083746314048767,-6.941964149475098
1710536095742973981,7.416177749633789,-1.7148339748382568,-6.392307281494141
1710536095795520928,7.30001974105835,-1.542392611503601,-6.795867919921875
1710536095839760523,7.362289905548096,-1.5579601526260376,-6.870113372802734
1710536095854289913,7.405400276184082,-1.4178515672683716,-6.718029975891113
1710536095881753656,7.41977071762085,-1.7315990924835205,-6.613846302032471
1710536095903018594,7.437733173370361,-1.272952914237976,-6.552773475646973
1710536095944974122,7.450905799865723,-1.8285974264144897,-6.568341255187988
1710536095984893887,7.376660346984863,-1.271755337715149,-6.718029975891113
1710536095993204150,7.42935037612915,-1.397493839263916,-6.538403511047363
1710536096014194591,7.397017955780029,-1.4178515672683716,-6.696474552154541
1710536096018285426,7.437733173370361,-1.4501843452453613,-6.627018928527832
1710536096030984053,7.377857685089111,-1.4561718702316284,-6.694079399108887
1710536096056176510,7.365882396697998,-1.6537610292434692,-6.662944316864014
1710536096081248693,7.412585258483887,-1.3723461627960205,-6.7707200050354
1710536096110961229,7.368277549743652,-1.3196557760238647,-6.755152702331543
1710536096142516850,7.404202938079834,-1.3699511289596558,-6.686894416809082
1710536096161324737,7.428153038024902,-1.6429834365844727,-6.599476337432861
1710536096188657351,7.351512432098389,-1.5819103717803955,-6.750362396240234
1710536096203300765,7.350315093994141,-1.1196715831756592,-7.059319972991943
1710536096241303671,7.501201152801514,-1.1759545803070068,-6.403084754943848
1710536096260167916,7.373067855834961,-1.01788330078125,-6.62342643737793
1710536096268503491,7.30959939956665,-1.2885204553604126,-6.747967720031738
1710536096337971191,7.426955699920654,-1.391506314277649,-6.714437484741211
1710536096382079972,7.423363208770752,-1.5088622570037842,-6.558761119842529
1710536096405236327,7.40180778503418,-1.536405086517334,-6.601871490478516
1710536096424161825,7.381450176239014,-1.6202306747436523,-6.789880275726318
1710536096449389855,7.416177749633789,-1.2490026950836182,-6.628216743469238
1710536096491426147,7.358697414398193,-1.5184423923492432,-6.7060546875
1710536096495661947,7.400610446929932,-1.6573535203933716,-6.756350040435791
1710536096504206747,7.400610446929932,-1.361568570137024,-6.652166843414307
1710536096544105183,7.416177749633789,-1.4920971393585205,-6.534811019897461
1710536096571518966,7.405400276184082,-1.3687536716461182,-6.674919605255127
1710536096582102544,7.407795429229736,-1.660946011543274,-6.671327114105225
1710536096624316917,7.420968055725098,-1.6154407262802124,-6.605463981628418
1710536096653636652,7.403005599975586,-1.7399816513061523,-6.774312973022461
1710536096706156020,7.388635158538818,-1.326840877532959,-6.737189769744873
1710536096725278589,7.417375564575195,-1.5890954732894897,-6.661746978759766
1710536096771391863,7.286847114562988,-1.6657360792160034,-6.225853443145752
1710536096777766263,7.624544620513916,-2.0812718868255615,-6.921606540679932
1710536096790647634,7.444918155670166,-1.1711645126342773,-6.607858657836914
1710536096824122707,7.319179534912109,-1.0298583507537842,-6.810237884521484
1710536096828423016,7.413783073425293,-1.8285974264144897,-6.441404819488525
1710536096851477437,7.41977071762085,-1.786684513092041,-6.725214958190918
1710536096883051380,7.358697414398193,-1.2801378965377808,-6.781497955322266
1710536096908451022,7.391030311584473,-1.5352075099945068,-6.629414081573486
1710536096929414639,7.435338020324707,-1.5184423923492432,-6.409072399139404
1710536096958934410,7.403005599975586,-1.5220348834991455,-6.6509690284729
1710536096981945348,7.393425464630127,-1.760339379310608,-6.739584922790527
1710536097015409613,7.386240005493164,-1.3244458436965942,-6.733597278594971
1710536097038997195,7.417375564575195,-1.7914745807647705,-6.595883846282959
1710536097042968683,7.394622802734375,-1.6992663145065308,-6.798263072967529
1710536097080942218,7.379055023193359,-1.3950989246368408,-6.817422866821289
1710536097084916274,7.404202938079834,-1.3495935201644897,-6.72880744934082
1710536097108276695,7.425757884979248,-1.5100598335266113,-6.633006572723389
1710536097148249850,7.375462532043457,-1.5016772747039795,-6.740782260894775
1710536097154288438,7.413783073425293,-1.6238232851028442,-6.631809234619141
1710536097181680328,7.388635158538818,-1.2681628465652466,-6.659351825714111
1710536097185652885,7.417375564575195,-1.3483959436416626,-6.597081184387207
1710536097215143428,7.400610446929932,-1.5747253894805908,-6.727609634399414
1710536097231858556,7.412585258483887,-1.4549744129180908,-6.713239669799805
1710536097251038118,7.434140682220459,-1.5591577291488647,-6.634203910827637
1710536097274194379,7.407795429229736,-1.6836987733840942,-6.64617919921875
1710536097278289558,7.391030311584473,-1.457369327545166,-6.907236099243164
1710536097291751977,7.253316879272461,-0.940045177936554,-6.722819805145264
1710536097322878150,7.488028526306152,-1.9028429985046387,-6.713239669799805
1710536097394352235,7.314389705657959,-1.5938855409622192,-6.322851657867432
1710536097417341923,7.398215293884277,-1.6501684188842773,-6.781497955322266
1710536097425675469,7.307204723358154,-1.3903088569641113,-6.80305290222168
1710536097442736263,7.307204723358154,-1.3903088569641113,-6.80305290222168
1710536097451107450,7.40180778503418,-1.4801220893859863,-6.677314281463623
1710536097499560455,7.423363208770752,-1.5004796981811523,-6.786287784576416
1710536097558455843,7.422165393829346,-1.4944921731948853,-6.6509690284729
1710536097564907528,7.338339805603027,-1.3735437393188477,-6.721622467041016
1710536097577627318,7.38743782043457,-1.7711169719696045,-6.624624252319336
1710536097583869561,7.442523002624512,-1.7651294469833374,-6.621031284332275
1710536097594274288,7.417375564575195,-1.422641634941101,-6.715634822845459
1710536097611230805,7.436535835266113,-1.5388000011444092,-6.612648963928223
1710536097636378803,7.435338020324707,-1.5747253894805908,-6.635401725769043
1710536097659912076,7.405400276184082,-1.580712914466858,-6.660549163818359
1710536097790118259,7.438930511474609,-1.3064831495285034,-6.730004787445068
1710536097815113203,7.399412631988525,-1.6381933689117432,-6.670129299163818
1710536097844577537,7.587421894073486,-2.023791551589966,-6.617438793182373
1710536097865639691,7.534731388092041,-2.2321581840515137,-6.868916034698486
1710536097884513403,7.53952169418335,-1.5316150188446045,-6.752757549285889
1710536097939324724,7.422165393829346,-1.8369799852371216,-6.759942531585693
1710536097951915211,7.434140682220459,-1.3903088569641113,-6.627018928527832
1710536097967214547,7.434140682220459,-1.3903088569641113,-6.627018928527832
1710536097973611432,7.361092567443848,-1.4561718702316284,-6.733597278594971
1710536098040153103,7.403005599975586,-1.6801061630249023,-6.58151388168335
1710536098042145567,7.510781288146973,-1.6118481159210205,-6.552773475646973
1710536098046317114,7.351512432098389,-1.5855029821395874,-6.755152702331543
1710536098052728242,7.467670917510986,-1.660946011543274,-6.605463981628418
1710536098077587784,7.476053237915039,-1.362766146659851,-6.541996002197266
1710536098090317444,7.391030311584473,-1.43701171875,-6.737189769744873
1710536098098810839,7.405400276184082,-1.2442126274108887,-6.739584922790527
1710536098136889827,7.454498291015625,-1.8441650867462158,-6.605463981628418
1710536098162454519,7.363487720489502,-1.3388159275054932,-6.666536808013916
1710536098167089356,7.363487720489502,-1.3388159275054932,-6.666536808013916
1710536098193574666,7.428153038024902,-1.3699511289596558,-6.644981861114502
1710536098220874416,7.407795429229736,-1.6274157762527466,-6.738387584686279
1710536098233652753,7.446115493774414,-1.5699353218078613,-6.600673675537109
1710536098254662076,7.392227649688721,-1.1999047994613647,-6.642586708068848
1710536098351316887,7.424560546875,-1.512454867362976,-6.694079399108887
1710536098385065226,7.260501861572266,-0.820294201374054,-6.768325328826904
1710536098411558826,7.323969841003418,-1.37713623046875,-6.546785831451416
1710536098513080824,7.449708461761475,-1.4657520055770874,-6.689289569854736
1710536098561348897,7.437733173370361,-1.580712914466858,-6.70126485824585
1710536098605478694,7.345524787902832,-1.5555652379989624,-6.751560211181641
1710536098630695369,7.373067855834961,-1.421444058418274,-6.530020713806152
1710536098634789152,7.347919940948486,-1.3950989246368408,-6.643784046173096
1710536098653899601,7.398215293884277,-1.353186011314392,-6.638994216918945
1710536098668628949,7.392227649688721,-1.526824951171875,-6.628216743469238
1710536098689670627,7.456893444061279,-1.5950829982757568,-6.719227313995361
1710536098706589165,7.410190582275391,-1.4046789407730103,-6.647376537322998
1710536098721281232,7.434140682220459,-1.6046631336212158,-6.598278999328613
1710536098763218024,7.388635158538818,-1.4549744129180908,-6.652166843414307
1710536098782120587,7.432943344116211,-1.7375866174697876,-6.610253810882568
1710536098813061518,7.399412631988525,-1.4657520055770874,-6.633006572723389
1710536098838845813,7.3694748878479,-1.6393908262252808,-6.713239669799805
1710536098845117224,7.464078426361084,-1.7172290086746216,-6.666536808013916
1710536098881044159,7.46168327331543,-1.6501684188842773,-6.582711219787598
1710536098887336969,7.350315093994141,-1.5855029821395874,-6.673721790313721
1710536098897775388,7.456893444061279,-1.5878978967666626,-6.629414081573486
1710536098954463352,7.638914585113525,-1.9806811809539795,-6.551576137542725
1710536099000817693,7.650889873504639,-1.227447509765625,-6.764732837677002
1710536099045048032,7.446115493774414,-1.8477575778961182,-6.644981861114502
1710536099074396954,7.357500076293945,-1.542392611503601,-6.816225528717041
1710536099093325112,7.431745529174805,-1.3962963819503784,-6.634203910827637
1710536099181337067,7.353907585144043,-1.4022839069366455,-6.671327114105225
1710536099189869067,7.397017955780029,-1.3939013481140137,-6.633006572723389
1710536099217169912,7.454498291015625,-1.7016613483428955,-6.695277214050293
1710536099238185313,7.407795429229736,-1.4106664657592773,-6.627018928527832
1710536099248701377,7.408992767333984,-1.601070523262024,-6.6413893699646
1710536099267660803,7.454498291015625,-1.6202306747436523,-6.619833946228027
1710536099269541663,7.335944652557373,-1.481319546699524,-6.71084451675415
1710536099291131026,7.391030311584473,-1.5938855409622192,-6.694079399108887
1710536099334824216,7.426955699920654,-1.391506314277649,-6.638994216918945
1710536099347443700,7.395820140838623,-1.5076647996902466,-6.654561996459961
1710536099372946809,7.466473579406738,-1.6932787895202637,-6.593488693237305
1710536099414781724,7.406598091125488,-1.6118481159210205,-6.722819805145264
1710536099437917949,7.340734958648682,-1.5196398496627808,-6.667734146118164
1710536099490494721,7.349117279052734,-1.1352392435073853,-6.951544284820557
1710536099520003990,7.407795429229736,-2.263293504714966,-6.520440578460693
1710536099547273883,7.30001974105835,-0.8933422565460205,-6.861731052398682
1710536099572779605,7.46168327331543,-1.692081332206726,-6.449787616729736
1710536099593511818,7.368277549743652,-1.391506314277649,-6.746769905090332
1710536099613485957,7.502398490905762,-1.43701171875,-6.98267936706543
1710536099618709002,7.403005599975586,-1.3795312643051147,-6.716832160949707
1710536099641878698,7.440128326416016,-1.6238232851028442,-6.539600849151611
1710536099661284689,7.456893444061279,-1.7292040586471558,-6.528823375701904
1710536099684198610,7.374265193939209,-1.61663818359375,-6.733597278594971
1710536099715656812,7.452103137969971,-1.5280224084854126,-6.707252025604248
1710536099766110924,7.383845329284668,-1.3256433010101318,-6.612648963928223
1710536099789255202,7.490423679351807,-1.7483642101287842,-6.6413893699646
1710536099795295736,7.36468505859375,-1.7495617866516113,-6.595883846282959
1710536099829002772,7.329957485198975,-1.4920971393585205,-6.716832160949707
1710536099856255527,7.370672702789307,-1.5148499011993408,-6.647376537322998
1710536099867326644,7.339537143707275,-1.5244299173355103,-6.720424652099609
1710536099879437856,7.494016170501709,-1.481319546699524,-6.606661319732666
1710536099908639266,7.44731330871582,-1.636995792388916,-6.603068828582764
1710536099923311130,7.343130111694336,-1.4777270555496216,-6.66893196105957
1710536099946501955,7.497608661651611,-1.820214867591858,-6.785090446472168
1710536099965388593,7.458090782165527,-1.712438941001892,-6.616241455078125
1710536099988684192,7.502398490905762,-1.712438941001892,-6.573131084442139
1710536099999344026,7.349117279052734,-1.5783178806304932,-6.752757549285889
1710536100010953981,7.732320785522461,-2.375859260559082,-6.472540378570557
1710536100051624763,7.131170749664307,-1.751956820487976,-6.664141654968262
1710536100060060124,7.328759670257568,-1.7411792278289795,-6.465355396270752
1710536100089505458,7.598199367523193,-1.383123755455017,-6.667734146118164
1710536100112650224,7.598199367523193,-1.383123755455017,-6.667734146118164
1710536100131795517,7.459288120269775,-1.5220348834991455,-6.783892631530762
1710536100142356252,7.408992767333984,-1.517244815826416,-6.979086875915527
1710536100167360605,7.42935037612915,-1.1891272068023682,-6.963519096374512
1710536100171638685,7.498805999755859,-1.5292199850082397,-6.764732837677002
1710536100182268007,7.483238697052002,-1.670526146888733,-6.574328422546387
1710536100239337027,7.347919940948486,-1.2981005907058716,-6.550378322601318
1710536100249194517,7.385042667388916,-1.3340258598327637,-6.755152702331543
1710536100262068316,7.494016170501709,-1.3388159275054932,-6.677314281463623
1710536100308082790,7.266489028930664,-1.3304333686828613,-6.854546070098877
1710536100343826644,7.394622802734375,-1.4789245128631592,-6.964716911315918
1710536100367020959,7.317982196807861,-1.383123755455017,-7.058122634887695
1710536100383863731,7.315587043762207,-1.2549902200698853,-6.532415866851807
1710536100404887096,7.315587043762207,-1.2549902200698853,-6.532415866851807
1710536100428036911,7.328759670257568,-1.1460168361663818,-6.629414081573486
1710536100451050850,7.448510646820068,-1.407073974609375,-6.823410511016846
1710536100474147282,7.393425464630127,-1.5603551864624023,-6.7611403465271
1710536100509870116,7.317982196807861,-1.4633569717407227,-6.981482028961182
1710536100539383830,7.520361423492432,-1.293310523033142,-6.703659534454346
1710536100560916763,7.3598952293396,-1.3064831495285034,-6.462960243225098
1710536100577236466,7.256909370422363,-1.4322216510772705,-6.583908557891846
1710536100613754168,7.453300952911377,-1.3304333686828613,-6.95034646987915
1710536100629886652,7.226971626281738,-1.2022998332977295,-6.792275428771973
1710536100655244262,7.252119064331055,-1.391506314277649,-6.828200817108154
1710536100676238475,7.373067855834961,-1.2945080995559692,-7.24493408203125
1710536100690796794,7.431745529174805,-1.2466076612472534,-6.618636608123779
1710536100713961695,7.431745529174805,-0.940045177936554,-6.753954887390137
1710536100758905799,7.234156608581543,-1.3735437393188477,-6.795867919921875
1710536100787915904,7.200626373291016,-1.1747571229934692,-6.83059549331665
1710536100802447245,7.159910678863525,-1.2561877965927124,-6.874903678894043
1710536100823572222,7.408992767333984,-1.6202306747436523,-6.916816234588623
1710536100890823296,7.2401442527771,-1.3220508098602295,-6.757547378540039
1710536100920346571,7.181466102600098,-1.3543835878372192,-6.804250717163086
1710536100978778934,7.242538928985596,-1.1567944288253784,-6.8904709815979
1710536101001978450,7.181466102600098,-1.0885363817214966,-7.00543212890625
1710536101018574856,7.123985767364502,-1.3939013481140137,-6.878496170043945
1710536101052597153,7.076085090637207,-1.1687694787979126,-7.035369873046875
1710536101090369322,7.301217079162598,-1.002315640449524,-7.247329235076904
1710536101102876680,7.022197246551514,-1.1651769876480103,-7.10243034362793
1710536101125954451,7.034172534942627,-0.9244775176048279,-6.935976505279541
1710536101159460628,7.218588829040527,-1.177152156829834,-7.016209602355957
1710536101178359059,7.145540714263916,-1.1987072229385376,-7.037765026092529
1710536101214000868,7.156318187713623,-1.2082873582839966,-7.201823711395264
1710536101220209255,7.182663440704346,-1.087338924407959,-7.015012264251709
1710536101228755163,7.156318187713623,-0.8789721727371216,-7.032974720001221
1710536101254069852,7.226971626281738,-1.0154882669448853,-6.952741622924805
1710536101277264224,7.224576473236084,-0.9975256323814392,-6.86292839050293
1710536101296103665,7.198231220245361,-1.122066617012024,-6.822213172912598
1710536101304446169,7.177873611450195,-1.2981005907058716,-6.924001693725586
1710536101327509796,7.169490814208984,-1.2621753215789795,-6.997049331665039
1710536101333877272,7.214996337890625,-1.2957055568695068,-6.962321758270264
1710536101394746897,7.183861255645752,-1.1041040420532227,-6.962321758270264
1710536101405286341,7.205416202545166,-0.9687854051589966,-6.823410511016846
1710536101447333644,7.176675796508789,-1.1424243450164795,-6.83059549331665
1710536101462249696,7.176675796508789,-1.1424243450164795,-6.83059549331665
1710536101494240425,7.225773811340332,-1.2190649509429932,-6.902446269989014
1710536101517058406,7.211403846740723,-1.2226574420928955,-6.952741622924805
1710536101552641548,7.193441390991211,-1.0406359434127808,-6.944359302520752
1710536101613787356,7.204218864440918,-1.0909314155578613,-6.898853778839111
1710536101706330347,7.175478458404541,-1.1053014993667603,-6.946753978729248
1710536101710543731,7.214996337890625,-1.1340417861938477,-6.941964149475098
1710536101733608167,7.204218864440918,-1.0502160787582397,-6.941964149475098
1710536101737946875,7.199428558349609,-1.1041040420532227,-6.945556640625
1710536101754803288,7.205416202545166,-1.1064990758895874,-6.900051116943359
1710536101769555743,7.199428558349609,-1.1053014993667603,-6.897656440734863
1710536101786604361,7.199428558349609,-1.083746314048767,-6.907236099243164
1710536101810625760,7.18026876449585,-1.0861413478851318,-6.969506740570068
1710536101811337156,7.193441390991211,-1.0861413478851318,-6.969506740570068
1710536101836715289,7.18505859375,-1.113684058189392,-7.016209602355957
1710536101859793540,7.192243576049805,-1.13763427734375,-7.015012264251709
1710536101962960409,7.186255931854248,-1.0657837390899658,-6.883285999298096
1710536101971304051,7.187453746795654,-1.1208691596984863,-6.947951793670654
1710536102042814467,7.216193675994873,-1.181942105293274,-6.896458625793457
1710536102068030127,7.209008693695068,-1.153201937675476,-6.86292839050293
1710536102127039665,7.212601184844971,-1.1639795303344727,-6.850953578948975
1710536102133104625,7.198231220245361,-1.0789562463760376,-6.943161487579346
1710536102156311047,7.219786167144775,-1.1448193788528442,-6.974297046661377
1710536102166896484,7.199428558349609,-1.152004361152649,-6.973099231719971
1710536102175270045,7.194638729095459,-1.143621802330017,-6.969506740570068
1710536102190041333,7.199428558349609,-1.1591894626617432,-6.969506740570068
1710536102214767067,7.194638729095459,-1.1400293111801147,-6.938371658325195
1710536102219568187,7.200626373291016,-1.1448193788528442,-6.934779167175293
1710536102248920899,7.206613540649414,-1.0753637552261353,-6.943161487579346
1710536102270101642,7.192243576049805,-1.047821044921875,-6.985074520111084
1710536102353992151,7.188651084899902,-1.1208691596984863,-6.959926605224609
1710536102377338292,7.198231220245361,-1.1340417861938477,-6.946753978729248
1710536102385570618,7.194638729095459,-1.1196715831756592,-6.951544284820557
1710536102389958613,7.194638729095459,-1.131646752357483,-6.939568996429443
1710536102404506476,7.204218864440918,-1.0993139743804932,-6.927594184875488
1710536102427986043,7.188651084899902,-1.0765613317489624,-6.924001693725586
1710536102444664922,7.206613540649414,-1.1160790920257568,-6.90843391418457
1710536102482496699,7.204218864440918,-1.1304491758346558,-6.903643608093262
1710536102509689399,7.209008693695068,-1.1484118700027466,-6.909631252288818
1710536102516276823,7.203021049499512,-1.1687694787979126,-6.912026405334473
