bag_timestamp_ns,accel0_x,accel0_y,accel0_z
1710535876069696829,9.075926780700684,-2.3710694313049316,-3.4991235733032227
1710535876073860118,9.081913948059082,-2.386636972427368,-3.5063085556030273
1710535876097111835,9.077123641967773,-2.3686742782592773,-3.4895434379577637
1710535876118192325,9.054370880126953,-2.4093897342681885,-3.494333505630493
1710535876126766986,9.083111763000488,-2.3878345489501953,-3.5158886909484863
1710535876143586995,9.071136474609375,-2.403402090072632,-3.491938591003418
1710535876153957570,9.067543983459473,-2.3686742782592773,-3.501518487930298
1710535876179054048,9.066346168518066,-2.3902294635772705,-3.4955310821533203
1710535876215312353,9.068741798400879,-2.3818469047546387,-3.493135929107666
1710535876271303305,9.07832145690918,-2.4010071754455566,-3.503913640975952
1710535876298609994,9.061556816101074,-2.393821954727173,-3.50032114982605
1710535876328168005,9.067543983459473,-2.386636972427368,-3.4979259967803955
1710535876357517487,9.079519271850586,-2.397414445877075,-3.5051109790802
1710535876403732405,9.072334289550781,-2.392624616622925,-3.5063085556030273
1710535876427106035,9.067543983459473,-2.385439395904541,-3.4787659645080566
1710535876469101419,9.07832145690918,-2.365081787109375,-3.50032114982605
1710535876490033875,9.080716133117676,-2.393821954727173,-3.503913640975952
1710535876496817826,9.095087051391602,-2.4189696311950684,-3.5158886909484863
1710535876517411027,9.074728965759277,-2.383044481277466,-3.5099010467529297
1710535876527972677,9.072334289550781,-2.404599666595459,-3.4895434379577637
1710535876540621704,9.075926780700684,-2.375859260559082,-3.493135929107666
1710535876576410552,9.06395149230957,-2.3902294635772705,-3.494333505630493
1710535876591014404,9.077123641967773,-2.3914270401000977,-3.511098623275757
1710535876599562029,9.066346168518066,-2.397414445877075,-3.4991235733032227
1710535876607819079,9.066346168518066,-2.397414445877075,-3.4991235733032227
1710535876647811489,9.067543983459473,-2.392624616622925,-3.502716064453125
1710535876677298962,9.061556816101074,-2.4081921577453613,-3.4895434379577637
1710535876698228323,9.074728965759277,-2.365081787109375,-3.5075061321258545
1710535876719233134,9.07832145690918,-2.397414445877075,-3.4991235733032227
1710535876733910764,9.059161186218262,-2.406994581222534,-3.502716064453125
1710535876751231796,9.081913948059082,-2.3986120223999023,-3.512296199798584
1710535876757043532,9.065149307250977,-2.393821954727173,-3.5182836055755615
1710535876805257898,9.066346168518066,-2.3878345489501953,-3.490741014480591
1710535876851725633,9.05556869506836,-2.4022045135498047,-3.513493537902832
1710535876870679938,9.049581527709961,-2.365081787109375,-3.490741014480591
1710535876895711571,9.062753677368164,-2.363884210586548,-3.4991235733032227
1710535876973556467,9.069938659667969,-2.4093897342681885,-3.5158886909484863
1710535876979987324,9.06395149230957,-2.396217107772827,-3.502716064453125
1710535877007150122,9.057964324951172,-2.3782544136047363,-3.503913640975952
1710535877017686818,9.057964324951172,-2.3614892959594727,-3.4967284202575684
1710535877042875112,9.067543983459473,-2.3902294635772705,-3.503913640975952
1710535877057427823,9.081913948059082,-2.4105870723724365,-3.5087037086486816
1710535877069961851,9.087902069091797,-2.386636972427368,-3.5099010467529297
1710535877086701306,9.061556816101074,-2.3722667694091797,-3.502716064453125
1710535877116877744,9.07832145690918,-2.384242057800293,-3.512296199798584
1710535877141434023,9.077123641967773,-2.3902294635772705,-3.50032114982605
1710535877168801006,9.069938659667969,-2.374661922454834,-3.4955310821533203
1710535877185597367,9.068741798400879,-2.383044481277466,-3.501518487930298
1710535877248669675,9.065149307250977,-2.3614892959594727,-3.4991235733032227
1710535877273954288,9.067543983459473,-2.393821954727173,-3.5158886909484863
1710535877288696887,9.067543983459473,-2.3794519901275635,-3.5170862674713135
1710535877349768396,9.075926780700684,-2.385439395904541,-3.493135929107666
1710535877370881709,9.07832145690918,-2.384242057800293,-3.502716064453125
1710535877391956750,9.073531150817871,-2.3794519901275635,-3.520678758621216
1710535877410731587,9.084308624267578,-2.406994581222534,-3.4991235733032227
1710535877450587675,9.053174018859863,-2.354304313659668,-3.490741014480591
1710535877492820500,9.065149307250977,-2.3722667694091797,-3.501518487930298
1710535877496950209,9.061556816101074,-2.3878345489501953,-3.4967284202575684
1710535877526249301,9.051976203918457,-2.3626868724823,-3.4991235733032227
1710535877543665496,9.067543983459473,-2.39501953125,-3.511098623275757
1710535877591407275,9.065149307250977,-2.3794519901275635,-3.514691114425659
1710535877610098314,9.068741798400879,-2.3818469047546387,-3.5051109790802
1710535877616461170,9.059161186218262,-2.3806493282318115,-3.4991235733032227
1710535877646075532,9.077123641967773,-2.403402090072632,-3.512296199798584
1710535877723755665,9.05556869506836,-2.385439395904541,-3.5051109790802
1710535877727863931,9.075926780700684,-2.406994581222534,-3.4955310821533203
1710535877761671285,9.056766510009766,-2.4081921577453613,-3.50032114982605
1710535877767907497,9.077123641967773,-2.405797004699707,-3.501518487930298
1710535877790953670,9.068741798400879,-2.3507115840911865,-3.4859509468078613
1710535877807835098,9.068741798400879,-2.3806493282318115,-3.483555793762207
1710535877845655643,9.099876403808594,-2.3998095989227295,-3.5087037086486816
1710535877860324694,9.068741798400879,-2.4105870723724365,-3.5075061321258545
1710535877881449081,9.051976203918457,-2.3423290252685547,-3.475173234939575
1710535877904528290,9.073531150817871,-2.4081921577453613,-3.491938591003418
1710535877938121080,9.05556869506836,-2.393821954727173,-3.4955310821533203
1710535877963356874,9.072334289550781,-2.39501953125,-3.4883458614349365
1710535878032738066,9.081913948059082,-2.3986120223999023,-3.490741014480591
1710535878038683696,9.065149307250977,-2.39501953125,-3.4979259967803955
1710535878055540730,9.067543983459473,-2.3626868724823,-3.490741014480591
1710535878080630816,9.069938659667969,-2.386636972427368,-3.490741014480591
1710535878110089628,9.084308624267578,-2.397414445877075,-3.502716064453125
1710535878139408948,9.075926780700684,-2.406994581222534,-3.512296199798584
1710535878145728471,9.080716133117676,-2.365081787109375,-3.491938591003418
1710535878174974161,9.075926780700684,-2.373464345932007,-3.514691114425659
1710535878177219206,9.075926780700684,-2.373464345932007,-3.513493537902832
1710535878198089173,9.075926780700684,-2.356699228286743,-3.4871485233306885
1710535878218906867,9.057964324951172,-2.3818469047546387,-3.490741014480591
1710535878229615085,9.089098930358887,-2.3902294635772705,-3.5182836055755615
1710535878254863834,9.077123641967773,-2.392624616622925,-3.5075061321258545
1710535878290541981,9.092691421508789,-2.4189696311950684,-3.4991235733032227
1710535878294850576,9.073531150817871,-2.4189696311950684,-3.4979259967803955
1710535878317823231,9.075926780700684,-2.3590941429138184,-3.511098623275757
1710535878353537765,9.068741798400879,-2.406994581222534,-3.490741014480591
1710535878355432760,9.062753677368164,-2.366279363632202,-3.523073673248291
1710535878381052493,9.049581527709961,-2.4081921577453613,-3.4979259967803955
1710535878418758384,9.069938659667969,-2.3483166694641113,-3.494333505630493
1710535878443895062,9.077123641967773,-2.3578968048095703,-3.5087037086486816
1710535878488081154,9.065149307250977,-2.3507115840911865,-3.4979259967803955
1710535878509143478,9.072334289550781,-2.4105870723724365,-3.521876335144043
1710535878546870287,9.087902069091797,-2.3986120223999023,-3.5194811820983887
1710535878549095487,9.080716133117676,-2.377056837081909,-3.5051109790802
1710535878566198017,9.07832145690918,-2.4081921577453613,-3.4799633026123047
1710535878618191088,9.054370880126953,-2.3782544136047363,-3.4859509468078613
1710535878624503497,9.092691421508789,-2.3878345489501953,-3.531456232070923
1710535878633523799,9.072334289550781,-2.3507115840911865,-3.5290613174438477
1710535878641300103,9.054370880126953,-2.3890318870544434,-3.463198184967041
1710535878649692132,9.068741798400879,-2.4022045135498047,-3.514691114425659
1710535878683392580,9.083111763000488,-2.393821954727173,-3.4895434379577637
1710535878694123017,9.059161186218262,-2.4321422576904297,-3.493135929107666
1710535878719343097,9.079519271850586,-2.4405248165130615,-3.5254688262939453
1710535878740481003,9.05556869506836,-2.3794519901275635,-3.513493537902832
1710535878753280121,9.084308624267578,-2.353106737136841,-3.513493537902832
1710535878757008894,9.062753677368164,-2.377056837081909,-3.501518487930298
1710535878778183649,9.07832145690918,-2.4189696311950684,-3.490741014480591
1710535878828444879,9.07832145690918,-2.385439395904541,-3.50032114982605
1710535878847560810,9.083111763000488,-2.3710694313049316,-3.475173234939575
1710535878889639084,9.079519271850586,-2.406994581222534,-3.4991235733032227
1710535878940881453,9.0914945602417,-2.385439395904541,-3.493135929107666
1710535878980110938,9.081913948059082,-2.3902294635772705,-3.4955310821533203
1710535878984258382,9.087902069091797,-2.397414445877075,-3.4979259967803955
1710535879017811976,9.084308624267578,-2.39501953125,-3.520678758621216
1710535879034742944,9.085506439208984,-2.4117846488952637,-3.491938591003418
1710535879051592068,9.087902069091797,-2.3806493282318115,-3.4979259967803955
1710535879064260534,9.089098930358887,-2.3794519901275635,-3.5099010467529297
1710535879104385824,9.065149307250977,-2.385439395904541,-3.491938591003418
1710535879131303193,9.090296745300293,-2.3818469047546387,-3.5063085556030273
1710535879148292012,9.067543983459473,-2.3902294635772705,-3.5278637409210205
1710535879169273608,9.067543983459473,-2.3902294635772705,-3.5278637409210205
1710535879179650945,9.0914945602417,-2.384242057800293,-3.50032114982605
1710535879202698686,9.073531150817871,-2.3878345489501953,-3.494333505630493
1710535879236451155,9.067543983459473,-2.377056837081909,-3.5063085556030273
1710535879244975624,9.066346168518066,-2.3519091606140137,-3.462000846862793
1710535879284888575,9.093889236450195,-2.4081921577453613,-3.5254688262939453
1710535879287010279,9.087902069091797,-2.386636972427368,-3.4955310821533203
1710535879314158518,9.075926780700684,-2.3698718547821045,-3.5051109790802
1710535879324758594,9.0914945602417,-2.397414445877075,-3.5182836055755615
1710535879343725543,9.083111763000488,-2.3291563987731934,-3.4967284202575684
1710535879371120286,9.066346168518066,-2.45489501953125,-3.5194811820983887
1710535879400496773,9.068741798400879,-2.3686742782592773,-3.4859509468078613
1710535879427930582,9.08670425415039,-2.393821954727173,-3.50032114982605
1710535879450927215,9.061556816101074,-2.377056837081909,-3.494333505630493
1710535879461544181,9.08670425415039,-2.404599666595459,-3.5099010467529297
1710535879471948313,9.089098930358887,-2.414179801940918,-3.50032114982605
1710535879505741162,9.071136474609375,-2.3902294635772705,-3.4991235733032227
1710535879543659170,9.079519271850586,-2.3818469047546387,-3.501518487930298
1710535879558371451,9.073531150817871,-2.374661922454834,-3.514691114425659
1710535879589998461,9.079519271850586,-2.4010071754455566,-3.514691114425659
1710535879600595257,9.062753677368164,-2.3722667694091797,-3.511098623275757
1710535879606569811,9.068741798400879,-2.3483166694641113,-3.5099010467529297
1710535879630213232,9.071136474609375,-2.383044481277466,-3.4979259967803955
1710535879655054149,9.077123641967773,-2.347119092941284,-3.5087037086486816
1710535879665578685,9.068741798400879,-2.385439395904541,-3.482358455657959
1710535879703673462,9.059161186218262,-2.4022045135498047,-3.491938591003418
1710535879705592134,9.08670425415039,-2.3902294635772705,-3.5170862674713135
1710535879733085728,9.077123641967773,-2.414179801940918,-3.5278637409210205
1710535879781471421,9.085506439208984,-2.3794519901275635,-3.5087037086486816
1710535879806750454,9.062753677368164,-2.366279363632202,-3.501518487930298
1710535879873762381,9.05077838897705,-2.3818469047546387,-3.494333505630493
1710535879903240640,9.081913948059082,-2.393821954727173,-3.511098623275757
1710535879943374482,9.075926780700684,-2.3794519901275635,-3.5063085556030273
1710535880008654511,9.066346168518066,-2.396217107772827,-3.4955310821533203
1710535880046768778,9.085506439208984,-2.3686742782592773,-3.5075061321258545
1710535880080258845,9.089098930358887,-2.375859260559082,-3.4955310821533203
1710535880094930615,9.077123641967773,-2.36747670173645,-3.4895434379577637
1710535880101275279,9.072334289550781,-2.363884210586548,-3.503913640975952
1710535880107567622,9.071136474609375,-2.383044481277466,-3.483555793762207
1710535880139484064,9.08670425415039,-2.3806493282318115,-3.502716064453125
1710535880179024260,9.05556869506836,-2.3902294635772705,-3.4763708114624023
1710535880202092715,9.096283912658691,-2.4010071754455566,-3.513493537902832
1710535880225695974,9.075926780700684,-2.3890318870544434,-3.5087037086486816
1710535880231581332,9.07832145690918,-2.396217107772827,-3.5087037086486816
1710535880257189135,9.083111763000488,-2.3998095989227295,-3.521876335144043
1710535880297093099,9.077123641967773,-2.3998095989227295,-3.512296199798584
1710535880347314816,9.087902069091797,-2.383044481277466,-3.490741014480591
1710535880385129012,9.089098930358887,-2.3818469047546387,-3.523073673248291
1710535880401977922,9.0914945602417,-2.4117846488952637,-3.5158886909484863
1710535880420972038,9.068741798400879,-2.3782544136047363,-3.490741014480591
1710535880431861809,9.065149307250977,-2.3698718547821045,-3.482358455657959
1710535880450391684,9.07832145690918,-2.3986120223999023,-3.512296199798584
1710535880469509965,9.075926780700684,-2.3818469047546387,-3.4955310821533203
1710535880484256100,9.077123641967773,-2.3782544136047363,-3.4763708114624023
1710535880497080033,9.084308624267578,-2.373464345932007,-3.513493537902832
1710535880518051742,9.079519271850586,-2.4093897342681885,-3.514691114425659
1710535880534947618,9.075926780700684,-2.3722667694091797,-3.4775683879852295
1710535880557945759,9.056766510009766,-2.377056837081909,-3.4775683879852295
1710535880585201429,9.071136474609375,-2.3986120223999023,-3.5087037086486816
1710535880619067050,9.080716133117676,-2.3806493282318115,-3.5075061321258545
1710535880625134778,9.074728965759277,-2.386636972427368,-3.511098623275757
1710535880658965108,9.079519271850586,-2.3914270401000977,-3.502716064453125
1710535880675965293,9.077123641967773,-2.3782544136047363,-3.4991235733032227
1710535880717946843,9.073531150817871,-2.3722667694091797,-3.50032114982605
1710535880778681463,9.077123641967773,-2.3890318870544434,-3.4955310821533203
1710535880818523943,9.08670425415039,-2.374661922454834,-3.502716064453125
1710535880837900683,9.083111763000488,-2.3782544136047363,-3.5182836055755615
1710535880881909403,9.072334289550781,-2.3626868724823,-3.483555793762207
1710535880888240879,9.074728965759277,-2.396217107772827,-3.483555793762207
1710535880905139279,9.072334289550781,-2.3794519901275635,-3.4967284202575684
1710535880913526158,9.068741798400879,-2.396217107772827,-3.490741014480591
1710535880924106934,9.069938659667969,-2.415377140045166,-3.511098623275757
1710535880955592812,9.061556816101074,-2.3890318870544434,-3.4883458614349365
1710535880966064702,9.104666709899902,-2.416574716567993,-3.4967284202575684
1710535880991287809,9.084308624267578,-2.404599666595459,-3.5290613174438477
1710535881018395693,9.075926780700684,-2.4177722930908203,-3.5158886909484863
1710535881037490371,9.07832145690918,-2.3914270401000977,-3.5170862674713135
1710535881064618383,9.085506439208984,-2.3902294635772705,-3.501518487930298
1710535881102220248,9.059161186218262,-2.3818469047546387,-3.494333505630493
1710535881123250814,9.089098930358887,-2.3818469047546387,-3.4991235733032227
1710535881159331728,9.089098930358887,-2.3602917194366455,-3.513493537902832
1710535881180146190,9.071136474609375,-2.4081921577453613,-3.5051109790802
1710535881217636902,9.071136474609375,-2.3710694313049316,-3.4955310821533203
1710535881243077143,9.061556816101074,-2.3890318870544434,-3.4895434379577637
1710535881277281504,9.080716133117676,-2.374661922454834,-3.5254688262939453
1710535881335711098,9.084308624267578,-2.406994581222534,-3.501518487930298
1710535881362917662,9.059161186218262,-2.3722667694091797,-3.490741014480591
1710535881407041587,9.089098930358887,-2.416574716567993,-3.5170862674713135
1710535881430593934,9.057964324951172,-2.3710694313049316,-3.494333505630493
1710535881455641607,9.07832145690918,-2.4105870723724365,-3.5266661643981934
1710535881466272576,9.071136474609375,-2.366279363632202,-3.531456232070923
1710535881487109017,9.074728965759277,-2.385439395904541,-3.491938591003418
1710535881520827677,9.080716133117676,-2.3794519901275635,-3.502716064453125
1710535881525037703,9.081913948059082,-2.3806493282318115,-3.5182836055755615
1710535881545845636,9.059161186218262,-2.356699228286743,-3.4859509468078613
1710535881558637343,9.098679542541504,-2.396217107772827,-3.530258893966675
1710535881583732378,9.085506439208984,-2.3602917194366455,-3.5099010467529297
1710535881620910612,9.081913948059082,-2.403402090072632,-3.521876335144043
1710535881646950476,9.065149307250977,-2.374661922454834,-3.493135929107666
1710535881678850983,9.072334289550781,-2.3818469047546387,-3.4991235733032227
1710535881691094191,9.069938659667969,-2.386636972427368,-3.493135929107666
1710535881722363346,9.065149307250977,-2.366279363632202,-3.502716064453125
1710535881739088705,9.073531150817871,-2.3890318870544434,-3.5075061321258545
1710535881768575819,9.060359001159668,-2.343526601791382,-3.4979259967803955
1710535881781210828,9.074728965759277,-2.4022045135498047,-3.503913640975952
1710535881793886710,9.069938659667969,-2.3710694313049316,-3.494333505630493
1710535881806412018,9.080716133117676,-2.4189696311950684,-3.520678758621216
1710535881848614553,9.071136474609375,-2.403402090072632,-3.501518487930298
1710535881880294221,9.079519271850586,-2.396217107772827,-3.4967284202575684
1710535881886504202,9.068741798400879,-2.4010071754455566,-3.501518487930298
1710535881905381363,9.085506439208984,-2.3794519901275635,-3.512296199798584
1710535882008427145,9.077123641967773,-2.3902294635772705,-3.53265380859375
1710535882027325904,9.067543983459473,-2.393821954727173,-3.5182836055755615
1710535882050737876,9.087902069091797,-2.3698718547821045,-3.4979259967803955
1710535882062807822,9.059161186218262,-2.374661922454834,-3.491938591003418
1710535882098754980,9.077123641967773,-2.3794519901275635,-3.4895434379577637
1710535882119802810,9.06395149230957,-2.4010071754455566,-3.50032114982605
1710535882140716246,9.067543983459473,-2.404599666595459,-3.4991235733032227
1710535882161619553,9.084308624267578,-2.39501953125,-3.491938591003418
1710535882174225976,9.068741798400879,-2.36747670173645,-3.502716064453125
1710535882186780680,9.05556869506836,-2.36747670173645,-3.513493537902832
1710535882201387145,9.067543983459473,-2.403402090072632,-3.491938591003418
1710535882217531920,9.066346168518066,-2.3782544136047363,-3.4955310821533203
1710535882243605420,9.092691421508789,-2.373464345932007,-3.5278637409210205
1710535882273059432,9.068741798400879,-2.3890318870544434,-3.5051109790802
1710535882310920733,9.068741798400879,-2.3614892959594727,-3.501518487930298
1710535882363370608,9.071136474609375,-2.3986120223999023,-3.502716064453125
1710535882407548886,9.073531150817871,-2.3986120223999023,-3.511098623275757
1710535882426457707,9.083111763000488,-2.366279363632202,-3.5170862674713135
1710535882458067483,9.107061386108398,-2.377056837081909,-3.53265380859375
1710535882497879079,9.090296745300293,-2.3806493282318115,-3.5063085556030273
1710535882508315443,9.073531150817871,-2.356699228286743,-3.511098623275757
1710535882525124823,9.084308624267578,-2.406994581222534,-3.5075061321258545
1710535882531671579,9.074728965759277,-2.3818469047546387,-3.5075061321258545
1710535882540147115,9.068741798400879,-2.3602917194366455,-3.4871485233306885
1710535882577739532,9.071136474609375,-2.3686742782592773,-3.502716064453125
1710535882613220012,9.066346168518066,-2.366279363632202,-3.4799633026123047
1710535882632152366,9.071136474609375,-2.3710694313049316,-3.4967284202575684
1710535882659771828,9.072334289550781,-2.383044481277466,-3.511098623275757
1710535882667964840,9.069938659667969,-2.4081921577453613,-3.524271249771118
1710535882682566258,9.089098930358887,-2.383044481277466,-3.513493537902832
1710535882703894493,9.080716133117676,-2.3890318870544434,-3.482358455657959
1710535882707667789,9.071136474609375,-2.3782544136047363,-3.5158886909484863
1710535882724465518,9.072334289550781,-2.4022045135498047,-3.5063085556030273
1710535882760624560,9.084308624267578,-2.393821954727173,-3.5170862674713135
1710535882806488864,9.089098930358887,-2.385439395904541,-3.503913640975952
1710535882825902506,9.083111763000488,-2.397414445877075,-3.520678758621216
1710535882838361272,9.066346168518066,-2.375859260559082,-3.4967284202575684
1710535882844870573,9.071136474609375,-2.374661922454834,-3.5087037086486816
1710535882865667796,9.081913948059082,-2.3890318870544434,-3.5063085556030273
1710535882880309235,9.065149307250977,-2.393821954727173,-3.5087037086486816
1710535882941371779,9.085506439208984,-2.3806493282318115,-3.4979259967803955
1710535882945581964,9.06395149230957,-2.374661922454834,-3.4967284202575684
1710535882947689558,9.075926780700684,-2.403402090072632,-3.4991235733032227
1710535882996044438,9.072334289550781,-2.393821954727173,-3.50032114982605
1710535883016838434,9.083111763000488,-2.374661922454834,-3.4967284202575684
1710535883080328794,9.067543983459473,-2.392624616622925,-3.530258893966675
1710535883092928259,9.081913948059082,-2.3818469047546387,-3.5063085556030273
1710535883122140755,9.07832145690918,-2.3698718547821045,-3.50032114982605
1710535883155743604,9.05556869506836,-2.3818469047546387,-3.4991235733032227
1710535883181100504,9.080716133117676,-2.396217107772827,-3.501518487930298
1710535883248596989,9.080716133117676,-2.423759698867798,-3.511098623275757
1710535883254987970,9.066346168518066,-2.4010071754455566,-3.520678758621216
1710535883277974875,9.079519271850586,-2.3590941429138184,-3.520678758621216
1710535883294835451,9.079519271850586,-2.3590941429138184,-3.520678758621216
1710535883315771107,9.090296745300293,-2.3698718547821045,-3.523073673248291
1710535883349471548,9.077123641967773,-2.332749128341675,-3.524271249771118
1710535883383389474,9.072334289550781,-2.385439395904541,-3.494333505630493
1710535883427796015,9.061556816101074,-2.4010071754455566,-3.5254688262939453
1710535883442966663,9.068741798400879,-2.4081921577453613,-3.521876335144043
1710535883455211421,9.066346168518066,-2.403402090072632,-3.53265380859375
1710535883503414794,9.06395149230957,-2.414179801940918,-3.481160879135132
1710535883507601708,9.077123641967773,-2.412982225418091,-3.501518487930298
1710535883534766543,9.085506439208984,-2.404599666595459,-3.5170862674713135
1710535883587348298,9.069938659667969,-2.377056837081909,-3.5087037086486816
1710535883615319653,9.081913948059082,-2.397414445877075,-3.5063085556030273
1710535883648684969,9.074728965759277,-2.3878345489501953,-3.512296199798584
1710535883680782522,9.075926780700684,-2.3998095989227295,-3.5099010467529297
1710535883686439277,9.073531150817871,-2.39501953125,-3.4763708114624023
1710535883701301800,9.060359001159668,-2.4010071754455566,-3.491938591003418
1710535883753941344,9.066346168518066,-2.384242057800293,-3.494333505630493
1710535883806371275,9.07832145690918,-2.392624616622925,-3.513493537902832
1710535883810705513,9.07832145690918,-2.392624616622925,-3.513493537902832
1710535883823023637,9.077123641967773,-2.374661922454834,-3.524271249771118
1710535883837996292,9.075926780700684,-2.3806493282318115,-3.5075061321258545
1710535883861258283,9.074728965759277,-2.354304313659668,-3.494333505630493
1710535883873958053,9.071136474609375,-2.384242057800293,-3.4955310821533203
1710535883957727545,9.068741798400879,-2.4177722930908203,-3.4991235733032227
1710535883987068366,9.069938659667969,-2.423759698867798,-3.5194811820983887
1710535883993362507,9.073531150817871,-2.347119092941284,-3.4979259967803955
1710535884018490515,9.061556816101074,-2.3818469047546387,-3.501518487930298
1710535884043592907,9.080716133117676,-2.3590941429138184,-3.5170862674713135
1710535884075586684,9.07832145690918,-2.4273521900177,-3.521876335144043
1710535884092107013,9.071136474609375,-2.4022045135498047,-3.5087037086486816
1710535884150981649,9.059161186218262,-2.396217107772827,-3.4859509468078613
1710535884186703630,9.085506439208984,-2.403402090072632,-3.50032114982605
1710535884209741471,9.065149307250977,-2.396217107772827,-3.50032114982605
1710535884217542394,9.074728965759277,-2.3914270401000977,-3.501518487930298
1710535884243374572,9.092691421508789,-2.4273521900177,-3.5194811820983887
1710535884264449155,9.068741798400879,-2.397414445877075,-3.5182836055755615
1710535884281201640,9.074728965759277,-2.3614892959594727,-3.493135929107666
1710535884298344119,9.072334289550781,-2.3914270401000977,-3.53265380859375
1710535884318850483,9.072334289550781,-2.3902294635772705,-3.5170862674713135
1710535884342187467,9.07832145690918,-2.3914270401000977,-3.503913640975952
1710535884367363369,9.062753677368164,-2.383044481277466,-3.533851385116577
1710535884382132270,9.085506439208984,-2.3722667694091797,-3.5194811820983887
1710535884399010618,9.081913948059082,-2.3890318870544434,-3.53265380859375
1710535884428134263,9.047185897827148,-2.4081921577453613,-3.483555793762207
1710535884432358955,9.066346168518066,-2.3902294635772705,-3.523073673248291
1710535884438806263,9.07832145690918,-2.4177722930908203,-3.503913640975952
1710535884457679155,9.072334289550781,-2.383044481277466,-3.490741014480591
1710535884485026294,9.072334289550781,-2.383044481277466,-3.490741014480591
1710535884510270942,9.092691421508789,-2.4273521900177,-3.5158886909484863
1710535884560571036,9.096283912658691,-2.3878345489501953,-3.5290613174438477
1710535884571158109,9.084308624267578,-2.375859260559082,-3.4871485233306885
1710535884581637703,9.077123641967773,-2.384242057800293,-3.5254688262939453
1710535884604552470,9.072334289550781,-2.3710694313049316,-3.483555793762207
1710535884627670349,9.080716133117676,-2.384242057800293,-3.490741014480591
1710535884640504717,9.065149307250977,-2.3818469047546387,-3.4895434379577637
1710535884663538026,9.068741798400879,-2.397414445877075,-3.493135929107666
1710535884684250184,9.062753677368164,-2.386636972427368,-3.4727783203125
1710535884697097822,9.07832145690918,-2.3914270401000977,-3.50032114982605
1710535884717962138,9.073531150817871,-2.383044481277466,-3.50032114982605
1710535884720114578,9.073531150817871,-2.383044481277466,-3.50032114982605
1710535884743262659,9.073531150817871,-2.4022045135498047,-3.490741014480591
1710535884768295813,9.075926780700684,-2.384242057800293,-3.5099010467529297
1710535884789197718,9.075926780700684,-2.384242057800293,-3.5099010467529297
1710535884801793901,9.072334289550781,-2.405797004699707,-3.5063085556030273
1710535884817435714,9.084308624267578,-2.3626868724823,-3.5063085556030273
1710535884825220425,9.069938659667969,-2.415377140045166,-3.5158886909484863
1710535884858755312,9.061556816101074,-2.3986120223999023,-3.5051109790802
1710535884904996112,9.073531150817871,-2.392624616622925,-3.50032114982605
1710535884917697306,9.085506439208984,-2.384242057800293,-3.4967284202575684
1710535884944768198,9.079519271850586,-2.4093897342681885,-3.523073673248291
1710535884957307445,9.075926780700684,-2.426154851913452,-3.5158886909484863
1710535884978462385,9.057964324951172,-2.3902294635772705,-3.490741014480591
1710535884986787884,9.079519271850586,-2.403402090072632,-3.5063085556030273
1710535885020410946,9.060359001159668,-2.3710694313049316,-3.50032114982605
1710535885041349270,9.077123641967773,-2.3782544136047363,-3.530258893966675
1710535885051743035,9.074728965759277,-2.386636972427368,-3.5182836055755615
1710535885058033375,9.067543983459473,-2.4093897342681885,-3.481160879135132
1710535885087654714,9.083111763000488,-2.366279363632202,-3.512296199798584
1710535885146533140,9.073531150817871,-2.363884210586548,-3.494333505630493
1710535885159089708,9.073531150817871,-2.363884210586548,-3.494333505630493
1710535885161638283,9.10107421875,-2.347119092941284,-3.5194811820983887
1710535885186415402,9.085506439208984,-2.4105870723724365,-3.4691858291625977
1710535885207950860,9.077123641967773,-2.3698718547821045,-3.531456232070923
1710535885213711431,9.06395149230957,-2.3794519901275635,-3.4883458614349365
1710535885234767232,9.07832145690918,-2.36747670173645,-3.5075061321258545
1710535885268337800,9.057964324951172,-2.3878345489501953,-3.502716064453125
1710535885275524412,9.057964324951172,-2.3878345489501953,-3.502716064453125
1710535885312720660,9.074728965759277,-2.39501953125,-3.5158886909484863
1710535885325137135,9.089098930358887,-2.4105870723724365,-3.5278637409210205
1710535885335574668,9.089098930358887,-2.4105870723724365,-3.5278637409210205
1710535885356516575,9.069938659667969,-2.366279363632202,-3.5075061321258545
1710535885375467224,9.085506439208984,-2.426154851913452,-3.503913640975952
1710535885392139158,9.073531150817871,-2.3878345489501953,-3.5063085556030273
1710535885419279604,9.073531150817871,-2.3998095989227295,-3.494333505630493
1710535885438164667,9.071136474609375,-2.355501651763916,-3.5075061321258545
1710535885476196776,9.062753677368164,-2.4309449195861816,-3.4895434379577637
1710535885478349243,9.083111763000488,-2.3722667694091797,-3.53265380859375
1710535885505665944,9.074728965759277,-2.415377140045166,-3.5254688262939453
1710535885516204445,9.074728965759277,-2.415377140045166,-3.5254688262939453
1710535885524617423,9.071136474609375,-2.383044481277466,-3.502716064453125
1710535885553999702,9.074728965759277,-2.393821954727173,-3.5194811820983887
1710535885569103674,9.062753677368164,-2.375859260559082,-3.490741014480591
1710535885577271817,9.077123641967773,-2.3722667694091797,-3.520678758621216
1710535885583572851,9.061556816101074,-2.3878345489501953,-3.5051109790802
1710535885610760665,9.06395149230957,-2.403402090072632,-3.484753370285034
1710535885652688688,9.072334289550781,-2.386636972427368,-3.4871485233306885
1710535885671833232,9.061556816101074,-2.3878345489501953,-3.494333505630493
1710535885707446256,9.062753677368164,-2.3578968048095703,-3.4655933380126953
1710535885709526816,9.068741798400879,-2.3782544136047363,-3.4787659645080566
1710535885736745553,9.069938659667969,-2.3902294635772705,-3.530258893966675
1710535885766254033,9.081913948059082,-2.3794519901275635,-3.503913640975952
1710535885799873312,9.06395149230957,-2.406994581222534,-3.5051109790802
1710535885810371269,9.069938659667969,-2.3878345489501953,-3.493135929107666
1710535885831259801,9.071136474609375,-2.355501651763916,-3.5051109790802
1710535885854413161,9.073531150817871,-2.3686742782592773,-3.4955310821533203
1710535885871313120,9.072334289550781,-2.405797004699707,-3.5254688262939453
1710535885936517791,9.079519271850586,-2.404599666595459,-3.524271249771118
1710535885976564879,9.083111763000488,-2.397414445877075,-3.520678758621216
1710535885981369050,9.065149307250977,-2.3710694313049316,-3.5158886909484863
1710535886001721682,9.05556869506836,-2.404599666595459,-3.4871485233306885
1710535886018290219,9.081913948059082,-2.4010071754455566,-3.524271249771118
1710535886037274478,9.095087051391602,-2.374661922454834,-3.4991235733032227
1710535886056140074,9.07832145690918,-2.397414445877075,-3.5087037086486816
1710535886071026088,9.065149307250977,-2.404599666595459,-3.4763708114624023
1710535886096152671,9.07832145690918,-2.36747670173645,-3.5063085556030273
1710535886098533039,9.077123641967773,-2.3483166694641113,-3.5051109790802
1710535886106861763,9.079519271850586,-2.39501953125,-3.5075061321258545
1710535886132356286,9.068741798400879,-2.3578968048095703,-3.4895434379577637
1710535886155254758,9.056766510009766,-2.3614892959594727,-3.4859509468078613
1710535886170029213,9.062753677368164,-2.3878345489501953,-3.482358455657959
1710535886218043537,9.059161186218262,-2.363884210586548,-3.5063085556030273
1710535886220063165,9.06395149230957,-2.392624616622925,-3.490741014480591
1710535886235367125,9.059161186218262,-2.3794519901275635,-3.483555793762207
1710535886260393154,9.057964324951172,-2.405797004699707,-3.501518487930298
1710535886262567925,9.062753677368164,-2.3686742782592773,-3.4979259967803955
1710535886277269488,9.062753677368164,-2.375859260559082,-3.494333505630493
1710535886289809801,9.065149307250977,-2.4010071754455566,-3.493135929107666
1710535886310796211,9.083111763000488,-2.3914270401000977,-3.5194811820983887
1710535886327664136,9.077123641967773,-2.4213647842407227,-3.5194811820983887
1710535886348452816,9.092691421508789,-2.375859260559082,-3.520678758621216
1710535886365245543,9.068741798400879,-2.4297473430633545,-3.5194811820983887
1710535886371645994,9.083111763000488,-2.4105870723724365,-3.503913640975952
1710535886388397818,9.079519271850586,-2.3902294635772705,-3.4979259967803955
1710535886449234123,9.065149307250977,-2.383044481277466,-3.502716064453125
1710535886489256720,9.062753677368164,-2.377056837081909,-3.501518487930298
1710535886501789689,9.059161186218262,-2.3878345489501953,-3.490741014480591
1710535886508241785,9.08670425415039,-2.374661922454834,-3.524271249771118
1710535886531268515,9.060359001159668,-2.4022045135498047,-3.4655933380126953
1710535886541739556,9.07832145690918,-2.377056837081909,-3.4991235733032227
1710535886556423152,9.05556869506836,-2.3590941429138184,-3.50032114982605
1710535886573259883,9.068741798400879,-2.405797004699707,-3.4991235733032227
1710535886579639652,9.065149307250977,-2.3602917194366455,-3.501518487930298
1710535886598271951,9.083111763000488,-2.396217107772827,-3.4979259967803955
1710535886629942113,9.066346168518066,-2.386636972427368,-3.4991235733032227
1710535886678383897,9.073531150817871,-2.383044481277466,-3.5063085556030273
1710535886693131272,9.068741798400879,-2.3710694313049316,-3.4979259967803955
1710535886722569110,9.084308624267578,-2.3890318870544434,-3.5158886909484863
1710535886733175083,9.080716133117676,-2.3794519901275635,-3.523073673248291
1710535886770857899,9.059161186218262,-2.385439395904541,-3.5087037086486816
1710535886785642280,9.071136474609375,-2.3794519901275635,-3.501518487930298
1710535886806443218,9.071136474609375,-2.4105870723724365,-3.491938591003418
1710535886854962470,9.066346168518066,-2.3986120223999023,-3.5087037086486816
1710535886873749681,9.084308624267578,-2.3626868724823,-3.501518487930298
1710535886909578567,9.068741798400879,-2.39501953125,-3.4895434379577637
1710535886930841565,9.077123641967773,-2.36747670173645,-3.494333505630493
1710535886964457589,9.090296745300293,-2.383044481277466,-3.5182836055755615
1710535886981036172,9.08670425415039,-2.3890318870544434,-3.5051109790802
1710535887004242730,9.074728965759277,-2.3806493282318115,-3.5063085556030273
1710535887018536371,9.062753677368164,-2.3998095989227295,-3.494333505630493
1710535887023208281,9.071136474609375,-2.4022045135498047,-3.493135929107666
1710535887046093929,9.067543983459473,-2.3878345489501953,-3.502716064453125
1710535887084095055,9.080716133117676,-2.397414445877075,-3.4967284202575684
1710535887098788180,9.057964324951172,-2.4010071754455566,-3.493135929107666
1710535887107243023,9.075926780700684,-2.384242057800293,-3.5194811820983887
1710535887113544207,9.069938659667969,-2.403402090072632,-3.491938591003418
1710535887132547415,9.071136474609375,-2.4010071754455566,-3.4991235733032227
1710535887170352429,9.067543983459473,-2.3890318870544434,-3.493135929107666
1710535887193415231,9.080716133117676,-2.392624616622925,-3.493135929107666
1710535887218567470,9.080716133117676,-2.3914270401000977,-3.5063085556030273
1710535887250122391,9.071136474609375,-2.3806493282318115,-3.5075061321258545
1710535887275561586,9.068741798400879,-2.397414445877075,-3.503913640975952
1710535887309464217,9.067543983459473,-2.3914270401000977,-3.501518487930298
1710535887326170683,9.060359001159668,-2.3890318870544434,-3.501518487930298
1710535887347270699,9.084308624267578,-2.3806493282318115,-3.50032114982605
1710535887370341664,9.080716133117676,-2.4297473430633545,-3.4991235733032227
1710535887417059473,9.06395149230957,-2.3507115840911865,-3.4991235733032227
1710535887435560526,9.067543983459473,-2.392624616622925,-3.5051109790802
1710535887456678860,9.062753677368164,-2.397414445877075,-3.4991235733032227
1710535887483898705,9.07832145690918,-2.375859260559082,-3.5087037086486816
1710535887517393391,9.062753677368164,-2.3710694313049316,-3.4871485233306885
1710535887540620853,9.074728965759277,-2.3878345489501953,-3.50032114982605
1710535887557331816,9.066346168518066,-2.3998095989227295,-3.5051109790802
1710535887572108819,9.074728965759277,-2.3986120223999023,-3.512296199798584
1710535887597340858,9.071136474609375,-2.393821954727173,-3.511098623275757
1710535887649780979,9.067543983459473,-2.393821954727173,-3.503913640975952
1710535887654028686,9.066346168518066,-2.3806493282318115,-3.4979259967803955
1710535887668688233,9.079519271850586,-2.377056837081909,-3.5158886909484863
1710535887681180457,9.069938659667969,-2.383044481277466,-3.5087037086486816
1710535887698025282,9.074728965759277,-2.373464345932007,-3.5099010467529297
1710535887721264672,9.069938659667969,-2.392624616622925,-3.5051109790802
1710535887737758316,9.059161186218262,-2.385439395904541,-3.4991235733032227
1710535887752507479,9.073531150817871,-2.3914270401000977,-3.494333505630493
1710535887766047395,9.071136474609375,-2.3794519901275635,-3.5051109790802
1710535887798481800,9.074728965759277,-2.406994581222534,-3.514691114425659
1710535887830133663,9.080716133117676,-2.4010071754455566,-3.4967284202575684
1710535887878583455,9.079519271850586,-2.3902294635772705,-3.4955310821533203
1710535887914555169,9.071136474609375,-2.393821954727173,-3.514691114425659
1710535887945851214,9.083111763000488,-2.392624616622925,-3.5266661643981934
1710535887973113503,9.059161186218262,-2.3722667694091797,-3.490741014480591
1710535888004569721,9.059161186218262,-2.3722667694091797,-3.490741014480591
1710535888042513722,9.067543983459473,-2.3986120223999023,-3.5087037086486816
1710535888074278494,9.061556816101074,-2.4010071754455566,-3.5051109790802
1710535888109826785,9.075926780700684,-2.3998095989227295,-3.5087037086486816
1710535888156148117,9.067543983459473,-2.392624616622925,-3.513493537902832
1710535888189759839,9.093889236450195,-2.3794519901275635,-3.4991235733032227
1710535888204423648,9.079519271850586,-2.406994581222534,-3.501518487930298
1710535888227603856,9.066346168518066,-2.3890318870544434,-3.5194811820983887
1710535888244239827,9.06395149230957,-2.4022045135498047,-3.502716064453125
1710535888292904200,9.066346168518066,-2.396217107772827,-3.501518487930298
1710535888307675394,9.077123641967773,-2.3818469047546387,-3.5099010467529297
1710535888324380052,9.083111763000488,-2.386636972427368,-3.511098623275757
1710535888358144641,9.072334289550781,-2.373464345932007,-3.4991235733032227
1710535888366599458,9.069938659667969,-2.384242057800293,-3.494333505630493
1710535888393898346,9.061556816101074,-2.386636972427368,-3.50032114982605
1710535888410574900,9.071136474609375,-2.3806493282318115,-3.494333505630493
1710535888433457487,9.073531150817871,-2.383044481277466,-3.5099010467529297
1710535888463260484,9.073531150817871,-2.377056837081909,-3.502716064453125
1710535888507087245,9.065149307250977,-2.3878345489501953,-3.501518487930298
1710535888541146956,9.066346168518066,-2.3782544136047363,-3.4895434379577637
1710535888610000259,9.069938659667969,-2.3998095989227295,-3.4859509468078613
1710535888622730748,9.062753677368164,-2.3914270401000977,-3.514691114425659
1710535888667254469,9.077123641967773,-2.3686742782592773,-3.491938591003418
1710535888686139714,9.080716133117676,-2.4010071754455566,-3.502716064453125
1710535888697004183,9.06395149230957,-2.3902294635772705,-3.512296199798584
1710535888725909620,9.075926780700684,-2.356699228286743,-3.520678758621216
1710535888740519782,9.093889236450195,-2.386636972427368,-3.5063085556030273
1710535888788737069,9.057964324951172,-2.3902294635772705,-3.494333505630493
1710535888795040102,9.061556816101074,-2.39501953125,-3.5051109790802
1710535888809493090,9.079519271850586,-2.385439395904541,-3.4979259967803955
1710535888843059290,9.060359001159668,-2.39501953125,-3.512296199798584
1710535888866400199,9.067543983459473,-2.416574716567993,-3.502716064453125
1710535888900169454,9.065149307250977,-2.355501651763916,-3.490741014480591
1710535888912742507,9.071136474609375,-2.386636972427368,-3.4979259967803955
1710535888937841966,9.071136474609375,-2.3890318870544434,-3.4955310821533203
1710535888944388094,9.072334289550781,-2.3902294635772705,-3.513493537902832
1710535888971697827,9.062753677368164,-2.385439395904541,-3.502716064453125
1710535888988299674,9.079519271850586,-2.3914270401000977,-3.5075061321258545
1710535889005107916,9.074728965759277,-2.4010071754455566,-3.5158886909484863
1710535889017026741,9.072334289550781,-2.405797004699707,-3.4955310821533203
1710535889024134958,9.074728965759277,-2.377056837081909,-3.5182836055755615
1710535889066001251,9.07832145690918,-2.396217107772827,-3.5075061321258545
1710535889070235928,9.073531150817871,-2.3914270401000977,-3.5051109790802
1710535889089143823,9.084308624267578,-2.396217107772827,-3.502716064453125
1710535889095452859,9.074728965759277,-2.3890318870544434,-3.503913640975952
1710535889120748254,9.071136474609375,-2.3986120223999023,-3.50032114982605
1710535889139855241,9.066346168518066,-2.3902294635772705,-3.50032114982605
1710535889175386828,9.069938659667969,-2.373464345932007,-3.484753370285034
1710535889218134565,9.069938659667969,-2.3998095989227295,-3.501518487930298
1710535889244560955,9.06395149230957,-2.396217107772827,-3.50032114982605
1710535889280339564,9.066346168518066,-2.3998095989227295,-3.4883458614349365
1710535889297165936,9.095087051391602,-2.393821954727173,-3.4991235733032227
1710535889303327067,9.083111763000488,-2.384242057800293,-3.482358455657959
1710535889320363207,9.066346168518066,-2.4022045135498047,-3.5051109790802
1710535889353777102,9.065149307250977,-2.3818469047546387,-3.493135929107666
1710535889364864938,9.073531150817871,-2.39501953125,-3.494333505630493
1710535889381180167,9.071136474609375,-2.383044481277466,-3.4955310821533203
1710535889400024295,9.071136474609375,-2.383044481277466,-3.4955310821533203
1710535889416286732,9.085506439208984,-2.386636972427368,-3.502716064453125
1710535889427505341,9.073531150817871,-2.3698718547821045,-3.484753370285034
1710535889442887642,9.079519271850586,-2.3998095989227295,-3.5087037086486816
1710535889467488821,9.072334289550781,-2.392624616622925,-3.50032114982605
1710535889469534710,9.060359001159668,-2.3806493282318115,-3.4967284202575684
1710535889496909033,9.077123641967773,-2.384242057800293,-3.502716064453125
1710535889534878671,9.085506439208984,-2.385439395904541,-3.5182836055755615
1710535889558217893,9.073531150817871,-2.392624616622925,-3.512296199798584
1710535889581088683,9.073531150817871,-2.3914270401000977,-3.501518487930298
1710535889606272020,9.081913948059082,-2.3818469047546387,-3.50032114982605
1710535889615495398,9.080716133117676,-2.3914270401000977,-3.493135929107666
1710535889640781694,9.085506439208984,-2.3806493282318115,-3.4991235733032227
1710535889717730470,9.079519271850586,-2.3902294635772705,-3.4979259967803955
1710535889721990498,9.07832145690918,-2.403402090072632,-3.5063085556030273
1710535889751435717,9.068741798400879,-2.3782544136047363,-3.493135929107666
1710535889819044953,9.077123641967773,-2.3686742782592773,-3.4883458614349365
1710535889831187920,9.07832145690918,-2.383044481277466,-3.503913640975952
1710535889881403478,9.066346168518066,-2.393821954727173,-3.4967284202575684
1710535889896317276,9.080716133117676,-2.3914270401000977,-3.502716064453125
1710535889931987355,9.084308624267578,-2.3818469047546387,-3.513493537902832
1710535889953027070,9.081913948059082,-2.385439395904541,-3.4955310821533203
1710535889969826676,9.0914945602417,-2.3794519901275635,-3.513493537902832
1710535889986711986,9.072334289550781,-2.3698718547821045,-3.493135929107666
1710535889999134808,9.073531150817871,-2.39501953125,-3.5099010467529297
1710535890017296502,9.062753677368164,-2.384242057800293,-3.4955310821533203
1710535890039077197,9.083111763000488,-2.3890318870544434,-3.494333505630493
1710535890072970260,9.060359001159668,-2.383044481277466,-3.50032114982605
1710535890112855472,9.083111763000488,-2.3890318870544434,-3.5182836055755615
1710535890140189584,9.068741798400879,-2.377056837081909,-3.4979259967803955
1710535890146581806,9.080716133117676,-2.3890318870544434,-3.5063085556030273
1710535890157125460,9.071136474609375,-2.3902294635772705,-3.4979259967803955
1710535890173957778,9.062753677368164,-2.393821954727173,-3.4979259967803955
1710535890197051401,9.072334289550781,-2.3722667694091797,-3.502716064453125
1710535890216986702,9.07832145690918,-2.405797004699707,-3.494333505630493
1710535890274681213,9.0914945602417,-2.4189696311950684,-3.5158886909484863
1710535890302103456,9.073531150817871,-2.3722667694091797,-3.512296199798584
1710535890329316462,9.057964324951172,-2.3794519901275635,-3.4955310821533203
1710535890341842390,9.080716133117676,-2.383044481277466,-3.4991235733032227
1710535890384015507,9.069938659667969,-2.3902294635772705,-3.4979259967803955
1710535890411314187,9.07832145690918,-2.3806493282318115,-3.503913640975952
1710535890434411002,9.057964324951172,-2.392624616622925,-3.502716064453125
1710535890440811407,9.069938659667969,-2.3806493282318115,-3.50032114982605
1710535890449256435,9.07832145690918,-2.384242057800293,-3.501518487930298
1710535890480727793,9.069938659667969,-2.363884210586548,-3.503913640975952
1710535890514487447,9.06395149230957,-2.3806493282318115,-3.503913640975952
1710535890533119405,9.071136474609375,-2.3986120223999023,-3.4979259967803955
1710535890550235637,9.083111763000488,-2.3794519901275635,-3.5051109790802
1710535890571104825,9.083111763000488,-2.3914270401000977,-3.50032114982605
1710535890579421364,9.069938659667969,-2.385439395904541,-3.5051109790802
1710535890594106116,9.06395149230957,-2.39501953125,-3.50032114982605
1710535890625708954,9.077123641967773,-2.3626868724823,-3.5158886909484863
1710535890648951443,9.074728965759277,-2.3902294635772705,-3.502716064453125
1710535890692857720,9.062753677368164,-2.4081921577453613,-3.514691114425659
1710535890722417062,9.061556816101074,-2.3914270401000977,-3.50032114982605
1710535890734826686,9.072334289550781,-2.39501953125,-3.5087037086486816
1710535890741371021,9.075926780700684,-2.383044481277466,-3.494333505630493
1710535890768401963,9.079519271850586,-2.386636972427368,-3.5087037086486816
1710535890806554112,9.080716133117676,-2.3818469047546387,-3.50032114982605
1710535890825475413,9.069938659667969,-2.373464345932007,-3.5158886909484863
1710535890875859836,9.072334289550781,-2.374661922454834,-3.5063085556030273
1710535890888634125,9.073531150817871,-2.3914270401000977,-3.493135929107666
1710535890892881366,9.08670425415039,-2.3710694313049316,-3.50032114982605
1710535890932882088,9.07832145690918,-2.386636972427368,-3.490741014480591
1710535890958192532,9.074728965759277,-2.3794519901275635,-3.502716064453125
1710535890968539449,9.069938659667969,-2.396217107772827,-3.494333505630493
1710535890994003654,9.056766510009766,-2.4022045135498047,-3.4883458614349365
1710535891019131187,9.075926780700684,-2.374661922454834,-3.5099010467529297
1710535891019214306,9.074728965759277,-2.397414445877075,-3.4979259967803955
1710535891042326229,9.071136474609375,-2.3878345489501953,-3.512296199798584
1710535891050705570,9.081913948059082,-2.384242057800293,-3.491938591003418
1710535891069727551,9.081913948059082,-2.384242057800293,-3.491938591003418
1710535891103816573,9.065149307250977,-2.3818469047546387,-3.5099010467529297
1710535891111800450,9.066346168518066,-2.397414445877075,-3.50032114982605
1710535891128789781,9.079519271850586,-2.3722667694091797,-3.5063085556030273
1710535891157955023,9.066346168518066,-2.3806493282318115,-3.513493537902832
1710535891172474575,9.073531150817871,-2.404599666595459,-3.491938591003418
1710535891193669841,9.081913948059082,-2.392624616622925,-3.5170862674713135
1710535891217632448,9.081913948059082,-2.385439395904541,-3.4991235733032227
1710535891229344490,9.072334289550781,-2.392624616622925,-3.50032114982605
1710535891250533316,9.071136474609375,-2.3890318870544434,-3.4955310821533203
1710535891269348506,9.067543983459473,-2.396217107772827,-3.493135929107666
1710535891290358036,9.075926780700684,-2.3890318870544434,-3.502716064453125
1710535891315550085,9.069938659667969,-2.3782544136047363,-3.502716064453125
1710535891334519762,9.073531150817871,-2.3878345489501953,-3.5063085556030273
1710535891351368619,9.080716133117676,-2.374661922454834,-3.493135929107666
1710535891374650435,9.062753677368164,-2.386636972427368,-3.4991235733032227
1710535891387164171,9.073531150817871,-2.3890318870544434,-3.4991235733032227
1710535891418863545,9.073531150817871,-2.3890318870544434,-3.5087037086486816
1710535891442239036,9.067543983459473,-2.3902294635772705,-3.484753370285034
1710535891465140557,9.11544418334961,-2.403402090072632,-3.511098623275757
1710535891479943700,9.074728965759277,-2.396217107772827,-3.4883458614349365
1710535891513370096,9.069938659667969,-2.3914270401000977,-3.494333505630493
1710535891566155963,9.066346168518066,-2.373464345932007,-3.5063085556030273
1710535891568314508,9.061556816101074,-2.39501953125,-3.5075061321258545
1710535891601945216,9.065149307250977,-2.3710694313049316,-3.4895434379577637
1710535891620910802,9.07832145690918,-2.3902294635772705,-3.5075061321258545
1710535891641675737,9.073531150817871,-2.365081787109375,-3.502716064453125
1710535891660592238,9.074728965759277,-2.3902294635772705,-3.502716064453125
1710535891667088082,9.080716133117676,-2.396217107772827,-3.5063085556030273
1710535891696552044,9.068741798400879,-2.3806493282318115,-3.5075061321258545
1710535891721819104,9.065149307250977,-2.3806493282318115,-3.501518487930298
1710535891801747668,9.065149307250977,-2.386636972427368,-3.50032114982605
1710535891818367194,9.077123641967773,-2.375859260559082,-3.491938591003418
1710535891820315849,9.072334289550781,-2.384242057800293,-3.5170862674713135
1710535891835138656,9.07832145690918,-2.393821954727173,-3.5099010467529297
1710535891843707448,9.067543983459473,-2.384242057800293,-3.503913640975952
1710535891860306059,9.065149307250977,-2.3806493282318115,-3.493135929107666
1710535891879147813,9.06395149230957,-2.373464345932007,-3.503913640975952
1710535891910798711,9.072334289550781,-2.374661922454834,-3.501518487930298
1710535891936043074,9.080716133117676,-2.393821954727173,-3.502716064453125
1710535891952862364,9.068741798400879,-2.373464345932007,-3.4991235733032227
1710535891963349867,9.083111763000488,-2.39501953125,-3.5075061321258545
1710535891978078808,9.084308624267578,-2.36747670173645,-3.5063085556030273
1710535891999003138,9.07832145690918,-2.3602917194366455,-3.50032114982605
1710535892017204706,9.074728965759277,-2.3818469047546387,-3.4991235733032227
1710535892045432913,9.093889236450195,-2.3818469047546387,-3.512296199798584
1710535892078952267,9.090296745300293,-2.3602917194366455,-3.512296199798584
1710535892091430952,9.081913948059082,-2.366279363632202,-3.502716064453125
1710535892118869720,9.075926780700684,-2.374661922454834,-3.5075061321258545
1710535892129603373,9.073531150817871,-2.3818469047546387,-3.4895434379577637
1710535892154912995,9.083111763000488,-2.386636972427368,-3.5158886909484863
1710535892181923229,9.072334289550781,-2.373464345932007,-3.5051109790802
1710535892188417300,9.074728965759277,-2.3806493282318115,-3.503913640975952
1710535892211580628,9.072334289550781,-2.384242057800293,-3.501518487930298
1710535892239072127,9.062753677368164,-2.3902294635772705,-3.4967284202575684
1710535892245009641,9.083111763000488,-2.3782544136047363,-3.4991235733032227
1710535892262079896,9.072334289550781,-2.3602917194366455,-3.514691114425659
1710535892276843227,9.06395149230957,-2.3986120223999023,-3.473975896835327
1710535892294645726,9.0914945602417,-2.386636972427368,-3.521876335144043
1710535892322968594,9.081913948059082,-2.386636972427368,-3.4955310821533203
1710535892348171715,9.065149307250977,-2.386636972427368,-3.5051109790802
1710535892371533305,9.080716133117676,-2.3794519901275635,-3.493135929107666
1710535892390218649,9.087902069091797,-2.3806493282318115,-3.501518487930298
1710535892415753601,9.074728965759277,-2.3914270401000977,-3.5051109790802
1710535892430351345,9.061556816101074,-2.3806493282318115,-3.494333505630493
1710535892442608162,9.077123641967773,-2.3914270401000977,-3.494333505630493
1710535892455371449,9.077123641967773,-2.375859260559082,-3.502716064453125
1710535892484433181,9.085506439208984,-2.3782544136047363,-3.5051109790802
1710535892501352046,9.080716133117676,-2.3878345489501953,-3.4979259967803955
1710535892520345754,9.079519271850586,-2.377056837081909,-3.4883458614349365
1710535892535852752,9.080716133117676,-2.3914270401000977,-3.490741014480591
1710535892570896379,9.083111763000488,-2.3986120223999023,-3.491938591003418
1710535892596128538,9.060359001159668,-2.385439395904541,-3.520678758621216
1710535892632001868,9.077123641967773,-2.366279363632202,-3.4895434379577637
1710535892648768625,9.071136474609375,-2.383044481277466,-3.5063085556030273
1710535892678012652,9.08670425415039,-2.3794519901275635,-3.50032114982605
1710535892694782167,9.084308624267578,-2.3782544136047363,-3.5087037086486816
1710535892717969790,9.06395149230957,-2.386636972427368,-3.4955310821533203
1710535892772428857,9.075926780700684,-2.365081787109375,-3.501518487930298
1710535892789221968,9.072334289550781,-2.3614892959594727,-3.493135929107666
1710535892808307083,9.066346168518066,-2.377056837081909,-3.502716064453125
1710535892812765826,9.066346168518066,-2.377056837081909,-3.502716064453125
1710535892827647078,9.085506439208984,-2.3914270401000977,-3.4955310821533203
1710535892848003972,9.081913948059082,-2.3602917194366455,-3.514691114425659
1710535892875740411,9.071136474609375,-2.3890318870544434,-3.5075061321258545
1710535892877619724,9.067543983459473,-2.396217107772827,-3.494333505630493
1710535892890244193,9.083111763000488,-2.3902294635772705,-3.501518487930298
1710535892902785559,9.079519271850586,-2.3878345489501953,-3.50032114982605
1710535892911267152,9.087902069091797,-2.397414445877075,-3.513493537902832
1710535892959625747,9.075926780700684,-2.386636972427368,-3.4883458614349365
1710535892972156431,9.092691421508789,-2.366279363632202,-3.520678758621216
1710535892980539990,9.072334289550781,-2.3806493282318115,-3.491938591003418
1710535892986787648,9.06395149230957,-2.386636972427368,-3.4955310821533203
1710535893016371324,9.07832145690918,-2.3590941429138184,-3.5087037086486816
1710535893020446022,9.072334289550781,-2.3507115840911865,-3.5087037086486816
1710535893050067483,9.07832145690918,-2.416574716567993,-3.501518487930298
1710535893067007349,9.077123641967773,-2.3806493282318115,-3.5087037086486816
1710535893100547411,9.072334289550781,-2.405797004699707,-3.520678758621216
1710535893125749678,9.08670425415039,-2.3686742782592773,-3.4967284202575684
1710535893146962918,9.057964324951172,-2.39501953125,-3.4979259967803955
1710535893173997467,9.095087051391602,-2.384242057800293,-3.5051109790802
1710535893186636405,9.092691421508789,-2.3698718547821045,-3.5075061321258545
1710535893226377597,9.079519271850586,-2.397414445877075,-3.4955310821533203
1710535893295010712,9.077123641967773,-2.365081787109375,-3.4955310821533203
1710535893340911049,9.067543983459473,-2.3902294635772705,-3.501518487930298
1710535893355079966,9.057964324951172,-2.3710694313049316,-3.491938591003418
1710535893363581056,9.087902069091797,-2.365081787109375,-3.5087037086486816
1710535893375788866,9.065149307250977,-2.3710694313049316,-3.520678758621216
1710535893396810808,9.068741798400879,-2.3698718547821045,-3.4775683879852295
1710535893422145463,9.080716133117676,-2.3878345489501953,-3.5182836055755615
1710535893428878783,9.074728965759277,-2.375859260559082,-3.511098623275757
1710535893441213472,9.066346168518066,-2.3519091606140137,-3.493135929107666
1710535893514581505,9.0914945602417,-2.383044481277466,-3.4979259967803955
1710535893527140182,9.07832145690918,-2.3806493282318115,-3.511098623275757
1710535893529252122,9.071136474609375,-2.3902294635772705,-3.5158886909484863
1710535893541851224,9.079519271850586,-2.385439395904541,-3.50032114982605
1710535893565041722,9.07832145690918,-2.377056837081909,-3.494333505630493
1710535893616056751,9.073531150817871,-2.3495142459869385,-3.494333505630493
1710535893623693766,9.072334289550781,-2.3998095989227295,-3.4967284202575684
1710535893699576596,9.069938659667969,-2.366279363632202,-3.501518487930298
1710535893706229378,9.065149307250977,-2.3710694313049316,-3.471580743789673
1710535893726708966,9.071136474609375,-2.386636972427368,-3.490741014480591
1710535893758464004,9.077123641967773,-2.39501953125,-3.514691114425659
1710535893764603012,9.073531150817871,-2.4022045135498047,-3.490741014480591
1710535893806697990,9.06395149230957,-2.3806493282318115,-3.490741014480591
1710535893810803948,9.080716133117676,-2.374661922454834,-3.493135929107666
1710535893819083924,9.061556816101074,-2.3710694313049316,-3.4883458614349365
1710535893827606643,9.072334289550781,-2.355501651763916,-3.4991235733032227
1710535893855021151,9.073531150817871,-2.3902294635772705,-3.5170862674713135
1710535893865690819,9.085506439208984,-2.414179801940918,-3.5099010467529297
1710535893888774591,9.08670425415039,-2.36747670173645,-3.5051109790802
1710535893918055009,9.077123641967773,-2.3878345489501953,-3.5158886909484863
1710535893979047742,9.061556816101074,-2.3626868724823,-3.493135929107666
1710535893983236947,9.069938659667969,-2.3902294635772705,-3.5266661643981934
1710535894002146117,9.068741798400879,-2.375859260559082,-3.4883458614349365
1710535894008264499,9.077123641967773,-2.383044481277466,-3.501518487930298
1710535894033499825,9.066346168518066,-2.3614892959594727,-3.484753370285034
1710535894057091488,9.075926780700684,-2.4117846488952637,-3.4991235733032227
1710535894113779810,9.083111763000488,-2.383044481277466,-3.5099010467529297
1710535894138981728,9.097481727600098,-2.406994581222534,-3.513493537902832
1710535894164353694,9.060359001159668,-2.414179801940918,-3.5063085556030273
1710535894166292788,9.081913948059082,-2.384242057800293,-3.50032114982605
1710535894195588175,9.08670425415039,-2.4010071754455566,-3.513493537902832
1710535894246212610,9.066346168518066,-2.393821954727173,-3.5266661643981934
1710535894250360976,9.069938659667969,-2.386636972427368,-3.494333505630493
1710535894273734279,9.085506439208984,-2.4093897342681885,-3.4991235733032227
1710535894359985719,9.06395149230957,-2.3722667694091797,-3.50032114982605
1710535894364251517,9.0914945602417,-2.396217107772827,-3.523073673248291
1710535894372479125,9.073531150817871,-2.3818469047546387,-3.513493537902832
1710535894437940951,9.083111763000488,-2.355501651763916,-3.513493537902832
1710535894459122809,9.077123641967773,-2.3986120223999023,-3.4955310821533203
1710535894471152549,9.079519271850586,-2.377056837081909,-3.4655933380126953
1710535894496496350,9.075926780700684,-2.356699228286743,-3.501518487930298
1710535894521890814,9.07832145690918,-2.384242057800293,-3.4979259967803955
1710535894544922142,9.072334289550781,-2.377056837081909,-3.490741014480591
1710535894585020788,9.069938659667969,-2.3495142459869385,-3.5063085556030273
1710535894631093157,9.077123641967773,-2.403402090072632,-3.50032114982605
1710535894683593884,9.087902069091797,-2.3794519901275635,-3.5182836055755615
1710535894702506082,9.065149307250977,-2.365081787109375,-3.5051109790802
1710535894713200551,9.077123641967773,-2.383044481277466,-3.50032114982605
1710535894740427926,9.059161186218262,-2.4022045135498047,-3.5087037086486816
1710535894753166600,9.0914945602417,-2.4189696311950684,-3.5278637409210205
1710535894788860975,9.072334289550781,-2.426154851913452,-3.50032114982605
1710535894873031639,9.080716133117676,-2.396217107772827,-3.4883458614349365
1710535894877178453,9.080716133117676,-2.3998095989227295,-3.5051109790802
1710535894910947075,9.075926780700684,-2.375859260559082,-3.4955310821533203
1710535894936931456,9.081913948059082,-2.343526601791382,-3.483555793762207
1710535894949028853,9.079519271850586,-2.3878345489501953,-3.4955310821533203
1710535894972181629,9.080716133117676,-2.3519091606140137,-3.502716064453125
1710535894980514171,9.066346168518066,-2.377056837081909,-3.491938591003418
1710535894991015795,9.077123641967773,-2.3806493282318115,-3.501518487930298
1710535894997165556,9.080716133117676,-2.3710694313049316,-3.512296199798584
1710535895011720693,9.07832145690918,-2.3602917194366455,-3.4979259967803955
1710535895018755855,9.07832145690918,-2.3722667694091797,-3.4787659645080566
1710535895054249082,9.08670425415039,-2.375859260559082,-3.512296199798584
1710535895056138873,9.08670425415039,-2.375859260559082,-3.512296199798584
1710535895069268136,9.075926780700684,-2.393821954727173,-3.4967284202575684
1710535895093912488,9.084308624267578,-2.3806493282318115,-3.5087037086486816
1710535895108699679,9.073531150817871,-2.374661922454834,-3.512296199798584
1710535895161454689,9.083111763000488,-2.397414445877075,-3.512296199798584
1710535895171997914,9.066346168518066,-2.3794519901275635,-3.493135929107666
1710535895195202066,9.073531150817871,-2.3806493282318115,-3.5087037086486816
1710535895289480813,9.073531150817871,-2.366279363632202,-3.503913640975952
1710535895325287283,9.080716133117676,-2.3914270401000977,-3.50032114982605
1710535895346090241,9.074728965759277,-2.3782544136047363,-3.5099010467529297
1710535895354680464,9.080716133117676,-2.383044481277466,-3.4991235733032227
1710535895379852538,9.060359001159668,-2.365081787109375,-3.463198184967041
1710535895388155083,9.067543983459473,-2.374661922454834,-3.494333505630493
1710535895406979888,9.074728965759277,-2.404599666595459,-3.502716064453125
1710535895417245905,9.079519271850586,-2.396217107772827,-3.50032114982605
1710535895440878183,9.068741798400879,-2.3614892959594727,-3.502716064453125
1710535895472271681,9.07832145690918,-2.377056837081909,-3.4967284202575684
1710535895501684985,9.077123641967773,-2.4189696311950684,-3.501518487930298
1710535895514174658,9.092691421508789,-2.403402090072632,-3.523073673248291
1710535895543809634,9.083111763000488,-2.3902294635772705,-3.501518487930298
1710535895604741785,9.071136474609375,-2.393821954727173,-3.4967284202575684
1710535895674149205,9.083111763000488,-2.39501953125,-3.514691114425659
1710535895680525657,9.069938659667969,-2.374661922454834,-3.5075061321258545
1710535895707755262,9.08670425415039,-2.3722667694091797,-3.514691114425659
1710535895720401806,9.073531150817871,-2.3686742782592773,-3.502716064453125
1710535895760518773,9.066346168518066,-2.3686742782592773,-3.5063085556030273
1710535895775212462,9.077123641967773,-2.386636972427368,-3.4991235733032227
1710535895796139088,9.062753677368164,-2.3998095989227295,-3.4895434379577637
1710535895815640887,9.075926780700684,-2.356699228286743,-3.4967284202575684
1710535895861140066,9.084308624267578,-2.3902294635772705,-3.5051109790802
1710535895890669844,9.067543983459473,-2.3686742782592773,-3.493135929107666
1710535895909479404,9.089098930358887,-2.3986120223999023,-3.4967284202575684
1710535895917932850,9.072334289550781,-2.3914270401000977,-3.511098623275757
1710535895930395006,9.089098930358887,-2.393821954727173,-3.5158886909484863
1710535895953663052,9.083111763000488,-2.393821954727173,-3.512296199798584
1710535895985278158,9.079519271850586,-2.3914270401000977,-3.512296199798584
1710535896018001339,9.077123641967773,-2.386636972427368,-3.503913640975952
1710535896031450555,9.077123641967773,-2.386636972427368,-3.503913640975952
1710535896052434889,9.073531150817871,-2.396217107772827,-3.4967284202575684
1710535896067304039,9.074728965759277,-2.373464345932007,-3.494333505630493
1710535896096774612,9.06395149230957,-2.3782544136047363,-3.494333505630493
1710535896153469727,9.06395149230957,-2.3998095989227295,-3.5075061321258545
1710535896176684484,9.073531150817871,-2.386636972427368,-3.494333505630493
1710535896185105413,9.071136474609375,-2.3614892959594727,-3.5087037086486816
1710535896199948441,9.073531150817871,-2.384242057800293,-3.502716064453125
1710535896223112506,9.073531150817871,-2.384242057800293,-3.502716064453125
1710535896256535728,9.083111763000488,-2.373464345932007,-3.513493537902832
1710535896281802266,9.071136474609375,-2.3878345489501953,-3.5087037086486816
1710535896308980361,9.068741798400879,-2.386636972427368,-3.4991235733032227
1710535896328850844,9.075926780700684,-2.396217107772827,-3.5051109790802
1710535896353158637,9.079519271850586,-2.3914270401000977,-3.512296199798584
1710535896365859995,9.079519271850586,-2.374661922454834,-3.5087037086486816
1710535896382856912,9.054370880126953,-2.3698718547821045,-3.4979259967803955
1710535896452051637,9.075926780700684,-2.384242057800293,-3.501518487930298
1710535896460360890,9.062753677368164,-2.396217107772827,-3.5099010467529297
1710535896464645879,9.080716133117676,-2.393821954727173,-3.4991235733032227
1710535896489819345,9.07832145690918,-2.377056837081909,-3.493135929107666
1710535896506753321,9.08670425415039,-2.365081787109375,-3.502716064453125
1710535896523713983,9.089098930358887,-2.3698718547821045,-3.512296199798584
1710535896557289087,9.077123641967773,-2.385439395904541,-3.50032114982605
1710535896580379045,9.081913948059082,-2.3818469047546387,-3.50032114982605
1710535896609551907,9.06395149230957,-2.374661922454834,-3.4955310821533203
1710535896641276516,9.079519271850586,-2.377056837081909,-3.4979259967803955
1710535896678979764,9.075926780700684,-2.3914270401000977,-3.5099010467529297
1710535896683231810,9.084308624267578,-2.385439395904541,-3.521876335144043
1710535896703943232,9.073531150817871,-2.404599666595459,-3.503913640975952
1710535896731587012,9.075926780700684,-2.3818469047546387,-3.503913640975952
1710535896748227742,9.065149307250977,-2.386636972427368,-3.5075061321258545
1710535896769106594,9.084308624267578,-2.3818469047546387,-3.494333505630493
1710535896786016743,9.075926780700684,-2.396217107772827,-3.511098623275757
1710535896817369720,9.085506439208984,-2.3818469047546387,-3.520678758621216
1710535896828079592,9.083111763000488,-2.3890318870544434,-3.4967284202575684
1710535896847106491,9.072334289550781,-2.3722667694091797,-3.5099010467529297
1710535896901707761,9.079519271850586,-2.384242057800293,-3.493135929107666
1710535896905809893,9.080716133117676,-2.3806493282318115,-3.514691114425659
1710535896924798647,9.07832145690918,-2.3914270401000977,-3.4955310821533203
1710535896948102497,9.073531150817871,-2.3902294635772705,-3.5063085556030273
1710535896960564900,9.073531150817871,-2.3710694313049316,-3.5075061321258545
1710535896977288040,9.067543983459473,-2.3878345489501953,-3.4979259967803955
1710535896987898786,9.07832145690918,-2.3710694313049316,-3.4991235733032227
1710535897012197140,9.066346168518066,-2.3590941429138184,-3.494333505630493
1710535897026364302,9.060359001159668,-2.377056837081909,-3.502716064453125
1710535897053116545,9.073531150817871,-2.377056837081909,-3.503913640975952
1710535897118157590,9.081913948059082,-2.385439395904541,-3.5087037086486816
1710535897137148995,9.060359001159668,-2.384242057800293,-3.5051109790802
1710535897162311059,9.080716133117676,-2.386636972427368,-3.50032114982605
1710535897181223713,9.077123641967773,-2.3782544136047363,-3.512296199798584
1710535897206381917,9.087902069091797,-2.3878345489501953,-3.5099010467529297
1710535897246306504,9.069938659667969,-2.397414445877075,-3.501518487930298
1710535897261251212,9.073531150817871,-2.3878345489501953,-3.5087037086486816
1710535897277957947,9.073531150817871,-2.3686742782592773,-3.5182836055755615
1710535897298995237,9.067543983459473,-2.393821954727173,-3.511098623275757
1710535897315704781,9.07832145690918,-2.3818469047546387,-3.503913640975952
1710535897347274094,9.061556816101074,-2.392624616622925,-3.493135929107666
1710535897376795180,9.075926780700684,-2.375859260559082,-3.494333505630493
1710535897389354134,9.07832145690918,-2.3818469047546387,-3.4883458614349365
1710535897423034416,9.059161186218262,-2.3890318870544434,-3.494333505630493
1710535897452627051,9.084308624267578,-2.377056837081909,-3.494333505630493
1710535897494646334,9.08670425415039,-2.385439395904541,-3.5075061321258545
1710535897545055039,9.072334289550781,-2.3782544136047363,-3.5063085556030273
1710535897561817542,9.07832145690918,-2.383044481277466,-3.494333505630493
1710535897593498282,9.075926780700684,-2.393821954727173,-3.5087037086486816
1710535897601899542,9.071136474609375,-2.39501953125,-3.512296199798584
1710535897635236203,9.062753677368164,-2.403402090072632,-3.5099010467529297
1710535897662839108,9.075926780700684,-2.385439395904541,-3.521876335144043
1710535897694468776,9.06395149230957,-2.39501953125,-3.513493537902832
1710535897732256497,9.067543983459473,-2.386636972427368,-3.4955310821533203
1710535897736378962,9.072334289550781,-2.377056837081909,-3.4979259967803955
1710535897799377825,9.087902069091797,-2.375859260559082,-3.5158886909484863
1710535897845378461,9.071136474609375,-2.366279363632202,-3.4871485233306885
1710535897862498171,9.065149307250977,-2.3890318870544434,-3.501518487930298
1710535897871039041,9.07832145690918,-2.3782544136047363,-3.5099010467529297
1710535897898369027,9.083111763000488,-2.385439395904541,-3.524271249771118
1710535897925550036,9.07832145690918,-2.377056837081909,-3.493135929107666
1710535897955138222,9.083111763000488,-2.3698718547821045,-3.501518487930298
1710535897980173348,9.067543983459473,-2.3890318870544434,-3.494333505630493
1710535898087594444,9.103468894958496,-2.375859260559082,-3.520678758621216
1710535898106209498,9.066346168518066,-2.4010071754455566,-3.5051109790802
1710535898154477967,9.071136474609375,-2.396217107772827,-3.503913640975952
1710535898160625986,9.067543983459473,-2.3902294635772705,-3.4991235733032227
1710535898177540693,9.067543983459473,-2.3902294635772705,-3.4991235733032227
1710535898194343392,9.073531150817871,-2.385439395904541,-3.503913640975952
1710535898227738455,9.083111763000488,-2.392624616622925,-3.5182836055755615
1710535898253387897,9.071136474609375,-2.377056837081909,-3.512296199798584
1710535898310085441,9.083111763000488,-2.39501953125,-3.4991235733032227
1710535898347760178,9.071136474609375,-2.383044481277466,-3.50032114982605
1710535898351913132,9.080716133117676,-2.3878345489501953,-3.511098623275757
1710535898353945441,9.065149307250977,-2.3890318870544434,-3.5099010467529297
1710535898377269213,9.081913948059082,-2.383044481277466,-3.5051109790802
1710535898394028542,9.074728965759277,-2.4117846488952637,-3.5182836055755615
1710535898427539757,9.074728965759277,-2.3722667694091797,-3.490741014480591
1710535898454791784,9.066346168518066,-2.3986120223999023,-3.502716064453125
1710535898475876903,9.074728965759277,-2.3782544136047363,-3.493135929107666
1710535898535085144,9.08670425415039,-2.3698718547821045,-3.5087037086486816
1710535898564546629,9.074728965759277,-2.39501953125,-3.511098623275757
1710535898583467545,9.077123641967773,-2.374661922454834,-3.5099010467529297
1710535898616512372,9.079519271850586,-2.393821954727173,-3.4955310821533203
1710535898637652976,9.089098930358887,-2.377056837081909,-3.5051109790802
1710535898656586945,9.080716133117676,-2.393821954727173,-3.503913640975952
1710535898692421769,9.096283912658691,-2.374661922454834,-3.512296199798584
1710535898710998498,9.067543983459473,-2.3818469047546387,-3.5099010467529297
1710535898717644073,9.081913948059082,-2.3890318870544434,-3.5087037086486816
1710535898745051550,9.077123641967773,-2.393821954727173,-3.5051109790802
1710535898766201086,9.074728965759277,-2.3806493282318115,-3.493135929107666
1710535898805871198,9.067543983459473,-2.3902294635772705,-3.4979259967803955
1710535898822541815,9.069938659667969,-2.386636972427368,-3.5099010467529297
1710535898841576136,9.069938659667969,-2.3782544136047363,-3.4955310821533203
1710535898866757467,9.081913948059082,-2.393821954727173,-3.513493537902832
1710535898881478809,9.075926780700684,-2.3794519901275635,-3.512296199798584
1710535898885538165,9.067543983459473,-2.3794519901275635,-3.5063085556030273
1710535898894152776,9.072334289550781,-2.3878345489501953,-3.512296199798584
1710535898919277032,9.075926780700684,-2.375859260559082,-3.4991235733032227
1710535898934077431,9.071136474609375,-2.396217107772827,-3.5182836055755615
1710535898957176053,9.071136474609375,-2.3914270401000977,-3.4967284202575684
1710535898982279654,9.080716133117676,-2.3902294635772705,-3.5087037086486816
1710535898984377953,9.061556816101074,-2.386636972427368,-3.514691114425659
1710535899005480061,9.065149307250977,-2.377056837081909,-3.50032114982605
1710535899043225415,9.074728965759277,-2.3902294635772705,-3.512296199798584
1710535899060145094,9.066346168518066,-2.3818469047546387,-3.513493537902832
1710535899115067420,9.085506439208984,-2.3890318870544434,-3.5075061321258545
1710535899131816339,9.072334289550781,-2.3902294635772705,-3.5087037086486816
1710535899190563204,9.077123641967773,-2.3818469047546387,-3.5063085556030273
1710535899232456469,9.071136474609375,-2.397414445877075,-3.5075061321258545
1710535899285271859,9.073531150817871,-2.385439395904541,-3.493135929107666
1710535899306294989,9.075926780700684,-2.392624616622925,-3.502716064453125
1710535899352423175,9.06395149230957,-2.383044481277466,-3.503913640975952
1710535899362873211,9.067543983459473,-2.3890318870544434,-3.493135929107666
1710535899438529958,9.075926780700684,-2.39501953125,-3.4979259967803955
1710535899467851593,9.061556816101074,-2.3806493282318115,-3.5087037086486816
1710535899497172485,9.068741798400879,-2.3878345489501953,-3.511098623275757
1710535899520225855,9.057964324951172,-2.392624616622925,-3.5063085556030273
1710535899547554447,9.07832145690918,-2.3890318870544434,-3.5051109790802
1710535899568524550,9.077123641967773,-2.3890318870544434,-3.513493537902832
1710535899591804483,9.066346168518066,-2.3914270401000977,-3.5087037086486816
1710535899625278617,9.06395149230957,-2.3902294635772705,-3.5063085556030273
1710535899646548125,9.075926780700684,-2.3914270401000977,-3.4979259967803955
1710535899655086581,9.077123641967773,-2.39501953125,-3.501518487930298
1710535899674128041,9.065149307250977,-2.385439395904541,-3.5099010467529297
1710535899686656632,9.059161186218262,-2.385439395904541,-3.5182836055755615
1710535899705414188,9.075926780700684,-2.386636972427368,-3.502716064453125
1710535899716018459,9.077123641967773,-2.3818469047546387,-3.5063085556030273
1710535899741380440,9.06395149230957,-2.392624616622925,-3.5063085556030273
1710535899774638757,9.0914945602417,-2.377056837081909,-3.501518487930298
1710535899848312722,9.075926780700684,-2.383044481277466,-3.502716064453125
1710535899874185859,9.080716133117676,-2.393821954727173,-3.5170862674713135
1710535899888203392,9.069938659667969,-2.3806493282318115,-3.493135929107666
1710535899926055915,9.081913948059082,-2.373464345932007,-3.4979259967803955
1710535899930220532,9.068741798400879,-2.3890318870544434,-3.5087037086486816
1710535899951317693,9.07832145690918,-2.3794519901275635,-3.4955310821533203
1710535899984895881,9.065149307250977,-2.3902294635772705,-3.5063085556030273
1710535900043845386,9.067543983459473,-2.396217107772827,-3.5099010467529297
1710535900079413887,9.06395149230957,-2.3890318870544434,-3.4955310821533203
1710535900119503273,9.072334289550781,-2.3878345489501953,-3.503913640975952
1710535900136199575,9.08670425415039,-2.375859260559082,-3.5063085556030273
1710535900159399891,9.07832145690918,-2.396217107772827,-3.5075061321258545
1710535900172321845,9.06395149230957,-2.3722667694091797,-3.511098623275757
1710535900190939908,9.075926780700684,-2.3914270401000977,-3.501518487930298
1710535900207713905,9.090296745300293,-2.386636972427368,-3.501518487930298
1710535900239432136,9.067543983459473,-2.373464345932007,-3.50032114982605
1710535900262574356,9.053174018859863,-2.377056837081909,-3.5099010467529297
1710535900266719946,9.084308624267578,-2.392624616622925,-3.4967284202575684
1710535900289922820,9.067543983459473,-2.3914270401000977,-3.501518487930298
1710535900338150889,9.065149307250977,-2.3806493282318115,-3.5099010467529297
1710535900350811562,9.065149307250977,-2.377056837081909,-3.512296199798584
1710535900355079127,9.07832145690918,-2.3806493282318115,-3.4991235733032227
1710535900377903033,9.067543983459473,-2.36747670173645,-3.4967284202575684
1710535900403373322,9.066346168518066,-2.373464345932007,-3.5051109790802
1710535900428546405,9.074728965759277,-2.377056837081909,-3.50032114982605
1710535900464192124,9.073531150817871,-2.3914270401000977,-3.5051109790802
1710535900502061970,9.072334289550781,-2.4022045135498047,-3.5087037086486816
1710535900577719557,9.067543983459473,-2.39501953125,-3.501518487930298
1710535900632400973,9.084308624267578,-2.415377140045166,-3.5158886909484863
1710535900689278261,9.065149307250977,-2.3818469047546387,-3.491938591003418
1710535900701735950,9.075926780700684,-2.3602917194366455,-3.5087037086486816
1710535900708196220,9.077123641967773,-2.386636972427368,-3.5063085556030273
1710535900725002049,9.06395149230957,-2.393821954727173,-3.5051109790802
1710535900733386431,9.074728965759277,-2.3722667694091797,-3.5063085556030273
1710535900743962068,9.07832145690918,-2.3614892959594727,-3.4991235733032227
1710535900800695333,9.069938659667969,-2.383044481277466,-3.513493537902832
1710535900807002773,9.073531150817871,-2.373464345932007,-3.5170862674713135
1710535900914087010,9.079519271850586,-2.3902294635772705,-3.502716064453125
1710535900916203339,9.071136474609375,-2.403402090072632,-3.524271249771118
1710535900934864773,9.075926780700684,-2.393821954727173,-3.501518487930298
1710535900949675782,9.075926780700684,-2.356699228286743,-3.511098623275757
1710535900964368368,9.067543983459473,-2.353106737136841,-3.513493537902832
1710535900983250798,9.065149307250977,-2.3818469047546387,-3.494333505630493
1710535900996083783,9.06395149230957,-2.374661922454834,-3.5051109790802
1710535901016870214,9.075926780700684,-2.393821954727173,-3.5182836055755615
1710535901035929073,9.071136474609375,-2.3698718547821045,-3.4991235733032227
1710535901063097324,9.071136474609375,-2.403402090072632,-3.4979259967803955
1710535901096925321,9.072334289550781,-2.374661922454834,-3.494333505630493
1710535901101163530,9.072334289550781,-2.374661922454834,-3.494333505630493
1710535901138887955,9.079519271850586,-2.3806493282318115,-3.511098623275757
1710535901143819391,9.07832145690918,-2.374661922454834,-3.493135929107666
1710535901155636513,9.068741798400879,-2.374661922454834,-3.50032114982605
1710535901201641605,9.075926780700684,-2.374661922454834,-3.5099010467529297
1710535901205742206,9.073531150817871,-2.3890318870544434,-3.501518487930298
1710535901229134612,9.067543983459473,-2.3914270401000977,-3.50032114982605
1710535901275392464,9.081913948059082,-2.392624616622925,-3.50032114982605
1710535901313108206,9.08670425415039,-2.39501953125,-3.5087037086486816
1710535901365667286,9.08670425415039,-2.373464345932007,-3.4979259967803955
1710535901378202579,9.084308624267578,-2.385439395904541,-3.5170862674713135
1710535901399201129,9.090296745300293,-2.377056837081909,-3.4955310821533203
1710535901455737262,9.062753677368164,-2.3698718547821045,-3.4895434379577637
1710535901464221044,9.065149307250977,-2.386636972427368,-3.535048723220825
1710535901504253960,9.079519271850586,-2.386636972427368,-3.4895434379577637
1710535901525274307,9.07832145690918,-2.355501651763916,-3.4859509468078613
1710535901546315735,9.077123641967773,-2.396217107772827,-3.4955310821533203
1710535901584001929,9.067543983459473,-2.3986120223999023,-3.5099010467529297
1710535901657570497,9.081913948059082,-2.3890318870544434,-3.5194811820983887
1710535901685027647,9.060359001159668,-2.393821954727173,-3.490741014480591
1710535901712375988,9.073531150817871,-2.405797004699707,-3.481160879135132
1710535901727103314,9.068741798400879,-2.3602917194366455,-3.493135929107666
1710535901744054880,9.083111763000488,-2.393821954727173,-3.5182836055755615
1710535901763053634,9.073531150817871,-2.4213647842407227,-3.4979259967803955
1710535901775523906,9.059161186218262,-2.363884210586548,-3.490741014480591
1710535901817750051,9.068741798400879,-2.383044481277466,-3.5087037086486816
1710535901819257365,9.077123641967773,-2.385439395904541,-3.4967284202575684
1710535901838273645,9.061556816101074,-2.3806493282318115,-3.493135929107666
1710535901857791248,9.060359001159668,-2.343526601791382,-3.4955310821533203
1710535901878135422,9.069938659667969,-2.3782544136047363,-3.473975896835327
1710535901884463157,9.059161186218262,-2.373464345932007,-3.5099010467529297
1710535901907793524,9.061556816101074,-2.374661922454834,-3.4967284202575684
1710535901943497007,9.06395149230957,-2.3782544136047363,-3.5063085556030273
1710535901964414132,9.075926780700684,-2.3614892959594727,-3.4883458614349365
1710535901989586467,9.067543983459473,-2.393821954727173,-3.4871485233306885
1710535902008561798,9.102272033691406,-2.393821954727173,-3.5290613174438477
1710535902054774299,9.061556816101074,-2.385439395904541,-3.503913640975952
1710535902059155869,9.067543983459473,-2.384242057800293,-3.494333505630493
1710535902073745575,9.084308624267578,-2.405797004699707,-3.5278637409210205
1710535902128359177,9.084308624267578,-2.4201672077178955,-3.530258893966675
1710535902158512977,9.067543983459473,-2.354304313659668,-3.5087037086486816
1710535902197615035,9.07832145690918,-2.3914270401000977,-3.4955310821533203
1710535902204107770,9.081913948059082,-2.39501953125,-3.5170862674713135
1710535902231363276,9.073531150817871,-2.383044481277466,-3.514691114425659
1710535902271563329,9.079519271850586,-2.383044481277466,-3.511098623275757
1710535902307137640,9.081913948059082,-2.4117846488952637,-3.493135929107666
1710535902338621909,9.059161186218262,-2.403402090072632,-3.491938591003418
1710535902363842448,9.059161186218262,-2.3794519901275635,-3.512296199798584
1710535902387204081,9.059161186218262,-2.3794519901275635,-3.512296199798584
1710535902391236403,9.087902069091797,-2.4022045135498047,-3.530258893966675
1710535902395325613,9.061556816101074,-2.393821954727173,-3.5254688262939453
1710535902419245086,9.062753677368164,-2.384242057800293,-3.5099010467529297
1710535902424637589,9.068741798400879,-2.3914270401000977,-3.503913640975952
1710535902477507346,9.073531150817871,-2.383044481277466,-3.501518487930298
1710535902527740313,9.060359001159668,-2.396217107772827,-3.494333505630493
1710535902544704882,9.079519271850586,-2.397414445877075,-3.5051109790802
1710535902563664673,9.060359001159668,-2.374661922454834,-3.511098623275757
1710535902618444462,9.07832145690918,-2.36747670173645,-3.501518487930298
1710535902624593331,9.06395149230957,-2.397414445877075,-3.501518487930298
1710535902630924814,9.075926780700684,-2.3914270401000977,-3.5170862674713135
1710535902649914107,9.085506439208984,-2.374661922454834,-3.5099010467529297
1710535902655999596,9.085506439208984,-2.374661922454834,-3.511098623275757
1710535902660142271,9.067543983459473,-2.365081787109375,-3.493135929107666
1710535902723284558,9.059161186218262,-2.412982225418091,-3.501518487930298
1710535902740193337,9.06395149230957,-2.396217107772827,-3.490741014480591
1710535902796986215,9.085506439208984,-2.365081787109375,-3.5158886909484863
1710535902839003064,9.075926780700684,-2.4201672077178955,-3.513493537902832
1710535902859818664,9.072334289550781,-2.3818469047546387,-3.511098623275757
1710535902861978547,9.073531150817871,-2.393821954727173,-3.5099010467529297
1710535902885122359,9.089098930358887,-2.396217107772827,-3.524271249771118
1710535902920948681,9.093889236450195,-2.36747670173645,-3.514691114425659
1710535902945954969,9.075926780700684,-2.406994581222534,-3.493135929107666
1710535902960871855,9.069938659667969,-2.3806493282318115,-3.4967284202575684
1710535902983818398,9.080716133117676,-2.4189696311950684,-3.5099010467529297
1710535903021353589,9.062753677368164,-2.385439395904541,-3.501518487930298
1710535903044377615,9.080716133117676,-2.3818469047546387,-3.4979259967803955
1710535903082368545,9.075926780700684,-2.393821954727173,-3.4883458614349365
1710535903122265010,9.06395149230957,-2.377056837081909,-3.4979259967803955
1710535903132732676,9.085506439208984,-2.405797004699707,-3.5075061321258545
1710535903195899622,9.066346168518066,-2.3902294635772705,-3.4991235733032227
1710535903216913126,9.07832145690918,-2.3614892959594727,-3.50032114982605
1710535903233440869,9.080716133117676,-2.3878345489501953,-3.50032114982605
1710535903279838600,9.069938659667969,-2.383044481277466,-3.5099010467529297
1710535903324052560,9.071136474609375,-2.396217107772827,-3.5194811820983887
1710535903380876460,9.074728965759277,-2.393821954727173,-3.5051109790802
1710535903395421701,9.071136474609375,-2.3890318870544434,-3.513493537902832
1710535903435559170,9.06395149230957,-2.3998095989227295,-3.523073673248291
1710535903452472480,9.090296745300293,-2.375859260559082,-3.5194811820983887
1710535903473422039,9.069938659667969,-2.39501953125,-3.483555793762207
1710535903485983378,9.081913948059082,-2.3878345489501953,-3.4955310821533203
1710535903499450608,9.0914945602417,-2.3914270401000977,-3.5075061321258545
1710535903502801238,9.067543983459473,-2.392624616622925,-3.494333505630493
1710535903523764614,9.073531150817871,-2.3782544136047363,-3.5170862674713135
1710535903561618624,9.066346168518066,-2.377056837081909,-3.50032114982605
1710535903591053100,9.07832145690918,-2.3902294635772705,-3.5051109790802
1710535903597152416,9.066346168518066,-2.375859260559082,-3.4955310821533203
1710535903609906240,9.072334289550781,-2.386636972427368,-3.50032114982605
1710535903639061005,9.07832145690918,-2.383044481277466,-3.4979259967803955
1710535903652010720,9.072334289550781,-2.3914270401000977,-3.5087037086486816
1710535903668892316,9.072334289550781,-2.384242057800293,-3.4967284202575684
1710535903698425786,9.07832145690918,-2.397414445877075,-3.5087037086486816
1710535903713014584,9.07832145690918,-2.397414445877075,-3.5087037086486816
1710535903734344637,9.08670425415039,-2.3914270401000977,-3.502716064453125
1710535903755118607,9.090296745300293,-2.393821954727173,-3.503913640975952
1710535903792908587,9.068741798400879,-2.383044481277466,-3.4895434379577637
1710535903828573068,9.072334289550781,-2.3686742782592773,-3.511098623275757
1710535903837144592,9.062753677368164,-2.393821954727173,-3.502716064453125
1710535903849922196,9.067543983459473,-2.3686742782592773,-3.494333505630493
1710535903870837444,9.073531150817871,-2.3878345489501953,-3.4967284202575684
1710535903898153139,9.062753677368164,-2.3890318870544434,-3.5051109790802
1710535903906513059,9.062753677368164,-2.3890318870544434,-3.5051109790802
1710535903999049171,9.071136474609375,-2.374661922454834,-3.5063085556030273
1710535904034536287,9.062753677368164,-2.386636972427368,-3.5158886909484863
1710535904053747076,9.068741798400879,-2.375859260559082,-3.50032114982605
1710535904079091351,9.059161186218262,-2.3878345489501953,-3.5063085556030273
1710535904118935042,9.093889236450195,-2.397414445877075,-3.512296199798584
1710535904125283970,9.071136474609375,-2.396217107772827,-3.5182836055755615
1710535904142174906,9.066346168518066,-2.396217107772827,-3.503913640975952
1710535904162995802,9.079519271850586,-2.392624616622925,-3.511098623275757
1710535904184195227,9.068741798400879,-2.3818469047546387,-3.5087037086486816
1710535904212642421,9.062753677368164,-2.385439395904541,-3.503913640975952
1710535904358639641,9.074728965759277,-2.392624616622925,-3.493135929107666
1710535904362943643,9.077123641967773,-2.3986120223999023,-3.502716064453125
1710535904394539741,9.067543983459473,-2.4022045135498047,-3.50032114982605
1710535904404859397,9.057964324951172,-2.3878345489501953,-3.5087037086486816
1710535904432327474,9.072334289550781,-2.3818469047546387,-3.5075061321258545
1710535904514371688,9.074728965759277,-2.377056837081909,-3.5063085556030273
1710535904560539298,9.084308624267578,-2.373464345932007,-3.5170862674713135
1710535904564723732,9.06395149230957,-2.396217107772827,-3.503913640975952
1710535904587954535,9.065149307250977,-2.384242057800293,-3.5075061321258545
1710535904617351948,9.081913948059082,-2.3890318870544434,-3.511098623275757
1710535904674182232,9.071136474609375,-2.3902294635772705,-3.503913640975952
1710535904691068747,9.079519271850586,-2.3782544136047363,-3.502716064453125
1710535904707821961,9.089098930358887,-2.3782544136047363,-3.513493537902832
1710535904747871141,9.066346168518066,-2.3998095989227295,-3.503913640975952
1710535904768945857,9.069938659667969,-2.3578968048095703,-3.491938591003418
1710535904777302408,9.068741798400879,-2.403402090072632,-3.5182836055755615
1710535904781402145,9.065149307250977,-2.3890318870544434,-3.50032114982605
1710535904804586487,9.079519271850586,-2.3722667694091797,-3.503913640975952
1710535904820969004,9.081913948059082,-2.3878345489501953,-3.512296199798584
1710535904838127224,9.075926780700684,-2.4022045135498047,-3.4955310821533203
1710535904859138775,9.072334289550781,-2.374661922454834,-3.4895434379577637
1710535904880150469,9.066346168518066,-2.392624616622925,-3.5051109790802
1710535904884552101,9.079519271850586,-2.374661922454834,-3.514691114425659
1710535904907564888,9.083111763000488,-2.3986120223999023,-3.512296199798584
1710535904947471726,9.073531150817871,-2.393821954727173,-3.503913640975952
1710535904964342848,9.075926780700684,-2.3818469047546387,-3.494333505630493
1710535904993944047,9.079519271850586,-2.3914270401000977,-3.494333505630493
1710535905033828896,9.077123641967773,-2.4093897342681885,-3.5063085556030273
1710535905067567029,9.07832145690918,-2.3902294635772705,-3.502716064453125
1710535905105307563,9.066346168518066,-2.39501953125,-3.494333505630493
1710535905145575564,9.074728965759277,-2.3878345489501953,-3.5075061321258545
1710535905174975629,9.067543983459473,-2.393821954727173,-3.50032114982605
1710535905250267305,9.072334289550781,-2.3914270401000977,-3.491938591003418
1710535905265018149,9.079519271850586,-2.3818469047546387,-3.5075061321258545
1710535905288254826,9.072334289550781,-2.377056837081909,-3.4967284202575684
1710535905299045028,9.085506439208984,-2.384242057800293,-3.5063085556030273
1710535905330659233,9.069938659667969,-2.39501953125,-3.5182836055755615
1710535905355512654,9.072334289550781,-2.384242057800293,-3.5063085556030273
1710535905384942414,9.080716133117676,-2.39501953125,-3.511098623275757
1710535905410163805,9.072334289550781,-2.377056837081909,-3.5051109790802
1710535905450298390,9.079519271850586,-2.3794519901275635,-3.503913640975952
1710535905475983973,9.08670425415039,-2.386636972427368,-3.503913640975952
1710535905509244274,9.065149307250977,-2.3818469047546387,-3.494333505630493
1710535905557677859,9.060359001159668,-2.377056837081909,-3.4979259967803955
1710535905612741361,9.087902069091797,-2.384242057800293,-3.4883458614349365
1710535905618175388,9.068741798400879,-2.3986120223999023,-3.50032114982605
1710535905671096675,9.083111763000488,-2.385439395904541,-3.5075061321258545
1710535905692116882,9.07832145690918,-2.3794519901275635,-3.511098623275757
1710535905732026111,9.07832145690918,-2.3878345489501953,-3.4967284202575684
1710535905759415312,9.069938659667969,-2.3698718547821045,-3.5158886909484863
1710535905780366077,9.073531150817871,-2.3806493282318115,-3.4991235733032227
1710535905797071110,9.069938659667969,-2.3902294635772705,-3.50032114982605
1710535905803441516,9.062753677368164,-2.393821954727173,-3.50032114982605
1710535905832767471,9.074728965759277,-2.3902294635772705,-3.50032114982605
1710535905839100187,9.074728965759277,-2.3902294635772705,-3.50032114982605
1710535905866671658,9.069938659667969,-2.384242057800293,-3.4991235733032227
1710535905885536234,9.069938659667969,-2.3914270401000977,-3.494333505630493
1710535905916973878,9.073531150817871,-2.374661922454834,-3.4979259967803955
1710535905931848462,9.072334289550781,-2.39501953125,-3.4955310821533203
1710535905961413994,9.083111763000488,-2.392624616622925,-3.5051109790802
1710535905974065115,9.067543983459473,-2.386636972427368,-3.4967284202575684
1710535905997030512,9.074728965759277,-2.4081921577453613,-3.512296199798584
1710535906018323820,9.07832145690918,-2.403402090072632,-3.503913640975952
1710535906057771772,9.08670425415039,-2.39501953125,-3.5063085556030273
1710535906064195434,9.075926780700684,-2.386636972427368,-3.5099010467529297
1710535906089232826,9.077123641967773,-2.385439395904541,-3.4991235733032227
1710535906142705324,9.083111763000488,-2.3890318870544434,-3.512296199798584
1710535906163054327,9.06395149230957,-2.393821954727173,-3.4991235733032227
1710535906194471706,9.08670425415039,-2.386636972427368,-3.5099010467529297
1710535906221860689,9.072334289550781,-2.377056837081909,-3.4871485233306885
1710535906234884544,9.087902069091797,-2.383044481277466,-3.501518487930298
1710535906236703325,9.087902069091797,-2.3818469047546387,-3.5063085556030273
1710535906260041429,9.072334289550781,-2.377056837081909,-3.4967284202575684
1710535906276833685,9.067543983459473,-2.386636972427368,-3.4955310821533203
1710535906306287689,9.061556816101074,-2.393821954727173,-3.503913640975952
1710535906392518649,9.084308624267578,-2.384242057800293,-3.503913640975952
1710535906426806722,9.07832145690918,-2.3794519901275635,-3.5087037086486816
1710535906443225295,9.089098930358887,-2.384242057800293,-3.501518487930298
1710535906451306604,9.061556816101074,-2.396217107772827,-3.483555793762207
1710535906489311989,9.087902069091797,-2.385439395904541,-3.5063085556030273
1710535906503969492,9.073531150817871,-2.377056837081909,-3.50032114982605
1710535906516739157,9.071136474609375,-2.3986120223999023,-3.512296199798584
1710535906569295505,9.077123641967773,-2.3902294635772705,-3.5194811820983887
1710535906585830589,9.060359001159668,-2.377056837081909,-3.5099010467529297
1710535906644918269,9.068741798400879,-2.386636972427368,-3.494333505630493
1710535906689091184,9.071136474609375,-2.392624616622925,-3.5099010467529297
1710535906705838277,9.056766510009766,-2.3878345489501953,-3.50032114982605
1710535906733235499,9.084308624267578,-2.3794519901275635,-3.502716064453125
1710535906773197443,9.081913948059082,-2.392624616622925,-3.5051109790802
1710535906804522296,9.066346168518066,-2.383044481277466,-3.5087037086486816
1710535906837948479,9.069938659667969,-2.384242057800293,-3.50032114982605
1710535906856999951,9.083111763000488,-2.385439395904541,-3.4991235733032227
1710535906930553479,9.074728965759277,-2.384242057800293,-3.514691114425659
1710535906962240977,9.072334289550781,-2.3914270401000977,-3.503913640975952
1710535906976912250,9.073531150817871,-2.386636972427368,-3.5170862674713135
1710535906983299030,9.059161186218262,-2.385439395904541,-3.490741014480591
1710535907004141807,9.072334289550781,-2.384242057800293,-3.4979259967803955
1710535907027196193,9.072334289550781,-2.384242057800293,-3.4979259967803955
1710535907033846345,9.071136474609375,-2.3722667694091797,-3.50032114982605
1710535907056714021,9.083111763000488,-2.4022045135498047,-3.50032114982605
1710535907086399164,9.083111763000488,-2.4022045135498047,-3.50032114982605
1710535907092722198,9.084308624267578,-2.386636972427368,-3.494333505630493
1710535907117800548,9.083111763000488,-2.3782544136047363,-3.4979259967803955
1710535907155496315,9.0914945602417,-2.3878345489501953,-3.5182836055755615
1710535907161908842,9.072334289550781,-2.3998095989227295,-3.5051109790802
1710535907220551334,9.075926780700684,-2.385439395904541,-3.503913640975952
1710535907248292166,9.068741798400879,-2.373464345932007,-3.4967284202575684
1710535907269438885,9.07832145690918,-2.377056837081909,-3.4967284202575684
1710535907300837390,9.090296745300293,-2.4022045135498047,-3.494333505630493
1710535907307276214,9.085506439208984,-2.397414445877075,-3.4955310821533203
1710535907328287599,9.073531150817871,-2.3902294635772705,-3.524271249771118
1710535907408017243,9.08670425415039,-2.386636972427368,-3.5194811820983887
1710535907431093719,9.074728965759277,-2.396217107772827,-3.5087037086486816
1710535907462575007,9.065149307250977,-2.377056837081909,-3.494333505630493
1710535907490201159,9.057964324951172,-2.3782544136047363,-3.503913640975952
1710535907549159845,9.066346168518066,-2.3794519901275635,-3.493135929107666
1710535907582639867,9.07832145690918,-2.366279363632202,-3.5063085556030273
1710535907603705115,9.073531150817871,-2.3878345489501953,-3.514691114425659
1710535907607891498,9.06395149230957,-2.3890318870544434,-3.4967284202575684
1710535907628733651,9.075926780700684,-2.396217107772827,-3.5075061321258545
1710535907645682150,9.077123641967773,-2.3782544136047363,-3.501518487930298
1710535907664558295,9.069938659667969,-2.386636972427368,-3.4991235733032227
1710535907671509120,9.083111763000488,-2.3890318870544434,-3.5063085556030273
1710535907694165701,9.06395149230957,-2.393821954727173,-3.502716064453125
1710535907721516779,9.068741798400879,-2.3782544136047363,-3.4967284202575684
1710535907732012592,9.071136474609375,-2.396217107772827,-3.4991235733032227
1710535907774169177,9.071136474609375,-2.3806493282318115,-3.5051109790802
1710535907776253733,9.065149307250977,-2.3818469047546387,-3.491938591003418
1710535907790846328,9.061556816101074,-2.377056837081909,-3.503913640975952
1710535907818866452,9.056766510009766,-2.3878345489501953,-3.502716064453125
1710535907820204684,9.062753677368164,-2.377056837081909,-3.5158886909484863
1710535907822281589,9.062753677368164,-2.377056837081909,-3.5158886909484863
1710535907843253232,9.080716133117676,-2.3890318870544434,-3.5051109790802
1710535907853896821,9.072334289550781,-2.385439395904541,-3.4979259967803955
1710535907952698399,9.079519271850586,-2.383044481277466,-3.502716064453125
1710535907979845061,9.081913948059082,-2.3878345489501953,-3.5087037086486816
1710535908003093849,9.069938659667969,-2.385439395904541,-3.4955310821533203
1710535908017561370,9.080716133117676,-2.3902294635772705,-3.5099010467529297
1710535908076801525,9.060359001159668,-2.3914270401000977,-3.4967284202575684
1710535908095733451,9.072334289550781,-2.386636972427368,-3.512296199798584
1710535908108581662,9.062753677368164,-2.3806493282318115,-3.514691114425659
1710535908148136615,9.083111763000488,-2.3818469047546387,-3.491938591003418
1710535908171272949,9.079519271850586,-2.4022045135498047,-3.50032114982605
1710535908190264932,9.079519271850586,-2.385439395904541,-3.520678758621216
1710535908211326790,9.061556816101074,-2.39501953125,-3.4979259967803955
1710535908228026215,9.084308624267578,-2.397414445877075,-3.5158886909484863
1710535908234314053,9.081913948059082,-2.412982225418091,-3.490741014480591
1710535908257388835,9.069938659667969,-2.377056837081909,-3.5075061321258545
1710535908265995593,9.071136474609375,-2.3794519901275635,-3.514691114425659
1710535908278785475,9.107061386108398,-2.393821954727173,-3.514691114425659
1710535908295538878,9.073531150817871,-2.3890318870544434,-3.503913640975952
1710535908318767431,9.066346168518066,-2.3890318870544434,-3.4883458614349365
1710535908344136975,9.062753677368164,-2.393821954727173,-3.501518487930298
1710535908365381178,9.073531150817871,-2.385439395904541,-3.511098623275757
1710535908423926929,9.074728965759277,-2.392624616622925,-3.4979259967803955
1710535908436550014,9.074728965759277,-2.392624616622925,-3.4979259967803955
1710535908451557369,9.080716133117676,-2.385439395904541,-3.4967284202575684
1710535908478907420,9.083111763000488,-2.377056837081909,-3.5063085556030273
1710535908504025543,9.07832145690918,-2.4010071754455566,-3.5087037086486816
1710535908541713929,9.080716133117676,-2.3794519901275635,-3.502716064453125
1710535908548069241,9.066346168518066,-2.3890318870544434,-3.5075061321258545
1710535908569870822,9.059161186218262,-2.393821954727173,-3.491938591003418
1710535908604771386,9.07832145690918,-2.384242057800293,-3.512296199798584
1710535908625746712,9.083111763000488,-2.392624616622925,-3.513493537902832
1710535908642511266,9.077123641967773,-2.397414445877075,-3.5087037086486816
1710535908663548648,9.08670425415039,-2.396217107772827,-3.50032114982605
1710535908669880019,9.079519271850586,-2.3794519901275635,-3.4883458614349365
1710535908699358274,9.080716133117676,-2.392624616622925,-3.5087037086486816
1710535908716289566,9.065149307250977,-2.397414445877075,-3.4991235733032227
1710535908739419706,9.066346168518066,-2.383044481277466,-3.493135929107666
1710535908743624219,9.080716133117676,-2.3602917194366455,-3.50032114982605
1710535908745792866,9.068741798400879,-2.385439395904541,-3.513493537902832
1710535908762561811,9.081913948059082,-2.3722667694091797,-3.5158886909484863
1710535908781311787,9.085506439208984,-2.385439395904541,-3.5063085556030273
1710535908816627491,9.08670425415039,-2.3878345489501953,-3.5075061321258545
1710535908840105765,9.071136474609375,-2.383044481277466,-3.491938591003418
1710535908871400941,9.075926780700684,-2.39501953125,-3.512296199798584
1710535908930284762,9.068741798400879,-2.3794519901275635,-3.4979259967803955
1710535908949240688,9.069938659667969,-2.3614892959594727,-3.5051109790802
1710535908966296368,9.07832145690918,-2.397414445877075,-3.493135929107666
1710535908968225992,9.065149307250977,-2.392624616622925,-3.50032114982605
1710535908980853030,9.072334289550781,-2.374661922454834,-3.501518487930298
1710535909001906977,9.075926780700684,-2.396217107772827,-3.4955310821533203
1710535909018044211,9.074728965759277,-2.416574716567993,-3.503913640975952
1710535909035583381,9.056766510009766,-2.3602917194366455,-3.4979259967803955
1710535909047911805,9.071136474609375,-2.385439395904541,-3.4955310821533203
1710535909054189439,9.068741798400879,-2.3998095989227295,-3.4955310821533203
1710535909068972465,9.068741798400879,-2.392624616622925,-3.4991235733032227
1710535909096249115,9.069938659667969,-2.3782544136047363,-3.5063085556030273
1710535909102636237,9.072334289550781,-2.377056837081909,-3.511098623275757
1710535909142592797,9.057964324951172,-2.385439395904541,-3.4955310821533203
1710535909153144886,9.068741798400879,-2.397414445877075,-3.4967284202575684
1710535909194731622,9.071136474609375,-2.403402090072632,-3.4991235733032227
1710535909201131307,9.087902069091797,-2.3722667694091797,-3.5087037086486816
1710535909217400826,9.08670425415039,-2.3914270401000977,-3.4979259967803955
1710535909233002670,9.066346168518066,-2.3890318870544434,-3.5051109790802
1710535909247826064,9.080716133117676,-2.3710694313049316,-3.503913640975952
1710535909266647979,9.075926780700684,-2.3902294635772705,-3.512296199798584
1710535909295967846,9.07832145690918,-2.383044481277466,-3.4991235733032227
1710535909310707479,9.072334289550781,-2.3902294635772705,-3.50032114982605
1710535909344209637,9.065149307250977,-2.392624616622925,-3.4967284202575684
1710535909388454041,9.077123641967773,-2.386636972427368,-3.4895434379577637
1710535909409451249,9.069938659667969,-2.374661922454834,-3.520678758621216
1710535909423962277,9.066346168518066,-2.3818469047546387,-3.5099010467529297
1710535909451450386,9.073531150817871,-2.404599666595459,-3.494333505630493
1710535909470382523,9.084308624267578,-2.393821954727173,-3.523073673248291
1710535909487261807,9.084308624267578,-2.393821954727173,-3.4991235733032227
1710535909514594423,9.067543983459473,-2.383044481277466,-3.5099010467529297
1710535909531448193,9.061556816101074,-2.374661922454834,-3.5075061321258545
1710535909562870902,9.068741798400879,-2.3890318870544434,-3.4979259967803955
1710535909598479603,9.073531150817871,-2.383044481277466,-3.501518487930298
1710535909600567539,9.071136474609375,-2.373464345932007,-3.4895434379577637
1710535909618069674,9.065149307250977,-2.3986120223999023,-3.4979259967803955
1710535909632090649,9.071136474609375,-2.3902294635772705,-3.5063085556030273
1710535909657153863,9.077123641967773,-2.3698718547821045,-3.4955310821533203
1710535909672244058,9.084308624267578,-2.374661922454834,-3.511098623275757
1710535909680384167,9.073531150817871,-2.383044481277466,-3.501518487930298
1710535909684538413,9.069938659667969,-2.405797004699707,-3.511098623275757
1710535909703857807,9.068741798400879,-2.375859260559082,-3.514691114425659
1710535909741456764,9.068741798400879,-2.3914270401000977,-3.5063085556030273
1710535909758376630,9.079519271850586,-2.377056837081909,-3.5087037086486816
1710535909825238726,9.059161186218262,-2.3818469047546387,-3.5087037086486816
1710535909848262849,9.071136474609375,-2.396217107772827,-3.4991235733032227
1710535909884059671,9.081913948059082,-2.384242057800293,-3.4991235733032227
1710535909939007620,9.071136474609375,-2.365081787109375,-3.503913640975952
1710535909959839287,9.067543983459473,-2.386636972427368,-3.50032114982605
1710535909988968719,9.061556816101074,-2.3902294635772705,-3.501518487930298
1710535910045980226,9.062753677368164,-2.396217107772827,-3.501518487930298
1710535910073053794,9.077123641967773,-2.3902294635772705,-3.501518487930298
1710535910087733769,9.081913948059082,-2.3914270401000977,-3.503913640975952
1710535910161476164,9.07832145690918,-2.3794519901275635,-3.512296199798584
1710535910193060982,9.068741798400879,-2.396217107772827,-3.490741014480591
1710535910224447212,9.074728965759277,-2.3782544136047363,-3.5099010467529297
1710535910245604892,9.077123641967773,-2.374661922454834,-3.513493537902832
1710535910313120725,9.060359001159668,-2.3986120223999023,-3.50032114982605
1710535910367624197,9.073531150817871,-2.385439395904541,-3.5099010467529297
1710535910369786376,9.071136474609375,-2.373464345932007,-3.4979259967803955
1710535910403288637,9.075926780700684,-2.36747670173645,-3.494333505630493
1710535910432731906,9.081913948059082,-2.375859260559082,-3.5051109790802
1710535910472591346,9.074728965759277,-2.386636972427368,-3.494333505630493
1710535910523120691,9.068741798400879,-2.3902294635772705,-3.4955310821533203
1710535910560860256,9.079519271850586,-2.3794519901275635,-3.494333505630493
1710535910564923758,9.065149307250977,-2.374661922454834,-3.523073673248291
1710535910587917766,9.067543983459473,-2.377056837081909,-3.502716064453125
1710535910602552555,9.079519271850586,-2.396217107772827,-3.502716064453125
1710535910623602336,9.077123641967773,-2.3914270401000977,-3.5051109790802
1710535910667845773,9.084308624267578,-2.386636972427368,-3.4967284202575684
1710535910689133504,9.066346168518066,-2.3902294635772705,-3.5087037086486816
1710535910720763550,9.075926780700684,-2.385439395904541,-3.5182836055755615
1710535910737321321,9.057964324951172,-2.383044481277466,-3.494333505630493
1710535910783485518,9.074728965759277,-2.39501953125,-3.5063085556030273
1710535910798221281,9.074728965759277,-2.386636972427368,-3.50032114982605
1710535910842478189,9.071136474609375,-2.3878345489501953,-3.501518487930298
1710535910844474463,9.07832145690918,-2.384242057800293,-3.4979259967803955
1710535910867526659,9.073531150817871,-2.397414445877075,-3.503913640975952
1710535910878021005,9.071136474609375,-2.385439395904541,-3.5075061321258545
1710535910894665008,9.074728965759277,-2.3818469047546387,-3.4955310821533203
1710535910903007766,9.067543983459473,-2.3890318870544434,-3.503913640975952
1710535910919750311,9.081913948059082,-2.3914270401000977,-3.502716064453125
1710535910968224116,9.083111763000488,-2.396217107772827,-3.5075061321258545
1710535910972248485,9.06395149230957,-2.3794519901275635,-3.4967284202575684
1710535910993302010,9.068741798400879,-2.385439395904541,-3.5099010467529297
1710535911054023231,9.084308624267578,-2.3890318870544434,-3.503913640975952
1710535911073099161,9.06395149230957,-2.3806493282318115,-3.4979259967803955
1710535911121424826,9.069938659667969,-2.3902294635772705,-3.503913640975952
1710535911144620914,9.073531150817871,-2.385439395904541,-3.5063085556030273
1710535911157149129,9.067543983459473,-2.3686742782592773,-3.5051109790802
1710535911174012716,9.068741798400879,-2.3794519901275635,-3.5063085556030273
1710535911207563225,9.062753677368164,-2.3686742782592773,-3.494333505630493
1710535911222467123,9.072334289550781,-2.3914270401000977,-3.4955310821533203
1710535911264342883,9.079519271850586,-2.3782544136047363,-3.503913640975952
1710535911281232849,9.084308624267578,-2.385439395904541,-3.501518487930298
1710535911300147858,9.069938659667969,-2.3782544136047363,-3.4967284202575684
1710535911323326926,9.090296745300293,-2.396217107772827,-3.493135929107666
1710535911354777643,9.077123641967773,-2.374661922454834,-3.50032114982605
1710535911375960345,9.071136474609375,-2.386636972427368,-3.5063085556030273
1710535911411556547,9.061556816101074,-2.3806493282318115,-3.501518487930298
1710535911443009635,9.077123641967773,-2.392624616622925,-3.4955310821533203
1710535911518911397,9.068741798400879,-2.3890318870544434,-3.511098623275757
1710535911535541061,9.081913948059082,-2.384242057800293,-3.5099010467529297
1710535911548081330,9.067543983459473,-2.3878345489501953,-3.5063085556030273
1710535911579534868,9.073531150817871,-2.377056837081909,-3.503913640975952
1710535911596568359,9.060359001159668,-2.383044481277466,-3.503913640975952
1710535911598699312,9.066346168518066,-2.39501953125,-3.5051109790802
1710535911602763472,9.07832145690918,-2.3986120223999023,-3.5063085556030273
1710535911630147704,9.080716133117676,-2.397414445877075,-3.5051109790802
1710535911669889241,9.089098930358887,-2.3806493282318115,-3.493135929107666
1710535911674247990,9.089098930358887,-2.3806493282318115,-3.493135929107666
1710535911697399916,9.090296745300293,-2.3914270401000977,-3.5063085556030273
1710535911722991518,9.061556816101074,-2.3710694313049316,-3.5087037086486816
1710535911741781475,9.062753677368164,-2.386636972427368,-3.512296199798584
1710535911766990811,9.071136474609375,-2.3794519901275635,-3.4967284202575684
1710535911821397494,9.074728965759277,-2.392624616622925,-3.503913640975952
1710535911857127874,9.080716133117676,-2.3782544136047363,-3.4967284202575684
1710535911916165613,9.093889236450195,-2.3998095989227295,-3.501518487930298
1710535911939202296,9.07832145690918,-2.386636972427368,-3.5099010467529297
1710535911971712722,9.074728965759277,-2.397414445877075,-3.4991235733032227
1710535912006410188,9.089098930358887,-2.3902294635772705,-3.50032114982605
1710535912050647655,9.057964324951172,-2.386636972427368,-3.5087037086486816
1710535912075896453,9.067543983459473,-2.3794519901275635,-3.5099010467529297
1710535912099008822,9.059161186218262,-2.373464345932007,-3.4955310821533203
1710535912157931287,9.067543983459473,-2.386636972427368,-3.512296199798584
1710535912187210273,9.071136474609375,-2.3806493282318115,-3.4967284202575684
1710535912200147929,9.065149307250977,-2.392624616622925,-3.514691114425659
1710535912208321407,9.069938659667969,-2.377056837081909,-3.501518487930298
1710535912248698963,9.079519271850586,-2.383044481277466,-3.503913640975952
1710535912250632505,9.074728965759277,-2.3806493282318115,-3.513493537902832
1710535912259042517,9.073531150817871,-2.39501953125,-3.503913640975952
1710535912282383906,9.07832145690918,-2.373464345932007,-3.501518487930298
1710535912320126080,9.069938659667969,-2.3878345489501953,-3.4979259967803955
1710535912343326714,9.067543983459473,-2.392624616622925,-3.5063085556030273
1710535912364221016,9.079519271850586,-2.3782544136047363,-3.501518487930298
1710535912383139612,9.062753677368164,-2.393821954727173,-3.4991235733032227
1710535912397710890,9.069938659667969,-2.392624616622925,-3.511098623275757
1710535912426993495,9.060359001159668,-2.3890318870544434,-3.5051109790802
1710535912463258700,9.083111763000488,-2.3818469047546387,-3.5063085556030273
1710535912486351874,9.071136474609375,-2.3794519901275635,-3.502716064453125
1710535912511383954,9.103468894958496,-2.3986120223999023,-3.5170862674713135
1710535912557669538,9.068741798400879,-2.3986120223999023,-3.501518487930298
1710535912578732552,9.074728965759277,-2.3998095989227295,-3.513493537902832
1710535912608065649,9.066346168518066,-2.42256236076355,-3.5170862674713135
1710535912635345291,9.062753677368164,-2.383044481277466,-3.491938591003418
1710535912660759991,9.061556816101074,-2.375859260559082,-3.494333505630493
1710535912686162923,9.07832145690918,-2.3794519901275635,-3.511098623275757
1710535912713628551,9.073531150817871,-2.386636972427368,-3.5087037086486816
1710535912755419558,9.071136474609375,-2.384242057800293,-3.4991235733032227
1710535912759506647,9.071136474609375,-2.3806493282318115,-3.501518487930298
1710535912787055652,9.079519271850586,-2.384242057800293,-3.4967284202575684
1710535912799775256,9.061556816101074,-2.3806493282318115,-3.50032114982605
1710535912824855971,9.095087051391602,-2.3890318870544434,-3.5182836055755615
1710535912858423175,9.06395149230957,-2.385439395904541,-3.4991235733032227
1710535912887832137,9.071136474609375,-2.392624616622925,-3.5099010467529297
1710535912913228575,9.060359001159668,-2.3806493282318115,-3.4991235733032227
1710535912940837917,9.075926780700684,-2.3890318870544434,-3.502716064453125
1710535912946957128,9.083111763000488,-2.383044481277466,-3.5099010467529297
1710535912955324141,9.068741798400879,-2.397414445877075,-3.5063085556030273
1710535912986722130,9.084308624267578,-2.3818469047546387,-3.5063085556030273
1710535913020071703,9.059161186218262,-2.412982225418091,-3.50032114982605
1710535913060292043,9.067543983459473,-2.385439395904541,-3.490741014480591
1710535913079069362,9.062753677368164,-2.3878345489501953,-3.502716064453125
1710535913102104963,9.090296745300293,-2.3794519901275635,-3.511098623275757
1710535913114733438,9.067543983459473,-2.4010071754455566,-3.4991235733032227
1710535913148267152,9.084308624267578,-2.375859260559082,-3.5170862674713135
1710535913161047627,9.06395149230957,-2.3698718547821045,-3.50032114982605
1710535913179813318,9.06395149230957,-2.3998095989227295,-3.501518487930298
1710535913202939918,9.060359001159668,-2.377056837081909,-3.4979259967803955
1710535913234497137,9.07832145690918,-2.397414445877075,-3.513493537902832
1710535913264027540,9.08670425415039,-2.385439395904541,-3.5278637409210205
1710535913289040540,9.069938659667969,-2.396217107772827,-3.5099010467529297
1710535913308092091,9.073531150817871,-2.374661922454834,-3.5182836055755615
1710535913339555386,9.071136474609375,-2.3986120223999023,-3.501518487930298
1710535913377339896,9.071136474609375,-2.384242057800293,-3.5182836055755615
1710535913402603722,9.087902069091797,-2.3890318870544434,-3.5099010467529297
1710535913418686476,9.069938659667969,-2.3890318870544434,-3.5087037086486816
1710535913440379016,9.065149307250977,-2.3890318870544434,-3.502716064453125
1710535913501509556,9.066346168518066,-2.3878345489501953,-3.513493537902832
1710535913522408570,9.077123641967773,-2.4010071754455566,-3.4967284202575684
1710535913545568090,9.067543983459473,-2.375859260559082,-3.5087037086486816
1710535913585401089,9.069938659667969,-2.3602917194366455,-3.4979259967803955
1710535913610751869,9.061556816101074,-2.3782544136047363,-3.4967284202575684
1710535913621107011,9.06395149230957,-2.386636972427368,-3.501518487930298
1710535913648472644,9.071136474609375,-2.3890318870544434,-3.511098623275757
1710535913659033374,9.072334289550781,-2.385439395904541,-3.502716064453125
1710535913692907438,9.067543983459473,-2.386636972427368,-3.512296199798584
1710535913732816335,9.072334289550781,-2.3986120223999023,-3.490741014480591
1710535913755933961,9.084308624267578,-2.3986120223999023,-3.50032114982605
1710535913779057644,9.072334289550781,-2.3878345489501953,-3.503913640975952
1710535913819050972,9.073531150817871,-2.3818469047546387,-3.511098623275757
1710535913837938921,9.06395149230957,-2.397414445877075,-3.512296199798584
1710535913865424097,9.059161186218262,-2.3794519901275635,-3.50032114982605
1710535913897024283,9.075926780700684,-2.393821954727173,-3.4967284202575684
1710535913901210607,9.061556816101074,-2.392624616622925,-3.490741014480591
1710535913903268391,9.079519271850586,-2.385439395904541,-3.4991235733032227
1710535913934640049,9.081913948059082,-2.3818469047546387,-3.4967284202575684
1710535913951574734,9.075926780700684,-2.3722667694091797,-3.4967284202575684
1710535913964137531,9.07832145690918,-2.3818469047546387,-3.50032114982605
1710535913985339249,9.066346168518066,-2.3782544136047363,-3.490741014480591
1710535914003980792,9.066346168518066,-2.3782544136047363,-3.490741014480591
1710535914012421012,9.065149307250977,-2.373464345932007,-3.520678758621216
1710535914018523715,9.075926780700684,-2.3878345489501953,-3.50032114982605
1710535914033344851,9.077123641967773,-2.384242057800293,-3.5051109790802
1710535914069337088,9.071136474609375,-2.3782544136047363,-3.4979259967803955
1710535914090271701,9.060359001159668,-2.363884210586548,-3.490741014480591
1710535914119521448,9.056766510009766,-2.393821954727173,-3.4991235733032227
1710535914142811021,9.065149307250977,-2.39501953125,-3.502716064453125
1710535914161610711,9.059161186218262,-2.3794519901275635,-3.503913640975952
1710535914188715254,9.074728965759277,-2.3914270401000977,-3.493135929107666
1710535914209797004,9.083111763000488,-2.3818469047546387,-3.5075061321258545
1710535914211894526,9.083111763000488,-2.3818469047546387,-3.5075061321258545
1710535914228615063,9.069938659667969,-2.3818469047546387,-3.503913640975952
1710535914239760944,9.06395149230957,-2.3794519901275635,-3.491938591003418
1710535914269064889,9.073531150817871,-2.393821954727173,-3.5087037086486816
1710535914344921580,9.07832145690918,-2.383044481277466,-3.5158886909484863
1710535914359068851,9.059161186218262,-2.383044481277466,-3.5087037086486816
1710535914382160819,9.048383712768555,-2.392624616622925,-3.4991235733032227
1710535914405160140,9.073531150817871,-2.3782544136047363,-3.494333505630493
1710535914421945832,9.06395149230957,-2.3782544136047363,-3.494333505630493
1710535914424018657,9.071136474609375,-2.393821954727173,-3.4955310821533203
1710535914445194165,9.068741798400879,-2.385439395904541,-3.4955310821533203
1710535914470468536,9.054370880126953,-2.386636972427368,-3.502716064453125
1710535914483198987,9.06395149230957,-2.3794519901275635,-3.4991235733032227
1710535914525256630,9.06395149230957,-2.3722667694091797,-3.503913640975952
1710535914527288741,9.066346168518066,-2.3818469047546387,-3.493135929107666
1710535914548393745,9.066346168518066,-2.3902294635772705,-3.493135929107666
1710535914571359593,9.065149307250977,-2.3890318870544434,-3.5063085556030273
1710535914581882366,9.065149307250977,-2.3890318870544434,-3.5063085556030273
1710535914636591500,9.075926780700684,-2.383044481277466,-3.4979259967803955
1710535914640809347,9.07832145690918,-2.377056837081909,-3.5051109790802
1710535914674393647,9.065149307250977,-2.396217107772827,-3.5075061321258545
1710535914701698269,9.065149307250977,-2.3794519901275635,-3.4979259967803955
1710535914716551297,9.077123641967773,-2.3986120223999023,-3.503913640975952
1710535914752302361,9.067543983459473,-2.385439395904541,-3.4955310821533203
1710535914758571599,9.067543983459473,-2.3818469047546387,-3.5075061321258545
1710535914783805840,9.060359001159668,-2.3878345489501953,-3.50032114982605
1710535914838502834,9.075926780700684,-2.3878345489501953,-3.5063085556030273
1710535914842558634,9.07832145690918,-2.375859260559082,-3.4991235733032227
1710535914872907608,9.065149307250977,-2.392624616622925,-3.50032114982605
1710535914880413701,9.065149307250977,-2.392624616622925,-3.50032114982605
1710535914907778620,9.079519271850586,-2.3878345489501953,-3.513493537902832
1710535914937225895,9.068741798400879,-2.3806493282318115,-3.5051109790802
1710535914949848711,9.084308624267578,-2.393821954727173,-3.5063085556030273
1710535914971118055,9.074728965759277,-2.396217107772827,-3.494333505630493
1710535914996138979,9.087902069091797,-2.39501953125,-3.4991235733032227
1710535915027617873,9.05556869506836,-2.3782544136047363,-3.4979259967803955
1710535915044130293,9.05077838897705,-2.4010071754455566,-3.4883458614349365
1710535915069683494,9.066346168518066,-2.3890318870544434,-3.491938591003418
1710535915098935302,9.08670425415039,-2.3686742782592773,-3.5099010467529297
1710535915105154555,9.08670425415039,-2.383044481277466,-3.5182836055755615
1710535915132714221,9.060359001159668,-2.3806493282318115,-3.490741014480591
1710535915176700734,9.090296745300293,-2.412982225418091,-3.511098623275757
1710535915208332084,9.090296745300293,-2.412982225418091,-3.511098623275757
1710535915254372170,9.068741798400879,-2.3722667694091797,-3.4955310821533203
1710535915282004374,9.074728965759277,-2.397414445877075,-3.4883458614349365
1710535915300725340,9.057964324951172,-2.383044481277466,-3.494333505630493
1710535915317383111,9.072334289550781,-2.4081921577453613,-3.5087037086486816
1710535915328104811,9.066346168518066,-2.3806493282318115,-3.490741014480591
1710535915355271463,9.066346168518066,-2.3806493282318115,-3.490741014480591
1710535915357533502,9.072334289550781,-2.384242057800293,-3.5051109790802
1710535915363711285,9.065149307250977,-2.375859260559082,-3.4955310821533203
1710535915391028789,9.081913948059082,-2.384242057800293,-3.511098623275757
1710535915452066457,9.049581527709961,-2.3986120223999023,-3.491938591003418
1710535915472991066,9.068741798400879,-2.3590941429138184,-3.4979259967803955
1710535915489638253,9.065149307250977,-2.397414445877075,-3.502716064453125
1710535915511028427,9.06395149230957,-2.396217107772827,-3.50032114982605
1710535915521137957,9.06395149230957,-2.3722667694091797,-3.4991235733032227
1710535915546358541,9.067543983459473,-2.383044481277466,-3.491938591003418
1710535915587134903,9.079519271850586,-2.3914270401000977,-3.502716064453125
1710535915619852709,9.080716133117676,-2.384242057800293,-3.5051109790802
1710535915647293843,9.08670425415039,-2.384242057800293,-3.4991235733032227
1710535915655842699,9.084308624267578,-2.3890318870544434,-3.494333505630493
1710535915683059611,9.08670425415039,-2.3806493282318115,-3.5075061321258545
1710535915693523888,9.074728965759277,-2.3998095989227295,-3.502716064453125
1710535915708311009,9.065149307250977,-2.383044481277466,-3.4991235733032227
1710535915727390006,9.081913948059082,-2.375859260559082,-3.501518487930298
1710535915752543205,9.074728965759277,-2.383044481277466,-3.512296199798584
1710535915756827312,9.074728965759277,-2.3782544136047363,-3.5051109790802
1710535915788483816,9.079519271850586,-2.3998095989227295,-3.50032114982605
1710535915794800714,9.066346168518066,-2.383044481277466,-3.4979259967803955
1710535915813084026,9.081913948059082,-2.3794519901275635,-3.503913640975952
1710535915826179958,9.061556816101074,-2.3782544136047363,-3.5051109790802
1710535915851457604,9.081913948059082,-2.3986120223999023,-3.50032114982605
1710535915874417079,9.06395149230957,-2.3998095989227295,-3.503913640975952
1710535915901891250,9.069938659667969,-2.385439395904541,-3.4967284202575684
1710535915922821509,9.06395149230957,-2.3626868724823,-3.502716064453125
1710535915943864801,9.080716133117676,-2.3794519901275635,-3.493135929107666
1710535915960535548,9.059161186218262,-2.4022045135498047,-3.5051109790802
1710535915988163337,9.056766510009766,-2.4010071754455566,-3.5099010467529297
1710535916017294546,9.074728965759277,-2.3782544136047363,-3.521876335144043
1710535916025809827,9.081913948059082,-2.39501953125,-3.503913640975952
1710535916047262168,9.068741798400879,-2.3806493282318115,-3.4979259967803955
1710535916072293241,9.087902069091797,-2.397414445877075,-3.5063085556030273
1710535916082808622,9.06395149230957,-2.3686742782592773,-3.4895434379577637
1710535916099712415,9.071136474609375,-2.406994581222534,-3.4955310821533203
1710535916154380574,9.069938659667969,-2.385439395904541,-3.5063085556030273
1710535916156464406,9.06395149230957,-2.3782544136047363,-3.4883458614349365
1710535916177375049,9.089098930358887,-2.3914270401000977,-3.513493537902832
1710535916183678322,9.075926780700684,-2.3710694313049316,-3.5063085556030273
1710535916217132035,9.054370880126953,-2.393821954727173,-3.503913640975952
1710535916236191978,9.075926780700684,-2.404599666595459,-3.5063085556030273
1710535916257117236,9.062753677368164,-2.386636972427368,-3.503913640975952
1710535916278241343,9.068741798400879,-2.375859260559082,-3.4991235733032227
1710535916307794893,9.075926780700684,-2.384242057800293,-3.503913640975952
1710535916330698096,9.075926780700684,-2.3902294635772705,-3.502716064453125
1710535916351809496,9.073531150817871,-2.383044481277466,-3.4991235733032227
1710535916372743234,9.080716133117676,-2.393821954727173,-3.4883458614349365
1710535916383102713,9.080716133117676,-2.3710694313049316,-3.4991235733032227
1710535916387443386,9.080716133117676,-2.39501953125,-3.5170862674713135
1710535916393528057,9.075926780700684,-2.397414445877075,-3.4979259967803955
1710535916418002027,9.085506439208984,-2.385439395904541,-3.5099010467529297
1710535916422981274,9.069938659667969,-2.3806493282318115,-3.4955310821533203
1710535916431680898,9.083111763000488,-2.383044481277466,-3.4991235733032227
1710535916444385528,9.07832145690918,-2.3878345489501953,-3.502716064453125
1710535916456845125,9.065149307250977,-2.3914270401000977,-3.502716064453125
1710535916540863021,9.065149307250977,-2.3794519901275635,-3.511098623275757
1710535916561894123,9.057964324951172,-2.392624616622925,-3.4967284202575684
1710535916572933683,9.056766510009766,-2.384242057800293,-3.5063085556030273
1710535916587268419,9.07832145690918,-2.386636972427368,-3.4895434379577637
1710535916599816771,9.06395149230957,-2.3818469047546387,-3.494333505630493
1710535916612462149,9.067543983459473,-2.3806493282318115,-3.4967284202575684
1710535916671457614,9.067543983459473,-2.39501953125,-3.503913640975952
1710535916692324510,9.06395149230957,-2.383044481277466,-3.493135929107666
1710535916742941657,9.069938659667969,-2.3890318870544434,-3.493135929107666
1710535916774668094,9.068741798400879,-2.3878345489501953,-3.493135929107666
1710535916791338586,9.079519271850586,-2.386636972427368,-3.503913640975952
1710535916812389123,9.07832145690918,-2.397414445877075,-3.4991235733032227
1710535916841395101,9.065149307250977,-2.377056837081909,-3.5051109790802
1710535916858355537,9.068741798400879,-2.383044481277466,-3.5194811820983887
1710535916875066168,9.06395149230957,-2.403402090072632,-3.4991235733032227
1710535916891976915,9.071136474609375,-2.3794519901275635,-3.4979259967803955
1710535916908888117,9.068741798400879,-2.384242057800293,-3.494333505630493
1710535916936198537,9.083111763000488,-2.386636972427368,-3.4991235733032227
1710535916956987973,9.084308624267578,-2.373464345932007,-3.5063085556030273
1710535916984313117,9.062753677368164,-2.3914270401000977,-3.4955310821533203
1710535917011565488,9.069938659667969,-2.3710694313049316,-3.5158886909484863
1710535917077268106,9.068741798400879,-2.3878345489501953,-3.502716064453125
1710535917096238411,9.051976203918457,-2.385439395904541,-3.4967284202575684
1710535917102687190,9.075926780700684,-2.3998095989227295,-3.4991235733032227
1710535917119332812,9.062753677368164,-2.3878345489501953,-3.4991235733032227
1710535917132033824,9.065149307250977,-2.3878345489501953,-3.4991235733032227
1710535917151007156,9.071136474609375,-2.3782544136047363,-3.4991235733032227
1710535917157301043,9.07832145690918,-2.3902294635772705,-3.4991235733032227
1710535917203756253,9.08670425415039,-2.377056837081909,-3.4967284202575684
1710535917218977462,9.067543983459473,-2.3890318870544434,-3.5075061321258545
1710535917220338776,9.079519271850586,-2.3902294635772705,-3.502716064453125
1710535917237165336,9.071136474609375,-2.3878345489501953,-3.501518487930298
1710535917266865144,9.069938659667969,-2.3878345489501953,-3.4967284202575684
1710535917279354788,9.08670425415039,-2.386636972427368,-3.503913640975952
1710535917296243921,9.06395149230957,-2.3878345489501953,-3.520678758621216
1710535917317195323,9.079519271850586,-2.3986120223999023,-3.5099010467529297
1710535917332024231,9.06395149230957,-2.3914270401000977,-3.4955310821533203
1710535917363525725,9.093889236450195,-2.384242057800293,-3.5158886909484863
1710535917372001499,9.072334289550781,-2.39501953125,-3.501518487930298
1710535917394900847,9.072334289550781,-2.3794519901275635,-3.5099010467529297
1710535917458127323,9.060359001159668,-2.3998095989227295,-3.502716064453125
1710535917468511088,9.083111763000488,-2.386636972427368,-3.502716064453125
1710535917525341871,9.072334289550781,-2.404599666595459,-3.50032114982605
1710535917578425598,9.080716133117676,-2.3818469047546387,-3.4991235733032227
1710535917588251475,9.069938659667969,-2.3890318870544434,-3.50032114982605
1710535917607199327,9.059161186218262,-2.3986120223999023,-3.50032114982605
1710535917663997504,9.05556869506836,-2.377056837081909,-3.5051109790802
1710535917712550564,9.059161186218262,-2.377056837081909,-3.4991235733032227
1710535917788375058,9.075926780700684,-2.4022045135498047,-3.5099010467529297
1710535917794661441,9.069938659667969,-2.3914270401000977,-3.50032114982605
1710535917813471288,9.077123641967773,-2.386636972427368,-3.512296199798584
1710535917828236081,9.067543983459473,-2.36747670173645,-3.4991235733032227
1710535917864218419,9.071136474609375,-2.377056837081909,-3.502716064453125
1710535917870468378,9.061556816101074,-2.3998095989227295,-3.494333505630493
1710535917893342205,9.062753677368164,-2.3902294635772705,-3.493135929107666
1710535917922933148,9.062753677368164,-2.377056837081909,-3.503913640975952
1710535917943850256,9.065149307250977,-2.3902294635772705,-3.4979259967803955
1710535917985859219,9.072334289550781,-2.3794519901275635,-3.493135929107666
1710535917992081318,9.067543983459473,-2.384242057800293,-3.503913640975952
1710535918009045151,9.06395149230957,-2.3878345489501953,-3.491938591003418
1710535918074070789,9.073531150817871,-2.373464345932007,-3.503913640975952
1710535918090915047,9.068741798400879,-2.3794519901275635,-3.4979259967803955
1710535918111889547,9.060359001159668,-2.3998095989227295,-3.5075061321258545
1710535918143593364,9.057964324951172,-2.3914270401000977,-3.4799633026123047
1710535918181212070,9.068741798400879,-2.3782544136047363,-3.4883458614349365
1710535918185343779,9.072334289550781,-2.396217107772827,-3.501518487930298
1710535918200056519,9.083111763000488,-2.393821954727173,-3.494333505630493
1710535918216249261,9.073531150817871,-2.3818469047546387,-3.4955310821533203
1710535918260928313,9.071136474609375,-2.375859260559082,-3.4991235733032227
1710535918275633298,9.065149307250977,-2.373464345932007,-3.501518487930298
1710535918300744633,9.065149307250977,-2.373464345932007,-3.501518487930298
1710535918313263126,9.073531150817871,-2.3698718547821045,-3.501518487930298
1710535918328029937,9.077123641967773,-2.393821954727173,-3.490741014480591
1710535918353137998,9.08670425415039,-2.3794519901275635,-3.494333505630493
1710535918380555041,9.066346168518066,-2.384242057800293,-3.4979259967803955
1710535918393083363,9.077123641967773,-2.393821954727173,-3.4979259967803955
1710535918411828857,9.069938659667969,-2.393821954727173,-3.4967284202575684
1710535918422418324,9.06395149230957,-2.39501953125,-3.4967284202575684
1710535918464594314,9.072334289550781,-2.3686742782592773,-3.490741014480591
1710535918477057251,9.062753677368164,-2.377056837081909,-3.494333505630493
1710535918498113885,9.083111763000488,-2.383044481277466,-3.4967284202575684
1710535918518989143,9.08670425415039,-2.396217107772827,-3.4979259967803955
1710535918561025440,9.071136474609375,-2.374661922454834,-3.4955310821533203
1710535918584205561,9.071136474609375,-2.374661922454834,-3.4955310821533203
1710535918590652720,9.068741798400879,-2.393821954727173,-3.5099010467529297
1710535918622405347,9.065149307250977,-2.3722667694091797,-3.4967284202575684
1710535918640772757,9.066346168518066,-2.392624616622925,-3.5063085556030273
1710535918666094067,9.077123641967773,-2.3902294635772705,-3.4991235733032227
1710535918680779376,9.061556816101074,-2.375859260559082,-3.50032114982605
1710535918731158496,9.068741798400879,-2.3890318870544434,-3.494333505630493
1710535918756320264,9.06395149230957,-2.3914270401000977,-3.5051109790802
1710535918779283757,9.074728965759277,-2.396217107772827,-3.4955310821533203
1710535918802448249,9.062753677368164,-2.3914270401000977,-3.50032114982605
1710535918836205079,9.068741798400879,-2.3722667694091797,-3.4991235733032227
1710535918890753295,9.081913948059082,-2.377056837081909,-3.493135929107666
1710535918949566454,9.067543983459473,-2.3998095989227295,-3.503913640975952
1710535919006158347,9.065149307250977,-2.3902294635772705,-3.494333505630493
1710535919010376944,9.062753677368164,-2.3806493282318115,-3.4967284202575684
1710535919031321308,9.07832145690918,-2.3806493282318115,-3.5075061321258545
1710535919104857496,9.080716133117676,-2.3818469047546387,-3.50032114982605
1710535919108928989,9.079519271850586,-2.396217107772827,-3.4967284202575684
1710535919169825519,9.077123641967773,-2.385439395904541,-3.5051109790802
1710535919182546079,9.067543983459473,-2.3914270401000977,-3.501518487930298
1710535919195054774,9.081913948059082,-2.3818469047546387,-3.514691114425659
1710535919216248209,9.065149307250977,-2.3890318870544434,-3.50032114982605
1710535919228398832,9.07832145690918,-2.3806493282318115,-3.502716064453125
1710535919235063703,9.07832145690918,-2.3902294635772705,-3.4955310821533203
1710535919258017677,9.087902069091797,-2.3902294635772705,-3.494333505630493
1710535919281522226,9.060359001159668,-2.386636972427368,-3.490741014480591
1710535919291420345,9.08670425415039,-2.386636972427368,-3.502716064453125
1710535919331542356,9.069938659667969,-2.3794519901275635,-3.5075061321258545
1710535919350688766,9.07832145690918,-2.375859260559082,-3.503913640975952
1710535919377506772,9.069938659667969,-2.383044481277466,-3.494333505630493
1710535919392289709,9.069938659667969,-2.386636972427368,-3.4991235733032227
1710535919409256746,9.074728965759277,-2.385439395904541,-3.501518487930298
1710535919429947656,9.075926780700684,-2.3902294635772705,-3.5075061321258545
1710535919444525788,9.075926780700684,-2.374661922454834,-3.4967284202575684
1710535919484493645,9.07832145690918,-2.3878345489501953,-3.491938591003418
1710535919507661711,9.065149307250977,-2.384242057800293,-3.502716064453125
1710535919549904455,9.067543983459473,-2.384242057800293,-3.512296199798584
1710535919562263451,9.067543983459473,-2.3794519901275635,-3.4979259967803955
1710535919587410632,9.068741798400879,-2.3710694313049316,-3.50032114982605
1710535919703784002,9.069938659667969,-2.3902294635772705,-3.4967284202575684
1710535919747527807,9.07832145690918,-2.375859260559082,-3.5075061321258545
1710535919766008441,9.069938659667969,-2.384242057800293,-3.491938591003418
1710535919785006829,9.067543983459473,-2.3890318870544434,-3.5051109790802
1710535919812187314,9.080716133117676,-2.3890318870544434,-3.4967284202575684
1710535919837437442,9.065149307250977,-2.3806493282318115,-3.4895434379577637
1710535919854198219,9.081913948059082,-2.374661922454834,-3.4991235733032227
1710535919877363029,9.068741798400879,-2.4022045135498047,-3.5063085556030273
1710535919902504702,9.080716133117676,-2.397414445877075,-3.5063085556030273
1710535919913190239,9.080716133117676,-2.397414445877075,-3.5063085556030273
1710535919927681519,9.069938659667969,-2.384242057800293,-3.5182836055755615
1710535919946679456,9.057964324951172,-2.393821954727173,-3.4979259967803955
1710535920009700246,9.083111763000488,-2.3878345489501953,-3.4871485233306885
1710535920024016825,9.072334289550781,-2.3722667694091797,-3.502716064453125
1710535920041121586,9.077123641967773,-2.386636972427368,-3.5075061321258545
1710535920047292563,9.069938659667969,-2.4010071754455566,-3.502716064453125
1710535920074835151,9.071136474609375,-2.4010071754455566,-3.4967284202575684
1710535920095836156,9.07832145690918,-2.392624616622925,-3.502716064453125
1710535920121013744,9.071136474609375,-2.392624616622925,-3.4979259967803955
1710535920179870123,9.080716133117676,-2.397414445877075,-3.4991235733032227
1710535920198835754,9.074728965759277,-2.3806493282318115,-3.491938591003418
1710535920217755918,9.072334289550781,-2.377056837081909,-3.501518487930298
1710535920230669678,9.06395149230957,-2.39501953125,-3.494333505630493
1710535920249459737,9.062753677368164,-2.374661922454834,-3.502716064453125
1710535920251949615,9.067543983459473,-2.3722667694091797,-3.4991235733032227
1710535920266223329,9.079519271850586,-2.3818469047546387,-3.501518487930298
1710535920297569149,9.069938659667969,-2.377056837081909,-3.4967284202575684
1710535920320899385,9.066346168518066,-2.392624616622925,-3.513493537902832
1710535920330053275,9.083111763000488,-2.386636972427368,-3.502716064453125
1710535920348371430,9.085506439208984,-2.3818469047546387,-3.501518487930298
1710535920363034495,9.087902069091797,-2.385439395904541,-3.4991235733032227
1710535920379817841,9.08670425415039,-2.384242057800293,-3.491938591003418
1710535920396560462,9.084308624267578,-2.406994581222534,-3.4955310821533203
1710535920427827640,9.073531150817871,-2.3818469047546387,-3.4979259967803955
1710535920444791949,9.067543983459473,-2.39501953125,-3.4991235733032227
1710535920461641686,9.080716133117676,-2.3806493282318115,-3.501518487930298
1710535920468066448,9.05556869506836,-2.393821954727173,-3.493135929107666
1710535920514317971,9.079519271850586,-2.384242057800293,-3.50032114982605
1710535920522526698,9.077123641967773,-2.3806493282318115,-3.502716064453125
1710535920547650443,9.06395149230957,-2.384242057800293,-3.490741014480591
1710535920570811394,9.067543983459473,-2.4022045135498047,-3.50032114982605
1710535920608535298,9.071136474609375,-2.404599666595459,-3.4979259967803955
1710535920612869338,9.092691421508789,-2.3818469047546387,-3.4979259967803955
1710535920637913382,9.066346168518066,-2.373464345932007,-3.4991235733032227
1710535920680191438,9.071136474609375,-2.3890318870544434,-3.494333505630493
1710535920711593619,9.084308624267578,-2.404599666595459,-3.4991235733032227
1710535920728623584,9.080716133117676,-2.3806493282318115,-3.5075061321258545
1710535920787279556,9.085506439208984,-2.3782544136047363,-3.4991235733032227
1710535920811350379,9.065149307250977,-2.3986120223999023,-3.494333505630493
1710535920825073260,9.073531150817871,-2.4010071754455566,-3.494333505630493
1710535920839950074,9.065149307250977,-2.384242057800293,-3.501518487930298
1710535920856946900,9.072334289550781,-2.393821954727173,-3.494333505630493
1710535920915899489,9.075926780700684,-2.384242057800293,-3.5051109790802
1710535920938855292,9.065149307250977,-2.384242057800293,-3.4991235733032227
1710535920955725017,9.07832145690918,-2.383044481277466,-3.4895434379577637
1710535920964137379,9.071136474609375,-2.377056837081909,-3.5075061321258545
1710535920997792203,9.068741798400879,-2.406994581222534,-3.4967284202575684
1710535921042226426,9.056766510009766,-2.3818469047546387,-3.4979259967803955
1710535921050493906,9.069938659667969,-2.3878345489501953,-3.494333505630493
1710535921073678435,9.062753677368164,-2.386636972427368,-3.511098623275757
1710535921094466573,9.071136474609375,-2.3806493282318115,-3.4895434379577637
1710535921124087875,9.065149307250977,-2.383044481277466,-3.494333505630493
1710535921134446900,9.080716133117676,-2.3818469047546387,-3.4979259967803955
1710535921157771786,9.065149307250977,-2.386636972427368,-3.4967284202575684
1710535921161828632,9.065149307250977,-2.383044481277466,-3.490741014480591
1710535921197529042,9.057964324951172,-2.384242057800293,-3.4955310821533203
1710535921241662440,9.080716133117676,-2.392624616622925,-3.4883458614349365
1710535921277299632,9.071136474609375,-2.3890318870544434,-3.50032114982605
1710535921285695887,9.060359001159668,-2.384242057800293,-3.502716064453125
1710535921315240214,9.069938659667969,-2.36747670173645,-3.484753370285034
1710535921331968752,9.062753677368164,-2.386636972427368,-3.493135929107666
1710535921346808977,9.06395149230957,-2.3890318870544434,-3.493135929107666
1710535921371994772,9.060359001159668,-2.385439395904541,-3.4979259967803955
1710535921401665326,9.084308624267578,-2.3806493282318115,-3.491938591003418
1710535921454515365,9.069938659667969,-2.386636972427368,-3.50032114982605
1710535921481482053,9.061556816101074,-2.3818469047546387,-3.5051109790802
1710535921513060140,9.083111763000488,-2.396217107772827,-3.50032114982605
1710535921532061699,9.067543983459473,-2.3902294635772705,-3.4991235733032227
1710535921567854806,9.061556816101074,-2.383044481277466,-3.4955310821533203
1710535921630781857,9.057964324951172,-2.3806493282318115,-3.4895434379577637
1710535921687616976,9.080716133117676,-2.393821954727173,-3.5182836055755615
1710535921715058838,9.065149307250977,-2.3902294635772705,-3.490741014480591
1710535921738332288,9.073531150817871,-2.3914270401000977,-3.50032114982605
1710535921750848689,9.061556816101074,-2.3902294635772705,-3.513493537902832
1710535921759302364,9.068741798400879,-2.3806493282318115,-3.4991235733032227
1710535921765328668,9.068741798400879,-2.3806493282318115,-3.4991235733032227
1710535921794871703,9.074728965759277,-2.3902294635772705,-3.501518487930298
1710535921817489858,9.061556816101074,-2.3878345489501953,-3.50032114982605
1710535921831292080,9.067543983459473,-2.3998095989227295,-3.5063085556030273
1710535921870652884,9.061556816101074,-2.385439395904541,-3.4979259967803955
1710535921887359909,9.077123641967773,-2.3998095989227295,-3.4979259967803955
1710535921906318316,9.084308624267578,-2.3806493282318115,-3.502716064453125
1710535921942358603,9.077123641967773,-2.377056837081909,-3.494333505630493
1710535921967550348,9.068741798400879,-2.4022045135498047,-3.491938591003418
1710535921992647630,9.083111763000488,-2.386636972427368,-3.494333505630493
1710535922028221610,9.065149307250977,-2.3890318870544434,-3.4991235733032227
1710535922053236506,9.07832145690918,-2.3878345489501953,-3.503913640975952
1710535922068057380,9.087902069091797,-2.392624616622925,-3.501518487930298
1710535922072397936,9.066346168518066,-2.3914270401000977,-3.491938591003418
1710535922095529531,9.090296745300293,-2.377056837081909,-3.501518487930298
1710535922120831017,9.066346168518066,-2.3794519901275635,-3.502716064453125
1710535922144124601,9.071136474609375,-2.3878345489501953,-3.5063085556030273
1710535922165042304,9.066346168518066,-2.3902294635772705,-3.4979259967803955
1710535922230181839,9.07832145690918,-2.392624616622925,-3.4979259967803955
1710535922242816685,9.05556869506836,-2.3998095989227295,-3.491938591003418
1710535922326988776,9.069938659667969,-2.386636972427368,-3.4883458614349365
1710535922333146186,9.069938659667969,-2.377056837081909,-3.5063085556030273
1710535922349926801,9.074728965759277,-2.3878345489501953,-3.501518487930298
1710535922379462514,9.074728965759277,-2.383044481277466,-3.502716064453125
1710535922406820017,9.065149307250977,-2.3878345489501953,-3.5063085556030273
1710535922438249185,9.06395149230957,-2.3818469047546387,-3.493135929107666
1710535922446924673,9.077123641967773,-2.3794519901275635,-3.493135929107666
1710535922453942799,9.065149307250977,-2.385439395904541,-3.511098623275757
1710535922461545362,9.071136474609375,-2.3794519901275635,-3.4955310821533203
1710535922501626546,9.077123641967773,-2.3806493282318115,-3.491938591003418
1710535922505847672,9.057964324951172,-2.385439395904541,-3.503913640975952
1710535922539609661,9.072334289550781,-2.3782544136047363,-3.494333505630493
1710535922558345627,9.065149307250977,-2.383044481277466,-3.501518487930298
1710535922590247364,9.065149307250977,-2.3986120223999023,-3.502716064453125
1710535922596329610,9.05556869506836,-2.385439395904541,-3.491938591003418
1710535922625828028,9.068741798400879,-2.383044481277466,-3.4979259967803955
1710535922642479478,9.065149307250977,-2.392624616622925,-3.4871485233306885
1710535922667863489,9.059161186218262,-2.405797004699707,-3.494333505630493
1710535922669927748,9.062753677368164,-2.373464345932007,-3.50032114982605
1710535922684734462,9.068741798400879,-2.383044481277466,-3.5075061321258545
1710535922693138006,9.06395149230957,-2.374661922454834,-3.503913640975952
1710535922714091203,9.084308624267578,-2.3890318870544434,-3.5087037086486816
1710535922735359753,9.068741798400879,-2.373464345932007,-3.4979259967803955
1710535922748188132,9.059161186218262,-2.397414445877075,-3.5051109790802
1710535922756242897,9.080716133117676,-2.3722667694091797,-3.513493537902832
1710535922859236150,9.079519271850586,-2.375859260559082,-3.494333505630493
1710535922891006557,9.073531150817871,-2.383044481277466,-3.494333505630493
1710535922926748609,9.068741798400879,-2.374661922454834,-3.490741014480591
1710535922950020863,9.07832145690918,-2.374661922454834,-3.5075061321258545
1710535922977485224,9.071136474609375,-2.386636972427368,-3.501518487930298
1710535923067227697,9.079519271850586,-2.375859260559082,-3.4967284202575684
1710535923139282507,9.06395149230957,-2.373464345932007,-3.502716064453125
1710535923166471909,9.080716133117676,-2.3914270401000977,-3.50032114982605
1710535923189476634,9.06395149230957,-2.385439395904541,-3.4895434379577637
1710535923233757750,9.07832145690918,-2.396217107772827,-3.494333505630493
1710535923254662254,9.080716133117676,-2.374661922454834,-3.491938591003418
1710535923269512827,9.065149307250977,-2.377056837081909,-3.4883458614349365
1710535923275818064,9.067543983459473,-2.3878345489501953,-3.4991235733032227
1710535923282168449,9.087902069091797,-2.3902294635772705,-3.5051109790802
1710535923351383582,9.077123641967773,-2.396217107772827,-3.4955310821533203
1710535923374368452,9.081913948059082,-2.3794519901275635,-3.501518487930298
1710535923401763590,9.061556816101074,-2.3986120223999023,-3.4799633026123047
1710535923447782543,9.065149307250977,-2.3998095989227295,-3.5063085556030273
1710535923481242172,9.081913948059082,-2.386636972427368,-3.5087037086486816
1710535923504450586,9.072334289550781,-2.396217107772827,-3.501518487930298
1710535923508684055,9.083111763000488,-2.4117846488952637,-3.5170862674713135
1710535923540433870,9.081913948059082,-2.384242057800293,-3.5087037086486816
1710535923542434984,9.056766510009766,-2.383044481277466,-3.490741014480591
1710535923548695331,9.071136474609375,-2.366279363632202,-3.50032114982605
1710535923576002754,9.072334289550781,-2.3519091606140137,-3.4955310821533203
1710535923590803346,9.085506439208984,-2.404599666595459,-3.521876335144043
1710535923616524026,9.092691421508789,-2.4022045135498047,-3.5063085556030273
1710535923628870818,9.077123641967773,-2.3782544136047363,-3.4967284202575684
1710535923632831340,9.080716133117676,-2.393821954727173,-3.4979259967803955
1710535923647544400,9.087902069091797,-2.3698718547821045,-3.4979259967803955
1710535923653949759,9.062753677368164,-2.373464345932007,-3.5194811820983887
1710535923679287746,9.0914945602417,-2.423759698867798,-3.4883458614349365
1710535923689896468,9.066346168518066,-2.3818469047546387,-3.512296199798584
1710535923731839738,9.060359001159668,-2.3782544136047363,-3.502716064453125
1710535923750844467,9.075926780700684,-2.3806493282318115,-3.511098623275757
1710535923759229648,9.049581527709961,-2.3986120223999023,-3.482358455657959
1710535923786353039,9.085506439208984,-2.3483166694641113,-3.4955310821533203
1710535923824230481,9.068741798400879,-2.36747670173645,-3.50032114982605
1710535923832715619,9.074728965759277,-2.3495142459869385,-3.4871485233306885
1710535923839048328,9.060359001159668,-2.3614892959594727,-3.483555793762207
1710535923878926619,9.062753677368164,-2.383044481277466,-3.4883458614349365
1710535923891568646,9.0914945602417,-2.3878345489501953,-3.494333505630493
1710535923923155161,9.0914945602417,-2.3878345489501953,-3.494333505630493
1710535923971446341,9.062753677368164,-2.4081921577453613,-3.520678758621216
1710535923996600665,9.07832145690918,-2.3902294635772705,-3.5051109790802
1710535924032236324,9.089098930358887,-2.353106737136841,-3.502716064453125
1710535924036099577,9.072334289550781,-2.3818469047546387,-3.5075061321258545
1710535924067808904,9.069938659667969,-2.3614892959594727,-3.5278637409210205
1710535924098030654,9.062753677368164,-2.377056837081909,-3.464395761489868
1710535924105799757,9.083111763000488,-2.345921516418457,-3.512296199798584
1710535924120731134,9.067543983459473,-2.373464345932007,-3.4979259967803955
1710535924126764156,9.084308624267578,-2.3626868724823,-3.5170862674713135
1710535924158460815,9.062753677368164,-2.3914270401000977,-3.4883458614349365
1710535924170928413,9.079519271850586,-2.392624616622925,-3.4679882526397705
1710535924183402401,9.075926780700684,-2.3986120223999023,-3.503913640975952
1710535924206540671,9.069938659667969,-2.3890318870544434,-3.4955310821533203
1710535924219047921,9.075926780700684,-2.393821954727173,-3.5087037086486816
1710535924231684165,9.073531150817871,-2.3519091606140137,-3.4859509468078613
1710535924246609263,9.085506439208984,-2.373464345932007,-3.50032114982605
1710535924269643119,9.074728965759277,-2.356699228286743,-3.5182836055755615
1710535924303054805,9.069938659667969,-2.375859260559082,-3.501518487930298
1710535924319914304,9.06395149230957,-2.3519091606140137,-3.501518487930298
1710535924360001618,9.06395149230957,-2.3914270401000977,-3.5182836055755615
1710535924368406099,9.067543983459473,-2.3782544136047363,-3.4955310821533203
1710535924380951700,9.072334289550781,-2.3315515518188477,-3.5063085556030273
1710535924417212095,9.071136474609375,-2.3902294635772705,-3.4763708114624023
1710535924424748269,9.097481727600098,-2.3578968048095703,-3.531456232070923
1710535924441659996,9.093889236450195,-2.384242057800293,-3.5374438762664795
1710535924475486412,9.065149307250977,-2.4022045135498047,-3.4655933380126953
1710535924502753590,9.07832145690918,-2.373464345932007,-3.5099010467529297
1710535924523685475,9.08670425415039,-2.365081787109375,-3.5266661643981934
1710535924544670500,9.057964324951172,-2.392624616622925,-3.520678758621216
1710535924548714574,9.057964324951172,-2.392624616622925,-3.520678758621216
1710535924578289777,9.081913948059082,-2.423759698867798,-3.4979259967803955
1710535924593132179,9.05077838897705,-2.3399341106414795,-3.4655933380126953
1710535924601373068,9.05077838897705,-2.3399341106414795,-3.4655933380126953
1710535924628882263,9.07832145690918,-2.3806493282318115,-3.524271249771118
1710535924675439161,9.062753677368164,-2.3722667694091797,-3.4895434379577637
1710535924689537849,9.06395149230957,-2.3483166694641113,-3.513493537902832
1710535924704278157,9.057964324951172,-2.3818469047546387,-3.4991235733032227
1710535924737935242,9.062753677368164,-2.396217107772827,-3.5051109790802
1710535924742092669,9.059161186218262,-2.3602917194366455,-3.4991235733032227
1710535924748327896,9.077123641967773,-2.386636972427368,-3.511098623275757
1710535924836602653,9.056766510009766,-2.4081921577453613,-3.473975896835327
1710535924880850092,9.093889236450195,-2.3614892959594727,-3.513493537902832
1710535924910433737,9.079519271850586,-2.365081787109375,-3.511098623275757
1710535924944064878,9.089098930358887,-2.386636972427368,-3.5170862674713135
1710535924979882039,9.072334289550781,-2.3914270401000977,-3.490741014480591
1710535925053069578,9.085506439208984,-2.3998095989227295,-3.5290613174438477
1710535925063827629,9.07832145690918,-2.3590941429138184,-3.531456232070923
1710535925082828114,9.071136474609375,-2.4010071754455566,-3.524271249771118
1710535925122851022,9.054370880126953,-2.393821954727173,-3.513493537902832
1710535925148060676,9.056766510009766,-2.4189696311950684,-3.5099010467529297
1710535925177659149,9.044791221618652,-2.336341619491577,-3.502716064453125
1710535925202873868,9.062753677368164,-2.3590941429138184,-3.491938591003418
1710535925230157002,9.074728965759277,-2.4201672077178955,-3.4895434379577637
1710535925255394428,9.069938659667969,-2.397414445877075,-3.4955310821533203
1710535925272431647,9.060359001159668,-2.405797004699707,-3.5266661643981934
1710535925320724754,9.068741798400879,-2.3483166694641113,-3.523073673248291
1710535925337490195,9.054370880126953,-2.4022045135498047,-3.503913640975952
1710535925358400156,9.074728965759277,-2.4022045135498047,-3.50032114982605
1710535925377277258,9.077123641967773,-2.3782544136047363,-3.512296199798584
1710535925402423332,9.084308624267578,-2.39501953125,-3.531456232070923
1710535925431960210,9.087902069091797,-2.3614892959594727,-3.523073673248291
1710535925452856018,9.073531150817871,-2.3626868724823,-3.5158886909484863
1710535925478102025,9.067543983459473,-2.4093897342681885,-3.5182836055755615
1710535925515789494,9.084308624267578,-2.392624616622925,-3.513493537902832
1710535925543350946,9.075926780700684,-2.4201672077178955,-3.4979259967803955
1710535925562078125,9.080716133117676,-2.414179801940918,-3.5158886909484863
1710535925589329485,9.07832145690918,-2.375859260559082,-3.491938591003418
1710535925656743089,9.072334289550781,-2.383044481277466,-3.490741014480591
1710535925662948266,9.080716133117676,-2.393821954727173,-3.530258893966675
1710535925673376708,9.066346168518066,-2.3698718547821045,-3.501518487930298
1710535925763781228,9.068741798400879,-2.3626868724823,-3.513493537902832
1710535925770165946,9.06395149230957,-2.3782544136047363,-3.4859509468078613
1710535925778266515,9.07832145690918,-2.4309449195861816,-3.520678758621216
1710535925792984152,9.067543983459473,-2.355501651763916,-3.5063085556030273
1710535925822367014,9.06395149230957,-2.384242057800293,-3.5194811820983887
1710535925826455418,9.066346168518066,-2.3794519901275635,-3.5182836055755615
1710535925849637507,9.071136474609375,-2.3986120223999023,-3.513493537902832
1710535925866665840,9.067543983459473,-2.356699228286743,-3.493135929107666
1710535925883356779,9.072334289550781,-2.3998095989227295,-3.5170862674713135
1710535925915210457,9.06395149230957,-2.365081787109375,-3.4967284202575684
1710535925923432369,9.07832145690918,-2.393821954727173,-3.520678758621216
1710535925929718768,9.081913948059082,-2.416574716567993,-3.533851385116577
1710535925931842686,9.062753677368164,-2.4177722930908203,-3.514691114425659
1710535925954981249,9.062753677368164,-2.3602917194366455,-3.4895434379577637
1710535925961320226,9.079519271850586,-2.3590941429138184,-3.5099010467529297
1710535925986602275,9.073531150817871,-2.396217107772827,-3.524271249771118
1710535925999152959,9.079519271850586,-2.3890318870544434,-3.531456232070923
1710535926005435985,9.066346168518066,-2.377056837081909,-3.5075061321258545
1710535926026347412,9.077123641967773,-2.392624616622925,-3.5290613174438477
1710535926036946450,9.077123641967773,-2.392624616622925,-3.5290613174438477
1710535926062407221,9.075926780700684,-2.39501953125,-3.5194811820983887
1710535926085190813,9.073531150817871,-2.4010071754455566,-3.530258893966675
1710535926121057415,9.065149307250977,-2.347119092941284,-3.4895434379577637
1710535926152739342,9.073531150817871,-2.347119092941284,-3.501518487930298
1710535926188399342,9.072334289550781,-2.345921516418457,-3.502716064453125
1710535926234581547,9.073531150817871,-2.39501953125,-3.5194811820983887
1710535926249422783,9.071136474609375,-2.3578968048095703,-3.50032114982605
1710535926293525158,9.067543983459473,-2.3722667694091797,-3.503913640975952
1710535926334137605,9.06395149230957,-2.375859260559082,-3.5051109790802
1710535926348093235,9.065149307250977,-2.3495142459869385,-3.4991235733032227
1710535926363108454,9.071136474609375,-2.386636972427368,-3.5158886909484863
1710535926434375235,9.066346168518066,-2.3806493282318115,-3.4955310821533203
1710535926436467380,9.083111763000488,-2.3818469047546387,-3.531456232070923
1710535926487233920,9.081913948059082,-2.4117846488952637,-3.5075061321258545
1710535926508137874,9.081913948059082,-2.383044481277466,-3.5278637409210205
1710535926520860103,9.069938659667969,-2.3626868724823,-3.523073673248291
1710535926531345962,9.065149307250977,-2.397414445877075,-3.4967284202575684
1710535926545987557,9.075926780700684,-2.3686742782592773,-3.5266661643981934
1710535926573275757,9.075926780700684,-2.4081921577453613,-3.524271249771118
1710535926581697406,9.068741798400879,-2.396217107772827,-3.494333505630493
1710535926598578821,9.079519271850586,-2.375859260559082,-3.5170862674713135
1710535926616232471,9.079519271850586,-2.375859260559082,-3.5170862674713135
