bag_timestamp_ns,accel0_x,accel0_y,accel0_z
1710536051844664388,9.079519271850586,-2.365081787109375,-3.53265380859375
1710536051863909281,9.07832145690918,-2.3698718547821045,-3.530258893966675
1710536051891084590,9.072334289550781,-2.373464345932007,-3.511098623275757
1710536051897315976,9.073531150817871,-2.363884210586548,-3.531456232070923
1710536051918325066,9.079519271850586,-2.3878345489501953,-3.5398387908935547
1710536051935314968,9.075926780700684,-2.397414445877075,-3.5266661643981934
1710536051943761347,9.083111763000488,-2.353106737136841,-3.5290613174438477
1710536051969107936,9.072334289550781,-2.3698718547821045,-3.511098623275757
1710536052012523865,9.069938659667969,-2.377056837081909,-3.53265380859375
1710536052025549256,9.065149307250977,-2.3890318870544434,-3.5087037086486816
1710536052040484869,9.067543983459473,-2.366279363632202,-3.5266661643981934
1710536052061422678,9.066346168518066,-2.383044481277466,-3.5170862674713135
1710536052099412039,9.061556816101074,-2.3626868724823,-3.4991235733032227
1710536052105567020,9.066346168518066,-2.375859260559082,-3.531456232070923
1710536052135090044,9.079519271850586,-2.354304313659668,-3.5254688262939453
1710536052158098252,9.06395149230957,-2.3710694313049316,-3.520678758621216
1710536052214728567,9.067543983459473,-2.393821954727173,-3.513493537902832
1710536052229313235,9.071136474609375,-2.3710694313049316,-3.5290613174438477
1710536052265384580,9.090296745300293,-2.3722667694091797,-3.524271249771118
1710536052286409044,9.069938659667969,-2.3722667694091797,-3.5158886909484863
1710536052324099799,9.065149307250977,-2.375859260559082,-3.511098623275757
1710536052347014529,9.06395149230957,-2.393821954727173,-3.5063085556030273
1710536052357639956,9.083111763000488,-2.365081787109375,-3.5290613174438477
1710536052376406579,9.05556869506836,-2.3710694313049316,-3.4991235733032227
1710536052386935566,9.084308624267578,-2.36747670173645,-3.535048723220825
1710536052426828100,9.069938659667969,-2.363884210586548,-3.5254688262939453
1710536052443611826,9.057964324951172,-2.3626868724823,-3.5051109790802
1710536052483523865,9.06395149230957,-2.3578968048095703,-3.5051109790802
1710536052498133580,9.069938659667969,-2.3590941429138184,-3.511098623275757
1710536052510807380,9.062753677368164,-2.3806493282318115,-3.5063085556030273
1710536052534025791,9.065149307250977,-2.3495142459869385,-3.531456232070923
1710536052559407689,9.072334289550781,-2.36747670173645,-3.5170862674713135
1710536052575857669,9.071136474609375,-2.3818469047546387,-3.513493537902832
1710536052614983607,9.07832145690918,-2.375859260559082,-3.521876335144043
1710536052651692011,9.073531150817871,-2.3722667694091797,-3.5374438762664795
1710536052661031845,9.069938659667969,-2.3710694313049316,-3.5290613174438477
1710536052677279802,9.079519271850586,-2.3590941429138184,-3.5254688262939453
1710536052729471798,9.068741798400879,-2.385439395904541,-3.5170862674713135
1710536052733624664,9.083111763000488,-2.383044481277466,-3.5182836055755615
1710536052752605602,9.071136474609375,-2.3698718547821045,-3.514691114425659
1710536052758849641,9.087902069091797,-2.3794519901275635,-3.5278637409210205
1710536052781999994,9.069938659667969,-2.3698718547821045,-3.5290613174438477
1710536052798704981,9.06395149230957,-2.397414445877075,-3.512296199798584
1710536052817426978,9.066346168518066,-2.365081787109375,-3.5254688262939453
1710536052851496168,9.06395149230957,-2.3818469047546387,-3.4967284202575684
1710536052853383049,9.067543983459473,-2.373464345932007,-3.503913640975952
1710536052876520409,9.071136474609375,-2.365081787109375,-3.520678758621216
1710536052891216479,9.069938659667969,-2.356699228286743,-3.5278637409210205
1710536052912250096,9.083111763000488,-2.366279363632202,-3.531456232070923
1710536052950024471,9.075926780700684,-2.377056837081909,-3.521876335144043
1710536052967130254,9.068741798400879,-2.383044481277466,-3.5194811820983887
1710536052981574552,9.079519271850586,-2.3423290252685547,-3.521876335144043
1710536052996459157,9.080716133117676,-2.36747670173645,-3.5182836055755615
1710536053040600747,9.066346168518066,-2.3818469047546387,-3.521876335144043
1710536053059788003,9.07832145690918,-2.3794519901275635,-3.523073673248291
1710536053074493377,9.062753677368164,-2.344724178314209,-3.5099010467529297
1710536053099793119,9.056766510009766,-2.3590941429138184,-3.5254688262939453
1710536053106133043,9.071136474609375,-2.392624616622925,-3.524271249771118
1710536053131025617,9.069938659667969,-2.392624616622925,-3.521876335144043
1710536053147983928,9.065149307250977,-2.366279363632202,-3.523073673248291
1710536053188055488,9.083111763000488,-2.3626868724823,-3.520678758621216
1710536053194357646,9.073531150817871,-2.386636972427368,-3.5051109790802
1710536053223673044,9.065149307250977,-2.384242057800293,-3.5278637409210205
1710536053255157582,9.07832145690918,-2.4105870723724365,-3.5266661643981934
1710536053261322301,9.069938659667969,-2.392624616622925,-3.514691114425659
1710536053295215640,9.062753677368164,-2.3710694313049316,-3.502716064453125
1710536053313916545,9.060359001159668,-2.33514404296875,-3.4991235733032227
1710536053322296631,9.068741798400879,-2.3902294635772705,-3.5087037086486816
1710536053355901946,9.073531150817871,-2.3602917194366455,-3.5398387908935547
1710536053362399583,9.073531150817871,-2.3483166694641113,-3.5278637409210205
1710536053402181457,9.061556816101074,-2.385439395904541,-3.503913640975952
1710536053415111297,9.069938659667969,-2.3507115840911865,-3.5254688262939453
1710536053415257109,9.056766510009766,-2.3818469047546387,-3.493135929107666
1710536053448528824,9.060359001159668,-2.323168992996216,-3.5158886909484863
1710536053450508498,9.074728965759277,-2.3387365341186523,-3.533851385116577
1710536053469404315,9.079519271850586,-2.354304313659668,-3.514691114425659
1710536053503476974,9.079519271850586,-2.363884210586548,-3.5374438762664795
1710536053520061673,9.06395149230957,-2.3602917194366455,-3.5099010467529297
1710536053534652418,9.066346168518066,-2.36747670173645,-3.521876335144043
1710536053577017882,9.060359001159668,-2.3399341106414795,-3.4799633026123047
1710536053616750941,9.08670425415039,-2.436932325363159,-3.542233943939209
1710536053639755041,9.051976203918457,-2.3495142459869385,-3.484753370285034
1710536053648228524,9.080716133117676,-2.2692809104919434,-3.535048723220825
1710536053660977364,9.065149307250977,-2.3123912811279297,-3.520678758621216
1710536053684186923,9.057964324951172,-2.4213647842407227,-3.490741014480591
1710536053686187020,9.097481727600098,-2.495610237121582,-3.600911855697632
1710536053707238104,9.054370880126953,-2.315983772277832,-3.5278637409210205
1710536053734496214,9.073531150817871,-2.3099963665008545,-3.5278637409210205
1710536053753270729,9.077123641967773,-2.3207738399505615,-3.550616502761841
1710536053765914261,9.059161186218262,-2.433339834213257,-3.5374438762664795
1710536053780590893,9.087902069091797,-2.4201672077178955,-3.5194811820983887
1710536053801689783,9.073531150817871,-2.293231248855591,-3.481160879135132
1710536053824831755,9.062753677368164,-2.393821954727173,-3.5075061321258545
1710536053852183932,9.061556816101074,-2.347119092941284,-3.5158886909484863
1710536053864618060,9.074728965759277,-2.336341619491577,-3.5194811820983887
1710536053887899312,9.075926780700684,-2.3818469047546387,-3.530258893966675
1710536053908710373,9.071136474609375,-2.304008722305298,-3.5661840438842773
1710536053921603705,9.071136474609375,-2.2585034370422363,-3.520678758621216
1710536053938156720,9.072334289550781,-2.4477100372314453,-3.523073673248291
1710536053950824721,9.072334289550781,-2.4477100372314453,-3.523073673248291
1710536053967664427,9.05077838897705,-2.3279590606689453,-3.4883458614349365
1710536053997087265,9.067543983459473,-2.355501651763916,-3.5494189262390137
1710536054012835513,9.068741798400879,-2.397414445877075,-3.550616502761841
1710536054022351093,9.08670425415039,-2.384242057800293,-3.6057019233703613
1710536054043300485,9.07832145690918,-2.347119092941284,-3.5781590938568115
1710536054062175296,9.084308624267578,-2.426154851913452,-3.523073673248291
1710536054074888310,9.08670425415039,-2.4189696311950684,-3.5554065704345703
1710536054100096490,9.080716133117676,-2.224973201751709,-3.542233943939209
1710536054125137755,9.087902069091797,-2.4297473430633545,-3.501518487930298
1710536054158859448,9.05556869506836,-2.363884210586548,-3.4667906761169434
1710536054192374518,9.075926780700684,-2.36747670173645,-3.535048723220825
1710536054249294679,9.05077838897705,-2.3626868724823,-3.4967284202575684
1710536054263980680,9.073531150817871,-2.332749128341675,-3.5182836055755615
1710536054293586953,9.057964324951172,-2.3423290252685547,-3.4871485233306885
1710536054333318895,9.077123641967773,-2.4501049518585205,-3.5482213497161865
1710536054366864097,9.077123641967773,-2.4596850872039795,-3.5601966381073
1710536054373102551,9.095087051391602,-2.403402090072632,-3.5865416526794434
1710536054381584093,9.069938659667969,-2.393821954727173,-3.4655933380126953
1710536054428022901,9.079519271850586,-2.2896387577056885,-3.4584081172943115
1710536054455859739,9.087902069091797,-2.385439395904541,-3.5853443145751953
1710536054469931412,9.068741798400879,-2.365081787109375,-3.503913640975952
1710536054495373312,9.06395149230957,-2.396217107772827,-3.490741014480591
1710536054531757032,9.084308624267578,-2.33514404296875,-3.5458264350891113
1710536054566949999,9.096283912658691,-2.453697443008423,-3.531456232070923
1710536054600444518,9.062753677368164,-2.325563907623291,-3.453618049621582
1710536054627907077,9.080716133117676,-2.353106737136841,-3.484753370285034
1710536054659236298,9.036408424377441,-2.416574716567993,-3.451223134994507
1710536054684540209,9.06395149230957,-2.3590941429138184,-3.514691114425659
1710536054711904701,9.060359001159668,-2.2680835723876953,-3.4955310821533203
1710536054732891769,9.081913948059082,-2.347119092941284,-3.541036367416382
1710536054754129946,9.095087051391602,-2.503993034362793,-3.573369026184082
1710536054770974141,9.035211563110352,-2.2812561988830566,-3.415297746658325
1710536054777208446,9.089098930358887,-2.3626868724823,-3.612886905670166
1710536054806564699,9.05077838897705,-2.4285497665405273,-3.4488282203674316
1710536054818979843,9.098679542541504,-2.384242057800293,-3.584146738052368
1710536054840238478,9.104666709899902,-2.353106737136841,-3.640429735183716
1710536054859543851,9.049581527709961,-2.4692652225494385,-3.4476306438446045
1710536054886475000,8.986113548278809,-2.4393274784088135,-3.370990037918091
1710536054909354892,9.016051292419434,-2.544708251953125,-3.351829767227173
1710536054924265395,9.073531150817871,-2.2393431663513184,-3.550616502761841
1710536054934666387,9.079519271850586,-2.3495142459869385,-3.5374438762664795
1710536054964252262,9.092691421508789,-2.2980213165283203,-3.590134382247925
1710536054980976259,9.080716133117676,-2.3195765018463135,-3.4883458614349365
1710536055031828243,9.072334289550781,-2.36747670173645,-3.5554065704345703
1710536055043854610,9.087902069091797,-2.393821954727173,-3.5781590938568115
1710536055071332754,9.060359001159668,-2.306403875350952,-3.5170862674713135
1710536055079644598,9.059161186218262,-2.354304313659668,-3.4979259967803955
1710536055106969161,9.074728965759277,-2.3782544136047363,-3.524271249771118
1710536055117220393,9.07832145690918,-2.3483166694641113,-3.5170862674713135
1710536055144720797,9.05556869506836,-2.336341619491577,-3.4727783203125
1710536055193188799,9.097481727600098,-2.383044481277466,-3.6392321586608887
1710536055197325605,9.0914945602417,-2.3710694313049316,-3.582949161529541
1710536055213486516,9.0914945602417,-2.3710694313049316,-3.582949161529541
1710536055222355765,9.093889236450195,-2.446512460708618,-3.535048723220825
1710536055241291074,9.08670425415039,-2.326761484146118,-3.5781590938568115
1710536055266472048,9.054370880126953,-2.3914270401000977,-3.5051109790802
1710536055283504555,9.06395149230957,-2.3902294635772705,-3.4883458614349365
1710536055369539813,9.062753677368164,-2.2992186546325684,-3.5266661643981934
1710536055373702924,9.060359001159668,-2.375859260559082,-3.502716064453125
1710536055386601061,9.080716133117676,-2.384242057800293,-3.5757641792297363
1710536055436945870,9.047185897827148,-2.2980213165283203,-3.4859509468078613
1710536055483105854,9.057964324951172,-2.4010071754455566,-3.542233943939209
1710536055507987292,9.079519271850586,-2.39501953125,-3.512296199798584
1710536055577412352,9.080716133117676,-2.42256236076355,-3.542233943939209
1710536055598375981,9.087902069091797,-2.457289934158325,-3.511098623275757
1710536055604635901,9.074728965759277,-2.272873640060425,-3.541036367416382
1710536055615013027,9.084308624267578,-2.403402090072632,-3.551814079284668
1710536055623634248,9.042396545410156,-2.4489073753356934,-3.5158886909484863
1710536055642546256,9.06395149230957,-2.384242057800293,-3.5182836055755615
1710536055651190885,9.060359001159668,-2.324366569519043,-3.520678758621216
1710536055663497035,9.074728965759277,-2.4117846488952637,-3.5374438762664795
1710536055703626545,9.062753677368164,-2.415377140045166,-3.521876335144043
1710536055718487169,9.067543983459473,-2.426154851913452,-3.5374438762664795
1710536055743700310,9.061556816101074,-2.3698718547821045,-3.531456232070923
1710536055760477709,9.069938659667969,-2.3399341106414795,-3.5278637409210205
1710536055796182760,9.059161186218262,-2.3818469047546387,-3.4955310821533203
1710536055829863324,9.05077838897705,-2.405797004699707,-3.482358455657959
1710536055836253796,9.089098930358887,-2.3399341106414795,-3.541036367416382
1710536055855191946,9.08670425415039,-2.434537410736084,-3.523073673248291
1710536055869868324,9.061556816101074,-2.366279363632202,-3.5158886909484863
1710536055882447945,9.059161186218262,-2.3387365341186523,-3.523073673248291
1710536055905614629,9.108259201049805,-2.3890318870544434,-3.5781590938568115
1710536055916161308,9.108259201049805,-2.3890318870544434,-3.5781590938568115
1710536055933158526,9.065149307250977,-2.2716760635375977,-3.4895434379577637
1710536055958200015,9.06395149230957,-2.4010071754455566,-3.512296199798584
1710536055985429698,9.051976203918457,-2.426154851913452,-3.473975896835327
1710536056092558916,9.071136474609375,-2.412982225418091,-3.530258893966675
1710536056115958130,9.095087051391602,-2.3902294635772705,-3.5685791969299316
1710536056120040600,9.060359001159668,-2.384242057800293,-3.541036367416382
1710536056143236355,9.07832145690918,-2.385439395904541,-3.542233943939209
1710536056170669228,9.059161186218262,-2.4177722930908203,-3.5099010467529297
1710536056185401199,9.084308624267578,-2.3722667694091797,-3.520678758621216
1710536056227287357,9.075926780700684,-2.345921516418457,-3.5087037086486816
1710536056233958911,9.068741798400879,-2.377056837081909,-3.503913640975952
1710536056252790153,9.059161186218262,-2.345921516418457,-3.4979259967803955
1710536056288417000,9.057964324951172,-2.355501651763916,-3.521876335144043
1710536056299012425,9.047185897827148,-2.355501651763916,-3.493135929107666
1710536056307299990,9.075926780700684,-2.3495142459869385,-3.5087037086486816
1710536056338815183,9.071136474609375,-2.354304313659668,-3.544628858566284
1710536056361966609,9.065149307250977,-2.4273521900177,-3.5158886909484863
1710536056408891065,9.062753677368164,-2.3794519901275635,-3.512296199798584
1710536056420594748,9.072334289550781,-2.392624616622925,-3.5278637409210205
1710536056426879844,9.06395149230957,-2.3399341106414795,-3.5254688262939453
1710536056449848445,9.077123641967773,-2.3986120223999023,-3.5757641792297363
1710536056458242534,9.080716133117676,-2.386636972427368,-3.5601966381073
1710536056473061650,9.056766510009766,-2.3315515518188477,-3.512296199798584
1710536056492925204,9.068741798400879,-2.434537410736084,-3.535048723220825
1710536056527772746,9.090296745300293,-2.3507115840911865,-3.5781590938568115
1710536056553038708,9.060359001159668,-2.3507115840911865,-3.541036367416382
1710536056578333876,9.075926780700684,-2.3076012134552,-3.524271249771118
1710536056608934209,9.085506439208984,-2.452500104904175,-3.5578014850616455
1710536056630771052,9.068741798400879,-2.3602917194366455,-3.5063085556030273
1710536056632860922,9.053174018859863,-2.30281138420105,-3.4859509468078613
1710536056645641183,9.077123641967773,-2.3626868724823,-3.5290613174438477
1710536056662481773,9.056766510009766,-2.3483166694641113,-3.554208993911743
1710536056691898870,9.057964324951172,-2.347119092941284,-3.4775683879852295
1710536056727735425,9.085506439208984,-2.4213647842407227,-3.550616502761841
1710536056746501932,9.056766510009766,-2.4297473430633545,-3.484753370285034
1710536056814025487,9.067543983459473,-2.3590941429138184,-3.524271249771118
1710536056818087824,9.059161186218262,-2.3698718547821045,-3.5386414527893066
1710536056864281141,9.079519271850586,-2.3818469047546387,-3.5290613174438477
1710536056874917333,9.081913948059082,-2.384242057800293,-3.5601966381073
1710536056885277384,9.093889236450195,-2.416574716567993,-3.542233943939209
1710536056912665309,9.056766510009766,-2.3423290252685547,-3.531456232070923
1710536056921010521,9.075926780700684,-2.3722667694091797,-3.535048723220825
1710536056938017079,9.065149307250977,-2.3626868724823,-3.4991235733032227
1710536056946351980,9.079519271850586,-2.332749128341675,-3.5362462997436523
1710536056980048650,9.087902069091797,-2.4213647842407227,-3.53265380859375
1710536057013337379,9.07832145690918,-2.353106737136841,-3.503913640975952
1710536057043228625,9.07832145690918,-2.4273521900177,-3.5386414527893066
1710536057101893384,9.07832145690918,-2.3099963665008545,-3.53265380859375
1710536057129266994,9.05556869506836,-2.3602917194366455,-3.4799633026123047
1710536057141837497,9.065149307250977,-2.227368116378784,-3.5278637409210205
1710536057181709570,9.074728965759277,-2.324366569519043,-3.53265380859375
1710536057215268120,9.07832145690918,-2.406994581222534,-3.5470240116119385
1710536057244922011,9.080716133117676,-2.4093897342681885,-3.573369026184082
1710536057291145948,9.085506439208984,-2.3710694313049316,-3.544628858566284
1710536057297266732,9.072334289550781,-2.36747670173645,-3.543431282043457
1710536057335264098,9.061556816101074,-2.42256236076355,-3.4955310821533203
1710536057367237424,9.079519271850586,-2.424957275390625,-3.543431282043457
1710536057391715508,9.080716133117676,-2.392624616622925,-3.5374438762664795
1710536057433802017,9.069938659667969,-2.3219714164733887,-3.5158886909484863
1710536057471794094,9.077123641967773,-2.397414445877075,-3.5398387908935547
1710536057499099500,9.067543983459473,-2.333946466445923,-3.521876335144043
1710536057526429546,9.077123641967773,-2.3806493282318115,-3.5494189262390137
1710536057545289446,9.07832145690918,-2.397414445877075,-3.5458264350891113
1710536057566229730,9.065149307250977,-2.356699228286743,-3.494333505630493
1710536057591560568,9.080716133117676,-2.4213647842407227,-3.5194811820983887
1710536057618902153,9.077123641967773,-2.3998095989227295,-3.551814079284668
1710536057639924911,9.083111763000488,-2.3219714164733887,-3.572171688079834
1710536057645895830,9.089098930358887,-2.4022045135498047,-3.5362462997436523
1710536057656511690,9.07832145690918,-2.3076012134552,-3.542233943939209
1710536057692378560,9.07832145690918,-2.3076012134552,-3.531456232070923
1710536057697204505,9.048383712768555,-2.405797004699707,-3.5063085556030273
1710536057715239758,9.071136474609375,-2.45489501953125,-3.5158886909484863
1710536057738779698,9.08670425415039,-2.257305860519409,-3.533851385116577
1710536057778684972,9.071136474609375,-2.406994581222534,-3.5063085556030273
1710536057799554177,9.092691421508789,-2.306403875350952,-3.5494189262390137
1710536057862566421,9.061556816101074,-2.392624616622925,-3.5194811820983887
1710536057908995615,9.092691421508789,-2.305206298828125,-3.5458264350891113
1710536057936121857,9.069938659667969,-2.36747670173645,-3.562591552734375
1710536057946792684,9.059161186218262,-2.3183789253234863,-3.502716064453125
1710536057980535635,9.054370880126953,-2.446512460708618,-3.490741014480591
1710536058001322601,9.090296745300293,-2.2285656929016113,-3.5566039085388184
1710536058075073993,9.0914945602417,-2.39501953125,-3.5769617557525635
1710536058087486660,9.072334289550781,-2.296823740005493,-3.4691858291625977
1710536058121369982,9.07832145690918,-2.304008722305298,-3.5182836055755615
1710536058131840125,9.057964324951172,-2.30281138420105,-3.520678758621216
1710536058165484800,9.098679542541504,-2.4189696311950684,-3.5769617557525635
1710536058195007939,9.062753677368164,-2.293231248855591,-3.4787659645080566
1710536058260229823,9.061556816101074,-2.2896387577056885,-3.5087037086486816
1710536058279086849,9.056766510009766,-2.4297473430633545,-3.4763708114624023
1710536058315078644,9.069938659667969,-2.3315515518188477,-3.490741014480591
1710536058342246700,9.075926780700684,-2.347119092941284,-3.533851385116577
1710536058359104048,9.069938659667969,-2.3387365341186523,-3.50032114982605
1710536058438949111,9.090296745300293,-2.3686742782592773,-3.562591552734375
1710536058462028164,9.071136474609375,-2.3495142459869385,-3.53265380859375
1710536058470581012,9.085506439208984,-2.333946466445923,-3.550616502761841
1710536058502787953,9.097481727600098,-2.3507115840911865,-3.5458264350891113
1710536058521324001,9.071136474609375,-2.436932325363159,-3.561393976211548
1710536058584365165,9.056766510009766,-2.383044481277466,-3.5087037086486816
1710536058588435892,9.065149307250977,-2.3986120223999023,-3.482358455657959
1710536058607475994,9.06395149230957,-2.384242057800293,-3.490741014480591
1710536058647637894,9.077123641967773,-2.3423290252685547,-3.543431282043457
1710536058671210986,9.090296745300293,-2.3782544136047363,-3.553011417388916
1710536058704257255,9.051976203918457,-2.392624616622925,-3.4991235733032227
1710536058723124044,9.080716133117676,-2.333946466445923,-3.5386414527893066
1710536058826126374,9.060359001159668,-2.2585034370422363,-3.482358455657959
1710536058881004665,9.077123641967773,-2.3183789253234863,-3.544628858566284
1710536058918738324,9.067543983459473,-2.3782544136047363,-3.5051109790802
1710536058943855396,9.077123641967773,-2.2884411811828613,-3.542233943939209
1710536058965108511,9.077123641967773,-2.3099963665008545,-3.5194811820983887
1710536058977535855,9.072334289550781,-2.3902294635772705,-3.554208993911743
1710536059023698469,9.077123641967773,-2.3998095989227295,-3.530258893966675
1710536059040549208,9.087902069091797,-2.377056837081909,-3.543431282043457
1710536059055220310,9.077123641967773,-2.326761484146118,-3.561393976211548
1710536059082599882,9.077123641967773,-2.3016138076782227,-3.5697765350341797
1710536059151861748,9.107061386108398,-2.2608983516693115,-3.614084482192993
1710536059187560327,9.081913948059082,-2.397414445877075,-3.550616502761841
1710536059193882694,9.098679542541504,-2.4297473430633545,-3.562591552734375
1710536059202208625,9.062753677368164,-2.323168992996216,-3.493135929107666
1710536059221077754,9.072334289550781,-2.3483166694641113,-3.5051109790802
1710536059246480604,9.066346168518066,-2.3626868724823,-3.523073673248291
1710536059275880046,9.074728965759277,-2.2824535369873047,-3.514691114425659
1710536059294658302,9.065149307250977,-2.3794519901275635,-3.531456232070923
1710536059311594529,9.085506439208984,-2.392624616622925,-3.5685791969299316
1710536059330436948,9.085506439208984,-2.392624616622925,-3.5685791969299316
1710536059338684429,9.069938659667969,-2.3411316871643066,-3.544628858566284
1710536059353740535,9.085506439208984,-2.3303539752960205,-3.553011417388916
1710536059385042387,9.069938659667969,-2.3483166694641113,-3.511098623275757
1710536059391358250,9.068741798400879,-2.3686742782592773,-3.514691114425659
1710536059431020750,9.07832145690918,-2.404599666595459,-3.524271249771118
1710536059435233088,9.06395149230957,-2.404599666595459,-3.524271249771118
1710536059452212562,9.084308624267578,-2.3722667694091797,-3.5494189262390137
1710536059519622726,9.089098930358887,-2.39501953125,-3.573369026184082
1710536059525899041,9.068741798400879,-2.3626868724823,-3.5087037086486816
1710536059561708233,9.074728965759277,-2.343526601791382,-3.520678758621216
1710536059592983780,9.065149307250977,-2.323168992996216,-3.5063085556030273
1710536059615530583,9.073531150817871,-2.446512460708618,-3.511098623275757
1710536059616102384,9.060359001159668,-2.4189696311950684,-3.5362462997436523
1710536059632830317,9.059161186218262,-2.337538957595825,-3.523073673248291
1710536059679150970,9.067543983459473,-2.3495142459869385,-3.514691114425659
1710536059748376773,9.07832145690918,-2.336341619491577,-3.530258893966675
1710536059760983684,9.057964324951172,-2.386636972427368,-3.533851385116577
1710536059773525979,9.062753677368164,-2.3602917194366455,-3.503913640975952
1710536059817504564,9.087902069091797,-2.403402090072632,-3.563789129257202
1710536059826036753,9.074728965759277,-2.3495142459869385,-3.5254688262939453
1710536059832305645,9.077123641967773,-2.353106737136841,-3.513493537902832
1710536059863726735,9.066346168518066,-2.3890318870544434,-3.530258893966675
1710536059889113746,9.081913948059082,-2.3698718547821045,-3.5458264350891113
1710536059912147285,9.068741798400879,-2.36747670173645,-3.5194811820983887
1710536059931295536,9.069938659667969,-2.355501651763916,-3.501518487930298
1710536059983408720,9.059161186218262,-2.3495142459869385,-3.5290613174438477
1710536060000368004,9.085506439208984,-2.36747670173645,-3.5458264350891113
1710536060027837589,9.065149307250977,-2.3399341106414795,-3.53265380859375
1710536060040319158,9.068741798400879,-2.4177722930908203,-3.5386414527893066
1710536060063613637,9.083111763000488,-2.386636972427368,-3.544628858566284
1710536060082337552,9.067543983459473,-2.355501651763916,-3.5158886909484863
1710536060118120627,9.069938659667969,-2.3387365341186523,-3.514691114425659
1710536060133502428,9.080716133117676,-2.373464345932007,-3.4979259967803955
1710536060170461754,9.077123641967773,-2.3818469047546387,-3.533851385116577
1710536060179016221,9.074728965759277,-2.345921516418457,-3.5075061321258545
1710536060187353556,9.079519271850586,-2.3902294635772705,-3.520678758621216
1710536060200176561,9.073531150817871,-2.3986120223999023,-3.53265380859375
1710536060237829394,9.087902069091797,-2.344724178314209,-3.535048723220825
1710536060252785819,9.079519271850586,-2.396217107772827,-3.521876335144043
1710536060305154577,9.071136474609375,-2.3794519901275635,-3.5194811820983887
1710536060340859244,9.07832145690918,-2.3519091606140137,-3.5589990615844727
1710536060347145498,9.068741798400879,-2.374661922454834,-3.5266661643981934
1710536060368858065,9.07832145690918,-2.385439395904541,-3.531456232070923
1710536060374598098,9.079519271850586,-2.3818469047546387,-3.520678758621216
1710536060393504682,9.07832145690918,-2.3387365341186523,-3.512296199798584
1710536060420957260,9.075926780700684,-2.3626868724823,-3.520678758621216
1710536060477539031,9.074728965759277,-2.385439395904541,-3.5063085556030273
1710536060502663712,9.077123641967773,-2.324366569519043,-3.5099010467529297
1710536060542544057,9.066346168518066,-2.365081787109375,-3.5278637409210205
1710536060551044077,9.089098930358887,-2.412982225418091,-3.520678758621216
1710536060567708356,9.062753677368164,-2.383044481277466,-3.5266661643981934
1710536060592820554,9.079519271850586,-2.365081787109375,-3.5254688262939453
1710536060605398561,9.057964324951172,-2.363884210586548,-3.523073673248291
1710536060630811541,9.068741798400879,-2.3303539752960205,-3.513493537902832
1710536060647398458,9.068741798400879,-2.3303539752960205,-3.513493537902832
1710536060689530320,9.07832145690918,-2.4177722930908203,-3.5254688262939453
1710536060769661970,9.06395149230957,-2.3087987899780273,-3.4799633026123047
1710536060792871155,9.069938659667969,-2.403402090072632,-3.5578014850616455
1710536060815937044,9.069938659667969,-2.3303539752960205,-3.5386414527893066
1710536060874631399,9.085506439208984,-2.347119092941284,-3.5458264350891113
1710536060887987139,9.071136474609375,-2.333946466445923,-3.5278637409210205
1710536060895604923,9.163344383239746,-2.2321581840515137,-3.782933235168457
1710536060912414608,9.038804054260254,-2.424957275390625,-3.4188904762268066
1710536060941912692,9.038804054260254,-2.423759698867798,-3.400927782058716
1710536060963748659,9.083111763000488,-2.366279363632202,-3.530258893966675
1710536060967046547,9.057964324951172,-2.3423290252685547,-3.4596056938171387
1710536060990190750,9.062753677368164,-2.3818469047546387,-3.53265380859375
1710536060998611096,9.079519271850586,-2.435734748840332,-3.5494189262390137
1710536061034200799,9.061556816101074,-2.33514404296875,-3.4991235733032227
1710536061069907993,9.072334289550781,-2.314786434173584,-3.5278637409210205
1710536061078388839,9.057964324951172,-2.3399341106414795,-3.5087037086486816
1710536061084723359,9.081913948059082,-2.4273521900177,-3.5194811820983887
1710536061120515344,9.072334289550781,-2.333946466445923,-3.5182836055755615
1710536061160485635,9.075926780700684,-2.3686742782592773,-3.541036367416382
1710536061162447964,9.092691421508789,-2.404599666595459,-3.5470240116119385
1710536061185683554,9.045989036560059,-2.377056837081909,-3.452420711517334
1710536061198328033,9.072334289550781,-2.315983772277832,-3.5170862674713135
1710536061217126568,9.090296745300293,-2.3710694313049316,-3.5194811820983887
1710536061231989274,9.074728965759277,-2.3495142459869385,-3.4895434379577637
1710536061252781601,9.090296745300293,-2.4201672077178955,-3.5494189262390137
1710536061278165052,9.072334289550781,-2.2716760635375977,-3.501518487930298
1710536061288454692,9.065149307250977,-2.353106737136841,-3.4859509468078613
1710536061305246328,9.065149307250977,-2.3818469047546387,-3.503913640975952
1710536061324103839,9.065149307250977,-2.356699228286743,-3.4991235733032227
1710536061355884116,9.08670425415039,-2.414179801940918,-3.524271249771118
1710536061360094050,9.084308624267578,-2.403402090072632,-3.5278637409210205
1710536061393642159,9.073531150817871,-2.3578968048095703,-3.512296199798584
1710536061429185915,9.066346168518066,-2.3602917194366455,-3.4979259967803955
1710536061463271439,9.069938659667969,-2.3614892959594727,-3.471580743789673
1710536061484223115,9.066346168518066,-2.3722667694091797,-3.5051109790802
1710536061540797594,9.077123641967773,-2.4081921577453613,-3.511098623275757
1710536061572619990,9.061556816101074,-2.353106737136841,-3.493135929107666
1710536061613055938,9.067543983459473,-2.3614892959594727,-3.501518487930298
1710536061626812056,9.085506439208984,-2.343526601791382,-3.5099010467529297
1710536061662466868,9.067543983459473,-2.393821954727173,-3.512296199798584
1710536061681586804,9.073531150817871,-2.3626868724823,-3.4967284202575684
1710536061732137708,9.068741798400879,-2.3507115840911865,-3.520678758621216
1710536061757190219,9.08670425415039,-2.377056837081909,-3.531456232070923
1710536061770273118,9.077123641967773,-2.3710694313049316,-3.530258893966675
1710536061784477851,9.077123641967773,-2.3710694313049316,-3.530258893966675
1710536061797080085,9.07832145690918,-2.365081787109375,-3.5170862674713135
1710536061805407660,9.079519271850586,-2.416574716567993,-3.501518487930298
1710536061818128440,9.085506439208984,-2.415377140045166,-3.5266661643981934
1710536061834848388,9.053174018859863,-2.3411316871643066,-3.484753370285034
1710536061851724703,9.0914945602417,-2.355501651763916,-3.530258893966675
1710536061896025535,9.085506439208984,-2.3818469047546387,-3.5362462997436523
1710536061950663653,9.083111763000488,-2.3698718547821045,-3.5099010467529297
1710536061990829537,9.081913948059082,-2.3614892959594727,-3.501518487930298
1710536062053661227,9.085506439208984,-2.405797004699707,-3.511098623275757
1710536062074747670,9.075926780700684,-2.3507115840911865,-3.5362462997436523
1710536062114682637,9.069938659667969,-2.347119092941284,-3.5099010467529297
1710536062196477139,9.075926780700684,-2.3578968048095703,-3.524271249771118
1710536062215235225,9.075926780700684,-2.3578968048095703,-3.524271249771118
1710536062253347975,9.08670425415039,-2.365081787109375,-3.541036367416382
1710536062268086272,9.077123641967773,-2.337538957595825,-3.502716064453125
1710536062304003469,9.062753677368164,-2.353106737136841,-3.490741014480591
1710536062308034159,9.06395149230957,-2.3519091606140137,-3.481160879135132
1710536062331268773,9.060359001159668,-2.355501651763916,-3.4979259967803955
1710536062337474693,9.083111763000488,-2.3087987899780273,-3.5051109790802
1710536062356517558,9.074728965759277,-2.353106737136841,-3.4967284202575684
1710536062396454194,9.068741798400879,-2.3722667694091797,-3.521876335144043
1710536062398570397,9.067543983459473,-2.3890318870544434,-3.502716064453125
1710536062415212647,9.069938659667969,-2.3614892959594727,-3.5254688262939453
1710536062430092357,9.092691421508789,-2.3602917194366455,-3.5482213497161865
1710536062474216188,9.083111763000488,-2.3495142459869385,-3.523073673248291
1710536062478360252,9.072334289550781,-2.3806493282318115,-3.5063085556030273
1710536062501569344,9.075926780700684,-2.356699228286743,-3.5266661643981934
1710536062535353158,9.089098930358887,-2.355501651763916,-3.5374438762664795
1710536062558145385,9.089098930358887,-2.355501651763916,-3.5374438762664795
1710536062600258139,9.080716133117676,-2.3722667694091797,-3.5290613174438477
1710536062616002069,9.084308624267578,-2.377056837081909,-3.530258893966675
1710536062665502101,9.089098930358887,-2.406994581222534,-3.535048723220825
1710536062669728115,9.069938659667969,-2.305206298828125,-3.482358455657959
1710536062682304797,9.071136474609375,-2.3710694313049316,-3.533851385116577
1710536062707480542,9.066346168518066,-2.36747670173645,-3.4799633026123047
1710536062722142671,9.066346168518066,-2.36747670173645,-3.4799633026123047
1710536062730446944,9.07832145690918,-2.3602917194366455,-3.511098623275757
1710536062762075609,9.073531150817871,-2.3782544136047363,-3.511098623275757
1710536062816813484,9.096283912658691,-2.3111939430236816,-3.513493537902832
1710536062865307335,9.083111763000488,-2.385439395904541,-3.5087037086486816
1710536062879965416,9.077123641967773,-2.324366569519043,-3.5170862674713135
1710536062917724723,9.056766510009766,-2.343526601791382,-3.4883458614349365
1710536063025175072,9.081913948059082,-2.3507115840911865,-3.4955310821533203
1710536063050487739,9.081913948059082,-2.333946466445923,-3.530258893966675
1710536063076040404,9.066346168518066,-2.3483166694641113,-3.502716064453125
1710536063126348445,9.075926780700684,-2.392624616622925,-3.503913640975952
1710536063130435907,9.074728965759277,-2.3722667694091797,-3.535048723220825
1710536063157887005,9.080716133117676,-2.3016138076782227,-3.502716064453125
1710536063224935141,9.079519271850586,-2.33514404296875,-3.531456232070923
1710536063298389865,9.066346168518066,-2.3686742782592773,-3.491938591003418
1710536063310938461,9.075926780700684,-2.365081787109375,-3.533851385116577
1710536063323595322,9.069938659667969,-2.39501953125,-3.513493537902832
1710536063365758413,9.087902069091797,-2.3698718547821045,-3.511098623275757
1710536063380455268,9.074728965759277,-2.33514404296875,-3.521876335144043
1710536063401360814,9.079519271850586,-2.386636972427368,-3.502716064453125
1710536063418275707,9.079519271850586,-2.356699228286743,-3.531456232070923
1710536063439216875,9.084308624267578,-2.3890318870544434,-3.5254688262939453
1710536063443261113,9.077123641967773,-2.356699228286743,-3.502716064453125
1710536063512843658,9.06395149230957,-2.3099963665008545,-3.483555793762207
1710536063544366849,9.085506439208984,-2.423759698867798,-3.4955310821533203
1710536063548412597,9.085506439208984,-2.353106737136841,-3.5362462997436523
1710536063563162260,9.06395149230957,-2.405797004699707,-3.5075061321258545
1710536063590617892,9.08670425415039,-2.355501651763916,-3.514691114425659
1710536063616059544,9.071136474609375,-2.3818469047546387,-3.511098623275757
1710536063628169181,9.080716133117676,-2.343526601791382,-3.512296199798584
1710536063651400431,9.073531150817871,-2.415377140045166,-3.5087037086486816
1710536063666230074,9.069938659667969,-2.3890318870544434,-3.5158886909484863
1710536063684860872,9.067543983459473,-2.374661922454834,-3.5290613174438477
1710536063731229024,9.089098930358887,-2.332749128341675,-3.53265380859375
1710536063733705867,9.095087051391602,-2.344724178314209,-3.541036367416382
1710536063748021125,9.077123641967773,-2.3914270401000977,-3.535048723220825
1710536063771221303,9.071136474609375,-2.3123912811279297,-3.503913640975952
1710536063800442488,9.0914945602417,-2.3794519901275635,-3.511098623275757
1710536063834602594,9.089098930358887,-2.4213647842407227,-3.5398387908935547
1710536063838633323,9.062753677368164,-2.36747670173645,-3.530258893966675
1710536063857093935,9.077123641967773,-2.3902294635772705,-3.502716064453125
1710536063874299545,9.056766510009766,-2.393821954727173,-3.494333505630493
1710536063890718695,9.087902069091797,-2.377056837081909,-3.5063085556030273
1710536063928622897,9.073531150817871,-2.3411316871643066,-3.493135929107666
1710536063932981124,9.077123641967773,-2.333946466445923,-3.523073673248291
1710536063941414595,9.105864524841309,-2.344724178314209,-3.544628858566284
1710536063970745031,9.071136474609375,-2.333946466445923,-3.5075061321258545
1710536064013032715,9.081913948059082,-2.36747670173645,-3.512296199798584
1710536064036029625,9.083111763000488,-2.3495142459869385,-3.514691114425659
1710536064044169310,9.062753677368164,-2.3614892959594727,-3.4883458614349365
1710536064063146615,9.071136474609375,-2.3578968048095703,-3.530258893966675
1710536064079908637,9.084308624267578,-2.386636972427368,-3.524271249771118
1710536064113638665,9.065149307250977,-2.3998095989227295,-3.520678758621216
1710536064189324137,9.079519271850586,-2.3614892959594727,-3.533851385116577
1710536064229203634,9.066346168518066,-2.3483166694641113,-3.501518487930298
1710536064233418881,9.067543983459473,-2.3303539752960205,-3.4859509468078613
1710536064265071521,9.072334289550781,-2.353106737136841,-3.5194811820983887
1710536064288192732,9.081913948059082,-2.3483166694641113,-3.5170862674713135
1710536064305159511,9.075926780700684,-2.326761484146118,-3.5290613174438477
1710536064313671135,9.081913948059082,-2.366279363632202,-3.502716064453125
1710536064324139534,9.0914945602417,-2.4022045135498047,-3.5374438762664795
1710536064345213461,9.079519271850586,-2.386636972427368,-3.5290613174438477
1710536064376489981,9.07832145690918,-2.39501953125,-3.502716064453125
1710536064395602339,9.07832145690918,-2.3722667694091797,-3.4991235733032227
1710536064416414008,9.069938659667969,-2.3519091606140137,-3.4991235733032227
1710536064429072346,9.084308624267578,-2.397414445877075,-3.535048723220825
1710536064450186167,9.087902069091797,-2.393821954727173,-3.513493537902832
1710536064464950475,9.069938659667969,-2.3626868724823,-3.494333505630493
1710536064466841844,9.071136474609375,-2.2800586223602295,-3.4967284202575684
1710536064488145607,9.06395149230957,-2.375859260559082,-3.4967284202575684
1710536064525899893,9.066346168518066,-2.3507115840911865,-3.501518487930298
1710536064542596858,9.073531150817871,-2.3279590606689453,-3.4955310821533203
1710536064580433935,9.097481727600098,-2.375859260559082,-3.5266661643981934
1710536064584732166,9.059161186218262,-2.3483166694641113,-3.490741014480591
1710536064603554753,9.060359001159668,-2.3914270401000977,-3.5158886909484863
1710536064650006999,9.066346168518066,-2.393821954727173,-3.5063085556030273
1710536064660556108,9.072334289550781,-2.386636972427368,-3.5158886909484863
1710536064694371022,9.07832145690918,-2.3578968048095703,-3.5290613174438477
1710536064715266588,9.081913948059082,-2.383044481277466,-3.5290613174438477
1710536064740620037,9.085506439208984,-2.354304313659668,-3.5051109790802
1710536064753299788,9.090296745300293,-2.384242057800293,-3.5254688262939453
1710536064766012592,9.069938659667969,-2.3495142459869385,-3.5290613174438477
1710536064815499985,9.085506439208984,-2.384242057800293,-3.5063085556030273
1710536064915148005,9.0914945602417,-2.365081787109375,-3.5362462997436523
1710536064944519441,9.072334289550781,-2.383044481277466,-3.473975896835327
1710536064965592492,9.07832145690918,-2.3818469047546387,-3.53265380859375
1710536064984404655,9.08670425415039,-2.3207738399505615,-3.512296199798584
1710536064999321033,9.075926780700684,-2.406994581222534,-3.512296199798584
1710536065017933455,9.051976203918457,-2.347119092941284,-3.482358455657959
1710536065059948840,9.073531150817871,-2.363884210586548,-3.5374438762664795
1710536065074941627,9.069938659667969,-2.4189696311950684,-3.503913640975952
1710536065104809282,9.083111763000488,-2.36747670173645,-3.531456232070923
1710536065127373123,9.075926780700684,-2.355501651763916,-3.5194811820983887
1710536065159107681,9.069938659667969,-2.406994581222534,-3.524271249771118
1710536065184246089,9.084308624267578,-2.3483166694641113,-3.521876335144043
1710536065201041710,9.059161186218262,-2.3686742782592773,-3.5063085556030273
1710536065221882596,9.080716133117676,-2.3195765018463135,-3.5290613174438477
1710536065276629163,9.065149307250977,-2.36747670173645,-3.533851385116577
1710536065282937083,9.068741798400879,-2.33514404296875,-3.5099010467529297
1710536065318797226,9.059161186218262,-2.3578968048095703,-3.503913640975952
1710536065331431282,9.0914945602417,-2.355501651763916,-3.5482213497161865
1710536065346921283,9.065149307250977,-2.4081921577453613,-3.4955310821533203
1710536065360809581,9.080716133117676,-2.3291563987731934,-3.535048723220825
1710536065383780669,9.085506439208984,-2.3399341106414795,-3.5398387908935547
1710536065387922743,9.085506439208984,-2.3399341106414795,-3.5398387908935547
1710536065400730844,9.079519271850586,-2.363884210586548,-3.5254688262939453
1710536065419381769,9.073531150817871,-2.377056837081909,-3.493135929107666
1710536065440531575,9.067543983459473,-2.344724178314209,-3.5063085556030273
1710536065457264305,9.059161186218262,-2.373464345932007,-3.490741014480591
1710536065495298056,9.081913948059082,-2.375859260559082,-3.5158886909484863
1710536065507881080,9.080716133117676,-2.3590941429138184,-3.5290613174438477
1710536065512265449,9.07832145690918,-2.374661922454834,-3.520678758621216
1710536065533096995,9.075926780700684,-2.3519091606140137,-3.530258893966675
1710536065562496582,9.06395149230957,-2.3626868724823,-3.514691114425659
1710536065583506720,9.075926780700684,-2.404599666595459,-3.5087037086486816
1710536065596296858,9.072334289550781,-2.3722667694091797,-3.4799633026123047
1710536065623535554,9.095087051391602,-2.356699228286743,-3.561393976211548
1710536065650746487,9.057964324951172,-2.3794519901275635,-3.471580743789673
1710536065674011045,9.059161186218262,-2.377056837081909,-3.494333505630493
1710536065730583824,9.085506439208984,-2.374661922454834,-3.4859509468078613
1710536065757944964,9.061556816101074,-2.355501651763916,-3.4871485233306885
1710536065793825668,9.072334289550781,-2.353106737136841,-3.5087037086486816
1710536065800155427,9.080716133117676,-2.383044481277466,-3.531456232070923
1710536065842025648,9.075926780700684,-2.39501953125,-3.512296199798584
1710536065860951078,9.079519271850586,-2.3507115840911865,-3.5182836055755615
1710536065888400926,9.080716133117676,-2.3698718547821045,-3.521876335144043
1710536065903581492,9.066346168518066,-2.3519091606140137,-3.5063085556030273
1710536065924157345,9.075926780700684,-2.386636972427368,-3.4979259967803955
1710536065945126009,9.083111763000488,-2.3794519901275635,-3.533851385116577
1710536066015134233,9.056766510009766,-2.406994581222534,-3.4895434379577637
1710536066035563227,9.073531150817871,-2.347119092941284,-3.513493537902832
1710536066060918972,9.071136474609375,-2.3195765018463135,-3.521876335144043
1710536066083820787,9.062753677368164,-2.385439395904541,-3.503913640975952
1710536066117542433,9.090296745300293,-2.333946466445923,-3.5290613174438477
1710536066125961327,9.06395149230957,-2.366279363632202,-3.514691114425659
1710536066147009389,9.071136474609375,-2.3878345489501953,-3.5386414527893066
1710536066176381930,9.077123641967773,-2.3602917194366455,-3.5063085556030273
1710536066191129092,9.083111763000488,-2.3219714164733887,-3.5051109790802
1710536066208275906,9.083111763000488,-2.3914270401000977,-3.533851385116577
1710536066239253091,9.065149307250977,-2.3590941429138184,-3.5170862674713135
1710536066264634716,9.089098930358887,-2.414179801940918,-3.5398387908935547
1710536066277260686,9.075926780700684,-2.384242057800293,-3.491938591003418
1710536066296292193,9.089098930358887,-2.3614892959594727,-3.5194811820983887
1710536066325726366,9.077123641967773,-2.366279363632202,-3.5075061321258545
1710536066344463367,9.077123641967773,-2.3722667694091797,-3.53265380859375
1710536066348565571,9.057964324951172,-2.3794519901275635,-3.4979259967803955
1710536066370348318,9.065149307250977,-2.3399341106414795,-3.541036367416382
1710536066412362481,9.099876403808594,-2.324366569519043,-3.5601966381073
1710536066445521367,9.062753677368164,-2.3698718547821045,-3.5063085556030273
1710536066458026966,9.073531150817871,-2.363884210586548,-3.521876335144043
1710536066485331838,9.073531150817871,-2.384242057800293,-3.494333505630493
1710536066508516083,9.077123641967773,-2.355501651763916,-3.543431282043457
1710536066535852971,9.072334289550781,-2.3818469047546387,-3.4955310821533203
1710536066580019515,9.087902069091797,-2.3710694313049316,-3.533851385116577
1710536066619890177,9.075926780700684,-2.3483166694641113,-3.5170862674713135
1710536066630348277,9.07832145690918,-2.3878345489501953,-3.530258893966675
1710536066651197274,9.087902069091797,-2.386636972427368,-3.493135929107666
1710536066674313972,9.069938659667969,-2.384242057800293,-3.50032114982605
1710536066693338281,9.092691421508789,-2.396217107772827,-3.521876335144043
1710536066701679104,9.068741798400879,-2.403402090072632,-3.494333505630493
1710536066731304162,9.071136474609375,-2.3602917194366455,-3.4967284202575684
1710536066756679644,9.074728965759277,-2.383044481277466,-3.5386414527893066
1710536066779715752,9.06395149230957,-2.4010071754455566,-3.50032114982605
1710536066798456129,9.074728965759277,-2.3399341106414795,-3.5278637409210205
1710536066825765068,9.090296745300293,-2.3782544136047363,-3.561393976211548
1710536066844634831,9.07832145690918,-2.374661922454834,-3.512296199798584
1710536066855215983,9.06395149230957,-2.313588857650757,-3.491938591003418
1710536066865697151,9.072334289550781,-2.385439395904541,-3.5374438762664795
1710536066872115107,9.068741798400879,-2.3914270401000977,-3.4883458614349365
1710536066880667616,9.068741798400879,-2.3914270401000977,-3.4883458614349365
1710536066901499755,9.074728965759277,-2.336341619491577,-3.5099010467529297
1710536066931139991,9.074728965759277,-2.3818469047546387,-3.502716064453125
1710536066971022025,9.059161186218262,-2.36747670173645,-3.520678758621216
1710536067050918353,9.068741798400879,-2.375859260559082,-3.5278637409210205
1710536067063462603,9.0914945602417,-2.365081787109375,-3.5470240116119385
1710536067088644432,9.059161186218262,-2.3878345489501953,-3.5063085556030273
1710536067116889219,9.071136474609375,-2.4105870723724365,-3.5087037086486816
1710536067128504726,9.075926780700684,-2.347119092941284,-3.521876335144043
1710536067151815093,9.081913948059082,-2.3195765018463135,-3.5482213497161865
1710536067164382755,9.071136474609375,-2.4081921577453613,-3.501518487930298
1710536067193830327,9.068741798400879,-2.3782544136047363,-3.5075061321258545
1710536067240031350,9.107061386108398,-2.4393274784088135,-3.5290613174438477
1710536067252579680,9.057964324951172,-2.373464345932007,-3.5182836055755615
1710536067273738085,9.061556816101074,-2.313588857650757,-3.4979259967803955
1710536067326424228,9.059161186218262,-2.227368116378784,-3.5158886909484863
1710536067343197472,9.057964324951172,-2.272873640060425,-3.523073673248291
1710536067362060184,9.084308624267578,-2.426154851913452,-3.5087037086486816
1710536067376851568,9.057964324951172,-2.3495142459869385,-3.514691114425659
1710536067382996091,9.051976203918457,-2.423759698867798,-3.4967284202575684
1710536067414436389,9.080716133117676,-2.392624616622925,-3.5589990615844727
1710536067465165760,9.06395149230957,-2.4297473430633545,-3.4979259967803955
1710536067494530746,9.053174018859863,-2.463277578353882,-3.5051109790802
1710536067507135643,9.090296745300293,-2.284848690032959,-3.53265380859375
1710536067515720530,9.079519271850586,-2.354304313659668,-3.493135929107666
1710536067560077742,9.108259201049805,-2.3986120223999023,-3.5254688262939453
1710536067574699167,9.071136474609375,-2.386636972427368,-3.514691114425659
1710536067597584268,9.065149307250977,-2.386636972427368,-3.4799633026123047
1710536067690164244,9.084308624267578,-2.377056837081909,-3.520678758621216
1710536067717294376,9.065149307250977,-2.3507115840911865,-3.511098623275757
1710536067757432903,9.060359001159668,-2.3794519901275635,-3.491938591003418
1710536067794951495,9.08670425415039,-2.397414445877075,-3.5673816204071045
1710536067801372879,9.067543983459473,-2.383044481277466,-3.4787659645080566
1710536067832906758,9.061556816101074,-2.347119092941284,-3.5254688262939453
1710536067851799073,9.102272033691406,-2.356699228286743,-3.5482213497161865
1710536067870741535,9.102272033691406,-2.356699228286743,-3.5482213497161865
1710536067882038285,9.069938659667969,-2.3614892959594727,-3.5266661643981934
1710536067897996540,9.07832145690918,-2.343526601791382,-3.5386414527893066
1710536067915384981,9.089098930358887,-2.3519091606140137,-3.512296199798584
1710536067935885706,9.072334289550781,-2.347119092941284,-3.5578014850616455
1710536067950621960,9.062753677368164,-2.435734748840332,-3.514691114425659
1710536067971542452,9.075926780700684,-2.393821954727173,-3.512296199798584
1710536067985993072,9.067543983459473,-2.4105870723724365,-3.5182836055755615
1710536067990349383,9.06395149230957,-2.343526601791382,-3.484753370285034
1710536067996611993,9.06395149230957,-2.343526601791382,-3.484753370285034
1710536068059776533,9.089098930358887,-2.3818469047546387,-3.530258893966675
1710536068064127809,9.068741798400879,-2.3986120223999023,-3.511098623275757
1710536068091597426,9.08670425415039,-2.3099963665008545,-3.5087037086486816
1710536068118734132,9.08670425415039,-2.377056837081909,-3.521876335144043
1710536068150375437,9.069938659667969,-2.424957275390625,-3.5194811820983887
1710536068190265887,9.068741798400879,-2.354304313659668,-3.5158886909484863
1710536068207232168,9.083111763000488,-2.337538957595825,-3.490741014480591
1710536068257513325,9.085506439208984,-2.3626868724823,-3.5099010467529297
1710536068302404374,9.080716133117676,-2.3794519901275635,-3.5158886909484863
1710536068318637812,9.072334289550781,-2.374661922454834,-3.520678758621216
1710536068335544081,9.071136474609375,-2.3602917194366455,-3.511098623275757
1710536068375521787,9.075926780700684,-2.3890318870544434,-3.484753370285034
1710536068404930052,9.061556816101074,-2.3794519901275635,-3.513493537902832
1710536068434984420,9.089098930358887,-2.406994581222534,-3.520678758621216
1710536068444843138,9.096283912658691,-2.3483166694641113,-3.533851385116577
1710536068472279072,9.074728965759277,-2.3614892959594727,-3.520678758621216
1710536068493254546,9.08670425415039,-2.366279363632202,-3.511098623275757
1710536068527052729,9.061556816101074,-2.3399341106414795,-3.491938591003418
1710536068571162733,9.061556816101074,-2.3626868724823,-3.494333505630493
1710536068588035159,9.087902069091797,-2.377056837081909,-3.535048723220825
1710536068596461652,9.087902069091797,-2.3303539752960205,-3.5194811820983887
1710536068617401313,9.07832145690918,-2.384242057800293,-3.50032114982605
1710536068619380355,9.075926780700684,-2.353106737136841,-3.502716064453125
1710536068646959561,9.072334289550781,-2.33514404296875,-3.481160879135132
1710536068682483495,9.075926780700684,-2.337538957595825,-3.5099010467529297
1710536068705694927,9.06395149230957,-2.336341619491577,-3.501518487930298
1710536068714107185,9.103468894958496,-2.414179801940918,-3.5290613174438477
1710536068731123569,9.075926780700684,-2.386636972427368,-3.531456232070923
1710536068739444270,9.069938659667969,-2.3806493282318115,-3.5158886909484863
1710536068764709899,9.08670425415039,-2.365081787109375,-3.503913640975952
1710536068819077138,9.087902069091797,-2.365081787109375,-3.523073673248291
1710536068857085540,9.090296745300293,-2.3423290252685547,-3.5278637409210205
1710536068863355973,9.084308624267578,-2.377056837081909,-3.4895434379577637
1710536068873841490,9.071136474609375,-2.385439395904541,-3.482358455657959
1710536068903327942,9.081913948059082,-2.325563907623291,-3.524271249771118
1710536068983042485,9.084308624267578,-2.377056837081909,-3.5051109790802
1710536069014233300,9.087902069091797,-2.337538957595825,-3.5075061321258545
1710536069019007744,9.073531150817871,-2.3710694313049316,-3.551814079284668
1710536069027241739,9.08670425415039,-2.412982225418091,-3.5051109790802
1710536069059028598,9.098679542541504,-2.33514404296875,-3.511098623275757
1710536069122388594,9.067543983459473,-2.33514404296875,-3.4596056938171387
1710536069147723421,9.07832145690918,-2.385439395904541,-3.4799633026123047
1710536069156167198,9.073531150817871,-2.4105870723724365,-3.5099010467529297
1710536069196058763,9.081913948059082,-2.3590941429138184,-3.50032114982605
1710536069225593152,9.057964324951172,-2.3626868724823,-3.4895434379577637
1710536069238190026,9.0914945602417,-2.3902294635772705,-3.5290613174438477
1710536069254840054,9.0914945602417,-2.3902294635772705,-3.5290613174438477
1710536069271746994,9.08670425415039,-2.3710694313049316,-3.511098623275757
1710536069294743661,9.067543983459473,-2.385439395904541,-3.4596056938171387
1710536069362049208,9.090296745300293,-2.332749128341675,-3.520678758621216
1710536069376618771,9.083111763000488,-2.39501953125,-3.50032114982605
1710536069409827435,9.109457015991211,-2.405797004699707,-3.5374438762664795
1710536069420654354,9.093889236450195,-2.3710694313049316,-3.5194811820983887
1710536069450132640,9.0914945602417,-2.374661922454834,-3.544628858566284
1710536069477466590,9.084308624267578,-2.374661922454834,-3.5051109790802
1710536069494426833,9.075926780700684,-2.397414445877075,-3.502716064453125
1710536069529946692,9.079519271850586,-2.4189696311950684,-3.484753370285034
1710536069555123157,9.085506439208984,-2.33514404296875,-3.5278637409210205
1710536069603489481,9.081913948059082,-2.383044481277466,-3.4895434379577637
1710536069616138455,9.075926780700684,-2.3998095989227295,-3.5266661643981934
1710536069628801952,9.095087051391602,-2.374661922454834,-3.53265380859375
1710536069647753660,9.099876403808594,-2.3507115840911865,-3.553011417388916
1710536069660444472,9.099876403808594,-2.385439395904541,-3.514691114425659
1710536069681576503,9.083111763000488,-2.293231248855591,-3.4991235733032227
1710536069702758727,9.087902069091797,-2.397414445877075,-3.5182836055755615
1710536069725752977,9.08670425415039,-2.332749128341675,-3.5278637409210205
1710536069732069303,9.083111763000488,-2.373464345932007,-3.503913640975952
1710536069748802007,9.07832145690918,-2.365081787109375,-3.4955310821533203
1710536069778115838,9.077123641967773,-2.254910945892334,-3.4883458614349365
1710536069801345746,9.083111763000488,-2.3495142459869385,-3.4763708114624023
1710536069822144486,9.085506439208984,-2.353106737136841,-3.4967284202575684
1710536069845263239,9.084308624267578,-2.333946466445923,-3.493135929107666
1710536069860068592,9.072334289550781,-2.3219714164733887,-3.4979259967803955
1710536069902197011,9.072334289550781,-2.324366569519043,-3.501518487930298
1710536069904872983,9.079519271850586,-2.332749128341675,-3.531456232070923
1710536069929326501,9.085506439208984,-2.3099963665008545,-3.5182836055755615
1710536069943988675,9.072334289550781,-2.383044481277466,-3.5254688262939453
1710536069962754281,9.080716133117676,-2.4105870723724365,-3.5194811820983887
1710536069973355772,9.099876403808594,-2.4022045135498047,-3.5482213497161865
1710536069992192130,9.099876403808594,-2.4022045135498047,-3.5482213497161865
1710536070013267247,9.102272033691406,-2.3998095989227295,-3.563789129257202
1710536070040655189,9.08670425415039,-2.3519091606140137,-3.5374438762664795
1710536070061664006,9.085506439208984,-2.3423290252685547,-3.520678758621216
1710536070156027647,9.060359001159668,-2.3315515518188477,-3.4871485233306885
1710536070168690420,9.0914945602417,-2.305206298828125,-3.5266661643981934
1710536070189588325,9.06395149230957,-2.235750675201416,-3.4883458614349365
1710536070202185720,9.06395149230957,-2.3099963665008545,-3.464395761489868
1710536070218894602,9.083111763000488,-2.365081787109375,-3.5362462997436523
1710536070227325171,9.089098930358887,-2.336341619491577,-3.4763708114624023
1710536070256820506,9.084308624267578,-2.2992186546325684,-3.4883458614349365
1710536070277654162,9.087902069091797,-2.373464345932007,-3.5158886909484863
1710536070309183519,9.081913948059082,-2.325563907623291,-3.4584081172943115
1710536070315484132,9.068741798400879,-2.3519091606140137,-3.4763708114624023
1710536070340745367,9.068741798400879,-2.3087987899780273,-3.483555793762207
1710536070382890361,9.095087051391602,-2.4273521900177,-3.53265380859375
1710536070399858195,9.109457015991211,-2.317181348800659,-3.5494189262390137
1710536070420515575,9.098679542541504,-2.39501953125,-3.541036367416382
1710536070448088990,9.093889236450195,-2.3890318870544434,-3.543431282043457
1710536070475292112,9.080716133117676,-2.404599666595459,-3.521876335144043
1710536070492144922,9.07832145690918,-2.414179801940918,-3.512296199798584
1710536070509133046,9.079519271850586,-2.442919969558716,-3.533851385116577
1710536070534318098,9.10107421875,-2.3483166694641113,-3.5458264350891113
1710536070557331490,9.065149307250977,-2.406994581222534,-3.5374438762664795
1710536070574249070,9.071136474609375,-2.3519091606140137,-3.50032114982605
1710536070603592447,9.096283912658691,-2.3578968048095703,-3.572171688079834
1710536070607848006,9.067543983459473,-2.353106737136841,-3.4967284202575684
1710536070631070366,9.069938659667969,-2.3219714164733887,-3.4979259967803955
1710536070658222053,9.074728965759277,-2.406994581222534,-3.5278637409210205
1710536070693840353,9.079519271850586,-2.3315515518188477,-3.493135929107666
1710536070706257370,9.073531150817871,-2.315983772277832,-3.4871485233306885
1710536070714914911,9.092691421508789,-2.3111939430236816,-3.4967284202575684
1710536070748440391,9.07832145690918,-2.366279363632202,-3.524271249771118
1710536070769344680,9.075926780700684,-2.343526601791382,-3.5087037086486816
1710536070784293139,9.0914945602417,-2.3998095989227295,-3.5470240116119385
1710536070836790692,9.08670425415039,-2.373464345932007,-3.550616502761841
1710536070874702455,9.080716133117676,-2.3411316871643066,-3.490741014480591
1710536070933347617,9.097481727600098,-2.392624616622925,-3.570974111557007
1710536070937240429,9.104666709899902,-2.36747670173645,-3.5697765350341797
1710536070941517183,9.090296745300293,-2.326761484146118,-3.523073673248291
1710536070964752969,9.080716133117676,-2.3878345489501953,-3.493135929107666
1710536070994126277,9.084308624267578,-2.276466131210327,-3.5254688262939453
1710536071000419079,9.071136474609375,-2.424957275390625,-3.523073673248291
1710536071013223842,9.092691421508789,-2.393821954727173,-3.5482213497161865
1710536071040194689,9.085506439208984,-2.256108283996582,-3.530258893966675
1710536071061371399,9.068741798400879,-2.36747670173645,-3.4655933380126953
1710536071080322642,9.105864524841309,-2.3698718547821045,-3.594924211502075
1710536071120211312,9.072334289550781,-2.406994581222534,-3.483555793762207
1710536071145454484,9.108259201049805,-2.2189855575561523,-3.5601966381073
1710536071187521964,9.104666709899902,-2.2321581840515137,-3.513493537902832
1710536071202286484,9.051976203918457,-2.39501953125,-3.4356555938720703
1710536071216854013,9.085506439208984,-2.195035457611084,-3.501518487930298
1710536071231783469,9.096283912658691,-2.3722667694091797,-3.574566602706909
1710536071250590534,9.096283912658691,-2.3722667694091797,-3.574566602706909
1710536071279856113,9.087902069091797,-2.304008722305298,-3.4679882526397705
1710536071288457933,9.085506439208984,-2.3483166694641113,-3.4883458614349365
1710536071317800102,9.059161186218262,-2.436932325363159,-3.4967284202575684
1710536071336716505,9.085506439208984,-2.217787981033325,-3.4955310821533203
1710536071357832718,9.095087051391602,-2.3602917194366455,-3.561393976211548
1710536071382946247,9.097481727600098,-2.434537410736084,-3.5386414527893066
1710536071406188153,9.07832145690918,-2.263293504714966,-3.4859509468078613
1710536071421002053,9.06395149230957,-2.3519091606140137,-3.5182836055755615
1710536071452492729,9.095087051391602,-2.3998095989227295,-3.5362462997436523
1710536071492644805,9.081913948059082,-2.336341619491577,-3.460803270339966
1710536071501091158,9.099876403808594,-2.3626868724823,-3.5889368057250977
1710536071519875644,9.061556816101074,-2.4477100372314453,-3.4164953231811523
1710536071532487816,9.047185897827148,-2.325563907623291,-3.603306770324707
1710536071545193695,9.065149307250977,-2.2884411811828613,-3.4596056938171387
1710536071564007378,9.057964324951172,-2.3626868724823,-3.460803270339966
1710536071584940850,9.089098930358887,-2.3495142459869385,-3.5374438762664795
1710536071591196911,9.092691421508789,-2.294428825378418,-3.5075061321258545
1710536071614307557,9.098679542541504,-2.374661922454834,-3.5290613174438477
1710536071618457219,9.07832145690918,-2.3590941429138184,-3.5290613174438477
1710536071629205036,9.083111763000488,-2.3291563987731934,-3.464395761489868
1710536071660693886,9.089098930358887,-2.3507115840911865,-3.5578014850616455
1710536071702632431,9.07832145690918,-2.366279363632202,-3.524271249771118
1710536071721599124,9.12382698059082,-2.384242057800293,-3.6068994998931885
1710536071730094346,9.071136474609375,-2.426154851913452,-3.475173234939575
1710536071877312368,9.084308624267578,-2.4309449195861816,-3.512296199798584
1710536071894188595,9.092691421508789,-2.337538957595825,-3.5554065704345703
1710536071929909908,9.068741798400879,-2.4596850872039795,-3.5386414527893066
1710536071957279432,9.048383712768555,-2.265688419342041,-3.4368529319763184
1710536071978337005,9.045989036560059,-2.4417223930358887,-3.493135929107666
1710536071990872830,9.05556869506836,-2.3614892959594727,-3.513493537902832
1710536072020144953,9.095087051391602,-2.345921516418457,-3.513493537902832
1710536072127774376,9.10107421875,-2.3483166694641113,-3.5362462997436523
1710536072146689940,9.054370880126953,-2.3818469047546387,-3.4272730350494385
1710536072165633911,9.0914945602417,-2.3087987899780273,-3.5793566703796387
1710536072212966100,9.074728965759277,-2.3507115840911865,-3.513493537902832
1710536072232515559,9.085506439208984,-2.356699228286743,-3.541036367416382
1710536072262038113,9.073531150817871,-2.3219714164733887,-3.462000846862793
1710536072304541804,9.087902069091797,-2.424957275390625,-3.561393976211548
1710536072308673837,9.056766510009766,-2.332749128341675,-3.454815626144409
1710536072321328816,9.072334289550781,-2.373464345932007,-3.490741014480591
1710536072336260623,9.079519271850586,-2.274070978164673,-3.491938591003418
1710536072342487586,9.093889236450195,-2.272873640060425,-3.531456232070923
1710536072372134931,9.096283912658691,-2.444117546081543,-3.542233943939209
1710536072374002109,9.113049507141113,-2.486030340194702,-3.530258893966675
1710536072397070832,9.072334289550781,-2.264491081237793,-3.5158886909484863
1710536072432828291,9.071136474609375,-2.3099963665008545,-3.4883458614349365
1710536072447568717,9.06395149230957,-2.397414445877075,-3.4871485233306885
1710536072474792192,9.07832145690918,-2.4297473430633545,-3.5063085556030273
1710536072521098755,9.072334289550781,-2.3914270401000977,-3.493135929107666
1710536072590516525,9.084308624267578,-2.272873640060425,-3.514691114425659
1710536072613552321,9.080716133117676,-2.3183789253234863,-3.482358455657959
1710536072630429320,9.089098930358887,-2.2620959281921387,-3.56498646736145
1710536072653611353,9.060359001159668,-2.416574716567993,-3.4859509468078613
1710536072668441311,9.068741798400879,-2.3123912811279297,-3.5063085556030273
1710536072687237822,9.081913948059082,-2.383044481277466,-3.5170862674713135
1710536072695625106,9.080716133117676,-2.343526601791382,-3.4596056938171387
1710536072712759383,9.066346168518066,-2.343526601791382,-3.4596056938171387
1710536072727305101,9.075926780700684,-2.333946466445923,-3.4979259967803955
1710536072735719860,9.090296745300293,-2.3722667694091797,-3.521876335144043
1710536072781918716,9.079519271850586,-2.3998095989227295,-3.5290613174438477
1710536072832269051,9.069938659667969,-2.337538957595825,-3.5266661643981934
1710536072870256415,9.072334289550781,-2.403402090072632,-3.523073673248291
1710536072895568216,9.089098930358887,-2.356699228286743,-3.5554065704345703
1710536072939539543,9.080716133117676,-2.412982225418091,-3.524271249771118
1710536072954222507,9.07832145690918,-2.4285497665405273,-3.533851385116577
1710536073063668629,9.047185897827148,-2.3483166694641113,-3.483555793762207
1710536073174797033,9.080716133117676,-2.336341619491577,-3.5075061321258545
1710536073227265694,9.079519271850586,-2.384242057800293,-3.4991235733032227
1710536073248290817,9.0914945602417,-2.356699228286743,-3.5374438762664795
1710536073265093206,9.087902069091797,-2.353106737136841,-3.535048723220825
1710536073279947803,9.077123641967773,-2.393821954727173,-3.531456232070923
1710536073288315647,9.0914945602417,-2.344724178314209,-3.512296199798584
1710536073307206750,9.081913948059082,-2.3878345489501953,-3.4991235733032227
1710536073355908494,9.069938659667969,-2.365081787109375,-3.533851385116577
1710536073364175033,9.072334289550781,-2.345921516418457,-3.521876335144043
1710536073374784555,9.096283912658691,-2.363884210586548,-3.530258893966675
1710536073402061863,9.067543983459473,-2.374661922454834,-3.4955310821533203
1710536073416072627,9.060359001159668,-2.386636972427368,-3.502716064453125
1710536073444343149,9.061556816101074,-2.345921516418457,-3.5075061321258545
1710536073448515276,9.07832145690918,-2.3519091606140137,-3.5182836055755615
1710536073488650999,9.087902069091797,-2.332749128341675,-3.544628858566284
1710536073511632155,9.085506439208984,-2.345921516418457,-3.511098623275757
1710536073520098128,9.080716133117676,-2.36747670173645,-3.4979259967803955
1710536073541177690,9.060359001159668,-2.36747670173645,-3.493135929107666
1710536073568407748,9.071136474609375,-2.353106737136841,-3.501518487930298
1710536073579069558,9.081913948059082,-2.3602917194366455,-3.494333505630493
1710536073589249851,9.077123641967773,-2.396217107772827,-3.4871485233306885
1710536073595810360,9.081913948059082,-2.3495142459869385,-3.5566039085388184
1710536073624972814,9.081913948059082,-2.3495142459869385,-3.5566039085388184
1710536073637688759,9.085506439208984,-2.324366569519043,-3.5374438762664795
1710536073648374659,9.067543983459473,-2.3315515518188477,-3.493135929107666
1710536073658779739,9.066346168518066,-2.412982225418091,-3.4991235733032227
1710536073682285492,9.087902069091797,-2.356699228286743,-3.543431282043457
1710536073696731309,9.0914945602417,-2.3914270401000977,-3.5482213497161865
1710536073717776981,9.069938659667969,-2.36747670173645,-3.5194811820983887
1710536073743956367,9.090296745300293,-2.3519091606140137,-3.5194811820983887
1710536073766523245,9.089098930358887,-2.3495142459869385,-3.5554065704345703
1710536073785244732,9.067543983459473,-2.36747670173645,-3.4991235733032227
1710536073858988080,9.104666709899902,-2.393821954727173,-3.511098623275757
1710536073877858914,9.054370880126953,-2.412982225418091,-3.524271249771118
1710536073886254501,9.075926780700684,-2.377056837081909,-3.5194811820983887
1710536073909513264,9.07832145690918,-2.3399341106414795,-3.533851385116577
1710536073915829573,9.079519271850586,-2.383044481277466,-3.511098623275757
1710536073945251822,9.067543983459473,-2.353106737136841,-3.513493537902832
1710536073985100421,9.059161186218262,-2.363884210586548,-3.502716064453125
1710536074022682442,9.075926780700684,-2.373464345932007,-3.5170862674713135
1710536074033216258,9.069938659667969,-2.3890318870544434,-3.523073673248291
1710536074056473463,9.059161186218262,-2.3698718547821045,-3.493135929107666
1710536074090270006,9.066346168518066,-2.3722667694091797,-3.5075061321258545
1710536074104936055,9.069938659667969,-2.3818469047546387,-3.5099010467529297
1710536074125818673,9.0914945602417,-2.326761484146118,-3.5290613174438477
1710536074184448358,9.081913948059082,-2.337538957595825,-3.53265380859375
1710536074205618765,9.084308624267578,-2.366279363632202,-3.5063085556030273
1710536074226451124,9.068741798400879,-2.3794519901275635,-3.4895434379577637
1710536074233738091,9.083111763000488,-2.374661922454834,-3.523073673248291
1710536074258234988,9.080716133117676,-2.3602917194366455,-3.53265380859375
1710536074270753281,9.081913948059082,-2.392624616622925,-3.5194811820983887
1710536074289616837,9.072334289550781,-2.3698718547821045,-3.511098623275757
1710536074331766153,9.074728965759277,-2.393821954727173,-3.5290613174438477
1710536074335854149,9.074728965759277,-2.3986120223999023,-3.503913640975952
1710536074357076477,9.0914945602417,-2.3806493282318115,-3.514691114425659
1710536074413042519,9.10107421875,-2.323168992996216,-3.590134382247925
1710536074421996644,9.077123641967773,-2.377056837081909,-3.5063085556030273
1710536074455539395,9.061556816101074,-2.3399341106414795,-3.503913640975952
1710536074462282378,9.096283912658691,-2.347119092941284,-3.554208993911743
1710536074493811267,9.081913948059082,-2.403402090072632,-3.5170862674713135
1710536074542147793,9.073531150817871,-2.4117846488952637,-3.5087037086486816
1710536074630639508,9.07832145690918,-2.3602917194366455,-3.4991235733032227
1710536074653809430,9.077123641967773,-2.3722667694091797,-3.5254688262939453
1710536074679279412,9.07832145690918,-2.3722667694091797,-3.5075061321258545
1710536074695882573,9.072334289550781,-2.3495142459869385,-3.53265380859375
1710536074712852686,9.075926780700684,-2.4093897342681885,-3.5099010467529297
1710536074729393387,9.075926780700684,-2.377056837081909,-3.5278637409210205
1710536074748491219,9.089098930358887,-2.33514404296875,-3.5470240116119385
1710536074788381647,9.077123641967773,-2.393821954727173,-3.5278637409210205
1710536074803216474,9.095087051391602,-2.3519091606140137,-3.531456232070923
1710536074834715595,9.083111763000488,-2.3998095989227295,-3.5278637409210205
1710536074836769803,9.075926780700684,-2.416574716567993,-3.521876335144043
1710536074843108091,9.067543983459473,-2.356699228286743,-3.5182836055755615
1710536074876866909,9.06395149230957,-2.3686742782592773,-3.5194811820983887
1710536074891601459,9.075926780700684,-2.396217107772827,-3.5254688262939453
1710536074919062616,9.057964324951172,-2.375859260559082,-3.5398387908935547
1710536074929583847,9.075926780700684,-2.3519091606140137,-3.5158886909484863
1710536074950605659,9.089098930358887,-2.3722667694091797,-3.5063085556030273
1710536074973944826,9.08670425415039,-2.3495142459869385,-3.533851385116577
1710536074990578904,9.089098930358887,-2.385439395904541,-3.502716064453125
1710536075014856798,9.071136474609375,-2.3315515518188477,-3.5158886909484863
1710536075060068521,9.089098930358887,-2.353106737136841,-3.5194811820983887
1710536075064222547,9.06395149230957,-2.3782544136047363,-3.50032114982605
1710536075087437389,9.071136474609375,-2.365081787109375,-3.512296199798584
1710536075095795744,9.093889236450195,-2.3806493282318115,-3.520678758621216
1710536075116773120,9.067543983459473,-2.3698718547821045,-3.5182836055755615
1710536075148364752,9.080716133117676,-2.386636972427368,-3.5158886909484863
1710536075158759620,9.061556816101074,-2.375859260559082,-3.5182836055755615
1710536075175509573,9.080716133117676,-2.345921516418457,-3.523073673248291
1710536075196583105,9.092691421508789,-2.386636972427368,-3.5362462997436523
1710536075202743208,9.062753677368164,-2.36747670173645,-3.523073673248291
1710536075230035004,9.083111763000488,-2.344724178314209,-3.5170862674713135
1710536075270136339,9.073531150817871,-2.3602917194366455,-3.514691114425659
1710536075282741495,9.069938659667969,-2.374661922454834,-3.5290613174438477
1710536075295590617,9.077123641967773,-2.3507115840911865,-3.503913640975952
1710536075322781010,9.060359001159668,-2.3890318870544434,-3.514691114425659
1710536075356684636,9.073531150817871,-2.3387365341186523,-3.5087037086486816
1710536075375571086,9.075926780700684,-2.374661922454834,-3.5182836055755615
1710536075415263958,9.066346168518066,-2.3710694313049316,-3.523073673248291
1710536075463961074,9.067543983459473,-2.363884210586548,-3.520678758621216
1710536075503615428,9.073531150817871,-2.386636972427368,-3.5182836055755615
1710536075522483282,9.069938659667969,-2.384242057800293,-3.5278637409210205
1710536075545998360,9.072334289550781,-2.3578968048095703,-3.5290613174438477
1710536075589942477,9.085506439208984,-2.3914270401000977,-3.521876335144043
1710536075632119077,9.080716133117676,-2.3806493282318115,-3.5087037086486816
1710536075642407716,9.08670425415039,-2.3686742782592773,-3.5362462997436523
1710536075680319383,9.07832145690918,-2.375859260559082,-3.523073673248291
1710536075688647534,9.062753677368164,-2.3902294635772705,-3.5158886909484863
1710536075690772956,9.079519271850586,-2.353106737136841,-3.5254688262939453
1710536075711820561,9.077123641967773,-2.354304313659668,-3.5266661643981934
1710536075728699506,9.077123641967773,-2.354304313659668,-3.5266661643981934
1710536075743388392,9.077123641967773,-2.377056837081909,-3.5266661643981934
1710536075770622961,9.066346168518066,-2.374661922454834,-3.5075061321258545
1710536075772774357,9.066346168518066,-2.3686742782592773,-3.50032114982605
1710536075793685655,9.067543983459473,-2.375859260559082,-3.5075061321258545
1710536075795709318,9.067543983459473,-2.375859260559082,-3.5075061321258545
1710536075846254909,9.069938659667969,-2.3722667694091797,-3.5063085556030273
1710536075869517784,9.077123641967773,-2.3806493282318115,-3.53265380859375
1710536075930856681,9.083111763000488,-2.3806493282318115,-3.524271249771118
1710536075947144226,9.067543983459473,-2.3986120223999023,-3.502716064453125
1710536075980705389,9.081913948059082,-2.3602917194366455,-3.530258893966675
1710536076035241679,9.07832145690918,-2.3710694313049316,-3.513493537902832
1710536076056302133,9.083111763000488,-2.3914270401000977,-3.513493537902832
1710536076087991438,9.053174018859863,-2.363884210586548,-3.491938591003418
1710536076098358224,9.080716133117676,-2.383044481277466,-3.53265380859375
1710536076138637493,9.07832145690918,-2.3698718547821045,-3.5374438762664795
1710536076149040805,9.067543983459473,-2.375859260559082,-3.514691114425659
1710536076174253469,9.059161186218262,-2.3878345489501953,-3.50032114982605
1710536076184828854,9.084308624267578,-2.3590941429138184,-3.5278637409210205
1710536076233332621,9.080716133117676,-2.3626868724823,-3.524271249771118
1710536076256343627,9.083111763000488,-2.3806493282318115,-3.5386414527893066
1710536076302560719,9.075926780700684,-2.345921516418457,-3.501518487930298
1710536076310821797,9.075926780700684,-2.3590941429138184,-3.5063085556030273
1710536076342455640,9.080716133117676,-2.392624616622925,-3.520678758621216
1710536076361449383,9.071136474609375,-2.3890318870544434,-3.5087037086486816
1710536076394983024,9.066346168518066,-2.375859260559082,-3.5158886909484863
1710536076414803982,9.06395149230957,-2.3782544136047363,-3.5087037086486816
1710536076414913522,9.06395149230957,-2.374661922454834,-3.503913640975952
1710536076445660615,9.074728965759277,-2.377056837081909,-3.502716064453125
1710536076477091069,9.087902069091797,-2.3782544136047363,-3.535048723220825
1710536076500279704,9.079519271850586,-2.383044481277466,-3.5374438762664795
1710536076525452461,9.071136474609375,-2.3710694313049316,-3.5158886909484863
1710536076550838120,9.074728965759277,-2.403402090072632,-3.491938591003418
1710536076569630565,9.083111763000488,-2.4117846488952637,-3.541036367416382
1710536076573721690,9.074728965759277,-2.3818469047546387,-3.535048723220825
1710536076607393362,9.095087051391602,-2.397414445877075,-3.511098623275757
1710536076624042732,9.099876403808594,-2.3710694313049316,-3.562591552734375
1710536076653688163,9.069938659667969,-2.3578968048095703,-3.4967284202575684
1710536076659918335,9.089098930358887,-2.3722667694091797,-3.535048723220825
1710536076672592182,9.071136474609375,-2.3483166694641113,-3.520678758621216
1710536076697785415,9.072334289550781,-2.33514404296875,-3.5170862674713135
1710536076729287149,9.074728965759277,-2.374661922454834,-3.541036367416382
1710536076748394248,9.083111763000488,-2.344724178314209,-3.5290613174438477
1710536076775585016,9.071136474609375,-2.377056837081909,-3.5158886909484863
1710536076781818011,9.05556869506836,-2.3794519901275635,-3.481160879135132
1710536076814761943,9.083111763000488,-2.3722667694091797,-3.514691114425659
1710536076855518592,9.085506439208984,-2.324366569519043,-3.511098623275757
1710536076876569987,9.075926780700684,-2.3698718547821045,-3.5170862674713135
1710536076950055413,9.068741798400879,-2.353106737136841,-3.502716064453125
1710536076983716070,9.059161186218262,-2.3698718547821045,-3.5290613174438477
1710536076998279175,9.077123641967773,-2.397414445877075,-3.5182836055755615
1710536077034129185,9.077123641967773,-2.3602917194366455,-3.5362462997436523
1710536077063534325,9.075926780700684,-2.397414445877075,-3.50032114982605
1710536077107539016,9.079519271850586,-2.347119092941284,-3.524271249771118
1710536077116117985,9.071136474609375,-2.3483166694641113,-3.5254688262939453
1710536077137252054,9.07832145690918,-2.3902294635772705,-3.4955310821533203
1710536077189606133,9.084308624267578,-2.3507115840911865,-3.530258893966675
1710536077213689443,9.069938659667969,-2.3878345489501953,-3.5051109790802
1710536077231547167,9.08670425415039,-2.3303539752960205,-3.5290613174438477
1710536077237798697,9.071136474609375,-2.403402090072632,-3.511098623275757
1710536077258940664,9.080716133117676,-2.375859260559082,-3.5182836055755615
1710536077286273346,9.060359001159668,-2.3794519901275635,-3.493135929107666
1710536077313719900,9.061556816101074,-2.3495142459869385,-3.490741014480591
1710536077341914990,9.074728965759277,-2.3890318870544434,-3.5075061321258545
1710536077374719949,9.068741798400879,-2.345921516418457,-3.5158886909484863
1710536077404140619,9.071136474609375,-2.353106737136841,-3.502716064453125
1710536077422965880,9.072334289550781,-2.39501953125,-3.520678758621216
1710536077429177540,9.066346168518066,-2.3698718547821045,-3.514691114425659
1710536077441739158,9.08670425415039,-2.336341619491577,-3.5374438762664795
1710536077456696237,9.068741798400879,-2.363884210586548,-3.5254688262939453
1710536077460802720,9.062753677368164,-2.4189696311950684,-3.514691114425659
1710536077479644758,9.06395149230957,-2.385439395904541,-3.5051109790802
1710536077572189405,9.056766510009766,-2.3902294635772705,-3.494333505630493
1710536077615456348,9.08670425415039,-2.384242057800293,-3.53265380859375
1710536077626963448,9.084308624267578,-2.333946466445923,-3.513493537902832
1710536077631098076,9.067543983459473,-2.353106737136841,-3.493135929107666
1710536077658294968,9.061556816101074,-2.403402090072632,-3.520678758621216
1710536077668852602,9.072334289550781,-2.3686742782592773,-3.5158886909484863
1710536077698245083,9.068741798400879,-2.3507115840911865,-3.491938591003418
1710536077723333025,9.057964324951172,-2.366279363632202,-3.512296199798584
1710536077729713431,9.068741798400879,-2.366279363632202,-3.521876335144043
1710536077780252294,9.074728965759277,-2.375859260559082,-3.513493537902832
1710536077828559035,9.073531150817871,-2.375859260559082,-3.5170862674713135
1710536077851565961,9.072334289550781,-2.363884210586548,-3.493135929107666
1710536077874740604,9.072334289550781,-2.356699228286743,-3.5266661643981934
1710536077889375810,9.074728965759277,-2.406994581222534,-3.520678758621216
1710536077904299799,9.080716133117676,-2.3614892959594727,-3.542233943939209
1710536077931823720,9.065149307250977,-2.385439395904541,-3.513493537902832
1710536077940264016,9.089098930358887,-2.397414445877075,-3.541036367416382
1710536077961137102,9.066346168518066,-2.392624616622925,-3.50032114982605
1710536078015427346,9.061556816101074,-2.4022045135498047,-3.4967284202575684
1710536078034493945,9.066346168518066,-2.3614892959594727,-3.5254688262939453
1710536078074282043,9.081913948059082,-2.3998095989227295,-3.5182836055755615
1710536078082622299,9.083111763000488,-2.3686742782592773,-3.5158886909484863
1710536078099731161,9.07832145690918,-2.3602917194366455,-3.5266661643981934
1710536078127057036,9.066346168518066,-2.366279363632202,-3.494333505630493
1710536078164648846,9.083111763000488,-2.363884210586548,-3.5099010467529297
1710536078177322525,9.083111763000488,-2.363884210586548,-3.5099010467529297
1710536078213265954,9.065149307250977,-2.397414445877075,-3.5051109790802
1710536078319876432,9.067543983459473,-2.384242057800293,-3.513493537902832
1710536078343148388,9.079519271850586,-2.3806493282318115,-3.5051109790802
1710536078359919133,9.074728965759277,-2.385439395904541,-3.512296199798584
1710536078366545822,9.087902069091797,-2.39501953125,-3.5182836055755615
1710536078389289522,9.073531150817871,-2.3686742782592773,-3.5254688262939453
1710536078414965790,9.069938659667969,-2.343526601791382,-3.520678758621216
1710536078420892566,9.06395149230957,-2.375859260559082,-3.511098623275757
1710536078425107775,9.087902069091797,-2.392624616622925,-3.542233943939209
1710536078450397422,9.06395149230957,-2.3578968048095703,-3.471580743789673
1710536078500772719,9.074728965759277,-2.384242057800293,-3.5051109790802
1710536078502765667,9.07832145690918,-2.3626868724823,-3.5099010467529297
1710536078521866335,9.08670425415039,-2.366279363632202,-3.5194811820983887
1710536078538700979,9.069938659667969,-2.366279363632202,-3.5266661643981934
1710536078563859614,9.061556816101074,-2.375859260559082,-3.4991235733032227
1710536078589155167,9.073531150817871,-2.385439395904541,-3.5254688262939453
1710536078608922883,9.059161186218262,-2.3626868724823,-3.5087037086486816
1710536078641536433,9.087902069091797,-2.3710694313049316,-3.5470240116119385
1710536078681778879,9.067543983459473,-2.366279363632202,-3.4979259967803955
1710536078717467547,9.077123641967773,-2.3914270401000977,-3.5278637409210205
1710536078748838763,9.083111763000488,-2.377056837081909,-3.5075061321258545
1710536078768057898,9.068741798400879,-2.406994581222534,-3.50032114982605
1710536078799692188,9.079519271850586,-2.3782544136047363,-3.5278637409210205
1710536078814639876,9.079519271850586,-2.3578968048095703,-3.5254688262939453
1710536078845604527,9.065149307250977,-2.343526601791382,-3.530258893966675
1710536078877150387,9.066346168518066,-2.3686742782592773,-3.5170862674713135
1710536078887745387,9.067543983459473,-2.347119092941284,-3.5182836055755615
1710536078900662868,9.060359001159668,-2.3686742782592773,-3.482358455657959
1710536078936369935,9.067543983459473,-2.343526601791382,-3.5075061321258545
1710536078940551945,9.067543983459473,-2.343526601791382,-3.5075061321258545
1710536078942493452,9.074728965759277,-2.36747670173645,-3.5170862674713135
1710536078965676530,9.08670425415039,-2.3698718547821045,-3.5254688262939453
1710536078976307971,9.068741798400879,-2.366279363632202,-3.543431282043457
1710536078995202204,9.081913948059082,-2.386636972427368,-3.5075061321258545
1710536079012917205,9.083111763000488,-2.3698718547821045,-3.5398387908935547
1710536079024432757,9.069938659667969,-2.383044481277466,-3.503913640975952
1710536079030716739,9.072334289550781,-2.3794519901275635,-3.5194811820983887
1710536079043152603,9.067543983459473,-2.386636972427368,-3.4979259967803955
1710536079068585143,9.085506439208984,-2.3890318870544434,-3.5290613174438477
1710536079083367987,9.060359001159668,-2.363884210586548,-3.520678758621216
1710536079110409310,9.06395149230957,-2.3626868724823,-3.490741014480591
1710536079127498941,9.074728965759277,-2.393821954727173,-3.5194811820983887
1710536079135819736,9.069938659667969,-2.356699228286743,-3.4991235733032227
1710536079148344121,9.071136474609375,-2.3590941429138184,-3.533851385116577
1710536079165317457,9.059161186218262,-2.36747670173645,-3.5099010467529297
1710536079211820841,9.069938659667969,-2.347119092941284,-3.5290613174438477
1710536079228329848,9.071136474609375,-2.385439395904541,-3.5194811820983887
1710536079316396205,9.06395149230957,-2.383044481277466,-3.5158886909484863
1710536079360640496,9.072334289550781,-2.353106737136841,-3.502716064453125
1710536079385733490,9.066346168518066,-2.3782544136047363,-3.5254688262939453
1710536079398249237,9.059161186218262,-2.33514404296875,-3.4979259967803955
1710536079415417437,9.074728965759277,-2.4010071754455566,-3.5494189262390137
1710536079429819118,9.087902069091797,-2.355501651763916,-3.530258893966675
1710536079457519039,9.073531150817871,-2.3794519901275635,-3.5170862674713135
1710536079482313556,9.061556816101074,-2.3626868724823,-3.5063085556030273
1710536079486555700,9.062753677368164,-2.3578968048095703,-3.524271249771118
1710536079518254629,9.06395149230957,-2.3818469047546387,-3.5063085556030273
1710536079541509843,9.07832145690918,-2.365081787109375,-3.535048723220825
1710536079560423496,9.065149307250977,-2.4117846488952637,-3.5099010467529297
1710536079585527279,9.092691421508789,-2.3686742782592773,-3.530258893966675
1710536079606731691,9.08670425415039,-2.3902294635772705,-3.524271249771118
1710536079629627611,9.083111763000488,-2.343526601791382,-3.53265380859375
1710536079659096156,9.068741798400879,-2.3710694313049316,-3.5170862674713135
1710536079667691206,9.083111763000488,-2.3483166694641113,-3.513493537902832
1710536079688433398,9.081913948059082,-2.36747670173645,-3.511098623275757
1710536079710072826,9.062753677368164,-2.3423290252685547,-3.501518487930298
1710536079756055817,9.084308624267578,-2.333946466445923,-3.5051109790802
1710536079775036059,9.068741798400879,-2.366279363632202,-3.5194811820983887
1710536079777180384,9.062753677368164,-2.384242057800293,-3.4955310821533203
1710536079793934750,9.072334289550781,-2.366279363632202,-3.5099010467529297
1710536079823190849,9.071136474609375,-2.3818469047546387,-3.5099010467529297
1710536079844389962,9.077123641967773,-2.3626868724823,-3.523073673248291
1710536079848538500,9.065149307250977,-2.3111939430236816,-3.4967284202575684
1710536079861195823,9.084308624267578,-2.39501953125,-3.553011417388916
1710536079926372370,9.066346168518066,-2.3914270401000977,-3.531456232070923
1710536079936732563,9.080716133117676,-2.377056837081909,-3.5194811820983887
1710536079966199971,9.077123641967773,-2.383044481277466,-3.521876335144043
1710536079987083069,9.065149307250977,-2.406994581222534,-3.53265380859375
1710536079999751803,9.06395149230957,-2.3686742782592773,-3.5374438762664795
1710536080018443843,9.08670425415039,-2.4177722930908203,-3.5386414527893066
1710536080041687193,9.085506439208984,-2.375859260559082,-3.5278637409210205
1710536080060883265,9.085506439208984,-2.375859260559082,-3.5278637409210205
1710536080066927694,9.067543983459473,-2.383044481277466,-3.502716064453125
1710536080085934482,9.066346168518066,-2.3902294635772705,-3.4859509468078613
1710536080123667506,9.068741798400879,-2.373464345932007,-3.491938591003418
1710536080134278488,9.060359001159668,-2.353106737136841,-3.514691114425659
1710536080172412668,9.06395149230957,-2.3614892959594727,-3.490741014480591
1710536080191159759,9.072334289550781,-2.354304313659668,-3.493135929107666
1710536080228900624,9.06395149230957,-2.347119092941284,-3.5099010467529297
1710536080254113011,9.071136474609375,-2.3782544136047363,-3.5278637409210205
1710536080266675082,9.065149307250977,-2.343526601791382,-3.5170862674713135
1710536080275063115,9.074728965759277,-2.3483166694641113,-3.5158886909484863
1710536080289686009,9.077123641967773,-2.3590941429138184,-3.5075061321258545
1710536080350754177,9.0914945602417,-2.397414445877075,-3.535048723220825
1710536080367755512,9.069938659667969,-2.4201672077178955,-3.530258893966675
1710536080378241315,9.066346168518066,-2.424957275390625,-3.523073673248291
1710536080409178486,9.081913948059082,-2.3590941429138184,-3.53265380859375
1710536080428623656,9.074728965759277,-2.3806493282318115,-3.5278637409210205
1710536080460393232,9.057964324951172,-2.397414445877075,-3.513493537902832
1710536080509238074,9.069938659667969,-2.3722667694091797,-3.535048723220825
1710536080514966795,9.075926780700684,-2.333946466445923,-3.484753370285034
1710536080527533963,9.089098930358887,-2.354304313659668,-3.5278637409210205
1710536080550655738,9.087902069091797,-2.36747670173645,-3.512296199798584
1710536080573619700,9.057964324951172,-2.404599666595459,-3.5087037086486816
1710536080577928598,9.069938659667969,-2.4093897342681885,-3.473975896835327
1710536080594799722,9.079519271850586,-2.3111939430236816,-3.5063085556030273
1710536080615507289,9.090296745300293,-2.336341619491577,-3.5158886909484863
1710536080645111904,9.068741798400879,-2.3279590606689453,-3.494333505630493
1710536080672338237,9.06395149230957,-2.317181348800659,-3.4859509468078613
1710536080697452993,9.073531150817871,-2.426154851913452,-3.5158886909484863
1710536080752330926,9.077123641967773,-2.343526601791382,-3.503913640975952
1710536080773348353,9.072334289550781,-2.433339834213257,-3.5075061321258545
1710536080790107661,9.083111763000488,-2.3710694313049316,-3.494333505630493
1710536080798379012,9.102272033691406,-2.354304313659668,-3.5374438762664795
1710536080857290598,9.103468894958496,-2.45489501953125,-3.5673816204071045
1710536080880522910,9.059161186218262,-2.384242057800293,-3.523073673248291
1710536080907793533,9.092691421508789,-2.4201672077178955,-3.5554065704345703
1710536080928799132,9.092691421508789,-2.4201672077178955,-3.5554065704345703
1710536080958137639,9.08670425415039,-2.4513025283813477,-3.523073673248291
1710536080970861538,9.071136474609375,-2.317181348800659,-3.4895434379577637
1710536080983369057,9.0914945602417,-2.3183789253234863,-3.5158886909484863
1710536080996202757,9.06395149230957,-2.3818469047546387,-3.514691114425659
1710536081040160966,9.071136474609375,-2.3303539752960205,-3.463198184967041
1710536081054971325,9.092691421508789,-2.373464345932007,-3.521876335144043
1710536081078057565,9.0914945602417,-2.4177722930908203,-3.5362462997436523
1710536081109661007,9.087902069091797,-2.3183789253234863,-3.5278637409210205
1710536081122278242,9.087902069091797,-2.332749128341675,-3.544628858566284
1710536081134837623,9.075926780700684,-2.3076012134552,-3.4895434379577637
1710536081166276284,9.084308624267578,-2.386636972427368,-3.5182836055755615
1710536081210222624,9.060359001159668,-2.3495142459869385,-3.470383405685425
1710536081252629871,9.085506439208984,-2.39501953125,-3.5290613174438477
1710536081286330691,9.067543983459473,-2.384242057800293,-3.531456232070923
1710536081315707598,9.072334289550781,-2.355501651763916,-3.524271249771118
1710536081322225398,9.065149307250977,-2.323168992996216,-3.4991235733032227
1710536081341035440,9.107061386108398,-2.393821954727173,-3.56498646736145
1710536081359755134,9.065149307250977,-2.355501651763916,-3.4799633026123047
1710536081391439221,9.080716133117676,-2.366279363632202,-3.523073673248291
1710536081414751468,9.075926780700684,-2.3087987899780273,-3.50032114982605
1710536081443855669,9.072334289550781,-2.323168992996216,-3.501518487930298
1710536081464860121,9.097481727600098,-2.3183789253234863,-3.511098623275757
1710536081486183661,9.057964324951172,-2.3183789253234863,-3.484753370285034
1710536081509239330,9.07832145690918,-2.347119092941284,-3.4991235733032227
1710536081519884567,9.085506439208984,-2.332749128341675,-3.5063085556030273
1710536081538802517,9.062753677368164,-2.3890318870544434,-3.544628858566284
1710536081547287515,9.083111763000488,-2.3387365341186523,-3.4967284202575684
1710536081561938988,9.060359001159668,-2.343526601791382,-3.5087037086486816
1710536081601696212,9.087902069091797,-2.314786434173584,-3.4991235733032227
1710536081627137806,9.080716133117676,-2.3806493282318115,-3.4859509468078613
1710536081637188937,9.066346168518066,-2.336341619491577,-3.511098623275757
1710536081725796187,9.073531150817871,-2.3519091606140137,-3.543431282043457
1710536081744658784,9.092691421508789,-2.3483166694641113,-3.5158886909484863
1710536081801459060,9.080716133117676,-2.3602917194366455,-3.5170862674713135
1710536081822244923,9.057964324951172,-2.365081787109375,-3.4655933380126953
1710536081847434805,9.081913948059082,-2.412982225418091,-3.4787659645080566
1710536081855786677,9.07832145690918,-2.3004162311553955,-3.50032114982605
1710536081867346423,9.092691421508789,-2.325563907623291,-3.512296199798584
1710536081910826060,9.0914945602417,-2.3710694313049316,-3.5254688262939453
1710536081915111861,9.071136474609375,-2.3219714164733887,-3.471580743789673
1710536081938088244,9.079519271850586,-2.363884210586548,-3.543431282043457
1710536081944450056,9.116641998291016,-2.3878345489501953,-3.6152820587158203
1710536081965469875,9.079519271850586,-2.373464345932007,-3.4727783203125
1710536081971841437,9.072334289550781,-2.3507115840911865,-3.483555793762207
1710536081994819936,9.083111763000488,-2.3291563987731934,-3.523073673248291
1710536082001240283,9.0914945602417,-2.306403875350952,-3.5398387908935547
1710536082015694125,9.077123641967773,-2.4093897342681885,-3.5087037086486816
1710536082032560185,9.061556816101074,-2.3016138076782227,-3.4727783203125
1710536082047332330,9.097481727600098,-2.3483166694641113,-3.5398387908935547
1710536082055721535,9.084308624267578,-2.3914270401000977,-3.5278637409210205
1710536082085331156,9.069938659667969,-2.2285656929016113,-3.554208993911743
1710536082110566335,9.071136474609375,-2.396217107772827,-3.494333505630493
1710536082135863735,9.073531150817871,-2.463277578353882,-3.5482213497161865
1710536082163266995,9.114246368408203,-2.414179801940918,-3.5985169410705566
1710536082194783780,9.067543983459473,-2.3495142459869385,-3.503913640975952
1710536082217700207,9.077123641967773,-2.4022045135498047,-3.524271249771118
1710536082234637744,9.059161186218262,-2.383044481277466,-3.483555793762207
1710536082267015568,9.074728965759277,-2.3423290252685547,-3.494333505630493
1710536082272439141,9.097481727600098,-2.385439395904541,-3.5170862674713135
1710536082280804992,9.089098930358887,-2.3483166694641113,-3.542233943939209
1710536082308242171,9.065149307250977,-2.2992186546325684,-3.434458017349243
1710536082392262388,9.049581527709961,-2.397414445877075,-3.502716064453125
1710536082410976098,9.127419471740723,-2.3411316871643066,-3.6176769733428955
1710536082419515860,9.079519271850586,-2.3195765018463135,-3.554208993911743
1710536082451200024,9.069938659667969,-2.3986120223999023,-3.542233943939209
1710536082465886912,9.10107421875,-2.3183789253234863,-3.543431282043457
1710536082489146922,9.054370880126953,-2.2189855575561523,-3.4979259967803955
1710536082505933019,9.020840644836426,-2.4381299018859863,-3.4069151878356934
1710536082520735947,9.125024795532227,-2.4117846488952637,-3.590134382247925
1710536082560628024,9.092691421508789,-2.4010071754455566,-3.543431282043457
1710536082600509293,9.069938659667969,-2.257305860519409,-3.541036367416382
1710536082623407283,9.040000915527344,-2.45489501953125,-3.454815626144409
1710536082629981596,9.057964324951172,-2.3998095989227295,-3.5386414527893066
1710536082661268179,9.074728965759277,-2.3016138076782227,-3.4691858291625977
1710536082680141711,9.072334289550781,-2.4201672077178955,-3.5087037086486816
1710536082690717248,9.077123641967773,-2.203418016433716,-3.4991235733032227
1710536082726511327,9.089098930358887,-2.604583740234375,-3.5482213497161865
1710536082734967983,9.113049507141113,-2.234553337097168,-3.614084482192993
1710536082749867933,9.079519271850586,-2.4177722930908203,-3.523073673248291
1710536082777235595,9.06395149230957,-2.2381458282470703,-3.531456232070923
1710536082789936697,9.095087051391602,-2.305206298828125,-3.570974111557007
1710536082821381697,9.073531150817871,-2.3399341106414795,-3.4883458614349365
1710536082836282172,9.062753677368164,-2.3782544136047363,-3.475173234939575
1710536082859543186,9.083111763000488,-2.4010071754455566,-3.5266661643981934
1710536082868207486,9.069938659667969,-2.494412899017334,-3.5266661643981934
1710536082886825204,9.053174018859863,-2.452500104904175,-3.494333505630493
1710536082914295884,9.071136474609375,-2.392624616622925,-3.470383405685425
1710536082937428348,9.068741798400879,-2.354304313659668,-3.513493537902832
1710536082983651687,9.06395149230957,-2.284848690032959,-3.5087037086486816
1710536082991910147,9.074728965759277,-2.3722667694091797,-3.5697765350341797
1710536083025499529,9.084308624267578,-2.344724178314209,-3.584146738052368
1710536083053068390,9.096283912658691,-2.3016138076782227,-3.5601966381073
1710536083118254265,9.074728965759277,-2.442919969558716,-3.581751823425293
1710536083149882410,9.075926780700684,-2.2309606075286865,-3.5182836055755615
1710536083160339641,9.059161186218262,-2.4321422576904297,-3.5182836055755615
1710536083202469450,9.059161186218262,-2.4417223930358887,-3.5362462997436523
1710536083235982628,9.068741798400879,-2.347119092941284,-3.550616502761841
1710536083247208578,9.074728965759277,-2.404599666595459,-3.541036367416382
1710536083349329894,9.06395149230957,-2.3878345489501953,-3.5386414527893066
1710536083389484183,9.047185897827148,-2.472857713699341,-3.4967284202575684
1710536083416324570,9.060359001159668,-2.3004162311553955,-3.494333505630493
1710536083459029633,9.081913948059082,-2.3495142459869385,-3.5482213497161865
1710536083463045134,9.074728965759277,-2.3291563987731934,-3.530258893966675
1710536083467224639,9.085506439208984,-2.33514404296875,-3.520678758621216
1710536083492895247,9.054370880126953,-2.393821954727173,-3.502716064453125
1710536083500770355,9.079519271850586,-2.2501208782196045,-3.5458264350891113
1710536083530254682,9.053174018859863,-2.3411316871643066,-3.4979259967803955
1710536083534313635,9.079519271850586,-2.4489073753356934,-3.5099010467529297
1710536083544935120,9.083111763000488,-2.426154851913452,-3.5769617557525635
1710536083578557952,9.079519271850586,-2.4608826637268066,-3.614084482192993
1710536083589064584,9.099876403808594,-2.4405248165130615,-3.5769617557525635
1710536083613930791,9.075926780700684,-2.3123912811279297,-3.56498646736145
1710536083629046711,9.062753677368164,-2.3291563987731934,-3.5554065704345703
1710536083647921535,9.04119873046875,-2.296823740005493,-3.475173234939575
1710536083654162947,9.079519271850586,-2.2908360958099365,-3.580554246902466
1710536083664543707,9.0914945602417,-2.272873640060425,-3.512296199798584
1710536083721301592,9.061556816101074,-2.3076012134552,-3.511098623275757
1710536083738235917,9.085506439208984,-2.3411316871643066,-3.5554065704345703
1710536083784441741,9.045989036560059,-2.245330810546875,-3.432063102722168
1710536083799095534,9.085506439208984,-2.347119092941284,-3.582949161529541
1710536083814009963,9.08670425415039,-2.3998095989227295,-3.5290613174438477
1710536083834868753,9.077123641967773,-2.337538957595825,-3.501518487930298
1710536083864250139,9.074728965759277,-2.4010071754455566,-3.5601966381073
1710536083891579821,9.077123641967773,-2.4788451194763184,-3.5877392292022705
1710536083916841062,9.020840644836426,-2.2812561988830566,-3.4787659645080566
1710536083933460815,9.023236274719238,-2.2405407428741455,-3.462000846862793
1710536083969221769,9.140591621398926,-2.3207738399505615,-3.694317579269409
1710536084014413436,9.057964324951172,-2.3099963665008545,-3.5063085556030273
1710536084014450870,9.042396545410156,-2.4920177459716797,-3.493135929107666
1710536084027897148,9.054370880126953,-2.386636972427368,-3.5063085556030273
1710536084074070559,9.08670425415039,-2.3123912811279297,-3.5566039085388184
1710536084139267686,9.0914945602417,-2.315983772277832,-3.5781590938568115
1710536084150713320,9.057964324951172,-2.3590941429138184,-3.563789129257202
1710536084179368694,9.068741798400879,-2.363884210586548,-3.542233943939209
1710536084254914490,9.067543983459473,-2.3315515518188477,-3.4679882526397705
1710536084309766564,9.07832145690918,-2.337538957595825,-3.5290613174438477
1710536084334940312,9.0914945602417,-2.33514404296875,-3.5769617557525635
1710536084347752804,9.060359001159668,-2.373464345932007,-3.541036367416382
1710536084358193003,9.07832145690918,-2.3686742782592773,-3.5386414527893066
1710536084414635186,9.072334289550781,-2.3387365341186523,-3.524271249771118
1710536084427203747,9.083111763000488,-2.323168992996216,-3.5087037086486816
1710536084438081694,9.087902069091797,-2.392624616622925,-3.5386414527893066
1710536084448555966,9.071136474609375,-2.3626868724823,-3.4967284202575684
1710536084465434965,9.049581527709961,-2.315983772277832,-3.5063085556030273
1710536084482317838,9.074728965759277,-2.393821954727173,-3.5362462997436523
1710536084490802877,9.065149307250977,-2.3890318870544434,-3.531456232070923
1710536084536872428,9.066346168518066,-2.337538957595825,-3.4991235733032227
1710536084568530239,9.089098930358887,-2.356699228286743,-3.5685791969299316
1710536084612620810,9.054370880126953,-2.3890318870544434,-3.493135929107666
1710536084614555820,9.074728965759277,-2.386636972427368,-3.5087037086486816
1710536084640045557,9.056766510009766,-2.383044481277466,-3.511098623275757
1710536084659249229,9.065149307250977,-2.2752685546875,-3.4955310821533203
1710536084687934086,9.080716133117676,-2.4201672077178955,-3.5685791969299316
1710536084696596869,9.079519271850586,-2.433339834213257,-3.551814079284668
1710536084717570029,9.073531150817871,-2.295626163482666,-3.5051109790802
1710536084816269730,9.069938659667969,-2.3315515518188477,-3.5063085556030273
1710536084820628691,9.087902069091797,-2.3590941429138184,-3.535048723220825
1710536084875237585,9.060359001159668,-2.354304313659668,-3.493135929107666
1710536084912965082,9.080716133117676,-2.3710694313049316,-3.542233943939209
1710536084929851605,9.074728965759277,-2.283651113510132,-3.501518487930298
1710536084957172541,9.080716133117676,-2.45489501953125,-3.5482213497161865
1710536084967726557,9.102272033691406,-2.4812402725219727,-3.5697765350341797
1710536084997227663,9.057964324951172,-2.3123912811279297,-3.5087037086486816
1710536085024708999,9.065149307250977,-2.374661922454834,-3.490741014480591
1710536085068788230,9.069938659667969,-2.3303539752960205,-3.5566039085388184
1710536085119038815,9.0914945602417,-2.3303539752960205,-3.543431282043457
1710536085127583408,9.074728965759277,-2.36747670173645,-3.5266661643981934
1710536085146465381,9.080716133117676,-2.343526601791382,-3.551814079284668
1710536085163318872,9.05556869506836,-2.344724178314209,-3.475173234939575
1710536085234646556,9.072334289550781,-2.3614892959594727,-3.5266661643981934
1710536085236934869,9.074728965759277,-2.353106737136841,-3.520678758621216
1710536085295494709,9.073531150817871,-2.3219714164733887,-3.5075061321258545
1710536085331389508,9.08670425415039,-2.317181348800659,-3.582949161529541
1710536085337645883,9.06395149230957,-2.374661922454834,-3.482358455657959
1710536085360871428,9.072334289550781,-2.354304313659668,-3.5254688262939453
1710536085383654898,9.065149307250977,-2.383044481277466,-3.5589990615844727
1710536085445049648,9.080716133117676,-2.294428825378418,-3.5266661643981934
1710536085467994467,9.068741798400879,-2.306403875350952,-3.491938591003418
1710536085480501606,9.075926780700684,-2.3806493282318115,-3.5494189262390137
1710536085499541803,9.08670425415039,-2.3626868724823,-3.541036367416382
1710536085514219778,9.077123641967773,-2.3722667694091797,-3.531456232070923
1710536085602808211,9.07832145690918,-2.3722667694091797,-3.533851385116577
1710536085615614844,9.069938659667969,-2.392624616622925,-3.535048723220825
1710536085645021511,9.07832145690918,-2.345921516418457,-3.542233943939209
1710536085667997218,9.080716133117676,-2.36747670173645,-3.544628858566284
1710536085678418778,9.074728965759277,-2.3590941429138184,-3.5362462997436523
1710536085699687821,9.073531150817871,-2.3387365341186523,-3.53265380859375
1710536085716432205,9.079519271850586,-2.3411316871643066,-3.550616502761841
1710536085741754956,9.067543983459473,-2.3602917194366455,-3.53265380859375
1710536085754430232,9.077123641967773,-2.3387365341186523,-3.531456232070923
1710536085783868856,9.071136474609375,-2.373464345932007,-3.5051109790802
1710536085796466349,9.077123641967773,-2.3578968048095703,-3.533851385116577
1710536085825930641,9.072334289550781,-2.315983772277832,-3.511098623275757
1710536085853389414,9.085506439208984,-2.333946466445923,-3.542233943939209
1710536085872966088,9.092691421508789,-2.4201672077178955,-3.5374438762664795
1710536085886971940,9.085506439208984,-2.3698718547821045,-3.550616502761841
1710536085901508649,9.0914945602417,-2.3626868724823,-3.5398387908935547
1710536085916369924,9.07832145690918,-2.3794519901275635,-3.53265380859375
1710536085958447026,9.060359001159668,-2.384242057800293,-3.551814079284668
1710536085960462219,9.060359001159668,-2.384242057800293,-3.551814079284668
1710536085975723124,9.073531150817871,-2.33514404296875,-3.5063085556030273
1710536085988047202,9.066346168518066,-2.355501651763916,-3.531456232070923
1710536086044737322,9.068741798400879,-2.333946466445923,-3.5158886909484863
1710536086057353478,9.060359001159668,-2.344724178314209,-3.523073673248291
1710536086097761709,9.080716133117676,-2.326761484146118,-3.535048723220825
1710536086124812886,9.062753677368164,-2.3123912811279297,-3.4967284202575684
1710536086162728580,9.069938659667969,-2.3806493282318115,-3.4967284202575684
1710536086166989974,9.083111763000488,-2.2896387577056885,-3.554208993911743
1710536086194193600,9.05556869506836,-2.383044481277466,-3.4991235733032227
1710536086215301002,9.089098930358887,-2.3076012134552,-3.5685791969299316
1710536086233951221,9.079519271850586,-2.355501651763916,-3.5578014850616455
1710536086248803749,9.085506439208984,-2.355501651763916,-3.5266661643981934
1710536086271781951,9.08670425415039,-2.36747670173645,-3.5601966381073
1710536086316030912,9.087902069091797,-2.3722667694091797,-3.5278637409210205
1710536086337177366,9.083111763000488,-2.375859260559082,-3.5158886909484863
1710536086366696426,9.080716133117676,-2.347119092941284,-3.5278637409210205
1710536086368644634,9.075926780700684,-2.337538957595825,-3.554208993911743
1710536086393996579,9.077123641967773,-2.4081921577453613,-3.535048723220825
1710536086425410089,9.067543983459473,-2.3686742782592773,-3.4967284202575684
1710536086446430037,9.077123641967773,-2.353106737136841,-3.543431282043457
1710536086471656511,9.0914945602417,-2.332749128341675,-3.5458264350891113
1710536086495256757,9.069938659667969,-2.3698718547821045,-3.5254688262939453
1710536086511553409,9.103468894958496,-2.332749128341675,-3.535048723220825
1710536086528373661,9.072334289550781,-2.30281138420105,-3.5170862674713135
1710536086534580561,9.085506439208984,-2.3794519901275635,-3.53265380859375
1710536086555522856,9.072334289550781,-2.3291563987731934,-3.5266661643981934
1710536086568032402,9.079519271850586,-2.3794519901275635,-3.542233943939209
1710536086608005968,9.090296745300293,-2.3902294635772705,-3.5554065704345703
1710536086620313126,9.057964324951172,-2.296823740005493,-3.4991235733032227
1710536086635134577,9.075926780700684,-2.416574716567993,-3.5051109790802
1710536086652253971,9.062753677368164,-2.2884411811828613,-3.512296199798584
1710536086666994287,9.067543983459473,-2.396217107772827,-3.530258893966675
1710536086683672676,9.071136474609375,-2.306403875350952,-3.512296199798584
1710536086700646210,9.085506439208984,-2.3195765018463135,-3.56498646736145
1710536086715226718,9.074728965759277,-2.42256236076355,-3.533851385116577
1710536086738243271,9.085506439208984,-2.263293504714966,-3.5398387908935547
1710536086744700935,9.066346168518066,-2.354304313659668,-3.524271249771118
1710536086763534994,9.096283912658691,-2.3818469047546387,-3.5099010467529297
1710536086776241723,9.085506439208984,-2.3806493282318115,-3.535048723220825
1710536086801168252,9.079519271850586,-2.3111939430236816,-3.5087037086486816
1710536086809520754,9.07832145690918,-2.3686742782592773,-3.5158886909484863
1710536086818056426,9.067543983459473,-2.3986120223999023,-3.5170862674713135
1710536086856139293,9.059161186218262,-2.2585034370422363,-3.470383405685425
1710536086885511050,9.08670425415039,-2.313588857650757,-3.530258893966675
1710536086925295880,9.096283912658691,-2.3399341106414795,-3.5781590938568115
1710536086931969324,9.056766510009766,-2.3878345489501953,-3.5194811820983887
1710536086940191510,9.085506439208984,-2.3507115840911865,-3.5051109790802
1710536086961332936,9.054370880126953,-2.347119092941284,-3.4979259967803955
1710536086982192305,9.083111763000488,-2.3507115840911865,-3.554208993911743
1710536087015732843,9.083111763000488,-2.344724178314209,-3.5182836055755615
1710536087068598993,9.068741798400879,-2.3399341106414795,-3.490741014480591
1710536087089776040,9.075926780700684,-2.366279363632202,-3.4883458614349365
1710536087111126251,9.07832145690918,-2.304008722305298,-3.5697765350341797
1710536087144426652,9.097481727600098,-2.4381299018859863,-3.5601966381073
1710536087169612685,9.087902069091797,-2.3794519901275635,-3.5182836055755615
1710536087201050405,9.07832145690918,-2.3698718547821045,-3.5661840438842773
1710536087268085162,9.092691421508789,-2.3087987899780273,-3.530258893966675
1710536087322423325,9.077123641967773,-2.384242057800293,-3.554208993911743
1710536087353964913,9.060359001159668,-2.3818469047546387,-3.520678758621216
1710536087360319249,9.0914945602417,-2.33514404296875,-3.514691114425659
1710536087372970224,9.083111763000488,-2.3399341106414795,-3.5278637409210205
1710536087398286435,9.074728965759277,-2.3626868724823,-3.5398387908935547
1710536087415998878,9.087902069091797,-2.386636972427368,-3.551814079284668
1710536087421273064,9.072334289550781,-2.366279363632202,-3.4979259967803955
1710536087435762273,9.090296745300293,-2.3507115840911865,-3.5601966381073
1710536087463906591,9.079519271850586,-2.4105870723724365,-3.5194811820983887
1710536087492758994,9.095087051391602,-2.3195765018463135,-3.56498646736145
1710536087515862558,9.090296745300293,-2.3626868724823,-3.5494189262390137
1710536087524493448,9.090296745300293,-2.3698718547821045,-3.535048723220825
1710536087541309356,9.080716133117676,-2.3878345489501953,-3.523073673248291
1710536087579074773,9.072334289550781,-2.386636972427368,-3.4967284202575684
1710536087616981558,9.089098930358887,-2.3387365341186523,-3.554208993911743
1710536087663412684,9.087902069091797,-2.3590941429138184,-3.512296199798584
1710536087690440512,9.099876403808594,-2.33514404296875,-3.5158886909484863
1710536087720013162,9.065149307250977,-2.326761484146118,-3.471580743789673
1710536087751370025,9.089098930358887,-2.3387365341186523,-3.531456232070923
1710536087772549101,9.084308624267578,-2.3794519901275635,-3.524271249771118
1710536087806074517,9.080716133117676,-2.4297473430633545,-3.502716064453125
1710536087833535778,9.089098930358887,-2.2692809104919434,-3.523073673248291
1710536087844052382,9.056766510009766,-2.347119092941284,-3.475173234939575
1710536087852546865,9.089098930358887,-2.363884210586548,-3.5182836055755615
1710536087875442880,9.068741798400879,-2.3590941429138184,-3.5362462997436523
1710536087902917738,9.0914945602417,-2.383044481277466,-3.553011417388916
1710536087921764100,9.067543983459473,-2.3111939430236816,-3.5158886909484863
1710536087938719557,9.067543983459473,-2.3111939430236816,-3.5158886909484863
1710536087970111805,9.067543983459473,-2.3483166694641113,-3.4895434379577637
1710536087991163404,9.103468894958496,-2.42256236076355,-3.5601966381073
1710536087999395256,9.048383712768555,-2.315983772277832,-3.4955310821533203
1710536088014044107,9.069938659667969,-2.4010071754455566,-3.544628858566284
1710536088066681266,9.062753677368164,-2.306403875350952,-3.524271249771118
1710536088085486107,9.093889236450195,-2.3698718547821045,-3.5362462997436523
1710536088093960903,9.083111763000488,-2.4010071754455566,-3.5278637409210205
1710536088102307105,9.069938659667969,-2.305206298828125,-3.493135929107666
1710536088116993664,9.087902069091797,-2.332749128341675,-3.573369026184082
1710536088123260925,9.087902069091797,-2.332749128341675,-3.573369026184082
1710536088171701022,9.083111763000488,-2.234553337097168,-3.553011417388916
1710536088201056073,9.081913948059082,-2.39501953125,-3.511098623275757
1710536088224255894,9.06395149230957,-2.2884411811828613,-3.513493537902832
1710536088266352604,9.10107421875,-2.3399341106414795,-3.541036367416382
1710536088312438600,9.062753677368164,-2.336341619491577,-3.512296199798584
1710536088350382397,9.07832145690918,-2.3111939430236816,-3.524271249771118
1710536088375327079,9.085506439208984,-2.4776477813720703,-3.551814079284668
1710536088392240249,9.127419471740723,-1.9794836044311523,-3.803291082382202
1710536088440676876,9.073531150817871,-2.385439395904541,-3.473975896835327
1710536088461507017,9.040000915527344,-2.444117546081543,-3.454815626144409
1710536088493079977,9.061556816101074,-2.5004003047943115,-3.463198184967041
1710536088509784882,9.0914945602417,-2.3087987899780273,-3.5673816204071045
1710536088537166791,9.079519271850586,-2.4093897342681885,-3.541036367416382
1710536088568707910,9.059161186218262,-2.4177722930908203,-3.4991235733032227
1710536088581469229,9.104666709899902,-2.3818469047546387,-3.582949161529541
1710536088587543496,9.060359001159668,-2.403402090072632,-3.503913640975952
1710536088612423270,9.066346168518066,-2.33514404296875,-3.484753370285034
1710536088642562550,9.10107421875,-2.3279590606689453,-3.5566039085388184
1710536088661253828,9.089098930358887,-2.3195765018463135,-3.542233943939209
1710536088684553000,9.089098930358887,-2.3578968048095703,-3.483555793762207
1710536088699383008,9.057964324951172,-2.2608983516693115,-3.4859509468078613
1710536088716005949,9.074728965759277,-2.276466131210327,-3.475173234939575
1710536088747437132,9.068741798400879,-2.332749128341675,-3.5482213497161865
1710536088797995381,9.090296745300293,-2.4081921577453613,-3.4871485233306885
1710536088820808087,9.071136474609375,-2.272873640060425,-3.513493537902832
1710536088844838168,9.075926780700684,-2.355501651763916,-3.502716064453125
1710536088865273684,9.105864524841309,-2.4680676460266113,-3.5398387908935547
1710536088888447465,9.102272033691406,-2.4093897342681885,-3.5386414527893066
1710536088894627453,9.080716133117676,-2.354304313659668,-3.4727783203125
1710536088903205728,9.071136474609375,-2.277663469314575,-3.5075061321258545
1710536088917768338,9.071136474609375,-2.325563907623291,-3.4967284202575684
1710536088940782223,9.080716133117676,-2.4177722930908203,-3.490741014480591
1710536088964127387,9.079519271850586,-2.265688419342041,-3.5063085556030273
1710536088970422057,9.077123641967773,-2.3519091606140137,-3.513493537902832
1710536089016372092,9.07832145690918,-2.354304313659668,-3.5170862674713135
1710536089020407320,9.062753677368164,-2.3123912811279297,-3.502716064453125
1710536089041666687,9.059161186218262,-2.386636972427368,-3.4560132026672363
1710536089060842060,9.08670425415039,-2.286046028137207,-3.541036367416382
1710536089130196127,9.084308624267578,-2.3686742782592773,-3.5470240116119385
1710536089147449301,9.090296745300293,-2.384242057800293,-3.512296199798584
1710536089159608925,9.074728965759277,-2.2908360958099365,-3.494333505630493
1710536089201690014,9.099876403808594,-2.404599666595459,-3.5266661643981934
1710536089229208297,9.068741798400879,-2.434537410736084,-3.481160879135132
1710536089233267429,9.095087051391602,-2.363884210586548,-3.5386414527893066
1710536089254207590,9.081913948059082,-2.3519091606140137,-3.562591552734375
1710536089300673143,9.081913948059082,-2.415377140045166,-3.5386414527893066
1710536089304807102,9.062753677368164,-2.386636972427368,-3.5266661643981934
1710536089320085660,9.085506439208984,-2.3890318870544434,-3.4979259967803955
1710536089336370923,9.075926780700684,-2.366279363632202,-3.50032114982605
1710536089369903670,9.07832145690918,-2.337538957595825,-3.502716064453125
1710536089380375810,9.090296745300293,-2.356699228286743,-3.53265380859375
1710536089384631146,9.066346168518066,-2.3818469047546387,-3.531456232070923
1710536089418152163,9.083111763000488,-2.3279590606689453,-3.5278637409210205
1710536089451896686,9.087902069091797,-2.315983772277832,-3.5182836055755615
1710536089481327493,9.060359001159668,-2.356699228286743,-3.5075061321258545
1710536089506563549,9.065149307250977,-2.3315515518188477,-3.4955310821533203
1710536089519370348,9.06395149230957,-2.3303539752960205,-3.494333505630493
1710536089569500812,9.068741798400879,-2.39501953125,-3.494333505630493
1710536089588549447,9.079519271850586,-2.4501049518585205,-3.56498646736145
1710536089594931654,9.059161186218262,-2.284848690032959,-3.491938591003418
1710536089619867870,9.080716133117676,-2.356699228286743,-3.4883458614349365
1710536089645334042,9.085506439208984,-2.4477100372314453,-3.542233943939209
1710536089659927999,9.0914945602417,-2.3590941429138184,-3.572171688079834
1710536089689496364,9.075926780700684,-2.4297473430633545,-3.513493537902832
1710536089698147062,9.060359001159668,-2.3722667694091797,-3.4955310821533203
1710536089744448915,9.080716133117676,-2.3279590606689453,-3.5398387908935547
1710536089763256818,9.057964324951172,-2.3710694313049316,-3.4991235733032227
1710536089796716329,9.1106538772583,-2.355501651763916,-3.570974111557007
1710536089838863951,9.069938659667969,-2.3483166694641113,-3.464395761489868
1710536089870507764,9.075926780700684,-2.366279363632202,-3.524271249771118
1710536089893527044,9.07832145690918,-2.333946466445923,-3.5278637409210205
1710536089927238986,9.084308624267578,-2.3890318870544434,-3.5087037086486816
1710536090013971264,9.072334289550781,-2.3806493282318115,-3.5170862674713135
1710536090063878453,9.069938659667969,-2.4297473430633545,-3.5182836055755615
1710536090093233590,9.065149307250977,-2.3890318870544434,-3.503913640975952
1710536090103875102,9.093889236450195,-2.3914270401000977,-3.5482213497161865
1710536090115214645,9.067543983459473,-2.3519091606140137,-3.502716064453125
1710536090120604875,9.072334289550781,-2.353106737136841,-3.501518487930298
1710536090122715120,9.072334289550781,-2.337538957595825,-3.520678758621216
1710536090143853672,9.085506439208984,-2.3578968048095703,-3.5254688262939453
1710536090164965688,9.075926780700684,-2.3710694313049316,-3.5182836055755615
1710536090183641902,9.075926780700684,-2.377056837081909,-3.543431282043457
1710536090214488502,9.085506439208984,-2.375859260559082,-3.5386414527893066
1710536090232078102,9.068741798400879,-2.4177722930908203,-3.5087037086486816
1710536090261175550,9.07832145690918,-2.315983772277832,-3.5194811820983887
1710536090301096899,9.079519271850586,-2.3686742782592773,-3.502716064453125
1710536090364134005,9.084308624267578,-2.396217107772827,-3.5254688262939453
1710536090370629041,9.072334289550781,-2.384242057800293,-3.514691114425659
1710536090391509187,9.081913948059082,-2.344724178314209,-3.523073673248291
1710536090416702155,9.073531150817871,-2.354304313659668,-3.521876335144043
1710536090431512966,9.07832145690918,-2.3686742782592773,-3.5051109790802
1710536090463010887,9.071136474609375,-2.3387365341186523,-3.4991235733032227
1710536090502863594,9.054370880126953,-2.375859260559082,-3.542233943939209
1710536090515562175,9.065149307250977,-2.3411316871643066,-3.5170862674713135
1710536090532435877,9.0914945602417,-2.3794519901275635,-3.5398387908935547
1710536090551273854,9.080716133117676,-2.337538957595825,-3.5170862674713135
1710536090593177455,9.077123641967773,-2.355501651763916,-3.530258893966675
1710536090613538128,9.065149307250977,-2.3399341106414795,-3.5158886909484863
1710536090624550762,9.080716133117676,-2.4105870723724365,-3.524271249771118
1710536090670918774,9.059161186218262,-2.366279363632202,-3.5075061321258545
1710536090675052328,9.097481727600098,-2.3602917194366455,-3.554208993911743
1710536090698223151,9.089098930358887,-2.3902294635772705,-3.524271249771118
1710536090734155293,9.080716133117676,-2.3806493282318115,-3.530258893966675
1710536090750953208,9.069938659667969,-2.3626868724823,-3.551814079284668
1710536090752895115,9.07832145690918,-2.3590941429138184,-3.5386414527893066
1710536090767657560,9.079519271850586,-2.356699228286743,-3.491938591003418
1710536090784382442,9.060359001159668,-2.344724178314209,-3.5386414527893066
1710536090798890743,9.079519271850586,-2.326761484146118,-3.5290613174438477
1710536090822056047,9.079519271850586,-2.326761484146118,-3.5290613174438477
1710536090857974653,9.066346168518066,-2.3291563987731934,-3.5087037086486816
1710536090881182240,9.087902069091797,-2.3986120223999023,-3.530258893966675
1710536090889557630,9.062753677368164,-2.305206298828125,-3.520678758621216
1710536090921093503,9.080716133117676,-2.414179801940918,-3.520678758621216
1710536090955364353,9.069938659667969,-2.3387365341186523,-3.533851385116577
1710536090961097523,9.077123641967773,-2.385439395904541,-3.53265380859375
1710536090999196130,9.077123641967773,-2.3698718547821045,-3.531456232070923
1710536091022479971,9.093889236450195,-2.366279363632202,-3.533851385116577
1710536091049457279,9.059161186218262,-2.406994581222534,-3.5254688262939453
1710536091060139219,9.081913948059082,-2.3387365341186523,-3.533851385116577
1710536091097890862,9.085506439208984,-2.3602917194366455,-3.5290613174438477
1710536091106459708,9.075926780700684,-2.353106737136841,-3.5063085556030273
1710536091125179631,9.071136474609375,-2.3986120223999023,-3.5158886909484863
1710536091150697540,9.07832145690918,-2.3890318870544434,-3.542233943939209
1710536091171529033,9.06395149230957,-2.3998095989227295,-3.5266661643981934
1710536091186266870,9.119036674499512,-2.323168992996216,-3.5589990615844727
1710536091205213232,9.029223442077637,-2.3578968048095703,-3.512296199798584
1710536091247124151,9.090296745300293,-2.3483166694641113,-3.541036367416382
1710536091268343235,9.083111763000488,-2.3423290252685547,-3.5254688262939453
1710536091279523756,9.077123641967773,-2.3279590606689453,-3.5087037086486816
1710536091291402201,9.060359001159668,-2.3291563987731934,-3.5194811820983887
1710536091297583837,9.060359001159668,-2.3291563987731934,-3.5194811820983887
1710536091306355254,9.085506439208984,-2.3602917194366455,-3.493135929107666
1710536091318591020,9.083111763000488,-2.3626868724823,-3.530258893966675
1710536091335498903,9.090296745300293,-2.385439395904541,-3.541036367416382
1710536091358762871,9.081913948059082,-2.365081787109375,-3.5470240116119385
1710536091392221790,9.066346168518066,-2.3291563987731934,-3.491938591003418
1710536091474271482,9.071136474609375,-2.4213647842407227,-3.5170862674713135
1710536091478432599,9.074728965759277,-2.374661922454834,-3.5087037086486816
1710536091499661068,9.097481727600098,-2.385439395904541,-3.5554065704345703
1710536091533424806,9.085506439208984,-2.404599666595459,-3.5374438762664795
1710536091556392949,9.083111763000488,-2.314786434173584,-3.5266661643981934
1710536091581689496,9.05556869506836,-2.3698718547821045,-3.512296199798584
1710536091627927285,9.067543983459473,-2.3399341106414795,-3.520678758621216
1710536091634057212,9.079519271850586,-2.3686742782592773,-3.524271249771118
1710536091661297463,9.079519271850586,-2.354304313659668,-3.4955310821533203
1710536091686554861,9.074728965759277,-2.3614892959594727,-3.50032114982605
1710536091707730194,9.075926780700684,-2.3590941429138184,-3.5087037086486816
1710536091735158719,9.069938659667969,-2.4093897342681885,-3.512296199798584
1710536091754006668,9.090296745300293,-2.3590941429138184,-3.530258893966675
1710536091777335234,9.077123641967773,-2.3614892959594727,-3.533851385116577
1710536091794098773,9.073531150817871,-2.365081787109375,-3.4991235733032227
1710536091823316776,9.087902069091797,-2.39501953125,-3.531456232070923
1710536091840340441,9.059161186218262,-2.385439395904541,-3.5063085556030273
1710536091867669595,9.085506439208984,-2.354304313659668,-3.5470240116119385
1710536091886455447,9.066346168518066,-2.3578968048095703,-3.5099010467529297
1710536091907655879,9.090296745300293,-2.3698718547821045,-3.5374438762664795
1710536091930987407,9.080716133117676,-2.3806493282318115,-3.531456232070923
1710536091962465040,9.069938659667969,-2.317181348800659,-3.483555793762207
1710536091993843033,9.073531150817871,-2.3794519901275635,-3.5158886909484863
1710536092012773942,9.081913948059082,-2.3495142459869385,-3.530258893966675
1710536092044183124,9.081913948059082,-2.3998095989227295,-3.5170862674713135
1710536092077826769,9.07832145690918,-2.3387365341186523,-3.501518487930298
1710536092081976473,9.068741798400879,-2.3614892959594727,-3.483555793762207
1710536092099053577,9.08670425415039,-2.3686742782592773,-3.5170862674713135
1710536092138904658,9.068741798400879,-2.3626868724823,-3.520678758621216
1710536092172729967,9.081913948059082,-2.3291563987731934,-3.5254688262939453
1710536092216686078,9.071136474609375,-2.383044481277466,-3.5266661643981934
1710536092248600816,9.085506439208984,-2.354304313659668,-3.5063085556030273
1710536092339086218,9.065149307250977,-2.3878345489501953,-3.4991235733032227
1710536092364260614,9.07832145690918,-2.3578968048095703,-3.533851385116577
1710536092423160352,9.087902069091797,-2.3626868724823,-3.5170862674713135
1710536092445966357,9.071136474609375,-2.337538957595825,-3.514691114425659
1710536092462994112,9.096283912658691,-2.363884210586548,-3.5278637409210205
1710536092578496343,9.067543983459473,-2.3519091606140137,-3.5170862674713135
1710536092613617563,9.085506439208984,-2.383044481277466,-3.5254688262939453
1710536092637229371,9.075926780700684,-2.333946466445923,-3.493135929107666
1710536092643597585,9.089098930358887,-2.3782544136047363,-3.535048723220825
1710536092647888668,9.074728965759277,-2.323168992996216,-3.5051109790802
1710536092668903430,9.077123641967773,-2.3590941429138184,-3.5194811820983887
1710536092713163970,9.069938659667969,-2.365081787109375,-3.5051109790802
1710536092751084893,9.07832145690918,-2.36747670173645,-3.511098623275757
1710536092822410793,9.087902069091797,-2.3710694313049316,-3.550616502761841
1710536092851775282,9.071136474609375,-2.385439395904541,-3.512296199798584
1710536092877107154,9.069938659667969,-2.3626868724823,-3.5194811820983887
1710536092900227951,9.077123641967773,-2.386636972427368,-3.511098623275757
1710536092925498777,9.089098930358887,-2.3794519901275635,-3.530258893966675
1710536092950789824,9.079519271850586,-2.375859260559082,-3.53265380859375
1710536092978425905,9.067543983459473,-2.3411316871643066,-3.520678758621216
1710536092990728755,9.092691421508789,-2.333946466445923,-3.514691114425659
1710536093013226951,9.06395149230957,-2.3914270401000977,-3.512296199798584
1710536093020184187,9.075926780700684,-2.36747670173645,-3.50032114982605
1710536093043452024,9.069938659667969,-2.375859260559082,-3.5278637409210205
1710536093079321660,9.102272033691406,-2.3279590606689453,-3.512296199798584
1710536093096034336,9.071136474609375,-2.3507115840911865,-3.5087037086486816
1710536093125516803,9.080716133117676,-2.353106737136841,-3.512296199798584
1710536093131735044,9.083111763000488,-2.397414445877075,-3.4979259967803955
1710536093157037160,9.075926780700684,-2.356699228286743,-3.503913640975952
1710536093163289627,9.072334289550781,-2.3806493282318115,-3.502716064453125
1710536093194932820,9.075926780700684,-2.3578968048095703,-3.5099010467529297
1710536093201372620,9.079519271850586,-2.396217107772827,-3.4991235733032227
1710536093220197317,9.051976203918457,-2.3423290252685547,-3.484753370285034
1710536093224392401,9.089098930358887,-2.3123912811279297,-3.530258893966675
1710536093245647203,9.089098930358887,-2.33514404296875,-3.513493537902832
1710536093260361019,9.071136474609375,-2.4477100372314453,-3.520678758621216
1710536093291813246,9.092691421508789,-2.3423290252685547,-3.550616502761841
1710536093293946995,9.092691421508789,-2.3423290252685547,-3.550616502761841
1710536093317220967,9.071136474609375,-2.3495142459869385,-3.524271249771118
1710536093350821514,9.075926780700684,-2.3914270401000977,-3.503913640975952
1710536093386379096,9.079519271850586,-2.333946466445923,-3.512296199798584
1710536093420132878,9.079519271850586,-2.3914270401000977,-3.524271249771118
1710536093430562310,9.081913948059082,-2.3519091606140137,-3.5182836055755615
1710536093455763364,9.071136474609375,-2.365081787109375,-3.4859509468078613
1710536093478675259,9.073531150817871,-2.366279363632202,-3.4955310821533203
1710536093487225230,9.073531150817871,-2.3614892959594727,-3.5254688262939453
1710536093501836781,9.07832145690918,-2.3590941429138184,-3.473975896835327
1710536093518675847,9.051976203918457,-2.2800586223602295,-3.490741014480591
1710536093556363632,9.08670425415039,-2.39501953125,-3.5063085556030273
1710536093573345121,9.081913948059082,-2.3998095989227295,-3.5266661643981934
1710536093598748989,9.08670425415039,-2.3794519901275635,-3.5254688262939453
1710536093604965937,9.066346168518066,-2.317181348800659,-3.4584081172943115
1710536093626447514,9.07832145690918,-2.2920336723327637,-3.5290613174438477
1710536093632123530,9.092691421508789,-2.3315515518188477,-3.5458264350891113
1710536093653266018,9.053174018859863,-2.3914270401000977,-3.4799633026123047
1710536093676586022,9.0914945602417,-2.3315515518188477,-3.5374438762664795
1710536093697302345,9.08670425415039,-2.317181348800659,-3.4727783203125
1710536093730968578,9.089098930358887,-2.315983772277832,-3.533851385116577
1710536093760315667,9.075926780700684,-2.326761484146118,-3.5063085556030273
1710536093804280092,9.085506439208984,-2.283651113510132,-3.5494189262390137
1710536093813364453,9.087902069091797,-2.3710694313049316,-3.5458264350891113
1710536093829298611,9.080716133117676,-2.347119092941284,-3.4967284202575684
1710536093865265211,9.0914945602417,-2.317181348800659,-3.574566602706909
1710536093898799354,9.06395149230957,-2.3710694313049316,-3.503913640975952
1710536093919888506,9.074728965759277,-2.2692809104919434,-3.4991235733032227
1710536093959863024,9.069938659667969,-2.4177722930908203,-3.523073673248291
1710536093964155782,9.080716133117676,-2.354304313659668,-3.530258893966675
1710536093982849133,9.085506439208984,-2.374661922454834,-3.5099010467529297
1710536094010218132,9.079519271850586,-2.366279363632202,-3.4979259967803955
1710536094029064287,9.080716133117676,-2.3710694313049316,-3.514691114425659
1710536094035479028,9.065149307250977,-2.3590941429138184,-3.503913640975952
1710536094062817335,9.096283912658691,-2.2788610458374023,-3.530258893966675
1710536094069204496,9.077123641967773,-2.383044481277466,-3.502716064453125
1710536094079823992,9.057964324951172,-2.3686742782592773,-3.5158886909484863
1710536094138649311,9.07832145690918,-2.363884210586548,-3.5482213497161865
1710536094144835230,9.096283912658691,-2.3614892959594727,-3.511098623275757
1710536094161560195,9.074728965759277,-2.4022045135498047,-3.5194811820983887
1710536094178459240,9.065149307250977,-2.3878345489501953,-3.512296199798584
1710536094201454124,9.090296745300293,-2.332749128341675,-3.542233943939209
1710536094245494696,9.06395149230957,-2.3782544136047363,-3.5278637409210205
1710536094264428266,9.0914945602417,-2.403402090072632,-3.535048723220825
1710536094321305186,9.081913948059082,-2.3423290252685547,-3.523073673248291
1710536094363441093,9.051976203918457,-2.4022045135498047,-3.4979259967803955
1710536094371985867,9.067543983459473,-2.42256236076355,-3.512296199798584
1710536094439314145,9.084308624267578,-2.3890318870544434,-3.535048723220825
1710536094468531224,9.065149307250977,-2.386636972427368,-3.5266661643981934
1710536094489548379,9.080716133117676,-2.3519091606140137,-3.551814079284668
1710536094493926862,9.080716133117676,-2.403402090072632,-3.533851385116577
1710536094531893032,9.06395149230957,-2.3411316871643066,-3.521876335144043
1710536094535938553,9.089098930358887,-2.424957275390625,-3.5278637409210205
1710536094542782320,9.072334289550781,-2.3890318870544434,-3.4991235733032227
1710536094565502317,9.075926780700684,-2.405797004699707,-3.523073673248291
1710536094590799970,9.06395149230957,-2.3914270401000977,-3.524271249771118
1710536094596928670,9.089098930358887,-2.3698718547821045,-3.524271249771118
1710536094605781926,9.0914945602417,-2.412982225418091,-3.530258893966675
1710536094622181854,9.072334289550781,-2.3303539752960205,-3.5386414527893066
1710536094651639285,9.074728965759277,-2.3303539752960205,-3.521876335144043
1710536094700075484,9.067543983459473,-2.325563907623291,-3.520678758621216
1710536094714610354,9.061556816101074,-2.39501953125,-3.502716064453125
1710536094750322505,9.066346168518066,-2.356699228286743,-3.5194811820983887
1710536094779809161,9.080716133117676,-2.3890318870544434,-3.5494189262390137
1710536094800937925,9.069938659667969,-2.3483166694641113,-3.494333505630493
1710536094826018829,9.059161186218262,-2.3123912811279297,-3.482358455657959
1710536094853469765,9.095087051391602,-2.404599666595459,-3.5182836055755615
1710536094895514560,9.067543983459473,-2.356699228286743,-3.5254688262939453
1710536094950508440,9.054370880126953,-2.3399341106414795,-3.4883458614349365
1710536094978032130,9.073531150817871,-2.354304313659668,-3.5063085556030273
1710536095012677373,9.081913948059082,-2.3614892959594727,-3.5398387908935547
1710536095019990221,9.067543983459473,-2.393821954727173,-3.502716064453125
1710536095041036592,9.067543983459473,-2.3914270401000977,-3.4991235733032227
1710536095049453543,9.073531150817871,-2.3686742782592773,-3.5194811820983887
1710536095072706637,9.077123641967773,-2.374661922454834,-3.5266661643981934
1710536095078992107,9.071136474609375,-2.353106737136841,-3.520678758621216
1710536095104171324,9.059161186218262,-2.3519091606140137,-3.4955310821533203
1710536095127238451,9.069938659667969,-2.3686742782592773,-3.4955310821533203
1710536095129242591,9.075926780700684,-2.3483166694641113,-3.5266661643981934
1710536095137624575,9.072334289550781,-2.3794519901275635,-3.5374438762664795
1710536095196495514,9.07832145690918,-2.3519091606140137,-3.511098623275757
1710536095243249156,9.08670425415039,-2.333946466445923,-3.5158886909484863
1710536095310373962,9.061556816101074,-2.377056837081909,-3.4955310821533203
1710536095333207687,9.08670425415039,-2.3590941429138184,-3.4955310821533203
1710536095347941497,9.059161186218262,-2.3794519901275635,-3.483555793762207
1710536095394169237,9.068741798400879,-2.333946466445923,-3.5087037086486816
1710536095402489057,9.085506439208984,-2.3614892959594727,-3.514691114425659
1710536095427568427,9.081913948059082,-2.375859260559082,-3.5290613174438477
1710536095444576588,9.079519271850586,-2.356699228286743,-3.503913640975952
1710536095463672899,9.097481727600098,-2.377056837081909,-3.5362462997436523
1710536095476960538,9.074728965759277,-2.377056837081909,-3.501518487930298
1710536095505674433,9.066346168518066,-2.3483166694641113,-3.501518487930298
1710536095518241456,9.083111763000488,-2.374661922454834,-3.5087037086486816
1710536095539306679,9.084308624267578,-2.366279363632202,-3.533851385116577
1710536095553951551,9.059161186218262,-2.385439395904541,-3.512296199798584
1710536095579372514,9.084308624267578,-2.3387365341186523,-3.512296199798584
1710536095616194925,9.074728965759277,-2.3614892959594727,-3.521876335144043
1710536095648606648,9.069938659667969,-2.39501953125,-3.5087037086486816
1710536095671716117,9.097481727600098,-2.3818469047546387,-3.543431282043457
1710536095677944008,9.079519271850586,-2.3507115840911865,-3.502716064453125
1710536095709751751,9.066346168518066,-2.3507115840911865,-3.5075061321258545
1710536095717938377,9.068741798400879,-2.3495142459869385,-3.5170862674713135
1710536095766258143,9.07832145690918,-2.3806493282318115,-3.514691114425659
1710536095789321442,9.075926780700684,-2.3495142459869385,-3.5099010467529297
1710536095813460074,9.073531150817871,-2.3902294635772705,-3.511098623275757
1710536095837880141,9.066346168518066,-2.3890318870544434,-3.542233943939209
1710536095871310135,9.059161186218262,-2.3782544136047363,-3.511098623275757
1710536095894557533,9.071136474609375,-2.36747670173645,-3.4967284202575684
1710536095935491348,9.080716133117676,-2.3483166694641113,-3.5458264350891113
1710536095970171151,9.066346168518066,-2.354304313659668,-3.5182836055755615
1710536096003744640,9.067543983459473,-2.343526601791382,-3.5099010467529297
1710536096041504731,9.080716133117676,-2.3998095989227295,-3.502716064453125
1710536096068700023,9.069938659667969,-2.3686742782592773,-3.513493537902832
1710536096073054876,9.08670425415039,-2.366279363632202,-3.5278637409210205
1710536096096143023,9.104666709899902,-2.383044481277466,-3.5374438762664795
1710536096104643774,9.079519271850586,-2.393821954727173,-3.531456232070923
1710536096127725917,9.079519271850586,-2.405797004699707,-3.511098623275757
1710536096173936904,9.081913948059082,-2.347119092941284,-3.523073673248291
1710536096178240450,9.062753677368164,-2.3578968048095703,-3.5051109790802
1710536096214080219,9.097481727600098,-2.3483166694641113,-3.53265380859375
1710536096230720526,9.084308624267578,-2.3986120223999023,-3.535048723220825
1710536096237011348,9.060359001159668,-2.396217107772827,-3.5087037086486816
1710536096247466982,9.073531150817871,-2.356699228286743,-3.512296199798584
1710536096262411212,9.081913948059082,-2.3387365341186523,-3.5362462997436523
1710536096289574882,9.079519271850586,-2.423759698867798,-3.513493537902832
1710536096304345966,9.084308624267578,-2.386636972427368,-3.520678758621216
1710536096329691791,9.056766510009766,-2.4010071754455566,-3.494333505630493
1710536096375667747,9.073531150817871,-2.347119092941284,-3.5182836055755615
1710536096398814415,9.077123641967773,-2.3578968048095703,-3.50032114982605
1710536096417629532,9.0914945602417,-2.333946466445923,-3.524271249771118
1710536096438789525,9.065149307250977,-2.365081787109375,-3.4979259967803955
1710536096461954470,9.077123641967773,-2.3483166694641113,-3.5170862674713135
1710536096489469599,9.089098930358887,-2.386636972427368,-3.5158886909484863
1710536096518958058,9.07832145690918,-2.377056837081909,-3.4991235733032227
1710536096539955015,9.072334289550781,-2.355501651763916,-3.5075061321258545
1710536096556908742,9.084308624267578,-2.403402090072632,-3.5685791969299316
1710536096569361127,9.085506439208984,-2.377056837081909,-3.5458264350891113
1710536096661818828,9.084308624267578,-2.384242057800293,-3.501518487930298
1710536096691507560,9.089098930358887,-2.377056837081909,-3.5494189262390137
1710536096718718288,9.084308624267578,-2.345921516418457,-3.535048723220825
1710536096748206255,9.06395149230957,-2.36747670173645,-3.5063085556030273
1710536096754757897,9.074728965759277,-2.333946466445923,-3.513493537902832
1710536096769468284,9.079519271850586,-2.3602917194366455,-3.5278637409210205
1710536096809055813,9.065149307250977,-2.39501953125,-3.4979259967803955
1710536096847339583,9.096283912658691,-2.3818469047546387,-3.5398387908935547
1710536096872502324,9.071136474609375,-2.363884210586548,-3.5194811820983887
1710536096893661490,9.057964324951172,-2.3507115840911865,-3.4967284202575684
1710536096918931382,9.085506439208984,-2.355501651763916,-3.513493537902832
1710536096950583739,9.097481727600098,-2.3483166694641113,-3.541036367416382
1710536096973581214,9.079519271850586,-2.3782544136047363,-3.501518487930298
1710536096979950338,9.069938659667969,-2.373464345932007,-3.5254688262939453
1710536097028327412,9.075926780700684,-2.3806493282318115,-3.5290613174438477
1710536097049202141,9.071136474609375,-2.356699228286743,-3.514691114425659
1710536097070772512,9.071136474609375,-2.383044481277466,-3.5194811820983887
1710536097074659884,9.075926780700684,-2.3519091606140137,-3.533851385116577
1710536097116685696,9.08670425415039,-2.3710694313049316,-3.5398387908935547
1710536097129195563,9.073531150817871,-2.397414445877075,-3.5063085556030273
1710536097146001310,9.07832145690918,-2.356699228286743,-3.5254688262939453
1710536097177377424,9.069938659667969,-2.396217107772827,-3.530258893966675
1710536097213328382,9.085506439208984,-2.375859260559082,-3.531456232070923
1710536097223525550,9.072334289550781,-2.3399341106414795,-3.5362462997436523
1710536097246702887,9.079519271850586,-2.353106737136841,-3.5278637409210205
1710536097259346223,9.087902069091797,-2.3602917194366455,-3.5362462997436523
1710536097305873853,9.079519271850586,-2.385439395904541,-3.5278637409210205
1710536097312040490,9.068741798400879,-2.336341619491577,-3.523073673248291
1710536097318613653,9.068741798400879,-2.365081787109375,-3.503913640975952
1710536097335392139,9.062753677368164,-2.3698718547821045,-3.511098623275757
1710536097385731092,9.067543983459473,-2.3602917194366455,-3.521876335144043
1710536097412645450,9.08670425415039,-2.354304313659668,-3.5494189262390137
1710536097468026869,9.083111763000488,-2.3782544136047363,-3.544628858566284
1710536097493338110,9.079519271850586,-2.356699228286743,-3.53265380859375
1710536097522872676,9.074728965759277,-2.385439395904541,-3.5470240116119385
1710536097545989843,9.075926780700684,-2.377056837081909,-3.543431282043457
1710536097672193849,9.066346168518066,-2.3626868724823,-3.533851385116577
1710536097695274329,9.062753677368164,-2.3519091606140137,-3.541036367416382
1710536097720710753,9.067543983459473,-2.3602917194366455,-3.502716064453125
1710536097750054814,9.072334289550781,-2.354304313659668,-3.530258893966675
1710536097764789398,9.073531150817871,-2.363884210586548,-3.511098623275757
1710536097810915908,9.072334289550781,-2.3590941429138184,-3.553011417388916
1710536097821724472,9.07832145690918,-2.3614892959594727,-3.5170862674713135
1710536097873993279,9.079519271850586,-2.3986120223999023,-3.543431282043457
1710536097901582057,9.08670425415039,-2.3423290252685547,-3.5278637409210205
1710536097905663772,9.103468894958496,-2.385439395904541,-3.554208993911743
1710536097920370695,9.062753677368164,-2.366279363632202,-3.4967284202575684
1710536097941434283,9.08670425415039,-2.3495142459869385,-3.5254688262939453
1710536097996320841,9.060359001159668,-2.3578968048095703,-3.530258893966675
1710536098008774064,9.084308624267578,-2.363884210586548,-3.531456232070923
1710536098025162936,9.065149307250977,-2.355501651763916,-3.5075061321258545
1710536098037924973,9.071136474609375,-2.39501953125,-3.535048723220825
1710536098067343011,9.083111763000488,-2.366279363632202,-3.5290613174438477
1710536098071356018,9.07832145690918,-2.3722667694091797,-3.5087037086486816
1710536098109370789,9.083111763000488,-2.3890318870544434,-3.511098623275757
1710536098134940749,9.081913948059082,-2.383044481277466,-3.523073673248291
1710536098153574748,9.073531150817871,-2.3806493282318115,-3.5075061321258545
1710536098179083441,9.073531150817871,-2.3710694313049316,-3.5158886909484863
1710536098191686801,9.083111763000488,-2.3698718547821045,-3.5099010467529297
1710536098244146632,9.075926780700684,-2.3806493282318115,-3.5194811820983887
1710536098246258677,9.069938659667969,-2.393821954727173,-3.524271249771118
1710536098250316083,9.065149307250977,-2.347119092941284,-3.5254688262939453
1710536098273659028,9.074728965759277,-2.3423290252685547,-3.535048723220825
1710536098286186080,9.056766510009766,-2.3794519901275635,-3.511098623275757
1710536098328292942,9.068741798400879,-2.3914270401000977,-3.531456232070923
1710536098345141813,9.069938659667969,-2.373464345932007,-3.53265380859375
1710536098372502355,9.07832145690918,-2.366279363632202,-3.5278637409210205
1710536098378695064,9.087902069091797,-2.354304313659668,-3.524271249771118
1710536098403886080,9.073531150817871,-2.3519091606140137,-3.53265380859375
1710536098424809220,9.081913948059082,-2.3626868724823,-3.514691114425659
1710536098454289156,9.079519271850586,-2.3722667694091797,-3.523073673248291
1710536098473336987,9.081913948059082,-2.3698718547821045,-3.530258893966675
1710536098527859140,9.084308624267578,-2.3602917194366455,-3.531456232070923
1710536098550854108,9.06395149230957,-2.3794519901275635,-3.5266661643981934
1710536098571848791,9.065149307250977,-2.356699228286743,-3.5194811820983887
1710536098578160776,9.069938659667969,-2.347119092941284,-3.5458264350891113
1710536098586713701,9.083111763000488,-2.397414445877075,-3.5685791969299316
1710536098603359246,9.072334289550781,-2.333946466445923,-3.4991235733032227
1710536098683185618,9.080716133117676,-2.396217107772827,-3.5099010467529297
1710536098697987786,9.085506439208984,-2.363884210586548,-3.5254688262939453
1710536098737948727,9.08670425415039,-2.3698718547821045,-3.533851385116577
1710536098755704853,9.068741798400879,-2.3710694313049316,-3.5398387908935547
1710536098771498057,9.06395149230957,-2.3782544136047363,-3.503913640975952
1710536098832519286,9.067543983459473,-2.345921516418457,-3.503913640975952
1710536098862696016,9.083111763000488,-2.373464345932007,-3.554208993911743
1710536098878919468,9.075926780700684,-2.355501651763916,-3.524271249771118
1710536098916685247,9.081913948059082,-2.345921516418457,-3.5290613174438477
1710536098939693257,9.083111763000488,-2.363884210586548,-3.523073673248291
1710536099021668721,9.065149307250977,-2.384242057800293,-3.511098623275757
1710536099036644803,9.07832145690918,-2.345921516418457,-3.520678758621216
1710536099084861518,9.065149307250977,-2.385439395904541,-3.493135929107666
1710536099108081819,9.087902069091797,-2.3578968048095703,-3.5386414527893066
1710536099121079506,9.068741798400879,-2.3914270401000977,-3.4883458614349365
1710536099156135946,9.081913948059082,-2.3483166694641113,-3.533851385116577
1710536099204611902,9.077123641967773,-2.396217107772827,-3.5075061321258545
1710536099212569312,9.092691421508789,-2.3590941429138184,-3.543431282043457
1710536099231864981,9.057964324951172,-2.3590941429138184,-3.5087037086486816
1710536099255044066,9.081913948059082,-2.353106737136841,-3.524271249771118
1710536099286369753,9.07832145690918,-2.3710694313049316,-3.513493537902832
1710536099307493929,9.07832145690918,-2.375859260559082,-3.523073673248291
1710536099328501255,9.067543983459473,-2.3914270401000977,-3.53265380859375
1710536099413999490,9.067543983459473,-2.386636972427368,-3.5099010467529297
1710536099431686451,9.083111763000488,-2.374661922454834,-3.530258893966675
1710536099471632281,9.084308624267578,-2.3710694313049316,-3.554208993911743
1710536099486235574,9.06395149230957,-2.353106737136841,-3.523073673248291
1710536099513716852,9.075926780700684,-2.3626868724823,-3.523073673248291
1710536099535199084,9.05556869506836,-2.3495142459869385,-3.490741014480591
1710536099555704795,9.068741798400879,-2.365081787109375,-3.523073673248291
1710536099570496518,9.062753677368164,-2.3686742782592773,-3.5099010467529297
1710536099613365178,9.065149307250977,-2.3495142459869385,-3.53265380859375
1710536099631665885,9.066346168518066,-2.365081787109375,-3.4979259967803955
1710536099659102006,9.069938659667969,-2.3698718547821045,-3.524271249771118
1710536099701018774,9.079519271850586,-2.3519091606140137,-3.511098623275757
1710536099705165178,9.065149307250977,-2.375859260559082,-3.5254688262939453
1710536099728287255,9.065149307250977,-2.375859260559082,-3.5254688262939453
1710536099759692620,9.085506439208984,-2.374661922454834,-3.501518487930298
1710536099780841057,9.080716133117676,-2.36747670173645,-3.5099010467529297
1710536099801854357,9.066346168518066,-2.373464345932007,-3.5266661643981934
1710536099896231845,9.07832145690918,-2.377056837081909,-3.5386414527893066
1710536099917016830,9.065149307250977,-2.3590941429138184,-3.491938591003418
1710536099929916036,9.074728965759277,-2.354304313659668,-3.541036367416382
1710536099957588910,9.072334289550781,-2.363884210586548,-3.513493537902832
1710536099980270889,9.089098930358887,-2.3495142459869385,-3.543431282043457
1710536100034783093,9.066346168518066,-2.3626868724823,-3.5254688262939453
1710536100072755463,9.059161186218262,-2.365081787109375,-3.502716064453125
1710536100078953071,9.081913948059082,-2.366279363632202,-3.5194811820983887
1710536100108405773,9.075926780700684,-2.3794519901275635,-3.5278637409210205
1710536100125411513,9.069938659667969,-2.373464345932007,-3.531456232070923
1710536100152670379,9.066346168518066,-2.3818469047546387,-3.512296199798584
1710536100211223948,9.069938659667969,-2.375859260559082,-3.5290613174438477
1710536100245227318,9.075926780700684,-2.3782544136047363,-3.535048723220825
1710536100266077157,9.077123641967773,-2.3722667694091797,-3.521876335144043
1710536100274385305,9.073531150817871,-2.3698718547821045,-3.535048723220825
1710536100280779590,9.069938659667969,-2.375859260559082,-3.5170862674713135
1710536100379498780,9.083111763000488,-2.323168992996216,-3.511098623275757
1710536100425740816,9.060359001159668,-2.377056837081909,-3.5458264350891113
1710536100440769379,9.068741798400879,-2.3614892959594727,-3.513493537902832
1710536100459657782,9.073531150817871,-2.385439395904541,-3.524271249771118
1710536100493210911,9.061556816101074,-2.386636972427368,-3.5075061321258545
1710536100499424119,9.089098930358887,-2.355501651763916,-3.5266661643981934
1710536100505887778,9.06395149230957,-2.3722667694091797,-3.5170862674713135
1710536100529088299,9.081913948059082,-2.39501953125,-3.5290613174438477
1710536100552047201,9.062753677368164,-2.366279363632202,-3.5278637409210205
1710536100575329284,9.075926780700684,-2.3818469047546387,-3.5254688262939453
1710536100602665148,9.068741798400879,-2.3614892959594727,-3.514691114425659
1710536100613682874,9.081913948059082,-2.383044481277466,-3.5278637409210205
1710536100621659984,9.062753677368164,-2.3519091606140137,-3.5194811820983887
1710536100644594827,9.062753677368164,-2.384242057800293,-3.5290613174438477
1710536100651036476,9.07832145690918,-2.366279363632202,-3.5362462997436523
1710536100667770161,9.077123641967773,-2.3614892959594727,-3.501518487930298
1710536100682612359,9.07832145690918,-2.365081787109375,-3.550616502761841
1710536100707761003,9.075926780700684,-2.3495142459869385,-3.5254688262939453
1710536100771041712,9.068741798400879,-2.3794519901275635,-3.531456232070923
1710536100838209035,9.081913948059082,-2.3710694313049316,-3.530258893966675
1710536100863826875,9.059161186218262,-2.344724178314209,-3.4895434379577637
1710536100918231597,9.074728965759277,-2.3483166694641113,-3.5194811820983887
1710536100962433179,9.074728965759277,-2.374661922454834,-3.5087037086486816
1710536101013756995,9.059161186218262,-2.366279363632202,-3.5194811820983887
1710536101041957273,9.065149307250977,-2.3602917194366455,-3.5290613174438477
1710536101060995668,9.067543983459473,-2.377056837081909,-3.513493537902832
1710536101079975271,9.062753677368164,-2.356699228286743,-3.5170862674713135
1710536101100781759,9.079519271850586,-2.3806493282318115,-3.5254688262939453
1710536101117515781,9.08670425415039,-2.3686742782592773,-3.5063085556030273
1710536101144715266,9.077123641967773,-2.3614892959594727,-3.524271249771118
1710536101168065013,9.071136474609375,-2.373464345932007,-3.524271249771118
1710536101243431986,9.071136474609375,-2.36747670173645,-3.5158886909484863
1710536101247543688,9.068741798400879,-2.36747670173645,-3.5254688262939453
1710536101249612786,9.085506439208984,-2.355501651763916,-3.5290613174438477
1710536101271301458,9.079519271850586,-2.336341619491577,-3.531456232070923
1710536101287693514,9.06395149230957,-2.3590941429138184,-3.5254688262939453
1710536101323503928,9.065149307250977,-2.3818469047546387,-3.5266661643981934
1710536101378214074,9.084308624267578,-2.373464345932007,-3.5266661643981934
1710536101380141220,9.084308624267578,-2.373464345932007,-3.5266661643981934
1710536101422173415,9.072334289550781,-2.383044481277466,-3.5266661643981934
1710536101455852770,9.079519271850586,-2.3914270401000977,-3.5254688262939453
1710536101460100721,9.083111763000488,-2.3710694313049316,-3.521876335144043
1710536101481179279,9.062753677368164,-2.3686742782592773,-3.512296199798584
1710536101491783056,9.080716133117676,-2.3902294635772705,-3.531456232070923
1710536101512744517,9.062753677368164,-2.36747670173645,-3.4979259967803955
1710536101544317830,9.068741798400879,-2.374661922454834,-3.5398387908935547
1710536101556855880,9.074728965759277,-2.3806493282318115,-3.5099010467529297
1710536101571630326,9.066346168518066,-2.375859260559082,-3.514691114425659
1710536101601378122,9.06395149230957,-2.3602917194366455,-3.513493537902832
1710536101619968865,9.07832145690918,-2.3602917194366455,-3.5278637409210205
1710536101653825918,9.071136474609375,-2.383044481277466,-3.513493537902832
1710536101679070190,9.07832145690918,-2.3507115840911865,-3.53265380859375
1710536101698005500,9.072334289550781,-2.353106737136841,-3.531456232070923
1710536101744348112,9.071136474609375,-2.3602917194366455,-3.520678758621216
1710536101800836428,9.079519271850586,-2.366279363632202,-3.533851385116577
1710536101822091354,9.067543983459473,-2.353106737136841,-3.523073673248291
1710536101834632897,9.06395149230957,-2.355501651763916,-3.5063085556030273
1710536101874745933,9.071136474609375,-2.392624616622925,-3.5099010467529297
1710536101887296647,9.079519271850586,-2.36747670173645,-3.544628858566284
1710536101961160537,9.068741798400879,-2.3626868724823,-3.524271249771118
1710536101988375726,9.068741798400879,-2.3806493282318115,-3.5278637409210205
1710536102011897449,9.068741798400879,-2.39501953125,-3.5254688262939453
1710536102053344734,9.077123641967773,-2.3878345489501953,-3.482358455657959
1710536102057321089,9.05556869506836,-2.3878345489501953,-3.482358455657959
1710536102076412729,9.090296745300293,-2.4010071754455566,-3.531456232070923
1710536102082791451,9.066346168518066,-2.36747670173645,-3.503913640975952
1710536102089079204,9.06395149230957,-2.356699228286743,-3.513493537902832
1710536102097501870,9.065149307250977,-2.3602917194366455,-3.5051109790802
1710536102118422556,9.062753677368164,-2.366279363632202,-3.5075061321258545
1710536102154373030,9.072334289550781,-2.36747670173645,-3.5051109790802
1710536102171768672,9.061556816101074,-2.3519091606140137,-3.4979259967803955
1710536102188056736,9.073531150817871,-2.4010071754455566,-3.511098623275757
1710536102240496982,9.065149307250977,-2.3686742782592773,-3.514691114425659
1710536102267990480,9.080716133117676,-2.3626868724823,-3.513493537902832
1710536102295399374,9.06395149230957,-2.385439395904541,-3.5266661643981934
1710536102314459333,9.090296745300293,-2.375859260559082,-3.530258893966675
1710536102331264099,9.069938659667969,-2.3794519901275635,-3.530258893966675
1710536102375305590,9.067543983459473,-2.3986120223999023,-3.5170862674713135
1710536102455230476,9.068741798400879,-2.355501651763916,-3.53265380859375
1710536102472075032,9.073531150817871,-2.39501953125,-3.514691114425659
1710536102488839320,9.075926780700684,-2.3806493282318115,-3.533851385116577
1710536102537530580,9.060359001159668,-2.373464345932007,-3.494333505630493
