bag_timestamp_ns,accel0_x,accel0_y,accel0_z
1710533247696120567,-9.239985466003418,-0.7951464653015137,-2.736309766769409
1710533247721419690,-9.166936874389648,-0.7400610446929932,-2.723137140274048
1710533247729810726,-9.13819694519043,-0.7376660108566284,-2.676434278488159
1710533247746954006,-9.2208251953125,-0.8131091594696045,-2.48722767829895
1710533247769904732,-9.17052936553955,-0.8717871308326721,-2.4309449195861816
1710533247776312014,-9.140591621398926,-0.8885522484779358,-2.4273521900177
1710533247782710434,-9.168134689331055,-0.8777746558189392,-2.4405248165130615
1710533247795243284,-9.156159400939941,-0.9113049507141113,-2.5782384872436523
1710533247849862503,-9.205257415771484,-0.8945397734642029,-2.665656805038452
1710533247862583870,-9.128617286682129,-0.9604028463363647,-2.48722767829895
1710533247874989022,-9.164542198181152,-0.9819580316543579,-2.4201672077178955
1710533247912895777,-9.165740013122559,-0.8921447992324829,-2.384242057800293
1710533247933958621,-9.168134689331055,-0.7676037549972534,-2.5111780166625977
1710533247980256319,-9.193282127380371,-0.7328760027885437,-2.583028554916382
1710533248009572815,-9.181307792663574,-0.850231945514679,-2.675236701965332
1710533248022165542,-9.177715301513672,-0.9412426948547363,-2.575843572616577
1710533248032810608,-9.195677757263184,-0.8322693109512329,-2.545905828475952
1710533248063540624,-9.178912162780762,-0.7388635277748108,-2.6405091285705566
1710533248114538421,-9.133406639099121,-0.8873547315597534,-2.565065860748291
1710533248146485150,-9.093889236450195,-1.1412267684936523,-2.0297789573669434
1710533248235063705,-9.265132904052734,-0.5760021805763245,-3.112327814102173
1710533248265648061,-9.013655662536621,-1.0693762302398682,-2.313588857650757
1710533248303461633,-9.285490989685059,-0.8250842094421387,-2.6117687225341797
1710533248330923761,-9.153764724731445,-0.6514453291893005,-2.9590466022491455
1710533248356069034,-9.196874618530273,-1.068178653717041,-2.4022045135498047
1710533248368843259,-9.074728965759277,-1.0514135360717773,-2.3279590606689453
1710533248391674664,-9.187294960021973,-0.9520202875137329,-2.383044481277466
1710533248408600824,-9.2208251953125,-0.6490502953529358,-2.7015819549560547
1710533248436049682,-9.2208251953125,-0.6490502953529358,-2.7015819549560547
1710533248465058850,-9.10107421875,-1.0214757919311523,-2.572251081466675
1710533248511601544,-9.163344383239746,-0.7795788645744324,-2.464475154876709
1710533248572399081,-9.229207992553711,-0.7232959270477295,-2.9291088581085205
1710533248595624799,-9.17531967163086,-1.1567944288253784,-2.283651113510132
1710533248624879709,-9.16094970703125,-0.8250842094421387,-2.622546434402466
1710533248650115053,-9.236392974853516,-0.6550378203392029,-2.834505558013916
1710533248675134716,-9.089098930358887,-0.9328601360321045,-2.4393274784088135
1710533248698961746,-9.212442398071289,-1.153201937675476,-2.076481819152832
1710533248709010301,-9.122629165649414,-1.1244616508483887,-2.1016297340393066
1710533248738514475,-9.239985466003418,-0.730480968952179,-2.645298957824707
1710533248782747671,-9.253157615661621,-0.7544311285018921,-2.894381046295166
1710533248791320887,-9.236392974853516,-0.8825647234916687,-2.756667375564575
1710533248827004029,-9.166936874389648,-0.8214917182922363,-2.505190372467041
1710533248839502746,-9.254355430603027,-0.6909631490707397,-2.6201512813568115
1710533248862417680,-9.150172233581543,-0.6478527784347534,-2.713557243347168
1710533248879275873,-9.239985466003418,-0.7448510527610779,-2.6500890254974365
1710533248896497112,-9.128617286682129,-1.0310559272766113,-2.4680676460266113
1710533248976380000,-9.208849906921387,-0.7759863138198853,-2.772235155105591
1710533249007711967,-9.165740013122559,-0.9364526271820068,-2.464475154876709
1710533249037008204,-9.158555030822754,-0.969982922077179,-2.3722667694091797
1710533249070302619,-9.163344383239746,-0.7328760027885437,-2.586621046066284
1710533249089164411,-9.200467109680176,-0.8214917182922363,-2.6201512813568115
1710533249104031610,-9.131011962890625,-0.9532177448272705,-2.525547981262207
1710533249121018347,-9.202862739562988,-1.0190807580947876,-2.4992029666900635
1710533249135817951,-9.152566909790039,-0.9987231492996216,-2.5518932342529297
1710533249150486513,-9.169332504272461,-0.8849596977233887,-2.6476941108703613
1710533249196882513,-9.176517486572266,-0.7843688726425171,-2.6081762313842773
1710533249207095781,-9.210047721862793,-0.7951464653015137,-2.6189539432525635
1710533249270152759,-9.14657974243164,-1.0262658596038818,-2.3423290252685547
1710533249278550412,-9.192085266113281,-0.7759863138198853,-2.635719060897827
1710533249291352180,-9.196874618530273,-0.7747887969017029,-2.7602601051330566
1710533249323403236,-9.176517486572266,-0.8250842094421387,-2.705174446105957
1710533249331102339,-9.176517486572266,-0.8250842094421387,-2.705174446105957
1710533249358466399,-9.153764724731445,-0.9663903713226318,-2.575843572616577
1710533249393994263,-9.195677757263184,-0.8059240579605103,-2.5782384872436523
1710533249452831765,-9.17052936553955,-0.9041198492050171,-2.493215322494507
1710533249492533498,-9.208849906921387,-0.8753796219825745,-2.642904043197632
1710533249505155366,-9.177715301513672,-0.8095166087150574,-2.6716442108154297
1710533249532772431,-9.186097145080566,-0.8622070550918579,-2.593806266784668
1710533249555794130,-9.186097145080566,-0.8622070550918579,-2.593806266784668
1710533249568200056,-9.132209777832031,-0.9053173661231995,-2.5147705078125
1710533249593498100,-9.177715301513672,-0.9065148830413818,-2.426154851913452
1710533249608252186,-9.141789436340332,-0.8657995462417603,-2.457289934158325
1710533249629211031,-9.190887451171875,-0.8095166087150574,-2.6488916873931885
1710533249637478417,-9.190887451171875,-0.8526269793510437,-2.6285338401794434
1710533249696360793,-9.16094970703125,-0.9220825433731079,-2.5914111137390137
1710533249719270277,-9.205257415771484,-0.8394543528556824,-2.675236701965332
1710533249748812300,-9.224417686462402,-0.8047265410423279,-2.686014413833618
1710533249757077425,-9.212442398071289,-0.8119116425514221,-2.6776318550109863
1710533249765441060,-9.093889236450195,-0.8634045124053955,-2.513572931289673
1710533249784470391,-9.125024795532227,-0.946032702922821,-2.356699228286743
1710533249817882966,-9.145381927490234,-1.01788330078125,-2.094444513320923
1710533249840877791,-9.2304048538208,-0.8095166087150574,-2.543510675430298
1710533249853510380,-9.202862739562988,-0.6741979718208313,-3.064427375793457
1710533249916779716,-9.166936874389648,-0.8394543528556824,-2.4393274784088135
1710533249929108346,-9.217232704162598,-0.6059399247169495,-2.686014413833618
1710533249946120715,-9.14657974243164,-0.5604345798492432,-2.725532293319702
1710533250000828970,-9.111851692199707,-1.003513216972351,-2.5674610137939453
1710533250011407069,-9.204059600830078,-1.0861413478851318,-2.5818309783935547
1710533250034371204,-9.153764724731445,-0.9208850264549255,-2.6081762313842773
1710533250064226130,-9.153764724731445,-0.9208850264549255,-2.6081762313842773
1710533250065698738,-9.171727180480957,-0.766406238079071,-2.596201181411743
1710533250109922598,-9.201664924621582,-0.7711963057518005,-2.5387206077575684
1710533250124719337,-9.158555030822754,-0.820294201374054,-2.472857713699341
1710533250162766205,-9.164542198181152,-0.8837621808052063,-2.5914111137390137
1710533250204716575,-9.162147521972656,-0.8765771389007568,-2.5099804401397705
1710533250217474941,-9.152566909790039,-0.826281726360321,-2.556683301925659
1710533250244407712,-9.152566909790039,-0.826281726360321,-2.556683301925659
1710533250252805044,-9.192085266113281,-0.7688012719154358,-2.652484178543091
1710533250267303950,-9.207653045654297,-0.7723938226699829,-2.6285338401794434
1710533250328546282,-9.065149307250977,-0.9663903713226318,-2.306403875350952
1710533250366959871,-9.281898498535156,-0.7975414991378784,-2.765049934387207
1710533250425115366,-9.16094970703125,-1.0142908096313477,-2.4189696311950684
1710533250433462758,-9.156159400939941,-0.9424402117729187,-2.424957275390625
1710533250492261995,-9.13819694519043,-0.9220825433731079,-2.5973987579345703
1710533250536280101,-9.16094970703125,-0.9184899926185608,-2.4776477813720703
1710533250588760468,-9.163344383239746,-0.7699987888336182,-2.633323907852173
1710533250618296946,-9.172924995422363,-0.9220825433731079,-2.536325693130493
1710533250664210188,-9.201664924621582,-0.9017248749732971,-2.5614733695983887
1710533250689338034,-9.199270248413086,-0.8131091594696045,-2.6201512813568115
1710533250695625852,-9.188492774963379,-0.8837621808052063,-2.5183629989624023
1710533250723257668,-9.196874618530273,-0.8969348073005676,-2.526745557785034
1710533250761317103,-9.154962539672852,-0.8538244366645813,-2.636916399002075
1710533250769694131,-9.189689636230469,-0.8705896139144897,-2.6704468727111816
1710533250792787538,-9.165740013122559,-0.9005273580551147,-2.583028554916382
1710533250817877330,-9.157357215881348,-0.9304651021957397,-2.503993034362793
1710533250834742177,-9.174121856689453,-0.8382568359375,-2.543510675430298
1710533250862587689,-9.166936874389648,-0.8059240579605103,-2.60697865486145
1710533250874683980,-9.18370246887207,-0.8586145043373108,-2.476450204849243
1710533250897974818,-9.153764724731445,-0.910107433795929,-2.4201672077178955
1710533250973288263,-9.145381927490234,-0.9208850264549255,-2.6213488578796387
1710533250992265139,-9.147777557373047,-0.9604028463363647,-2.5111780166625977
1710533251069786997,-9.201664924621582,-0.8454418778419495,-2.5686583518981934
1710533251090659588,-9.196874618530273,-0.9747729301452637,-2.556683301925659
1710533251111941368,-9.196874618530273,-0.9747729301452637,-2.556683301925659
1710533251120194095,-9.14657974243164,-0.9520202875137329,-2.5686583518981934
1710533251124432784,-9.181307792663574,-0.9328601360321045,-2.57464599609375
1710533251151968684,-9.19807243347168,-0.8023315668106079,-2.6189539432525635
1710533251168611081,-9.169332504272461,-0.7987390160560608,-2.5818309783935547
1710533251183921878,-9.16094970703125,-0.8358618021011353,-2.54231333732605
1710533251206327110,-9.176517486572266,-0.8909472823143005,-2.442919969558716
1710533251221095876,-9.145381927490234,-0.916094958782196,-2.4297473430633545
1710533251287902279,-9.159751892089844,-0.8226892352104187,-2.6991870403289795
1710533251294649967,-9.159751892089844,-0.8226892352104187,-2.6991870403289795
1710533251315491096,-9.157357215881348,-0.9472302198410034,-2.495610237121582
1710533251351139524,-9.187294960021973,-0.8598120212554932,-2.556683301925659
1710533251369936370,-9.187294960021973,-0.8370593190193176,-2.595003604888916
1710533251393838921,-9.166936874389648,-0.8238866925239563,-2.616558790206909
1710533251434942880,-9.188492774963379,-0.9663903713226318,-2.414179801940918
1710533251447701312,-9.189689636230469,-0.8514294624328613,-2.545905828475952
1710533251476921120,-9.17531967163086,-0.8035290241241455,-2.6979894638061523
1710533251492063774,-9.201664924621582,-0.928070068359375,-2.6021888256073
1710533251561358268,-9.17052936553955,-0.89813232421875,-2.486030340194702
1710533251582231424,-9.176517486572266,-0.7939489483833313,-2.5914111137390137
1710533251603264176,-9.194479942321777,-0.9113049507141113,-2.483635187149048
1710533251618177689,-9.172924995422363,-0.9448351860046387,-2.472857713699341
1710533251638952135,-9.166936874389648,-0.928070068359375,-2.5315356254577637
1710533251684961005,-9.187294960021973,-0.8454418778419495,-2.633323907852173
1710533251714833511,-9.178912162780762,-0.8705896139144897,-2.5686583518981934
1710533251752476735,-9.165740013122559,-0.9113049507141113,-2.476450204849243
1710533251780048928,-9.187294960021973,-0.8370593190193176,-2.5674610137939453
1710533251790288851,-9.186097145080566,-0.8190966844558716,-2.586621046066284
1710533251817568526,-9.181307792663574,-0.8274792432785034,-2.5997936725616455
1710533251828099436,-9.165740013122559,-0.8669970631599426,-2.5686583518981934
1710533251849110478,-9.17052936553955,-0.9256750345230103,-2.5291407108306885
1710533251862416791,-9.169332504272461,-0.9484277367591858,-2.535128116607666
1710533251872132277,-9.17531967163086,-0.8598120212554932,-2.6213488578796387
1710533251882573330,-9.180109977722168,-0.850231945514679,-2.642904043197632
1710533251916260124,-9.181307792663574,-0.8538244366645813,-2.604583740234375
1710533251966554444,-9.190887451171875,-0.8909472823143005,-2.513572931289673
1710533251985612209,-9.152566909790039,-0.8777746558189392,-2.5471031665802
1710533252015435420,-9.163344383239746,-0.886157214641571,-2.5183629989624023
1710533252046552230,-9.156159400939941,-0.8466393947601318,-2.624941349029541
1710533252073642403,-9.2112455368042,-0.8717871308326721,-2.6009912490844727
1710533252128617546,-9.184900283813477,-0.8214917182922363,-2.6512866020202637
1710533252166457978,-9.147777557373047,-0.9220825433731079,-2.494412899017334
1710533252175069887,-9.165740013122559,-0.8933422565460205,-2.5147705078125
1710533252202265831,-9.166936874389648,-0.8753796219825745,-2.612966299057007
1710533252277947955,-9.169332504272461,-0.8897497653961182,-2.533930778503418
1710533252299045121,-9.171727180480957,-0.9172924757003784,-2.48722767829895
1710533252320275703,-9.152566909790039,-0.8933422565460205,-2.503993034362793
1710533252368941541,-9.166936874389648,-0.820294201374054,-2.6201512813568115
1710533252389681055,-9.178912162780762,-0.8478369116783142,-2.6021888256073
1710533252396126848,-9.178912162780762,-0.8717871308326721,-2.575843572616577
1710533252425430805,-9.171727180480957,-0.9029223918914795,-2.563868522644043
1710533252454888194,-9.184900283813477,-0.8406518697738647,-2.6117687225341797
1710533252478103003,-9.152566909790039,-0.8729846477508545,-2.5279431343078613
1710533252501319018,-9.163344383239746,-0.9041198492050171,-2.5087828636169434
1710533252509611537,-9.172924995422363,-0.9232800006866455,-2.4596850872039795
1710533252539080630,-9.180109977722168,-0.8753796219825745,-2.494412899017334
1710533252555815917,-9.184900283813477,-0.8394543528556824,-2.5195605754852295
1710533252577051825,-9.174121856689453,-0.8226892352104187,-2.6476941108703613
1710533252600169835,-9.193282127380371,-0.8442443609237671,-2.6512866020202637
1710533252613064463,-9.131011962890625,-0.9663903713226318,-2.54231333732605
1710533252629432751,-9.201664924621582,-0.9987231492996216,-2.3986120223999023
1710533252675441632,-9.18370246887207,-0.8382568359375,-2.573448419570923
1710533252690337546,-9.182504653930664,-0.7412585616111755,-2.652484178543091
1710533252717879845,-9.163344383239746,-0.9220825433731079,-2.453697443008423
1710533252755489495,-9.169332504272461,-0.8789721727371216,-2.6273365020751953
1710533252759689435,-9.19807243347168,-0.8753796219825745,-2.634521484375
1710533252770309957,-9.178912162780762,-0.8598120212554932,-2.636916399002075
1710533252786943353,-9.178912162780762,-0.8598120212554932,-2.636916399002075
1710533252814435949,-9.189689636230469,-0.8598120212554932,-2.6201512813568115
1710533252831114152,-9.180109977722168,-0.8693920969963074,-2.553090810775757
1710533252833371501,-9.164542198181152,-0.8777746558189392,-2.505190372467041
1710533252853990982,-9.152566909790039,-0.868194580078125,-2.494412899017334
1710533252868956089,-9.152566909790039,-0.868194580078125,-2.494412899017334
1710533252883898343,-9.196874618530273,-0.8274792432785034,-2.5506958961486816
1710533252892224293,-9.174121856689453,-0.8238866925239563,-2.584226131439209
1710533252907086662,-9.171727180480957,-0.8717871308326721,-2.5985960960388184
1710533252909113620,-9.171727180480957,-0.9136999249458313,-2.5686583518981934
1710533252932531137,-9.190887451171875,-0.9735754132270813,-2.5279431343078613
1710533252944994822,-9.181307792663574,-0.9627978801727295,-2.5506958961486816
1710533252959749188,-9.154962539672852,-0.9125024676322937,-2.5878186225891113
1710533252972358797,-9.202862739562988,-0.8310717940330505,-2.622546434402466
1710533252989112386,-9.194479942321777,-0.8143066167831421,-2.622546434402466
1710533252999640138,-9.166936874389648,-0.8406518697738647,-2.5602757930755615
1710533253018620229,-9.193282127380371,-0.8370593190193176,-2.5782384872436523
1710533253066796639,-9.126221656799316,-0.9244775176048279,-2.45489501953125
1710533253077182369,-9.188492774963379,-0.8837621808052063,-2.4800426959991455
1710533253102391791,-9.208849906921387,-0.8442443609237671,-2.543510675430298
1710533253110922859,-9.19807243347168,-0.8071215748786926,-2.6189539432525635
1710533253115047532,-9.164542198181152,-0.7807763814926147,-2.6776318550109863
1710533253140414854,-8.899892807006836,-0.9376501441001892,-2.5710535049438477
1710533253163625478,-9.135802268981934,-0.9771679639816284,-2.495610237121582
1710533253182822505,-9.162147521972656,-0.8705896139144897,-2.536325693130493
1710533253188876793,-9.186097145080566,-0.7652087211608887,-2.6285338401794434
1710533253218254255,-9.199270248413086,-0.7795788645744324,-2.635719060897827
1710533253224579126,-9.177715301513672,-0.790356457233429,-2.605781316757202
1710533253263096730,-9.188492774963379,-0.9089099168777466,-2.506387948989868
1710533253279338194,-9.158555030822754,-0.9292675852775574,-2.5195605754852295
1710533253298161296,-9.207653045654297,-0.928070068359375,-2.5710535049438477
1710533253325466904,-9.166936874389648,-0.8753796219825745,-2.633323907852173
1710533253334001204,-9.20645523071289,-0.8610095381736755,-2.6381139755249023
1710533253384457428,-9.16094970703125,-0.9220825433731079,-2.4297473430633545
1710533253386477426,-9.16094970703125,-0.9220825433731079,-2.4297473430633545
1710533253417798992,-9.171727180480957,-0.8825647234916687,-2.493215322494507
1710533253430397997,-9.171727180480957,-0.8825647234916687,-2.493215322494507
1710533253463986476,-9.18370246887207,-0.8777746558189392,-2.583028554916382
1710533253493830816,-9.16094970703125,-0.9663903713226318,-2.525547981262207
1710533253500128206,-9.152566909790039,-0.9627978801727295,-2.526745557785034
1710533253525075282,-9.196874618530273,-0.9053173661231995,-2.5806336402893066
1710533253527116293,-9.181307792663574,-0.8765771389007568,-2.592608690261841
1710533253544194000,-9.196874618530273,-0.8226892352104187,-2.60697865486145
1710533253560855497,-9.217232704162598,-0.8107141256332397,-2.624941349029541
1710533253588106197,-9.166936874389648,-0.8334667682647705,-2.615361213684082
1710533253611388014,-9.169332504272461,-0.9328601360321045,-2.426154851913452
1710533253619678986,-9.147777557373047,-0.9639953374862671,-2.356699228286743
1710533253640810080,-9.174121856689453,-0.8346642851829529,-2.5099804401397705
1710533253662142909,-9.208849906921387,-0.7412585616111755,-2.6991870403289795
1710533253686869426,-9.17531967163086,-0.8023315668106079,-2.7482848167419434
1710533253731012163,-9.153764724731445,-1.0669811964035034,-2.363884210586548
1710533253746510237,-9.168134689331055,-0.9663903713226318,-2.4177722930908203
1710533253749924959,-9.162147521972656,-0.748443603515625,-2.615361213684082
1710533253756220247,-9.237590789794922,-0.7256909012794495,-2.6608667373657227
1710533253785801717,-9.193282127380371,-0.7747887969017029,-2.652484178543091
1710533253798292364,-9.200467109680176,-0.9053173661231995,-2.4884252548217773
1710533253815246918,-9.19807243347168,-0.9520202875137329,-2.4776477813720703
1710533253823568269,-9.188492774963379,-0.9304651021957397,-2.544708251953125
1710533253873800064,-9.157357215881348,-0.8753796219825745,-2.6117687225341797
1710533253909796007,-9.181307792663574,-0.8274792432785034,-2.593806266784668
1710533253972727156,-9.223219871520996,-0.8538244366645813,-2.6117687225341797
1710533253991851391,-9.20645523071289,-0.8346642851829529,-2.626138925552368
1710533254017277730,-9.199270248413086,-0.9448351860046387,-2.5279431343078613
1710533254044395024,-9.159751892089844,-0.946032702922821,-2.494412899017334
1710533254069327038,-9.17531967163086,-0.9136999249458313,-2.5471031665802
1710533254077866642,-9.213640213012695,-0.8837621808052063,-2.5878186225891113
1710533254084149347,-9.163344383239746,-0.77838134765625,-2.634521484375
1710533254130451917,-9.133406639099121,-0.8430469036102295,-2.642904043197632
1710533254138843838,-9.15137004852295,-0.999920666217804,-2.4321422576904297
1710533254170486621,-9.119036674499512,-0.9340575933456421,-2.345921516418457
1710533254183361410,-9.119036674499512,-0.9340575933456421,-2.345921516418457
1710533254187467581,-9.27112102508545,-0.7340734601020813,-2.577040910720825
1710533254218917156,-9.12382698059082,-0.8059240579605103,-2.715952157974243
1710533254288153439,-9.229207992553711,-1.0214757919311523,-2.36747670173645
1710533254311383241,-9.17052936553955,-0.7209008932113647,-2.634521484375
1710533254345372904,-9.233997344970703,-0.8418493866920471,-2.5399181842803955
1710533254406446643,-9.153764724731445,-0.9616003632545471,-2.5602757930755615
1710533254437897542,-9.205257415771484,-0.8178991675376892,-2.60697865486145
1710533254475637224,-9.204059600830078,-0.9065148830413818,-2.414179801940918
1710533254526058363,-9.158555030822754,-0.9017248749732971,-2.4177722930908203
1710533254543151794,-9.2112455368042,-0.8107141256332397,-2.6800267696380615
1710533254566044298,-9.164542198181152,-0.868194580078125,-2.626138925552368
1710533254601651310,-9.169332504272461,-0.969982922077179,-2.5015978813171387
1710533254662778961,-9.18370246887207,-0.8143066167831421,-2.616558790206909
1710533254712783731,-9.184900283813477,-0.8753796219825745,-2.4920177459716797
1710533254738256524,-9.219627380371094,-0.7628137469291687,-2.674039363861084
1710533254752896428,-9.165740013122559,-0.7628137469291687,-2.72672963142395
1710533254815982696,-9.194479942321777,-1.0406359434127808,-2.39501953125
1710533254893839977,-9.218430519104004,-0.8741821050643921,-2.496807813644409
1710533254933787137,-9.177715301513672,-0.9041198492050171,-2.584226131439209
1710533254986157619,-9.189689636230469,-0.8550219535827637,-2.636916399002075
1710533255001221600,-9.199270248413086,-0.8526269793510437,-2.586621046066284
1710533255009613485,-9.140591621398926,-0.9089099168777466,-2.505190372467041
1710533255068130986,-9.13819694519043,-0.8538244366645813,-2.484832763671875
1710533255078406687,-9.193282127380371,-0.7819738984107971,-2.612966299057007
1710533255103763822,-9.194479942321777,-0.8646020293235779,-2.592608690261841
1710533255112234432,-9.168134689331055,-0.9627978801727295,-2.5075855255126953
1710533255139799663,-9.181307792663574,-0.9244775176048279,-2.5806336402893066
1710533255164632836,-9.176517486572266,-0.8526269793510437,-2.626138925552368
1710533255202866710,-9.217232704162598,-0.826281726360321,-2.605781316757202
1710533255229878961,-9.107061386108398,-0.8909472823143005,-2.502795457839966
1710533255238254485,-9.192085266113281,-0.9592053294181824,-2.3722667694091797
1710533255263226497,-9.150172233581543,-0.9927356243133545,-2.2692809104919434
1710533255269694614,-9.150172233581543,-0.9927356243133545,-2.2692809104919434
1710533255290850650,-9.23519515991211,-0.8178991675376892,-2.4824378490448
1710533255316188476,-9.223219871520996,-0.8214917182922363,-2.743494987487793
1710533255389544492,-9.192085266113281,-0.7975414991378784,-2.586621046066284
1710533255404555286,-9.194479942321777,-0.7232959270477295,-2.6716442108154297
1710533255429767709,-9.231602668762207,-0.8753796219825745,-2.5207581520080566
1710533255431882845,-9.172924995422363,-0.9268725514411926,-2.463277578353882
1710533255464283033,-9.176517486572266,-0.9711804389953613,-2.465672492980957
1710533255480129287,-9.17531967163086,-0.9592053294181824,-2.5315356254577637
1710533255661596072,-9.190887451171875,-0.8478369116783142,-2.562670946121216
1710533255662692509,-9.190887451171875,-0.8478369116783142,-2.562670946121216
1710533255679233351,-9.158555030822754,-0.9927356243133545,-2.4716601371765137
1710533255698348207,-9.163344383239746,-0.9113049507141113,-2.563868522644043
1710533255725834760,-9.201664924621582,-0.8574169874191284,-2.6201512813568115
1710533255759334027,-9.247170448303223,-0.7711963057518005,-2.7890002727508545
1710533255765586275,-9.195677757263184,-0.7711963057518005,-2.8081603050231934
1710533255780427455,-9.2208251953125,-1.0657837390899658,-2.186652898788452
1710533255803381027,-9.038804054260254,-0.9448351860046387,-2.2010228633880615
1710533255824415521,-9.148974418640137,-0.7999365329742432,-2.3507115840911865
1710533255863084289,-9.16094970703125,-0.7077282667160034,-2.7782225608825684
1710533255863208711,-9.180109977722168,-0.7077282667160034,-2.8596532344818115
1710533255874790945,-9.11544418334961,-0.9376501441001892,-2.675236701965332
1710533255900030145,-9.2304048538208,-1.117276668548584,-2.3686742782592773
1710533255923418809,-9.098679542541504,-1.1088939905166626,-2.3207738399505615
1710533255954947870,-9.18370246887207,-0.6837780475616455,-2.712359666824341
1710533255996929643,-9.163344383239746,-0.9819580316543579,-2.3483166694641113
1710533256005230976,-9.165740013122559,-1.0250684022903442,-2.4010071754455566
1710533256026865207,-9.165740013122559,-1.0250684022903442,-2.4010071754455566
1710533256038752147,-9.188492774963379,-0.9113049507141113,-2.623744010925293
1710533256084932859,-9.216034889221191,-0.8167016506195068,-2.714754581451416
1710533256118720761,-9.16094970703125,-0.9639953374862671,-2.377056837081909
1710533256131310764,-9.17052936553955,-0.9843530058860779,-2.323168992996216
1710533256133516021,-9.157357215881348,-0.9663903713226318,-2.3004162311553955
1710533256147996495,-9.166936874389648,-0.8394543528556824,-2.4117846488952637
1710533256185811761,-9.201664924621582,-0.7328760027885437,-2.6704468727111816
1710533256230085929,-9.180109977722168,-1.041833519935608,-2.435734748840332
1710533256278383674,-9.272317886352539,-0.7592211961746216,-2.7075695991516113
1710533256295249317,-9.156159400939941,-0.7735912799835205,-2.7279272079467773
1710533256335098976,-9.1106538772583,-0.999920666217804,-2.317181348800659
1710533256343588528,-9.241183280944824,-1.1005114316940308,-2.1303699016571045
1710533256383591542,-9.121432304382324,-0.6993457078933716,-2.854863166809082
1710533256415101556,-9.289083480834961,-0.8849596977233887,-2.693199396133423
1710533256425512904,-9.108259201049805,-0.9364526271820068,-2.5818309783935547
1710533256431845363,-9.047185897827148,-1.0454260110855103,-2.483635187149048
1710533256446472650,-9.304651260375977,-1.0885363817214966,-2.317181348800659
1710533256461279181,-9.165740013122559,-0.718505859375,-2.435734748840332
1710533256471800803,-9.304651260375977,-0.748443603515625,-2.6285338401794434
1710533256484103620,-9.249565124511719,-0.6813830733299255,-2.6896069049835205
1710533256500898101,-9.132209777832031,-0.718505859375,-2.592608690261841
1710533256545187874,-9.158555030822754,-0.9268725514411926,-2.406994581222534
1710533256564195093,-9.13819694519043,-0.9711804389953613,-2.424957275390625
1710533256568364865,-9.242380142211914,-0.999920666217804,-2.4596850872039795
1710533256580860248,-9.142987251281738,-0.9041198492050171,-2.5985960960388184
1710533256618907226,-9.223219871520996,-0.8777746558189392,-2.654879093170166
1710533256620959517,-9.190887451171875,-0.8023315668106079,-2.6884093284606934
1710533256629293920,-9.200467109680176,-0.8250842094421387,-2.6273365020751953
1710533256662432256,-9.132209777832031,-0.9352551102638245,-2.4010071754455566
1710533256690103480,-9.144184112548828,-0.8466393947601318,-2.456092596054077
1710533256717594831,-9.186097145080566,-0.8059240579605103,-2.6393115520477295
1710533256778466630,-9.163344383239746,-1.0190807580947876,-2.4584875106811523
1710533256822902191,-9.204059600830078,-0.7999365329742432,-2.6512866020202637
1710533256831139823,-9.189689636230469,-0.7831714153289795,-2.645298957824707
1710533256845665350,-9.262738227844238,-0.7939489483833313,-2.7878026962280273
1710533256872906563,-9.109457015991211,-1.008303165435791,-2.333946466445923
1710533256942415598,-9.17531967163086,-0.7975414991378784,-2.3998095989227295
1710533256980074385,-9.102272033691406,-1.1256592273712158,-2.3794519901275635
1710533257135357760,-9.2208251953125,-0.8155041337013245,-2.695594549179077
1710533257189839886,-9.200467109680176,-0.8813672065734863,-2.596201181411743
1710533257198629870,-9.218430519104004,-0.910107433795929,-2.5506958961486816
1710533257204622856,-9.13819694519043,-0.9244775176048279,-2.444117546081543
1710533257213218799,-9.168134689331055,-0.9639953374862671,-2.3902294635772705
1710533257240337697,-9.165740013122559,-0.8741821050643921,-2.396217107772827
1710533257286501818,-9.193282127380371,-0.9783654808998108,-2.476450204849243
1710533257303404243,-9.182504653930664,-1.0226733684539795,-2.4489073753356934
1710533257376894475,-9.268725395202637,-0.7891589403152466,-2.742297410964966
1710533257425081352,-9.222023010253906,-1.1388317346572876,-2.044149160385132
1710533257463765507,-9.214838027954102,-0.8071215748786926,-2.3698718547821045
1710533257498814842,-9.284293174743652,-0.6969506740570068,-2.7985804080963135
1710533257517913826,-9.113049507141113,-1.0071057081222534,-2.565065860748291
1710533257543218576,-9.186097145080566,-1.087338924407959,-2.3998095989227295
1710533257549349954,-9.147777557373047,-1.1160790920257568,-2.254910945892334
1710533257572477269,-9.181307792663574,-0.9891430735588074,-2.396217107772827
1710533257608312599,-9.222023010253906,-0.6969506740570068,-2.6105713844299316
1710533257639736523,-9.13819694519043,-0.9963281154632568,-2.3614892959594727
1710533257648193106,-9.180109977722168,-0.9568102955818176,-2.4824378490448
1710533257669141525,-9.187294960021973,-0.8945397734642029,-2.6309289932250977
1710533257692093320,-9.24357795715332,-0.8178991675376892,-2.6896069049835205
1710533257700484703,-9.195677757263184,-0.7855663895606995,-2.6704468727111816
1710533257719789077,-9.236392974853516,-0.9136999249458313,-2.5315356254577637
1710533257728120834,-9.169332504272461,-0.9208850264549255,-2.475252628326416
1710533257757433358,-9.140591621398926,-0.940045177936554,-2.392624616622925
1710533257761753956,-9.12382698059082,-0.9663903713226318,-2.365081787109375
1710533257770191822,-9.213640213012695,-0.9208850264549255,-2.3578968048095703
1710533257784750403,-9.135802268981934,-0.7723938226699829,-2.4716601371765137
1710533257827132143,-9.217232704162598,-0.7699987888336182,-2.6608667373657227
1710533257829001850,-9.172924995422363,-0.8011340498924255,-2.6297314167022705
1710533257872850263,-9.204059600830078,-1.0190807580947876,-2.452500104904175
1710533257891882801,-9.171727180480957,-1.0454260110855103,-2.4321422576904297
1710533257902397172,-9.204059600830078,-0.808319091796875,-2.6692492961883545
1710533257940057010,-9.254355430603027,-0.8095166087150574,-2.724334716796875
1710533257955358520,-9.239985466003418,-0.7879614233970642,-2.7410998344421387
1710533257988419930,-9.237590789794922,-1.13763427734375,-2.06330943107605
1710533258013696245,-9.125024795532227,-0.8071215748786926,-2.397414445877075
1710533258030410487,-9.232800483703613,-0.6945556402206421,-2.7973828315734863
1710533258074358824,-9.247170448303223,-0.880169689655304,-2.66206431388855
1710533258076413936,-9.195677757263184,-0.9927356243133545,-2.5483007431030273
1710533258112654691,-9.147777557373047,-0.969982922077179,-2.435734748840332
1710533258127266251,-9.187294960021973,-0.6550378203392029,-2.6979894638061523
1710533258141814578,-9.178912162780762,-0.6454577445983887,-2.6476941108703613
1710533258158608386,-9.202862739562988,-0.6873705983161926,-2.615361213684082
1710533258179598576,-9.20645523071289,-0.856219470500946,-2.434537410736084
1710533258183845981,-9.166936874389648,-0.9424402117729187,-2.356699228286743
1710533258200828330,-9.171727180480957,-0.9819580316543579,-2.4908204078674316
1710533258215521794,-9.182504653930664,-0.9388476610183716,-2.554288387298584
1710533258217420796,-9.180109977722168,-0.8885522484779358,-2.6309289932250977
1710533258240888205,-9.232800483703613,-0.8011340498924255,-2.66206431388855
1710533258258111146,-9.19807243347168,-0.8107141256332397,-2.636916399002075
1710533258308033834,-9.182504653930664,-0.9675878882408142,-2.3507115840911865
1710533258379549741,-9.195677757263184,-0.9580078125,-2.483635187149048
1710533258392205967,-9.178912162780762,-1.0071057081222534,-2.4117846488952637
1710533258436503238,-9.214838027954102,-0.7879614233970642,-2.645298957824707
1710533258465622146,-9.233997344970703,-0.7987390160560608,-2.6692492961883545
1710533258474061368,-9.248368263244629,-0.8131091594696045,-2.695594549179077
1710533258484511786,-9.228010177612305,-0.8011340498924255,-2.7087671756744385
1710533258488675479,-9.114246368408203,-0.8574169874191284,-2.5471031665802
1710533258514083294,-9.2208251953125,-1.1340417861938477,-2.098037004470825
1710533258524764057,-9.154962539672852,-1.0969189405441284,-2.12797474861145
1710533258554012837,-9.142987251281738,-0.8370593190193176,-2.403402090072632
1710533258600394247,-9.181307792663574,-0.65863037109375,-2.7614574432373047
1710533258610861054,-9.218430519104004,-0.8765771389007568,-2.612966299057007
1710533258621177047,-9.18370246887207,-0.9939330816268921,-2.4908204078674316
1710533258662833700,-9.157357215881348,-1.0897338390350342,-2.6608667373657227
1710533258682265199,-9.188492774963379,-0.688568115234375,-2.7075695991516113
1710533258698959078,-9.231602668762207,-0.8071215748786926,-2.5375232696533203
1710533258726431754,-9.168134689331055,-1.0130932331085205,-2.2920336723327637
1710533258736872479,-9.205257415771484,-0.9963281154632568,-2.315983772277832
1710533258768359478,-9.174121856689453,-0.8873547315597534,-2.5686583518981934
1710533258776710394,-9.216034889221191,-0.8358618021011353,-2.644101619720459
1710533258808264149,-9.200467109680176,-0.8705896139144897,-2.612966299057007
1710533258831457496,-9.136999130249023,-0.969982922077179,-2.353106737136841
1710533258846017957,-9.192085266113281,-0.9436376690864563,-2.3423290252685547
1710533258863384634,-9.169332504272461,-0.8765771389007568,-2.3590941429138184
1710533258883573077,-9.181307792663574,-0.7795788645744324,-2.5004003047943115
1710533258929866033,-9.219627380371094,-0.9220825433731079,-2.5782384872436523
1710533258953194467,-9.150172233581543,-1.0609936714172363,-2.3878345489501953
1710533258968008870,-9.17531967163086,-1.0047106742858887,-2.403402090072632
1710533259011927614,-9.228010177612305,-0.7688012719154358,-2.6584715843200684
1710533259014081811,-9.242380142211914,-0.7532336711883545,-2.6788294315338135
1710533259047708869,-9.108259201049805,-0.9148974418640137,-2.5518932342529297
1710533259064494061,-9.216034889221191,-1.153201937675476,-2.036964178085327
1710533259087670716,-9.216034889221191,-1.153201937675476,-2.036964178085327
1710533259119097294,-9.233997344970703,-0.676593005657196,-2.4884252548217773
1710533259152683681,-9.17052936553955,-0.7676037549972534,-2.6572742462158203
1710533259177892022,-9.16094970703125,-1.0909314155578613,-2.256108283996582
1710533259201141038,-9.145381927490234,-1.0298583507537842,-2.3914270401000977
1710533259221991423,-9.188492774963379,-0.7137157917022705,-2.692002058029175
1710533259306117769,-9.190887451171875,-0.9819580316543579,-2.374661922454834
1710533259329314395,-9.239985466003418,-0.8047265410423279,-2.6512866020202637
1710533259350213721,-9.169332504272461,-0.8107141256332397,-2.676434278488159
1710533259379675402,-9.239985466003418,-0.9448351860046387,-2.466870069503784
1710533259388090078,-9.133406639099121,-1.0011181831359863,-2.3387365341186523
1710533259432179498,-9.186097145080566,-0.8753796219825745,-2.354304313659668
1710533259469575888,-9.180109977722168,-0.7508386373519897,-2.633323907852173
1710533259484928440,-9.190887451171875,-0.9388476610183716,-2.4716601371765137
1710533259493912287,-9.182504653930664,-1.023870825767517,-2.4213647842407227
1710533259516488801,-9.174121856689453,-1.0813512802124023,-2.3878345489501953
1710533259524950722,-9.189689636230469,-1.033450961112976,-2.4620800018310547
1710533259575263114,-9.239985466003418,-0.7819738984107971,-2.672841787338257
1710533259604798301,-9.135802268981934,-0.8238866925239563,-2.556683301925659
1710533259612972043,-9.231602668762207,-1.1292517185211182,-2.007026433944702
1710533259633910859,-9.065149307250977,-0.9568102955818176,-2.1603076457977295
1710533259665417134,-9.231602668762207,-0.7017407417297363,-2.8380980491638184
1710533259737161856,-9.174121856689453,-1.1184741258621216,-2.293231248855591
1710533259762161136,-9.152566909790039,-0.628692626953125,-2.724334716796875
1710533259881957940,-9.193282127380371,-0.7891589403152466,-2.66206431388855
1710533259897339827,-9.19807243347168,-0.820294201374054,-2.4980053901672363
1710533259926545825,-9.168134689331055,-0.9041198492050171,-2.3914270401000977
1710533259943264379,-9.201664924621582,-0.9340575933456421,-2.3123912811279297
1710533259945510408,-9.180109977722168,-0.9520202875137329,-2.313588857650757
1710533259979220984,-9.202862739562988,-0.8657995462417603,-2.3986120223999023
1710533260010544994,-9.204059600830078,-0.8023315668106079,-2.735112190246582
1710533260046363448,-9.241183280944824,-0.9029223918914795,-2.5806336402893066
1710533260050497103,-9.140591621398926,-0.9891430735588074,-2.4596850872039795
1710533260052578382,-9.145381927490234,-1.068178653717041,-2.384242057800293
1710533260071243854,-9.14657974243164,-0.8226892352104187,-2.524350643157959
1710533260098702035,-9.244775772094727,-0.7867639064788818,-2.615361213684082
1710533260119911712,-9.213640213012695,-0.730480968952179,-2.811753034591675
1710533260124340263,-9.213640213012695,-0.730480968952179,-2.811753034591675
1710533260172519076,-9.068741798400879,-0.9651928544044495,-2.3710694313049316
1710533260205870157,-9.245972633361816,-0.6514453291893005,-2.852468252182007
1710533260226874375,-9.236392974853516,-0.7532336711883545,-2.736309766769409
1710533260253942215,-9.2304048538208,-0.8849596977233887,-2.566263437271118
1710533260287235729,-9.136999130249023,-1.0765613317489624,-2.263293504714966
1710533260316708258,-9.17052936553955,-0.6298901438713074,-2.78181529045105
1710533260333341885,-9.17052936553955,-0.6298901438713074,-2.78181529045105
1710533260354795543,-9.247170448303223,-0.7256909012794495,-2.6812243461608887
1710533260382072498,-9.199270248413086,-1.093326449394226,-2.2824535369873047
1710533260388579157,-9.199270248413086,-1.093326449394226,-2.2824535369873047
1710533260399152395,-9.181307792663574,-0.8322693109512329,-2.5686583518981934
1710533260424336743,-9.249565124511719,-0.7268884181976318,-2.686014413833618
1710533260458173702,-9.204059600830078,-0.8119116425514221,-2.605781316757202
1710533260461973394,-9.152566909790039,-1.027463436126709,-2.306403875350952
1710533260476698078,-9.148974418640137,-1.0346484184265137,-2.304008722305298
1710533260489444163,-9.171727180480957,-0.9328601360321045,-2.33514404296875
1710533260506471145,-9.189689636230469,-0.8370593190193176,-2.4117846488952637
1710533260521009356,-9.205257415771484,-0.7113208174705505,-2.6177563667297363
1710533260542295949,-9.213640213012695,-0.7472460865974426,-2.695594549179077
1710533260565234699,-9.208849906921387,-0.790356457233429,-2.623744010925293
1710533260579839777,-9.19807243347168,-0.8538244366645813,-2.5147705078125
1710533260603147550,-9.176517486572266,-0.9568102955818176,-2.434537410736084
1710533260632576518,-9.196874618530273,-0.8358618021011353,-2.6488916873931885
1710533260689187509,-9.074728965759277,-0.8358618021011353,-2.60697865486145
1710533260699810497,-9.05556869506836,-1.1184741258621216,-2.0716919898986816
1710533260746000174,-9.272317886352539,-0.7077282667160034,-2.664459228515625
1710533260779742524,-9.232800483703613,-0.7688012719154358,-2.7506799697875977
1710533260813443748,-9.212442398071289,-1.0945239067077637,-2.233355760574341
1710533260842842559,-9.121432304382324,-1.087338924407959,-2.214195489883423
1710533260863667306,-9.200467109680176,-0.8430469036102295,-2.4920177459716797
1710533260865831671,-9.223219871520996,-0.6897656321525574,-2.6297314167022705
1710533260880480335,-9.285490989685059,-0.7041357159614563,-2.6393115520477295
1710533260884742937,-9.28070068359375,-0.7771838307380676,-2.545905828475952
1710533260914217340,-9.210047721862793,-1.0777587890625,-2.3399341106414795
1710533260968682084,-9.225615501403809,-0.868194580078125,-2.556683301925659
1710533261007099442,-9.193282127380371,-0.7556286454200745,-2.682421922683716
1710533261023069373,-9.165740013122559,-0.9616003632545471,-2.3686742782592773
1710533261059027843,-9.176517486572266,-0.9831554889678955,-2.2597010135650635
1710533261067033893,-9.182504653930664,-0.9077123999595642,-2.3099963665008545
1710533261082000744,-9.214838027954102,-0.6981481909751892,-2.633323907852173
1710533261111255950,-9.24357795715332,-0.6969506740570068,-2.6979894638061523
1710533261157463264,-9.181307792663574,-1.1196715831756592,-2.306403875350952
1710533261168251771,-9.181307792663574,-0.9771679639816284,-2.435734748840332
1710533261195524881,-9.261540412902832,-0.7113208174705505,-2.715952157974243
1710533261199487825,-9.244775772094727,-0.7209008932113647,-2.745889902114868
1710533261233187877,-9.23519515991211,-1.0154882669448853,-2.2884411811828613
1710533261277312425,-9.11544418334961,-1.008303165435791,-2.2022204399108887
1710533261294508886,-9.214838027954102,-0.7316784858703613,-2.7303223609924316
1710533261321696977,-9.205257415771484,-0.7891589403152466,-2.715952157974243
1710533261336343378,-9.194479942321777,-1.0047106742858887,-2.513572931289673
1710533261359457574,-9.166936874389648,-1.053808569908142,-2.435734748840332
1710533261365878939,-9.163344383239746,-1.087338924407959,-2.3626868724823
1710533261389028434,-9.157357215881348,-1.027463436126709,-2.3602917194366455
1710533261414019529,-9.216034889221191,-0.7316784858703613,-2.512375593185425
1710533261439151290,-9.192085266113281,-0.8178991675376892,-2.5578808784484863
1710533261496142964,-9.166936874389648,-1.011895775794983,-2.45489501953125
1710533261556899433,-9.222023010253906,-0.7735912799835205,-2.536325693130493
1710533261592780889,-9.199270248413086,-0.8993298411369324,-2.403402090072632
1710533261601025831,-9.2112455368042,-0.9472302198410034,-2.4081921577453613
1710533261630507802,-9.208849906921387,-0.9352551102638245,-2.523153066635132
1710533261662279246,-9.212442398071289,-0.8634045124053955,-2.5806336402893066
1710533261668121795,-9.205257415771484,-0.9077123999595642,-2.515968084335327
1710533261697890953,-9.184900283813477,-0.9125024676322937,-2.472857713699341
1710533261718860467,-9.177715301513672,-0.9436376690864563,-2.4117846488952637
1710533261769349376,-9.202862739562988,-0.8095166087150574,-2.515968084335327
1710533261809290396,-9.178912162780762,-0.9532177448272705,-2.5004003047943115
1710533261823829321,-9.226812362670898,-0.9412426948547363,-2.494412899017334
1710533261840862175,-9.162147521972656,-0.9232800006866455,-2.4908204078674316
1710533261853228820,-9.217232704162598,-0.9232800006866455,-2.494412899017334
1710533261882489048,-9.150172233581543,-0.8310717940330505,-2.4896228313446045
1710533261899227735,-9.150172233581543,-0.8310717940330505,-2.4884252548217773
1710533261975075362,-9.199270248413086,-0.886157214641571,-2.512375593185425
1710533261989949292,-9.196874618530273,-0.8969348073005676,-2.495610237121582
1710533262004435592,-9.224417686462402,-0.8729846477508545,-2.4824378490448
1710533262036092145,-9.192085266113281,-0.8634045124053955,-2.4596850872039795
1710533262064103406,-9.192085266113281,-0.886157214641571,-2.4884252548217773
1710533262095278643,-9.204059600830078,-0.868194580078125,-2.5183629989624023
1710533262132801199,-9.205257415771484,-0.9232800006866455,-2.4596850872039795
1710533262164231472,-9.169332504272461,-0.9029223918914795,-2.4704625606536865
1710533262193782738,-9.217232704162598,-0.8430469036102295,-2.4800426959991455
1710533262200002535,-9.205257415771484,-0.8574169874191284,-2.472857713699341
1710533262214749542,-9.176517486572266,-0.9172924757003784,-2.456092596054077
1710533262254201506,-9.18370246887207,-0.9376501441001892,-2.4584875106811523
1710533262257964608,-9.190887451171875,-0.9556127786636353,-2.456092596054077
1710533262273043385,-9.194479942321777,-0.9220825433731079,-2.484832763671875
1710533262302720511,-9.18370246887207,-0.8837621808052063,-2.512375593185425
1710533262305355257,-9.216034889221191,-0.8478369116783142,-2.5183629989624023
1710533262321728428,-9.194479942321777,-0.8454418778419495,-2.483635187149048
1710533262334410752,-9.193282127380371,-0.8646020293235779,-2.446512460708618
1710533262351392991,-9.196874618530273,-0.8741821050643921,-2.456092596054077
1710533262374487554,-9.195677757263184,-0.8825647234916687,-2.45489501953125
1710533262389034547,-9.208849906921387,-0.9568102955818176,-2.4896228313446045
1710533262403716923,-9.232800483703613,-0.9424402117729187,-2.495610237121582
1710533262422769341,-9.136999130249023,-0.8957372903823853,-2.5004003047943115
1710533262447883887,-9.242380142211914,-0.8514294624328613,-2.494412899017334
1710533262515126321,-9.19807243347168,-0.8837621808052063,-2.4908204078674316
1710533262544709138,-9.182504653930664,-0.9029223918914795,-2.4908204078674316
1710533262567542263,-9.19807243347168,-0.9113049507141113,-2.494412899017334
1710533262593781899,-9.201664924621582,-0.9136999249458313,-2.506387948989868
1710533262603296527,-9.200467109680176,-0.9304651021957397,-2.493215322494507
1710533262731423770,-9.17531967163086,-0.8454418778419495,-2.5147705078125
1710533262748307721,-9.174121856689453,-0.8574169874191284,-2.493215322494507
1710533262784020816,-9.194479942321777,-0.8693920969963074,-2.4584875106811523
1710533262792862791,-9.214838027954102,-0.8993298411369324,-2.4680676460266113
1710533262802794433,-9.189689636230469,-0.8777746558189392,-2.4680676460266113
1710533262825893043,-9.165740013122559,-0.8646020293235779,-2.4920177459716797
1710533262863901017,-9.199270248413086,-0.8957372903823853,-2.506387948989868
1710533262888699640,-9.188492774963379,-0.8837621808052063,-2.4884252548217773
1710533262905520720,-9.188492774963379,-0.8837621808052063,-2.4884252548217773
1710533262941519803,-9.182504653930664,-0.9316626191139221,-2.4716601371765137
1710533262964587753,-9.200467109680176,-0.9304651021957397,-2.486030340194702
1710533262966739244,-9.165740013122559,-0.8957372903823853,-2.4824378490448
1710533262989737045,-9.233997344970703,-0.8837621808052063,-2.502795457839966
1710533263010786871,-9.165740013122559,-0.8969348073005676,-2.476450204849243
1710533263040019029,-9.162147521972656,-0.8490344285964966,-2.4680676460266113
1710533263062562979,-9.192085266113281,-0.8909472823143005,-2.4812402725219727
1710533263071298921,-9.244775772094727,-0.9005273580551147,-2.4884252548217773
1710533263122145716,-9.176517486572266,-0.8789721727371216,-2.496807813644409
1710533263195718889,-9.162147521972656,-0.8526269793510437,-2.4980053901672363
1710533263206307927,-9.165740013122559,-0.8550219535827637,-2.4896228313446045
1710533263227114009,-9.237590789794922,-0.8753796219825745,-2.4776477813720703
1710533263265021113,-9.250762939453125,-0.9065148830413818,-2.494412899017334
1710533263273325496,-9.210047721862793,-0.9041198492050171,-2.483635187149048
1710533263281886559,-9.19807243347168,-0.8514294624328613,-2.4908204078674316
1710533263296760106,-9.202862739562988,-0.8957372903823853,-2.476450204849243
1710533263315673845,-9.184900283813477,-0.9077123999595642,-2.463277578353882
1710533263338851503,-9.193282127380371,-0.9148974418640137,-2.4800426959991455
1710533263376733888,-9.204059600830078,-0.8825647234916687,-2.5004003047943115
1710533263408226582,-9.176517486572266,-0.8538244366645813,-2.506387948989868
1710533263425141467,-9.190887451171875,-0.8933422565460205,-2.4608826637268066
1710533263445909816,-9.188492774963379,-0.9148974418640137,-2.452500104904175
1710533263469215626,-9.192085266113281,-0.8825647234916687,-2.466870069503784
1710533263503358472,-9.201664924621582,-0.8933422565460205,-2.505190372467041
1710533263542959125,-9.202862739562988,-0.89813232421875,-2.493215322494507
1710533263572099066,-9.231602668762207,-0.8753796219825745,-2.4405248165130615
1710533263610045163,-9.202862739562988,-0.8538244366645813,-2.4824378490448
1710533263685990861,-9.204059600830078,-0.8897497653961182,-2.4716601371765137
1710533263694415254,-9.163344383239746,-0.9065148830413818,-2.5004003047943115
1710533263704944770,-9.174121856689453,-0.9268725514411926,-2.4776477813720703
1710533263734241385,-9.192085266113281,-0.8705896139144897,-2.5087828636169434
1710533263757333550,-9.210047721862793,-0.8921447992324829,-2.4704625606536865
1710533263801391838,-9.16094970703125,-0.9172924757003784,-2.456092596054077
1710533263866366074,-9.222023010253906,-0.8825647234916687,-2.526745557785034
1710533263902336893,-9.202862739562988,-0.9077123999595642,-2.4489073753356934
1710533263919277114,-9.202862739562988,-0.868194580078125,-2.4489073753356934
1710533263948751868,-9.205257415771484,-0.8741821050643921,-2.4908204078674316
1710533263971867665,-9.212442398071289,-0.856219470500946,-2.495610237121582
1710533264001360759,-9.188492774963379,-0.89813232421875,-2.4800426959991455
1710533264027211060,-9.17052936553955,-0.940045177936554,-2.4501049518585205
1710533264035003532,-9.241183280944824,-0.9244775176048279,-2.472857713699341
1710533264051790098,-9.201664924621582,-0.8693920969963074,-2.4884252548217773
1710533264066517355,-9.169332504272461,-0.9077123999595642,-2.4896228313446045
1710533264083111288,-9.247170448303223,-0.8753796219825745,-2.4992029666900635
1710533264119334141,-9.226812362670898,-0.8825647234916687,-2.4812402725219727
1710533264131497912,-9.242380142211914,-0.8969348073005676,-2.4620800018310547
1710533264140001912,-9.18370246887207,-0.8430469036102295,-2.445314884185791
1710533264152597800,-9.218430519104004,-0.8598120212554932,-2.4584875106811523
1710533264209334639,-9.189689636230469,-0.868194580078125,-2.486030340194702
1710533264238742643,-9.190887451171875,-0.8849596977233887,-2.48722767829895
1710533264249102003,-9.2112455368042,-0.8849596977233887,-2.4812402725219727
1710533264280538253,-9.176517486572266,-0.8933422565460205,-2.476450204849243
1710533264297821921,-9.193282127380371,-0.8825647234916687,-2.4884252548217773
1710533264320708826,-9.19807243347168,-0.868194580078125,-2.4920177459716797
1710533264337561643,-9.205257415771484,-0.8873547315597534,-2.496807813644409
1710533264354359129,-9.187294960021973,-0.8693920969963074,-2.474055290222168
1710533264388034875,-9.199270248413086,-0.8777746558189392,-2.463277578353882
1710533264396581776,-9.207653045654297,-0.8753796219825745,-2.45489501953125
1710533264405072161,-9.192085266113281,-0.8789721727371216,-2.475252628326416
1710533264421895482,-9.18370246887207,-0.8765771389007568,-2.4896228313446045
1710533264448940140,-9.174121856689453,-0.8885522484779358,-2.494412899017334
1710533264553915414,-9.204059600830078,-0.9196875095367432,-2.4608826637268066
1710533264591634026,-9.193282127380371,-0.8885522484779358,-2.532733201980591
1710533264622945488,-9.172924995422363,-0.916094958782196,-2.472857713699341
1710533264629351349,-9.214838027954102,-0.9029223918914795,-2.433339834213257
1710533264637768875,-9.17531967163086,-0.9029223918914795,-2.446512460708618
1710533264664870171,-9.192085266113281,-0.8466393947601318,-2.466870069503784
1710533264675318925,-9.192085266113281,-0.8466393947601318,-2.466870069503784
1710533264677193255,-9.163344383239746,-0.8514294624328613,-2.483635187149048
1710533264696424505,-9.236392974853516,-0.8418493866920471,-2.5111780166625977
1710533264719596120,-9.17531967163086,-0.9017248749732971,-2.503993034362793
1710533264753310249,-9.202862739562988,-0.9256750345230103,-2.456092596054077
1710533264757423388,-9.159751892089844,-0.9256750345230103,-2.457289934158325
1710533264772229051,-9.210047721862793,-0.8909472823143005,-2.4896228313446045
1710533264801541788,-9.186097145080566,-0.8825647234916687,-2.493215322494507
1710533264826583824,-9.204059600830078,-0.8442443609237671,-2.502795457839966
1710533264866075908,-9.180109977722168,-0.8885522484779358,-2.4381299018859863
1710533264904135599,-9.20645523071289,-0.8969348073005676,-2.456092596054077
1710533264935678468,-9.180109977722168,-0.8574169874191284,-2.503993034362793
1710533264967223420,-9.200467109680176,-0.9220825433731079,-2.483635187149048
1710533264998650252,-9.199270248413086,-0.9148974418640137,-2.4704625606536865
1710533265034377200,-9.199270248413086,-0.8837621808052063,-2.4812402725219727
1710533265053387211,-9.18370246887207,-0.8550219535827637,-2.5075855255126953
1710533265086758537,-9.187294960021973,-0.8765771389007568,-2.4584875106811523
1710533265147794373,-9.205257415771484,-0.8825647234916687,-2.48722767829895
1710533265154098481,-9.164542198181152,-0.8646020293235779,-2.463277578353882
1710533265304942825,-9.199270248413086,-0.8933422565460205,-2.517165422439575
1710533265319643039,-9.184900283813477,-0.8933422565460205,-2.475252628326416
1710533265326055686,-9.171727180480957,-0.9113049507141113,-2.435734748840332
1710533265372925558,-9.217232704162598,-0.9208850264549255,-2.415377140045166
1710533265416341808,-9.24357795715332,-0.8430469036102295,-2.5207581520080566
1710533265443508954,-9.200467109680176,-0.9388476610183716,-2.5004003047943115
1710533265476737035,-9.18370246887207,-0.9184899926185608,-2.453697443008423
1710533265520992345,-9.229207992553711,-0.868194580078125,-2.456092596054077
1710533265560867988,-9.204059600830078,-0.8705896139144897,-2.464475154876709
1710533265567220187,-9.18370246887207,-0.8777746558189392,-2.4596850872039795
1710533265590439344,-9.202862739562988,-0.9364526271820068,-2.4812402725219727
1710533265613241132,-9.189689636230469,-0.9113049507141113,-2.484832763671875
1710533265663383702,-9.218430519104004,-0.8298742771148682,-2.474055290222168
1710533265695295829,-9.136999130249023,-0.8957372903823853,-2.4788451194763184
1710533265714207255,-9.166936874389648,-0.9364526271820068,-2.48722767829895
1710533265756338739,-9.166936874389648,-0.8406518697738647,-2.486030340194702
1710533265785753140,-9.212442398071289,-0.8837621808052063,-2.433339834213257
1710533265794107205,-9.145381927490234,-0.8741821050643921,-2.42256236076355
1710533265817257629,-9.238787651062012,-0.8526269793510437,-2.503993034362793
1710533265844572070,-9.226812362670898,-0.8693920969963074,-2.466870069503784
1710533265861138448,-9.144184112548828,-0.8777746558189392,-2.476450204849243
1710533265890783943,-9.195677757263184,-1.2166699171066284,-2.4776477813720703
1710533265897001417,-9.226812362670898,-0.9663903713226318,-2.4776477813720703
1710533265913545439,-9.148974418640137,-0.9388476610183716,-2.4680676460266113
1710533265924124045,-9.245972633361816,-0.910107433795929,-2.4980053901672363
1710533265978779409,-9.19807243347168,-0.8143066167831421,-2.4704625606536865
1710533266031235369,-9.19807243347168,-0.9005273580551147,-2.4896228313446045
1710533266084101130,-9.178912162780762,-0.880169689655304,-2.517165422439575
1710533266092243613,-9.196874618530273,-0.9041198492050171,-2.505190372467041
1710533266100792605,-9.226812362670898,-0.9340575933456421,-2.426154851913452
1710533266143229867,-9.204059600830078,-0.850231945514679,-2.472857713699341
1710533266145614813,-9.201664924621582,-0.8310717940330505,-2.475252628326416
1710533266161691620,-9.208849906921387,-0.868194580078125,-2.463277578353882
1710533266189072647,-9.168134689331055,-0.9196875095367432,-2.4812402725219727
1710533266199438976,-9.154962539672852,-0.9556127786636353,-2.4513025283813477
1710533266220491584,-9.189689636230469,-0.9651928544044495,-2.452500104904175
1710533266243357988,-9.2112455368042,-0.89813232421875,-2.456092596054077
1710533266270607837,-9.213640213012695,-0.8334667682647705,-2.496807813644409
1710533266293889507,-9.2112455368042,-0.8382568359375,-2.4776477813720703
1710533266319081315,-9.174121856689453,-0.8873547315597534,-2.4716601371765137
1710533266333919218,-9.190887451171875,-0.8777746558189392,-2.435734748840332
1710533266352948567,-9.218430519104004,-0.9041198492050171,-2.493215322494507
1710533266390682101,-9.176517486572266,-0.8873547315597534,-2.4884252548217773
1710533266398936942,-9.200467109680176,-0.8370593190193176,-2.464475154876709
1710533266424273761,-9.208849906921387,-0.9244775176048279,-2.4824378490448
1710533266468117898,-9.186097145080566,-0.9196875095367432,-2.4776477813720703
1710533266497692013,-9.177715301513672,-0.8574169874191284,-2.5147705078125
1710533266510559805,-9.207653045654297,-0.8717871308326721,-2.493215322494507
1710533266518900107,-9.202862739562988,-0.9388476610183716,-2.4800426959991455
1710533266527285929,-9.194479942321777,-0.9436376690864563,-2.483635187149048
1710533266579880225,-9.204059600830078,-0.8897497653961182,-2.4908204078674316
1710533266623997915,-9.196874618530273,-0.8765771389007568,-2.493215322494507
1710533266649246698,-9.204059600830078,-0.8909472823143005,-2.4896228313446045
1710533266686873667,-9.2112455368042,-0.8825647234916687,-2.4692652225494385
1710533266708399301,-9.216034889221191,-0.8825647234916687,-2.4692652225494385
1710533266741786592,-9.186097145080566,-0.8777746558189392,-2.4321422576904297
1710533266755157137,-9.18370246887207,-0.850231945514679,-2.4716601371765137
1710533266781860442,-9.150172233581543,-0.8729846477508545,-2.456092596054077
1710533266851141672,-9.225615501403809,-0.8885522484779358,-2.466870069503784
1710533266872012979,-9.174121856689453,-0.8837621808052063,-2.476450204849243
1710533266908034118,-9.187294960021973,-0.9580078125,-2.476450204849243
1710533266918319436,-9.180109977722168,-0.9328601360321045,-2.486030340194702
1710533266939441663,-9.207653045654297,-0.8646020293235779,-2.517165422439575
1710533266954064733,-9.207653045654297,-0.8646020293235779,-2.517165422439575
1710533266977231758,-9.192085266113281,-0.8598120212554932,-2.4992029666900635
1710533266985718295,-9.18370246887207,-0.9029223918914795,-2.495610237121582
1710533267006638220,-9.177715301513672,-0.8885522484779358,-2.472857713699341
1710533267046627623,-9.168134689331055,-0.8741821050643921,-2.483635187149048
1710533267082079966,-9.225615501403809,-0.8586145043373108,-2.503993034362793
1710533267101040448,-9.200467109680176,-0.8490344285964966,-2.496807813644409
1710533267128626261,-9.199270248413086,-0.89813232421875,-2.4884252548217773
1710533267149441745,-9.194479942321777,-0.89813232421875,-2.463277578353882
1710533267219045822,-9.219627380371094,-0.8586145043373108,-2.4596850872039795
1710533267231429788,-9.194479942321777,-0.8514294624328613,-2.496807813644409
1710533267241935553,-9.207653045654297,-0.8310717940330505,-2.505190372467041
1710533267277826769,-9.176517486572266,-0.9029223918914795,-2.513572931289673
1710533267336480652,-9.15137004852295,-0.9364526271820068,-2.476450204849243
1710533267351227729,-9.218430519104004,-0.8526269793510437,-2.4896228313446045
1710533267464308780,-9.193282127380371,-0.8921447992324829,-2.4692652225494385
1710533267498144390,-9.214838027954102,-0.8178991675376892,-2.486030340194702
1710533267540136142,-9.2112455368042,-0.8418493866920471,-2.493215322494507
1710533267575987536,-9.201664924621582,-0.9556127786636353,-2.4884252548217773
1710533267592835084,-9.18370246887207,-0.9627978801727295,-2.474055290222168
1710533267613829313,-9.205257415771484,-0.9496252536773682,-2.4896228313446045
1710533267615743820,-9.205257415771484,-0.9496252536773682,-2.4896228313446045
1710533267643027930,-9.182504653930664,-0.9041198492050171,-2.48722767829895
1710533267676484325,-9.199270248413086,-0.7652087211608887,-2.465672492980957
1710533267718739610,-9.187294960021973,-0.8574169874191284,-2.433339834213257
1710533267731414202,-9.178912162780762,-0.9639953374862671,-2.476450204849243
1710533267744057774,-9.200467109680176,-0.9711804389953613,-2.515968084335327
1710533267771501847,-9.204059600830078,-0.9232800006866455,-2.577040910720825
1710533267802911848,-9.190887451171875,-0.8957372903823853,-2.5878186225891113
1710533267838484662,-9.172924995422363,-0.8598120212554932,-2.3806493282318115
1710533267871897468,-9.225615501403809,-0.8442443609237671,-2.436932325363159
1710533267884638631,-9.178912162780762,-0.8789721727371216,-2.555485725402832
1710533267901244447,-9.249565124511719,-0.868194580078125,-2.5590784549713135
1710533267970768507,-9.145381927490234,-0.9316626191139221,-2.453697443008423
1710533267998076668,-9.208849906921387,-0.9196875095367432,-2.4992029666900635
1710533268040318881,-9.208849906921387,-0.8538244366645813,-2.5590784549713135
1710533268088463545,-9.172924995422363,-0.9376501441001892,-2.496807813644409
1710533268103262059,-9.217232704162598,-0.9148974418640137,-2.48722767829895
1710533268143208182,-9.205257415771484,-0.8634045124053955,-2.4908204078674316
1710533268168619768,-9.182504653930664,-0.9113049507141113,-2.486030340194702
1710533268185324058,-9.204059600830078,-0.8789721727371216,-2.466870069503784
1710533268200017428,-9.201664924621582,-0.8490344285964966,-2.4596850872039795
1710533268237741916,-9.180109977722168,-0.8813672065734863,-2.456092596054077
1710533268266700207,-9.18370246887207,-0.8813672065734863,-2.4884252548217773
1710533268268875631,-9.18370246887207,-0.8825647234916687,-2.4980053901672363
1710533268296694712,-9.201664924621582,-0.9077123999595642,-2.48722767829895
1710533268343244537,-9.189689636230469,-0.8478369116783142,-2.4824378490448
1710533268359766645,-9.226812362670898,-0.8442443609237671,-2.465672492980957
1710533268387117418,-9.142987251281738,-0.9029223918914795,-2.4704625606536865
1710533268410219620,-9.169332504272461,-0.9316626191139221,-2.4620800018310547
1710533268416629440,-9.228010177612305,-0.9544152617454529,-2.436932325363159
1710533268471020343,-9.186097145080566,-0.8214917182922363,-2.545905828475952
1710533268481775215,-9.190887451171875,-0.8945397734642029,-2.452500104904175
1710533268498564751,-9.17052936553955,-0.9220825433731079,-2.4297473430633545
1710533268536462434,-9.208849906921387,-0.9113049507141113,-2.4477100372314453
1710533268553191342,-9.193282127380371,-0.8993298411369324,-2.45489501953125
1710533268561606581,-9.217232704162598,-0.8538244366645813,-2.495610237121582
1710533268586783108,-9.218430519104004,-0.8358618021011353,-2.517165422439575
1710533268590974901,-9.218430519104004,-0.8358618021011353,-2.4992029666900635
1710533268605551094,-9.172924995422363,-0.9316626191139221,-2.4788451194763184
1710533268620348270,-9.196874618530273,-0.9568102955818176,-2.45489501953125
1710533268651879164,-9.177715301513672,-0.9053173661231995,-2.474055290222168
1710533268654011424,-9.214838027954102,-0.8729846477508545,-2.4896228313446045
1710533268687310410,-9.171727180480957,-0.8310717940330505,-2.5099804401397705
1710533268737742680,-9.169332504272461,-0.8933422565460205,-2.45489501953125
1710533268763229928,-9.178912162780762,-0.8969348073005676,-2.505190372467041
1710533268805216819,-9.195677757263184,-0.9005273580551147,-2.5087828636169434
1710533268813436716,-9.212442398071289,-0.9053173661231995,-2.4920177459716797
1710533268843019154,-9.171727180480957,-0.8969348073005676,-2.4285497665405273
1710533268865842761,-9.189689636230469,-0.910107433795929,-2.4620800018310547
1710533268880704402,-9.189689636230469,-0.8322693109512329,-2.4405248165130615
1710533268906069505,-9.177715301513672,-0.8358618021011353,-2.466870069503784
1710533268914512411,-9.177715301513672,-0.8358618021011353,-2.495610237121582
1710533268920679339,-9.218430519104004,-0.8669970631599426,-2.4908204078674316
1710533268935263538,-9.194479942321777,-0.9041198492050171,-2.4896228313446045
1710533268960362242,-9.238787651062012,-0.9711804389953613,-2.48722767829895
1710533268987604338,-9.142987251281738,-0.9639953374862671,-2.495610237121582
1710533269002426115,-9.186097145080566,-0.9136999249458313,-2.4920177459716797
1710533269017889446,-9.200467109680176,-0.8550219535827637,-2.4908204078674316
1710533269040230727,-9.251960754394531,-0.8454418778419495,-2.4608826637268066
1710533269046509752,-9.195677757263184,-0.8286767601966858,-2.4201672077178955
1710533269099032279,-9.162147521972656,-0.8717871308326721,-2.4776477813720703
1710533269115750131,-9.177715301513672,-0.9148974418640137,-2.484832763671875
1710533269159918450,-9.222023010253906,-0.8753796219825745,-2.4992029666900635
1710533269187203748,-9.192085266113281,-0.940045177936554,-2.483635187149048
1710533269216581326,-9.171727180480957,-0.8765771389007568,-2.494412899017334
1710533269279449519,-9.228010177612305,-0.8634045124053955,-2.515968084335327
1710533269281693046,-9.208849906921387,-0.8454418778419495,-2.5147705078125
1710533269370222274,-9.180109977722168,-0.8957372903823853,-2.5195605754852295
1710533269397432711,-9.166936874389648,-0.8813672065734863,-2.457289934158325
1710533269430882183,-9.213640213012695,-0.9244775176048279,-2.423759698867798
1710533269525858254,-9.208849906921387,-0.9196875095367432,-2.5291407108306885
1710533269546790041,-9.199270248413086,-0.9388476610183716,-2.5004003047943115
1710533269590890404,-9.166936874389648,-0.8825647234916687,-2.4297473430633545
1710533269607721438,-9.188492774963379,-0.8047265410423279,-2.48722767829895
1710533269632889367,-9.248368263244629,-0.8430469036102295,-2.4716601371765137
1710533269641353892,-9.216034889221191,-0.8849596977233887,-2.486030340194702
1710533269696327272,-9.182504653930664,-0.9340575933456421,-2.5291407108306885
1710533269721390138,-9.222023010253906,-0.8478369116783142,-2.4800426959991455
1710533269771994839,-9.237590789794922,-0.8490344285964966,-2.412982225418091
1710533269782561054,-9.13819694519043,-0.8885522484779358,-2.4105870723724365
1710533269826512470,-9.200467109680176,-0.8825647234916687,-2.5375232696533203
1710533269847324940,-9.229207992553711,-0.8897497653961182,-2.545905828475952
1710533269872682414,-9.210047721862793,-0.8909472823143005,-2.54231333732605
1710533269902126292,-9.181307792663574,-0.8933422565460205,-2.4584875106811523
1710533269906857709,-9.181307792663574,-0.8933422565460205,-2.4584875106811523
1710533269923242508,-9.208849906921387,-0.8430469036102295,-2.4620800018310547
1710533269940893856,-9.181307792663574,-0.8131091594696045,-2.4704625606536865
1710533269954978160,-9.20645523071289,-0.8586145043373108,-2.4812402725219727
1710533269967303211,-9.212442398071289,-0.850231945514679,-2.4992029666900635
1710533269982183333,-9.189689636230469,-0.8490344285964966,-2.5075855255126953
1710533269986344340,-9.174121856689453,-0.8741821050643921,-2.515968084335327
1710533270022338931,-9.180109977722168,-0.9017248749732971,-2.475252628326416
1710533270030380903,-9.156159400939941,-0.928070068359375,-2.456092596054077
1710533270051392073,-9.17052936553955,-0.8849596977233887,-2.42256236076355
1710533270084852328,-9.212442398071289,-0.8322693109512329,-2.493215322494507
1710533270101980935,-9.241183280944824,-0.8071215748786926,-2.502795457839966
1710533270131316590,-9.23519515991211,-0.9208850264549255,-2.474055290222168
1710533270164739483,-9.247170448303223,-0.9053173661231995,-2.502795457839966
1710533270187867371,-9.18370246887207,-0.9077123999595642,-2.5099804401397705
1710533270219123345,-9.156159400939941,-0.8622070550918579,-2.4584875106811523
1710533270246341645,-9.195677757263184,-0.8777746558189392,-2.4788451194763184
1710533270265441718,-9.222023010253906,-0.8765771389007568,-2.493215322494507
1710533270269492751,-9.222023010253906,-0.8765771389007568,-2.493215322494507
1710533270286360544,-9.20645523071289,-0.8586145043373108,-2.472857713699341
1710533270310002361,-9.2208251953125,-0.916094958782196,-2.4920177459716797
1710533270320167380,-9.195677757263184,-0.8933422565460205,-2.5087828636169434
1710533270328555980,-9.188492774963379,-0.8909472823143005,-2.512375593185425
1710533270366427401,-9.223219871520996,-0.89813232421875,-2.503993034362793
1710533270427474543,-9.162147521972656,-0.9041198492050171,-2.48722767829895
1710533270437932590,-9.213640213012695,-0.9304651021957397,-2.4788451194763184
1710533270444196886,-9.171727180480957,-0.880169689655304,-2.495610237121582
1710533270452745589,-9.163344383239746,-0.8885522484779358,-2.505190372467041
1710533270465236104,-9.225615501403809,-0.8897497653961182,-2.48722767829895
1710533270486726484,-9.177715301513672,-0.9053173661231995,-2.476450204849243
1710533270515750167,-9.202862739562988,-0.8550219535827637,-2.4608826637268066
1710533270538998857,-9.181307792663574,-0.8693920969963074,-2.4596850872039795
1710533270589356564,-9.242380142211914,-0.9220825433731079,-2.5075855255126953
1710533270644055870,-9.239985466003418,-0.9651928544044495,-2.543510675430298
1710533270675586930,-9.195677757263184,-0.8334667682647705,-2.436932325363159
1710533270698785641,-9.188492774963379,-0.8107141256332397,-2.3986120223999023
1710533270734690350,-9.171727180480957,-0.8095166087150574,-2.423759698867798
1710533270736829873,-9.225615501403809,-0.9113049507141113,-2.48722767829895
1710533270756029300,-9.177715301513672,-0.9448351860046387,-2.5111780166625977
1710533270785287993,-9.196874618530273,-0.928070068359375,-2.554288387298584
1710533270793646278,-9.192085266113281,-0.9053173661231995,-2.545905828475952
1710533270823291815,-9.204059600830078,-0.8825647234916687,-2.5207581520080566
1710533270833707487,-9.204059600830078,-0.8238866925239563,-2.484832763671875
1710533270862098999,-9.2112455368042,-0.8610095381736755,-2.4117846488952637
1710533270879532230,-9.168134689331055,-0.9053173661231995,-2.457289934158325
1710533270896610538,-9.241183280944824,-0.8921447992324829,-2.506387948989868
1710533270928064196,-9.200467109680176,-0.9196875095367432,-2.556683301925659
1710533270995329981,-9.157357215881348,-0.9304651021957397,-2.496807813644409
1710533271066440936,-9.153764724731445,-0.9304651021957397,-2.5099804401397705
1710533271093903508,-9.242380142211914,-0.9484277367591858,-2.4920177459716797
1710533271117083612,-9.202862739562988,-0.9148974418640137,-2.466870069503784
1710533271140274815,-9.190887451171875,-0.8490344285964966,-2.4992029666900635
1710533271192977114,-9.171727180480957,-0.8837621808052063,-2.466870069503784
1710533271205425963,-9.201664924621582,-0.9232800006866455,-2.446512460708618
1710533271222531704,-9.204059600830078,-0.8909472823143005,-2.4201672077178955
1710533271239235710,-9.156159400939941,-0.8837621808052063,-2.4908204078674316
1710533271268471742,-9.255553245544434,-0.8478369116783142,-2.4980053901672363
1710533271302470213,-9.272317886352539,-0.8574169874191284,-2.48722767829895
1710533271319032794,-9.254355430603027,-0.9148974418640137,-2.474055290222168
1710533271333800228,-9.232800483703613,-0.8945397734642029,-2.4584875106811523
1710533271365303612,-9.144184112548828,-0.9029223918914795,-2.4800426959991455
1710533271388608175,-9.166936874389648,-0.8358618021011353,-2.4812402725219727
1710533271426197943,-9.202862739562988,-0.8622070550918579,-2.475252628326416
1710533271458180553,-9.136999130249023,-0.8753796219825745,-2.4716601371765137
1710533271478612394,-9.15137004852295,-0.8789721727371216,-2.465672492980957
1710533271537714350,-9.177715301513672,-0.9328601360321045,-2.5087828636169434
1710533271560969703,-9.204059600830078,-0.8897497653961182,-2.4908204078674316
1710533271575579824,-9.208849906921387,-0.8873547315597534,-2.4776477813720703
1710533271596646397,-9.195677757263184,-0.8789721727371216,-2.493215322494507
1710533271662093028,-9.2112455368042,-0.8526269793510437,-2.463277578353882
1710533271689165273,-9.172924995422363,-0.8957372903823853,-2.5004003047943115
1710533271723217036,-9.207653045654297,-0.8669970631599426,-2.505190372467041
1710533271834092908,-9.202862739562988,-0.886157214641571,-2.5099804401397705
1710533271842485786,-9.202862739562988,-0.8753796219825745,-2.505190372467041
1710533271867455597,-9.205257415771484,-0.9232800006866455,-2.4980053901672363
1710533271894782990,-9.187294960021973,-0.8969348073005676,-2.495610237121582
1710533271924393446,-9.202862739562988,-0.8442443609237671,-2.4788451194763184
1710533271926480696,-9.159751892089844,-0.8598120212554932,-2.456092596054077
1710533271943212776,-9.232800483703613,-0.8574169874191284,-2.4477100372314453
1710533271957958930,-9.17052936553955,-0.8334667682647705,-2.463277578353882
1710533271989196589,-9.23519515991211,-0.8969348073005676,-2.5111780166625977
1710533271995441441,-9.150172233581543,-0.8873547315597534,-2.4908204078674316
1710533272006037220,-9.172924995422363,-0.89813232421875,-2.4908204078674316
1710533272041788717,-9.190887451171875,-0.8849596977233887,-2.474055290222168
1710533272094391640,-9.214838027954102,-0.8657995462417603,-2.5004003047943115
1710533272119733187,-9.17052936553955,-0.8406518697738647,-2.4692652225494385
1710533272128131710,-9.205257415771484,-0.8777746558189392,-2.493215322494507
1710533272159663201,-9.184900283813477,-0.856219470500946,-2.464475154876709
1710533272220808833,-9.210047721862793,-0.9220825433731079,-2.5087828636169434
1710533272243715811,-9.224417686462402,-0.9388476610183716,-2.513572931289673
1710533272250033798,-9.213640213012695,-0.9172924757003784,-2.506387948989868
1710533272264879785,-9.214838027954102,-0.9041198492050171,-2.5111780166625977
1710533272311282694,-9.210047721862793,-0.8598120212554932,-2.45489501953125
1710533272365761952,-9.176517486572266,-0.8813672065734863,-2.486030340194702
1710533272369656057,-9.188492774963379,-0.9005273580551147,-2.525547981262207
1710533272399092663,-9.2304048538208,-0.8789721727371216,-2.5195605754852295
1710533272464015391,-9.2304048538208,-0.868194580078125,-2.4584875106811523
1710533272489491933,-9.153764724731445,-0.856219470500946,-2.476450204849243
1710533272510474232,-9.255553245544434,-0.8490344285964966,-2.484832763671875
1710533272525273086,-9.133406639099121,-0.8717871308326721,-2.5099804401397705
1710533272552692949,-9.128617286682129,-0.8873547315597534,-2.4704625606536865
1710533272565224710,-9.201664924621582,-0.8837621808052063,-2.4716601371765137
1710533272579848354,-9.218430519104004,-0.8705896139144897,-2.4812402725219727
1710533272597005478,-9.212442398071289,-0.9136999249458313,-2.4896228313446045
1710533272636799010,-9.162147521972656,-0.9005273580551147,-2.494412899017334
1710533272661454794,-8.897497177124023,-0.8909472823143005,-2.466870069503784
1710533272678757532,-9.18370246887207,-0.8729846477508545,-2.48722767829895
1710533272697578843,-9.212442398071289,-0.8574169874191284,-2.48722767829895
1710533272716452210,-9.199270248413086,-0.8550219535827637,-2.4812402725219727
1710533272730922979,-9.196874618530273,-0.8729846477508545,-2.4680676460266113
1710533272748117138,-9.195677757263184,-0.928070068359375,-2.4704625606536865
1710533272773265327,-9.207653045654297,-0.928070068359375,-2.474055290222168
1710533272790089361,-9.176517486572266,-0.9089099168777466,-2.48722767829895
1710533272813094452,-9.177715301513672,-0.8442443609237671,-2.5207581520080566
1710533272849121921,-9.172924995422363,-0.8298742771148682,-2.506387948989868
1710533272880616569,-9.194479942321777,-0.8909472823143005,-2.424957275390625
1710533272926969905,-9.201664924621582,-0.9089099168777466,-2.4692652225494385
1710533272943790877,-9.196874618530273,-0.8933422565460205,-2.5303380489349365
1710533272979597744,-9.212442398071289,-0.8921447992324829,-2.4824378490448
1710533272989869846,-9.200467109680176,-0.8574169874191284,-2.472857713699341
1710533273006720087,-9.202862739562988,-0.8657995462417603,-2.4680676460266113
1710533273029983115,-9.199270248413086,-0.9172924757003784,-2.434537410736084
1710533273046497403,-9.199270248413086,-0.8897497653961182,-2.456092596054077
1710533273061188208,-9.229207992553711,-0.856219470500946,-2.5219554901123047
1710533273082541207,-9.207653045654297,-0.8430469036102295,-2.517165422439575
1710533273091521880,-9.176517486572266,-0.8430469036102295,-2.5075855255126953
1710533273105530750,-9.219627380371094,-0.8669970631599426,-2.466870069503784
1710533273120203902,-9.219627380371094,-0.8669970631599426,-2.466870069503784
1710533273151682341,-9.229207992553711,-0.9412426948547363,-2.4596850872039795
1710533273179018797,-9.20645523071289,-0.8789721727371216,-2.5399181842803955
1710533273218774607,-9.196874618530273,-0.8717871308326721,-2.5099804401397705
1710533273233615390,-9.214838027954102,-0.8753796219825745,-2.465672492980957
1710533273246039766,-9.200467109680176,-0.8634045124053955,-2.4608826637268066
1710533273248206558,-9.178912162780762,-0.8741821050643921,-2.4381299018859863
1710533273256536783,-9.192085266113281,-0.8646020293235779,-2.424957275390625
1710533273300495655,-9.194479942321777,-0.8622070550918579,-2.483635187149048
1710533273319535459,-9.177715301513672,-0.916094958782196,-2.524350643157959
1710533273357285800,-9.172924995422363,-0.9172924757003784,-2.503993034362793
1710533273365729610,-9.238787651062012,-0.8957372903823853,-2.4992029666900635
1710533273391027185,-9.20645523071289,-0.8214917182922363,-2.45489501953125
1710533273470507701,-9.187294960021973,-0.8119116425514221,-2.4884252548217773
1710533273478921592,-9.200467109680176,-0.9340575933456421,-2.494412899017334
1710533273487382523,-9.228010177612305,-0.9735754132270813,-2.486030340194702
1710533273504601551,-9.237590789794922,-0.9268725514411926,-2.5015978813171387
1710533273525101538,-9.2304048538208,-0.9292675852775574,-2.48722767829895
1710533273542023567,-9.172924995422363,-0.9113049507141113,-2.5183629989624023
1710533273548371837,-9.222023010253906,-0.8394543528556824,-2.4908204078674316
1710533273565078112,-9.176517486572266,-0.8705896139144897,-2.474055290222168
1710533273573474711,-9.176517486572266,-0.8705896139144897,-2.167492628097534
1710533273592360572,-9.226812362670898,-0.8574169874191284,-2.433339834213257
1710533273598671415,-9.150172233581543,-0.8514294624328613,-2.446512460708618
1710533273615256152,-9.23519515991211,-0.8693920969963074,-2.465672492980957
1710533273629766407,-9.164542198181152,-0.8765771389007568,-2.4824378490448
1710533273646697433,-9.168134689331055,-0.8825647234916687,-2.4812402725219727
1710533273673831276,-9.208849906921387,-0.868194580078125,-2.4980053901672363
1710533273690896334,-9.214838027954102,-0.9496252536773682,-2.495610237121582
1710533273714129543,-9.165740013122559,-0.9244775176048279,-2.4884252548217773
1710533273735275489,-9.201664924621582,-0.8933422565460205,-2.4908204078674316
1710533273768641920,-9.207653045654297,-0.820294201374054,-2.476450204849243
1710533273779000726,-9.202862739562988,-0.8226892352104187,-2.4704625606536865
1710533273833640465,-9.14657974243164,-0.9735754132270813,-2.512375593185425
1710533273864275846,-9.250762939453125,-0.9771679639816284,-2.524350643157959
1710533273867275470,-9.16094970703125,-0.868194580078125,-2.526745557785034
1710533273877897675,-9.174121856689453,-0.880169689655304,-2.512375593185425
1710533273907384772,-9.250762939453125,-0.8274792432785034,-2.457289934158325
1710533273921943058,-9.145381927490234,-0.8095166087150574,-2.433339834213257
1710533273966191014,-9.225615501403809,-0.8490344285964966,-2.414179801940918
1710533273995824096,-9.187294960021973,-0.9496252536773682,-2.533930778503418
1710533274025198710,-9.222023010253906,-1.0011181831359863,-2.4980053901672363
1710533274062289600,-9.200467109680176,-0.9220825433731079,-2.474055290222168
1710533274075422318,-9.195677757263184,-0.7975414991378784,-2.4824378490448
1710533274105099614,-9.187294960021973,-0.8059240579605103,-2.4501049518585205
1710533274117428614,-9.190887451171875,-0.868194580078125,-2.4477100372314453
1710533274134317440,-9.207653045654297,-0.8993298411369324,-2.444117546081543
1710533274161997839,-9.169332504272461,-0.9388476610183716,-2.4812402725219727
1710533274178498987,-9.214838027954102,-0.9508227705955505,-2.5291407108306885
1710533274197368251,-9.19807243347168,-0.9136999249458313,-2.513572931289673
1710533274226967869,-9.171727180480957,-0.8538244366645813,-2.4596850872039795
1710533274245576234,-9.207653045654297,-0.8717871308326721,-2.435734748840332
1710533274249833976,-9.205257415771484,-0.8897497653961182,-2.442919969558716
1710533274283534805,-9.196874618530273,-0.8813672065734863,-2.484832763671875
1710533274285766364,-9.192085266113281,-0.8897497653961182,-2.502795457839966
1710533274296287901,-9.200467109680176,-0.8933422565460205,-2.515968084335327
1710533274313071497,-9.201664924621582,-0.8490344285964966,-2.5279431343078613
1710533274333940667,-9.201664924621582,-0.8490344285964966,-2.5279431343078613
1710533274352933276,-9.180109977722168,-0.8909472823143005,-2.4776477813720703
1710533274361246990,-9.199270248413086,-0.9484277367591858,-2.433339834213257
1710533274386468755,-9.169332504272461,-0.9436376690864563,-2.463277578353882
1710533274399131062,-9.202862739562988,-0.9472302198410034,-2.5015978813171387
1710533274422063016,-9.212442398071289,-0.8442443609237671,-2.5075855255126953
1710533274464132030,-9.201664924621582,-0.8382568359375,-2.505190372467041
1710533274491515011,-9.194479942321777,-0.8622070550918579,-2.4608826637268066
1710533274499957751,-9.200467109680176,-0.8849596977233887,-2.474055290222168
1710533274516589225,-9.208849906921387,-0.8693920969963074,-2.4596850872039795
1710533274543991839,-9.20645523071289,-0.9376501441001892,-2.4980053901672363
1710533274566997488,-9.212442398071289,-0.928070068359375,-2.515968084335327
1710533274619704129,-9.208849906921387,-0.8454418778419495,-2.453697443008423
1710533274640715222,-9.187294960021973,-0.8059240579605103,-2.464475154876709
1710533274648875126,-9.225615501403809,-0.8059240579605103,-2.4501049518585205
1710533274674352705,-9.168134689331055,-0.8693920969963074,-2.4501049518585205
1710533274703693162,-9.210047721862793,-0.9388476610183716,-2.54231333732605
1710533274728925391,-8.903485298156738,-0.9053173661231995,-2.5411157608032227
1710533274769185106,-9.222023010253906,-0.9017248749732971,-2.506387948989868
1710533274794062407,-9.157357215881348,-0.8610095381736755,-2.4608826637268066
1710533274806437328,-9.159751892089844,-0.8885522484779358,-2.4513025283813477
1710533274827636069,-9.17531967163086,-0.8789721727371216,-2.503993034362793
1710533274861289164,-9.19807243347168,-0.9077123999595642,-2.54231333732605
1710533274875860654,-9.193282127380371,-0.8526269793510437,-2.517165422439575
1710533274911547613,-9.168134689331055,-0.8657995462417603,-2.4896228313446045
1710533274957854014,-9.255553245544434,-0.8873547315597534,-2.444117546081543
1710533275004186599,-9.231602668762207,-0.8394543528556824,-2.555485725402832
1710533275054777203,-9.213640213012695,-0.9304651021957397,-2.452500104904175
1710533275075499599,-9.199270248413086,-0.8933422565460205,-2.4776477813720703
1710533275111269224,-9.17052936553955,-0.8777746558189392,-2.4884252548217773
1710533275136774181,-9.176517486572266,-0.8226892352104187,-2.494412899017334
1710533275157481354,-9.236392974853516,-0.886157214641571,-2.466870069503784
1710533275182738040,-9.139394760131836,-0.8657995462417603,-2.483635187149048
1710533275191053197,-9.17052936553955,-0.8849596977233887,-2.5075855255126953
1710533275206016620,-9.226812362670898,-0.928070068359375,-2.502795457839966
1710533275254295829,-9.225615501403809,-0.9388476610183716,-2.484832763671875
1710533275287956631,-9.2112455368042,-0.8107141256332397,-2.442919969558716
1710533275310908084,-9.200467109680176,-0.9113049507141113,-2.494412899017334
1710533275340967554,-9.169332504272461,-0.9639953374862671,-2.523153066635132
1710533275348694338,-9.177715301513672,-0.9843530058860779,-2.536325693130493
1710533275390952405,-9.195677757263184,-0.9304651021957397,-2.5291407108306885
1710533275397071112,-9.195677757263184,-0.9065148830413818,-2.5147705078125
1710533275422461308,-9.194479942321777,-0.7807763814926147,-2.4489073753356934
1710533275472524734,-9.226812362670898,-0.796343982219696,-2.412982225418091
1710533275480860144,-9.172924995422363,-0.8837621808052063,-2.4620800018310547
1710533275497652346,-9.194479942321777,-1.0106981992721558,-2.4800426959991455
1710533275558772456,-9.2112455368042,-0.8059240579605103,-2.5015978813171387
1710533275596522658,-9.194479942321777,-0.856219470500946,-2.3986120223999023
1710533275625935366,-9.172924995422363,-0.9184899926185608,-2.446512460708618
1710533275632178996,-9.172924995422363,-0.9184899926185608,-2.446512460708618
1710533275640668403,-9.202862739562988,-0.946032702922821,-2.4884252548217773
1710533275665236463,-9.205257415771484,-0.9376501441001892,-2.5375232696533203
1710533275687002414,-9.2304048538208,-0.9244775176048279,-2.5087828636169434
1710533275693208842,-9.187294960021973,-0.9017248749732971,-2.503993034362793
1710533275724811922,-9.190887451171875,-0.9136999249458313,-2.4692652225494385
1710533275731146277,-9.2208251953125,-0.8837621808052063,-2.466870069503784
1710533275760486089,-9.202862739562988,-0.8406518697738647,-2.4201672077178955
1710533275796263567,-9.188492774963379,-0.89813232421875,-2.494412899017334
1710533275817158009,-9.17052936553955,-0.8921447992324829,-2.503993034362793
1710533275834400034,-9.207653045654297,-0.9065148830413818,-2.4980053901672363
1710533275851105158,-9.17531967163086,-0.8897497653961182,-2.4680676460266113
1710533275941955124,-9.195677757263184,-0.880169689655304,-2.5015978813171387
1710533275968982026,-9.195677757263184,-0.8849596977233887,-2.484832763671875
1710533275977366706,-9.192085266113281,-0.8873547315597534,-2.4812402725219727
1710533276002679980,-9.201664924621582,-0.8646020293235779,-2.4596850872039795
1710533276036407190,-9.186097145080566,-0.9065148830413818,-2.466870069503784
1710533276047027121,-9.200467109680176,-0.946032702922821,-2.493215322494507
1710533276090978976,-9.241183280944824,-0.8909472823143005,-2.5015978813171387
1710533276125042570,-9.193282127380371,-0.8382568359375,-2.4513025283813477
1710533276141163014,-9.222023010253906,-0.8586145043373108,-2.452500104904175
1710533276156167803,-9.195677757263184,-0.8478369116783142,-2.445314884185791
1710533276187800525,-9.18370246887207,-0.8238866925239563,-2.456092596054077
1710533276208521940,-9.200467109680176,-0.910107433795929,-2.4896228313446045
1710533276214939964,-9.17531967163086,-0.9939330816268921,-2.5015978813171387
1710533276223301273,-9.195677757263184,-0.9771679639816284,-2.5099804401397705
1710533276240013381,-9.194479942321777,-0.9532177448272705,-2.5219554901123047
1710533276264324830,-9.19807243347168,-0.9532177448272705,-2.532733201980591
1710533276275679282,-9.205257415771484,-0.9316626191139221,-2.533930778503418
1710533276300834640,-9.205257415771484,-0.856219470500946,-2.415377140045166
1710533276319755594,-9.174121856689453,-0.868194580078125,-2.433339834213257
1710533276328173766,-9.152566909790039,-0.8885522484779358,-2.445314884185791
1710533276332550967,-9.193282127380371,-0.910107433795929,-2.4596850872039795
1710533276345026314,-9.16094970703125,-0.9065148830413818,-2.503993034362793
1710533276397702314,-9.181307792663574,-0.8657995462417603,-2.5147705078125
1710533276423955398,-9.208849906921387,-0.9136999249458313,-2.466870069503784
1710533276424979350,-9.199270248413086,-0.89813232421875,-2.4489073753356934
1710533276465111491,-9.205257415771484,-0.8693920969963074,-2.4477100372314453
1710533276479618175,-9.181307792663574,-0.8622070550918579,-2.4716601371765137
1710533276509014134,-9.208849906921387,-0.8382568359375,-2.5219554901123047
1710533276521625635,-9.196874618530273,-0.8957372903823853,-2.502795457839966
1710533276540574862,-9.176517486572266,-0.9376501441001892,-2.476450204849243
1710533276563796511,-9.172924995422363,-0.9352551102638245,-2.4596850872039795
1710533276593193757,-9.212442398071289,-0.9532177448272705,-2.486030340194702
1710533276616402660,-9.188492774963379,-0.9053173661231995,-2.515968084335327
1710533276628907395,-9.17052936553955,-0.8035290241241455,-2.5099804401397705
1710533276662316091,-9.214838027954102,-0.8753796219825745,-2.4608826637268066
1710533276689879564,-9.186097145080566,-0.9053173661231995,-2.45489501953125
1710533276710832547,-9.192085266113281,-0.8885522484779358,-2.494412899017334
1710533276727614351,-9.192085266113281,-0.8885522484779358,-2.494412899017334
1710533276778063078,-9.177715301513672,-0.9172924757003784,-2.496807813644409
1710533276795024774,-9.196874618530273,-0.9220825433731079,-2.4716601371765137
1710533276824383965,-9.171727180480957,-0.8969348073005676,-2.4788451194763184
1710533276832739036,-9.213640213012695,-0.8322693109512329,-2.486030340194702
1710533276847381116,-9.17052936553955,-0.8789721727371216,-2.45489501953125
1710533276864488108,-9.205257415771484,-0.9196875095367432,-2.4716601371765137
1710533276878957858,-9.188492774963379,-0.9256750345230103,-2.4608826637268066
1710533276923127088,-9.201664924621582,-0.8849596977233887,-2.505190372467041
1710533276938013867,-9.210047721862793,-0.8586145043373108,-2.5004003047943115
1710533276964979856,-9.168134689331055,-0.9268725514411926,-2.4824378490448
1710533276996705847,-9.196874618530273,-0.940045177936554,-2.484832763671875
1710533277020003270,-9.214838027954102,-0.8669970631599426,-2.4884252548217773
1710533277032475339,-9.222023010253906,-0.8729846477508545,-2.4800426959991455
1710533277062499625,-9.196874618530273,-0.9089099168777466,-2.5087828636169434
1710533277062568631,-9.231602668762207,-0.8095166087150574,-2.5195605754852295
1710533277087067426,-9.194479942321777,-0.9005273580551147,-2.4608826637268066
1710533277110402121,-9.208849906921387,-0.9053173661231995,-2.4093897342681885
1710533277156644567,-9.104666709899902,-0.928070068359375,-2.5195605754852295
1710533277165041255,-9.132209777832031,-0.7915539741516113,-2.536325693130493
1710533277184033092,-9.199270248413086,-0.8035290241241455,-2.526745557785034
1710533277244946676,-9.190887451171875,-0.9580078125,-2.405797004699707
1710533277267865240,-9.16094970703125,-0.9089099168777466,-2.512375593185425
1710533277278441655,-9.232800483703613,-0.9136999249458313,-2.5387206077575684
1710533277297140111,-9.196874618530273,-0.8777746558189392,-2.5483007431030273
1710533277326796130,-9.188492774963379,-0.8669970631599426,-2.5483007431030273
1710533277337335657,-9.202862739562988,-0.8933422565460205,-2.465672492980957
1710533277375119339,-9.189689636230469,-0.8705896139144897,-2.453697443008423
1710533277402635953,-9.187294960021973,-0.8825647234916687,-2.5183629989624023
1710533277417146168,-9.181307792663574,-0.8993298411369324,-2.5087828636169434
1710533277433896403,-9.216034889221191,-0.9184899926185608,-2.5303380489349365
1710533277475723697,-9.226812362670898,-0.9113049507141113,-2.4680676460266113
1710533277513455114,-9.205257415771484,-0.9136999249458313,-2.476450204849243
1710533277530148049,-9.205257415771484,-0.916094958782196,-2.503993034362793
1710533277549215806,-9.195677757263184,-0.8969348073005676,-2.503993034362793
1710533277576720094,-9.224417686462402,-0.9220825433731079,-2.505190372467041
1710533277578698710,-9.201664924621582,-0.8969348073005676,-2.496807813644409
1710533277612512002,-9.169332504272461,-0.8837621808052063,-2.446512460708618
1710533277635386396,-9.195677757263184,-0.9316626191139221,-2.4513025283813477
1710533277652028972,-9.207653045654297,-0.8789721727371216,-2.446512460708618
1710533277692041352,-9.217232704162598,-0.9376501441001892,-2.48722767829895
1710533277755951288,-9.190887451171875,-0.8406518697738647,-2.45489501953125
1710533277829109521,-9.174121856689453,-0.9232800006866455,-2.474055290222168
1710533277940535030,-9.154962539672852,-0.8693920969963074,-2.476450204849243
1710533277966099660,-9.181307792663574,-0.8933422565460205,-2.496807813644409
1710533277988842459,-9.223219871520996,-0.9592053294181824,-2.5147705078125
1710533278003717963,-9.177715301513672,-0.8945397734642029,-2.5087828636169434
1710533278018375808,-9.177715301513672,-0.8945397734642029,-2.5087828636169434
1710533278039357749,-9.142987251281738,-0.8825647234916687,-2.4513025283813477
1710533278070887019,-9.181307792663574,-0.9077123999595642,-2.463277578353882
1710533278085646800,-9.194479942321777,-0.89813232421875,-2.463277578353882
1710533278108842465,-9.223219871520996,-0.8957372903823853,-2.4812402725219727
1710533278115084508,-9.205257415771484,-0.8933422565460205,-2.515968084335327
1710533278138308681,-9.232800483703613,-0.868194580078125,-2.5147705078125
1710533278155231160,-9.17052936553955,-0.856219470500946,-2.4776477813720703
1710533278190866714,-9.213640213012695,-0.916094958782196,-2.4393274784088135
1710533278213874687,-9.16094970703125,-0.9256750345230103,-2.457289934158325
1710533278232719050,-9.195677757263184,-0.9436376690864563,-2.4980053901672363
1710533278263499254,-9.180109977722168,-0.8897497653961182,-2.525547981262207
1710533278280811058,-9.226812362670898,-0.8634045124053955,-2.523153066635132
1710533278295697976,-9.207653045654297,-0.8418493866920471,-2.456092596054077
1710533278331524920,-9.205257415771484,-0.8897497653961182,-2.442919969558716
1710533278392522028,-9.233997344970703,-0.8945397734642029,-2.513572931289673
1710533278407253462,-9.178912162780762,-0.886157214641571,-2.503993034362793
1710533278438659480,-9.226812362670898,-0.89813232421875,-2.4608826637268066
1710533278476345708,-9.23519515991211,-0.856219470500946,-2.456092596054077
1710533278505906262,-9.214838027954102,-0.9136999249458313,-2.4992029666900635
1710533278514292211,-9.177715301513672,-0.9125024676322937,-2.4980053901672363
1710533278531104701,-9.172924995422363,-0.9292675852775574,-2.5207581520080566
1710533278535302529,-9.231602668762207,-0.8837621808052063,-2.4980053901672363
1710533278562647199,-9.205257415771484,-0.8622070550918579,-2.4608826637268066
1710533278573133504,-9.208849906921387,-0.8586145043373108,-2.4620800018310547
1710533278602945850,-9.162147521972656,-0.9077123999595642,-2.4584875106811523
1710533278626059283,-9.188492774963379,-0.9268725514411926,-2.4692652225494385
1710533278676240036,-9.19807243347168,-0.9017248749732971,-2.493215322494507
1710533278690864034,-9.222023010253906,-0.8514294624328613,-2.5004003047943115
1710533278730897010,-9.172924995422363,-0.8646020293235779,-2.4608826637268066
1710533278737196760,-9.213640213012695,-0.916094958782196,-2.45489501953125
1710533278764570121,-9.231602668762207,-1.0214757919311523,-2.495610237121582
1710533278773457076,-9.19807243347168,-0.9520202875137329,-2.535128116607666
1710533278819150370,-9.165740013122559,-0.8921447992324829,-2.545905828475952
1710533278842383206,-9.237590789794922,-0.8813672065734863,-2.426154851913452
1710533278848605449,-9.208849906921387,-0.8753796219825745,-2.403402090072632
1710533278886105475,-9.147777557373047,-0.8729846477508545,-2.4177722930908203
1710533278970963283,-9.201664924621582,-0.9136999249458313,-2.5004003047943115
1710533279045872683,-9.210047721862793,-0.8885522484779358,-2.486030340194702
1710533279054394317,-9.189689636230469,-0.9017248749732971,-2.48722767829895
1710533279075076229,-9.174121856689453,-0.9172924757003784,-2.512375593185425
1710533279077292774,-9.192085266113281,-0.9424402117729187,-2.5147705078125
1710533279088145187,-9.219627380371094,-0.9472302198410034,-2.506387948989868
1710533279106982661,-9.166936874389648,-0.8813672065734863,-2.483635187149048
1710533279165680895,-9.208849906921387,-0.9017248749732971,-2.465672492980957
1710533279186906033,-9.184900283813477,-0.9029223918914795,-2.4692652225494385
1710533279203582462,-9.225615501403809,-0.8610095381736755,-2.4908204078674316
1710533279241298878,-9.226812362670898,-0.8610095381736755,-2.476450204849243
1710533279265931542,-9.174121856689453,-0.946032702922821,-2.4680676460266113
1710533279291467878,-9.16094970703125,-0.9951305985450745,-2.445314884185791
1710533279320931581,-9.233997344970703,-0.946032702922821,-2.544708251953125
1710533279350563173,-9.184900283813477,-0.8741821050643921,-2.502795457839966
1710533279375916795,-9.213640213012695,-0.7891589403152466,-2.4489073753356934
1710533279386474025,-9.231602668762207,-0.8382568359375,-2.4117846488952637
1710533279411627421,-9.163344383239746,-0.8813672065734863,-2.4501049518585205
1710533279415743903,-9.194479942321777,-0.9304651021957397,-2.4477100372314453
1710533279433108720,-9.219627380371094,-0.9316626191139221,-2.4908204078674316
1710533279459840990,-9.187294960021973,-0.928070068359375,-2.54231333732605
1710533279491321044,-9.174121856689453,-0.9424402117729187,-2.5411157608032227
1710533279514723225,-9.212442398071289,-0.8741821050643921,-2.4800426959991455
1710533279560810303,-9.210047721862793,-0.8334667682647705,-2.453697443008423
1710533279568930728,-9.181307792663574,-0.8526269793510437,-2.4596850872039795
1710533279608856323,-9.195677757263184,-0.8837621808052063,-2.474055290222168
1710533279613045978,-9.204059600830078,-0.9208850264549255,-2.494412899017334
1710533279648618967,-9.213640213012695,-0.969982922077179,-2.494412899017334
1710533279764043070,-9.20645523071289,-0.8849596977233887,-2.463277578353882
1710533279787153760,-9.196874618530273,-0.8693920969963074,-2.4908204078674316
1710533279803990929,-9.165740013122559,-0.9687854051589966,-2.4812402725219727
1710533279833239161,-9.132209777832031,-0.9268725514411926,-2.4501049518585205
1710533279870821670,-9.201664924621582,-1.0059082508087158,-2.4908204078674316
1710533279883487519,-9.126221656799316,-0.8346642851829529,-2.524350643157959
1710533279919158735,-9.140591621398926,-0.8322693109512329,-2.503993034362793
1710533279946606399,-9.229207992553711,-0.8837621808052063,-2.4584875106811523
1710533279967682872,-9.212442398071289,-0.9005273580551147,-2.4273521900177
1710533279980236419,-9.163344383239746,-0.9783654808998108,-2.4680676460266113
1710533280009588811,-9.204059600830078,-0.9520202875137329,-2.5411157608032227
1710533280028579558,-9.177715301513672,-0.9424402117729187,-2.5303380489349365
1710533280078918892,-9.181307792663574,-0.8466393947601318,-2.4788451194763184
1710533280089250717,-9.178912162780762,-0.8550219535827637,-2.444117546081543
1710533280110495369,-9.172924995422363,-0.8849596977233887,-2.4393274784088135
1710533280139814904,-9.190887451171875,-0.9424402117729187,-2.513572931289673
1710533280163904047,-9.182504653930664,-0.9328601360321045,-2.543510675430298
1710533280192773885,-9.17531967163086,-0.880169689655304,-2.4584875106811523
1710533280205376161,-9.186097145080566,-0.9041198492050171,-2.442919969558716
1710533280232745742,-9.202862739562988,-0.9220825433731079,-2.436932325363159
1710533280265951345,-9.212442398071289,-0.856219470500946,-2.4680676460266113
1710533280282999077,-9.225615501403809,-0.8634045124053955,-2.472857713699341
1710533280306227759,-9.205257415771484,-0.8921447992324829,-2.4908204078674316
1710533280331412313,-9.189689636230469,-0.9077123999595642,-2.502795457839966
1710533280379717093,-9.200467109680176,-0.9903405904769897,-2.4285497665405273
1710533280388143410,-9.153764724731445,-0.9639953374862671,-2.486030340194702
1710533280402685637,-9.19807243347168,-0.9592053294181824,-2.5111780166625977
1710533280423604747,-9.237590789794922,-0.9232800006866455,-2.5075855255126953
1710533280428005674,-9.201664924621582,-0.8693920969963074,-2.5279431343078613
1710533280440421934,-9.184900283813477,-0.826281726360321,-2.464475154876709
1710533280492920983,-9.162147521972656,-0.8634045124053955,-2.464475154876709
1710533280507622799,-9.19807243347168,-0.9077123999595642,-2.4477100372314453
1710533280521135213,-9.17052936553955,-0.8610095381736755,-2.4417223930358887
1710533280545726282,-9.207653045654297,-0.9376501441001892,-2.5207581520080566
1710533280581401741,-9.237590789794922,-0.9424402117729187,-2.496807813644409
1710533280612988664,-9.231602668762207,-0.8849596977233887,-2.463277578353882
1710533280665323818,-9.174121856689453,-0.8622070550918579,-2.4680676460266113
1710533280732913087,-9.202862739562988,-0.9484277367591858,-2.486030340194702
1710533280785221246,-9.177715301513672,-0.8646020293235779,-2.48722767829895
1710533280812456301,-9.214838027954102,-0.8909472823143005,-2.4716601371765137
1710533280843956509,-9.192085266113281,-0.8442443609237671,-2.466870069503784
1710533280852537296,-9.196874618530273,-0.8634045124053955,-2.475252628326416
1710533280864174717,-9.202862739562988,-0.8765771389007568,-2.494412899017334
1710533280879789202,-9.190887451171875,-0.8969348073005676,-2.452500104904175
1710533280913365799,-9.200467109680176,-1.0106981992721558,-2.494412899017334
1710533280919736542,-9.19807243347168,-1.0047106742858887,-2.4920177459716797
1710533280942811449,-9.190887451171875,-1.0298583507537842,-2.495610237121582
1710533280951229257,-9.181307792663574,-1.011895775794983,-2.495610237121582
1710533281001753495,-9.142987251281738,-0.8190966844558716,-2.4381299018859863
1710533281081551906,-9.237590789794922,-0.9855505228042603,-2.5004003047943115
1710533281106741673,-9.163344383239746,-0.9568102955818176,-2.5399181842803955
1710533281167545860,-9.232800483703613,-0.856219470500946,-2.4513025283813477
1710533281174057381,-9.193282127380371,-0.7927514910697937,-2.4920177459716797
1710533281203271137,-9.184900283813477,-0.8550219535827637,-2.4716601371765137
1710533281263648685,-9.189689636230469,-0.9843530058860779,-2.4980053901672363
1710533281294062208,-9.204059600830078,-0.9304651021957397,-2.4992029666900635
1710533281337824609,-9.205257415771484,-0.8753796219825745,-2.472857713699341
1710533281413541236,-9.199270248413086,-0.8693920969963074,-2.463277578353882
1710533281417690414,-9.189689636230469,-0.8825647234916687,-2.493215322494507
1710533281428339411,-9.19807243347168,-0.9304651021957397,-2.48722767829895
1710533281443024240,-9.181307792663574,-1.0095007419586182,-2.476450204849243
1710533281462558813,-9.217232704162598,-1.0166858434677124,-2.506387948989868
1710533281504105390,-9.189689636230469,-0.9604028463363647,-2.4704625606536865
1710533281539859827,-9.177715301513672,-0.8657995462417603,-2.465672492980957
1710533281548068621,-8.909472465515137,-0.796343982219696,-2.505190372467041
1710533281564977789,-9.181307792663574,-0.8957372903823853,-2.456092596054077
1710533281602855045,-9.2208251953125,-0.8969348073005676,-2.4596850872039795
1710533281617488936,-9.162147521972656,-0.9053173661231995,-2.476450204849243
1710533281625727512,-9.237590789794922,-1.0011181831359863,-2.493215322494507
1710533281653099984,-9.159751892089844,-0.9663903713226318,-2.503993034362793
1710533281669729388,-9.169332504272461,-0.8705896139144897,-2.4788451194763184
1710533281686519492,-9.174121856689453,-0.8550219535827637,-2.456092596054077
1710533281707646106,-9.188492774963379,-0.8646020293235779,-2.463277578353882
1710533281720287639,-9.19807243347168,-0.8586145043373108,-2.4776477813720703
1710533281747696910,-9.196874618530273,-0.8634045124053955,-2.4680676460266113
1710533281760171261,-9.181307792663574,-0.9065148830413818,-2.4788451194763184
1710533281777018737,-9.195677757263184,-0.9256750345230103,-2.4992029666900635
1710533281798172911,-9.168134689331055,-0.9041198492050171,-2.502795457839966
1710533281825520501,-9.195677757263184,-0.9568102955818176,-2.4980053901672363
1710533281836075501,-9.19807243347168,-0.9532177448272705,-2.472857713699341
1710533281865380407,-9.205257415771484,-0.9364526271820068,-2.4692652225494385
1710533281953803451,-9.196874618530273,-0.9017248749732971,-2.4596850872039795
1710533281960078710,-9.19807243347168,-0.910107433795929,-2.4884252548217773
1710533281991732658,-9.164542198181152,-0.9795629978179932,-2.484832763671875
1710533282012710027,-9.236392974853516,-0.999920666217804,-2.4692652225494385
1710533282021019233,-9.18370246887207,-0.9735754132270813,-2.475252628326416
1710533282042043971,-9.23519515991211,-0.9675878882408142,-2.5195605754852295
1710533282067333823,-9.471104621887207,-0.7759863138198853,-2.493215322494507
1710533282098644659,-9.212442398071289,-0.8155041337013245,-2.446512460708618
1710533282137180951,-9.210047721862793,-0.8430469036102295,-2.446512460708618
1710533282142876617,-9.186097145080566,-0.8574169874191284,-2.435734748840332
1710533282195485609,-9.190887451171875,-1.011895775794983,-2.5087828636169434
1710533282203692171,-9.188492774963379,-0.9939330816268921,-2.5087828636169434
1710533282212225321,-9.202862739562988,-0.9484277367591858,-2.5111780166625977
1710533282239147316,-9.171727180480957,-0.856219470500946,-2.5087828636169434
1710533282314680677,-9.204059600830078,-0.8909472823143005,-2.3986120223999023
1710533282325108107,-9.194479942321777,-0.9292675852775574,-2.4297473430633545
1710533282350496317,-9.207653045654297,-0.9723779559135437,-2.553090810775757
1710533282358992081,-9.172924995422363,-0.9616003632545471,-2.5506958961486816
1710533282386353733,-9.200467109680176,-0.9891430735588074,-2.503993034362793
1710533282405162892,-9.169332504272461,-0.8598120212554932,-2.4800426959991455
1710533282422009935,-9.187294960021973,-0.8155041337013245,-2.4501049518585205
1710533282449306867,-9.201664924621582,-0.796343982219696,-2.403402090072632
1710533282472218261,-9.205257415771484,-0.7927514910697937,-2.3878345489501953
1710533282516750592,-9.195677757263184,-0.9292675852775574,-2.5602757930755615
1710533282525088403,-9.192085266113281,-0.9651928544044495,-2.5471031665802
1710533282535369808,-9.202862739562988,-1.123264193534851,-2.513572931289673
1710533282558716509,-9.13819694519043,-1.0406359434127808,-2.5111780166625977
1710533282579767056,-9.2304048538208,-0.975970447063446,-2.457289934158325
1710533282594608952,-8.902287483215332,-0.7951464653015137,-2.4321422576904297
1710533282607055346,-9.184900283813477,-0.7149133086204529,-2.4393274784088135
1710533282628253607,-9.238787651062012,-0.6921606659889221,-2.4093897342681885
1710533282642779368,-9.172924995422363,-0.7520361542701721,-2.463277578353882
1710533282661209619,-9.241183280944824,-0.7807763814926147,-2.45489501953125
1710533282672768247,-9.196874618530273,-0.8178991675376892,-2.446512460708618
1710533282691048974,-9.159751892089844,-0.8813672065734863,-2.465672492980957
1710533282701654109,-9.182504653930664,-1.0645861625671387,-2.5147705078125
1710533282716201536,-9.168134689331055,-1.0777587890625,-2.4776477813720703
1710533282737336303,-9.19807243347168,-1.0825488567352295,-2.4776477813720703
1710533282743740843,-9.166936874389648,-1.0609936714172363,-2.486030340194702
1710533282775265483,-9.210047721862793,-0.850231945514679,-2.484832763671875
1710533282792035559,-9.20645523071289,-0.8226892352104187,-2.474055290222168
1710533282834106037,-9.20645523071289,-0.7951464653015137,-2.494412899017334
1710533282892972008,-9.162147521972656,-1.0466235876083374,-2.4393274784088135
1710533282901105714,-9.17052936553955,-1.0657837390899658,-2.4584875106811523
1710533282924420271,-9.18370246887207,-1.0106981992721558,-2.4980053901672363
1710533282973046726,-9.187294960021973,-0.8634045124053955,-2.532733201980591
1710533282975050753,-9.210047721862793,-0.8190966844558716,-2.5315356254577637
1710533282987592732,-9.2304048538208,-0.7556286454200745,-2.4716601371765137
1710533283025397587,-9.199270248413086,-0.7975414991378784,-2.3914270401000977
1710533283050657100,-9.188492774963379,-0.9328601360321045,-2.495610237121582
1710533283084363376,-9.188492774963379,-0.9651928544044495,-2.506387948989868
1710533283147335536,-9.274713516235352,-0.7759863138198853,-2.404599666595459
1710533283155986884,-9.19807243347168,-0.6394702196121216,-2.3495142459869385
1710533283176799305,-9.253157615661621,-0.7161108255386353,-2.344724178314209
1710533283200124230,-9.180109977722168,-0.8214917182922363,-2.423759698867798
1710533283217017304,-9.208849906921387,-0.8622070550918579,-2.496807813644409
1710533283231470150,-9.237590789794922,-1.203497290611267,-2.523153066635132
1710533283262887169,-9.20645523071289,-1.0705736875534058,-2.555485725402832
1710533283288448312,-9.157357215881348,-1.117276668548584,-2.523153066635132
1710533283309533672,-9.210047721862793,-1.047821044921875,-2.4680676460266113
1710533283336696089,-9.217232704162598,-0.7520361542701721,-2.4201672077178955
1710533283366385672,-9.218430519104004,-0.7328760027885437,-2.7590625286102295
1710533283442253036,-9.181307792663574,-1.0969189405441284,-2.505190372467041
1710533283511671275,-9.188492774963379,-1.0071057081222534,-2.494412899017334
1710533283522019744,-9.214838027954102,-0.7999365329742432,-2.505190372467041
1710533283536900428,-9.231602668762207,-0.7496411204338074,-2.4022045135498047
1710533283553728432,-9.231602668762207,-0.7496411204338074,-2.4022045135498047
1710533283568284041,-9.186097145080566,-0.7508386373519897,-2.416574716567993
1710533283615046380,-9.176517486572266,-0.9568102955818176,-2.523153066635132
1710533283635574126,-9.163344383239746,-1.1041040420532227,-2.5483007431030273
1710533283650076390,-9.187294960021973,-1.1807446479797363,-2.5494983196258545
1710533283662916162,-9.192085266113281,-1.1100915670394897,-2.513572931289673
1710533283711373574,-9.208849906921387,-0.8298742771148682,-2.4117846488952637
1710533283769878312,-9.232800483703613,-0.8753796219825745,-2.5015978813171387
1710533283822429763,-9.196874618530273,-1.0729687213897705,-2.554288387298584
1710533283824561295,-9.186097145080566,-1.1160790920257568,-2.5602757930755615
1710533283855969285,-9.181307792663574,-1.0394384860992432,-2.5087828636169434
1710533283877146626,-9.219627380371094,-0.8442443609237671,-2.3914270401000977
1710533283927332722,-9.2112455368042,-0.77838134765625,-2.4620800018310547
1710533283948467708,-9.196874618530273,-0.9256750345230103,-2.4776477813720703
1710533283952656485,-9.188492774963379,-0.9867480397224426,-2.4824378490448
1710533283996720671,-9.20645523071289,-1.1041040420532227,-2.5099804401397705
1710533284017849662,-9.168134689331055,-1.0394384860992432,-2.495610237121582
1710533284032493621,-9.204059600830078,-0.8598120212554932,-2.523153066635132
1710533284055519454,-9.169332504272461,-0.7891589403152466,-2.523153066635132
1710533284076371522,-9.199270248413086,-0.760418713092804,-2.5219554901123047
1710533284093196943,-9.19807243347168,-0.7879614233970642,-2.424957275390625
1710533284126910699,-9.174121856689453,-0.9604028463363647,-2.445314884185791
1710533284166885948,-9.201664924621582,-0.9843530058860779,-2.475252628326416
1710533284215113948,-9.171727180480957,-0.9663903713226318,-2.5387206077575684
1710533284242431801,-9.163344383239746,-0.7652087211608887,-2.474055290222168
1710533284280745884,-9.194479942321777,-0.7149133086204529,-2.39501953125
1710533284355810807,-9.178912162780762,-1.0969189405441284,-2.5794360637664795
1710533284379082765,-9.194479942321777,-1.0693762302398682,-2.5674610137939453
1710533284393574646,-9.19807243347168,-1.057401180267334,-2.556683301925659
1710533284402021255,-9.495055198669434,-0.9448351860046387,-2.4920177459716797
1710533284418740557,-9.208849906921387,-0.8370593190193176,-2.426154851913452
1710533284443907428,-9.20645523071289,-0.7544311285018921,-2.4177722930908203
1710533284483668271,-9.207653045654297,-0.8035290241241455,-2.476450204849243
1710533284517649873,-9.213640213012695,-0.9675878882408142,-2.5291407108306885
1710533284519719391,-9.172924995422363,-1.0106981992721558,-2.535128116607666
1710533284524151261,-9.17052936553955,-1.0502160787582397,-2.532733201980591
1710533284549260485,-9.194479942321777,-1.0394384860992432,-2.4980053901672363
1710533284563927594,-9.196874618530273,-0.987945556640625,-2.4824378490448
1710533284578522237,-9.171727180480957,-0.9472302198410034,-2.463277578353882
1710533284597197468,-9.214838027954102,-0.8610095381736755,-2.4716601371765137
1710533284639529046,-9.177715301513672,-0.7424560785293579,-2.4393274784088135
1710533284663026532,-9.229207992553711,-0.760418713092804,-2.4105870723724365
1710533284677106730,-9.222023010253906,-0.9328601360321045,-2.4980053901672363
1710533284700703544,-9.172924995422363,-0.9556127786636353,-2.5075855255126953
1710533284721671258,-9.207653045654297,-1.1591894626617432,-2.5375232696533203
1710533284828918855,-9.199270248413086,-0.6490502953529358,-2.4010071754455566
1710533284845614110,-9.239985466003418,-0.8394543528556824,-2.42256236076355
1710533284870853089,-9.163344383239746,-0.9136999249458313,-2.503993034362793
1710533284887772690,-9.2208251953125,-1.063388705253601,-2.513572931289673
1710533284904912933,-9.157357215881348,-1.1196715831756592,-2.524350643157959
1710533284952897478,-9.152566909790039,-0.8885522484779358,-2.434537410736084
1710533284986525522,-9.189689636230469,-0.7101233005523682,-2.4788451194763184
1710533285015933196,-9.232800483703613,-0.7161108255386353,-2.533930778503418
1710533285026221655,-9.204059600830078,-0.8598120212554932,-2.5411157608032227
1710533285064592068,-9.16094970703125,-1.023870825767517,-2.496807813644409
1710533285114667430,-9.205257415771484,-0.9891430735588074,-2.4716601371765137
1710533285133509151,-9.216034889221191,-0.9268725514411926,-2.475252628326416
1710533285230095816,-9.192085266113281,-0.9711804389953613,-2.4824378490448
1710533285253135341,-9.165740013122559,-1.1424243450164795,-2.562670946121216
1710533285293258519,-9.135802268981934,-0.9951305985450745,-2.5602757930755615
1710533285322701832,-9.229207992553711,-0.8993298411369324,-2.5111780166625977
1710533285337337896,-9.196874618530273,-0.8370593190193176,-2.434537410736084
1710533285346141402,-9.200467109680176,-0.6897656321525574,-2.386636972427368
1710533285360636018,-9.18370246887207,-0.6741979718208313,-2.36747670173645
1710533285367074548,-9.2112455368042,-0.6981481909751892,-2.3722667694091797
1710533285381620007,-9.205257415771484,-0.8837621808052063,-2.4285497665405273
1710533285392240168,-9.178912162780762,-0.8969348073005676,-2.4381299018859863
1710533285421649744,-9.176517486572266,-0.9711804389953613,-2.5075855255126953
1710533285462235527,-9.15137004852295,-0.9903405904769897,-2.525547981262207
1710533285469887477,-9.188492774963379,-1.0142908096313477,-2.475252628326416
1710533285503865278,-9.210047721862793,-0.9663903713226318,-2.4513025283813477
1710533285564859724,-9.181307792663574,-0.7927514910697937,-2.494412899017334
1710533285619503758,-9.210047721862793,-1.0190807580947876,-2.453697443008423
1710533285629996045,-9.186097145080566,-1.0514135360717773,-2.4584875106811523
1710533285741068414,-9.226812362670898,-0.7867639064788818,-2.4513025283813477
1710533285766417471,-8.901089668273926,-0.8095166087150574,-2.4189696311950684
1710533285779438709,-9.200467109680176,-0.9675878882408142,-2.4608826637268066
1710533285787421816,-9.159751892089844,-0.9388476610183716,-2.5387206077575684
1710533285798087446,-9.169332504272461,-1.087338924407959,-2.5279431343078613
1710533285817156390,-9.202862739562988,-1.153201937675476,-2.4908204078674316
1710533285840006802,-9.148974418640137,-0.9627978801727295,-2.4776477813720703
1710533285877913433,-9.228010177612305,-0.9388476610183716,-2.45489501953125
1710533285896678638,-9.214838027954102,-0.8394543528556824,-2.4201672077178955
1710533285930526893,-9.189689636230469,-0.8646020293235779,-2.4788451194763184
1710533285943137352,-9.192085266113281,-0.8909472823143005,-2.496807813644409
1710533285999744743,-9.165740013122559,-1.101709008216858,-2.513572931289673
1710533286059154293,-9.222023010253906,-0.9268725514411926,-2.45489501953125
1710533286064771446,-9.196874618530273,-0.8574169874191284,-2.453697443008423
1710533286077377042,-9.236392974853516,-0.7688012719154358,-2.466870069503784
1710533286102814541,-9.188492774963379,-0.7819738984107971,-2.4704625606536865
1710533286113435427,-9.210047721862793,-0.8514294624328613,-2.4584875106811523
1710533286138433253,-9.190887451171875,-0.9592053294181824,-2.465672492980957
1710533286201666323,-9.200467109680176,-1.068178653717041,-2.503993034362793
1710533286230868057,-9.222023010253906,-0.8011340498924255,-2.4980053901672363
1710533286268727852,-9.193282127380371,-0.7197033762931824,-2.4716601371765137
1710533286298106320,-9.172924995422363,-0.8095166087150574,-2.3794519901275635
1710533286312598593,-9.176517486572266,-0.8729846477508545,-2.393821954727173
1710533286344356621,-9.16094970703125,-1.0106981992721558,-2.533930778503418
1710533286363268343,-9.2112455368042,-1.183139681816101,-2.5590784549713135
1710533286441111658,-9.213640213012695,-0.6634204387664795,-2.39501953125
1710533286478826856,-9.228010177612305,-0.820294201374054,-2.414179801940918
1710533286540070657,-9.195677757263184,-1.0202783346176147,-2.5004003047943115
1710533286554486061,-9.158555030822754,-1.0490185022354126,-2.4776477813720703
1710533286575669822,-9.205257415771484,-0.9975256323814392,-2.4608826637268066
1710533286598850320,-9.193282127380371,-0.868194580078125,-2.4393274784088135
1710533286624123540,-9.200467109680176,-0.7819738984107971,-2.513572931289673
1710533286647261257,-9.199270248413086,-0.8430469036102295,-2.495610237121582
1710533286680806474,-9.208849906921387,-1.0142908096313477,-2.476450204849243
1710533286725131434,-9.162147521972656,-1.0585986375808716,-2.4800426959991455
1710533286727035944,-9.172924995422363,-1.0777587890625,-2.4584875106811523
1710533286741931896,-9.18370246887207,-1.0526111125946045,-2.463277578353882
1710533286785731049,-9.210047721862793,-0.8298742771148682,-2.4884252548217773
1710533286800504828,-9.217232704162598,-0.7807763814926147,-2.4992029666900635
1710533286857023657,-9.212442398071289,-0.9580078125,-2.494412899017334
1710533286875999655,-9.218430519104004,-1.032253384590149,-2.493215322494507
1710533286882215950,-9.159751892089844,-1.047821044921875,-2.54231333732605
1710533286905775774,-9.141789436340332,-1.1340417861938477,-2.5614733695983887
1710533286928598778,-9.231602668762207,-1.1939172744750977,-2.5207581520080566
1710533286947679704,-9.159751892089844,-1.0154882669448853,-2.513572931289673
1710533286951915757,-9.214838027954102,-0.9651928544044495,-2.484832763671875
1710533286966652865,-9.255553245544434,-0.9256750345230103,-2.4608826637268066
1710533286987592389,-9.172924995422363,-0.6191125512123108,-2.392624616622925
1710533286995992425,-9.229207992553711,-0.6622229218482971,-2.36747670173645
1710533287023300743,-9.189689636230469,-0.8286767601966858,-2.396217107772827
1710533287092686038,-9.17052936553955,-1.0885363817214966,-2.526745557785034
1710533287124103986,-9.2112455368042,-1.0154882669448853,-2.476450204849243
1710533287149473798,-9.248368263244629,-0.7616162300109863,-2.4393274784088135
1710533287153727078,-9.20645523071289,-0.7496411204338074,-2.472857713699341
1710533287157861410,-9.207653045654297,-0.7747887969017029,-2.463277578353882
1710533287214584488,-9.218430519104004,-0.8622070550918579,-2.465672492980957
1710533287235661682,-9.19807243347168,-0.9987231492996216,-2.465672492980957
1710533287261546338,-9.172924995422363,-1.0346484184265137,-2.486030340194702
1710533287296542554,-9.180109977722168,-1.0645861625671387,-2.496807813644409
1710533287311247546,-9.181307792663574,-1.002315640449524,-2.493215322494507
1710533287319659126,-9.199270248413086,-0.7999365329742432,-2.4920177459716797
1710533287334948693,-9.229207992553711,-0.7412585616111755,-2.4596850872039795
1710533287357843776,-9.199270248413086,-0.7927514910697937,-2.424957275390625
1710533287376411520,-9.188492774963379,-0.8717871308326721,-2.3986120223999023
1710533287397625036,-9.204059600830078,-0.9867480397224426,-2.495610237121582
1710533287437584098,-9.196874618530273,-0.9604028463363647,-2.5099804401397705
1710533287464760007,-9.204059600830078,-1.0705736875534058,-2.502795457839966
1710533287505010126,-9.225615501403809,-0.8274792432785034,-2.412982225418091
1710533287536387717,-9.187294960021973,-0.6682104468345642,-2.3722667694091797
1710533287567814591,-9.169332504272461,-0.8143066167831421,-2.423759698867798
1710533287601474232,-9.181307792663574,-0.975970447063446,-2.496807813644409
1710533287645497958,-9.178912162780762,-1.0861413478851318,-2.4920177459716797
1710533287665126931,-9.205257415771484,-1.0071057081222534,-2.446512460708618
1710533287687385133,-9.186097145080566,-0.8753796219825745,-2.4393274784088135
1710533287697783842,-9.20645523071289,-0.7256909012794495,-2.466870069503784
1710533287712918831,-9.20645523071289,-0.7256909012794495,-2.466870069503784
1710533287725447666,-9.213640213012695,-0.7592211961746216,-2.484832763671875
1710533287744883850,-9.2112455368042,-0.8610095381736755,-2.4716601371765137
1710533287775693912,-9.199270248413086,-1.002315640449524,-2.466870069503784
1710533287784140396,-9.224417686462402,-1.0298583507537842,-2.466870069503784
1710533287803000569,-9.189689636230469,-1.1053014993667603,-2.4776477813720703
1710533287828383612,-9.194479942321777,-1.1184741258621216,-2.4716601371765137
1710533287851228132,-9.154962539672852,-1.002315640449524,-2.484832763671875
1710533287874345539,-9.200467109680176,-0.7771838307380676,-2.4896228313446045
1710533287914521825,-9.2112455368042,-0.7987390160560608,-2.39501953125
1710533287941949190,-9.17052936553955,-0.9544152617454529,-2.4213647842407227
1710533287979504199,-9.229207992553711,-1.0095007419586182,-2.486030340194702
1710533287996336191,-9.15137004852295,-1.0849438905715942,-2.54231333732605
1710533288000602682,-9.212442398071289,-1.1795470714569092,-2.5315356254577637
1710533288002532083,-9.214838027954102,-1.1927196979522705,-2.536325693130493
1710533288029978420,-9.148974418640137,-0.9723779559135437,-2.496807813644409
1710533288064973640,-9.263935089111328,-0.9364526271820068,-2.4776477813720703
1710533288084424212,-9.188492774963379,-0.6825805902481079,-2.363884210586548
1710533288099061776,-9.255553245544434,-0.7400610446929932,-2.3794519901275635
1710533288128467500,-9.242380142211914,-0.9268725514411926,-2.4680676460266113
1710533288166176180,-9.16094970703125,-1.0514135360717773,-2.483635187149048
1710533288197694054,-9.156159400939941,-1.0657837390899658,-2.4884252548217773
1710533288212372722,-9.162147521972656,-1.0442285537719727,-2.48722767829895
1710533288216608483,-9.229207992553711,-1.023870825767517,-2.456092596054077
1710533288248013356,-9.213640213012695,-0.7819738984107971,-2.4596850872039795
1710533288321749156,-9.208849906921387,-0.9508227705955505,-2.483635187149048
1710533288380149349,-9.205257415771484,-1.098116397857666,-2.4776477813720703
1710533288413796114,-9.187294960021973,-0.8226892352104187,-2.476450204849243
1710533288451675814,-9.208849906921387,-0.7688012719154358,-2.4117846488952637
1710533288472456346,-9.19807243347168,-0.8167016506195068,-2.4010071754455566
1710533288493768643,-9.204059600830078,-0.8837621808052063,-2.4189696311950684
1710533288529600138,-9.177715301513672,-1.1639795303344727,-2.4884252548217773
1710533288534235976,-9.177715301513672,-1.1639795303344727,-2.4884252548217773
1710533288552720316,-9.186097145080566,-1.0969189405441284,-2.5111780166625977
1710533288565427811,-9.132209777832031,-0.999920666217804,-2.523153066635132
1710533288586371174,-9.23519515991211,-0.9807605147361755,-2.495610237121582
1710533288609288778,-9.156159400939941,-0.6993457078933716,-2.433339834213257
1710533288624040879,-9.156159400939941,-0.6993457078933716,-2.433339834213257
1710533288630409038,-9.256750106811523,-0.6658154129981995,-2.396217107772827
1710533288644987092,-9.251960754394531,-0.7149133086204529,-2.392624616622925
1710533288666005405,-9.233997344970703,-0.8969348073005676,-2.414179801940918
1710533288691214868,-9.157357215881348,-0.9783654808998108,-2.456092596054077
1710533288712367175,-9.204059600830078,-1.092128872871399,-2.506387948989868
1710533288750174432,-9.189689636230469,-1.0813512802124023,-2.5207581520080566
1710533288764944347,-9.228010177612305,-0.9927356243133545,-2.495610237121582
1710533288773275002,-9.231602668762207,-0.8226892352104187,-2.446512460708618
1710533288794467615,-9.256750106811523,-0.766406238079071,-2.444117546081543
1710533288840432824,-9.242380142211914,-0.7843688726425171,-2.4285497665405273
1710533288853038511,-9.214838027954102,-1.027463436126709,-2.456092596054077
1710533288878235334,-9.174121856689453,-1.0358459949493408,-2.474055290222168
1710533288907522338,-9.195677757263184,-1.0789562463760376,-2.494412899017334
1710533288924556529,-9.159751892089844,-0.9855505228042603,-2.505190372467041
1710533288954804035,-9.233997344970703,-0.8705896139144897,-2.4716601371765137
1710533288974977945,-9.19807243347168,-0.7975414991378784,-2.4692652225494385
1710533288977120087,-9.181307792663574,-0.7424560785293579,-2.452500104904175
1710533288989695118,-9.219627380371094,-0.7879614233970642,-2.4022045135498047
1710533289050702437,-9.228010177612305,-0.9915381073951721,-2.5004003047943115
1710533289073642000,-9.148974418640137,-1.1244616508483887,-2.555485725402832
1710533289096873574,-9.228010177612305,-1.1723620891571045,-2.524350643157959
1710533289122172043,-9.162147521972656,-0.9771679639816284,-2.474055290222168
1710533289164068350,-9.188492774963379,-0.6753954887390137,-2.3578968048095703
1710533289172499238,-9.23519515991211,-0.6897656321525574,-2.3602917194366455
1710533289176695337,-9.23519515991211,-0.6897656321525574,-2.4213647842407227
1710533289185163426,-9.219627380371094,-0.7448510527610779,-2.3890318870544434
1710533289250409770,-9.186097145080566,-0.975970447063446,-2.523153066635132
1710533289267201418,-9.2112455368042,-1.1328442096710205,-2.535128116607666
1710533289288712152,-9.162147521972656,-1.13763427734375,-2.48722767829895
1710533289292605205,-9.136999130249023,-1.1184741258621216,-2.4309449195861816
1710533289301070658,-9.20645523071289,-1.0765613317489624,-2.4309449195861816
1710533289336730768,-9.153764724731445,-0.8705896139144897,-2.4321422576904297
1710533289357665755,-9.200467109680176,-0.7268884181976318,-2.4716601371765137
1710533289372354676,-9.244775772094727,-0.748443603515625,-2.493215322494507
1710533289395250327,-9.228010177612305,-0.9723779559135437,-2.5015978813171387
1710533289405947478,-9.228010177612305,-0.9723779559135437,-2.5015978813171387
1710533289439295714,-9.192085266113281,-1.1088939905166626,-2.465672492980957
1710533289470459689,-9.166936874389648,-1.0909314155578613,-2.4381299018859863
1710533289498228749,-9.189689636230469,-0.8406518697738647,-2.4788451194763184
1710533289533778523,-9.228010177612305,-0.7029382586479187,-2.4692652225494385
1710533289551426434,-9.213640213012695,-0.7460485696792603,-2.4105870723724365
1710533289590618147,-9.17531967163086,-0.9987231492996216,-2.4381299018859863
1710533289630565601,-9.204059600830078,-1.011895775794983,-2.444117546081543
1710533289649431822,-9.214838027954102,-1.1627819538116455,-2.5506958961486816
1710533289680765936,-9.223219871520996,-0.9292675852775574,-2.5004003047943115
1710533289716939293,-9.219627380371094,-0.6837780475616455,-2.414179801940918
1710533289735586050,-9.2304048538208,-0.7400610446929932,-2.345921516418457
1710533289762860185,-9.200467109680176,-0.7879614233970642,-2.377056837081909
1710533289779739874,-9.190887451171875,-0.8969348073005676,-2.403402090072632
1710533289815929928,-9.194479942321777,-1.0861413478851318,-2.5375232696533203
1710533289824084984,-9.212442398071289,-1.0454260110855103,-2.5111780166625977
1710533289867827103,-9.186097145080566,-0.8765771389007568,-2.4477100372314453
1710533289880743812,-9.217232704162598,-0.8334667682647705,-2.403402090072632
1710533289897391381,-9.207653045654297,-0.7676037549972534,-2.414179801940918
1710533289922806888,-9.213640213012695,-0.7340734601020813,-2.4189696311950684
1710533289924875446,-9.20645523071289,-0.7628137469291687,-2.423759698867798
1710533289987905476,-9.178912162780762,-1.0969189405441284,-2.5111780166625977
1710533289996253527,-9.194479942321777,-1.101709008216858,-2.5111780166625977
1710533290010917994,-9.200467109680176,-1.0406359434127808,-2.483635187149048
1710533290086906900,-9.212442398071289,-0.7280859351158142,-2.42256236076355
1710533290114109415,-9.214838027954102,-0.7975414991378784,-2.4093897342681885
1710533290153836839,-9.195677757263184,-1.053808569908142,-2.524350643157959
1710533290240062255,-9.200467109680176,-0.8993298411369324,-2.4692652225494385
1710533290263128073,-9.196874618530273,-0.6945556402206421,-2.363884210586548
1710533290279768740,-9.217232704162598,-0.7400610446929932,-2.3890318870544434
1710533290288253150,-9.226812362670898,-0.7879614233970642,-2.397414445877075
1710533290303052997,-9.2208251953125,-0.8454418778419495,-2.4285497665405273
1710533290326147206,-9.228010177612305,-1.0502160787582397,-2.535128116607666
1710533290361907744,-9.192085266113281,-1.0562036037445068,-2.512375593185425
1710533290416247011,-9.241183280944824,-0.9388476610183716,-2.4189696311950684
1710533290433051533,-9.186097145080566,-0.7496411204338074,-2.442919969558716
1710533290460611830,-9.236392974853516,-0.7759863138198853,-2.445314884185791
1710533290491859149,-9.225615501403809,-0.9041198492050171,-2.456092596054077
1710533290529951898,-9.190887451171875,-1.1053014993667603,-2.4608826637268066
1710533290548714649,-9.176517486572266,-1.0250684022903442,-2.463277578353882
1710533290563395115,-9.174121856689453,-1.0166858434677124,-2.4716601371765137
1710533290578189788,-9.225615501403809,-1.0106981992721558,-2.4704625606536865
1710533290656848435,-9.224417686462402,-0.7975414991378784,-2.393821954727173
1710533290661214084,-9.178912162780762,-0.9041198492050171,-2.4093897342681885
1710533290679075567,-9.20645523071289,-0.9747729301452637,-2.4704625606536865
1710533290723259904,-9.17052936553955,-1.1496093273162842,-2.5111780166625977
1710533290742413530,-9.228010177612305,-1.1723620891571045,-2.503993034362793
1710533290750866799,-9.244775772094727,-1.01788330078125,-2.4824378490448
1710533290776300056,-9.247170448303223,-0.9208850264549255,-2.4584875106811523
1710533290790790433,-9.166936874389648,-0.7053332328796387,-2.3986120223999023
1710533290805453735,-9.212442398071289,-0.6741979718208313,-2.3794519901275635
1710533290826498829,-9.254355430603027,-0.7029382586479187,-2.403402090072632
1710533290834999302,-9.17052936553955,-0.7723938226699829,-2.396217107772827
1710533290856151302,-9.169332504272461,-0.928070068359375,-2.435734748840332
1710533290916889187,-9.212442398071289,-1.0406359434127808,-2.505190372467041
1710533290942169524,-9.202862739562988,-1.0071057081222534,-2.4608826637268066
1710533290975670387,-9.202862739562988,-0.7747887969017029,-2.4692652225494385
1710533290994549771,-9.205257415771484,-0.7568261623382568,-2.4896228313446045
1710533291021918103,-9.218430519104004,-0.766406238079071,-2.4596850872039795
1710533291038598218,-9.222023010253906,-0.9304651021957397,-2.415377140045166
1710533291064369942,-9.165740013122559,-1.053808569908142,-2.4273521900177
1710533291095211645,-9.180109977722168,-1.038240909576416,-2.494412899017334
1710533291120536766,-9.182504653930664,-1.008303165435791,-2.4992029666900635
1710533291135321934,-9.212442398071289,-0.9915381073951721,-2.502795457839966
1710533291143577260,-9.231602668762207,-0.886157214641571,-2.4896228313446045
1710533291164657845,-9.216034889221191,-0.7472460865974426,-2.436932325363159
1710533291246853830,-9.237590789794922,-0.9927356243133545,-2.465672492980957
1710533291261132832,-9.217232704162598,-0.969982922077179,-2.4896228313446045
1710533291269590603,-9.199270248413086,-1.1484118700027466,-2.5518932342529297
1710533291284613331,-9.177715301513672,-1.1591894626617432,-2.532733201980591
1710533291286588769,-9.169332504272461,-1.107696533203125,-2.5375232696533203
1710533291299142718,-9.174121856689453,-1.0526111125946045,-2.5075855255126953
1710533291330923313,-9.18370246887207,-0.8789721727371216,-2.445314884185791
1710533291345843139,-9.196874618530273,-0.7879614233970642,-2.403402090072632
1710533291366826181,-9.192085266113281,-0.7173083424568176,-2.3818469047546387
1710533291413070612,-9.195677757263184,-0.8969348073005676,-2.4309449195861816
1710533291425681002,-9.194479942321777,-1.0047106742858887,-2.475252628326416
1710533291440273307,-9.188492774963379,-1.0777587890625,-2.5219554901123047
1710533291446884930,-9.181307792663574,-1.1160790920257568,-2.526745557785034
1710533291473972470,-9.177715301513672,-1.0945239067077637,-2.515968084335327
1710533291476040067,-9.19807243347168,-1.0861413478851318,-2.5015978813171387
1710533291526516900,-9.204059600830078,-0.8993298411369324,-2.4201672077178955
1710533291547738473,-9.238787651062012,-0.7580236792564392,-2.4273521900177
1710533291623035914,-9.178912162780762,-1.1112890243530273,-2.506387948989868
1710533291643793514,-9.184900283813477,-1.0861413478851318,-2.4824378490448
1710533291675253883,-9.202862739562988,-0.9388476610183716,-2.4608826637268066
1710533291690077589,-9.205257415771484,-0.8454418778419495,-2.4596850872039795
1710533291698344695,-9.19807243347168,-0.7855663895606995,-2.4596850872039795
1710533291736444927,-9.226812362670898,-0.7161108255386353,-2.4081921577453613
1710533291766006261,-9.2112455368042,-0.9747729301452637,-2.4381299018859863
1710533291784559961,-9.231602668762207,-1.0095007419586182,-2.4920177459716797
1710533291803742641,-9.201664924621582,-0.9987231492996216,-2.48722767829895
1710533291818349607,-9.172924995422363,-1.211879849433899,-2.535128116607666
1710533291820473998,-9.225615501403809,-1.2382251024246216,-2.5219554901123047
1710533291839380891,-9.132209777832031,-1.0370434522628784,-2.4980053901672363
1710533291870830160,-9.195677757263184,-1.033450961112976,-2.4824378490448
1710533291881308184,-9.224417686462402,-0.9017248749732971,-2.445314884185791
1710533291908711721,-9.214838027954102,-0.7125183343887329,-2.3914270401000977
1710533291961386690,-9.20645523071289,-0.7628137469291687,-2.3878345489501953
1710533291973891789,-9.17052936553955,-1.0130932331085205,-2.4800426959991455
1710533291982456407,-9.171727180480957,-1.1184741258621216,-2.4776477813720703
1710533292009953229,-9.141789436340332,-1.1328442096710205,-2.476450204849243
1710533292041235198,-9.169332504272461,-0.9891430735588074,-2.4596850872039795
1710533292066647373,-9.156159400939941,-0.9256750345230103,-2.4596850872039795
1710533292087693900,-9.217232704162598,-0.7735912799835205,-2.4285497665405273
1710533292096026050,-9.250762939453125,-0.7448510527610779,-2.4680676460266113
1710533292100322791,-9.236392974853516,-0.766406238079071,-2.4513025283813477
1710533292125623981,-9.219627380371094,-0.9448351860046387,-2.436932325363159
1710533292176194722,-9.205257415771484,-1.1088939905166626,-2.4920177459716797
1710533292187102730,-9.201664924621582,-1.0729687213897705,-2.4800426959991455
1710533292224644115,-9.204059600830078,-0.8071215748786926,-2.4692652225494385
1710533292234923468,-9.2112455368042,-0.706530749797821,-2.445314884185791
1710533292261628707,-9.202862739562988,-0.77838134765625,-2.3710694313049316
1710533292287309988,-9.196874618530273,-0.790356457233429,-2.3590941429138184
1710533292304130185,-9.182504653930664,-0.8550219535827637,-2.3890318870544434
1710533292312503306,-9.186097145080566,-0.9376501441001892,-2.4010071754455566
1710533292327230682,-9.204059600830078,-1.053808569908142,-2.466870069503784
1710533292388070851,-9.188492774963379,-1.1627819538116455,-2.586621046066284
1710533292398731801,-9.236392974853516,-0.9604028463363647,-2.5506958961486816
1710533292417511775,-9.214838027954102,-0.8023315668106079,-2.495610237121582
1710533292463672219,-9.187294960021973,-0.6730005145072937,-2.3495142459869385
1710533292463783536,-9.223219871520996,-0.8418493866920471,-2.3195765018463135
1710533292503597749,-9.172924995422363,-0.987945556640625,-2.396217107772827
1710533292522614493,-9.156159400939941,-1.113684058189392,-2.5902135372161865
1710533292539419651,-9.184900283813477,-1.1041040420532227,-2.5698559284210205
1710533292556196757,-9.218430519104004,-1.092128872871399,-2.562670946121216
1710533292573123036,-9.18370246887207,-1.0202783346176147,-2.524350643157959
1710533292598241167,-9.490264892578125,-0.9148974418640137,-2.3986120223999023
1710533292621431188,-9.174121856689453,-0.7652087211608887,-2.366279363632202
1710533292650776222,-9.199270248413086,-0.7987390160560608,-2.4824378490448
1710533292688881334,-9.251960754394531,-0.9747729301452637,-2.5075855255126953
1710533292812775007,-9.260342597961426,-0.7699987888336182,-2.4081921577453613
1710533292837953856,-9.2112455368042,-0.7508386373519897,-2.45489501953125
1710533292850672285,-9.228010177612305,-0.8167016506195068,-2.457289934158325
1710533292865077088,-9.194479942321777,-0.9819580316543579,-2.5075855255126953
1710533292900983896,-9.18370246887207,-1.1687694787979126,-2.515968084335327
1710533292924344655,-9.152566909790039,-1.0885363817214966,-2.416574716567993
1710533292953894526,-9.222023010253906,-0.987945556640625,-2.4117846488952637
1710533292964383245,-9.222023010253906,-0.880169689655304,-2.4189696311950684
1710533292989569033,-9.225615501403809,-0.6239025592803955,-2.406994581222534
1710533293025144610,-9.205257415771484,-0.7855663895606995,-2.466870069503784
1710533293027280129,-9.212442398071289,-0.8346642851829529,-2.4513025283813477
1710533293037719488,-9.20645523071289,-0.9532177448272705,-2.4692652225494385
1710533293062856595,-9.180109977722168,-1.0202783346176147,-2.4692652225494385
1710533293077545866,-9.187294960021973,-1.1412267684936523,-2.4501049518585205
1710533293081940094,-9.17531967163086,-1.161584496498108,-2.414179801940918
1710533293092580166,-9.177715301513672,-1.1100915670394897,-2.4297473430633545
1710533293145331455,-9.212442398071289,-0.8957372903823853,-2.45489501953125
1710533293168264685,-9.208849906921387,-0.7268884181976318,-2.5015978813171387
1710533293210325006,-9.218430519104004,-0.9436376690864563,-2.4081921577453613
1710533293241690005,-9.174121856689453,-1.011895775794983,-2.3902294635772705
1710533293258795669,-9.164542198181152,-1.0945239067077637,-2.3914270401000977
1710533293300678833,-9.135802268981934,-1.0466235876083374,-2.4920177459716797
1710533293311160765,-9.213640213012695,-1.032253384590149,-2.5183629989624023
1710533293317361455,-9.241183280944824,-0.910107433795929,-2.5614733695983887
1710533293367852895,-9.207653045654297,-0.8047265410423279,-2.4201672077178955
1710533293397073169,-9.178912162780762,-0.8897497653961182,-2.3578968048095703
1710533293426656637,-9.187294960021973,-0.9891430735588074,-2.503993034362793
1710533293437070902,-9.217232704162598,-1.1723620891571045,-2.5387206077575684
1710533293453921726,-9.2208251953125,-1.147214412689209,-2.556683301925659
1710533293474565615,-9.165740013122559,-1.0490185022354126,-2.496807813644409
1710533293487358475,-9.229207992553711,-1.002315640449524,-2.4608826637268066
1710533293499905457,-9.231602668762207,-0.9208850264549255,-2.4177722930908203
1710533293523023838,-9.207653045654297,-0.6957531571388245,-2.3495142459869385
1710533293586876468,-9.233997344970703,-0.89813232421875,-2.452500104904175
1710533293594916429,-9.2112455368042,-0.9208850264549255,-2.474055290222168
1710533293632980146,-9.16094970703125,-1.1244616508483887,-2.483635187149048
1710533293649618950,-9.238787651062012,-1.0813512802124023,-2.4273521900177
1710533293664273638,-9.166936874389648,-0.9663903713226318,-2.3878345489501953
1710533293683275764,-9.238787651062012,-0.8382568359375,-2.373464345932007
1710533293704294439,-9.182504653930664,-0.7448510527610779,-2.414179801940918
1710533293737788636,-9.261540412902832,-0.7723938226699829,-2.475252628326416
1710533293751265296,-9.233997344970703,-0.7819738984107971,-2.502795457839966
1710533293781762003,-9.231602668762207,-0.9568102955818176,-2.4812402725219727
1710533293796684574,-9.222023010253906,-1.0226733684539795,-2.474055290222168
1710533293802786628,-9.169332504272461,-1.063388705253601,-2.4608826637268066
1710533293808995475,-9.205257415771484,-1.1184741258621216,-2.436932325363159
1710533293826000338,-9.140591621398926,-1.0753637552261353,-2.4201672077178955
1710533293851150870,-9.169332504272461,-1.0609936714172363,-2.4405248165130615
1710533293884393280,-9.226812362670898,-0.7508386373519897,-2.4992029666900635
1710533293937126837,-9.225615501403809,-0.7388635277748108,-2.4177722930908203
1710533293949840008,-9.219627380371094,-1.0071057081222534,-2.45489501953125
1710533293970784367,-9.219627380371094,-1.0071057081222534,-2.45489501953125
1710533293991932218,-9.132209777832031,-1.0909314155578613,-2.4908204078674316
1710533294038097729,-9.187294960021973,-1.023870825767517,-2.4884252548217773
1710533294105417008,-9.232800483703613,-0.6933581829071045,-2.3818469047546387
1710533294158035925,-9.210047721862793,-1.1304491758346558,-2.493215322494507
1710533294174894506,-9.188492774963379,-1.1256592273712158,-2.4920177459716797
1710533294187365380,-9.158555030822754,-1.107696533203125,-2.4692652225494385
1710533294210571616,-9.204059600830078,-1.1088939905166626,-2.4692652225494385
1710533294231517396,-9.201664924621582,-1.01788330078125,-2.463277578353882
1710533294235775743,-9.201664924621582,-1.01788330078125,-2.463277578353882
1710533294248290956,-9.242380142211914,-0.7819738984107971,-2.4680676460266113
1710533294277547834,-9.20645523071289,-0.7520361542701721,-2.4273521900177
1710533294300642696,-9.196874618530273,-0.9580078125,-2.403402090072632
1710533294332228138,-9.228010177612305,-1.0202783346176147,-2.393821954727173
1710533294365865582,-9.222023010253906,-1.123264193534851,-2.505190372467041
1710533294389320069,-9.237590789794922,-1.0059082508087158,-2.5303380489349365
1710533294410318970,-9.205257415771484,-0.7795788645744324,-2.494412899017334
1710533294429152429,-9.223219871520996,-0.7280859351158142,-2.4513025283813477
1710533294464651249,-9.196874618530273,-0.7592211961746216,-2.2800586223602295
1710533294488245694,-9.189689636230469,-0.8155041337013245,-2.2824535369873047
1710533294504886581,-9.214838027954102,-1.0166858434677124,-2.5004003047943115
1710533294511113100,-9.233997344970703,-0.9843530058860779,-2.48722767829895
1710533294542672540,-9.166936874389648,-1.0514135360717773,-2.5782384872436523
1710533294572120935,-9.193282127380371,-1.0705736875534058,-2.472857713699341
1710533294664486701,-9.217232704162598,-0.7795788645744324,-2.3878345489501953
1710533294668331323,-9.172924995422363,-0.9244775176048279,-2.4980053901672363
1710533294683210678,-9.187294960021973,-1.0047106742858887,-2.553090810775757
1710533294704327397,-9.217232704162598,-1.0789562463760376,-2.5614733695983887
1710533294727608844,-9.171727180480957,-1.0969189405441284,-2.5111780166625977
1710533294744424770,-9.202862739562988,-1.1424243450164795,-2.453697443008423
1710533294748564536,-9.213640213012695,-1.113684058189392,-2.386636972427368
1710533294794860450,-9.19807243347168,-0.8945397734642029,-2.3578968048095703
1710533294803213369,-9.214838027954102,-0.7316784858703613,-2.384242057800293
1710533294824132096,-9.2112455368042,-0.6993457078933716,-2.4273521900177
1710533294849178352,-9.228010177612305,-1.0071057081222534,-2.4896228313446045
1710533294872857650,-9.15137004852295,-1.1364368200302124,-2.465672492980957
1710533294891605930,-9.190887451171875,-1.167572021484375,-2.456092596054077
1710533294901840243,-9.20645523071289,-1.1460168361663818,-2.4608826637268066
1710533294931274506,-9.145381927490234,-1.0813512802124023,-2.424957275390625
1710533294952363859,-9.244775772094727,-0.6598278880119324,-2.4393274784088135
1710533294958416586,-9.184900283813477,-0.7568261623382568,-2.4405248165130615
1710533294990050902,-9.253157615661621,-0.7173083424568176,-2.4393274784088135
1710533295002739291,-9.207653045654297,-0.7340734601020813,-2.4201672077178955
1710533295011078689,-9.233997344970703,-0.7616162300109863,-2.414179801940918
1710533295036417529,-9.189689636230469,-0.9041198492050171,-2.4321422576904297
1710533295067365413,-9.190887451171875,-0.9987231492996216,-2.4716601371765137
1710533295069293168,-9.190887451171875,-0.9987231492996216,-2.4716601371765137
1710533295096811802,-9.225615501403809,-1.25738525390625,-2.457289934158325
1710533295116065602,-9.11544418334961,-1.053808569908142,-2.483635187149048
1710533295124326136,-9.168134689331055,-0.999920666217804,-2.4608826637268066
1710533295183277877,-9.181307792663574,-0.7532336711883545,-2.3698718547821045
1710533295202256662,-9.182504653930664,-0.820294201374054,-2.3806493282318115
1710533295214801688,-9.238787651062012,-0.9520202875137329,-2.363884210586548
1710533295231571858,-9.238787651062012,-0.9520202875137329,-2.363884210586548
1710533295246252698,-9.147777557373047,-1.008303165435791,-2.4117846488952637
1710533295254886267,-9.18370246887207,-1.0514135360717773,-2.4477100372314453
1710533295262903103,-9.184900283813477,-1.062191128730774,-2.486030340194702
1710533295279934954,-9.16094970703125,-1.0657837390899658,-2.476450204849243
1710533295302955425,-8.903485298156738,-0.9424402117729187,-2.4680676460266113
1710533295311369499,-9.184900283813477,-0.9424402117729187,-2.493215322494507
1710533295326044131,-9.259145736694336,-0.7879614233970642,-2.48722767829895
1710533295412935070,-9.195677757263184,-0.880169689655304,-2.396217107772827
1710533295433278166,-9.202862739562988,-1.0597960948944092,-2.406994581222534
1710533295483788438,-9.205257415771484,-1.041833519935608,-2.532733201980591
1710533295500620942,-9.237590789794922,-1.0047106742858887,-2.5111780166625977
1710533295523618990,-9.208849906921387,-0.7232959270477295,-2.4297473430633545
1710533295538462855,-9.248368263244629,-0.7232959270477295,-2.3914270401000977
1710533295559325743,-9.214838027954102,-0.8071215748786926,-2.2992186546325684
1710533295565623148,-9.174121856689453,-0.9029223918914795,-2.375859260559082
1710533295591541871,-9.171727180480957,-0.9807605147361755,-2.4381299018859863
1710533295613779834,-9.193282127380371,-0.9819580316543579,-2.5710535049438477
1710533295622254079,-9.239985466003418,-1.241817593574524,-2.556683301925659
1710533295660675704,-9.239985466003418,-1.241817593574524,-2.556683301925659
1710533295680888069,-9.157357215881348,-1.0190807580947876,-2.4201672077178955
1710533295684867479,-9.255553245544434,-0.9340575933456421,-2.3590941429138184
1710533295695678785,-9.18370246887207,-0.8059240579605103,-2.3207738399505615
1710533295725011308,-9.204059600830078,-0.6598278880119324,-2.3387365341186523
1710533295773428462,-9.228010177612305,-0.8705896139144897,-2.457289934158325
1710533295777584726,-9.242380142211914,-0.9089099168777466,-2.4716601371765137
1710533295798673343,-9.168134689331055,-0.999920666217804,-2.525547981262207
1710533295815340180,-9.201664924621582,-1.1268566846847534,-2.502795457839966
1710533295830183469,-9.176517486572266,-1.1268566846847534,-2.3806493282318115
1710533295882499497,-9.238787651062012,-0.7161108255386353,-2.4177722930908203
1710533295922675967,-9.274713516235352,-0.7795788645744324,-2.5075855255126953
1710533295935368638,-9.195677757263184,-0.9352551102638245,-2.4788451194763184
1710533295985628835,-9.152566909790039,-1.1088939905166626,-2.4273521900177
1710533295990244997,-9.189689636230469,-1.1100915670394897,-2.4213647842407227
1710533296023539860,-9.158555030822754,-1.0597960948944092,-2.4177722930908203
1710533296063958735,-9.204059600830078,-0.7699987888336182,-2.4800426959991455
1710533296067619140,-9.214838027954102,-0.7113208174705505,-2.4908204078674316
1710533296098896123,-9.212442398071289,-0.7556286454200745,-2.3686742782592773
1710533296143335424,-9.164542198181152,-0.9867480397224426,-2.3782544136047363
1710533296181019274,-9.148974418640137,-1.2597802877426147,-2.366279363632202
1710533296227875333,-9.245972633361816,-0.6909631490707397,-2.4620800018310547
1710533296241624860,-9.199270248413086,-0.7041357159614563,-2.556683301925659
1710533296277392730,-9.283095359802246,-0.6322851777076721,-2.513572931289673
1710533296283743297,-9.156159400939941,-0.7747887969017029,-2.474055290222168
1710533296296308974,-9.202862739562988,-0.9029223918914795,-2.4501049518585205
1710533296319475410,-9.168134689331055,-1.1256592273712158,-2.4010071754455566
1710533296353183142,-9.347761154174805,-1.002315640449524,-2.6908044815063477
1710533296401463408,-9.117839813232422,-0.790356457233429,-2.762655019760132
1710533296420595156,-9.16094970703125,-0.9951305985450745,-2.2094054222106934
1710533296454216848,-9.131011962890625,-0.9220825433731079,-2.233355760574341
1710533296472992079,-9.210047721862793,-0.7352709770202637,-2.4285497665405273
1710533296489781977,-9.229207992553711,-0.8406518697738647,-2.646496534347534
1710533296510674172,-9.262738227844238,-0.9843530058860779,-2.6393115520477295
1710533296523602111,-9.11544418334961,-1.1292517185211182,-2.596201181411743
1710533296552951494,-9.2112455368042,-1.0729687213897705,-2.452500104904175
1710533296571508470,-9.122629165649414,-0.8705896139144897,-2.465672492980957
1710533296632573849,-9.20645523071289,-0.9029223918914795,-2.6021888256073
1710533296649545025,-9.171727180480957,-0.9975256323814392,-2.5914111137390137
1710533296670763815,-9.202862739562988,-0.7676037549972534,-2.472857713699341
1710533296685450587,-9.152566909790039,-0.7125183343887329,-2.436932325363159
1710533296697763878,-9.131011962890625,-0.7508386373519897,-2.373464345932007
1710533296706374672,-9.219627380371094,-0.8370593190193176,-2.3219714164733887
1710533296727240062,-9.184900283813477,-0.8250842094421387,-2.3818469047546387
1710533296744234891,-9.120234489440918,-0.8526269793510437,-2.424957275390625
1710533296759026790,-9.205257415771484,-0.910107433795929,-2.472857713699341
1710533296784255468,-9.2304048538208,-0.9532177448272705,-2.5147705078125
1710533296817863979,-9.131011962890625,-0.9807605147361755,-2.496807813644409
1710533296836722964,-9.18370246887207,-0.928070068359375,-2.4716601371765137
1710533296872599925,-9.177715301513672,-0.796343982219696,-2.4105870723724365
1710533296895634234,-9.195677757263184,-0.8143066167831421,-2.486030340194702
1710533296906266857,-9.186097145080566,-0.9639953374862671,-2.5111780166625977
1710533296933499807,-9.105864524841309,-1.0226733684539795,-2.535128116607666
1710533296956503542,-9.120234489440918,-1.038240909576416,-2.524350643157959
1710533296986352217,-9.248368263244629,-1.1496093273162842,-2.5291407108306885
1710533297029986767,-9.231602668762207,-0.6610254049301147,-2.8105554580688477
1710533297088854275,-9.157357215881348,-0.5927673578262329,-2.5207581520080566
1710533297109910638,-9.065149307250977,-0.9172924757003784,-2.153122663497925
1710533297112102998,-9.205257415771484,-1.0597960948944092,-2.1926403045654297
1710533297137316892,-9.262738227844238,-0.7460485696792603,-3.114722967147827
1710533297166717478,-9.262738227844238,-0.7460485696792603,-3.114722967147827
1710533297284407565,-9.23519515991211,-0.4035607874393463,-3.0572423934936523
1710533297299804991,-9.237590789794922,-0.5652245879173279,-3.0787975788116455
1710533297322625442,-9.187294960021973,-1.2202624082565308,-2.214195489883423
1710533297341522978,-9.125024795532227,-1.008303165435791,-2.453697443008423
1710533297367007211,-9.229207992553711,-0.7053332328796387,-2.7494823932647705
1710533297373070836,-9.238787651062012,-0.6454577445983887,-2.784210205078125
1710533297419235884,-9.121432304382324,-0.9472302198410034,-2.323168992996216
1710533297450828023,-9.108259201049805,-1.0142908096313477,-2.175875186920166
1710533297471606038,-9.157357215881348,-1.0214757919311523,-2.4201672077178955
1710533297526241052,-9.219627380371094,-0.7556286454200745,-2.8488757610321045
1710533297547091071,-9.178912162780762,-0.8286767601966858,-2.753074884414673
1710533297578916191,-9.207653045654297,-0.6179150342941284,-2.7087671756744385
1710533297616681260,-9.158555030822754,-1.123264193534851,-2.5015978813171387
1710533297637600859,-9.165740013122559,-0.9987231492996216,-2.4177722930908203
1710533297657815738,-9.153764724731445,-0.9304651021957397,-2.444117546081543
1710533297675449733,-9.171727180480957,-0.820294201374054,-2.535128116607666
1710533297696484924,-9.178912162780762,-0.6274951100349426,-2.633323907852173
1710533297726045255,-9.186097145080566,-0.8753796219825745,-2.4405248165130615
1710533297734462099,-9.154962539672852,-0.916094958782196,-2.45489501953125
1710533297751095974,-9.208849906921387,-0.9687854051589966,-2.636916399002075
1710533297786827095,-9.147777557373047,-0.9089099168777466,-2.6716442108154297
1710533297795309635,-9.158555030822754,-0.9220825433731079,-2.6572742462158203
1710533297802237835,-9.18370246887207,-0.9148974418640137,-2.5183629989624023
1710533297839533817,-9.163344383239746,-0.8897497653961182,-2.415377140045166
1710533297870952701,-9.225615501403809,-0.8107141256332397,-2.6093738079071045
1710533297885787174,-9.178912162780762,-0.7915539741516113,-2.622546434402466
1710533297900897530,-9.178912162780762,-0.7915539741516113,-2.622546434402466
1710533297997392022,-9.181307792663574,-0.8358618021011353,-2.5219554901123047
1710533298026850902,-9.17531967163086,-0.8310717940330505,-2.5015978813171387
1710533298043668535,-9.187294960021973,-0.8598120212554932,-2.5075855255126953
1710533298052049086,-9.172924995422363,-0.8550219535827637,-2.5219554901123047
1710533298072939613,-9.169332504272461,-0.8945397734642029,-2.5698559284210205
1710533298087562843,-9.189689636230469,-0.8921447992324829,-2.6093738079071045
1710533298102363819,-9.17531967163086,-0.8885522484779358,-2.624941349029541
1710533298148777987,-9.166936874389648,-0.8574169874191284,-2.475252628326416
1710533298163395382,-9.187294960021973,-0.8131091594696045,-2.483635187149048
1710533298209546163,-9.205257415771484,-0.856219470500946,-2.623744010925293
1710533298236701512,-9.166936874389648,-0.9484277367591858,-2.60697865486145
1710533298253955935,-9.156159400939941,-0.9687854051589966,-2.533930778503418
1710533298283082457,-9.172924995422363,-0.9220825433731079,-2.545905828475952
1710533298297838057,-9.194479942321777,-0.8394543528556824,-2.5818309783935547
1710533298306122727,-9.193282127380371,-0.8107141256332397,-2.593806266784668
1710533298341679686,-9.172924995422363,-0.8023315668106079,-2.5518932342529297
1710533298356506760,-9.186097145080566,-0.7951464653015137,-2.517165422439575
1710533298394194039,-9.188492774963379,-0.8897497653961182,-2.54231333732605
1710533298396347821,-9.165740013122559,-0.916094958782196,-2.605781316757202
1710533298438283396,-9.171727180480957,-0.8789721727371216,-2.5902135372161865
1710533298574872153,-9.171727180480957,-0.9220825433731079,-2.562670946121216
1710533298612559821,-9.184900283813477,-0.8897497653961182,-2.5399181842803955
