bag_timestamp_ns,accel0_x,accel0_y,accel0_z
1710524389810818790,9.915380477905273,1.287322998046875,0.946032702922821
1710524389827602031,9.827962875366211,1.3795312643051147,0.7759863138198853
1710524389850860258,9.835147857666016,1.4837145805358887,0.7412585616111755
1710524389857454096,9.860295295715332,1.5399975776672363,0.8382568359375
1710524389872218727,9.825567245483398,1.5148499011993408,0.9172924757003784
1710524389907751446,9.872270584106445,1.3591735363006592,0.9436376690864563
1710524389924638290,9.826765060424805,1.311273217201233,0.8442443609237671
1710524389947756292,9.95370101928711,1.3843213319778442,0.7676037549972534
1710524389960339376,9.823172569274902,1.4202466011047363,0.928070068359375
1710524390019153246,9.841135025024414,1.780696988105774,0.7328760027885437
1710524390065537290,9.825567245483398,1.2011022567749023,1.0897338390350342
1710524390092930646,9.867480278015137,1.4621593952178955,0.8322693109512329
1710524390103253465,9.815987586975098,1.6082556247711182,0.6789880394935608
1710524390178907562,9.883048057556152,1.6836987733840942,0.7927514910697937
1710524390210494869,9.855504989624023,1.421444058418274,0.8993298411369324
1710524390233613909,9.857900619506836,1.2406201362609863,0.9963281154632568
1710524390269536620,9.863887786865234,1.3699511289596558,0.9520202875137329
1710524390343345432,9.837542533874512,1.4334192276000977,0.8705896139144897
1710524390372728100,9.83395004272461,1.5447876453399658,0.8705896139144897
1710524390423096838,9.855504989624023,1.4334192276000977,0.8598120212554932
1710524390513541341,9.821974754333496,1.3579760789871216,1.057401180267334
1710524390532414436,9.814789772033691,1.332828402519226,0.7843688726425171
1710524390614494062,9.899813652038574,1.5615527629852295,0.7795788645744324
1710524390618810554,9.891430854797363,1.6645386219024658,0.6334826946258545
1710524390639755909,9.815987586975098,1.1939172744750977,0.856219470500946
1710524390690257051,9.845925331115723,1.2861255407333374,1.093326449394226
1710524390713378301,9.818382263183594,1.2082873582839966,0.940045177936554
1710524390732244097,9.872270584106445,1.5902929306030273,0.7867639064788818
1710524390784249726,9.874665260314941,1.3124706745147705,0.9268725514411926
1710524390805378881,9.819580078125,1.2597802877426147,1.0190807580947876
1710524390854055995,9.814789772033691,1.2945080995559692,0.8430469036102295
1710524390858327057,9.880653381347656,1.4322216510772705,0.8873547315597534
1710524390881438197,9.897418022155762,1.4346166849136353,0.9364526271820068
1710524390935982387,9.86987590789795,1.3903088569641113,0.9029223918914795
1710524390950572742,9.861493110656738,1.281335473060608,0.8765771389007568
1710524390967393867,9.877060890197754,1.3388159275054932,0.8873547315597534
1710524391001054175,9.845925331115723,1.416654109954834,0.8406518697738647
1710524391055680381,9.843530654907227,1.2992980480194092,1.0609936714172363
1710524391091541639,9.890233039855957,1.2621753215789795,0.8550219535827637
1710524391116841491,9.826765060424805,1.7615368366241455,0.6789880394935608
1710524391150605562,9.904603004455566,1.5316150188446045,0.8035290241241455
1710524391209485440,9.853110313415527,1.6417858600616455,0.7987390160560608
1710524391226554752,9.814789772033691,1.391506314277649,0.730480968952179
1710524391243102440,9.923763275146484,1.4705419540405273,0.9963281154632568
1710524391258046890,9.786049842834473,1.6094530820846558,0.89813232421875
1710524391308506768,9.862689971923828,1.660946011543274,0.7831714153289795
1710524391325305179,9.837542533874512,1.3579760789871216,0.9508227705955505
1710524391377941614,9.831555366516113,1.4801220893859863,0.8885522484779358
1710524391531441462,9.872270584106445,1.2693603038787842,0.8921447992324829
1710524391586192326,9.814789772033691,1.4897021055221558,0.7819738984107971
1710524391605118054,9.877060890197754,1.5280224084854126,0.8155041337013245
1710524391647297846,9.920170783996582,1.5352075099945068,0.7256909012794495
1710524391710347652,9.898615837097168,1.277742862701416,1.0286608934402466
1710524391725028469,9.826765060424805,1.4777270555496216,0.975970447063446
1710524391754505217,9.798025131225586,1.4861096143722534,0.7891589403152466
1710524391867795838,9.906998634338379,1.272952914237976,0.9125024676322937
1710524391882554370,9.844727516174316,1.3340258598327637,0.9975256323814392
1710524391903554068,9.836345672607422,1.5914905071258545,0.8586145043373108
1710524391909760629,9.887838363647461,1.6142431497573853,0.826281726360321
1710524391918266100,9.866283416748047,1.512454867362976,0.8490344285964966
1710524391996174943,9.820777893066406,1.5495775938034058,0.9041198492050171
1710524392029877318,9.863887786865234,1.4238390922546387,0.9292675852775574
1710524392057026967,9.844727516174316,1.4190490245819092,0.8717871308326721
1710524392074069901,9.845925331115723,1.4849121570587158,0.8646020293235779
1710524392090883230,9.845925331115723,1.511257290840149,0.8849596977233887
1710524392143475752,9.890233039855957,1.5196398496627808,0.8071215748786926
1710524392166446404,9.85670280456543,1.341210961341858,0.8358618021011353
1710524392183230345,9.866283416748047,1.5495775938034058,0.6813830733299255
1710524392221241696,9.804012298583984,1.2346326112747192,0.9711804389953613
1710524392233850385,9.831555366516113,1.098116397857666,1.1124866008758545
1710524392237987259,9.89382553100586,1.123264193534851,1.1388317346572876
1710524392257084117,9.862689971923828,1.4058765172958374,0.9639953374862671
1710524392288548832,9.92496109008789,1.5651452541351318,0.7616162300109863
1710524392307607226,9.775272369384766,1.4992822408676147,0.7388635277748108
1710524392334971058,9.825567245483398,1.3783336877822876,0.8909472823143005
1710524392383231740,9.825567245483398,1.5651452541351318,0.7532336711883545
1710524392429709694,9.815987586975098,1.2992980480194092,1.0214757919311523
1710524392454777197,9.831555366516113,1.4382091760635376,0.8334667682647705
1710524392477938103,9.825567245483398,1.3783336877822876,0.820294201374054
1710524392509591191,9.866283416748047,1.4154565334320068,0.8993298411369324
1710524392541248062,9.835147857666016,1.5483801364898682,0.9005273580551147
1710524392549660393,9.853110313415527,1.5256274938583374,0.9208850264549255
1710524392560282526,9.820777893066406,1.3136682510375977,0.9113049507141113
1710524392593996470,9.868678092956543,1.3064831495285034,0.8586145043373108
1710524392616940039,9.857900619506836,1.353186011314392,0.880169689655304
1710524392650756256,9.861493110656738,1.4106664657592773,0.7771838307380676
1710524392703131884,9.718989372253418,1.3400133848190308,1.167572021484375
1710524392724213391,9.885442733764648,1.2753479480743408,1.1388317346572876
1710524392749645658,9.859097480773926,1.5902929306030273,0.6957531571388245
1710524392787252699,9.847123146057129,1.4298266172409058,0.8538244366645813
1710524392797841853,9.844727516174316,1.1364368200302124,1.1100915670394897
1710524392813294846,9.825567245483398,1.3340258598327637,1.0885363817214966
1710524392833663656,9.850715637207031,1.5831079483032227,0.6849755644798279
1710524392841945003,9.910591125488281,1.5795153379440308,0.8071215748786926
1710524392869650433,9.87945556640625,1.2609777450561523,0.9903405904769897
1710524392873785047,9.830357551574707,1.3879138231277466,0.8789721727371216
1710524392884121667,9.78245735168457,1.5220348834991455,0.8370593190193176
1710524392902953641,9.90220832824707,1.631008267402649,0.8310717940330505
1710524392941017077,9.817185401916504,1.266965389251709,0.89813232421875
1710524392976658167,9.904603004455566,1.332828402519226,0.9687854051589966
1710524392982769877,9.821974754333496,1.4585669040679932,0.8873547315597534
1710524392989190297,9.873468399047852,1.5388000011444092,0.8011340498924255
1710524393014351477,9.845925331115723,1.3507909774780273,0.820294201374054
1710524393033281555,9.857900619506836,1.3352234363555908,0.9005273580551147
1710524393039652183,9.851912498474121,1.452579379081726,0.880169689655304
1710524393075636166,9.848320007324219,1.4920971393585205,0.8921447992324829
1710524393111250512,9.847123146057129,1.3052856922149658,0.916094958782196
1710524393218478292,9.84233283996582,1.541195034980774,0.8741821050643921
1710524393241779992,9.721384048461914,1.3663586378097534,1.1591894626617432
1710524393258515150,9.908195495605469,1.2585827112197876,1.1196715831756592
1710524393285892444,9.85670280456543,1.6477733850479126,0.550854504108429
1710524393315058904,9.814789772033691,1.2753479480743408,0.9855505228042603
1710524393352834265,9.896221160888672,1.4980846643447876,1.0669811964035034
1710524393373899116,9.892627716064453,1.5040723085403442,0.7867639064788818
1710524393390789242,9.896221160888672,1.337618350982666,0.8155041337013245
1710524393397130001,9.897418022155762,1.293310523033142,0.969982922077179
1710524393420342922,9.826765060424805,1.4142590761184692,0.8849596977233887
1710524393449613285,9.86987590789795,1.632205843925476,0.736468493938446
1710524393453879124,9.838740348815918,1.5304174423217773,0.8178991675376892
1710524393460371021,9.843530654907227,1.2502001523971558,0.910107433795929
1710524393491845165,9.845925331115723,1.353186011314392,1.0394384860992432
1710524393523717748,9.819580078125,1.3807287216186523,1.0106981992721558
1710524393540145756,9.836345672607422,1.4298266172409058,0.9987231492996216
1710524393569405252,9.867480278015137,1.371148705482483,0.8119116425514221
1710524393592623685,9.855504989624023,1.4178515672683716,0.8729846477508545
1710524393603092806,9.845925331115723,1.532812476158142,0.910107433795929
1710524393626189461,9.83395004272461,1.5699353218078613,0.9041198492050171
1710524393643112046,9.849517822265625,1.532812476158142,0.9208850264549255
1710524393678952312,9.854308128356934,1.2525951862335205,0.8753796219825745
1710524393735762362,9.85670280456543,1.4394067525863647,0.8837621808052063
1710524393792788214,9.818382263183594,1.542392611503601,1.0897338390350342
1710524393853567890,9.942923545837402,1.7028589248657227,0.580792248249054
1710524393889403002,9.824370384216309,1.457369327545166,0.8526269793510437
1710524393923051332,9.861493110656738,1.5795153379440308,0.7987390160560608
1710524393925012920,9.826765060424805,1.5376025438308716,0.8035290241241455
1710524393948244680,9.85670280456543,1.341210961341858,1.0250684022903442
1710524394005071722,9.860295295715332,1.6298108100891113,0.7328760027885437
1710524394043235920,9.849517822265625,1.2621753215789795,0.9053173661231995
1710524394057750378,9.897418022155762,1.2789404392242432,0.9963281154632568
1710524394089379602,9.867480278015137,1.566342830657959,0.8765771389007568
1710524394101971340,9.85670280456543,1.3843213319778442,0.8849596977233887
1710524394125256728,9.8291597366333,1.3292357921600342,0.8574169874191284
1710524394162940915,9.857900619506836,1.4202466011047363,0.8825647234916687
1710524394188059669,9.827962875366211,1.5340100526809692,0.946032702922821
1710524394211538921,9.820777893066406,1.4334192276000977,0.9352551102638245
1710524394234352456,9.855504989624023,1.4250366687774658,0.8550219535827637
1710524394259791260,9.847123146057129,1.5040723085403442,0.9029223918914795
1710524394316468661,9.814789772033691,1.4837145805358887,1.1496093273162842
1710524394331364347,9.793234825134277,1.2525951862335205,1.0693762302398682
1710524394382970516,9.874665260314941,1.3220508098602295,0.8298742771148682
1710524394392278997,9.912985801696777,1.6357983350753784,0.5760021805763245
1710524394396389260,9.839938163757324,1.6453784704208374,0.7975414991378784
1710524394413067469,9.86987590789795,1.1795470714569092,1.0813512802124023
1710524394444787970,9.847123146057129,1.3064831495285034,1.0214757919311523
1710524394450940416,9.845925331115723,1.622625708580017,0.8969348073005676
1710524394452962621,9.845925331115723,1.6214282512664795,0.7975414991378784
1710524394495150172,9.802814483642578,1.4298266172409058,0.7747887969017029
1710524394507633046,9.89382553100586,1.331630825996399,0.9005273580551147
1710524394513878731,9.818382263183594,1.3436059951782227,0.808319091796875
1710524394526481883,9.831555366516113,1.5639477968215942,0.7855663895606995
1710524394545434157,9.86508560180664,1.6944763660430908,0.7723938226699829
1710524394555902398,9.826765060424805,1.3747411966323853,0.9388476610183716
1710524394566499054,9.815987586975098,1.2909154891967773,0.9448351860046387
1710524394585180219,9.838740348815918,1.296903133392334,1.0130932331085205
1710524394593852654,9.815987586975098,1.3064831495285034,0.9687854051589966
1710524394606803504,9.818382263183594,1.5220348834991455,0.8753796219825745
1710524394627472772,9.84233283996582,1.6214282512664795,0.880169689655304
1710524394640254682,9.899813652038574,1.5890954732894897,0.8837621808052063
1710524394665258239,9.855504989624023,1.3220508098602295,0.8382568359375
1710524394679919954,9.862689971923828,1.3388159275054932,0.8646020293235779
1710524394703217689,9.821974754333496,1.3591735363006592,0.8514294624328613
1710524394732251957,9.820777893066406,1.5388000011444092,0.9544152617454529
1710524394734393091,9.820777893066406,1.5388000011444092,0.9544152617454529
1710524394753222029,9.836345672607422,1.3400133848190308,0.9544152617454529
1710524394774246947,9.872270584106445,1.2597802877426147,0.8813672065734863
1710524394780617716,9.887838363647461,1.3723461627960205,0.868194580078125
1710524394831378968,9.830357551574707,1.5148499011993408,0.9412426948547363
1710524394858312035,9.824370384216309,1.3555810451507568,0.7532336711883545
1710524394871040809,9.87945556640625,1.5950829982757568,1.1400293111801147
1710524394892075847,9.91657829284668,1.3196557760238647,1.1699670553207397
1710524394906639580,9.871072769165039,1.580712914466858,0.4885839819908142
1710524394933891269,9.918972969055176,1.5783178806304932,0.4802014231681824
1710524394981800191,9.807604789733887,1.1328442096710205,1.107696533203125
1710524395009506388,9.843530654907227,1.2358300685882568,1.1064990758895874
1710524395039075147,9.911787986755371,1.3352234363555908,1.0897338390350342
1710524395051531855,9.861493110656738,1.2082873582839966,0.8957372903823853
1710524395074719094,9.814789772033691,1.3507909774780273,0.7831714153289795
1710524395083159609,9.90220832824707,1.73638916015625,0.7807763814926147
1710524395098250238,9.837542533874512,1.5579601526260376,0.9125024676322937
1710524395121106352,9.819580078125,1.356778621673584,0.9256750345230103
1710524395144030080,9.836345672607422,1.331630825996399,1.0011181831359863
1710524395152690412,9.818382263183594,1.3855187892913818,0.9544152617454529
1710524395201107683,9.83395004272461,1.6034655570983887,0.8813672065734863
1710524395234497969,9.848320007324219,1.3879138231277466,0.8610095381736755
1710524395244931596,9.817185401916504,1.5950829982757568,0.9807605147361755
1710524395261959838,9.814789772033691,1.610650658607483,0.9939330816268921
1710524395276380828,9.824370384216309,1.5399975776672363,0.9627978801727295
1710524395332958868,9.860295295715332,1.2454102039337158,0.8370593190193176
1710524395385364919,9.917776107788086,1.331630825996399,0.7676037549972534
1710524395400317662,9.97645378112793,1.4082714319229126,0.6358776688575745
1710524395419449746,9.813592910766602,1.4956897497177124,1.2897180318832397
1710524395482233095,9.8291597366333,1.4681469202041626,1.0250684022903442
1710524395505428948,9.812395095825195,1.3196557760238647,1.1807446479797363
1710524395524673283,9.827962875366211,1.2154724597930908,1.2011022567749023
1710524395602213541,9.851912498474121,1.2597802877426147,1.0394384860992432
1710524395646598106,9.855504989624023,1.3843213319778442,0.9651928544044495
1710524395669449068,9.821974754333496,1.311273217201233,1.0250684022903442
1710524395698924090,9.815987586975098,1.2909154891967773,0.9939330816268921
1710524395726186963,9.901010513305664,1.5519726276397705,0.8634045124053955
1710524395759981069,9.826765060424805,1.2957055568695068,0.8717871308326721
1710524395797462637,9.824370384216309,1.5304174423217773,0.868194580078125
1710524395814353781,9.824370384216309,1.5304174423217773,0.868194580078125
1710524395833265903,9.824370384216309,1.3639636039733887,0.9639953374862671
1710524395855117982,9.827962875366211,1.2466076612472534,0.8717871308326721
1710524395879716514,9.863887786865234,1.452579379081726,0.8382568359375
1710524395921660715,9.886640548706055,1.3148657083511353,0.8011340498924255
1710524395949101958,9.863887786865234,1.646575927734375,1.1064990758895874
1710524395957605592,9.880653381347656,1.3424084186553955,1.1029064655303955
1710524395983575003,9.808802604675293,1.3364208936691284,1.0957214832305908
1710524395988831583,9.932146072387695,1.347198486328125,0.8394543528556824
1710524395999350878,9.866283416748047,1.4118640422821045,0.6514453291893005
1710524396020471543,9.835147857666016,1.5447876453399658,0.6155200004577637
1710524396051657613,9.818382263183594,1.191522240638733,1.1591894626617432
1710524396060220243,9.90220832824707,1.1951147317886353,1.153201937675476
1710524396074903421,9.90220832824707,1.4262341260910034,0.886157214641571
1710524396087534648,9.895023345947266,1.6274157762527466,0.8071215748786926
1710524396119053701,9.813592910766602,1.3136682510375977,1.0262658596038818
1710524396133578156,9.897418022155762,1.2885204553604126,1.13763427734375
1710524396164977269,9.868678092956543,1.6238232851028442,0.808319091796875
1710524396200858282,9.819580078125,1.5280224084854126,0.8933422565460205
1710524396238599153,9.866283416748047,1.2657678127288818,1.0202783346176147
1710524396249267924,9.855504989624023,1.3400133848190308,0.9855505228042603
1710524396282942883,9.872270584106445,1.586700439453125,0.910107433795929
1710524396285062535,9.838740348815918,1.4501843452453613,0.8717871308326721
1710524396303800918,9.85670280456543,1.347198486328125,0.8741821050643921
1710524396331066674,9.860295295715332,1.3795312643051147,0.8777746558189392
1710524396398074340,9.863887786865234,1.271755337715149,0.9148974418640137
1710524396452793551,9.88903522491455,1.4250366687774658,0.9771679639816284
1710524396499088224,9.818382263183594,1.5435900688171387,0.8610095381736755
1710524396536946224,9.884245872497559,1.331630825996399,0.8071215748786926
1710524396553741618,9.891430854797363,1.5735278129577637,0.5352868437767029
1710524396584797409,9.826765060424805,1.5938855409622192,0.7747887969017029
1710524396589602435,9.819580078125,1.4645544290542603,1.0142908096313477
1710524396635775938,9.831555366516113,1.7136365175247192,0.7987390160560608
1710524396650719471,9.843530654907227,1.6118481159210205,0.7520361542701721
1710524396755968003,9.832752227783203,1.3004956245422363,0.9604028463363647
1710524396781653333,9.849517822265625,1.3579760789871216,1.0406359434127808
1710524396798117697,9.814789772033691,1.5340100526809692,0.8729846477508545
1710524396823731764,9.866283416748047,1.4885046482086182,0.8729846477508545
1710524396865126931,9.825567245483398,1.3891112804412842,0.9113049507141113
1710524396941009080,9.853110313415527,1.5567626953125,0.9723779559135437
1710524396997356481,9.859097480773926,1.4489867687225342,0.89813232421875
1710524397001536822,9.859097480773926,1.4489867687225342,0.89813232421875
1710524397018398177,9.818382263183594,1.3136682510375977,0.6921606659889221
1710524397052400794,9.814789772033691,1.5280224084854126,0.8430469036102295
1710524397086033372,9.897418022155762,1.3340258598327637,0.8190966844558716
1710524397119703689,9.814789772033691,1.5938855409622192,0.8586145043373108
1710524397144905264,9.814789772033691,1.233435034751892,1.2106823921203613
1710524397157403472,9.885442733764648,1.2094848155975342,1.1987072229385376
1710524397174113020,9.887838363647461,1.5902929306030273,0.7843688726425171
1710524397222442825,9.855504989624023,1.5795153379440308,0.8538244366645813
1710524397237213382,9.806407928466797,1.4418017864227295,0.8873547315597534
1710524397245842343,9.859097480773926,1.610650658607483,0.8011340498924255
1710524397262383995,9.912985801696777,1.6489709615707397,0.7508386373519897
1710524397283615463,9.815987586975098,1.5184423923492432,0.8885522484779358
1710524397336125169,9.815987586975098,1.2909154891967773,1.01788330078125
1710524397352776684,9.854308128356934,1.580712914466858,0.8993298411369324
1710524397384882168,9.815987586975098,1.383123755455017,0.9196875095367432
1710524397399321331,9.845925331115723,1.3172607421875,0.8957372903823853
1710524397424259122,9.827962875366211,1.5388000011444092,0.9125024676322937
1710524397447751037,9.824370384216309,1.601070523262024,0.9316626191139221
1710524397464520469,9.815987586975098,1.5388000011444092,0.9580078125
1710524397491704875,9.861493110656738,1.2885204553604126,0.9053173661231995
1710524397512833664,9.867480278015137,1.3735437393188477,0.8813672065734863
1710524397533769148,9.8291597366333,1.5076647996902466,0.975970447063446
1710524397546431966,9.923763275146484,1.3124706745147705,0.748443603515625
1710524397552645818,9.814789772033691,1.2621753215789795,0.6322851777076721
1710524397590477393,9.832752227783203,1.6597485542297363,1.2250524759292603
1710524397617831356,9.631570816040039,1.3855187892913818,1.233435034751892
1710524397641010688,9.815987586975098,1.3591735363006592,1.0825488567352295
1710524397683366255,9.800419807434082,1.2741503715515137,1.2466076612472534
1710524397700090851,9.886640548706055,1.2957055568695068,1.2981005907058716
1710524397725167019,9.853110313415527,1.6130456924438477,0.6143224835395813
1710524397748457592,9.860295295715332,1.5340100526809692,0.7520361542701721
1710524397785143328,9.836345672607422,1.296903133392334,1.0011181831359863
1710524397807264672,9.884245872497559,1.2837305068969727,1.0969189405441284
1710524397851335588,9.853110313415527,1.323248267173767,1.0406359434127808
1710524397863829630,9.819580078125,1.3591735363006592,1.0957214832305908
1710524397870022137,9.819580078125,1.3591735363006592,1.0957214832305908
1710524397911868753,9.853110313415527,1.4082714319229126,0.8669970631599426
1710524397924643428,9.837542533874512,1.3507909774780273,0.916094958782196
1710524397947547791,9.820777893066406,1.3519885540008545,0.9113049507141113
1710524397972871756,9.851912498474121,1.481319546699524,0.9184899926185608
1710524397985299636,9.860295295715332,1.5447876453399658,0.9268725514411926
1710524398012620813,9.832752227783203,1.4106664657592773,0.9939330816268921
1710524398050249663,9.853110313415527,1.281335473060608,0.9592053294181824
1710524398143097631,9.80521011352539,1.5555652379989624,1.3436059951782227
1710524398183387844,9.847123146057129,1.2897180318832397,1.0609936714172363
1710524398252317777,9.821974754333496,1.191522240638733,1.2154724597930908
1710524398311115394,9.831555366516113,1.4322216510772705,1.128054141998291
1710524398344867946,9.815987586975098,1.3364208936691284,0.7711963057518005
1710524398361518277,9.847123146057129,1.6214282512664795,0.7460485696792603
1710524398388769188,9.814789772033691,1.3436059951782227,0.9795629978179932
1710524398420298087,9.868678092956543,1.3591735363006592,0.9687854051589966
1710524398447758926,9.849517822265625,1.4789245128631592,0.8909472823143005
1710524398466682409,9.8291597366333,1.3483959436416626,0.9448351860046387
1710524398487550446,9.860295295715332,1.332828402519226,0.8897497653961182
1710524398502190048,9.860295295715332,1.332828402519226,0.8897497653961182
1710524398585934017,9.84233283996582,1.243015170097351,0.9496252536773682
1710524398609257129,9.839938163757324,1.4597643613815308,0.8454418778419495
1710524398626209615,9.866283416748047,1.5052697658538818,0.8837621808052063
1710524398634566798,9.814789772033691,1.5136523246765137,0.9184899926185608
1710524398653365174,9.823172569274902,1.237027645111084,0.6526428461074829
1710524398680612213,9.8100004196167,1.602268099784851,1.3220508098602295
1710524398697397126,9.684261322021484,1.4717395305633545,1.302890658378601
1710524398743437189,9.859097480773926,1.281335473060608,1.0466235876083374
1710524398821349382,9.901010513305664,1.610650658607483,0.7975414991378784
1710524398842925056,9.837542533874512,1.5759228467941284,0.8646020293235779
1710524398854763095,9.874665260314941,1.3759387731552124,1.1951147317886353
1710524398892586185,9.837542533874512,1.2490026950836182,1.117276668548584
1710524398928380791,9.863887786865234,1.3208532333374023,1.0394384860992432
1710524398949304362,9.896221160888672,1.3124706745147705,1.0454260110855103
1710524398966147320,9.821974754333496,1.3100756406784058,0.9747729301452637
1710524398995430353,9.853110313415527,1.5747253894805908,0.8933422565460205
1710524399023661338,9.899813652038574,1.5735278129577637,0.9065148830413818
1710524399079852729,9.847123146057129,1.371148705482483,0.8885522484779358
1710524399088192865,9.83395004272461,1.5855029821395874,0.9675878882408142
1710524399125711891,9.815987586975098,1.4633569717407227,0.999920666217804
1710524399140615647,9.850715637207031,1.287322998046875,1.0095007419586182
1710524399170177506,9.817185401916504,1.4801220893859863,0.9172924757003784
1710524399210006317,9.847123146057129,1.4298266172409058,0.9687854051589966
1710524399239588449,9.67707633972168,1.4441968202590942,1.3783336877822876
1710524399254017433,9.91657829284668,1.2226574420928955,1.0849438905715942
1710524399275333959,9.867480278015137,1.361568570137024,0.5664221048355103
1710524399373950587,9.859097480773926,1.5459851026535034,0.8442443609237671
1710524399401189595,9.823172569274902,1.347198486328125,1.0298583507537842
1710524399420286328,9.793234825134277,1.293310523033142,0.7771838307380676
1710524399441168165,9.793234825134277,1.293310523033142,0.7771838307380676
1710524399477032239,9.814789772033691,1.3352234363555908,0.9687854051589966
1710524399521033701,9.875863075256348,1.3136682510375977,1.0813512802124023
1710524399560763551,9.86987590789795,1.592687964439392,0.8825647234916687
1710524399592391446,9.825567245483398,1.391506314277649,0.9364526271820068
1710524399678977947,9.871072769165039,1.3124706745147705,1.0442285537719727
1710524399739463150,9.857900619506836,1.4418017864227295,0.999920666217804
1710524399758484848,9.859097480773926,1.237027645111084,0.6622229218482971
1710524399764767309,9.850715637207031,1.6082556247711182,0.8657995462417603
1710524399796109187,9.807604789733887,1.301693081855774,1.1759545803070068
1710524399834234866,9.873468399047852,1.4358142614364624,0.6023474335670471
1710524399842503492,9.981244087219238,1.5136523246765137,0.4550537168979645
1710524399863499709,9.814789772033691,1.3687536716461182,1.2346326112747192
1710524399907484571,9.8291597366333,1.3903088569641113,0.8298742771148682
1710524399922399310,9.832752227783203,1.6142431497573853,0.8238866925239563
1710524399926463609,9.832752227783203,1.6142431497573853,0.8238866925239563
1710524399966100759,9.824370384216309,1.187929630279541,1.0095007419586182
1710524399993697263,9.853110313415527,1.7411792278289795,0.7041357159614563
1710524400029606161,9.837542533874512,1.3172607421875,1.1304491758346558
1710524400033695981,9.824370384216309,1.2693603038787842,1.0957214832305908
1710524400054617839,9.812395095825195,1.3088781833648682,1.0214757919311523
1710524400085817291,9.87945556640625,1.446591854095459,0.9520202875137329
1710524400104758830,9.848320007324219,1.6142431497573853,0.9232800006866455
1710524400123778163,9.863887786865234,1.311273217201233,0.9232800006866455
1710524400136380228,9.84233283996582,1.326840877532959,0.9148974418640137
1710524400150992409,9.835147857666016,1.383123755455017,0.9125024676322937
1710524400199459790,9.850715637207031,1.511257290840149,0.9172924757003784
1710524400302461255,9.885442733764648,1.3160632848739624,0.8693920969963074
1710524400422040407,9.817185401916504,1.5783178806304932,1.1148816347122192
1710524400438809014,9.886640548706055,1.3903088569641113,0.8657995462417603
1710524400462018485,9.946516036987305,1.5878978967666626,0.7376660108566284
1710524400483093795,9.795629501342773,1.452579379081726,0.89813232421875
1710524400497590176,9.855504989624023,1.407073974609375,1.2466076612472534
1710524400529294665,9.857900619506836,1.5567626953125,0.8226892352104187
1710524400537515387,9.903406143188477,1.706451416015625,0.7999365329742432
1710524400583738950,9.896221160888672,1.3639636039733887,1.087338924407959
1710524400665558650,9.892627716064453,1.3639636039733887,0.9843530058860779
1710524400692971443,9.817185401916504,1.3939013481140137,0.9304651021957397
1710524400717939075,9.830357551574707,1.6142431497573853,0.928070068359375
1710524400762360447,9.843530654907227,1.5136523246765137,0.9496252536773682
1710524400808377860,9.847123146057129,1.4944921731948853,0.9316626191139221
1710524400831533137,9.854308128356934,1.3555810451507568,0.6442602276802063
1710524400837926271,9.854308128356934,1.660946011543274,0.9484277367591858
1710524400867199342,9.86508560180664,1.7555493116378784,1.237027645111084
1710524400909443753,9.896221160888672,1.4849121570587158,0.6083349585533142
1710524400925990664,9.940528869628906,1.5088622570037842,0.5496569871902466
1710524400972288490,9.832752227783203,1.5855029821395874,0.9244775176048279
1710524401031060239,9.800419807434082,1.4657520055770874,0.9723779559135437
1710524401068825056,9.789642333984375,1.2789404392242432,0.7831714153289795
1710524401138705855,9.899813652038574,1.337618350982666,1.0741662979125977
1710524401171830591,9.813592910766602,1.4956897497177124,0.916094958782196
1710524401216142845,9.835147857666016,1.431024193763733,0.9328601360321045
1710524401274944724,9.815987586975098,1.512454867362976,0.9639953374862671
1710524401283338021,9.825567245483398,1.446591854095459,1.0047106742858887
1710524401300161307,9.830357551574707,1.281335473060608,1.0095007419586182
1710524401312682261,9.872270584106445,1.241817593574524,1.0095007419586182
1710524401329535846,9.88903522491455,1.371148705482483,0.9244775176048279
1710524401367397776,9.845925331115723,1.446591854095459,0.9867480397224426
1710524401382143537,9.835147857666016,1.2022998332977295,0.6789880394935608
1710524401394561712,9.845925331115723,1.696871280670166,1.2166699171066284
1710524401468437002,9.826765060424805,1.332828402519226,1.101709008216858
1710524401470529253,9.827962875366211,1.4418017864227295,0.5712121725082397
1710524401489560439,9.89382553100586,1.4956897497177124,1.147214412689209
1710524401495855318,9.793234825134277,1.117276668548584,1.2154724597930908
1710524401529417661,9.818382263183594,1.263372778892517,1.0885363817214966
1710524401556836240,9.817185401916504,1.5747253894805908,0.880169689655304
1710524401624455654,9.838740348815918,1.2992980480194092,0.7580236792564392
1710524401653580109,9.815987586975098,1.5100598335266113,0.916094958782196
1710524401655770109,9.811197280883789,1.3555810451507568,1.0454260110855103
1710524401725180174,9.857900619506836,1.2382251024246216,0.9663903713226318
1710524401756346214,9.861493110656738,1.3759387731552124,0.9795629978179932
1710524401806807373,9.827962875366211,1.5184423923492432,0.9771679639816284
1710524401842336869,9.821974754333496,1.3950989246368408,1.0514135360717773
1710524401861457981,9.851912498474121,1.2286449670791626,0.9735754132270813
1710524401892870825,9.857900619506836,1.532812476158142,0.916094958782196
1710524401903521073,9.8291597366333,1.536405086517334,0.9831554889678955
1710524401905586247,9.861493110656738,1.452579379081726,1.027463436126709
1710524401939466033,9.861493110656738,1.5938855409622192,0.9376501441001892
1710524401945579941,9.8100004196167,1.5435900688171387,1.3004956245422363
1710524401985320565,9.632768630981445,1.4489867687225342,1.337618350982666
1710524402010721615,9.860295295715332,1.3591735363006592,1.2537927627563477
1710524402014984132,9.878257751464844,1.601070523262024,0.6322851777076721
1710524402048499880,9.808802604675293,1.401086449623108,1.123264193534851
1710524402061495601,9.947713851928711,1.2250524759292603,1.287322998046875
1710524402073681653,9.738149642944336,1.6597485542297363,0.790356457233429
1710524402117962060,9.872270584106445,1.632205843925476,0.9136999249458313
1710524402130422446,9.896221160888672,1.347198486328125,1.3052856922149658
1710524402168295342,9.861493110656738,1.3903088569641113,0.7999365329742432
1710524402210238629,9.8100004196167,1.4022839069366455,1.0550061464309692
1710524402214648551,9.820777893066406,1.2693603038787842,1.062191128730774
1710524402313146338,9.847123146057129,1.331630825996399,0.9172924757003784
1710524402373920358,9.817185401916504,1.6274157762527466,1.0214757919311523
1710524402397302053,9.824370384216309,1.3292357921600342,0.9891430735588074
1710524402447648778,9.873468399047852,1.4250366687774658,1.0502160787582397
1710524402464618157,9.815987586975098,1.1759545803070068,0.6274951100349426
1710524402540015077,9.892627716064453,1.4154565334320068,1.2849279642105103
1710524402581807296,9.815987586975098,1.646575927734375,0.8382568359375
1710524402581869752,9.815987586975098,1.481319546699524,1.1244616508483887
1710524402615585657,9.765691757202148,1.123264193534851,1.233435034751892
1710524402684846098,9.820777893066406,1.5914905071258545,0.8789721727371216
1710524402705871157,9.901010513305664,1.577120304107666,0.8178991675376892
1710524402718539305,9.859097480773926,1.73638916015625,0.7412585616111755
1710524402750175825,9.818382263183594,1.5855029821395874,0.9711804389953613
1710524402770925714,9.851912498474121,1.3364208936691284,1.0861413478851318
1710524402800388810,9.8100004196167,1.4849121570587158,0.940045177936554
1710524402852816410,9.847123146057129,1.3280383348464966,0.9448351860046387
1710524402891181704,9.866283416748047,1.397493839263916,0.9651928544044495
1710524402916065645,9.820777893066406,1.4932947158813477,1.0310559272766113
1710524402924470400,9.823172569274902,1.3591735363006592,0.9891430735588074
1710524402937067880,9.84233283996582,1.2753479480743408,0.9963281154632568
1710524403013284546,9.818382263183594,1.5316150188446045,1.0071057081222534
1710524403046611320,9.820777893066406,1.2142748832702637,0.7053332328796387
1710524403086732457,9.742938995361328,1.362766146659851,1.1567944288253784
1710524403107843652,9.927355766296387,1.662143588066101,0.6334826946258545
1710524403200201660,9.930948257446289,1.6357983350753784,0.8250842094421387
1710524403223367542,9.820777893066406,1.5447876453399658,0.8813672065734863
1710524403252858862,9.845925331115723,1.251397728919983,1.1508069038391113
1710524403278114091,9.83395004272461,1.4885046482086182,0.7855663895606995
1710524403292735187,9.906998634338379,1.6250207424163818,0.8298742771148682
1710524403355771128,9.820777893066406,1.4920971393585205,0.9508227705955505
1710524403398056113,9.848320007324219,1.3747411966323853,0.8909472823143005
1710524403419001115,9.84233283996582,1.4142590761184692,0.9687854051589966
1710524403460764511,9.818382263183594,1.4956897497177124,1.0262658596038818
1710524403473282486,9.843530654907227,1.266965389251709,1.0130932331085205
1710524403492332477,9.848320007324219,1.241817593574524,0.9807605147361755
1710524403517640923,9.845925331115723,1.2897180318832397,0.9843530058860779
1710524403555592138,9.885442733764648,1.287322998046875,0.8143066167831421
1710524403586886041,9.814789772033691,1.706451416015625,1.296903133392334
1710524403607857187,9.838740348815918,1.367556095123291,1.2046948671340942
1710524403618246348,10.000404357910156,1.3507909774780273,0.9376501441001892
1710524403643808606,9.815987586975098,1.3819262981414795,0.6262975931167603
1710524403649823332,9.932146072387695,1.5699353218078613,0.5161266922950745
1710524403685597707,9.814789772033691,1.7100439071655273,0.8550219535827637
1710524403710767028,9.904603004455566,1.5256274938583374,1.152004361152649
1710524403714994804,9.838740348815918,1.0741662979125977,1.2585827112197876
1710524403756846943,9.814789772033691,1.2561877965927124,1.01788330078125
1710524403783801566,9.819580078125,1.5388000011444092,0.8825647234916687
1710524403798913790,9.911787986755371,1.580712914466858,0.826281726360321
1710524403824244612,9.817185401916504,1.5388000011444092,0.9735754132270813
1710524403861760934,9.814789772033691,1.3723461627960205,1.0645861625671387
1710524403880895840,9.824370384216309,1.3424084186553955,1.0897338390350342
1710524403895381820,9.817185401916504,1.472936987876892,0.9448351860046387
1710524403922771196,9.854308128356934,1.5699353218078613,0.9951305985450745
1710524403964706424,9.837542533874512,1.3747411966323853,0.9352551102638245
1710524403968901551,9.874665260314941,1.3807287216186523,0.9316626191139221
1710524403983795637,9.824370384216309,1.3998888731002808,0.9987231492996216
1710524404015073818,9.823172569274902,1.4681469202041626,1.0346484184265137
1710524404026321059,9.825567245483398,1.3495935201644897,1.053808569908142
1710524404032114082,9.847123146057129,1.243015170097351,1.0154882669448853
1710524404055184782,9.838740348815918,1.392703890800476,0.9627978801727295
1710524404069964453,9.848320007324219,1.4885046482086182,0.9208850264549255
1710524404090884638,9.841135025024414,1.550775170326233,0.9520202875137329
1710524404106779846,9.815987586975098,1.5256274938583374,1.0011181831359863
1710524404114100302,9.86987590789795,1.442999243736267,1.0490185022354126
1710524404120532383,9.915380477905273,1.3998888731002808,0.6682104468345642
1710524404137261094,9.739346504211426,1.472936987876892,1.2597802877426147
1710524404158110595,9.687853813171387,1.413061499595642,1.3687536716461182
1710524404198134152,9.909393310546875,1.6980688571929932,0.49097901582717896
1710524404214884318,9.814789772033691,1.2597802877426147,1.3292357921600342
1710524404240543921,9.814789772033691,1.2597802877426147,1.3292357921600342
1710524404271708318,9.941725730895996,1.6693285703659058,0.8394543528556824
1710524404305352525,9.815987586975098,1.6154407262802124,0.9256750345230103
1710524404311555054,9.849517822265625,1.203497290611267,1.152004361152649
1710524404362052744,9.903406143188477,1.6190332174301147,0.7580236792564392
1710524404382453312,9.814789772033691,1.5843054056167603,1.123264193534851
1710524404414230456,9.891430854797363,1.2705578804016113,1.0669811964035034
1710524404443677655,9.839938163757324,1.4298266172409058,0.9388476610183716
1710524404475264822,9.814789772033691,1.4741345643997192,1.0514135360717773
1710524404559533592,9.819580078125,1.5759228467941284,1.063388705253601
1710524404593006326,9.857900619506836,1.2621753215789795,0.928070068359375
1710524404601213015,9.892627716064453,1.397493839263916,0.9651928544044495
1710524404643622319,9.853110313415527,1.5759228467941284,1.0406359434127808
1710524404683244721,9.799221992492676,1.5244299173355103,0.9208850264549255
1710524404691797617,9.728569030761719,1.5340100526809692,1.2286449670791626
1710524404700213062,9.8291597366333,1.3579760789871216,1.241817593574524
1710524404788740376,9.804012298583984,1.0789562463760376,1.1939172744750977
1710524404805441135,9.866283416748047,1.0777587890625,1.2849279642105103
1710524404834873588,9.868678092956543,1.6142431497573853,0.8442443609237671
1710524404891430281,9.831555366516113,1.3436059951782227,0.8071215748786926
1710524404910412463,9.815987586975098,1.6429834365844727,0.8538244366645813
1710524404916736076,9.814789772033691,1.5591577291488647,1.0526111125946045
1710524404937691745,9.859097480773926,1.2645703554153442,1.0346484184265137
1710524404962659356,9.819580078125,1.2789404392242432,1.0106981992721558
1710524405002781851,9.817185401916504,1.5352075099945068,1.047821044921875
1710524405034539602,9.832752227783203,1.4178515672683716,1.0358459949493408
1710524405063788981,9.863887786865234,1.4489867687225342,1.0190807580947876
1710524405086844684,9.815987586975098,1.5819103717803955,1.047821044921875
1710524405101688758,9.83395004272461,1.490899682044983,1.0945239067077637
1710524405126924322,9.830357551574707,1.3340258598327637,1.0130932331085205
1710524405154026793,9.823172569274902,1.511257290840149,0.9651928544044495
1710524405185555088,9.851912498474121,1.3424084186553955,0.8430469036102295
1710524405225595400,9.908195495605469,1.6381933689117432,1.2106823921203613
1710524405242532600,9.733359336853027,1.5100598335266113,1.2358300685882568
1710524405284521109,9.830357551574707,1.4286291599273682,0.6897656321525574
1710524405288719544,9.890233039855957,1.6645386219024658,0.526904284954071
1710524405309806696,9.873468399047852,1.5603551864624023,1.1292517185211182
1710524405326551469,9.798025131225586,1.062191128730774,1.243015170097351
1710524405351949485,9.845925331115723,1.2106823921203613,1.0394384860992432
1710524405364426375,9.812395095825195,1.6777111291885376,0.9125024676322937
1710524405372819733,9.814789772033691,1.6154407262802124,1.0430309772491455
1710524405383777964,9.817185401916504,1.49688720703125,1.217867374420166
1710524405412753794,9.825567245483398,1.1723620891571045,1.1699670553207397
1710524405423154731,9.853110313415527,1.1663745641708374,0.9963281154632568
1710524405471504988,9.884245872497559,1.602268099784851,0.7747887969017029
1710524405479977231,9.814789772033691,1.7088464498519897,0.8214917182922363
1710524405507642772,9.890233039855957,1.2597802877426147,1.0909314155578613
1710524405532435610,9.853110313415527,1.442999243736267,0.9891430735588074
1710524405603911089,9.866283416748047,1.3400133848190308,0.880169689655304
1710524405637596089,9.811197280883789,1.6537610292434692,1.1029064655303955
1710524405683843957,9.817185401916504,1.2202624082565308,0.9627978801727295
1710524405694331523,9.817185401916504,1.487307071685791,0.9316626191139221
1710524405738624561,9.835147857666016,1.5819103717803955,1.0202783346176147
1710524405783524833,9.853110313415527,1.3507909774780273,0.9089099168777466
1710524405783590283,9.936936378479004,1.662143588066101,1.2621753215789795
1710524405797421052,9.84233283996582,1.361568570137024,1.3352234363555908
1710524405833302028,9.814789772033691,1.4837145805358887,0.6897656321525574
1710524405837521545,9.802814483642578,1.7280066013336182,0.8310717940330505
1710524405852257291,9.920170783996582,1.502874732017517,1.1448193788528442
1710524405869014795,9.885442733764648,1.0406359434127808,1.266965389251709
1710524405887939340,9.824370384216309,1.203497290611267,1.0526111125946045
1710524405959471735,9.819580078125,1.181942105293274,1.1999047994613647
1710524406005849973,9.860295295715332,1.7627344131469727,0.8442443609237671
1710524406013847912,9.831555366516113,1.361568570137024,1.157991886138916
1710524406043357180,9.821974754333496,1.271755337715149,1.008303165435791
1710524406062398791,9.813592910766602,1.4501843452453613,0.9867480397224426
1710524406079220127,9.831555366516113,1.5531702041625977,1.0585986375808716
1710524406102351492,9.844727516174316,1.526824951171875,1.0466235876083374
1710524406142417349,9.849517822265625,1.3687536716461182,0.8598120212554932
1710524406157162284,9.831555366516113,1.5986754894256592,1.0945239067077637
1710524406173856686,9.814789772033691,1.640588402748108,1.0669811964035034
1710524406190821609,9.841135025024414,1.506467342376709,1.0885363817214966
1710524406212148758,9.823172569274902,1.2382251024246216,0.9975256323814392
1710524406226910293,9.86508560180664,1.3052856922149658,1.002315640449524
1710524406247595964,9.827962875366211,1.5699353218078613,1.0095007419586182
1710524406289916668,9.815987586975098,1.5699353218078613,1.0142908096313477
1710524406327557695,9.895023345947266,1.37713623046875,0.7568261623382568
1710524406363406411,9.666298866271973,1.3986914157867432,1.337618350982666
1710524406392714748,9.826765060424805,1.6753162145614624,0.5197192430496216
1710524406413904117,9.786049842834473,1.0358459949493408,1.2992980480194092
1710524406468336612,9.923763275146484,1.43701171875,0.9795629978179932
1710524406495835748,9.886640548706055,1.392703890800476,1.3400133848190308
1710524406516951648,9.812395095825195,1.1783496141433716,1.2022998332977295
1710524406550435800,9.837542533874512,1.7483642101287842,0.7975414991378784
1710524406569317172,9.818382263183594,1.6357983350753784,1.0705736875534058
1710524406606970506,9.839938163757324,1.361568570137024,1.0059082508087158
1710524406611218507,9.851912498474121,1.431024193763733,0.9891430735588074
1710524406624713870,9.817185401916504,1.5950829982757568,1.0645861625671387
1710524406653377555,9.837542533874512,1.6130456924438477,1.0466235876083374
1710524406659628187,9.824370384216309,1.3735437393188477,1.0095007419586182
1710524406707960909,9.861493110656738,1.3400133848190308,0.868194580078125
1710524406723043881,9.859097480773926,1.3424084186553955,0.8921447992324829
1710524406737180384,9.820777893066406,1.6154407262802124,1.1112890243530273
1710524406747870473,9.817185401916504,1.5040723085403442,1.1053014993667603
1710524406772903063,9.841135025024414,1.2693603038787842,1.053808569908142
1710524406774906849,9.847123146057129,1.2466076612472534,1.011895775794983
1710524406783878973,9.847123146057129,1.2466076612472534,1.011895775794983
1710524406791720305,9.836345672607422,1.4753320217132568,0.946032702922821
1710524406802338374,9.824370384216309,1.5735278129577637,1.003513216972351
1710524406829636287,9.867480278015137,1.3436059951782227,0.928070068359375
1710524406865390165,9.826765060424805,1.237027645111084,0.8011340498924255
1710524406869464558,9.849517822265625,1.6513659954071045,1.2166699171066284
1710524406896914637,9.79682731628418,1.332828402519226,1.233435034751892
1710524406934899753,9.845925331115723,1.7711169719696045,0.9184899926185608
1710524406970691145,9.815987586975098,1.5160473585128784,1.087338924407959
1710524406987485185,9.857900619506836,1.7172290086746216,0.9292675852775574
1710524407002074332,9.831555366516113,1.706451416015625,0.8358618021011353
1710524407031678191,9.771679878234863,1.5914905071258545,1.0813512802124023
1710524407055649193,9.845925331115723,1.3507909774780273,1.3579760789871216
1710524407063330300,9.823172569274902,1.1029064655303955,0.9448351860046387
1710524407082000982,9.820777893066406,1.3220508098602295,0.7699987888336182
1710524407128474273,9.758506774902344,1.4298266172409058,1.1999047994613647
1710524407153626372,9.860295295715332,1.431024193763733,0.9831554889678955
1710524407185307627,9.817185401916504,1.5878978967666626,1.063388705253601
1710524407201924875,9.854308128356934,1.5795153379440308,1.0813512802124023
1710524407204081894,9.824370384216309,1.4453942775726318,1.1112890243530273
1710524407221011534,9.820777893066406,1.3747411966323853,0.8909472823143005
1710524407239868309,9.928553581237793,1.3603711128234863,0.8825647234916687
1710524407241977397,9.84233283996582,1.371148705482483,0.8933422565460205
1710524407248372250,9.824370384216309,1.4142590761184692,0.9663903713226318
1710524407265073689,9.818382263183594,1.6334033012390137,1.1088939905166626
1710524407290543612,9.815987586975098,1.622625708580017,1.1005114316940308
1710524407295202987,9.832752227783203,1.4046789407730103,1.083746314048767
1710524407309167130,9.860295295715332,1.2394225597381592,0.9544152617454529
1710524407321881549,9.860295295715332,1.367556095123291,0.9304651021957397
1710524407334434973,9.862689971923828,1.5914905071258545,1.0310559272766113
1710524407340811980,9.817185401916504,1.5795153379440308,1.068178653717041
1710524407357403080,9.818382263183594,1.4920971393585205,1.1244616508483887
1710524407385036168,9.821974754333496,1.2226574420928955,0.766406238079071
1710524407449983014,9.835147857666016,1.5974780321121216,1.4082714319229126
1710524407483640984,9.908195495605469,1.5100598335266113,1.147214412689209
1710524407494144399,9.713001251220703,0.975970447063446,1.2849279642105103
1710524407513054310,9.820777893066406,1.263372778892517,1.1663745641708374
1710524407527785083,9.892627716064453,1.4992822408676147,1.053808569908142
1710524407544478112,9.930948257446289,1.692081332206726,0.8945397734642029
1710524407573825795,9.807604789733887,1.636995792388916,1.0454260110855103
1710524407623113228,9.862689971923828,1.742376685142517,0.850231945514679
1710524407634738352,9.789642333984375,1.6274157762527466,1.0298583507537842
1710524407643426787,9.802814483642578,1.460961937904358,1.1424243450164795
1710524407683190043,9.821974754333496,1.2238550186157227,1.0909314155578613
1710524407716901490,9.820777893066406,1.2298425436019897,1.0394384860992432
1710524407723372904,9.838740348815918,1.356778621673584,1.0765613317489624
1710524407744387408,9.825567245483398,1.586700439453125,1.0154882669448853
1710524407783081986,9.878257751464844,1.3124706745147705,0.8717871308326721
1710524407784266329,9.832752227783203,1.4992822408676147,1.0502160787582397
1710524407803043041,9.832752227783203,1.4992822408676147,1.0502160787582397
1710524407811440520,9.814789772033691,1.6729211807250977,1.0861413478851318
1710524407824390809,9.814789772033691,1.6717236042022705,1.122066617012024
1710524407830655329,9.815987586975098,1.5639477968215942,1.1304491758346558
1710524407843233111,9.847123146057129,1.243015170097351,1.0801538228988647
1710524407849462032,9.832752227783203,1.187929630279541,1.0154882669448853
1710524407859961136,9.837542533874512,1.2142748832702637,0.9448351860046387
1710524407878879308,9.843530654907227,1.4992822408676147,0.975970447063446
1710524407900005130,9.8291597366333,1.601070523262024,1.068178653717041
1710524407916691294,9.821974754333496,1.5316150188446045,1.1100915670394897
1710524407923114657,9.851912498474121,1.3723461627960205,0.9831554889678955
1710524407937804716,9.835147857666016,1.3160632848739624,0.6694079637527466
1710524407954626043,9.849517822265625,1.712438941001892,1.2226574420928955
1710524407984000113,9.786049842834473,1.431024193763733,1.4394067525863647
1710524408019972755,10.015972137451172,1.3436059951782227,1.1400293111801147
1710524408024850870,9.826765060424805,1.542392611503601,0.4203259348869324
1710524408040689196,9.831555366516113,1.5280224084854126,1.2394225597381592
1710524408059601501,9.741742134094238,1.0969189405441284,1.277742862701416
1710524408086927529,9.886640548706055,1.722019076347351,0.7652087211608887
1710524408143544341,9.841135025024414,1.2957055568695068,1.3244458436965942
1710524408166787237,9.798025131225586,1.6884887218475342,0.7951464653015137
1710524408200458649,9.850715637207031,1.4334192276000977,1.0957214832305908
1710524408215338283,9.83395004272461,1.3256433010101318,1.211879849433899
1710524408268055335,9.84233283996582,1.5292199850082397,1.0813512802124023
1710524408297234732,9.815987586975098,1.422641634941101,1.071771264076233
1710524408329039259,9.821974754333496,1.4118640422821045,0.910107433795929
1710524408337415809,9.814789772033691,1.5016772747039795,1.087338924407959
1710524408350036378,9.815987586975098,1.5639477968215942,1.101709008216858
1710524408375244442,9.814789772033691,1.5076647996902466,1.0825488567352295
1710524408396281698,9.820777893066406,1.247805118560791,1.0286608934402466
1710524408427796200,9.826765060424805,1.2693603038787842,0.9783654808998108
1710524408429874113,9.85670280456543,1.4046789407730103,1.0454260110855103
1710524408444838933,9.843530654907227,1.4585669040679932,1.053808569908142
1710524408494981924,9.898615837097168,1.337618350982666,0.9687854051589966
1710524408505541667,9.825567245483398,1.7315990924835205,1.2693603038787842
1710524408558075115,9.956096649169922,1.481319546699524,0.730480968952179
1710524408572864816,9.808802604675293,1.2298425436019897,1.3364208936691284
1710524408597870749,9.783655166625977,1.0430309772491455,1.3843213319778442
1710524408625480319,9.8100004196167,1.0669811964035034,1.3340258598327637
1710524408657047161,9.792037010192871,1.626218318939209,0.8550219535827637
1710524408661353603,9.812395095825195,1.5531702041625977,1.0226733684539795
1710524408690949252,9.818382263183594,1.2058923244476318,1.0550061464309692
1710524408695067555,9.825567245483398,1.397493839263916,0.8274792432785034
1710524408714002388,9.86508560180664,1.662143588066101,0.7711963057518005
1710524408766604138,9.814789772033691,1.2657678127288818,1.0849438905715942
1710524408787382054,9.843530654907227,1.4142590761184692,1.0597960948944092
1710524408794006760,9.8291597366333,1.5184423923492432,1.0106981992721558
1710524408821393647,9.830357551574707,1.5160473585128784,1.062191128730774
1710524408861382421,9.823172569274902,1.367556095123291,1.0490185022354126
1710524408935079590,9.814789772033691,1.662143588066101,1.1124866008758545
1710524408964544745,9.821974754333496,1.3986914157867432,1.098116397857666
1710524408993965841,9.814789772033691,1.5555652379989624,1.0358459949493408
1710524409034283010,9.819580078125,1.61663818359375,0.9580078125
1710524409057101700,9.820777893066406,1.6094530820846558,1.4441968202590942
1710524409070203447,9.821974754333496,1.3004956245422363,1.3579760789871216
1710524409080384497,9.778864860534668,1.2921130657196045,1.032253384590149
1710524409086789163,9.9393310546875,1.5052697658538818,0.7460485696792603
1710524409109819023,9.817185401916504,1.6597485542297363,0.48259642720222473
1710524409124532575,9.830357551574707,1.243015170097351,1.3687536716461182
1710524409134911034,9.729766845703125,1.0226733684539795,1.332828402519226
1710524409166348495,9.825567245483398,1.2945080995559692,1.147214412689209
1710524409198555363,9.859097480773926,1.720821499824524,0.8729846477508545
1710524409210468264,9.821974754333496,1.4956897497177124,1.0154882669448853
1710524409218982579,9.845925331115723,1.237027645111084,1.3256433010101318
1710524409263119566,9.85670280456543,1.7747094631195068,0.8646020293235779
1710524409300852163,9.75970458984375,1.401086449623108,1.1627819538116455
1710524409304887465,9.811197280883789,1.3460010290145874,1.2202624082565308
1710524409332364635,9.845925331115723,1.4777270555496216,1.0789562463760376
1710524409342799889,9.845925331115723,1.4777270555496216,1.0789562463760376
1710524409370163434,9.838740348815918,1.5555652379989624,0.9927356243133545
1710524409393041687,9.863887786865234,1.362766146659851,0.9388476610183716
1710524409439472808,9.826765060424805,1.3855187892913818,0.9364526271820068
1710524409443700154,9.815987586975098,1.6178356409072876,1.1184741258621216
1710524409477290726,9.817185401916504,1.5435900688171387,1.1244616508483887
1710524409504680417,9.855504989624023,1.2382251024246216,1.0741662979125977
1710524409519416664,9.859097480773926,1.5352075099945068,0.9831554889678955
1710524409544539545,9.818382263183594,1.6058605909347534,1.0562036037445068
1710524409561395980,9.853110313415527,1.2849279642105103,0.7017407417297363
1710524409584821736,9.839938163757324,1.7471667528152466,1.2885204553604126
1710524409620134492,9.815987586975098,1.4142590761184692,1.0705736875534058
1710524409653912281,9.798025131225586,1.7339941263198853,0.5137317180633545
1710524409662207012,9.859097480773926,1.7627344131469727,0.8610095381736755
1710524409685289569,9.798025131225586,1.177152156829834,1.3196557760238647
1710524409716929131,9.823172569274902,1.5304174423217773,1.057401180267334
1710524409729329819,9.912985801696777,1.7339941263198853,0.9747729301452637
1710524409735757198,9.821974754333496,1.73638916015625,0.8693920969963074
1710524409752379330,9.771679878234863,1.4238390922546387,1.183139681816101
1710524409782772959,9.815987586975098,1.2861255407333374,1.3256433010101318
1710524409813406559,9.815987586975098,1.3591735363006592,0.8957372903823853
1710524409819886209,9.861493110656738,1.7687219381332397,0.8741821050643921
1710524409830298652,9.863887786865234,1.6058605909347534,1.003513216972351
1710524409849054775,9.826765060424805,1.3124706745147705,1.1759545803070068
1710524409866734401,9.817185401916504,1.331630825996399,1.0777587890625
1710524409880821443,9.831555366516113,1.481319546699524,1.131646752357483
1710524409912467028,9.818382263183594,1.5256274938583374,1.0106981992721558
1710524409914527187,9.827962875366211,1.5855029821395874,1.0214757919311523
1710524409931283652,9.836345672607422,1.580712914466858,1.0849438905715942
1710524409939855340,9.874665260314941,1.3819262981414795,0.9891430735588074
1710524409969309052,9.838740348815918,1.3819262981414795,0.9604028463363647
1710524409984462842,9.837542533874512,1.4441968202590942,1.033450961112976
1710524409988271508,9.814789772033691,1.686093807220459,1.122066617012024
1710524410026004799,9.853110313415527,1.3807287216186523,1.1112890243530273
1710524410030337725,9.841135025024414,1.241817593574524,1.0861413478851318
1710524410049069821,9.832752227783203,1.421444058418274,0.9867480397224426
1710524410067971856,9.819580078125,1.6118481159210205,1.032253384590149
1710524410091284436,9.862689971923828,1.5160473585128784,1.207089900970459
1710524410116533769,9.84233283996582,1.3220508098602295,0.7220984101295471
1710524410158302251,9.854308128356934,1.607058048248291,1.002315640449524
1710524410164609145,9.878257751464844,1.716031551361084,1.2621753215789795
1710524410166696252,9.806407928466797,1.5447876453399658,1.3172607421875
1710524410183507395,9.847123146057129,1.5280224084854126,0.7376660108566284
1710524410217134755,9.849517822265625,1.686093807220459,0.9328601360321045
1710524410234071950,9.804012298583984,1.032253384590149,1.3172607421875
1710524410250926051,9.837542533874512,1.5639477968215942,1.0466235876083374
1710524410274046151,9.787247657775879,1.6298108100891113,0.8514294624328613
1710524410347746733,9.823172569274902,1.413061499595642,1.2442126274108887
1710524410364186577,9.815987586975098,1.383123755455017,0.910107433795929
1710524410391569556,9.849517822265625,1.37713623046875,1.266965389251709
1710524410448514485,9.836345672607422,1.4801220893859863,0.9424402117729187
1710524410456928096,9.8291597366333,1.5220348834991455,1.0609936714172363
1710524410490459872,9.86987590789795,1.4190490245819092,1.023870825767517
1710524410534608125,9.830357551574707,1.4657520055770874,1.0609936714172363
1710524410557591693,9.815987586975098,1.341210961341858,1.0514135360717773
1710524410570156648,9.841135025024414,1.251397728919983,0.9675878882408142
1710524410597758551,9.886640548706055,1.341210961341858,0.9915381073951721
1710524410616675105,9.817185401916504,1.5890954732894897,1.0394384860992432
1710524410650359770,9.824370384216309,1.4777270555496216,1.211879849433899
1710524410666956593,9.817185401916504,1.5855029821395874,1.0430309772491455
1710524410679650275,9.87945556640625,1.7148339748382568,1.3124706745147705
1710524410713334153,9.728569030761719,1.4453942775726318,1.2741503715515137
1710524410730311978,9.872270584106445,1.4537768363952637,1.003513216972351
1710524410753405170,9.898615837097168,1.6633410453796387,0.6969506740570068
1710524410782086084,9.871072769165039,1.3555810451507568,1.107696533203125
1710524410786789278,9.815987586975098,1.2022998332977295,1.3483959436416626
1710524410812381631,9.921368598937988,1.7651294469833374,0.987945556640625
1710524410826907210,9.850715637207031,1.6980688571929932,0.7807763814926147
1710524410839496850,9.802814483642578,1.5878978967666626,0.8143066167831421
1710524410852164821,9.814789772033691,1.2190649509429932,1.2490026950836182
1710524410871090059,9.836345672607422,1.3891112804412842,0.9735754132270813
1710524410898415972,9.8291597366333,1.5950829982757568,0.910107433795929
1710524410919645389,9.835147857666016,1.7028589248657227,0.8167016506195068
1710524410946879219,9.792037010192871,1.5100598335266113,1.1268566846847534
1710524410969969151,9.815987586975098,1.3148657083511353,1.1651769876480103
1710524410986793115,9.814789772033691,1.5998730659484863,1.0861413478851318
1710524410999126638,9.836345672607422,1.602268099784851,1.1029064655303955
1710524411041385862,9.861493110656738,1.5160473585128784,1.128054141998291
1710524411076981222,9.814789772033691,1.6046631336212158,1.1543993949890137
1710524411106461158,9.813592910766602,1.5938855409622192,1.1196715831756592
1710524411135840047,9.839938163757324,1.3256433010101318,1.0059082508087158
1710524411186227626,9.885442733764648,1.326840877532959,0.9017248749732971
1710524411192431522,9.792037010192871,1.2537927627563477,0.7771838307380676
1710524411211526471,9.815987586975098,1.6334033012390137,1.057401180267334
1710524411253805399,9.693841934204102,1.3579760789871216,1.287322998046875
1710524411325247818,9.926158905029297,1.6884887218475342,0.6741979718208313
1710524411337751501,9.881850242614746,1.243015170097351,1.353186011314392
1710524411365154358,9.910591125488281,1.6681311130523682,1.0993139743804932
1710524411390425888,9.825567245483398,1.6956738233566284,0.880169689655304
1710524411417943548,9.812395095825195,1.233435034751892,1.2490026950836182
1710524411440819043,9.821974754333496,1.323248267173767,1.1244616508483887
1710524411457931413,9.819580078125,1.7771044969558716,0.7676037549972534
1710524411472669232,9.778864860534668,1.4382091760635376,1.153201937675476
1710524411495599711,9.823172569274902,1.3292357921600342,1.211879849433899
1710524411514698349,9.815987586975098,1.2693603038787842,1.1951147317886353
1710524411548266365,9.760902404785156,1.6346008777618408,1.0310559272766113
1710524411590418233,9.843530654907227,1.3651611804962158,1.071771264076233
1710524411604938119,9.841135025024414,1.3843213319778442,0.9747729301452637
1710524411613407966,9.799221992492676,1.6441808938980103,1.1543993949890137
1710524411636508289,9.783655166625977,1.6573535203933716,1.1484118700027466
1710524411655615682,9.814789772033691,1.622625708580017,1.1543993949890137
1710524411689288015,9.860295295715332,1.3807287216186523,1.0502160787582397
1710524411706003795,9.824370384216309,1.572330355644226,1.128054141998291
1710524411741623227,9.883048057556152,1.4178515672683716,0.6981481909751892
1710524411754450295,9.794432640075684,1.6202306747436523,1.0849438905715942
1710524411762825748,9.91657829284668,1.775907039642334,1.3639636039733887
1710524411794057698,9.665101051330566,1.4382091760635376,1.4286291599273682
1710524411811010077,9.866283416748047,1.502874732017517,0.7209008932113647
1710524411863467317,9.754914283752441,1.173559546470642,1.3950989246368408
1710524411884394285,9.807604789733887,1.241817593574524,1.397493839263916
1710524411899103888,9.87945556640625,1.6848962306976318,0.9855505228042603
1710524411943244386,9.808802604675293,1.472936987876892,0.9616003632545471
1710524411993392289,9.814789772033691,1.4406042098999023,0.9292675852775574
1710524411997674290,9.872270584106445,1.781894564628601,0.8011340498924255
1710524412048266598,9.821974754333496,1.2921130657196045,1.2250524759292603
1710524412136409862,9.867480278015137,1.326840877532959,0.9987231492996216
1710524412159699039,9.814789772033691,1.5687377452850342,1.1244616508483887
1710524412193107916,9.814789772033691,1.652563452720642,1.1460168361663818
1710524412241925916,9.837542533874512,1.2957055568695068,1.0801538228988647
1710524412302414041,9.818382263183594,1.233435034751892,0.8131091594696045
1710524412327585407,9.752519607543945,1.5950829982757568,1.3352234363555908
1710524412369481760,9.734557151794434,1.3663586378097534,1.2885204553604126
1710524412403712127,9.817185401916504,1.5986754894256592,0.9089099168777466
1710524412404884463,9.815987586975098,1.4142590761184692,1.1723620891571045
1710524412409158423,9.771679878234863,1.1508069038391113,1.4034814834594727
1710524412434562707,9.814789772033691,1.401086449623108,1.221459984779358
1710524412449597135,9.85670280456543,1.6130456924438477,1.1388317346572876
1710524412476790663,9.792037010192871,1.476529598236084,1.0142908096313477
1710524412485115539,9.855504989624023,1.4346166849136353,1.2885204553604126
1710524412526981258,9.815987586975098,1.2849279642105103,1.341210961341858
1710524412602848907,9.817185401916504,1.4082714319229126,1.1064990758895874
1710524412625816112,9.867480278015137,1.5040723085403442,1.008303165435791
1710524412646756778,9.818382263183594,1.626218318939209,1.1041040420532227
1710524412659479880,9.819580078125,1.3962963819503784,1.083746314048767
1710524412690767514,9.831555366516113,1.3591735363006592,0.9532177448272705
1710524412735066461,9.820777893066406,1.536405086517334,1.153201937675476
1710524412760541249,9.821974754333496,1.2645703554153442,1.0059082508087158
1710524412800199013,9.835147857666016,1.4082714319229126,1.0585986375808716
1710524412831887795,9.815987586975098,1.5890954732894897,1.1256592273712158
1710524412878234930,9.720187187194824,1.4801220893859863,1.4944921731948853
1710524412903596708,9.910591125488281,1.4956897497177124,1.0741662979125977
1710524412924576394,9.922565460205078,1.700463891029358,0.7268884181976318
1710524412941196199,9.815987586975098,1.5747253894805908,0.8214917182922363
1710524412956075585,9.75970458984375,1.203497290611267,1.331630825996399
1710524412970727731,9.868678092956543,1.2490026950836182,1.4346166849136353
1710524412993595963,9.887838363647461,1.6286132335662842,1.177152156829834
1710524413031527373,9.792037010192871,1.4585669040679932,0.9735754132270813
1710524413040002481,9.838740348815918,1.3819262981414795,1.237027645111084
1710524413048325540,9.872270584106445,1.3352234363555908,1.3998888731002808
1710524413134678449,9.85670280456543,1.2597802877426147,1.173559546470642
1710524413141615173,9.853110313415527,1.5136523246765137,1.0142908096313477
1710524413159888929,9.814789772033691,1.610650658607483,1.01788330078125
1710524413210628042,9.818382263183594,1.5148499011993408,1.0813512802124023
1710524413225184549,9.826765060424805,1.3196557760238647,0.9747729301452637
1710524413238596997,9.850715637207031,1.4585669040679932,1.038240909576416
1710524413256833882,9.807604789733887,1.6130456924438477,1.1651769876480103
1710524413302997414,9.79682731628418,1.6597485542297363,1.161584496498108
1710524413305089034,9.818382263183594,1.4190490245819092,1.0993139743804932
1710524413345048297,9.826765060424805,1.407073974609375,1.0849438905715942
1710524413355596828,9.814789772033691,1.6118481159210205,1.1388317346572876
1710524413374623020,9.817185401916504,1.2406201362609863,0.8011340498924255
1710524413420836167,9.9297513961792,1.7555493116378784,1.3699511289596558
1710524413427045260,9.78245735168457,1.326840877532959,1.3783336877822876
1710524413446215082,9.74533462524414,1.3436059951782227,1.3244458436965942
1710524413477779625,9.815987586975098,1.431024193763733,1.1843371391296387
1710524413496856974,9.707014083862305,1.1412267684936523,1.4489867687225342
1710524413515614418,9.832752227783203,1.25738525390625,1.4621593952178955
1710524413519984932,9.813592910766602,1.466949462890625,1.2585827112197876
1710524413561973249,9.814789772033691,1.5316150188446045,0.8346642851829529
1710524413585090521,9.80521011352539,1.4585669040679932,1.002315640449524
1710524413586863228,9.808802604675293,1.3148657083511353,1.4238390922546387
1710524413603979560,9.819580078125,1.6884887218475342,0.8993298411369324
1710524413639707740,9.821974754333496,1.750759243965149,0.8693920969963074
1710524413654412589,9.817185401916504,1.3436059951782227,1.323248267173767
1710524413671297196,9.824370384216309,1.2909154891967773,1.2011022567749023
1710524413681758226,9.817185401916504,1.4717395305633545,1.1196715831756592
1710524413706822561,9.814789772033691,1.580712914466858,1.01788330078125
1710524413746907179,9.838740348815918,1.4837145805358887,1.0897338390350342
1710524413765827709,9.853110313415527,1.337618350982666,1.0166858434677124
1710524413818708113,9.815987586975098,1.4932947158813477,1.1256592273712158
1710524413835050343,9.815987586975098,1.383123755455017,1.1005114316940308
1710524413858551032,9.836345672607422,1.2849279642105103,1.0262658596038818
1710524413873068360,9.854308128356934,1.331630825996399,1.053808569908142
1710524413908979230,9.886640548706055,1.4932947158813477,1.213077425956726
1710524413919373135,9.820777893066406,1.2921130657196045,0.868194580078125
1710524413955120526,9.880653381347656,1.3998888731002808,0.796343982219696
1710524413969920052,9.742938995361328,1.610650658607483,1.362766146659851
1710524413992902079,9.787247657775879,1.466949462890625,1.4094690084457397
1710524414024502825,10.048304557800293,1.6178356409072876,0.6945556402206421
1710524414039142738,9.820777893066406,1.2166699171066284,1.4932947158813477
1710524414047673030,9.813592910766602,1.307680606842041,1.4118640422821045
1710524414060212585,9.837542533874512,1.5196398496627808,1.2202624082565308
1710524414081075905,9.837542533874512,1.5196398496627808,1.2202624082565308
1710524414117087301,9.874665260314941,1.3292357921600342,1.2202624082565308
1710524414146206338,9.812395095825195,1.2286449670791626,1.383123755455017
1710524414162943834,9.862689971923828,1.7148339748382568,0.8657995462417603
1710524414205505578,9.817185401916504,1.6992663145065308,0.886157214641571
1710524414228208344,9.818382263183594,1.5184423923492432,1.0526111125946045
1710524414255617643,9.86987590789795,1.601070523262024,1.032253384590149
1710524414276774149,9.811197280883789,1.566342830657959,1.1591894626617432
1710524414293463242,9.837542533874512,1.4561718702316284,1.1651769876480103
1710524414314488283,9.830357551574707,1.3148657083511353,1.0310559272766113
1710524414339754001,9.851912498474121,1.5256274938583374,1.0095007419586182
1710524414367004318,9.784852027893066,1.6477733850479126,1.177152156829834
1710524414375531977,9.825567245483398,1.640588402748108,1.1951147317886353
1710524414406840605,9.84233283996582,1.3244458436965942,1.0406359434127808
1710524414453382602,9.814789772033691,1.5699353218078613,1.1424243450164795
1710524414476589446,9.867480278015137,1.362766146659851,0.7927514910697937
1710524414528801496,9.80521011352539,1.5878978967666626,1.3903088569641113
1710524414541461012,9.830357551574707,1.4501843452453613,1.0597960948944092
1710524414558018323,9.903406143188477,1.397493839263916,0.6083349585533142
1710524414568796878,9.903406143188477,1.506467342376709,0.6502478122711182
1710524414585161139,9.868678092956543,1.367556095123291,1.2825329303741455
1710524414600319924,9.79682731628418,1.2549902200698853,1.550775170326233
1710524414644472050,9.815987586975098,1.6884887218475342,0.7999365329742432
1710524414667480405,9.783655166625977,1.371148705482483,1.0106981992721558
1710524414677990872,9.817185401916504,1.266965389251709,1.362766146659851
1710524414705339297,9.815987586975098,1.4561718702316284,0.9747729301452637
1710524414758059297,9.815987586975098,1.7842895984649658,1.1304491758346558
1710524414782736772,9.814789772033691,1.3052856922149658,1.157991886138916
1710524414802397520,9.835147857666016,1.4849121570587158,1.1005114316940308
1710524414829710133,9.815987586975098,1.5938855409622192,1.1292517185211182
1710524414873845675,9.821974754333496,1.392703890800476,1.0190807580947876
1710524414928783993,9.787247657775879,1.5651452541351318,1.191522240638733
1710524414930731086,9.814789772033691,1.5388000011444092,1.152004361152649
1710524414936897374,9.823172569274902,1.3855187892913818,1.0849438905715942
1710524414955906629,9.854308128356934,1.362766146659851,1.0669811964035034
1710524414987507578,9.817185401916504,1.541195034980774,1.147214412689209
1710524415002925841,9.861493110656738,1.4597643613815308,1.1603869199752808
1710524415046551551,9.868678092956543,1.4477893114089966,0.7891589403152466
1710524415055163897,9.798025131225586,1.676513671875,1.541195034980774
1710524415090837787,9.86508560180664,1.5052697658538818,0.7113208174705505
1710524415107804821,9.878257751464844,1.6298108100891113,0.8646020293235779
1710524415137047560,9.814789772033691,1.6597485542297363,1.0657837390899658
1710524415139395336,9.777667045593262,1.2226574420928955,1.4250366687774658
1710524415153835451,9.77407455444336,1.1687694787979126,1.4753320217132568
1710524415212735696,9.738149642944336,1.4741345643997192,1.0502160787582397
1710524415227547820,9.781259536743164,1.2082873582839966,1.3004956245422363
1710524415254791029,9.827962875366211,1.2537927627563477,1.123264193534851
1710524415305210039,9.815987586975098,1.4489867687225342,1.3950989246368408
1710524415334672750,9.819580078125,1.227447509765625,1.2094848155975342
1710524415361865976,9.820777893066406,1.580712914466858,0.9963281154632568
1710524415384473832,9.819580078125,1.6334033012390137,1.1591894626617432
1710524415384527773,9.817185401916504,1.5890954732894897,1.187929630279541
1710524415410452030,9.825567245483398,1.337618350982666,0.9903405904769897
1710524415422871311,9.871072769165039,1.3579760789871216,0.9687854051589966
1710524415450441836,9.817185401916504,1.577120304107666,1.2250524759292603
1710524415482290998,9.832752227783203,1.356778621673584,1.0562036037445068
1710524415500899381,9.845925331115723,1.323248267173767,1.0358459949493408
1710524415555689156,9.815987586975098,1.577120304107666,1.1795470714569092
1710524415686135003,9.8291597366333,1.5004796981811523,1.3052856922149658
1710524415728169841,9.927355766296387,1.700463891029358,1.087338924407959
1710524415742938784,9.801617622375488,1.4932947158813477,0.9041198492050171
1710524415763612027,9.884245872497559,1.422641634941101,1.3879138231277466
1710524415786656849,9.800419807434082,1.2346326112747192,1.1496093273162842
1710524415825170403,9.826765060424805,1.802252173423767,0.9328601360321045
1710524415843480920,9.77407455444336,1.5819103717803955,1.0562036037445068
1710524415866844728,9.857900619506836,1.3747411966323853,1.3340258598327637
1710524415877246645,9.814789772033691,1.247805118560791,1.1484118700027466
1710524415885654851,9.824370384216309,1.5160473585128784,1.032253384590149
1710524415921610186,9.814789772033691,1.6753162145614624,1.093326449394226
1710524415963647045,9.821974754333496,1.4501843452453613,1.0166858434677124
1710524415969821427,9.814789772033691,1.6034655570983887,1.167572021484375
1710524416009846138,9.794432640075684,1.676513671875,1.2166699171066284
1710524416022392714,9.841135025024414,1.5831079483032227,1.161584496498108
1710524416039358414,9.825567245483398,1.332828402519226,1.1064990758895874
1710524416083623745,9.860295295715332,1.3136682510375977,1.0550061464309692
1710524416102693284,9.815987586975098,1.3543835878372192,0.7340734601020813
1710524416138151704,9.847123146057129,1.8741028308868408,1.413061499595642
1710524416181806120,9.788444519042969,1.3160632848739624,1.4142590761184692
1710524416217919325,9.79682731628418,1.512454867362976,1.2537927627563477
1710524416239133761,9.80521011352539,1.1543993949890137,1.4920971393585205
1710524416264300341,9.862689971923828,1.6501684188842773,1.0969189405441284
1710524416299776855,9.807604789733887,1.5735278129577637,0.9232800006866455
1710524416302343109,9.814789772033691,1.4777270555496216,1.0849438905715942
1710524416325088802,9.795629501342773,1.247805118560791,1.1112890243530273
1710524416339939385,9.811197280883789,1.4944921731948853,0.9113049507141113
1710524416350349521,9.844727516174316,1.7351917028427124,0.868194580078125
1710524416367149613,9.789642333984375,1.6393908262252808,1.0705736875534058
1710524416382630435,9.79682731628418,1.5136523246765137,1.2585827112197876
1710524416396681842,9.825567245483398,1.3052856922149658,1.3555810451507568
1710524416401195130,9.806407928466797,1.2082873582839966,1.213077425956726
1710524416425941241,9.832752227783203,1.536405086517334,1.0597960948944092
1710524416451169014,9.824370384216309,1.6393908262252808,1.1256592273712158
1710524416472300208,9.806407928466797,1.6441808938980103,1.2190649509429932
1710524416514374175,9.824370384216309,1.3783336877822876,0.9915381073951721
1710524416545872140,9.808802604675293,1.6381933689117432,1.271755337715149
1710524416564806762,9.802814483642578,1.6872912645339966,1.2466076612472534
1710524416594180996,9.830357551574707,1.301693081855774,1.0142908096313477
1710524416640613740,9.814789772033691,1.5783178806304932,1.1460168361663818
1710524416726614675,9.800419807434082,1.191522240638733,1.1855347156524658
1710524416749696341,9.90220832824707,1.5543676614761353,0.7376660108566284
1710524416764486105,10.002799034118652,1.8178198337554932,0.7735912799835205
1710524416799999868,9.683063507080078,1.1328442096710205,1.4885046482086182
1710524416827567497,9.811197280883789,1.577120304107666,1.0370434522628784
1710524416840292853,9.847123146057129,1.3699511289596558,1.3088781833648682
1710524416869498903,9.814789772033691,1.302890658378601,1.1041040420532227
1710524416886436640,9.812395095825195,1.4801220893859863,0.8514294624328613
1710524416901022964,9.941725730895996,1.8453625440597534,0.8909472823143005
1710524416945126833,9.811197280883789,1.4238390922546387,1.4286291599273682
1710524416966153501,9.815987586975098,1.4453942775726318,1.0597960948944092
1710524417006903126,9.868678092956543,1.5938855409622192,1.0166858434677124
1710524417008236655,9.814789772033691,1.6633410453796387,1.1364368200302124
1710524417020808425,9.819580078125,1.5603551864624023,1.2262500524520874
1710524417064813064,9.821974754333496,1.542392611503601,1.1304491758346558
1710524417079546379,9.807604789733887,1.720821499824524,1.3124706745147705
1710524417105008882,9.784852027893066,1.6729211807250977,1.2022998332977295
1710524417121828178,9.814789772033691,1.401086449623108,1.1005114316940308
1710524417140829749,9.853110313415527,1.3220508098602295,1.0753637552261353
1710524417185997644,9.854308128356934,1.572330355644226,1.2849279642105103
1710524417195193420,9.815987586975098,1.197509765625,0.8406518697738647
1710524417228974003,9.830357551574707,1.6633410453796387,1.062191128730774
1710524417233169049,9.836345672607422,1.826202392578125,1.3639636039733887
1710524417245932975,9.760902404785156,1.3843213319778442,1.457369327545166
1710524417258716421,9.824370384216309,1.5304174423217773,1.0645861625671387
1710524417292410915,9.926158905029297,1.7375866174697876,0.7125183343887329
1710524417298665448,9.823172569274902,1.4334192276000977,1.2705578804016113
1710524417315441762,9.711804389953613,1.1088939905166626,1.4861096143722534
1710524417327920743,9.835147857666016,1.5004796981811523,1.3004956245422363
1710524417357412667,9.835147857666016,1.5004796981811523,1.3004956245422363
1710524417431094105,9.860295295715332,1.2825329303741455,1.0813512802124023
1710524417456466133,9.775272369384766,1.8214123249053955,0.9065148830413818
1710524417475204541,9.815987586975098,1.490899682044983,1.452579379081726
1710524417492237174,9.815987586975098,1.157991886138916,1.213077425956726
1710524417553264965,9.866283416748047,1.5196398496627808,1.0502160787582397
1710524417576175749,9.813592910766602,1.6130456924438477,1.237027645111084
1710524417622512305,9.845925331115723,1.4418017864227295,0.9963281154632568
1710524417643584443,9.804012298583984,1.6956738233566284,1.2597802877426147
1710524417671146410,9.825567245483398,1.3388159275054932,1.0657837390899658
1710524417683684993,9.832752227783203,1.3184581995010376,1.033450961112976
1710524417757194323,9.831555366516113,1.502874732017517,1.1388317346572876
1710524417813933371,9.823172569274902,1.401086449623108,0.9771679639816284
1710524417881420705,9.790840148925781,1.5819103717803955,1.326840877532959
1710524417919708032,9.850715637207031,1.431024193763733,1.251397728919983
1710524417938109975,9.860295295715332,1.7315990924835205,0.9244775176048279
1710524417944442522,9.72258186340332,1.4298266172409058,1.1100915670394897
1710524417973736602,9.857900619506836,1.7699193954467773,0.8466393947601318
1710524417984446429,9.886640548706055,1.8753002882003784,0.8669970631599426
1710524417993828620,9.798025131225586,1.8238073587417603,0.9795629978179932
1710524418013080930,9.807604789733887,1.407073974609375,1.4441968202590942
1710524418046489719,9.814789772033691,1.287322998046875,1.332828402519226
1710524418054944829,9.815987586975098,1.4418017864227295,1.0454260110855103
1710524418086753830,9.824370384216309,1.6896862983703613,1.1663745641708374
1710524418140903185,9.814789772033691,1.4645544290542603,1.1807446479797363
1710524418161811408,9.824370384216309,1.341210961341858,1.0765613317489624
1710524418180841345,9.848320007324219,1.4418017864227295,1.0106981992721558
1710524418188907993,9.766889572143555,1.7052539587020874,1.3148657083511353
1710524418224622174,9.818382263183594,1.43701171875,1.117276668548584
1710524418237433238,9.857900619506836,1.413061499595642,1.107696533203125
1710524418271213376,9.807604789733887,1.602268099784851,1.181942105293274
1710524418302819622,9.814789772033691,1.243015170097351,0.8214917182922363
1710524418304822464,9.845925331115723,1.3950989246368408,0.7831714153289795
1710524418321492012,9.619595527648926,1.482517123222351,1.5244299173355103
1710524418332037956,9.83395004272461,1.3891112804412842,1.3699511289596558
1710524418367644054,9.715396881103516,1.3855187892913818,1.2849279642105103
1710524418386538796,9.844727516174316,1.422641634941101,1.3040881156921387
1710524418409561739,9.735754013061523,1.1663745641708374,1.422641634941101
1710524418424496024,9.80521011352539,1.2537927627563477,1.4645544290542603
1710524418483642573,9.863887786865234,1.7315990924835205,1.0669811964035034
1710524418487518705,9.839938163757324,1.8573375940322876,1.0142908096313477
1710524418500578889,9.8291597366333,1.2250524759292603,1.098116397857666
1710524418525201507,9.815987586975098,1.4190490245819092,0.8921447992324829
1710524418544222193,9.766889572143555,1.7148339748382568,1.1855347156524658
1710524418558874139,9.800419807434082,1.5843054056167603,1.3591735363006592
1710524418584197084,9.814789772033691,1.2406201362609863,1.2011022567749023
1710524418602957905,9.843530654907227,1.277742862701416,1.1388317346572876
1710524418625990611,9.853110313415527,1.4190490245819092,1.1268566846847534
1710524418632294792,9.800419807434082,1.6501684188842773,1.2058923244476318
1710524418651318010,9.813592910766602,1.652563452720642,1.2957055568695068
1710524418687131914,9.857900619506836,1.4202466011047363,0.9388476610183716
1710524418768987084,9.824370384216309,1.3364208936691284,1.0095007419586182
1710524418784687510,9.817185401916504,1.5603551864624023,1.1555969715118408
1710524418813461107,9.814789772033691,1.6118481159210205,1.2310400009155273
1710524418840742198,9.848320007324219,1.3340258598327637,1.0370434522628784
1710524418844857754,9.80521011352539,1.2382251024246216,0.8430469036102295
1710524418872119994,9.74533462524414,1.666933536529541,1.4178515672683716
1710524418878534700,9.650731086730957,1.5340100526809692,1.5280224084854126
1710524418907886527,9.945318222045898,1.571132779121399,1.068178653717041
1710524418922470183,10.032736778259277,1.602268099784851,0.8717871308326721
1710524418935800115,9.6902494430542,1.5699353218078613,1.0502160787582397
1710524418966652587,9.877060890197754,1.2549902200698853,1.5100598335266113
1710524419006119835,9.680668830871582,1.1639795303344727,1.416654109954834
1710524419012740123,9.845925331115723,1.8585351705551147,1.0514135360717773
1710524419036002996,9.823172569274902,1.3507909774780273,1.353186011314392
1710524419046422332,9.813592910766602,1.1723620891571045,1.301693081855774
1710524419092715892,9.92496109008789,1.8573375940322876,1.003513216972351
1710524419098886421,9.734557151794434,1.7244141101837158,1.2298425436019897
1710524419143257998,9.818382263183594,1.4789245128631592,1.3891112804412842
1710524419189126852,9.818382263183594,1.5543676614761353,1.1699670553207397
1710524419220716000,9.818382263183594,1.3795312643051147,1.0765613317489624
1710524419233238245,9.836345672607422,1.4238390922546387,1.0190807580947876
1710524419268997816,9.818382263183594,1.6202306747436523,1.2502001523971558
1710524419313188145,9.820777893066406,1.277742862701416,1.0370434522628784
1710524419357027683,9.850715637207031,1.5699353218078613,1.2981005907058716
1710524419383039550,9.877060890197754,1.4346166849136353,0.8370593190193176
1710524419405313470,9.90220832824707,1.7615368366241455,1.3879138231277466
1710524419409493341,9.90220832824707,1.7615368366241455,1.3879138231277466
1710524419422239355,9.675878524780273,1.506467342376709,1.580712914466858
1710524419451923307,9.692644119262695,1.416654109954834,1.3256433010101318
1710524419481148884,9.946516036987305,1.7471667528152466,0.8334667682647705
1710524419502156742,9.806407928466797,1.25738525390625,1.4633569717407227
1710524419533402417,9.806407928466797,1.4897021055221558,1.2058923244476318
1710524419563085816,9.804012298583984,1.7914745807647705,1.002315640449524
1710524419573656730,9.775272369384766,1.4322216510772705,1.167572021484375
1710524419600951640,9.849517822265625,1.3292357921600342,1.0526111125946045
1710524419613465277,9.815987586975098,1.5399975776672363,0.880169689655304
1710524419624124043,9.860295295715332,1.766326904296875,0.8538244366645813
1710524419655645614,9.783655166625977,1.562750220298767,1.4250366687774658
1710524419668270256,9.806407928466797,1.1999047994613647,1.2250524759292603
1710524419701875120,9.867480278015137,1.422641634941101,1.098116397857666
1710524419773326722,9.787247657775879,1.7052539587020874,1.3184581995010376
1710524419813429868,9.815987586975098,1.337618350982666,0.9508227705955505
1710524419826238862,9.815987586975098,1.5651452541351318,1.2406201362609863
1710524419872342764,9.826765060424805,1.3591735363006592,1.0466235876083374
1710524419931282541,9.88903522491455,1.43701171875,0.8190966844558716
1710524419947833650,9.67707633972168,1.676513671875,1.4094690084457397
1710524419973117809,9.729766845703125,1.5376025438308716,1.5735278129577637
1710524419987704978,9.812395095825195,1.6082556247711182,0.8610095381736755
1710524420038244377,9.813592910766602,1.6154407262802124,1.0394384860992432
1710524420073882110,9.717791557312012,1.1807446479797363,1.472936987876892
1710524420091366435,9.814789772033691,1.7771044969558716,0.9136999249458313
1710524420118393097,9.783655166625977,1.5016772747039795,1.177152156829834
1710524420130886937,9.815987586975098,1.1855347156524658,1.3483959436416626
1710524420153856679,9.83395004272461,1.3004956245422363,1.123264193534851
1710524420197869102,9.746532440185547,1.7890795469284058,0.975970447063446
1710524420229260707,9.814789772033691,1.203497290611267,1.213077425956726
1710524420235661103,9.815987586975098,1.2561877965927124,1.128054141998291
1710524420279799925,9.812395095825195,1.5819103717803955,1.2849279642105103
1710524420317849751,9.821974754333496,1.511257290840149,1.0130932331085205
1710524420342828416,9.793234825134277,1.6094530820846558,1.2897180318832397
1710524420385773454,9.778864860534668,1.6813037395477295,1.3196557760238647
1710524420397468688,9.814789772033691,1.442999243736267,1.1304491758346558
1710524420439440362,9.847123146057129,1.4693444967269897,1.1340417861938477
1710524420451995477,9.853110313415527,1.5376025438308716,1.311273217201233
1710524420475094334,9.815987586975098,1.241817593574524,0.9819580316543579
1710524420504553546,9.868678092956543,1.781894564628601,1.3759387731552124
1710524420542435755,9.789642333984375,1.5795153379440308,1.5843054056167603
1710524420579247592,9.860295295715332,1.5579601526260376,0.5999523997306824
1710524420588476548,9.727372169494629,1.407073974609375,1.4022839069366455
1710524420594788515,9.817185401916504,1.5747253894805908,1.3663586378097534
1710524420645363203,9.778864860534668,1.7687219381332397,1.0993139743804932
1710524420691715089,9.853110313415527,1.1112890243530273,1.4382091760635376
1710524420712718141,9.808802604675293,1.3160632848739624,1.331630825996399
1710524420788308121,9.824370384216309,1.1903246641159058,1.2741503715515137
1710524420807195058,9.808802604675293,1.7890795469284058,1.2705578804016113
1710524420828688479,9.814789772033691,1.6346008777618408,1.1927196979522705
1710524420855659057,9.814789772033691,1.6346008777618408,1.1927196979522705
1710524420914397037,9.758506774902344,1.7052539587020874,1.3543835878372192
1710524420946058347,9.815987586975098,1.416654109954834,1.1460168361663818
1710524420962755128,9.851912498474121,1.353186011314392,1.002315640449524
1710524420984400102,9.814789772033691,1.5747253894805908,1.1112890243530273
1710524421004499572,9.784852027893066,1.6801061630249023,1.3004956245422363
1710524421042702236,9.812395095825195,1.646575927734375,1.1340417861938477
1710524421122492321,9.932146072387695,1.7579443454742432,0.7640112042427063
1710524421158015233,9.74533462524414,1.1939172744750977,1.5244299173355103
1710524421174953768,9.80521011352539,1.7651294469833374,1.272952914237976
1710524421191766655,9.817185401916504,1.805844783782959,0.9089099168777466
1710524421240119047,9.839938163757324,1.2981005907058716,1.128054141998291
1710524421258752029,9.86987590789795,1.7148339748382568,0.9029223918914795
1710524421292810551,9.8100004196167,1.6154407262802124,1.413061499595642
1710524421311556935,9.508227348327637,1.2537927627563477,1.2358300685882568
1710524421336782633,9.827962875366211,1.6082556247711182,1.071771264076233
1710524421349384254,9.808802604675293,1.676513671875,1.1268566846847534
1710524421368114933,9.792037010192871,1.61663818359375,1.3184581995010376
1710524421420719026,9.817185401916504,1.3543835878372192,1.063388705253601
1710524421424862068,9.825567245483398,1.4441968202590942,0.9807605147361755
1710524421439353468,9.771679878234863,1.6477733850479126,1.307680606842041
1710524421456280133,9.783655166625977,1.7112414836883545,1.337618350982666
1710524421523631631,9.825567245483398,1.3400133848190308,1.087338924407959
1710524421527779425,9.824370384216309,1.4633569717407227,1.1699670553207397
1710524421540393576,9.799221992492676,1.6214282512664795,1.2466076612472534
1710524421571863459,9.813592910766602,1.347198486328125,0.9771679639816284
1710524421583818305,9.890233039855957,1.8441650867462158,1.4118640422821045
1710524421598907564,9.772876739501953,1.601070523262024,1.6190332174301147
1710524421634967998,9.732161521911621,1.506467342376709,1.4621593952178955
1710524421651917883,9.826765060424805,1.5519726276397705,1.098116397857666
1710524421687768191,9.845925331115723,1.6429834365844727,0.8310717940330505
1710524421719063637,9.708211898803711,1.271755337715149,1.3998888731002808
1710524421738200737,9.764494895935059,1.592687964439392,1.277742862701416
1710524421748672560,9.814789772033691,1.7280066013336182,0.9592053294181824
1710524421786442211,9.777667045593262,1.2609777450561523,1.4920971393585205
1710524421788645284,9.811197280883789,1.311273217201233,1.3555810451507568
1710524421828716154,9.824370384216309,1.8297948837280273,0.8909472823143005
1710524421874600673,9.830357551574707,1.3172607421875,1.1927196979522705
1710524421910387061,9.819580078125,1.73638916015625,1.2741503715515137
1710524421937831579,9.826765060424805,1.421444058418274,1.1352392435073853
1710524421946108749,9.841135025024414,1.416654109954834,0.999920666217804
1710524422000828428,9.73695182800293,1.7830920219421387,1.3855187892913818
1710524422017691310,9.814789772033691,1.5998730659484863,1.2992980480194092
1710524422066059378,9.817185401916504,1.272952914237976,0.9951305985450745
1710524422085109663,9.881850242614746,1.5699353218078613,1.3340258598327637
1710524422114489111,9.818382263183594,1.2597802877426147,0.9663903713226318
1710524422158535999,9.696236610412598,1.7387841939926147,1.4034814834594727
1710524422169151535,9.723779678344727,1.601070523262024,1.6202306747436523
1710524422189935335,9.689051628112793,1.413061499595642,1.3196557760238647
1710524422280313633,9.814789772033691,1.802252173423767,1.1999047994613647
1710524422314102816,9.8291597366333,1.383123755455017,1.431024193763733
1710524422324588759,9.814789772033691,1.4453942775726318,0.9376501441001892
1710524422347699785,9.850715637207031,1.6992663145065308,0.856219470500946
1710524422378328254,9.790840148925781,1.8788927793502808,0.9651928544044495
1710524422398291862,9.801617622375488,1.323248267173767,1.3939013481140137
1710524422440448638,9.815987586975098,1.247805118560791,1.1651769876480103
1710524422476062769,9.792037010192871,1.602268099784851,1.2909154891967773
1710524422520101763,9.838740348815918,1.4250366687774658,0.9532177448272705
1710524422585220246,9.866283416748047,1.3807287216186523,1.1041040420532227
1710524422623137976,9.814789772033691,1.5352075099945068,1.1711645126342773
1710524422635869295,9.8100004196167,1.3735437393188477,1.0095007419586182
1710524422696932517,9.770482063293457,1.6537610292434692,1.1424243450164795
1710524422705077586,9.753717422485352,1.7232165336608887,1.487307071685791
1710524422715601763,9.887838363647461,1.4705419540405273,1.087338924407959
1710524422728328889,9.821974754333496,1.4346166849136353,0.8310717940330505
1710524422749273237,9.83395004272461,1.652563452720642,0.9448351860046387
1710524422784537871,9.732161521911621,1.3891112804412842,1.4106664657592773
1710524422816658460,9.786049842834473,1.722019076347351,0.969982922077179
1710524422846788683,9.813592910766602,1.407073974609375,1.2490026950836182
1710524422858746769,9.807604789733887,1.361568570137024,1.3460010290145874
1710524422898694399,9.883048057556152,1.3783336877822876,1.1292517185211182
1710524422902687409,9.815987586975098,1.4705419540405273,0.9496252536773682
1710524422923748939,9.87945556640625,1.8345849514007568,0.9148974418640137
1710524422974218092,9.801617622375488,1.3400133848190308,1.4298266172409058
1710524423024728028,9.814789772033691,1.3819262981414795,1.1053014993667603
1710524423098257485,9.824370384216309,1.520837426185608,1.2046948671340942
1710524423127829665,9.744136810302734,1.7747094631195068,1.4202466011047363
1710524423148752170,9.866283416748047,1.3364208936691284,1.0286608934402466
1710524423167925987,9.789642333984375,1.6717236042022705,1.332828402519226
1710524423186594426,9.814789772033691,1.2825329303741455,0.9136999249458313
1710524423207488204,9.83395004272461,1.43701171875,0.9148974418640137
1710524423226613749,9.732161521911621,1.720821499824524,1.4885046482086182
1710524423258152819,9.732161521911621,1.4262341260910034,1.2897180318832397
1710524423285507087,9.878257751464844,1.7327966690063477,0.6801855564117432
1710524423310683406,9.819580078125,1.421444058418274,1.347198486328125
1710524423322097399,9.752519607543945,1.1783496141433716,1.5531702041625977
1710524423344324354,9.815987586975098,1.2897180318832397,1.4956897497177124
1710524423371554841,9.866283416748047,1.850152611732483,1.0442285537719727
1710524423405197214,9.819580078125,1.4657520055770874,1.4190490245819092
1710524423434634094,9.814789772033691,1.392703890800476,0.9723779559135437
1710524423447252883,9.823172569274902,1.6537610292434692,0.886157214641571
1710524423462040770,9.775272369384766,1.632205843925476,1.416654109954834
1710524423472561924,9.812395095825195,1.49688720703125,1.4597643613815308
1710524423497836591,9.815987586975098,1.2897180318832397,1.2382251024246216
1710524423531493894,9.824370384216309,1.4406042098999023,1.1543993949890137
1710524423546194803,9.849517822265625,1.550775170326233,1.1244616508483887
1710524423560929598,9.800419807434082,1.577120304107666,1.2765454053878784
1710524423569150011,9.814789772033691,1.4202466011047363,1.1041040420532227
1710524423582523954,9.826765060424805,1.4585669040679932,1.0190807580947876
1710524423598522384,9.817185401916504,1.5603551864624023,1.2226574420928955
1710524423670423367,9.783655166625977,1.6142431497573853,1.2741503715515137
1710524423672920670,9.784852027893066,1.716031551361084,1.353186011314392
1710524423682923423,9.836345672607422,1.3843213319778442,1.1304491758346558
1710524423693589477,9.815987586975098,1.5603551864624023,1.203497290611267
1710524423706407031,9.815987586975098,1.6286132335662842,1.2561877965927124
1710524423733545797,9.868678092956543,1.5687377452850342,1.3136682510375977
1710524423756588660,9.817185401916504,1.431024193763733,0.9125024676322937
1710524423771304732,9.814789772033691,1.692081332206726,1.4837145805358887
1710524423794575207,9.752519607543945,1.550775170326233,1.4717395305633545
1710524423805003206,9.811197280883789,1.4501843452453613,1.323248267173767
1710524423832424627,9.843530654907227,1.4992822408676147,0.7759863138198853
1710524423836747945,9.808802604675293,1.7016613483428955,0.9077123999595642
1710524423872162020,9.848320007324219,1.7040563821792603,1.157991886138916
1710524423905978650,9.88903522491455,1.7136365175247192,1.2250524759292603
1710524423941546338,9.780062675476074,1.7292040586471558,0.9436376690864563
1710524423945769594,9.683063507080078,1.511257290840149,1.2082873582839966
1710524424000200431,9.874665260314941,1.3304333686828613,1.1723620891571045
1710524424019069203,9.838740348815918,1.8848804235458374,1.003513216972351
1710524424037970424,9.847123146057129,1.5148499011993408,1.4286291599273682
1710524424056917185,9.817185401916504,1.2490026950836182,1.2705578804016113
1710524424105434902,9.814789772033691,1.7699193954467773,1.241817593574524
1710524424124418782,9.838740348815918,1.3807287216186523,1.107696533203125
1710524424147654547,9.821974754333496,1.3843213319778442,1.0298583507537842
1710524424182535895,9.760902404785156,1.7280066013336182,1.331630825996399
1710524424198052265,9.80521011352539,1.7447717189788818,1.3795312643051147
1710524424204202652,9.818382263183594,1.5100598335266113,1.1963123083114624
1710524424212764509,9.832752227783203,1.4022839069366455,1.173559546470642
1710524424260993369,9.855504989624023,1.3352234363555908,1.098116397857666
1710524424332810484,9.752519607543945,1.7543518543243408,1.5567626953125
1710524424366472162,9.920170783996582,1.517244815826416,1.063388705253601
1710524424404464906,9.80521011352539,1.690883755683899,1.173559546470642
1710524424427472236,9.775272369384766,1.2957055568695068,1.476529598236084
1710524424446220598,9.84233283996582,1.7088464498519897,1.1759545803070068
1710524424497003274,9.794432640075684,1.4022839069366455,1.6274157762527466
1710524424530611572,9.814789772033691,1.3998888731002808,0.9077123999595642
1710524424616500886,9.817185401916504,1.3962963819503784,1.1783496141433716
1710524424643853968,9.756112098693848,1.7280066013336182,1.3064831495285034
1710524424660726266,9.814789772033691,1.427431583404541,1.1567944288253784
1710524424690151035,9.814789772033691,1.542392611503601,1.207089900970459
1710524424723874415,9.814789772033691,1.542392611503601,1.207089900970459
1710524424809958206,9.790840148925781,1.631008267402649,1.227447509765625
1710524424829071387,9.819580078125,1.4322216510772705,1.122066617012024
1710524424873102877,9.818382263183594,1.7543518543243408,1.233435034751892
1710524424887945123,9.635163307189941,1.5052697658538818,1.5603551864624023
1710524424919225512,9.877060890197754,1.6250207424163818,0.7771838307380676
1710524424938909815,9.807604789733887,1.706451416015625,1.123264193534851
1710524424984943977,9.764494895935059,1.2861255407333374,1.5675402879714966
1710524424997255013,9.884245872497559,1.772314429283142,1.0526111125946045
1710524425018280892,9.71419906616211,1.5938855409622192,1.1543993949890137
1710524425030796630,9.817185401916504,1.5292199850082397,1.4106664657592773
1710524425068450449,9.814789772033691,1.4142590761184692,0.9244775176048279
1710524425100179751,9.814789772033691,1.8393750190734863,0.987945556640625
1710524425110527373,9.75970458984375,1.730401635169983,1.173559546470642
1710524425129624941,9.789642333984375,1.4046789407730103,1.4406042098999023
1710524425152920004,9.789642333984375,1.2849279642105103,1.2801378965377808
1710524425169596378,9.815987586975098,1.3160632848739624,1.181942105293274
1710524425184779456,9.780062675476074,1.7136365175247192,1.3448034524917603
1710524425222602349,9.815987586975098,1.3843213319778442,1.1448193788528442
1710524425278908940,9.792037010192871,1.6130456924438477,1.2238550186157227
1710524425295745093,9.807604789733887,1.7639318704605103,1.3483959436416626
1710524425316839223,9.814789772033691,1.3986914157867432,1.1939172744750977
1710524425325319004,9.814789772033691,1.4298266172409058,1.1747571229934692
1710524425346288019,9.778864860534668,1.6178356409072876,1.2202624082565308
1710524425358987103,9.844727516174316,1.640588402748108,0.9951305985450745
1710524425384807960,9.812395095825195,1.347198486328125,0.9472302198410034
1710524425417912725,9.812395095825195,1.347198486328125,0.9472302198410034
1710524425445171722,9.771679878234863,1.7100439071655273,1.5244299173355103
1710524425457709633,9.744136810302734,1.3340258598327637,1.296903133392334
1710524425481034760,9.847123146057129,1.7435742616653442,0.9184899926185608
1710524425489425936,9.636361122131348,1.9890637397766113,1.3843213319778442
1710524425502099359,9.825567245483398,1.8333874940872192,1.5040723085403442
1710524425533703565,10.000404357910156,1.502874732017517,1.161584496498108
1710524425562966262,9.80521011352539,1.6130456924438477,1.063388705253601
1710524425592395115,9.814789772033691,1.5783178806304932,1.3950989246368408
1710524425603494300,9.813592910766602,1.5759228467941284,1.0993139743804932
1710524425615623820,9.817185401916504,1.7794995307922363,0.916094958782196
1710524425626121973,9.853110313415527,1.871707797050476,0.9532177448272705
1710524425647068785,9.815987586975098,1.8070422410964966,1.0466235876083374
1710524425724931826,9.783655166625977,1.7950671911239624,1.0047106742858887
1710524425726974214,9.832752227783203,1.865720272064209,1.0130932331085205
1710524425758527367,9.784852027893066,1.4705419540405273,1.2921130657196045
1710524425767119583,9.814789772033691,1.237027645111084,1.183139681816101
1710524425788097356,9.897418022155762,1.4501843452453613,1.1268566846847534
1710524425819361929,9.784852027893066,1.8190172910690308,1.3507909774780273
1710524425865999303,9.815987586975098,1.4118640422821045,1.1388317346572876
1710524425874429248,9.857900619506836,1.3184581995010376,1.1328442096710205
1710524425918740293,9.814789772033691,1.517244815826416,1.2502001523971558
1710524425924975837,9.818382263183594,1.7088464498519897,1.197509765625
1710524425950122454,9.823172569274902,1.816622257232666,1.4741345643997192
1710524425971012738,9.661508560180664,1.5160473585128784,1.5399975776672363
1710524426015136743,9.801617622375488,1.4418017864227295,1.5016772747039795
1710524426076124659,9.835147857666016,1.2621753215789795,1.5280224084854126
1710524426109826805,9.770482063293457,1.6417858600616455,1.1388317346572876
1710524426133206868,9.830357551574707,1.4861096143722534,1.622625708580017
1710524426156178362,9.815987586975098,1.4286291599273682,0.9903405904769897
1710524426200614100,9.843530654907227,1.6298108100891113,0.9568102955818176
1710524426217378762,9.770482063293457,1.43701171875,1.4585669040679932
1710524426238628315,9.777667045593262,1.311273217201233,1.3064831495285034
1710524426274055840,9.831555366516113,1.592687964439392,1.1448193788528442
1710524426299761067,9.814789772033691,1.6537610292434692,1.083746314048767
1710524426316138184,9.802814483642578,1.4418017864227295,1.2058923244476318
1710524426335060821,9.814789772033691,1.4693444967269897,1.0550061464309692
1710524426343157850,9.848320007324219,1.5495775938034058,1.068178653717041
1710524426355717922,9.776470184326172,1.756746768951416,1.3244458436965942
1710524426387447059,9.772876739501953,1.6633410453796387,1.3196557760238647
1710524426420883964,9.814789772033691,1.416654109954834,1.2106823921203613
1710524426476015977,9.837542533874512,1.6501684188842773,1.2945080995559692
1710524426488542134,9.815987586975098,1.720821499824524,1.2765454053878784
1710524426507603824,9.754914283752441,1.7184264659881592,1.5292199850082397
1710524426551938934,9.776470184326172,1.4849121570587158,1.3256433010101318
1710524426566539434,9.845925331115723,1.7112414836883545,0.760418713092804
1710524426570804898,9.88903522491455,1.7998571395874023,0.916094958782196
1710524426600375720,9.695038795471191,1.326840877532959,1.550775170326233
1710524426640054968,9.843530654907227,1.8070422410964966,1.1088939905166626
1710524426654914843,9.800419807434082,1.7471667528152466,0.9939330816268921
1710524426678014052,9.79682731628418,1.541195034980774,1.4334192276000977
1710524426697604586,9.814789772033691,1.5040723085403442,1.632205843925476
1710524426728333351,9.841135025024414,1.7854870557785034,0.9448351860046387
1710524426784441580,9.781259536743164,1.3507909774780273,1.3196557760238647
1710524426791347788,9.814789772033691,1.4250366687774658,1.181942105293274
1710524426826967171,9.815987586975098,1.5819103717803955,1.0813512802124023
1710524426846018348,9.815987586975098,1.4753320217132568,1.1328442096710205
1710524426879788148,9.841135025024414,1.5435900688171387,1.1112890243530273
1710524426887990605,9.841135025024414,1.5435900688171387,1.1711645126342773
1710524426921540720,9.781259536743164,1.760339379310608,1.331630825996399
1710524426961412812,9.835147857666016,1.37713623046875,1.1807446479797363
1710524426972101797,9.817185401916504,1.5483801364898682,1.227447509765625
1710524427012168168,9.804012298583984,1.656156063079834,1.2346326112747192
1710524427045828987,9.741742134094238,1.7196240425109863,1.520837426185608
1710524427086028831,9.647138595581055,1.4537768363952637,1.362766146659851
1710524427106703557,9.763297080993652,1.6813037395477295,0.9963281154632568
1710524427121470849,9.933343887329102,2.016606330871582,0.9328601360321045
1710524427131866157,9.748927116394043,1.1388317346572876,1.526824951171875
1710524427161201616,9.812395095825195,1.1939172744750977,1.512454867362976
1710524427165362363,9.807604789733887,1.4022839069366455,1.3651611804962158
1710524427186344753,9.819580078125,1.846560001373291,1.1603869199752808
1710524427236838818,9.765691757202148,1.3735437393188477,1.452579379081726
1710524427266523944,9.843530654907227,1.8214123249053955,0.9244775176048279
1710524427283180764,9.814789772033691,1.862127661705017,1.062191128730774
1710524427293732387,9.754914283752441,1.7088464498519897,1.49688720703125
1710524427300116162,9.758506774902344,1.4190490245819092,1.452579379081726
1710524427323293788,9.817185401916504,1.3400133848190308,1.2346326112747192
1710524427344296122,9.814789772033691,1.6453784704208374,1.0705736875534058
1710524427371789161,9.763297080993652,1.7016613483428955,1.3891112804412842
1710524427392743404,9.784852027893066,1.5459851026535034,1.2825329303741455
1710524427447163589,9.814789772033691,1.5136523246765137,1.0597960948944092
1710524427449342388,9.835147857666016,1.5639477968215942,1.1400293111801147
1710524427474696311,9.813592910766602,1.4082714319229126,1.1388317346572876
1710524427483099916,9.817185401916504,1.3424084186553955,1.101709008216858
1710524427522954428,9.815987586975098,1.4789245128631592,1.2094848155975342
1710524427543892329,9.832752227783203,1.6238232851028442,1.3747411966323853
1710524427569259553,9.802814483642578,1.3519885540008545,0.9975256323814392
1710524427585959212,9.861493110656738,1.8429675102233887,1.5076647996902466
1710524427600542956,9.702223777770996,1.7327966690063477,1.4681469202041626
1710524427619669559,9.724976539611816,1.4657520055770874,1.3424084186553955
1710524427640503539,9.861493110656738,1.5831079483032227,1.0669811964035034
1710524427687145250,9.744136810302734,1.281335473060608,1.5855029821395874
1710524427714366544,9.752519607543945,1.566342830657959,1.2921130657196045
1710524427720754724,9.847123146057129,1.7627344131469727,1.1352392435073853
1710524427725000030,9.79682731628418,1.7914745807647705,0.9436376690864563
1710524427743798688,9.802814483642578,1.662143588066101,1.0885363817214966
1710524427769129582,9.820777893066406,1.487307071685791,1.526824951171875
1710524427783398317,9.802814483642578,1.3340258598327637,1.4597643613815308
1710524427798579668,9.817185401916504,1.341210961341858,1.191522240638733
1710524427830030675,9.789642333984375,1.880090355873108,1.062191128730774
1710524427836243868,9.729766845703125,1.826202392578125,1.3160632848739624
1710524427848852668,9.807604789733887,1.5795153379440308,1.601070523262024
1710524427887044213,9.784852027893066,1.2621753215789795,1.3292357921600342
1710524427889103944,9.814789772033691,1.2981005907058716,1.213077425956726
1710524427912328004,9.780062675476074,1.7351917028427124,1.3220508098602295
1710524427918603198,9.754914283752441,1.7411792278289795,1.3962963819503784
1710524427939548296,9.80521011352539,1.4477893114089966,1.227447509765625
1710524427952126269,9.819580078125,1.4549744129180908,1.008303165435791
1710524427958476679,9.84233283996582,1.5280224084854126,1.057401180267334
1710524427984459345,9.78245735168457,1.6441808938980103,1.2837305068969727
1710524427992321180,9.753717422485352,1.73638916015625,1.3543835878372192
1710524428008765239,9.78245735168457,1.6848962306976318,1.37713623046875
1710524428034361719,9.813592910766602,1.512454867362976,1.2525951862335205
1710524428042669011,9.819580078125,1.3172607421875,1.0993139743804932
1710524428061328331,9.817185401916504,1.580712914466858,1.2322375774383545
1710524428090931652,9.786049842834473,1.7028589248657227,1.3292357921600342
1710524428105541752,9.786049842834473,1.7028589248657227,1.3292357921600342
1710524428147393942,9.77407455444336,1.5615527629852295,1.416654109954834
1710524428186027598,9.887838363647461,1.5447876453399658,1.122066617012024
1710524428210530607,9.752519607543945,1.706451416015625,1.161584496498108
1710524428233742266,9.659113883972168,1.2693603038787842,1.5160473585128784
1710524428250370266,9.754914283752441,1.5747253894805908,1.302890658378601
1710524428290523001,9.787247657775879,1.7531542778015137,0.987945556640625
1710524428307632269,9.843530654907227,1.4681469202041626,1.5280224084854126
1710524428330700352,9.747729301452637,1.427431583404541,1.4106664657592773
1710524428385143043,9.843530654907227,1.892065405845642,0.9568102955818176
1710524428431307607,9.8100004196167,1.5890954732894897,1.6298108100891113
1710524428444059500,9.853110313415527,1.4441968202590942,1.153201937675476
1710524428502974370,9.812395095825195,1.391506314277649,1.027463436126709
1710524428537011621,9.781259536743164,1.6274157762527466,1.2921130657196045
1710524428555418508,9.775272369384766,1.7890795469284058,1.457369327545166
1710524428591348130,9.80521011352539,1.5543676614761353,1.2406201362609863
1710524428622792840,9.817185401916504,1.4705419540405273,1.1759545803070068
1710524428633240469,9.830357551574707,1.6381933689117432,1.3759387731552124
1710524428677793693,9.8100004196167,1.4777270555496216,1.0550061464309692
1710524428694402888,9.812395095825195,1.3855187892913818,1.0813512802124023
1710524428707120898,9.728569030761719,1.6082556247711182,1.6633410453796387
1710524428736669756,9.897418022155762,1.5747253894805908,1.131646752357483
1710524428742855672,9.786049842834473,1.5531702041625977,0.9041198492050171
1710524428753336607,9.815987586975098,1.6836987733840942,0.928070068359375
1710524428770234188,9.814789772033691,1.6932787895202637,1.2298425436019897
1710524428782898751,9.788444519042969,1.481319546699524,1.5244299173355103
1710524428805988824,9.798025131225586,1.6729211807250977,1.281335473060608
1710524428902685038,9.818382263183594,1.43701171875,1.1987072229385376
1710524428940668828,9.747729301452637,1.347198486328125,1.4477893114089966
1710524428961621273,9.80521011352539,1.2358300685882568,1.371148705482483
1710524429003593188,9.800419807434082,1.8226099014282227,1.302890658378601
1710524429026736458,9.804012298583984,1.5735278129577637,1.2825329303741455
1710524429051905512,9.815987586975098,1.371148705482483,1.1699670553207397
1710524429079154299,9.830357551574707,1.4753320217132568,1.0957214832305908
1710524429114987703,9.770482063293457,1.7232165336608887,1.37713623046875
1710524429136102215,9.817185401916504,1.3891112804412842,1.1388317346572876
1710524429163247990,9.814789772033691,1.5687377452850342,1.243015170097351
1710524429234752794,9.827962875366211,1.832189917564392,1.452579379081726
1710524429287306895,9.800419807434082,1.6094530820846558,0.9244775176048279
1710524429318742261,9.799221992492676,1.5459851026535034,1.4489867687225342
1710524429367093852,9.843530654907227,1.756746768951416,1.2298425436019897
1710524429383835185,9.758506774902344,1.6489709615707397,1.161584496498108
1710524429398659483,9.808802604675293,1.4717395305633545,1.5256274938583374
1710524429436423741,9.818382263183594,1.742376685142517,0.9136999249458313
1710524429443102856,9.838740348815918,1.742376685142517,0.9136999249458313
1710524429461756808,9.817185401916504,1.871707797050476,0.9232800006866455
1710524429480661774,9.735754013061523,1.8297948837280273,1.4920971393585205
1710524429516410437,9.788444519042969,1.2849279642105103,1.3855187892913818
1710524429531094500,9.814789772033691,1.3196557760238647,1.2358300685882568
1710524429539510188,9.772876739501953,1.7651294469833374,1.3172607421875
1710524429554283833,9.771679878234863,1.780696988105774,1.3879138231277466
1710524429587867108,9.815987586975098,1.4334192276000977,1.0705736875534058
1710524429617359463,9.789642333984375,1.6717236042022705,1.3088781833648682
1710524429661435707,9.739346504211426,1.8082396984100342,1.4489867687225342
1710524429705491513,9.817185401916504,1.4621593952178955,1.1855347156524658
1710524429741093271,9.788444519042969,1.6334033012390137,1.2861255407333374
1710524429764361559,9.807604789733887,1.407073974609375,1.101709008216858
1710524429787186920,9.890233039855957,1.8381774425506592,1.49688720703125
1710524429797815614,9.748927116394043,1.626218318939209,1.700463891029358
1710524429808513055,9.857900619506836,1.5148499011993408,1.0897338390350342
1710524429848625526,9.915380477905273,1.772314429283142,0.7987390160560608
1710524429875655264,9.783655166625977,1.7280066013336182,1.152004361152649
1710524429896835976,9.841135025024414,1.7783019542694092,1.2585827112197876
1710524429922089568,9.815987586975098,1.7998571395874023,1.0645861625671387
1710524429938718308,9.794432640075684,1.476529598236084,1.5340100526809692
1710524429945122243,9.760902404785156,1.4202466011047363,1.5998730659484863
1710524429957757788,9.817185401916504,1.383123755455017,1.4585669040679932
1710524429974589342,9.80521011352539,1.392703890800476,1.1759545803070068
1710524429995330296,9.799221992492676,1.9112255573272705,1.1268566846847534
1710524430003664130,9.705816268920898,1.826202392578125,1.2897180318832397
1710524430026952642,9.787247657775879,1.5687377452850342,1.577120304107666
1710524430056497225,9.800419807434082,1.3148657083511353,1.3807287216186523
1710524430079726477,9.814789772033691,1.6956738233566284,1.1496093273162842
1710524430117467966,9.790840148925781,1.5974780321121216,1.2957055568695068
1710524430123960620,9.818382263183594,1.4621593952178955,1.2406201362609863
1710524430146886155,9.814789772033691,1.6034655570983887,1.197509765625
1710524430161763658,9.781259536743164,1.690883755683899,1.337618350982666
1710524430188800419,9.76928424835205,1.8070422410964966,1.43701171875
1710524430205697573,9.814789772033691,1.5687377452850342,1.277742862701416
1710524430235136746,9.815987586975098,1.3651611804962158,1.1639795303344727
1710524430239423752,9.815987586975098,1.4705419540405273,1.211879849433899
1710524430254029231,9.793234825134277,1.6489709615707397,1.25738525390625
1710524430291834036,9.789642333984375,1.4322216510772705,1.1400293111801147
1710524430321322996,9.696236610412598,1.756746768951416,1.5519726276397705
1710524430365283054,9.853110313415527,1.6346008777618408,1.173559546470642
1710524430405445980,9.815987586975098,1.5352075099945068,1.4406042098999023
1710524430438934592,9.734557151794434,1.3052856922149658,1.6513659954071045
1710524430461991806,9.788444519042969,1.7747094631195068,1.0095007419586182
1710524430474775178,9.79682731628418,1.7076488733291626,1.1388317346572876
1710524430506165879,9.787247657775879,1.4501843452453613,1.5591577291488647
1710524430552621237,9.807604789733887,1.871707797050476,1.143621802330017
1710524430560745805,9.751321792602539,1.7783019542694092,1.3364208936691284
1710524430569116539,9.814789772033691,1.520837426185608,1.596280574798584
1710524430575331189,9.776470184326172,1.311273217201233,1.263372778892517
1710524430596780841,9.844727516174316,1.5747253894805908,1.2202624082565308
1710524430619784280,9.792037010192871,1.6884887218475342,1.1184741258621216
1710524430629982614,9.783655166625977,1.7088464498519897,1.3687536716461182
1710524430642889465,9.735754013061523,1.7280066013336182,1.3962963819503784
1710524430655419325,9.814789772033691,1.562750220298767,1.287322998046875
1710524430668088859,9.813592910766602,1.4537768363952637,1.1927196979522705
1710524430690948377,9.814789772033691,1.512454867362976,1.053808569908142
1710524430697833326,9.823172569274902,1.6202306747436523,1.1412267684936523
1710524430714601299,9.727372169494629,1.7196240425109863,1.4142590761184692
1710524430724869944,9.747729301452637,1.751956820487976,1.4549744129180908
1710524430745941039,9.813592910766602,1.6693285703659058,1.3495935201644897
1710524430771003405,9.815987586975098,1.4058765172958374,1.173559546470642
1710524430789721613,9.794432640075684,1.6058605909347534,1.3004956245422363
1710524430808875968,9.849517822265625,1.6274157762527466,1.3136682510375977
1710524430821373025,9.815987586975098,1.5040723085403442,1.0825488567352295
1710524430829845728,9.784852027893066,1.413061499595642,1.0502160787582397
1710524430848852544,9.746532440185547,1.6884887218475342,1.3088781833648682
1710524430878365608,9.687853813171387,1.6441808938980103,1.7232165336608887
1710524430912185851,9.80521011352539,1.5244299173355103,1.4885046482086182
1710524430956154637,9.75012493133545,1.7711169719696045,1.183139681816101
1710524430991939822,9.715396881103516,1.413061499595642,1.5543676614761353
1710524431004507134,9.7094087600708,1.3100756406784058,1.5759228467941284
1710524431023622229,9.733359336853027,1.550775170326233,1.3160632848739624
1710524431046731420,9.808802604675293,1.5148499011993408,1.602268099784851
1710524431076147979,9.819580078125,1.506467342376709,0.975970447063446
1710524431134937038,9.766889572143555,1.413061499595642,1.517244815826416
1710524431183946077,9.814789772033691,1.6286132335662842,1.0741662979125977
1710524431185077290,9.814789772033691,1.6286132335662842,1.0741662979125977
1710524431210506588,9.775272369384766,1.7483642101287842,1.391506314277649
1710524431229399940,9.818382263183594,1.5280224084854126,1.128054141998291
1710524431252576688,9.734557151794434,1.7615368366241455,1.4106664657592773
1710524431284287786,9.744136810302734,1.8082396984100342,1.481319546699524
1710524431330431837,9.814789772033691,1.4382091760635376,1.1699670553207397
1710524431332437245,9.817185401916504,1.3795312643051147,1.143621802330017
1710524431359828752,9.778864860534668,1.7040563821792603,1.3555810451507568
1710524431383632545,9.801617622375488,1.4885046482086182,1.1041040420532227
1710524431393229869,9.80521011352539,1.3998888731002808,1.1029064655303955
1710524431401536933,9.850715637207031,1.512454867362976,1.0250684022903442
1710524431445810652,9.824370384216309,1.841770052909851,1.481319546699524
1710524431472995980,9.804012298583984,1.6932787895202637,0.7867639064788818
1710524431498233174,9.814789772033691,1.722019076347351,1.1555969715118408
1710524431502354272,9.777667045593262,1.586700439453125,1.3040881156921387
1710524431525469792,9.707014083862305,1.3495935201644897,1.541195034980774
1710524431563121514,9.784852027893066,1.6657360792160034,1.157991886138916
1710524431588384923,9.806407928466797,1.446591854095459,1.5675402879714966
1710524431661947338,9.780062675476074,1.7579443454742432,1.4837145805358887
1710524431691522163,9.780062675476074,1.2681628465652466,1.4118640422821045
1710524431733486193,9.770482063293457,1.7854870557785034,1.3807287216186523
1710524431752399572,9.754914283752441,1.7136365175247192,1.3819262981414795
1710524431788399253,9.817185401916504,1.4932947158813477,1.1328442096710205
1710524431811179578,9.744136810302734,1.8250049352645874,1.4956897497177124
1710524431824110032,9.783655166625977,1.7651294469833374,1.4034814834594727
1710524431846980720,9.80521011352539,1.4358142614364624,1.1927196979522705
1710524431883199990,9.818382263183594,1.4849121570587158,1.1939172744750977
1710524431971109408,9.832752227783203,1.8932629823684692,1.572330355644226
1710524432006616905,9.804012298583984,1.4956897497177124,1.1412267684936523
1710524432038100848,9.735754013061523,1.6429834365844727,1.481319546699524
1710524432049054561,9.657916069030762,1.5040723085403442,1.6190332174301147
1710524432076224494,9.6998291015625,1.5615527629852295,1.3723461627960205
1710524432082514941,9.6998291015625,1.5615527629852295,1.3723461627960205
1710524432112034761,9.817185401916504,1.6980688571929932,1.2166699171066284
1710524432145620908,9.801617622375488,1.4322216510772705,1.610650658607483
1710524432183454156,9.814789772033691,1.916015625,0.9604028463363647
1710524432193668918,9.721384048461914,1.8154247999191284,1.3052856922149658
1710524432200054738,9.814789772033691,1.5567626953125,1.6190332174301147
1710524432210586498,9.763297080993652,1.397493839263916,1.5148499011993408
1710524432221157833,9.734557151794434,1.307680606842041,1.4046789407730103
1710524432273858992,9.814789772033691,1.3651611804962158,1.287322998046875
1710524432286320347,9.826765060424805,1.6537610292434692,1.1412267684936523
1710524432305320539,9.814789772033691,1.3795312643051147,1.1005114316940308
1710524432336760037,9.814789772033691,1.3795312643051147,1.1005114316940308
1710524432347266656,9.747729301452637,1.8010547161102295,1.383123755455017
1710524432368260514,9.75012493133545,1.892065405845642,1.4537768363952637
1710524432419010055,9.794432640075684,1.401086449623108,1.2250524759292603
1710524432427125213,9.825567245483398,1.5016772747039795,1.2262500524520874
1710524432452285580,9.798025131225586,1.6884887218475342,1.3256433010101318
1710524432471183474,9.792037010192871,1.446591854095459,1.0645861625671387
1710524432496443550,9.75970458984375,1.790277123451233,1.6357983350753784
1710524432523564590,9.741742134094238,1.5136523246765137,1.610650658607483
1710524432532122167,9.847123146057129,1.5890954732894897,1.191522240638733
1710524432549019416,9.815987586975098,1.6992663145065308,0.9340575933456421
1710524432592998106,9.88903522491455,1.8633252382278442,0.9292675852775574
1710524432672885295,9.780062675476074,1.775907039642334,1.1196715831756592
1710524432719154875,9.812395095825195,1.3759387731552124,1.302890658378601
1710524432733724138,9.835147857666016,1.7148339748382568,0.9388476610183716
1710524432742281018,9.74533462524414,1.8333874940872192,1.2490026950836182
1710524432750544396,9.762099266052246,1.631008267402649,1.6357983350753784
1710524432798931730,9.762099266052246,1.631008267402649,1.6357983350753784
1710524432828093133,9.756112098693848,1.775907039642334,1.3843213319778442
1710524432841007658,9.780062675476074,1.6657360792160034,1.3903088569641113
1710524432851398592,9.789642333984375,1.5136523246765137,1.3280383348464966
1710524432889207214,9.793234825134277,1.4286291599273682,1.2286449670791626
1710524432891419106,9.820777893066406,1.6178356409072876,1.1543993949890137
1710524432958704777,9.814789772033691,1.446591854095459,1.2502001523971558
1710524432967252544,9.819580078125,1.4250366687774658,1.1843371391296387
1710524432996696344,9.83395004272461,1.5795153379440308,1.271755337715149
1710524433034505984,9.820777893066406,1.8693127632141113,1.5447876453399658
1710524433057705029,9.741742134094238,1.790277123451233,1.5950829982757568
1710524433095564920,9.77407455444336,1.532812476158142,1.5495775938034058
1710524433105940091,9.859097480773926,1.6789087057113647,1.2992980480194092
1710524433118590764,9.818382263183594,1.706451416015625,1.2585827112197876
1710524433137361794,9.691446304321289,1.4753320217132568,1.592687964439392
1710524433148841693,9.814789772033691,1.547182559967041,1.6142431497573853
1710524433170982268,9.701026916503906,1.6513659954071045,1.4789245128631592
1710524433182203081,9.817185401916504,1.7830920219421387,1.0310559272766113
1710524433202343699,9.744136810302734,1.6202306747436523,1.221459984779358
1710524433231994503,9.793234825134277,1.3879138231277466,1.526824951171875
1710524433234073239,9.735754013061523,1.4322216510772705,1.682501196861267
1710524433254941772,9.8100004196167,1.810634732246399,0.9651928544044495
1710524433269958027,9.811197280883789,1.981878638267517,1.1603869199752808
1710524433295072905,9.74533462524414,1.8729052543640137,1.233435034751892
1710524433309988146,9.788444519042969,1.241817593574524,1.466949462890625
1710524433335130089,9.815987586975098,1.3040881156921387,1.3352234363555908
1710524433337215413,9.8100004196167,1.466949462890625,1.2861255407333374
1710524433354178933,9.780062675476074,1.7591418027877808,1.1424243450164795
1710524433406474947,9.771679878234863,1.8537451028823853,1.4034814834594727
1710524433492711997,9.814789772033691,1.4621593952178955,1.25738525390625
1710524433515768214,9.814789772033691,1.5531702041625977,1.2525951862335205
1710524433549401582,9.817185401916504,1.7100439071655273,1.421444058418274
1710524433557644395,9.815987586975098,1.5531702041625977,1.023870825767517
1710524433574678876,9.754914283752441,1.745969295501709,1.3064831495285034
1710524433589269413,9.817185401916504,1.8537451028823853,1.5399975776672363
1710524433597919341,9.768087387084961,1.7531542778015137,1.6573535203933716
1710524433616812023,9.612410545349121,1.5687377452850342,1.5531702041625977
1710524433629518075,9.718989372253418,1.4633569717407227,1.386716365814209
1710524433639979992,9.827962875366211,1.7256115674972534,1.0059082508087158
1710524433650493005,9.795629501342773,1.826202392578125,0.7939489483833313
1710524433667167999,9.781259536743164,1.8214123249053955,1.1723620891571045
1710524433683994112,9.74533462524414,1.3795312643051147,1.6453784704208374
1710524433738698710,9.793234825134277,1.5435900688171387,1.4286291599273682
1710524433797511441,9.859097480773926,1.5088622570037842,0.9903405904769897
1710524433816785133,9.681866645812988,1.790277123451233,1.2909154891967773
1710524433835637684,9.757309913635254,1.7292040586471558,1.5160473585128784
1710524433877618946,9.75970458984375,1.660946011543274,1.646575927734375
1710524433879641268,9.775272369384766,1.5591577291488647,1.6034655570983887
1710524433915542220,9.776470184326172,1.722019076347351,1.43701171875
1710524433942928623,9.814789772033691,1.5340100526809692,1.2825329303741455
1710524433970011036,9.813592910766602,1.5615527629852295,1.1352392435073853
1710524433984179695,9.764494895935059,1.6681311130523682,1.3759387731552124
1710524434001700507,9.772876739501953,1.6932787895202637,1.460961937904358
1710524434129779162,9.817185401916504,1.5244299173355103,1.2202624082565308
1710524434150553411,9.601633071899414,1.670526146888733,1.632205843925476
1710524434165398084,9.800419807434082,1.5447876453399658,1.610650658607483
1710524434186486554,9.884245872497559,1.580712914466858,0.9017248749732971
1710524434198942362,9.814789772033691,1.7830920219421387,1.1903246641159058
1710524434218033009,9.732161521911621,1.6717236042022705,1.4885046482086182
1710524434232860902,9.707014083862305,1.466949462890625,1.690883755683899
1710524434247570323,9.788444519042969,1.571132779121399,1.43701171875
1710524434279249962,9.8291597366333,1.8178198337554932,1.0262658596038818
1710524434333681191,9.739346504211426,1.6346008777618408,1.6274157762527466
1710524434335910202,9.748927116394043,1.520837426185608,1.5699353218078613
1710524434340314881,9.792037010192871,1.4082714319229126,1.2825329303741455
1710524434371748766,9.799221992492676,1.9591259956359863,1.1196715831756592
1710524434390541657,9.718989372253418,1.8681151866912842,1.2789404392242432
1710524434512265231,9.814789772033691,1.4741345643997192,1.1639795303344727
1710524434518550229,9.817185401916504,1.536405086517334,1.1041040420532227
1710524434524811720,9.827962875366211,1.5938855409622192,1.167572021484375
1710524434541549254,9.748927116394043,1.7471667528152466,1.383123755455017
1710524434558171890,9.741742134094238,1.8585351705551147,1.4789245128631592
1710524434570952871,9.776470184326172,1.6346008777618408,1.4034814834594727
1710524434583955719,9.814789772033691,1.3807287216186523,1.1939172744750977
1710524434617014420,9.815987586975098,1.5795153379440308,1.271755337715149
1710524434619117968,9.799221992492676,1.6513659954071045,1.2897180318832397
1710524434655119313,9.813592910766602,1.7112414836883545,1.4154565334320068
1710524434672053914,9.784852027893066,1.4885046482086182,1.107696533203125
1710524434697053998,9.819580078125,1.880090355873108,1.550775170326233
1710524434713892267,9.702223777770996,1.4406042098999023,1.3579760789871216
1710524434745344933,9.861493110656738,1.6094530820846558,1.25738525390625
1710524434760120638,9.890233039855957,1.901645541191101,0.9723779559135437
1710524434783044873,9.671089172363281,1.4154565334320068,1.6597485542297363
1710524434804014736,9.708211898803711,1.2681628465652466,1.6884887218475342
1710524434805989180,9.770482063293457,1.301693081855774,1.6741186380386353
1710524434827376970,9.860295295715332,1.7639318704605103,1.217867374420166
1710524434858919948,9.772876739501953,1.49688720703125,1.7351917028427124
1710524434882071939,9.814789772033691,1.4681469202041626,0.9520202875137329
1710524434903094407,9.771679878234863,1.9495458602905273,1.1124866008758545
1710524434947183587,9.744136810302734,1.8034497499465942,1.5986754894256592
1710524434966073321,9.807604789733887,1.3495935201644897,1.2957055568695068
1710524434989047949,9.770482063293457,1.760339379310608,1.293310523033142
1710524435020710701,9.784852027893066,1.790277123451233,1.451381802558899
1710524435039718002,9.812395095825195,1.4920971393585205,1.1340417861938477
1710524435081604896,9.824370384216309,1.5651452541351318,1.0993139743804932
1710524435098441466,9.817185401916504,1.626218318939209,1.183139681816101
1710524435104825348,9.74533462524414,1.8729052543640137,1.5016772747039795
1710524435117331614,9.758506774902344,1.760339379310608,1.490899682044983
1710524435140644636,9.814789772033691,1.4034814834594727,1.1687694787979126
1710524435176431611,9.824370384216309,1.7148339748382568,1.4441968202590942
1710524435195090040,9.813592910766602,1.592687964439392,1.2765454053878784
1710524435213996594,9.744136810302734,1.4549744129180908,1.0957214832305908
1710524435226871151,9.768087387084961,1.7172290086746216,1.3052856922149658
1710524435262593481,9.674681663513184,1.6777111291885376,1.6872912645339966
1710524435271079068,9.753717422485352,1.4238390922546387,1.3843213319778442
1710524435292083114,9.778864860534668,1.572330355644226,0.9747729301452637
1710524435314924624,9.800419807434082,1.8585351705551147,1.451381802558899
1710524435340156608,9.687853813171387,1.3088781833648682,1.5855029821395874
1710524435348593834,9.802814483642578,1.421444058418274,1.3483959436416626
1710524435354908239,9.770482063293457,1.816622257232666,1.2226574420928955
1710524435384456546,9.800419807434082,1.7783019542694092,1.173559546470642
1710524435386354305,9.667496681213379,1.6848962306976318,1.3280383348464966
1710524435413845986,9.814789772033691,1.4753320217132568,1.7172290086746216
1710524435449839607,9.814789772033691,1.786684513092041,0.9807605147361755
1710524435525044752,9.766889572143555,1.3136682510375977,1.442999243736267
1710524435537887044,9.817185401916504,1.6944763660430908,1.068178653717041
1710524435575858369,9.815987586975098,1.802252173423767,1.113684058189392
1710524435609227147,9.727372169494629,1.8273998498916626,1.5076647996902466
1710524435611694927,9.784852027893066,1.466949462890625,1.337618350982666
1710524435659979122,9.734557151794434,1.8980529308319092,1.4992822408676147
1710524435691634613,9.817185401916504,1.413061499595642,1.1999047994613647
1710524435704336688,9.815987586975098,1.490899682044983,1.277742862701416
1710524435733636121,9.819580078125,1.745969295501709,1.4681469202041626
1710524435754862671,9.821974754333496,1.5555652379989624,1.3364208936691284
1710524435771585000,9.667496681213379,1.7627344131469727,1.5232324600219727
1710524435786202340,9.760902404785156,1.5591577291488647,1.5855029821395874
1710524435798822961,9.653125762939453,1.512454867362976,1.4046789407730103
1710524435821924196,9.915380477905273,1.6429834365844727,1.2681628465652466
1710524435851538650,9.776470184326172,1.7890795469284058,1.143621802330017
1710524435861928526,9.692644119262695,1.3986914157867432,1.6693285703659058
1710524435876470133,9.801617622375488,1.3807287216186523,1.7076488733291626
1710524435893235508,9.772876739501953,1.5399975776672363,1.413061499595642
1710524435912385441,9.814789772033691,1.7615368366241455,1.2310400009155273
1710524435939780318,9.753717422485352,1.446591854095459,1.7411792278289795
1710524435962668563,9.812395095825195,1.4022839069366455,1.25738525390625
1710524435968988449,9.814789772033691,1.536405086517334,1.0214757919311523
1710524435994145137,9.825567245483398,1.7711169719696045,0.9663903713226318
1710524436027835369,9.787247657775879,1.9878661632537842,1.1268566846847534
1710524436048941311,9.724976539611816,1.460961937904358,1.6118481159210205
1710524436074164968,9.817185401916504,1.626218318939209,1.093326449394226
1710524436084708979,9.764494895935059,1.8645226955413818,1.3256433010101318
1710524436101534112,9.711804389953613,1.8273998498916626,1.5352075099945068
1710524436153802357,9.792037010192871,1.4849121570587158,1.2585827112197876
1710524436194119168,9.752519607543945,1.7794995307922363,1.4681469202041626
1710524436200027229,9.738149642944336,1.7878820896148682,1.547182559967041
1710524436309460049,9.776470184326172,1.5819103717803955,1.2346326112747192
1710524436328345648,9.8291597366333,1.5184423923492432,1.167572021484375
1710524436334680896,9.659113883972168,1.626218318939209,1.6489709615707397
1710524436355418733,9.71419906616211,1.6393908262252808,1.323248267173767
1710524436386815743,9.841135025024414,1.8190172910690308,0.8358618021011353
1710524436414989582,9.735754013061523,1.6046631336212158,1.2298425436019897
1710524436433215025,9.72258186340332,1.6393908262252808,1.3962963819503784
1710524436471195384,9.72258186340332,1.6393908262252808,1.3962963819503784
1710524436494378592,9.792037010192871,1.49688720703125,1.626218318939209
1710524436513241432,9.814789772033691,1.5220348834991455,1.2082873582839966
1710524436536321510,9.806407928466797,1.6357983350753784,1.0214757919311523
1710524436544662171,9.800419807434082,1.9327807426452637,1.0346484184265137
1710524436548686982,9.739346504211426,1.9531384706497192,1.161584496498108
1710524436584229739,9.746532440185547,1.7148339748382568,1.6130456924438477
1710524436594927449,9.80521011352539,1.4106664657592773,1.367556095123291
1710524436603420819,9.836345672607422,1.4394067525863647,1.3220508098602295
1710524436626454328,9.815987586975098,1.457369327545166,1.2238550186157227
1710524436649635593,9.789642333984375,1.5567626953125,1.4238390922546387
1710524436679074382,9.777667045593262,1.5759228467941284,1.3184581995010376
1710524436702180690,9.75970458984375,1.9112255573272705,1.3436059951782227
1710524436725337914,9.763297080993652,1.8968554735183716,1.4394067525863647
1710524436746262762,9.768087387084961,1.632205843925476,1.4382091760635376
1710524436767253313,9.807604789733887,1.4657520055770874,1.2957055568695068
1710524436792877120,9.814789772033691,1.532812476158142,1.3519885540008545
1710524436821937250,9.772876739501953,1.5974780321121216,1.3950989246368408
1710524436836760538,9.815987586975098,1.6477733850479126,0.9831554889678955
1710524436859819457,9.728569030761719,1.8142273426055908,1.3052856922149658
1710524436861773043,9.728569030761719,1.8142273426055908,1.3052856922149658
1710524436884895579,9.770482063293457,1.676513671875,1.7100439071655273
1710524437004422362,9.827962875366211,1.8381774425506592,1.063388705253601
1710524437023391249,9.790840148925781,1.8393750190734863,1.1100915670394897
1710524437063265616,9.732161521911621,1.5160473585128784,1.6034655570983887
1710524437067379314,9.747729301452637,1.4837145805358887,1.2861255407333374
1710524437099081552,9.8100004196167,1.8908679485321045,0.8909472823143005
1710524437115865318,9.75970458984375,1.742376685142517,1.5004796981811523
1710524437128654330,9.71419906616211,1.4741345643997192,1.6178356409072876
1710524437145257035,9.758506774902344,1.3651611804962158,1.5986754894256592
1710524437166495421,9.819580078125,1.43701171875,1.4106664657592773
1710524437172711030,9.75970458984375,1.6298108100891113,1.2142748832702637
1710524437187277485,9.708211898803711,1.8633252382278442,1.301693081855774
1710524437199877778,9.75012493133545,1.835782527923584,1.2657678127288818
1710524437227088425,9.806407928466797,1.8333874940872192,1.3172607421875
1710524437250658248,9.765691757202148,1.7411792278289795,1.266965389251709
1710524437273838439,9.814789772033691,1.5459851026535034,1.2298425436019897
1710524437303188871,9.765691757202148,1.6441808938980103,1.502874732017517
1710524437311741963,9.765691757202148,1.6441808938980103,1.502874732017517
1710524437336897236,9.813592910766602,1.460961937904358,1.347198486328125
1710524437343119483,9.813592910766602,1.8681151866912842,1.1208691596984863
1710524437355893399,9.760902404785156,1.8753002882003784,1.1448193788528442
1710524437364210451,9.838740348815918,1.8070422410964966,1.2825329303741455
1710524437387307998,9.753717422485352,1.656156063079834,1.1256592273712158
1710524437422977674,9.626781463623047,1.5855029821395874,1.666933536529541
1710524437494478031,9.814789772033691,2.0429515838623047,1.0454260110855103
1710524437508964523,9.686656951904297,1.8669177293777466,1.805844783782959
1710524437521542090,9.695038795471191,1.2909154891967773,1.636995792388916
1710524437549022385,9.941725730895996,1.487307071685791,1.3100756406784058
1710524437594952555,9.748927116394043,1.810634732246399,1.442999243736267
1710524437628878547,9.835147857666016,1.7172290086746216,0.8969348073005676
1710524437738135472,9.801617622375488,1.421444058418274,1.4406042098999023
1710524437783299568,9.744136810302734,1.4992822408676147,1.3052856922149658
1710524437805655345,9.789642333984375,1.8333874940872192,1.0969189405441284
1710524437834895417,9.742938995361328,1.720821499824524,1.580712914466858
1710524437849661264,9.815987586975098,1.217867374420166,1.5196398496627808
1710524437877074127,9.841135025024414,1.0585986375808716,1.427431583404541
1710524437898007839,9.696236610412598,2.143542528152466,1.1388317346572876
1710524437912776498,9.776470184326172,2.2788610458374023,1.2693603038787842
1710524437919294339,9.637558937072754,2.177072763442993,1.652563452720642
1710524437948569261,9.820777893066406,1.592687964439392,1.6190332174301147
1710524437969557085,9.817185401916504,1.3519885540008545,1.3807287216186523
1710524437998837720,9.837542533874512,1.431024193763733,1.2166699171066284
1710524438004963231,9.717791557312012,1.8896703720092773,1.0394384860992432
1710524438007129745,9.819580078125,2.1219873428344727,1.1543993949890137
1710524438026186897,9.698631286621094,1.840572476387024,1.4801220893859863
1710524438045072063,9.815987586975098,1.1951147317886353,1.460961937904358
1710524438060700116,9.75970458984375,1.0729687213897705,1.3543835878372192
1710524438064003394,9.75970458984375,1.0729687213897705,1.3543835878372192
1710524438131337285,9.859097480773926,1.5388000011444092,1.161584496498108
1710524438179620594,9.944121360778809,1.7926721572875977,0.850231945514679
1710524438204778925,9.926158905029297,1.6884887218475342,1.4597643613815308
1710524438261463756,9.960886001586914,1.401086449623108,1.4705419540405273
1710524438312301235,10.006391525268555,1.8154247999191284,1.3639636039733887
1710524438375415874,9.457932472229004,1.5579601526260376,1.0813512802124023
1710524438396279459,9.801617622375488,1.7375866174697876,1.25738525390625
1710524438430130290,9.901010513305664,0.7268884181976318,1.0550061464309692
1710524438434489133,9.818382263183594,1.900447964668274,1.1891272068023682
1710524438457483628,9.637558937072754,1.8872753381729126,0.9915381073951721
1710524438472462375,9.892627716064453,1.7351917028427124,0.89813232421875
1710524438533277940,9.768087387084961,1.5388000011444092,1.0454260110855103
1710524438564656982,9.831555366516113,1.592687964439392,1.5256274938583374
1710524438585607182,9.789642333984375,1.5890954732894897,1.093326449394226
1710524438612969436,9.915380477905273,1.1400293111801147,0.9364526271820068
1710524438674058541,9.85670280456543,1.526824951171875,0.910107433795929
1710524438705537651,9.905800819396973,1.4717395305633545,0.9807605147361755
1710524438789112909,10.197993278503418,1.356778621673584,0.6993457078933716
1710524438808059942,9.994416236877441,1.1651769876480103,0.9747729301452637
1710524438845908935,10.045909881591797,1.7052539587020874,0.6346801519393921
1710524438885826866,9.861493110656738,1.4322216510772705,1.0765613317489624
1710524438936961637,9.860295295715332,1.2490026950836182,0.8909472823143005
1710524438953089674,9.8291597366333,1.4932947158813477,0.7592211961746216
1710524438983478034,9.96208381652832,1.5639477968215942,0.7077282667160034
1710524438988502412,9.788444519042969,1.4406042098999023,0.9125024676322937
1710524439005558837,9.982440948486328,1.233435034751892,1.0346484184265137
1710524439038995673,9.832752227783203,1.3244458436965942,0.9053173661231995
1710524439051619182,9.969268798828125,1.5076647996902466,0.8442443609237671
1710524439062327799,9.819580078125,1.5016772747039795,0.5879772901535034
1710524439076965437,9.881850242614746,1.2765454053878784,0.5783972144126892
1710524439089656585,9.866283416748047,0.9544152617454529,0.7532336711883545
1710524439108577537,9.868678092956543,1.0394384860992432,1.1005114316940308
1710524439152747454,9.820777893066406,1.211879849433899,1.0909314155578613
1710524439163196733,9.808802604675293,1.9722986221313477,0.790356457233429
1710524439169592684,9.815987586975098,1.6250207424163818,0.9364526271820068
1710524439194980414,9.824370384216309,1.2346326112747192,0.808319091796875
1710524439207618747,9.904603004455566,1.0801538228988647,0.9184899926185608
1710524439224369210,9.824370384216309,1.1124866008758545,0.9616003632545471
1710524439258001210,9.735754013061523,1.6729211807250977,0.9963281154632568
1710524439295842677,9.8100004196167,1.3950989246368408,0.9927356243133545
1710524439319064855,9.817185401916504,1.1987072229385376,0.5963598489761353
1710524439329529048,9.968070983886719,1.3100756406784058,0.5652245879173279
1710524439365145533,9.832752227783203,1.6058605909347534,0.7508386373519897
1710524439424190751,9.83395004272461,1.3759387731552124,0.8466393947601318
1710524439453578035,9.872270584106445,1.3950989246368408,0.7628137469291687
1710524439470320543,9.821974754333496,1.3747411966323853,0.8250842094421387
1710524439487122580,9.83395004272461,1.4334192276000977,0.9687854051589966
1710524439506002903,9.80521011352539,1.5747253894805908,0.9244775176048279
1710524439522845301,9.862689971923828,1.602268099784851,0.9448351860046387
1710524439545860517,9.841135025024414,1.397493839263916,0.8370593190193176
1710524439573343177,9.825567245483398,1.3040881156921387,0.9975256323814392
1710524439590097188,9.877060890197754,1.3304333686828613,0.8657995462417603
1710524439619663754,9.853110313415527,1.490899682044983,0.8454418778419495
1710524439642765093,9.854308128356934,1.4717395305633545,0.8023315668106079
1710524439644878591,9.892627716064453,1.4597643613815308,0.850231945514679
1710524439684630435,9.824370384216309,1.446591854095459,0.9077123999595642
1710524439695077058,9.827962875366211,1.4334192276000977,0.9148974418640137
1710524439764394963,9.860295295715332,1.3651611804962158,0.9388476610183716
1710524439766286497,9.835147857666016,1.3256433010101318,0.9604028463363647
1710524439777085851,9.830357551574707,1.4250366687774658,0.8909472823143005
1710524439814696108,9.866283416748047,1.4202466011047363,0.7628137469291687
1710524439846199713,9.841135025024414,1.392703890800476,0.8394543528556824
1710524439850258659,9.815987586975098,1.4106664657592773,0.850231945514679
1710524439852473711,9.815987586975098,1.457369327545166,0.9316626191139221
1710524439869516405,9.801617622375488,1.4441968202590942,0.9364526271820068
1710524439881703835,9.827962875366211,1.43701171875,0.8993298411369324
1710524439884053856,9.854308128356934,1.4789245128631592,0.9747729301452637
1710524439909172511,9.821974754333496,1.4561718702316284,0.9316626191139221
1710524439934453638,9.873468399047852,1.4178515672683716,0.8538244366645813
1710524439953206343,9.873468399047852,1.4178515672683716,0.8538244366645813
1710524439970249541,9.84233283996582,1.427431583404541,0.8514294624328613
1710524439984993261,9.815987586975098,1.4741345643997192,0.9029223918914795
1710524440001941271,9.844727516174316,1.446591854095459,0.8921447992324829
1710524440092277557,9.866283416748047,1.4202466011047363,0.9675878882408142
1710524440094605882,9.824370384216309,1.3998888731002808,0.8646020293235779
1710524440103073650,9.862689971923828,1.416654109954834,0.8286767601966858
1710524440132470055,9.835147857666016,1.3591735363006592,0.8921447992324829
1710524440144959207,9.887838363647461,1.3855187892913818,0.9041198492050171
1710524440157581612,9.832752227783203,1.446591854095459,0.9208850264549255
1710524440183637616,9.818382263183594,1.502874732017517,0.8777746558189392
1710524440218795473,9.832752227783203,1.532812476158142,0.8622070550918579
1710524440233662516,9.825567245483398,1.4645544290542603,0.8777746558189392
1710524440250284631,9.91657829284668,1.3519885540008545,0.8945397734642029
1710524440258741567,9.847123146057129,1.3699511289596558,0.9029223918914795
1710524440275550514,9.835147857666016,1.3855187892913818,0.9208850264549255
1710524440277534503,9.831555366516113,1.3939013481140137,0.8957372903823853
1710524440317487971,9.859097480773926,1.4980846643447876,0.8011340498924255
1710524440330116141,9.887838363647461,1.4717395305633545,0.8777746558189392
1710524440340811669,9.862689971923828,1.383123755455017,0.9232800006866455
1710524440367941310,9.883048057556152,1.3304333686828613,0.9747729301452637
1710524440420515363,9.845925331115723,1.3172607421875,0.868194580078125
1710524440437213827,9.873468399047852,1.3819262981414795,0.8945397734642029
1710524440483423406,9.817185401916504,1.4094690084457397,0.8646020293235779
