bag_timestamp_ns,accel0_x,accel0_y,accel0_z
1710533940753064879,-9.457932472229004,0.700543224811554,1.2011022567749023
1710533940774224285,-9.466314315795898,0.7113208174705505,1.1939172744750977
1710533940801403605,-9.463919639587402,0.706530749797821,1.2058923244476318
1710533940824654576,-9.467512130737305,0.7041357159614563,1.2166699171066284
1710533940891930823,-9.451944351196289,0.6777905225753784,1.2250524759292603
1710533940900425003,-9.4603271484375,0.7268884181976318,1.213077425956726
1710533940904679022,-9.454339981079102,0.7173083424568176,1.2166699171066284
1710533940931887789,-9.462721824645996,0.7137157917022705,1.2106823921203613
1710533940997177300,-9.463919639587402,0.7137157917022705,1.2190649509429932
1710533941003952070,-9.465117454528809,0.7149133086204529,1.203497290611267
1710533941062001252,-9.455536842346191,0.7077282667160034,1.221459984779358
1710533941123295128,-9.467512130737305,0.7113208174705505,1.1963123083114624
1710533941152685892,-9.466314315795898,0.7220984101295471,1.213077425956726
1710533941173620496,-9.481882095336914,0.7089257836341858,1.203497290611267
1710533941182095783,-9.455536842346191,0.6993457078933716,1.213077425956726
1710533941205245322,-9.454339981079102,0.7173083424568176,1.2154724597930908
1710533941224133419,-9.468709945678711,0.6897656321525574,1.2310400009155273
1710533941248600479,-9.453142166137695,0.7232959270477295,1.2058923244476318
1710533941266313286,-9.462721824645996,0.7292834520339966,1.203497290611267
1710533941293378504,-9.457932472229004,0.6993457078933716,1.2142748832702637
1710533941347966262,-9.463919639587402,0.7232959270477295,1.213077425956726
1710533941352188172,-9.454339981079102,0.7220984101295471,1.1999047994613647
1710533941373163490,-9.462721824645996,0.6730005145072937,1.217867374420166
1710533941400581403,-9.463919639587402,0.7053332328796387,1.211879849433899
1710533941417240005,-9.459129333496094,0.6909631490707397,1.233435034751892
1710533941452004347,-9.461524963378906,0.7149133086204529,1.2310400009155273
1710533941465399553,-9.457932472229004,0.6945556402206421,1.1951147317886353
1710533941497017832,-9.453142166137695,0.7137157917022705,1.2226574420928955
1710533941501687235,-9.453142166137695,0.7244933843612671,1.2406201362609863
1710533941530866353,-9.466314315795898,0.7089257836341858,1.227447509765625
1710533941532914169,-9.47469711303711,0.7017407417297363,1.2058923244476318
1710533941541326954,-9.4699068069458,0.7113208174705505,1.217867374420166
1710533941560387750,-9.457932472229004,0.6825805902481079,1.2082873582839966
1710533941587627286,-9.461524963378906,0.718505859375,1.221459984779358
1710533941591851478,-9.467512130737305,0.7197033762931824,1.217867374420166
1710533941720229981,-9.459129333496094,0.7256909012794495,1.2058923244476318
1710533941768640289,-9.471104621887207,0.7173083424568176,1.2022998332977295
1710533941772673299,-9.456734657287598,0.6813830733299255,1.2226574420928955
1710533941797892255,-9.4603271484375,0.7197033762931824,1.2106823921203613
1710533941882128404,-9.456734657287598,0.7220984101295471,1.2154724597930908
1710533941949338087,-9.455536842346191,0.7113208174705505,1.211879849433899
1710533941991423783,-9.461524963378906,0.7209008932113647,1.2202624082565308
1710533942008067451,-9.465117454528809,0.7113208174705505,1.2166699171066284
1710533942029180759,-9.473499298095703,0.7137157917022705,1.2022998332977295
1710533942066709516,-9.466314315795898,0.7101233005523682,1.1939172744750977
1710533942085801748,-9.466314315795898,0.7125183343887329,1.2154724597930908
1710533942151297879,-9.442364692687988,0.7328760027885437,1.211879849433899
1710533942181163889,-9.466314315795898,0.6921606659889221,1.191522240638733
1710533942218501171,-9.465117454528809,0.6873705983161926,1.1891272068023682
1710533942233170561,-9.466314315795898,0.6849755644798279,1.2358300685882568
1710533942252970024,-9.471104621887207,0.6981481909751892,1.1963123083114624
1710533942292050840,-9.455536842346191,0.7101233005523682,1.2310400009155273
1710533942296166153,-9.457932472229004,0.7149133086204529,1.233435034751892
1710533942333850540,-9.454339981079102,0.7209008932113647,1.2238550186157227
1710533942376000700,-9.456734657287598,0.7077282667160034,1.2310400009155273
1710533942390574168,-9.471104621887207,0.7209008932113647,1.2166699171066284
1710533942407442273,-9.461524963378906,0.7089257836341858,1.2226574420928955
1710533942413673316,-9.468709945678711,0.706530749797821,1.2058923244476318
1710533942441012054,-9.459129333496094,0.7197033762931824,1.2322375774383545
1710533942454998931,-9.453142166137695,0.7089257836341858,1.207089900970459
1710533942478734599,-9.604028701782227,0.9975256323814392,0.7424560785293579
1710533942598932585,-9.541757583618164,0.8011340498924255,1.3579760789871216
1710533942632311201,-9.459129333496094,0.5125342011451721,1.1999047994613647
1710533942661873024,-9.438772201538086,0.5843847393989563,1.1891272068023682
1710533942691627225,-9.384883880615234,0.7376660108566284,1.4944921731948853
1710533942704143338,-9.407636642456055,0.6837780475616455,1.362766146659851
1710533942727218782,-9.456734657287598,0.8418493866920471,1.2238550186157227
1710533942756593338,-9.49744987487793,0.7113208174705505,1.0825488567352295
1710533942775524088,-9.424402236938477,0.7376660108566284,1.3651611804962158
1710533942788127481,-9.463919639587402,0.7220984101295471,1.177152156829834
1710533942887044966,-9.53457260131836,0.7448510527610779,1.0466235876083374
1710533942962897703,-9.501042366027832,0.6442602276802063,1.1244616508483887
1710533942990174331,-9.412426948547363,0.6777905225753784,1.3424084186553955
1710533943019716680,-9.683063507080078,0.7424560785293579,0.748443603515625
1710533943054321599,-9.405241966247559,0.2047741711139679,1.2226574420928955
1710533943067952607,-9.43757438659668,0.8178991675376892,1.293310523033142
1710533943095446432,-9.420809745788574,0.5376818776130676,1.227447509765625
1710533943122763260,-9.484277725219727,0.9220825433731079,1.123264193534851
1710533943133520923,-9.475894927978516,0.8023315668106079,1.3448034524917603
1710533943141860862,-9.422006607055664,0.47181883454322815,1.2897180318832397
1710533943171309802,-9.484277725219727,0.8945397734642029,1.2645703554153442
1710533943181773109,-9.407636642456055,0.8849596977233887,1.3759387731552124
1710533943217436018,-9.511819839477539,0.6610254049301147,1.0741662979125977
1710533943219567272,-9.456734657287598,0.5400769114494324,1.5016772747039795
1710533943238611075,-9.467512130737305,0.6562353372573853,1.2202624082565308
1710533943253042220,-9.461524963378906,0.7532336711883545,1.213077425956726
1710533943289020561,-9.484277725219727,0.6143224835395813,1.152004361152649
1710533943291114539,-9.480685234069824,0.7688012719154358,1.2537927627563477
1710533943307987513,-9.468709945678711,0.6442602276802063,1.247805118560791
1710533943343935699,-9.489067077636719,0.7340734601020813,1.1603869199752808
1710533943400720533,-9.4699068069458,0.77838134765625,1.203497290611267
1710533943472159824,-9.461524963378906,0.8178991675376892,1.2454102039337158
1710533943507692886,-9.456734657287598,0.5783972144126892,1.2262500524520874
1710533943577326390,-9.489067077636719,0.7089257836341858,1.157991886138916
1710533943594181124,-9.650731086730957,0.7532336711883545,0.7628137469291687
1710533943625849100,-9.502240180969238,0.5903723239898682,1.0442285537719727
1710533943657261820,-9.419611930847168,0.5795947313308716,1.3004956245422363
1710533943672229720,-9.509425163269043,0.8442443609237671,1.1184741258621216
1710533943712296756,-9.499844551086426,0.5700146555900574,1.1184741258621216
1710533943762762660,-9.389674186706543,0.6262975931167603,1.442999243736267
1710533943787891302,-9.456734657287598,0.7244933843612671,1.2322375774383545
1710533943813101084,-9.471104621887207,0.7688012719154358,1.1927196979522705
1710533943838452275,-9.443561553955078,0.6215075850486755,1.2286449670791626
1710533943842714270,-9.528585433959961,0.6849755644798279,1.4262341260910034
1710533943870011231,-9.4699068069458,0.5712121725082397,1.2645703554153442
1710533943929182690,-9.456734657287598,0.6442602276802063,1.2837305068969727
1710533943952132022,-9.467512130737305,0.5915698409080505,1.2022998332977295
1710533943964851069,-9.436376571655273,0.7568261623382568,1.271755337715149
1710533944009086010,-9.451944351196289,0.6622229218482971,1.2250524759292603
1710533944065634656,-9.478289604187012,0.7819738984107971,1.2250524759292603
1710533944088760506,-9.66270637512207,0.676593005657196,0.6849755644798279
1710533944101685914,-9.503437042236328,0.7460485696792603,1.1256592273712158
1710533944160337342,-9.473499298095703,0.7496411204338074,1.2358300685882568
1710533944181335919,-9.424402236938477,0.6454577445983887,1.4621593952178955
1710533944191788617,-9.448351860046387,0.6490502953529358,1.213077425956726
1710533944244426922,-9.528585433959961,0.8526269793510437,1.1244616508483887
1710533944252610669,-9.406438827514648,0.8646020293235779,1.3783336877822876
1710533944258842064,-9.416019439697266,0.868194580078125,1.4046789407730103
1710533944290583225,-9.50583267211914,0.5340893268585205,1.047821044921875
1710533944326388534,-9.381291389465332,0.6179150342941284,1.4022839069366455
1710533944338825009,-9.472302436828613,0.856219470500946,1.2250524759292603
1710533944376689056,-9.507030487060547,0.610729992389679,1.1268566846847534
1710533944401830551,-9.472302436828613,0.7220984101295471,1.2310400009155273
1710533944456119877,-9.418414115905762,0.6550378203392029,1.3352234363555908
1710533944477362617,-9.427994728088379,0.616717517375946,1.3304333686828613
1710533944498356732,-9.455536842346191,0.568817138671875,1.2765454053878784
1710533944521349976,-9.461524963378906,0.8035290241241455,1.2597802877426147
1710533944538281573,-9.449549674987793,0.7316784858703613,1.251397728919983
1710533944552838460,-9.462721824645996,0.8238866925239563,1.266965389251709
1710533944563235599,-9.448351860046387,0.8382568359375,1.293310523033142
1710533944582260507,-9.473499298095703,0.670605480670929,1.233435034751892
1710533944594940792,-9.43757438659668,0.7209008932113647,1.3064831495285034
1710533944638754908,-9.480685234069824,0.6562353372573853,1.1939172744750977
1710533944642988339,-9.650731086730957,0.6646178960800171,0.7316784858703613
1710533944714356761,-9.513017654418945,0.9196875095367432,1.2238550186157227
1710533944731269656,-9.513017654418945,0.9196875095367432,1.247805118560791
1710533944769007090,-9.461524963378906,0.9448351860046387,1.3124706745147705
1710533944792167032,-9.524992942810059,0.4095483422279358,1.0059082508087158
1710533944811046426,-9.374106407165527,0.9651928544044495,1.5699353218078613
1710533944834261464,-9.513017654418945,0.4981640577316284,1.0825488567352295
1710533944863589945,-9.43757438659668,0.6011499166488647,1.2681628465652466
1710533944907965582,-9.43757438659668,0.7388635277748108,1.326840877532959
1710533944960522678,-9.442364692687988,0.8047265410423279,1.3184581995010376
1710533944964625322,-9.457932472229004,0.8538244366645813,1.3184581995010376
1710533945012994911,-9.4699068069458,0.6574328541755676,1.1508069038391113
1710533945017176872,-9.473499298095703,0.5879772901535034,1.2142748832702637
1710533945069269732,-9.491462707519531,0.6598278880119324,1.1783496141433716
1710533945075578839,-9.4603271484375,0.7987390160560608,1.3196557760238647
1710533945090502458,-9.48307991027832,0.7173083424568176,1.272952914237976
1710533945145336447,-9.442364692687988,0.6334826946258545,1.2681628465652466
1710533945176846185,-9.481882095336914,0.6861730813980103,1.2142748832702637
1710533945199947904,-9.212442398071289,0.4287084937095642,1.8669177293777466
1710533945220884730,-9.126221656799316,0.06227050721645355,1.8729052543640137
1710533945254256741,-9.486672401428223,0.4430786073207855,1.2106823921203613
1710533945260757461,-9.547745704650879,0.3400927782058716,1.0645861625671387
1710533945288738209,-9.449549674987793,0.31135255098342896,1.183139681816101
1710533945315645324,-9.431587219238281,0.9891430735588074,1.323248267173767
1710533945355601935,-9.449549674987793,0.28261229395866394,1.2190649509429932
1710533945359854011,-9.4699068069458,0.5257067680358887,1.2525951862335205
1710533945361919773,-9.387279510498047,0.6274951100349426,1.4190490245819092
1710533945376592325,-9.41482162475586,1.032253384590149,1.451381802558899
1710533945385121935,-9.40045166015625,0.9220825433731079,1.4154565334320068
1710533945410492509,-9.396859169006348,0.7508386373519897,1.4178515672683716
1710533945419161431,-9.550140380859375,0.34129029512405396,1.0370434522628784
1710533945453796469,-9.435179710388184,0.4538561999797821,1.287322998046875
1710533945458658044,-9.394464492797852,0.9256750345230103,1.2310400009155273
1710533945519542315,-9.461524963378906,0.7843688726425171,1.296903133392334
1710533945532431129,-9.449549674987793,0.6418652534484863,1.263372778892517
1710533945584681402,-9.468709945678711,0.7077282667160034,1.2226574420928955
1710533945601651854,-9.413623809814453,0.5652245879173279,1.3364208936691284
1710533945624572502,-9.459129333496094,0.7891589403152466,1.2885204553604126
1710533945635126450,-9.463919639587402,0.8526269793510437,1.266965389251709
1710533945683707356,-9.449549674987793,0.5963598489761353,1.2801378965377808
1710533945685637704,-9.44595718383789,0.6179150342941284,1.301693081855774
1710533945715196880,-9.41003131866455,0.6430627703666687,1.37713623046875
1710533945729851527,-9.533374786376953,0.7819738984107971,1.1591894626617432
1710533945757052414,-9.224417686462402,0.12693603336811066,1.7771044969558716
1710533945782477521,-9.376501083374023,1.1340417861938477,1.5914905071258545
1710533945785022887,-9.42320442199707,1.093326449394226,1.4537768363952637
1710533945805622844,-9.575287818908691,0.4538561999797821,0.9220825433731079
1710533945820320464,-9.527387619018555,0.25267454981803894,1.1903246641159058
1710533945853795741,-9.4603271484375,1.5998730659484863,1.237027645111084
1710533945887599449,-9.381291389465332,0.7544311285018921,1.4932947158813477
1710533945942590275,-9.394464492797852,1.0609936714172363,1.43701171875
1710533945948967824,-9.459129333496094,0.7101233005523682,1.2298425436019897
1710533945971910818,-9.545350074768066,0.5113366842269897,1.117276668548584
1710533945990878036,-9.496252059936523,0.19639159739017487,1.0993139743804932
1710533946007555141,-9.52020263671875,0.6897656321525574,1.1388317346572876
1710533946034839008,-9.375304222106934,0.9292675852775574,1.542392611503601
1710533946045333960,-9.44595718383789,0.676593005657196,1.2801378965377808
1710533946076474192,-9.49744987487793,0.40236327052116394,1.157991886138916
1710533946089256868,-9.436376571655273,0.6538403034210205,1.3184581995010376
1710533946108400359,-9.433981895446777,0.9963281154632568,1.3891112804412842
1710533946127431613,-9.455536842346191,0.6322851777076721,1.2549902200698853
1710533946163146033,-9.447154998779297,0.4502636790275574,1.287322998046875
1710533946201178911,-9.398056983947754,0.8346642851829529,1.4585669040679932
1710533946215875348,-9.404044151306152,0.7532336711883545,1.413061499595642
1710533946232768186,-9.502240180969238,0.5161266922950745,1.1460168361663818
1710533946255595247,-9.442364692687988,0.6131250262260437,1.347198486328125
1710533946268304736,-9.623188018798828,0.8334667682647705,0.9113049507141113
1710533946282998651,-9.532177925109863,0.7472460865974426,1.0885363817214966
1710533946306837966,-9.316625595092773,0.35206785798072815,1.6286132335662842
1710533946333773951,-9.475894927978516,1.083746314048767,1.476529598236084
1710533946348504754,-9.503437042236328,0.3987707495689392,1.0202783346176147
1710533946359150719,-9.413623809814453,0.07065307348966599,1.2801378965377808
1710533946380027343,-9.420809745788574,0.40116578340530396,1.4118640422821045
1710533946415784145,-9.362131118774414,0.7292834520339966,1.5735278129577637
1710533946441080602,-9.560917854309082,0.45265868306159973,1.038240909576416
1710533946449644771,-9.427994728088379,0.5580395460128784,1.323248267173767
1710533946464279284,-9.38608169555664,0.9077123999595642,1.5459851026535034
1710533946470580917,-9.38608169555664,1.063388705253601,1.4322216510772705
1710533946485247757,-9.398056983947754,0.8693920969963074,1.4693444967269897
1710533946538767401,-9.41482162475586,0.23590941727161407,1.3340258598327637
1710533946558921054,-9.532177925109863,0.9256750345230103,1.1759545803070068
1710533946569373365,-9.459129333496094,1.0585986375808716,1.331630825996399
1710533946577790003,-9.418414115905762,0.6634204387664795,1.37713623046875
1710533946590503990,-9.418414115905762,0.6634204387664795,1.37713623046875
1710533946613486317,-9.48307991027832,0.35206785798072815,1.1795470714569092
1710533946636761631,-9.465117454528809,0.4143383800983429,1.2765454053878784
1710533946659717368,-9.433981895446777,0.6358776688575745,1.287322998046875
1710533946693715506,-9.471104621887207,0.6514453291893005,1.301693081855774
1710533946695774084,-9.43757438659668,0.48139894008636475,1.3436059951782227
1710533946712747055,-9.4507474899292,0.5771996974945068,1.2789404392242432
1710533946744182655,-9.443561553955078,0.7891589403152466,1.3004956245422363
1710533946756860319,-9.475894927978516,0.7400610446929932,1.2549902200698853
1710533946781928286,-9.509425163269043,0.5125342011451721,1.123264193534851
1710533946800810405,-9.472302436828613,0.6897656321525574,1.2549902200698853
1710533946912279722,-9.396859169006348,0.08741821348667145,1.367556095123291
1710533946926998670,-9.40045166015625,1.0298583507537842,1.3352234363555908
1710533946937591023,-9.539362907409668,1.577120304107666,1.2490026950836182
1710533946962651893,-9.370513916015625,0.7280859351158142,1.5735278129577637
1710533947017100993,-9.590855598449707,0.46104127168655396,1.003513216972351
1710533947019248234,-9.586065292358398,0.43110352754592896,0.9364526271820068
1710533947099270492,-9.552535057067871,0.9616003632545471,1.1292517185211182
1710533947109718522,-9.384883880615234,0.8885522484779358,1.5651452541351318
1710533947176822778,-9.508227348327637,0.389190673828125,1.1795470714569092
1710533947185324525,-9.4507474899292,0.8634045124053955,1.3507909774780273
1710533947210676868,-9.396859169006348,0.8538244366645813,1.451381802558899
1710533947267257738,-9.466314315795898,0.5292993187904358,1.3052856922149658
1710533947288541560,-9.496252059936523,0.7508386373519897,1.2154724597930908
1710533947290389804,-9.473499298095703,0.7843688726425171,1.2992980480194092
1710533947313602018,-9.417217254638672,0.6430627703666687,1.4549744129180908
1710533947334713923,-9.457932472229004,0.6346801519393921,1.302890658378601
1710533947366150046,-9.457932472229004,0.6346801519393921,1.302890658378601
1710533947370469285,-9.595645904541016,0.7328760027885437,1.01788330078125
1710533947406125519,-9.182504653930664,0.07903564721345901,1.9196081161499023
1710533947437939707,-9.447154998779297,0.9244775176048279,1.3424084186553955
1710533947463018797,-9.436376571655273,0.13052856922149658,1.301693081855774
1710533947467138378,-9.54295539855957,1.5376025438308716,1.2561877965927124
1710533947507329938,-9.335785865783691,0.19160155951976776,1.5148499011993408
1710533947521988350,-9.438772201538086,0.13172607123851776,1.3436059951782227
1710533947536898515,-9.577683448791504,0.4239184558391571,1.0286608934402466
1710533947559775341,-9.394464492797852,0.40236327052116394,1.3687536716461182
1710533947568380151,-9.388476371765137,0.850231945514679,1.5591577291488647
1710533947580791952,-9.424402236938477,1.083746314048767,1.481319546699524
1710533947633330542,-9.533374786376953,0.46583130955696106,1.1424243450164795
1710533947662606041,-9.535770416259766,0.9184899926185608,1.1711645126342773
1710533947687819037,-9.503437042236328,0.6598278880119324,1.2058923244476318
1710533947786720930,-9.462721824645996,0.8167016506195068,1.3172607421875
1710533947814081120,-9.449549674987793,0.7795788645744324,1.3519885540008545
1710533947845878752,-9.455536842346191,0.808319091796875,1.3208532333374023
1710533947855953105,-9.41482162475586,0.6346801519393921,1.4453942775726318
1710533947864324020,-9.560917854309082,0.6143224835395813,1.1005114316940308
1710533947885357707,-9.472302436828613,0.5616320967674255,1.2502001523971558
1710533947904721785,-9.587263107299805,0.7556286454200745,1.0741662979125977
1710533947961568378,-9.71419906616211,0.9616003632545471,0.7209008932113647
1710533947980501413,-9.407636642456055,0.27183473110198975,1.3064831495285034
1710533948001465127,-9.551338195800781,0.37601807713508606,1.098116397857666
1710533948031142812,-9.532177925109863,1.6202306747436523,1.2525951862335205
1710533948046018670,-9.436376571655273,0.8155041337013245,1.413061499595642
1710533948066534732,-9.25794792175293,0.008382568135857582,1.696871280670166
1710533948098675601,-9.554930686950684,0.5065466165542603,1.0346484184265137
1710533948174205740,-9.511819839477539,0.2598596215248108,1.0059082508087158
1710533948205890607,-9.524992942810059,1.1663745641708374,1.2609777450561523
1710533948212180195,-9.320218086242676,0.700543224811554,1.6597485542297363
1710533948250556112,-9.468709945678711,0.610729992389679,1.2442126274108887
1710533948285366706,-9.47469711303711,1.023870825767517,1.3543835878372192
1710533948329748028,-9.457932472229004,0.6334826946258545,1.3483959436416626
1710533948369482574,-9.50583267211914,0.8873547315597534,1.2537927627563477
1710533948378076762,-9.451944351196289,0.820294201374054,1.3052856922149658
1710533948398913574,-9.417217254638672,0.5855822563171387,1.3950989246368408
1710533948413788201,-9.527387619018555,0.5819897651672363,1.117276668548584
1710533948439229428,-9.553732872009277,0.7975414991378784,1.1340417861938477
1710533948489592647,-9.291478157043457,0.28740233182907104,1.577120304107666
1710533948537805361,-9.439969062805176,1.272952914237976,1.3891112804412842
1710533948586205947,-9.405241966247559,0.718505859375,1.5244299173355103
1710533948653173667,-9.353748321533203,0.7652087211608887,1.566342830657959
1710533948684815146,-9.454339981079102,1.181942105293274,1.3759387731552124
1710533948747996955,-9.369316101074219,0.9184899926185608,1.5483801364898682
1710533948758717946,-9.344168663024902,0.6777905225753784,1.652563452720642
1710533948775415312,-9.50583267211914,0.6251000761985779,1.2190649509429932
1710533948804867676,-9.461524963378906,0.29937744140625,1.296903133392334
1710533948849442731,-9.435179710388184,0.8909472823143005,1.431024193763733
1710533948893219973,-9.429191589355469,0.4682263135910034,1.391506314277649
1710533948924695538,-9.451944351196289,0.8119116425514221,1.3555810451507568
1710533948943725136,-9.401649475097656,0.7041357159614563,1.4980846643447876
1710533948976850362,-9.491462707519531,0.5364843606948853,1.2262500524520874
1710533949052525271,-9.485474586486816,1.287322998046875,1.3448034524917603
1710533949096536266,-9.439969062805176,0.08741821348667145,1.3100756406784058
1710533949119767293,-9.393266677856445,0.7436535358428955,1.4406042098999023
1710533949142781307,-9.32620620727539,0.06346801668405533,1.6274157762527466
1710533949157611858,-9.569300651550293,0.5783972144126892,1.123264193534851
1710533949178690286,-9.65432357788086,0.5771996974945068,0.8394543528556824
1710533949195540275,-9.404044151306152,0.27662476897239685,1.427431583404541
1710533949210213965,-9.31782341003418,0.7676037549972534,1.6585509777069092
1710533949231242367,-9.412426948547363,0.5736072063446045,1.407073974609375
1710533949269216588,-9.501042366027832,0.45744872093200684,1.217867374420166
1710533949306926965,-9.380093574523926,0.9627978801727295,1.602268099784851
1710533949342653653,-9.533374786376953,0.6322851777076721,1.2022998332977295
1710533949363631624,-9.517807960510254,0.44188109040260315,1.217867374420166
1710533949369784647,-9.41003131866455,0.4586462378501892,1.4549744129180908
1710533949376105817,-9.449549674987793,0.8526269793510437,1.3986914157867432
1710533949409600041,-9.457932472229004,0.8538244366645813,1.3747411966323853
1710533949418130046,-9.455536842346191,0.5376818776130676,1.361568570137024
1710533949435025416,-9.429191589355469,0.4299060106277466,1.3519885540008545
1710533949453586419,-9.467512130737305,0.8143066167831421,1.2981005907058716
1710533949472486552,-9.376501083374023,0.5879772901535034,1.5399975776672363
1710533949499751973,-9.4507474899292,0.6346801519393921,1.371148705482483
1710533949525018253,-9.42320442199707,0.5819897651672363,1.4382091760635376
1710533949552398263,-9.571695327758789,0.7256909012794495,1.1041040420532227
1710533949575345900,-9.29507064819336,0.42272093892097473,1.6944763660430908
1710533949596659614,-9.285490989685059,0.25147706270217896,1.7052539587020874
1710533949631884172,-9.551338195800781,0.3448828160762787,1.1053014993667603
1710533949671899990,-9.478289604187012,0.1341210901737213,1.2921130657196045
1710533949688669595,-9.530980110168457,1.5603551864624023,1.2226574420928955
1710533949726519789,-9.611213684082031,0.5113366842269897,1.0454260110855103
1710533949732916157,-9.611213684082031,0.5113366842269897,1.0454260110855103
1710533949762431693,-9.411229133605957,1.191522240638733,1.5136523246765137
1710533949808854479,-9.401649475097656,0.2933898866176605,1.4645544290542603
1710533949851109435,-9.427994728088379,0.42272093892097473,1.3507909774780273
1710533949861596232,-9.407636642456055,1.0226733684539795,1.5843054056167603
1710533949891486206,-9.544153213500977,0.6035449504852295,1.1388317346572876
1710533949908154368,-9.419611930847168,0.8071215748786926,1.4022839069366455
1710533949922894090,-9.463919639587402,0.7843688726425171,1.3759387731552124
1710533949950321774,-9.467512130737305,0.520916759967804,1.3208532333374023
1710533949960771851,-9.501042366027832,0.5903723239898682,1.3064831495285034
1710533949985881695,-9.454339981079102,0.39158570766448975,1.326840877532959
1710533949988017276,-9.449549674987793,0.4885839819908142,1.3939013481140137
1710533950006902716,-9.378896713256836,0.6514453291893005,1.5016772747039795
1710533950048776119,-9.433981895446777,0.5712121725082397,1.397493839263916
1710533950067786431,-9.511819839477539,0.610729992389679,1.2322375774383545
1710533950076362113,-9.417217254638672,0.6059399247169495,1.446591854095459
1710533950095404525,-9.684261322021484,0.9723779559135437,0.850231945514679
1710533950120594982,-9.320218086242676,0.3652404844760895,1.5603551864624023
1710533950191847038,-9.590855598449707,0.36763548851013184,1.032253384590149
1710533950196145653,-9.333391189575195,-0.05029540881514549,1.5256274938583374
1710533950206813352,-9.405241966247559,0.8454418778419495,1.542392611503601
1710533950229939742,-9.517807960510254,1.5340100526809692,1.3747411966323853
1710533950297251548,-9.372908592224121,0.24189697206020355,1.5004796981811523
1710533950339088892,-9.35494613647461,0.7711963057518005,1.5543676614761353
1710533950349569690,-9.522597312927246,0.520916759967804,1.1603869199752808
1710533950355969115,-9.4699068069458,0.22632934153079987,1.3088781833648682
1710533950364267341,-9.535770416259766,0.8813672065734863,1.167572021484375
1710533950408538347,-9.413623809814453,0.5760021805763245,1.4441968202590942
1710533950429709103,-9.49744987487793,0.5963598489761353,1.2502001523971558
1710533950450418089,-9.486672401428223,0.329315185546875,1.2154724597930908
1710533950469707407,-9.424402236938477,0.5233117938041687,1.4106664657592773
1710533950484326591,-9.475894927978516,1.0011181831359863,1.3950989246368408
1710533950498960197,-9.402846336364746,0.6945556402206421,1.4489867687225342
1710533950587249528,-9.388476371765137,0.6203100681304932,1.5555652379989624
1710533950597654205,-9.447154998779297,0.5975573658943176,1.3807287216186523
1710533950610125924,-9.501042366027832,0.4837939441204071,1.2166699171066284
1710533950633194036,-9.62558364868164,0.8059240579605103,0.9903405904769897
1710533950649880901,-9.522597312927246,0.7807763814926147,1.2849279642105103
1710533950679307551,-9.229207992553711,0.07424560189247131,1.8741028308868408
1710533950702560238,-9.399253845214844,0.6933581829071045,1.5016772747039795
1710533950723521834,-9.532177925109863,0.43110352754592896,1.098116397857666
1710533950725498015,-9.528585433959961,0.18561401963233948,1.2322375774383545
1710533950752803152,-9.492659568786621,1.0861413478851318,1.3483959436416626
1710533950773873822,-9.475894927978516,1.466949462890625,1.3436059951782227
1710533950803895467,-9.544153213500977,0.449066162109375,1.1903246641159058
1710533950809693693,-9.605225563049316,0.38200560212135315,0.9951305985450745
1710533950851344324,-9.441166877746582,1.071771264076233,1.5040723085403442
1710533950874400683,-9.370513916015625,0.9544152617454529,1.5603551864624023
1710533950878752794,-9.504634857177734,0.46104127168655396,1.2154724597930908
1710533950933510491,-9.48307991027832,0.6490502953529358,1.2992980480194092
1710533950996509118,-9.457932472229004,0.2191442847251892,1.3040881156921387
1710533951034053187,-9.416019439697266,0.6346801519393921,1.4657520055770874
1710533951061461981,-9.465117454528809,0.6478527784347534,1.3759387731552124
1710533951069860430,-9.4699068069458,0.5616320967674255,1.3208532333374023
1710533951126769065,-9.471104621887207,0.5460644364356995,1.2992980480194092
1710533951141584009,-9.487870216369629,0.4442761242389679,1.2681628465652466
1710533951156084503,-9.472302436828613,0.5855822563171387,1.3172607421875
1710533951179337508,-9.486672401428223,0.6921606659889221,1.353186011314392
1710533951183417620,-9.596843719482422,0.7149133086204529,1.0250684022903442
1710533951204653283,-9.522597312927246,0.6274951100349426,1.2382251024246216
1710533951217234069,-9.284293174743652,0.2047741711139679,1.7256115674972534
1710533951244434841,-9.441166877746582,0.8897497653961182,1.4849121570587158
1710533951246416671,-9.43757438659668,0.6969506740570068,1.427431583404541
1710533951263261406,-9.532177925109863,0.3688330054283142,1.173559546470642
1710533951292739842,-9.383686065673828,0.0011975098168477416,1.4334192276000977
1710533951320232919,-9.502240180969238,0.5544469952583313,1.6142431497573853
1710533951332877550,-9.401649475097656,0.3041674792766571,1.4741345643997192
1710533951366567986,-9.503437042236328,0.26225462555885315,1.2382251024246216
1710533951383329734,-9.376501083374023,1.1627819538116455,1.5388000011444092
1710533951398108684,-9.42320442199707,1.0753637552261353,1.5388000011444092
1710533951418926718,-9.338181495666504,0.9232800006866455,1.660946011543274
1710533951438024211,-9.411229133605957,0.16645385324954987,1.4453942775726318
1710533951465126425,-9.444759368896484,0.3688330054283142,1.3962963819503784
1710533951473829392,-9.463919639587402,0.5460644364356995,1.3256433010101318
1710533951490458016,-9.368119239807129,0.7532336711883545,1.61663818359375
1710533951517754110,-9.427994728088379,0.5652245879173279,1.472936987876892
1710533951543199377,-9.424402236938477,0.5304968357086182,1.4394067525863647
1710533951585314282,-9.459129333496094,0.7125183343887329,1.4250366687774658
1710533951600029505,-9.425599098205566,0.3939807116985321,1.4082714319229126
1710533951635786795,-9.442364692687988,0.4837939441204071,1.3687536716461182
1710533951662947582,-9.468709945678711,0.7460485696792603,1.3651611804962158
1710533951688555902,-9.412426948547363,0.5580395460128784,1.460961937904358
1710533951762251488,-9.475894927978516,0.7197033762931824,1.4094690084457397
1710533951795711860,-9.502240180969238,0.6334826946258545,1.3939013481140137
1710533951814573404,-9.498647689819336,0.07544311881065369,1.2262500524520874
1710533951850328257,-9.486672401428223,1.038240909576416,1.427431583404541
1710533951906863238,-9.546547889709473,0.3580554127693176,1.1663745641708374
1710533951951224271,-9.456734657287598,0.5640270709991455,1.356778621673584
1710533951984874091,-9.436376571655273,0.1700463891029358,1.3807287216186523
1710533952005837444,-9.517807960510254,0.9412426948547363,1.2909154891967773
1710533952043753410,-9.41482162475586,1.0142908096313477,1.5483801364898682
1710533952087870234,-9.53457260131836,0.32093262672424316,1.161584496498108
1710533952104858167,-9.43757438659668,0.7220984101295471,1.4597643613815308
1710533952115353412,-9.413623809814453,0.6047424077987671,1.4561718702316284
1710533952123663049,-9.485474586486816,0.6933581829071045,1.3136682510375977
1710533952144871804,-9.503437042236328,0.47062134742736816,1.3448034524917603
1710533952157752954,-9.447154998779297,0.4885839819908142,1.3819262981414795
1710533952178526349,-9.498647689819336,0.6382727026939392,1.2921130657196045
1710533952182771234,-9.467512130737305,0.6777905225753784,1.3783336877822876
1710533952199663177,-9.370513916015625,0.706530749797821,1.622625708580017
1710533952214422209,-9.429191589355469,0.6119275093078613,1.457369327545166
1710533952224860995,-9.492659568786621,0.5173242092132568,1.3184581995010376
1710533952298627441,-9.459129333496094,0.48618897795677185,1.2789404392242432
1710533952336568507,-9.329798698425293,1.023870825767517,1.720821499824524
1710533952365956379,-9.493857383728027,0.05628295987844467,1.3040881156921387
1710533952372100449,-9.353748321533203,-0.034727782011032104,1.4717395305633545
1710533952386750913,-9.538165092468262,1.4453942775726318,1.2849279642105103
1710533952393150058,-9.538165092468262,1.4453942775726318,1.2849279642105103
1710533952412156920,-9.344168663024902,0.676593005657196,1.6872912645339966
1710533952441580284,-9.590855598449707,0.44068360328674316,1.1112890243530273
1710533952515402778,-9.404044151306152,0.8382568359375,1.6274157762527466
1710533952517531931,-9.404044151306152,0.5364843606948853,1.4190490245819092
1710533952538621268,-9.473499298095703,0.22273682057857513,1.3424084186553955
1710533952569836989,-9.405241966247559,0.3305127024650574,1.4849121570587158
1710533952584661476,-9.475894927978516,0.9316626191139221,1.3879138231277466
1710533952607922216,-9.480685234069824,0.5939648151397705,1.3519885540008545
1710533952622550511,-9.503437042236328,0.3844006359577179,1.2358300685882568
1710533952639270330,-9.454339981079102,0.36763548851013184,1.3687536716461182
1710533952651694150,-9.41003131866455,0.77838134765625,1.526824951171875
1710533952687651937,-9.4699068069458,0.5161266922950745,1.3519885540008545
1710533952708981217,-9.40045166015625,0.45625123381614685,1.5076647996902466
1710533952729802202,-9.4699068069458,0.5412744283676147,1.353186011314392
1710533952763686228,-9.435179710388184,0.6203100681304932,1.466949462890625
1710533952775933080,-9.475894927978516,0.5304968357086182,1.3448034524917603
1710533952792920270,-9.436376571655273,0.6861730813980103,1.4741345643997192
1710533952832532820,-9.492659568786621,0.550854504108429,1.263372778892517
1710533952853322992,-9.273515701293945,0.2790197730064392,1.750759243965149
1710533952920989841,-9.398056983947754,0.7759863138198853,1.6142431497573853
1710533952945931851,-9.334589004516602,0.30656251311302185,1.5998730659484863
1710533952996530166,-9.439969062805176,0.31135255098342896,1.407073974609375
1710533953019569338,-9.592053413391113,0.3604504466056824,1.0358459949493408
1710533953032235194,-9.405241966247559,0.9113049507141113,1.6118481159210205
1710533953057089121,-9.508227348327637,0.4095483422279358,1.2310400009155273
1710533953078066437,-9.508227348327637,0.4095483422279358,1.2310400009155273
1710533953095144133,-9.522597312927246,0.580792248249054,1.266965389251709
1710533953107958938,-9.4699068069458,0.8478369116783142,1.4034814834594727
1710533953141207712,-9.454339981079102,0.9663903713226318,1.446591854095459
1710533953162310789,-9.438772201538086,0.5736072063446045,1.4549744129180908
1710533953185547321,-9.420809745788574,0.6203100681304932,1.517244815826416
1710533953279946859,-9.395661354064941,0.7412585616111755,1.571132779121399
1710533953301076056,-9.466314315795898,0.5316943526268005,1.3903088569641113
1710533953317950358,-9.51062297821045,0.5257067680358887,1.2945080995559692
1710533953340996055,-9.4699068069458,0.48259642720222473,1.3651611804962158
1710533953372868805,-9.481882095336914,0.5927673578262329,1.281335473060608
1710533953393531124,-9.208849906921387,0.07065307348966599,1.8872753381729126
1710533953410427388,-9.424402236938477,0.8825647234916687,1.4382091760635376
1710533953425044898,-9.417217254638672,0.6550378203392029,1.571132779121399
1710533953451338004,-9.581275939941406,0.3353027403354645,1.057401180267334
1710533953451373897,-9.49744987487793,0.07065307348966599,1.243015170097351
1710533953464736465,-9.35494613647461,0.043110352009534836,1.542392611503601
1710533953488276048,-9.485474586486816,1.0705736875534058,1.326840877532959
1710533953496587461,-9.472302436828613,1.3555810451507568,1.4453942775726318
1710533953551264653,-9.478289604187012,0.24309448897838593,1.302890658378601
1710533953584991323,-9.426796913146973,0.790356457233429,1.512454867362976
1710533953597548416,-9.44595718383789,0.3999682664871216,1.397493839263916
1710533953626884334,-9.473499298095703,0.22034180164337158,1.3136682510375977
1710533953656124192,-9.52020263671875,0.616717517375946,1.3208532333374023
1710533953685733828,-9.466314315795898,0.47660887241363525,1.3747411966323853
1710533953723791209,-9.485474586486816,0.44188109040260315,1.3040881156921387
1710533953770064083,-9.480685234069824,0.550854504108429,1.3519885540008545
1710533953784606981,-9.448351860046387,0.4430786073207855,1.4298266172409058
1710533953826589931,-9.463919639587402,0.7209008932113647,1.4190490245819092
1710533953845511883,-9.404044151306152,0.5137317180633545,1.5459851026535034
1710533953918869984,-9.633966445922852,0.9843530058860779,1.1196715831756592
1710533953933559724,-9.296268463134766,0.21794678270816803,1.7711169719696045
1710533953956736454,-9.223219871520996,0.10178832709789276,1.9387682676315308
1710533953969210281,-9.362131118774414,0.3844006359577179,1.662143588066101
1710533953992267553,-9.447154998779297,0.748443603515625,1.490899682044983
1710533954000693361,-9.536968231201172,0.6011499166488647,1.2801378965377808
1710533954009132952,-9.484277725219727,0.1245410144329071,1.3088781833648682
1710533954027937903,-9.433981895446777,1.2166699171066284,1.511257290840149
1710533954032407392,-9.462721824645996,1.0490185022354126,1.4693444967269897
1710533954066083997,-9.411229133605957,0.3185375928878784,1.517244815826416
1710533954108413914,-9.484277725219727,0.6394702196121216,1.371148705482483
1710533954129400205,-9.358538627624512,0.8717871308326721,1.6274157762527466
1710533954150588605,-9.514215469360352,0.5771996974945068,1.2801378965377808
1710533954173666127,-9.472302436828613,0.32213011384010315,1.3507909774780273
1710533954190458613,-9.41482162475586,0.4730163514614105,1.487307071685791
1710533954226193179,-9.481882095336914,0.47541138529777527,1.3507909774780273
1710533954252646913,-9.487870216369629,0.47181883454322815,1.311273217201233
1710533954268076722,-9.375304222106934,0.47181883454322815,1.5855029821395874
1710533954295310940,-9.501042366027832,0.65863037109375,1.3172607421875
1710533954329165053,-9.433981895446777,0.4442761242389679,1.4681469202041626
1710533954333412872,-9.530980110168457,0.5652245879173279,1.2765454053878784
1710533954343884784,-9.503437042236328,0.580792248249054,1.293310523033142
1710533954379738346,-9.424402236938477,0.6574328541755676,1.5196398496627808
1710533954396609897,-9.43757438659668,0.6993457078933716,1.517244815826416
1710533954442867987,-9.432784080505371,0.6334826946258545,1.4549744129180908
1710533954461431928,-9.447154998779297,0.5101391673088074,1.353186011314392
1710533954488956876,-9.212442398071289,0.0,1.9040405750274658
1710533954508014272,-9.447154998779297,0.8538244366645813,1.4693444967269897
1710533954542041036,-9.503437042236328,0.27782225608825684,1.2693603038787842
1710533954592149592,-9.502240180969238,1.1807446479797363,1.4022839069366455
1710533954600532702,-9.4507474899292,0.8849596977233887,1.5459851026535034
1710533954631876600,-9.521400451660156,0.40715330839157104,1.271755337715149
1710533954645324011,-9.528585433959961,0.5640270709991455,1.3004956245422363
1710533954654998173,-9.429191589355469,0.616717517375946,1.49688720703125
1710533954679996086,-9.473499298095703,0.7616162300109863,1.413061499595642
1710533954730586404,-9.422006607055664,0.20836669206619263,1.452579379081726
1710533954780850361,-9.399253845214844,0.7077282667160034,1.5567626953125
1710533954789085369,-9.439969062805176,0.7113208174705505,1.517244815826416
1710533954816457324,-9.51062297821045,0.5903723239898682,1.3100756406784058
1710533954873110423,-9.443561553955078,0.7448510527610779,1.466949462890625
1710533954909188881,-9.471104621887207,0.7807763814926147,1.446591854095459
1710533954940672350,-9.401649475097656,0.49097901582717896,1.5340100526809692
1710533955031290300,-9.194479942321777,-0.1844165027141571,1.876497745513916
1710533955035199744,-9.320218086242676,0.34608033299446106,1.7244141101837158
1710533955058248634,-9.449549674987793,1.2454102039337158,1.6154407262802124
1710533955103005236,-9.521400451660156,0.11017090082168579,1.2358300685882568
1710533955140780149,-9.449549674987793,-0.014370117336511612,1.3699511289596558
1710533955159544346,-9.443561553955078,0.9723779559135437,1.5447876453399658
1710533955186830264,-9.41482162475586,0.7292834520339966,1.5615527629852295
1710533955214111688,-9.571695327758789,0.3149450719356537,1.161584496498108
1710533955222663104,-9.393266677856445,0.9184899926185608,1.7028589248657227
1710533955230781528,-9.444759368896484,0.7879614233970642,1.490899682044983
1710533955232877592,-9.444759368896484,0.7879614233970642,1.490899682044983
1710533955315089504,-9.429191589355469,0.7137157917022705,1.4549744129180908
1710533955336181453,-9.429191589355469,0.3496728539466858,1.421444058418274
1710533955369790824,-9.436376571655273,0.616717517375946,1.487307071685791
1710533955401166557,-9.417217254638672,0.6370751857757568,1.4897021055221558
1710533955424296615,-9.466314315795898,0.42152345180511475,1.4178515672683716
1710533955469917677,-9.4507474899292,0.6215075850486755,1.490899682044983
1710533955486926640,-9.447154998779297,0.6933581829071045,1.460961937904358
1710533955503838392,-9.424402236938477,0.3652404844760895,1.4597643613815308
1710533955506167683,-9.471104621887207,0.5352868437767029,1.371148705482483
1710533955516495597,-9.419611930847168,0.6646178960800171,1.511257290840149
1710533955552354846,-9.627978324890137,0.8035290241241455,1.0801538228988647
1710533955623731055,-9.218430519104004,-0.16286133229732513,1.9423608779907227
1710533955713803749,-9.38608169555664,0.48738646507263184,1.676513671875
1710533955722403632,-9.614806175231934,0.2538720667362213,1.1088939905166626
1710533955756209259,-9.347761154174805,0.8753796219825745,1.7435742616653442
1710533955760426093,-9.336983680725098,0.910107433795929,1.8034497499465942
1710533955764593435,-9.380093574523926,0.9376501441001892,1.6633410453796387
1710533955791864912,-9.457932472229004,0.24788452684879303,1.4406042098999023
1710533955804510189,-9.481882095336914,0.3388952612876892,1.392703890800476
1710533955847439174,-9.50583267211914,0.5520520210266113,1.3364208936691284
1710533955854737133,-9.420809745788574,0.975970447063446,1.6429834365844727
1710533955920798584,-9.396859169006348,0.7232959270477295,1.6142431497573853
1710533955981087721,-9.473499298095703,0.6059399247169495,1.4705419540405273
1710533956012627495,-9.473499298095703,0.8238866925239563,1.427431583404541
1710533956035653751,-9.439969062805176,0.39757323265075684,1.4861096143722534
1710533956065046201,-9.475894927978516,0.4802014231681824,1.3783336877822876
1710533956088297489,-9.479487419128418,0.6215075850486755,1.4202466011047363
1710533956107102033,-9.41003131866455,0.616717517375946,1.542392611503601
1710533956147147849,-9.513017654418945,1.2909154891967773,1.4645544290542603
1710533956155627780,-9.401649475097656,0.7436535358428955,1.5986754894256592
1710533956176663489,-9.546547889709473,0.1939965784549713,1.2358300685882568
1710533956189252594,-9.487870216369629,-0.022752685472369194,1.2753479480743408
1710533956222914838,-9.418414115905762,1.1292517185211182,1.6513659954071045
1710533956241823409,-9.39087200164795,0.18202148377895355,1.5543676614761353
1710533956310852455,-9.539362907409668,0.31614258885383606,1.2238550186157227
1710533956338445625,-9.489067077636719,0.5604345798492432,1.383123755455017
1710533956380410016,-9.503437042236328,0.5245092511177063,1.3651611804962158
1710533956391201052,-9.472302436828613,0.5245092511177063,1.3651611804962158
1710533956422375267,-9.418414115905762,0.7855663895606995,1.631008267402649
1710533956453619118,-9.491462707519531,0.46702879667282104,1.353186011314392
1710533956481456891,-9.4507474899292,0.8035290241241455,1.562750220298767
1710533956496084693,-9.4699068069458,0.4143383800983429,1.4034814834594727
1710533956544343982,-9.419611930847168,0.4945715367794037,1.472936987876892
1710533956616083563,-9.4603271484375,0.5795947313308716,1.4298266172409058
1710533956652556202,-9.710606575012207,1.0059082508087158,0.9017248749732971
1710533956855600634,-9.347761154174805,0.7843688726425171,1.6334033012390137
1710533956887642301,-9.4603271484375,0.2347119152545929,1.401086449623108
1710533956931574726,-9.465117454528809,0.43709105253219604,1.3879138231277466
1710533956942252005,-9.406438827514648,0.9771679639816284,1.61663818359375
1710533956950525256,-9.4699068069458,0.3281176686286926,1.4645544290542603
1710533956986238195,-9.524992942810059,0.5532495379447937,1.3483959436416626
1710533957001191525,-9.426796913146973,0.4682263135910034,1.5292199850082397
1710533957018022451,-9.384883880615234,0.7580236792564392,1.6789087057113647
1710533957051867755,-9.447154998779297,0.5316943526268005,1.4190490245819092
1710533957068394310,-9.431587219238281,0.30296996235847473,1.511257290840149
1710533957074513215,-9.432784080505371,0.4885839819908142,1.512454867362976
1710533957097723656,-9.48307991027832,0.7328760027885437,1.476529598236084
1710533957129430243,-9.399253845214844,0.4802014231681824,1.5795153379440308
1710533957160891898,-9.435179710388184,0.670605480670929,1.5519726276397705
1710533957182098898,-9.710606575012207,0.9735754132270813,0.9244775176048279
1710533957203010226,-9.093889236450195,-0.6358776688575745,2.096839666366577
1710533957219624581,-9.29028034210205,0.089813232421875,1.7878820896148682
1710533957234486743,-9.411229133605957,1.532812476158142,1.6250207424163818
1710533957242913758,-9.441166877746582,0.9388476610183716,1.6202306747436523
1710533957257369869,-9.526189804077148,-0.09101074188947678,1.2238550186157227
1710533957280327970,-9.472302436828613,-0.0850231945514679,1.4118640422821045
1710533957309858936,-9.416019439697266,1.1352392435073853,1.6477733850479126
1710533957328852291,-9.441166877746582,1.1352392435073853,1.6477733850479126
1710533957351840261,-9.388476371765137,0.45146119594573975,1.5759228467941284
1710533957379159526,-9.417217254638672,0.5963598489761353,1.5843054056167603
1710533957383574035,-9.328600883483887,0.8514294624328613,1.6082556247711182
1710533957406728994,-9.47469711303711,0.7209008932113647,1.4585669040679932
1710533957427321055,-9.439969062805176,0.26704466342926025,1.4657520055770874
1710533957437827981,-9.454339981079102,0.05987548828125,1.4118640422821045
1710533957463298376,-9.492659568786621,0.2442919909954071,1.337618350982666
1710533957511542387,-9.439969062805176,1.0801538228988647,1.6717236042022705
1710533957543473565,-9.468709945678711,0.550854504108429,1.5196398496627808
1710533957555869115,-9.353748321533203,0.628692626953125,1.6645386219024658
1710533957581277166,-9.461524963378906,0.43230101466178894,1.4190490245819092
1710533957606655666,-9.431587219238281,0.34608033299446106,1.5016772747039795
1710533957652583132,-9.465117454528809,0.6394702196121216,1.4585669040679932
1710533957682294045,-9.431587219238281,0.34248778223991394,1.5040723085403442
1710533957705306472,-9.463919639587402,0.5257067680358887,1.4585669040679932
1710533957715841047,-9.465117454528809,0.6741979718208313,1.502874732017517
1710533957728424885,-9.580078125,0.8143066167831421,1.287322998046875
1710533957776665323,-9.289083480834961,0.003592529334127903,1.8872753381729126
1710533957812449902,-9.516610145568848,0.09101074188947678,1.2490026950836182
1710533957827034189,-9.462721824645996,0.4550537168979645,1.5184423923492432
1710533957841763526,-9.465117454528809,0.8071215748786926,1.6082556247711182
1710533957854204065,-9.360934257507324,0.9196875095367432,1.7315990924835205
1710533957894432092,-9.422006607055664,0.987945556640625,1.706451416015625
1710533957898604870,-9.441166877746582,0.8729846477508545,1.5148499011993408
1710533957923907030,-9.2304048538208,0.7149133086204529,1.5519726276397705
1710533957972111978,-9.416019439697266,0.640667736530304,1.541195034980774
1710533958028709243,-9.398056983947754,0.9532177448272705,1.6884887218475342
1710533958051450056,-9.432784080505371,0.3496728539466858,1.5651452541351318
1710533958064292315,-9.479487419128418,0.4730163514614105,1.452579379081726
1710533958119019326,-9.40045166015625,0.796343982219696,1.682501196861267
1710533958133722279,-9.427994728088379,0.3353027403354645,1.5316150188446045
1710533958156854457,-9.425599098205566,0.29099488258361816,1.512454867362976
1710533958182406225,-9.475894927978516,0.5316943526268005,1.4549744129180908
1710533958205103548,-9.430389404296875,0.5233117938041687,1.5519726276397705
1710533958228323127,-9.473499298095703,0.3903881907463074,1.4334192276000977
1710533958240760806,-9.443561553955078,0.39637574553489685,1.451381802558899
1710533958265770303,-9.4507474899292,0.6514453291893005,1.5603551864624023
1710533958283465275,-9.691446304321289,0.9496252536773682,0.9316626191139221
1710533958329115786,-9.19807243347168,-0.10298583656549454,1.9878661632537842
1710533958337579531,-9.394464492797852,1.3352234363555908,1.7543518543243408
1710533958364839100,-9.467512130737305,-0.3185375928878784,1.2202624082565308
1710533958381586403,-9.490264892578125,0.520916759967804,1.512454867362976
1710533958402825314,-9.42320442199707,0.9819580316543579,1.6429834365844727
1710533958413051846,-9.418414115905762,0.9184899926185608,1.626218318939209
1710533958421453828,-9.396859169006348,0.5879772901535034,1.6214282512664795
1710533958451559242,-9.580078125,0.14130614697933197,1.1603869199752808
1710533958518854955,-9.479487419128418,0.6071374416351318,1.5136523246765137
1710533958522378640,-9.522597312927246,0.2885998487472534,1.3747411966323853
1710533958541194723,-9.454339981079102,0.1640588343143463,1.5232324600219727
1710533958560178056,-9.456734657287598,0.8226892352104187,1.5615527629852295
1710533958583249180,-9.456734657287598,0.8226892352104187,1.5615527629852295
1710533958610637459,-9.424402236938477,0.2850073277950287,1.5555652379989624
1710533958617007665,-9.424402236938477,0.2850073277950287,1.5555652379989624
1710533958635652459,-9.513017654418945,0.47181883454322815,1.4058765172958374
1710533958656327280,-9.401649475097656,0.33290770649909973,1.5687377452850342
1710533958660423912,-9.384883880615234,0.7676037549972534,1.6836987733840942
1710533958671282151,-9.473499298095703,0.6598278880119324,1.482517123222351
1710533958690103838,-9.424402236938477,0.39278319478034973,1.5136523246765137
1710533958705333658,-9.396859169006348,0.22752685844898224,1.542392611503601
1710533958726082925,-9.457932472229004,0.6502478122711182,1.5160473585128784
1710533958728232871,-9.44595718383789,0.7472460865974426,1.5651452541351318
1710533958747031964,-9.407636642456055,0.48139894008636475,1.5388000011444092
1710533958778656056,-9.461524963378906,0.49097901582717896,1.512454867362976
1710533958787273744,-9.453142166137695,0.34248778223991394,1.472936987876892
1710533958837176415,-9.48307991027832,0.7376660108566284,1.571132779121399
1710533958850900677,-9.263935089111328,0.2598596215248108,1.7256115674972534
1710533958870634024,-9.380093574523926,1.217867374420166,1.8345849514007568
1710533958881315942,-9.431587219238281,1.2154724597930908,1.5579601526260376
1710533958942334120,-9.425599098205566,0.9723779559135437,1.6657360792160034
1710533958963543460,-9.40045166015625,0.7340734601020813,1.6250207424163818
1710533959005105586,-9.401649475097656,0.1951940953731537,1.5615527629852295
1710533959053007129,-9.351353645324707,0.8837621808052063,1.7675243616104126
1710533959057096728,-9.356143951416016,0.7220984101295471,1.7172290086746216
1710533959082544629,-9.479487419128418,0.3053649961948395,1.4657520055770874
1710533959124683609,-9.465117454528809,0.8059240579605103,1.5687377452850342
1710533959128956924,-9.374106407165527,0.8634045124053955,1.6932787895202637
1710533959267837934,-9.427994728088379,0.3999682664871216,1.5376025438308716
1710533959295105495,-9.435179710388184,0.6310876607894897,1.6190332174301147
1710533959354060023,-9.481882095336914,0.5029541254043579,1.4681469202041626
1710533959381302474,-9.644743919372559,1.032253384590149,1.2202624082565308
1710533959406814851,-9.305848121643066,0.4334985315799713,1.8381774425506592
1710533959437900026,-9.393266677856445,1.211879849433899,1.7926721572875977
1710533959452506395,-9.439969062805176,0.33290770649909973,1.4885046482086182
1710533959484238699,-9.462721824645996,0.6526428461074829,1.547182559967041
1710533959513883385,-9.404044151306152,0.7388635277748108,1.662143588066101
1710533959534666956,-9.453142166137695,0.22153930366039276,1.5340100526809692
1710533959560062422,-9.502240180969238,0.08143066614866257,1.323248267173767
1710533959625027265,-9.49744987487793,0.2754272520542145,1.4022839069366455
1710533959652222332,-9.461524963378906,0.4382885694503784,1.487307071685791
1710533959700854542,-9.393266677856445,0.6789880394935608,1.6801061630249023
1710533959711355441,-9.461524963378906,0.31255003809928894,1.481319546699524
1710533959730358121,-9.507030487060547,0.4251159727573395,1.392703890800476
1710533959740813880,-9.389674186706543,0.6718029975891113,1.6717236042022705
1710533959757714181,-9.43757438659668,0.7280859351158142,1.6046631336212158
1710533959791372254,-9.448351860046387,0.31614258885383606,1.520837426185608
1710533959833293840,-9.475894927978516,0.6454577445983887,1.5435900688171387
1710533959843745272,-9.439969062805176,0.7113208174705505,1.5747253894805908
1710533959858368046,-9.424402236938477,0.35087037086486816,1.5196398496627808
1710533959881783515,-9.475894927978516,0.5257067680358887,1.4693444967269897
1710533959902721841,-9.47469711303711,0.6047424077987671,1.536405086517334
1710533959949586790,-9.233997344970703,-0.043110352009534836,2.0417542457580566
1710533959980822005,-9.514215469360352,0.7975414991378784,1.5244299173355103
1710533960014384640,-9.435179710388184,-0.049097899347543716,1.5040723085403442
1710533960018651121,-9.433981895446777,0.0,1.506467342376709
1710533960037563610,-9.407636642456055,0.9077123999595642,1.6717236042022705
1710533960062469025,-9.398056983947754,0.8298742771148682,1.670526146888733
1710533960098630489,-9.473499298095703,0.03712280094623566,1.3986914157867432
1710533960104866203,-9.484277725219727,0.6394702196121216,1.6142431497573853
1710533960119612174,-9.407636642456055,0.9148974418640137,1.7351917028427124
1710533960134285703,-9.426796913146973,0.7376660108566284,1.6501684188842773
1710533960149028167,-9.457932472229004,0.4203259348869324,1.502874732017517
1710533960159494176,-9.477092742919922,0.29099488258361816,1.4441968202590942
1710533960172254449,-9.467512130737305,0.09939330816268921,1.4346166849136353
1710533960207907749,-9.430389404296875,0.9017248749732971,1.6238232851028442
1710533960253509547,-9.407636642456055,0.3939807116985321,1.602268099784851
1710533960268366252,-9.491462707519531,0.30656251311302185,1.422641634941101
1710533960272873818,-9.461524963378906,0.34248778223991394,1.4753320217132568
1710533960300058154,-9.399253845214844,0.7161108255386353,1.660946011543274
1710533960317072116,-9.444759368896484,0.5376818776130676,1.5376025438308716
1710533960348579952,-9.425599098205566,0.3736230432987213,1.2765454053878784
1710533960373883881,-9.443561553955078,0.6394702196121216,1.572330355644226
1710533960396928166,-9.432784080505371,0.4993615746498108,1.5902929306030273
1710533960405376328,-9.430389404296875,0.42751097679138184,1.5831079483032227
1710533960413757759,-9.431587219238281,0.4742138683795929,1.536405086517334
1710533960450009686,-9.425599098205566,0.6418652534484863,1.592687964439392
1710533960463974717,-9.580078125,0.9747729301452637,1.3591735363006592
1710533960483297289,-9.238787651062012,-0.02634521573781967,1.991458773612976
1710533960504049315,-9.307045936584473,0.4981640577316284,1.7292040586471558
1710533960548324358,-9.588460922241211,-0.049097899347543716,1.1783496141433716
1710533960651092579,-9.42320442199707,0.14370116591453552,1.4861096143722534
1710533960653113859,-9.422006607055664,0.5987548828125,1.6693285703659058
1710533960690843871,-9.399253845214844,0.7807763814926147,1.7196240425109863
1710533960743736941,-9.451944351196289,0.5400769114494324,1.5495775938034058
1710533960810925962,-9.461524963378906,0.3592529296875,1.4645544290542603
1710533960842395326,-9.427994728088379,0.6430627703666687,1.6082556247711182
1710533960861071838,-9.431587219238281,0.5412744283676147,1.5519726276397705
1710533960909601597,-9.419611930847168,0.32572266459465027,1.550775170326233
1710533960959893784,-9.451944351196289,0.3784130811691284,1.5232324600219727
1710533960980891301,-9.462721824645996,0.4933740198612213,1.511257290840149
1710533960993627694,-9.503437042236328,0.5795947313308716,1.5196398496627808
1710533961017042050,-9.596843719482422,0.9208850264549255,1.4058765172958374
1710533961031275042,-9.422006607055664,0.33171021938323975,1.413061499595642
1710533961062568059,-9.347761154174805,0.5700146555900574,1.7483642101287842
1710533961086017990,-9.4699068069458,-0.089813232421875,1.3843213319778442
1710533961125928615,-9.375304222106934,0.5005590915679932,1.8573375940322876
1710533961163859351,-9.40045166015625,1.0226733684539795,1.7651294469833374
1710533961195518539,-9.493857383728027,0.5676196217536926,1.5567626953125
1710533961214450349,-9.374106407165527,0.8035290241241455,1.750759243965149
1710533961268708663,-9.371711730957031,0.7292834520339966,1.7591418027877808
1710533961309087455,-9.425599098205566,0.826281726360321,1.7112414836883545
1710533961325878754,-9.417217254638672,0.28740233182907104,1.566342830657959
1710533961351094075,-9.496252059936523,0.3089575171470642,1.4298266172409058
1710533961401411253,-9.388476371765137,0.6143224835395813,1.6777111291885376
1710533961441347533,-9.449549674987793,0.35685789585113525,1.541195034980774
1710533961479184377,-9.416019439697266,0.4802014231681824,1.61663818359375
1710533961502407690,-9.472302436828613,0.3999682664871216,1.487307071685791
1710533961510874024,-9.441166877746582,0.556842029094696,1.6118481159210205
1710533961523485722,-9.393266677856445,0.6215075850486755,1.7184264659881592
1710533961607453457,-9.413623809814453,0.6837780475616455,1.6585509777069092
1710533961626278019,-9.364526748657227,-0.007185058668255806,1.686093807220459
1710533961674423168,-9.456734657287598,0.9891430735588074,1.690883755683899
1710533961714735435,-9.28070068359375,0.6610254049301147,1.8872753381729126
1710533961758855196,-9.429191589355469,0.6023474335670471,1.6094530820846558
1710533961798872085,-9.4507474899292,0.24548950791358948,1.5819103717803955
1710533961838766752,-9.492659568786621,0.24189697206020355,1.3986914157867432
1710533961853180483,-9.404044151306152,0.6753954887390137,1.692081332206726
1710533961876314062,-9.369316101074219,0.5101391673088074,1.7447717189788818
1710533961943882489,-9.433981895446777,0.6454577445983887,1.6046631336212158
1710533961958665607,-9.436376571655273,0.6155200004577637,1.607058048248291
1710533961987797534,-9.43757438659668,0.5161266922950745,1.607058048248291
1710533961996967658,-9.454339981079102,0.610729992389679,1.536405086517334
1710533962019260720,-9.412426948547363,0.6370751857757568,1.6801061630249023
1710533962094712058,-9.443561553955078,0.5005590915679932,1.566342830657959
1710533962134777920,-9.619595527648926,0.8610095381736755,1.2238550186157227
1710533962166511608,-9.466314315795898,-0.02395019493997097,1.2609777450561523
1710533962279492445,-9.492659568786621,0.14849120378494263,1.4178515672683716
1710533962294435164,-9.384883880615234,0.8167016506195068,1.7771044969558716
1710533962330045037,-9.37769889831543,0.8095166087150574,1.7854870557785034
1710533962361528968,-9.451944351196289,0.2634521424770355,1.5244299173355103
1710533962386756647,-9.392068862915039,0.9208850264549255,1.7651294469833374
1710533962424804343,-9.40045166015625,0.8131091594696045,1.750759243965149
1710533962435220284,-9.487870216369629,0.3592529296875,1.4406042098999023
1710533962441543771,-9.441166877746582,0.4203259348869324,1.5675402879714966
1710533962453990877,-9.441166877746582,0.4203259348869324,1.5675402879714966
1710533962483846267,-9.419611930847168,0.646655261516571,1.6393908262252808
1710533962534231041,-9.471104621887207,0.35206785798072815,1.5280224084854126
1710533962589029794,-9.435179710388184,0.3903881907463074,1.5783178806304932
1710533962610190929,-9.467512130737305,0.4502636790275574,1.5244299173355103
1710533962676965489,-9.656719207763672,0.8178991675376892,1.1460168361663818
1710533962692168989,-9.412426948547363,0.3137475550174713,1.5902929306030273
1710533962715253193,-9.448351860046387,0.9627978801727295,1.577120304107666
1710533962725740686,-9.48307991027832,-0.028740234673023224,1.3651611804962158
1710533962740362268,-9.430389404296875,0.34608033299446106,1.5495775938034058
1710533962759260046,-9.479487419128418,0.6873705983161926,1.6238232851028442
1710533962771995452,-9.404044151306152,0.8526269793510437,1.7136365175247192
1710533962797547606,-9.387279510498047,0.7316784858703613,1.676513671875
1710533962830751017,-9.399253845214844,0.6322851777076721,1.7256115674972534
1710533962872693549,-9.365723609924316,0.8741821050643921,1.8824853897094727
1710533962916850246,-9.484277725219727,0.12214599549770355,1.4645544290542603
1710533962921243080,-9.424402236938477,0.8382568359375,1.6801061630249023
1710533962937875158,-9.420809745788574,0.9065148830413818,1.730401635169983
1710533962975794318,-9.395661354064941,0.28740233182907104,1.6741186380386353
1710533962990300719,-9.395661354064941,0.28740233182907104,1.6741186380386353
1710533963028264537,-9.418414115905762,0.46702879667282104,1.6381933689117432
1710533963030326832,-9.422006607055664,0.6155200004577637,1.6789087057113647
1710533963090800283,-9.461524963378906,0.4131408631801605,1.5699353218078613
1710533963164525117,-9.4603271484375,0.3041674792766571,1.5435900688171387
1710533963179248180,-9.426796913146973,0.5616320967674255,1.6238232851028442
1710533963223272342,-9.436376571655273,0.28261229395866394,1.5914905071258545
1710533963271790111,-9.439969062805176,-0.08861572295427322,1.511257290840149
1710533963301170927,-9.453142166137695,0.3784130811691284,1.5735278129577637
1710533963315990322,-9.376501083374023,0.8921447992324829,1.8070422410964966
1710533963332755927,-9.4507474899292,0.6993457078933716,1.6585509777069092
1710533963366409875,-9.484277725219727,0.1700463891029358,1.4238390922546387
1710533963387292838,-9.319021224975586,0.8538244366645813,1.910028100013733
1710533963395877303,-9.372908592224121,0.5760021805763245,1.6896862983703613
1710533963419053863,-9.459129333496094,0.3879931569099426,1.566342830657959
1710533963450530519,-9.427994728088379,0.18202148377895355,1.5759228467941284
1710533963511615219,-9.404044151306152,0.8035290241241455,1.7100439071655273
1710533963517952888,-9.401649475097656,0.7592211961746216,1.730401635169983
1710533963534798776,-9.432784080505371,0.4334985315799713,1.670526146888733
1710533963564245631,-9.362131118774414,0.5712121725082397,1.7986596822738647
1710533963614449710,-9.382489204406738,0.5748046636581421,1.6872912645339966
1710533963637773949,-9.412426948547363,0.29578492045402527,1.6286132335662842
1710533963663030524,-9.40045166015625,0.526904284954071,1.7076488733291626
1710533963690445415,-9.431587219238281,0.41553589701652527,1.5950829982757568
1710533963724267168,-9.462721824645996,0.5520520210266113,1.6058605909347534
1710533963742999834,-9.651928901672363,0.7819738984107971,1.1747571229934692
1710533963778978933,-9.263935089111328,1.1005114316940308,2.0680992603302
1710533963789349704,-9.544153213500977,0.5664221048355103,1.3519885540008545
1710533963802028120,-9.50583267211914,0.1652563512325287,1.4418017864227295
1710533963816781656,-9.424402236938477,-0.08382568508386612,1.6417858600616455
1710533963850616134,-9.433981895446777,0.5771996974945068,1.572330355644226
1710533963863360147,-9.389674186706543,0.8789721727371216,1.8369799852371216
1710533963880200663,-9.395661354064941,0.6442602276802063,1.7112414836883545
1710533963936654709,-9.447154998779297,0.6861730813980103,1.666933536529541
1710533963959758845,-9.380093574523926,0.9089099168777466,1.7974621057510376
1710533963987018339,-9.480685234069824,0.03592529147863388,1.512454867362976
1710533963997641487,-9.430389404296875,0.1401086449623108,1.577120304107666
1710533964012467725,-9.477092742919922,0.4586462378501892,1.596280574798584
1710533964025000162,-9.392068862915039,0.7556286454200745,1.690883755683899
1710533964041815960,-9.378896713256836,0.5939648151397705,1.8070422410964966
1710533964060922478,-9.382489204406738,0.3688330054283142,1.7447717189788818
1710533964106944756,-9.475894927978516,0.40595582127571106,1.5256274938583374
1710533964111114045,-9.388476371765137,0.5472619533538818,1.7747094631195068
1710533964126006141,-9.4699068069458,0.5783972144126892,1.5902929306030273
1710533964153760868,-9.412426948547363,0.3844006359577179,1.6214282512664795
1710533964214811886,-9.36332893371582,0.8657995462417603,1.9232007265090942
1710533964260546786,-9.508227348327637,1.536405086517334,1.862127661705017
1710533964275635932,-9.364526748657227,-0.08023315668106079,1.4202466011047363
1710533964334368105,-9.19807243347168,0.04790038987994194,2.204615592956543
1710533964338540803,-9.19807243347168,0.04790038987994194,2.204615592956543
1710533964374309188,-9.484277725219727,0.3185375928878784,1.5675402879714966
1710533964395281237,-9.401649475097656,0.616717517375946,1.7339941263198853
1710533964418657670,-9.442364692687988,0.9196875095367432,1.772314429283142
1710533964456298505,-9.43757438659668,0.06945556402206421,1.5184423923492432
1710533964472915290,-9.524992942810059,0.10178832709789276,1.4190490245819092
1710533964493643119,-9.328600883483887,0.8047265410423279,1.8872753381729126
1710533964523198596,-9.486672401428223,0.5233117938041687,1.532812476158142
1710533964546408314,-9.425599098205566,0.12094848603010178,1.6813037395477295
1710533964598859852,-9.394464492797852,0.3544628918170929,1.706451416015625
1710533964678481965,-9.48307991027832,0.18202148377895355,1.4406042098999023
1710533964684907234,-9.387279510498047,0.3448828160762787,1.781894564628601
1710533964695399423,-9.401649475097656,0.5053490996360779,1.7040563821792603
1710533964716420920,-9.422006607055664,0.2790197730064392,1.6190332174301147
1710533964754012693,-9.424402236938477,0.556842029094696,1.722019076347351
1710533964800149478,-9.43757438659668,0.4885839819908142,1.6357983350753784
1710533964825336076,-9.59444808959961,0.6047424077987671,1.2801378965377808
1710533964871877130,-9.405241966247559,1.5447876453399658,2.0034339427948
1710533964914165299,-9.41482162475586,-0.18082398176193237,1.5519726276397705
1710533964943551145,-9.405241966247559,0.7077282667160034,1.8082396984100342
1710533964955689230,-9.322613716125488,0.9196875095367432,1.9782861471176147
1710533964972526458,-9.417217254638672,0.8178991675376892,1.7184264659881592
1710533964987359977,-9.383686065673828,0.1640588343143463,1.7435742616653442
1710533965031575649,-9.319021224975586,0.7819738984107971,1.9375708103179932
1710533965052359370,-9.429191589355469,0.6789880394935608,1.7256115674972534
1710533965098692488,-9.455536842346191,0.18681152164936066,1.5459851026535034
1710533965107320096,-9.455536842346191,0.07903564721345901,1.5675402879714966
1710533965115704214,-9.396859169006348,0.3149450719356537,1.6789087057113647
1710533965150026775,-9.402846336364746,0.31135255098342896,1.750759243965149
1710533965193876846,-9.462721824645996,0.21195922791957855,1.5100598335266113
1710533965199557739,-9.366921424865723,0.6634204387664795,1.7890795469284058
1710533965214223395,-9.412426948547363,0.44068360328674316,1.6501684188842773
1710533965245660782,-9.430389404296875,0.37242552638053894,1.6441808938980103
1710533965272690344,-9.455536842346191,0.26584717631340027,1.5878978967666626
1710533965287391287,-9.42320442199707,0.526904284954071,1.6681311130523682
1710533965308487490,-9.407636642456055,0.4239184558391571,1.7100439071655273
1710533965321234443,-9.418414115905762,0.34608033299446106,1.6501684188842773
1710533965339976002,-9.463919639587402,0.4478686451911926,1.550775170326233
1710533965356988054,-9.454339981079102,0.5927673578262329,1.6633410453796387
1710533965384490838,-9.633966445922852,0.826281726360321,1.2262500524520874
1710533965390814632,-9.140591621398926,-0.19160155951976776,2.264491081237793
1710533965409709454,-9.436376571655273,1.5052697658538818,1.7926721572875977
1710533965430675916,-9.37769889831543,1.3400133848190308,1.9639160633087158
1710533965445313906,-9.40045166015625,0.4502636790275574,1.7292040586471558
1710533965455630890,-9.504634857177734,-0.18082398176193237,1.3603711128234863
1710533965485112474,-9.442364692687988,0.3305127024650574,1.6932787895202637
1710533965499939652,-9.374106407165527,0.9364526271820068,1.8453625440597534
1710533965522987553,-9.412426948547363,0.209564208984375,1.6537610292434692
1710533965529425524,-9.389674186706543,0.011975097469985485,1.7435742616653442
1710533965552610297,-9.514215469360352,0.07065307348966599,1.4106664657592773
1710533965554755482,-9.54295539855957,0.38559815287590027,1.3903088569641113
1710533965590454772,-9.325008392333984,0.8011340498924255,1.9675085544586182
1710533965607247059,-9.457932472229004,0.42631348967552185,1.610650658607483
1710533965626089908,-9.478289604187012,-0.014370117336511612,1.5352075099945068
1710533965678423213,-9.364526748657227,0.9663903713226318,1.8872753381729126
1710533965686841734,-9.399253845214844,0.7987390160560608,1.8130297660827637
1710533965701759658,-9.40045166015625,0.38200560212135315,1.7112414836883545
1710533965727002152,-9.4603271484375,0.3245251476764679,1.5950829982757568
1710533965747840470,-9.433981895446777,0.5999523997306824,1.6441808938980103
1710533965886767495,-9.441166877746582,0.5640270709991455,1.6441808938980103
1710533965924422990,-9.569300651550293,0.7915539741516113,1.4477893114089966
1710533965962107131,-9.358538627624512,0.5041515827178955,1.7914745807647705
1710533965976954975,-9.41003131866455,1.1963123083114624,1.892065405845642
1710533965991665306,-9.514215469360352,-0.1652563512325287,1.3723461627960205
1710533966001990353,-9.515412330627441,-0.09939330816268921,1.4046789407730103
1710533966020887210,-9.435179710388184,0.4095483422279358,1.790277123451233
1710533966355236664,-9.44595718383789,0.26584717631340027,1.6154407262802124
1710533966426488769,-9.39087200164795,0.44547364115715027,1.712438941001892
1710533966478980686,-9.592053413391113,0.7472460865974426,1.3986914157867432
1710533966518839722,-9.182504653930664,-0.30776000022888184,2.177072763442993
1710533966550373241,-9.472302436828613,-0.15807129442691803,1.43701171875
1710533966556741679,-9.406438827514648,0.29219236969947815,1.7292040586471558
1710533966586322477,-9.353748321533203,0.9412426948547363,1.8669177293777466
1710533966628136506,-9.396859169006348,0.6191125512123108,1.7387841939926147
1710533966651045676,-9.425599098205566,0.6478527784347534,1.7938696146011353
1710533966655144098,-9.327404022216797,0.8107141256332397,1.951940894126892
1710533966678460776,-9.314230918884277,0.8011340498924255,1.9770885705947876
1710533966729326847,-9.424402236938477,0.1149609386920929,1.5843054056167603
1710533966752366221,-9.417217254638672,1.0011181831359863,1.8250049352645874
1710533966771217710,-9.398056983947754,0.7041357159614563,1.7555493116378784
1710533966794568175,-9.47469711303711,0.40236327052116394,1.5914905071258545
1710533966813059911,-9.493857383728027,0.1999841332435608,1.5340100526809692
1710533966911987617,-9.406438827514648,0.1652563512325287,1.662143588066101
1710533966918411696,-9.43757438659668,0.3101550340652466,1.6190332174301147
1710533966939533601,-9.404044151306152,0.39757323265075684,1.7591418027877808
1710533966960387906,-9.358538627624512,0.29099488258361816,1.810634732246399
1710533967010971115,-9.574090957641602,0.7508386373519897,1.392703890800476
1710533967034005203,-9.245972633361816,-0.1401086449623108,2.0716919898986816
1710533967073859153,-9.376501083374023,0.8418493866920471,1.7771044969558716
1710533967078652813,-9.376501083374023,0.8418493866920471,1.7771044969558716
1710533967092908142,-9.593250274658203,0.06586303561925888,1.3184581995010376
1710533967126529584,-9.382489204406738,0.05269043147563934,1.7244141101837158
1710533967129089525,-9.455536842346191,0.9376501441001892,1.7579443454742432
1710533967164804951,-9.389674186706543,0.28620484471321106,1.7962646484375
1710533967433521280,-9.41482162475586,0.15567627549171448,1.676513671875
1710533967511385894,-9.411229133605957,0.3388952612876892,1.7399816513061523
1710533967513417545,-9.419611930847168,0.33290770649909973,1.6681311130523682
1710533967534356062,-9.389674186706543,0.5053490996360779,1.7627344131469727
1710533967538718195,-9.493857383728027,0.5915698409080505,1.6190332174301147
1710533967589350738,-9.564510345458984,0.8238866925239563,1.4920971393585205
1710533967626925368,-9.168134689331055,-0.19878661632537842,2.2752685546875
1710533967652136832,-9.449549674987793,0.26704466342926025,1.6884887218475342
1710533967700606831,-9.333391189575195,0.1448986828327179,1.8238073587417603
1710533967732096700,-9.539362907409668,0.16884887218475342,1.5052697658538818
1710533967757302759,-9.485474586486816,0.25626710057258606,1.5316150188446045
1710533967786759355,-9.31782341003418,0.7256909012794495,2.015408992767334
1710533967799291959,-9.334589004516602,0.8346642851829529,1.9627184867858887
1710533967822290832,-9.4699068069458,0.6179150342941284,1.6513659954071045
1710533967839244046,-9.475894927978516,0.019160157069563866,1.536405086517334
1710533967847573559,-9.39087200164795,0.4035607874393463,1.781894564628601
1710533967912868393,-9.402846336364746,0.5736072063446045,1.8154247999191284
1710533967935859321,-9.362131118774414,0.6502478122711182,1.8968554735183716
1710533967971799238,-9.435179710388184,0.5005590915679932,1.6980688571929932
1710533968034821915,-9.433981895446777,0.41553589701652527,1.720821499824524
1710533968140047760,-9.222023010253906,-0.2143542468547821,2.115999698638916
1710533968142132895,-9.222023010253906,-0.2143542468547821,2.115999698638916
1710533968196765604,-9.516610145568848,0.23590941727161407,1.511257290840149
1710533968240863755,-9.401649475097656,0.7220984101295471,1.786684513092041
1710533968266019365,-9.479487419128418,0.16765137016773224,1.5088622570037842
1710533968289246079,-9.481882095336914,0.32692015171051025,1.566342830657959
1710533968302059083,-9.348958969116211,0.5041515827178955,1.9052380323410034
1710533968318859360,-9.320218086242676,0.796343982219696,1.9722986221313477
1710533968324961491,-9.442364692687988,0.6682104468345642,1.73638916015625
1710533968369335304,-9.444759368896484,0.22632934153079987,1.6633410453796387
1710533968384187547,-9.381291389465332,0.7688012719154358,1.8812878131866455
1710533968409209551,-9.374106407165527,0.8226892352104187,1.870510220527649
1710533968421787495,-9.392068862915039,0.5029541254043579,1.7830920219421387
1710533968455259744,-9.398056983947754,0.3604504466056824,1.760339379310608
1710533968461961979,-9.4603271484375,0.1999841332435608,1.572330355644226
1710533968478805769,-9.425599098205566,0.568817138671875,1.750759243965149
1710533968524874178,-9.41003131866455,0.4131408631801605,1.7315990924835205
1710533968594229816,-9.407636642456055,0.580792248249054,1.8094372749328613
1710533968663402224,-9.462721824645996,0.4334985315799713,1.6453784704208374
1710533968667608630,-9.566905975341797,0.7328760027885437,1.452579379081726
1710533968705511286,-9.368119239807129,1.0011181831359863,1.7675243616104126
1710533968737184291,-9.422006607055664,0.1700463891029358,1.6932787895202637
1710533968775016480,-9.380093574523926,0.9867480397224426,1.871707797050476
1710533968791865560,-9.401649475097656,0.4945715367794037,1.7531542778015137
1710533968800212526,-9.32620620727539,0.24668700993061066,1.835782527923584
1710533968813712996,-9.519004821777344,0.05269043147563934,1.4346166849136353
1710533968829555310,-9.454339981079102,0.3281176686286926,1.601070523262024
1710533968840044957,-9.365723609924316,0.526904284954071,1.8872753381729126
1710533968886363071,-9.406438827514648,0.6933581829071045,1.7998571395874023
1710533968938766490,-9.471104621887207,0.1293310523033142,1.5759228467941284
1710533968984910521,-9.43757438659668,0.1999841332435608,1.6238232851028442
1710533969024895146,-9.3501558303833,0.6634204387664795,1.931583285331726
1710533969043712035,-9.362131118774414,0.6239025592803955,1.85614013671875
1710533969068715252,-9.419611930847168,0.21674926578998566,1.716031551361084
1710533969104653120,-9.405241966247559,0.33171021938323975,1.6932787895202637
1710533969150765487,-9.401649475097656,0.30296996235847473,1.7747094631195068
1710533969163367427,-9.393266677856445,0.5592370629310608,1.8190172910690308
1710533969190844903,-9.52020263671875,0.48618897795677185,1.562750220298767
1710533969289670189,-9.402846336364746,0.15687377750873566,1.6202306747436523
1710533969321176516,-9.433981895446777,0.7149133086204529,1.8884729146957397
1710533969346397106,-9.311836242675781,0.209564208984375,1.8477575778961182
1710533969384125331,-9.41482162475586,0.12214599549770355,1.7854870557785034
1710533969398812822,-9.322613716125488,0.6801855564117432,1.9675085544586182
1710533969442926962,-9.419611930847168,0.5891748070716858,1.7783019542694092
1710533969451090209,-9.395661354064941,0.3400927782058716,1.7292040586471558
1710533969468293454,-9.493857383728027,0.11855346709489822,1.5902929306030273
1710533969539788417,-9.382489204406738,0.35087037086486816,1.8513500690460205
1710533969548221377,-9.44595718383789,0.21315674483776093,1.6298108100891113
1710533969571339528,-9.389674186706543,0.7029382586479187,1.9184106588363647
1710533969585976889,-9.419611930847168,0.4837939441204071,1.7615368366241455
1710533969607004957,-9.398056983947754,0.2550695836544037,1.7531542778015137
1710533969657098068,-9.401649475097656,0.5460644364356995,1.8214123249053955
1710533969661388956,-9.382489204406738,0.6358776688575745,1.8010547161102295
1710533969682948958,-9.398056983947754,0.38679563999176025,1.7974621057510376
1710533969735289917,-9.404044151306152,0.24788452684879303,1.7699193954467773
1710533969758302069,-9.202862739562988,-0.24668700993061066,2.143542528152466
1710533969770880371,-9.217232704162598,-0.15687377750873566,2.1207897663116455
1710533969793731484,-9.334589004516602,0.8310717940330505,1.865720272064209
1710533969798212756,-9.468709945678711,0.30296996235847473,1.750759243965149
1710533969804422481,-9.468709945678711,0.30296996235847473,1.750759243965149
1710533969810729660,-9.516610145568848,0.06227050721645355,1.5974780321121216
1710533969833851149,-9.413623809814453,0.1640588343143463,1.8226099014282227
1710533969852264470,-9.323810577392578,0.33290770649909973,1.8429675102233887
1710533969865210675,-9.398056983947754,0.9388476610183716,1.8477575778961182
1710533969899075434,-9.344168663024902,0.4634362757205963,1.945953369140625
1710533969928545543,-9.344168663024902,0.4598437547683716,1.8824853897094727
1710533969971098404,-9.429191589355469,0.27662476897239685,1.722019076347351
1710533970040203060,-9.435179710388184,0.003592529334127903,1.6238232851028442
1710533970067854455,-9.442364692687988,0.269439697265625,1.6813037395477295
1710533970084424536,-9.457932472229004,0.27183473110198975,1.6238232851028442
1710533970132662212,-9.374106407165527,0.6059399247169495,1.8896703720092773
1710533970157810407,-9.457932472229004,0.23231689631938934,1.6813037395477295
1710533970185177529,-9.398056983947754,0.5065466165542603,1.8010547161102295
1710533970220642646,-9.408834457397461,0.5364843606948853,1.781894564628601
1710533970250697995,-9.42320442199707,0.4646337926387787,1.7639318704605103
1710533970281765087,-9.576485633850098,0.8490344285964966,1.4250366687774658
1710533970304733442,-9.551338195800781,0.5292993187904358,1.4717395305633545
1710533970319593756,-9.253157615661621,0.019160157069563866,2.114802360534668
1710533970323742967,-9.340576171875,0.9496252536773682,1.8441650867462158
1710533970349394950,-9.39087200164795,0.6239025592803955,1.7926721572875977
1710533970386969439,-9.327404022216797,0.061072997748851776,1.720821499824524
1710533970427045958,-9.339378356933594,0.2550695836544037,1.8154247999191284
1710533970498124517,-9.52020263671875,0.25147706270217896,1.5878978967666626
1710533970527815753,-9.325008392333984,0.8047265410423279,1.999841332435608
1710533970531838580,-9.436376571655273,0.5664221048355103,1.7387841939926147
1710533970555086920,-9.383686065673828,0.4287084937095642,1.8477575778961182
1710533970607727750,-9.398056983947754,0.676593005657196,1.8669177293777466
1710533970628670499,-9.426796913146973,0.22872436046600342,1.6884887218475342
1710533970664216953,-9.38608169555664,0.4634362757205963,1.8393750190734863
1710533970696010939,-9.413623809814453,0.32093262672424316,1.7483642101287842
1710533970719262694,-9.431587219238281,0.26225462555885315,1.6992663145065308
1710533970773958563,-9.411229133605957,0.5005590915679932,1.7555493116378784
1710533970778138232,-9.411229133605957,0.5005590915679932,1.7555493116378784
1710533970799509181,-9.435179710388184,0.30177247524261475,1.716031551361084
1710533970822455540,-9.554930686950684,0.8143066167831421,1.487307071685791
1710533970846998623,-9.376501083374023,0.11256591975688934,1.865720272064209
1710533970982357662,-9.338181495666504,0.9029223918914795,1.9675085544586182
1710533971005443235,-9.485474586486816,0.0011975098168477416,1.5304174423217773
1710533971091302878,-9.491462707519531,0.14370116591453552,1.5986754894256592
1710533971118752916,-9.411229133605957,0.21674926578998566,1.6980688571929932
1710533971171340041,-9.368119239807129,0.8586145043373108,1.961521029472351
1710533971194330675,-9.396859169006348,0.2442919909954071,1.7878820896148682
1710533971259229588,-9.394464492797852,0.2790197730064392,1.8034497499465942
1710533971309789572,-9.416019439697266,0.22632934153079987,1.7148339748382568
1710533971326816082,-9.393266677856445,0.5712121725082397,1.846560001373291
1710533971333657025,-9.462721824645996,0.37601807713508606,1.700463891029358
1710533971352002697,-9.515412330627441,0.5113366842269897,1.6274157762527466
1710533971372819148,-9.574090957641602,0.7628137469291687,1.4094690084457397
1710533971509297378,-9.53457260131836,-0.03592529147863388,1.656156063079834
1710533971651375679,-9.462721824645996,0.07304809242486954,1.6801061630249023
1710533971694539954,-9.41482162475586,0.2885998487472534,1.7783019542694092
1710533971761713637,-9.442364692687988,0.26105713844299316,1.6992663145065308
1710533971782749015,-9.392068862915039,0.27303221821784973,1.7998571395874023
1710533971809827047,-9.406438827514648,0.3005749583244324,1.7543518543243408
1710533971837126195,-9.39087200164795,0.5891748070716858,1.8429675102233887
1710533971874683141,-9.395661354064941,0.3879931569099426,1.805844783782959
1710533971893737760,-9.380093574523926,0.3053649961948395,1.8729052543640137
1710533971897817071,-9.455536842346191,0.37601807713508606,1.6872912645339966
1710533971919033141,-9.580078125,0.7496411204338074,1.3903088569641113
1710533971962808712,-9.334589004516602,0.05029540881514549,1.9471508264541626
1710533972021918089,-9.462721824645996,-0.010777588002383709,1.6286132335662842
1710533972038576320,-9.365723609924316,0.9089099168777466,1.9507434368133545
1710533972099715319,-9.408834457397461,0.5041515827178955,1.865720272064209
1710533972116516319,-9.345366477966309,0.17723144590854645,1.8693127632141113
1710533972143893238,-9.334589004516602,0.7388635277748108,2.0788769721984863
1710533972152452577,-9.417217254638672,0.5340893268585205,1.7483642101287842
1710533972198693938,-9.408834457397461,-0.021555176004767418,1.7315990924835205
1710533972228091123,-9.39087200164795,0.4334985315799713,1.8250049352645874
1710533972272139435,-9.451944351196289,0.1939965784549713,1.7196240425109863
1710533972290948291,-9.395661354064941,0.47062134742736816,1.832189917564392
1710533972308060473,-9.429191589355469,0.39158570766448975,1.7411792278289795
1710533972328921029,-9.406438827514648,0.3101550340652466,1.7842895984649658
1710533972362437345,-9.422006607055664,0.20836669206619263,1.775907039642334
1710533972398164034,-9.404044151306152,0.44188109040260315,1.8381774425506592
1710533972425564177,-9.426796913146973,0.30177247524261475,1.750759243965149
1710533972431826544,-9.426796913146973,0.4586462378501892,1.7687219381332397
1710533972467517052,-9.499844551086426,0.5065466165542603,1.6645386219024658
1710533972501209029,-9.580078125,0.6274951100349426,1.4753320217132568
1710533972549526773,-9.329798698425293,0.4179309010505676,1.8537451028823853
1710533972572690028,-9.47469711303711,0.01796264573931694,1.7555493116378784
1710533972606997677,-9.35494613647461,0.5951623320579529,1.9243981838226318
1710533972623011206,-9.412426948547363,-0.04550537094473839,1.690883755683899
1710533972648712528,-9.417217254638672,0.5712121725082397,1.8345849514007568
1710533972702666013,-9.299860954284668,0.6143224835395813,1.9507434368133545
1710533972765859307,-9.374106407165527,0.640667736530304,1.9184106588363647
1710533972810402533,-9.42320442199707,0.09101074188947678,1.7256115674972534
1710533972826874790,-9.4603271484375,0.16884887218475342,1.6836987733840942
1710533972877589907,-9.424402236938477,0.3748205602169037,1.745969295501709
1710533972904918989,-9.404044151306152,0.17842894792556763,1.775907039642334
1710533972917538512,-9.41003131866455,0.21076172590255737,1.8094372749328613
1710533972954976885,-9.405241966247559,0.45265868306159973,1.8381774425506592
1710533972959498189,-9.371711730957031,0.3388952612876892,1.8872753381729126
1710533972976303137,-9.41482162475586,0.27303221821784973,1.8250049352645874
1710533973018525771,-9.436376571655273,0.39637574553489685,2.0501368045806885
1710533973044138940,-9.478289604187012,0.4933740198612213,1.690883755683899
1710533973062474468,-9.291478157043457,0.5065466165542603,1.8609302043914795
1710533973089869862,-9.4603271484375,-0.22153930366039276,1.626218318939209
1710533973125772448,-9.382489204406738,0.23830443620681763,1.8070422410964966
1710533973140503111,-9.321415901184082,0.5771996974945068,2.0130138397216797
1710533973193024728,-9.502240180969238,-0.007185058668255806,1.562750220298767
1710533973213914804,-9.315428733825684,0.6849755644798279,2.053729295730591
1710533973251539563,-9.466314315795898,0.34727782011032104,1.6789087057113647
1710533973257785673,-9.40045166015625,-0.0946032702922821,1.7495617866516113
1710533973291599824,-9.426796913146973,0.1149609386920929,1.745969295501709
1710533973300102293,-9.387279510498047,0.449066162109375,1.8741028308868408
1710533973335900686,-9.342970848083496,0.796343982219696,1.9734960794448853
1710533973358765857,-9.451944351196289,0.2299218773841858,1.7136365175247192
1710533973373669407,-9.420809745788574,0.3987707495689392,1.8238073587417603
1710533973386348557,-9.352551460266113,0.5879772901535034,1.97589111328125
1710533973426112079,-9.38608169555664,0.46583130955696106,1.9028429985046387
1710533973438767861,-9.456734657287598,0.33650025725364685,1.7028589248657227
1710533973452895398,-9.41003131866455,0.03233276307582855,1.7447717189788818
1710533973455609579,-9.382489204406738,0.6251000761985779,1.8537451028823853
1710533973474632130,-9.38608169555664,0.3748205602169037,1.8633252382278442
1710533973501993147,-9.406438827514648,0.2347119152545929,1.832189917564392
1710533973514564273,-9.396859169006348,0.32093262672424316,1.8597326278686523
1710533973522917679,-9.429191589355469,0.3580554127693176,1.7555493116378784
1710533973563046229,-9.447154998779297,0.4550537168979645,1.722019076347351
1710533973567199443,-9.586065292358398,0.706530749797821,1.571132779121399
1710533973611327080,-9.370513916015625,0.5855822563171387,1.8848804235458374
1710533973630221166,-9.39087200164795,1.0202783346176147,1.931583285331726
1710533973634335876,-9.465117454528809,0.1999841332435608,1.6441808938980103
1710533973653721881,-9.38608169555664,0.2945874035358429,1.760339379310608
1710533973682553615,-9.356143951416016,0.7280859351158142,2.0321741104125977
1710533973709863183,-9.422006607055664,0.4945715367794037,1.880090355873108
1710533973720478113,-9.448351860046387,-0.016765136271715164,1.6286132335662842
1710533973743761427,-9.484277725219727,-0.06227050721645355,1.5890954732894897
1710533973758408997,-9.305848121643066,0.8274792432785034,2.0896544456481934
1710533973787699474,-9.319021224975586,0.5424719452857971,2.098037004470825
1710533973815156549,-9.493857383728027,0.16884887218475342,1.676513671875
1710533973852830950,-9.4507474899292,-0.03592529147863388,1.7375866174697876
1710533973861286810,-9.382489204406738,0.6718029975891113,1.9148181676864624
1710533973911944308,-9.420809745788574,0.22752685844898224,1.8441650867462158
1710533973956212146,-9.332193374633789,0.5616320967674255,1.97589111328125
1710533973981203855,-9.38608169555664,0.08143066614866257,1.816622257232666
1710533974008682559,-9.388476371765137,0.4047583043575287,1.8489550352096558
1710533974027502611,-9.404044151306152,0.2754272520542145,1.85614013671875
1710533974073796942,-9.402846336364746,0.3053649961948395,1.8477575778961182
1710533974095755710,-9.583670616149902,0.6622229218482971,1.5340100526809692
1710533974185012325,-9.096283912658691,-0.4346960484981537,2.377056837081909
1710533974250005869,-9.468709945678711,0.2442919909954071,1.712438941001892
1710533974336592700,-9.475894927978516,0.06945556402206421,1.6777111291885376
1710533974340727647,-9.398056983947754,0.12573853135108948,1.7962646484375
1710533974378724588,-9.406438827514648,-0.058677978813648224,1.7675243616104126
1710533974453801649,-9.413623809814453,0.21315674483776093,1.8082396984100342
1710533974475095376,-9.365723609924316,0.1748364269733429,1.8824853897094727
1710533974536046122,-9.315428733825684,0.646655261516571,2.094444513320923
1710533974588545479,-9.4507474899292,0.35566040873527527,1.7256115674972534
1710533974622034856,-9.405241966247559,0.646655261516571,1.8753002882003784
1710533974693621138,-9.4699068069458,0.4502636790275574,1.7351917028427124
1710533974729188374,-9.601633071899414,0.6059399247169495,1.3795312643051147
1710533974754223362,-9.413623809814453,0.09939330816268921,1.7771044969558716
1710533974968848958,-9.332193374633789,0.7077282667160034,1.9531384706497192
1710533975015023798,-9.417217254638672,0.46104127168655396,1.846560001373291
1710533975029827288,-9.490264892578125,0.25746458768844604,1.652563452720642
1710533975088756636,-9.449549674987793,0.24668700993061066,1.7854870557785034
1710533975092878256,-9.396859169006348,0.2251318395137787,1.8250049352645874
1710533975109648587,-9.394464492797852,0.6873705983161926,1.9375708103179932
1710533975145343072,-9.372908592224121,0.3053649961948395,1.9339783191680908
1710533975157973524,-9.384883880615234,0.2981799244880676,1.846560001373291
1710533975193734208,-9.439969062805176,0.23231689631938934,1.7292040586471558
1710533975237774266,-9.285490989685059,0.1293310523033142,2.076481819152832
1710533975280024125,-9.486672401428223,-0.013172607868909836,1.6154407262802124
1710533975298845173,-9.411229133605957,-0.24069947004318237,1.7076488733291626
1710533975420765398,-9.310638427734375,0.3400927782058716,2.033371686935425
1710533975424946619,-9.457932472229004,0.0011975098168477416,1.6645386219024658
1710533975487968502,-9.44595718383789,0.09819579869508743,1.7292040586471558
1710533975582809119,-9.35494613647461,0.7616162300109863,2.0824694633483887
1710533975639494093,-9.399253845214844,0.27303221821784973,1.8489550352096558
1710533975857890672,-9.320218086242676,0.6215075850486755,2.0094213485717773
1710533975919236388,-9.30345344543457,0.1939965784549713,1.955533504486084
1710533976076898581,-9.401649475097656,0.6131250262260437,1.9184106588363647
1710533976095438009,-9.449549674987793,0.11855346709489822,1.7256115674972534
1710533976156764949,-9.387279510498047,0.13052856922149658,1.850152611732483
1710533976174034826,-9.393266677856445,0.17363891005516052,1.9232007265090942
1710533976226356577,-9.382489204406738,0.4730163514614105,1.8968554735183716
1710533976250509531,-9.411229133605957,0.3903881907463074,1.8381774425506592
1710533976261640634,-9.404044151306152,0.5053490996360779,1.8992505073547363
1710533976303975985,-9.572893142700195,0.6861730813980103,1.4944921731948853
1710533976314341509,-9.232800483703613,0.0,2.184257745742798
1710533976349989269,-9.316625595092773,0.9364526271820068,2.0704944133758545
1710533976373308421,-9.463919639587402,0.05388794094324112,1.832189917564392
1710533976388125075,-9.3309965133667,0.5436694622039795,1.969903588294983
1710533976434373446,-9.419611930847168,0.7999365329742432,1.9806811809539795
1710533976510095804,-9.427994728088379,0.5077441334724426,1.8693127632141113
1710533976522765789,-9.443561553955078,0.2347119152545929,1.73638916015625
1710533976539733579,-9.451944351196289,-0.05748046934604645,1.7471667528152466
1710533976581755265,-9.419611930847168,0.22752685844898224,1.8226099014282227
1710533976602796138,-9.388476371765137,0.4083508253097534,1.895658016204834
1710533976642751340,-9.431587219238281,0.11256591975688934,1.816622257232666
1710533976653040568,-9.329798698425293,0.6191125512123108,2.1112096309661865
1710533976813212359,-9.394464492797852,0.5185217261314392,1.9351757764816284
1710533976870006286,-9.275910377502441,0.025147704407572746,2.1423449516296387
1710533976939826736,-9.427994728088379,1.203497290611267,2.0034339427948
1710533976950195319,-9.59444808959961,0.4646337926387787,1.0801538228988647
1710533977009207810,-10.130932807922363,-1.1364368200302124,1.8285974264144897
1710533977050698193,-9.374106407165527,-0.1939965784549713,1.5747253894805908
1710533977066079421,-9.360934257507324,0.6514453291893005,1.925595760345459
1710533977094064275,-9.586065292358398,0.44667112827301025,1.6130456924438477
1710533977154234185,-9.4699068069458,0.24189697206020355,1.7028589248657227
1710533977196824693,-9.468709945678711,0.7544311285018921,1.7112414836883545
1710533977200530968,-9.451944351196289,0.40236327052116394,1.892065405845642
1710533977240225161,-9.499844551086426,0.5963598489761353,1.6741186380386353
1710533977248659846,-9.388476371765137,0.17244140803813934,1.9711010456085205
1710533977282519204,-9.38608169555664,0.41912841796875,1.9351757764816284
1710533977322241596,-9.344168663024902,0.003592529334127903,1.9878661632537842
1710533977337185332,-9.344168663024902,0.003592529334127903,1.9878661632537842
1710533977464894134,-9.481882095336914,0.22632934153079987,1.6549584865570068
1710533977469074562,-9.249565124511719,0.29937744140625,2.2788610458374023
1710533977614319357,-9.328600883483887,0.6119275093078613,2.0405566692352295
1710533977639507186,-9.419611930847168,0.19040405750274658,1.8190172910690308
1710533977660228634,-9.438772201538086,0.11376342922449112,1.7842895984649658
1710533977750906177,-9.40045166015625,0.3640429675579071,1.8896703720092773
1710533977855806221,-9.378896713256836,0.25267454981803894,1.9267932176589966
1710533977902014391,-9.41482162475586,0.33769774436950684,1.8477575778961182
1710533977906206167,-9.393266677856445,0.4502636790275574,1.922003149986267
1710533977921021715,-9.560917854309082,0.718505859375,1.5459851026535034
1710533977935650270,-9.236392974853516,-0.3879931569099426,2.197430372238159
1710533977952561804,-9.319021224975586,0.5939648151397705,2.166295051574707
1710533978026249774,-9.374106407165527,0.7220984101295471,2.117197275161743
1710533978091572662,-9.455536842346191,-0.007185058668255806,1.7435742616653442
1710533978139811747,-9.399253845214844,0.14729370176792145,1.8824853897094727
1710533978141829826,-9.328600883483887,0.5472619533538818,2.106419563293457
1710533978190122142,-9.322613716125488,0.5544469952583313,2.0489392280578613
1710533978219530914,-9.369316101074219,0.640667736530304,2.09564208984375
1710533978249218196,-9.383686065673828,0.18681152164936066,1.9148181676864624
1710533978263626673,-9.442364692687988,0.09220825135707855,1.8848804235458374
1710533978292945749,-9.344168663024902,0.6155200004577637,2.09564208984375
1710533978354056643,-9.401649475097656,0.29219236969947815,1.9028429985046387
1710533978387314335,-9.39087200164795,0.47062134742736816,1.9794836044311523
1710533978406243554,-9.38608169555664,0.40595582127571106,1.9495458602905273
1710533978431590072,-9.37769889831543,0.21794678270816803,1.955533504486084
1710533978458601720,-9.532177925109863,0.7520361542701721,1.632205843925476
1710533978484202514,-9.2304048538208,0.09340576082468033,2.272873640060425
1710533978500692638,-9.222023010253906,-0.4143383800983429,2.2225780487060547
1710533978507077690,-9.356143951416016,0.5616320967674255,2.214195489883423
1710533978544923092,-9.399253845214844,0.7125183343887329,1.9124231338500977
1710533978559723362,-9.370513916015625,0.019160157069563866,1.900447964668274
1710533978587580835,-9.352551460266113,0.7280859351158142,2.175875186920166
1710533978605701902,-9.291478157043457,0.7508386373519897,2.1399500370025635
1710533978651217835,-9.393266677856445,0.46583130955696106,1.9531384706497192
1710533978691777206,-9.315428733825684,0.6945556402206421,2.214195489883423
1710533978775790343,-9.348958969116211,0.22273682057857513,1.9974462985992432
1710533978794857901,-9.389674186706543,0.209564208984375,1.9567309617996216
1710533978811387434,-9.461524963378906,0.09699828922748566,1.7543518543243408
1710533978838730650,-9.405241966247559,0.18800903856754303,1.8633252382278442
1710533978899405902,-9.395661354064941,0.11136841028928757,1.892065405845642
1710533978916328186,-9.39087200164795,0.48618897795677185,1.9651135206222534
1710533978960525227,-9.378896713256836,0.4634362757205963,1.9675085544586182
1710533979021244843,-9.36332893371582,0.1951940953731537,1.9411633014678955
1710533979054872938,-9.089098930358887,-0.07424560189247131,2.4022045135498047
1710533979078322805,-9.527387619018555,0.2143542468547821,1.7040563821792603
1710533979099206521,-9.348958969116211,0.12094848603010178,1.8788927793502808
1710533979140978959,-9.274713516235352,0.6191125512123108,2.0704944133758545
1710533979216833715,-9.335785865783691,0.730480968952179,2.0788769721984863
1710533979254559383,-9.439969062805176,0.20716919004917145,1.775907039642334
1710533979258829590,-9.439969062805176,0.10059081763029099,1.8214123249053955
1710533979286276925,-9.333391189575195,0.3101550340652466,2.0285816192626953
1710533979303124244,-9.342970848083496,0.6909631490707397,2.105222225189209
1710533979336657152,-9.3501558303833,0.1951940953731537,1.9806811809539795
1710533979351889425,-9.42320442199707,0.14849120378494263,1.8046472072601318
1710533979391639029,-9.351353645324707,0.45625123381614685,2.014211416244507
1710533979395431619,-9.342970848083496,0.5101391673088074,2.0692968368530273
1710533979431384953,-9.38608169555664,0.2646496593952179,1.922003149986267
1710533979441696521,-9.388476371765137,0.10059081763029099,1.9076330661773682
1710533979479228491,-9.3501558303833,0.28261229395866394,2.0130138397216797
1710533979544948425,-9.36332893371582,0.42751097679138184,2.023791551589966
1710533979584668353,-9.256750106811523,-0.011975097469985485,2.2309606075286865
1710533979605678766,-9.13819694519043,-0.11735595762729645,2.3614892959594727
1710533979664119070,-9.430389404296875,0.06586303561925888,1.7854870557785034
1710533979675359246,-9.344168663024902,0.7089257836341858,2.2010228633880615
1710533979720874431,-9.313033103942871,0.6274951100349426,2.1100122928619385
1710533979752564675,-9.335785865783691,0.7628137469291687,2.177072763442993
1710533979800645384,-9.42320442199707,0.20357665419578552,1.820214867591858
1710533979815570897,-9.433981895446777,-0.13172607123851776,1.7675243616104126
1710533979840744377,-9.356143951416016,0.40715330839157104,2.0106189250946045
1710533979867859700,-9.374106407165527,0.32572266459465027,2.0022363662719727
1710533979884803278,-9.346563339233398,0.2299218773841858,2.0393590927124023
1710533979920582083,-9.4507474899292,0.028740234673023224,1.7747094631195068
1710533979954356800,-9.375304222106934,0.35206785798072815,1.9794836044311523
1710533979973183176,-9.380093574523926,0.20597167313098907,1.960323452949524
1710533980075908401,-9.39087200164795,0.2945874035358429,1.9531384706497192
1710533980086577211,-9.378896713256836,0.41912841796875,1.9866687059402466
1710533980095114012,-9.563312530517578,0.7460485696792603,1.5783178806304932
1710533980191898340,-9.533374786376953,0.2933898866176605,1.742376685142517
1710533980198173931,-9.23519515991211,-0.24309448897838593,1.999841332435608
1710533980206612815,-9.341773986816406,0.02634521573781967,1.841770052909851
1710533980212876781,-9.388476371765137,0.5592370629310608,1.9770885705947876
1710533980214947501,-9.286687850952148,0.5484594702720642,2.184257745742798
1710533980233945807,-9.438772201538086,0.5065466165542603,1.9938538074493408
1710533980273730190,-9.374106407165527,0.15687377750873566,1.862127661705017
1710533980303278758,-9.416019439697266,-0.20237915217876434,1.832189917564392
1710533980322289114,-9.359736442565918,0.2706372141838074,2.0489392280578613
1710533980353825157,-9.359736442565918,0.2706372141838074,2.0489392280578613
1710533980429622126,-9.336983680725098,0.3137475550174713,2.0525317192077637
1710533980444370885,-9.336983680725098,0.3137475550174713,2.0525317192077637
1710533980463117398,-9.381291389465332,0.09580077975988388,1.9651135206222534
1710533980526395491,-9.395661354064941,0.05987548828125,1.945953369140625
1710533980536946298,-9.381291389465332,0.1844165027141571,1.945953369140625
1710533980568624117,-9.376501083374023,0.47181883454322815,2.0106189250946045
1710533980604290221,-9.413623809814453,0.40595582127571106,1.966310977935791
1710533980625216016,-9.368119239807129,0.209564208984375,1.9938538074493408
1710533980671320556,-9.533374786376953,0.4802014231681824,1.7148339748382568
1710533980864828423,-9.406438827514648,-0.11615844815969467,1.8908679485321045
1710533980886019441,-9.393266677856445,-0.016765136271715164,1.8848804235458374
1710533981005923757,-9.371711730957031,0.7532336711883545,2.094444513320923
1710533981121324970,-9.368119239807129,0.39158570766448975,2.0130138397216797
1710533981182467916,-9.365723609924316,0.18681152164936066,1.9639160633087158
1710533981270693848,-9.383686065673828,0.26704466342926025,1.9627184867858887
1710533981409782256,-9.304651260375977,0.5005590915679932,2.154320001602173
1710533981470736446,-9.401649475097656,-0.004790039267390966,1.8753002882003784
1710533981531890477,-9.335785865783691,0.4885839819908142,2.098037004470825
1710533981569721678,-9.321415901184082,0.37721556425094604,2.1004321575164795
1710533981729829716,-9.315428733825684,0.5113366842269897,2.186652898788452
1710533981939331868,-9.122629165649414,-0.5556445121765137,2.463277578353882
1710533982239951689,-9.305848121643066,0.45744872093200684,2.212998151779175
1710533982498649031,-9.245972633361816,0.3796105980873108,2.286046028137207
1710533982582805790,-9.417217254638672,0.16166381537914276,1.9028429985046387
1710533982620719619,-9.341773986816406,0.7987390160560608,2.1794676780700684
1710533982639488439,-9.396859169006348,0.10178832709789276,1.9184106588363647
1710533982740160735,-9.334589004516602,0.4239184558391571,2.115999698638916
1710533982778244261,-9.356143951416016,0.20597167313098907,2.046544075012207
1710533982876972810,-9.368119239807129,0.29219236969947815,2.027384042739868
1710533982881181583,-9.553732872009277,0.9783654808998108,1.8729052543640137
1710533982944184939,-9.277108192443848,-0.5819897651672363,2.114802360534668
1710533983063982381,-9.466314315795898,0.6562353372573853,1.9423608779907227
1710533983102042020,-9.23519515991211,0.6598278880119324,2.36747670173645
1710533983194239400,-9.3309965133667,0.8370593190193176,2.196232795715332
1710533983232130007,-9.333391189575195,0.35566040873527527,2.1124072074890137
1710533983324835165,-9.407636642456055,0.10657837241888046,1.9339783191680908
1710533983352066517,-9.370513916015625,0.1939965784549713,2.0297789573669434
1710533983608262446,-9.242380142211914,0.6993457078933716,2.404599666595459
1710533983671207636,-9.416019439697266,-0.1293310523033142,1.9387682676315308
1710533983692443191,-9.347761154174805,0.1544787585735321,2.107617139816284
1710533983728852703,-9.427994728088379,0.1951940953731537,1.8836828470230103
1710533983745215767,-9.442364692687988,0.002395019633695483,1.8429675102233887
1710533983843993850,-9.384883880615234,0.3197351098060608,2.0130138397216797
1710533983944539936,-9.39087200164795,0.23111937940120697,2.0094213485717773
1710533984001501500,-9.389674186706543,1.033450961112976,2.1291723251342773
1710533984005656533,-9.256750106811523,-0.4346960484981537,2.0728893280029297
1710533984058218594,-9.41482162475586,0.32213011384010315,1.9639160633087158
1710533984167516681,-9.286687850952148,0.6227051019668579,2.21539306640625
1710533984246329360,-9.333391189575195,0.14130614697933197,2.0920495986938477
1710533984280828617,-9.436376571655273,0.03353027254343033,1.870510220527649
1710533984309124869,-9.383686065673828,0.1951940953731537,2.0213963985443115
1710533984327137503,-9.368119239807129,0.16286133229732513,2.056124210357666
1710533984350356492,-9.346563339233398,0.2945874035358429,2.145937442779541
1710533984373723214,-9.368119239807129,0.30776000022888184,2.0429515838623047
1710533984442537630,-9.375304222106934,0.3388952612876892,2.104024648666382
1710533984463547318,-9.564510345458984,0.6023474335670471,1.7256115674972534
1710533984480426206,-9.566905975341797,0.4143383800983429,1.686093807220459
1710533984539414508,-9.29507064819336,0.6526428461074829,2.3578968048095703
1710533984560477404,-9.249565124511719,-0.40236327052116394,2.106419563293457
1710533984577326222,-9.457932472229004,0.5352868437767029,2.1399500370025635
1710533984608911552,-9.261540412902832,0.5963598489761353,2.2118005752563477
1710533984647156509,-9.357341766357422,-0.13292358815670013,2.007026433944702
1710533984667715164,-9.368119239807129,-0.02395019493997097,1.9830762147903442
1710533984699067540,-9.309440612792969,0.6658154129981995,2.227368116378784
1710533984753937850,-9.321415901184082,0.3939807116985321,2.147135019302368
1710533984787686279,-9.346563339233398,0.15807129442691803,2.104024648666382
1710533984871619169,-9.35494613647461,0.3185375928878784,2.113604784011841
1710533984890686782,-9.396859169006348,0.06586303561925888,1.9722986221313477
1710533984909493656,-9.353748321533203,0.16166381537914276,2.054926872253418
1710533984938916358,-9.342970848083496,0.4179309010505676,2.1303699016571045
1710533984962079733,-9.351353645324707,0.20357665419578552,2.0920495986938477
1710533984985174433,-9.366921424865723,0.3041674792766571,2.0513341426849365
1710533985006142210,-9.501042366027832,0.676593005657196,1.8369799852371216
1710533985083858622,-9.236392974853516,-0.5748046636581421,2.2285656929016113
1710533985111280152,-9.477092742919922,0.11017090082168579,1.7292040586471558
1710533985138327559,-9.202862739562988,0.30656251311302185,2.354304313659668
1710533985168057126,-9.429191589355469,0.23111937940120697,1.9830762147903442
1710533985203623803,-9.359736442565918,-0.21195922791957855,1.9806811809539795
1710533985268514743,-9.285490989685059,0.2586621046066284,2.2201831340789795
1710533985272833200,-9.412426948547363,0.1700463891029358,1.9495458602905273
1710533985289485653,-9.439969062805176,-0.16046631336212158,1.8992505073547363
1710533985415741556,-9.352551460266113,0.5328918695449829,2.136357307434082
1710533985453140160,-9.356143951416016,0.13052856922149658,2.1698877811431885
1710533985501669501,-9.378896713256836,0.10777588188648224,2.033371686935425
1710533985545794933,-9.340576171875,0.3544628918170929,2.1627025604248047
1710533985587798370,-9.517807960510254,0.20597167313098907,1.6980688571929932
1710533985615037637,-9.489067077636719,0.8143066167831421,2.034569025039673
1710533985644427619,-9.348958969116211,-0.41673338413238525,2.004631280899048
1710533985667555537,-9.429191589355469,0.269439697265625,1.9938538074493408
1710533985724162869,-9.265132904052734,0.46104127168655396,2.195035457611084
1710533985768425332,-9.384883880615234,0.021555176004767418,2.0489392280578613
1710533985779016692,-9.297466278076172,0.5400769114494324,2.2597010135650635
1710533985844316381,-9.392068862915039,-0.07783813774585724,1.9435583353042603
1710533985858749606,-9.359736442565918,-0.12693603336811066,2.033371686935425
1710533985886405977,-9.31782341003418,0.35685789585113525,2.167492628097534
1710533985966323296,-9.383686065673828,0.1939965784549713,2.0489392280578613
1710533986062401156,-9.371711730957031,0.17842894792556763,2.0884571075439453
1710533986083779684,-9.357341766357422,0.24069947004318237,2.0908520221710205
1710533986115096253,-9.56570816040039,0.2143542468547821,1.706451416015625
1710533986155054185,-9.077123641967773,-0.18561401963233948,2.5075855255126953
1710533986228617405,-9.453142166137695,0.16286133229732513,1.895658016204834
1710533986251615834,-9.351353645324707,0.46702879667282104,2.1231849193573
1710533986278761784,-9.35494613647461,-0.06706054508686066,2.0513341426849365
1710533986348372087,-9.293872833251953,0.4143383800983429,2.2393431663513184
1710533986364930853,-9.341773986816406,0.23231689631938934,2.1327648162841797
1710533986373213898,-9.412426948547363,-0.1544787585735321,1.9028429985046387
1710533986409203332,-9.313033103942871,0.4095483422279358,2.226170539855957
1710533986507940137,-9.344168663024902,0.29937744140625,2.1986279487609863
1710533986579443250,-9.29028034210205,0.3784130811691284,2.2692809104919434
1710533986583745262,-9.376501083374023,0.09699828922748566,2.0716919898986816
1710533986596266054,-9.346563339233398,0.17603392899036407,2.135159969329834
1710533986610987951,-9.371711730957031,0.2239343225955963,2.0788769721984863
1710533986661182894,-9.368119239807129,0.2838098108768463,2.1183948516845703
1710533986693071461,-9.287885665893555,0.6801855564117432,2.414179801940918
1710533986724752012,-9.396859169006348,0.9484277367591858,2.177072763442993
1710533986731047322,-9.383686065673828,0.7532336711883545,2.2082080841064453
1710533986751907965,-9.249565124511719,-0.2502795457839966,2.2189855575561523
1710533986777110467,-9.335785865783691,0.5125342011451721,2.2812561988830566
1710533986831855879,-9.30345344543457,0.2790197730064392,2.1183948516845703
1710533986838120567,-9.372908592224121,0.10178832709789276,2.0321741104125977
1710533986865247735,-9.274713516235352,0.5604345798492432,2.3722667694091797
1710533986918287769,-9.411229133605957,0.10657837241888046,2.00822377204895
1710533986947465366,-9.451944351196289,0.1245410144329071,1.922003149986267
1710533986958199303,-9.196874618530273,0.8442443609237671,2.6884093284606934
1710533987008721691,-9.50583267211914,0.07424560189247131,1.6202306747436523
1710533987021189395,-9.564510345458984,-0.8777746558189392,1.6046631336212158
1710533987025473694,-9.387279510498047,0.0646655261516571,2.0992345809936523
1710533987033704576,-9.116641998291016,1.302890658378601,2.6488916873931885
1710533987060953884,-9.249565124511719,0.7819738984107971,2.2824535369873047
1710533987100836479,-9.613608360290527,-0.8514294624328613,1.4441968202590942
1710533987212498140,-9.347761154174805,0.28740233182907104,2.024989128112793
1710533987290291478,-9.27112102508545,-0.36164796352386475,2.4980053901672363
1710533987298614955,-9.157357215881348,-1.43701171875,2.2405407428741455
1710533987351164377,-9.222023010253906,0.3005749583244324,2.406994581222534
1710533987470608263,-9.29028034210205,0.06945556402206421,2.204615592956543
1710533987496078583,-9.358538627624512,0.31614258885383606,2.136357307434082
1710533987518816899,-9.310638427734375,0.043110352009534836,2.245330810546875
1710533987558796479,-9.478289604187012,0.4430786073207855,1.880090355873108
1710533987579900074,-9.420809745788574,0.42272093892097473,2.314786434173584
1710533987672365085,-9.323810577392578,0.24069947004318237,2.1818628311157227
1710533987712334562,-9.387279510498047,-0.17124389111995697,1.999841332435608
1710533987766836326,-9.413623809814453,0.449066162109375,2.0609142780303955
1710533987771116880,-9.544153213500977,0.2885998487472534,1.7471667528152466
1710533987813311746,-9.398056983947754,0.7244933843612671,2.144740104675293
1710533987916424123,-9.362131118774414,0.2706372141838074,2.1183948516845703
1710533987943900179,-9.309440612792969,0.016765136271715164,2.193837881088257
1710533987967102995,-9.37769889831543,0.4598437547683716,2.136357307434082
1710533987990299898,-9.376501083374023,0.05269043147563934,2.0788769721984863
1710533988027917377,-9.314230918884277,0.0646655261516571,2.1998255252838135
1710533988084793457,-9.351353645324707,0.269439697265625,2.1710851192474365
1710533988131248593,-9.347761154174805,0.27782225608825684,2.155517578125
1710533988173648922,-9.366921424865723,0.3137475550174713,2.124382257461548
1710533988192047706,-9.3501558303833,0.24309448897838593,2.1507275104522705
1710533988194223440,-9.357341766357422,0.16645385324954987,2.186652898788452
1710533988204671003,-9.35494613647461,0.28740233182907104,2.133962392807007
1710533988252577064,-9.345366477966309,0.34608033299446106,2.1818628311157227
1710533988425111343,-9.439969062805176,0.33171021938323975,2.0585193634033203
1710533988437812386,-9.322613716125488,-0.20597167313098907,2.317181348800659
1710533988462834175,-9.236392974853516,-0.20597167313098907,2.126777410507202
1710533988545008238,-9.348958969116211,-0.04191284254193306,2.165097713470459
1710533988583088232,-9.389674186706543,0.1999841332435608,2.166295051574707
1710533988696037921,-9.40045166015625,0.058677978813648224,2.137554883956909
1710533988700234958,-9.315428733825684,0.149688720703125,2.195035457611084
1710533988717146691,-9.369316101074219,0.37721556425094604,2.1794676780700684
1710533988725560617,-9.357341766357422,0.3353027403354645,2.133962392807007
1710533988763420863,-9.353748321533203,-0.01796264573931694,2.1195921897888184
1710533988813897767,-9.352551460266113,-0.016765136271715164,2.104024648666382
1710533988818074368,-9.307045936584473,0.089813232421875,2.224973201751709
1710533988862064327,-9.336983680725098,0.1293310523033142,2.1782703399658203
1710533988883148872,-9.074728965759277,0.18681152164936066,2.626138925552368
1710533988891555678,-9.109457015991211,-0.6310876607894897,2.3686742782592773
1710533988908581129,-9.696236610412598,-0.05628295987844467,1.720821499824524
1710533988935614163,-9.299860954284668,-0.10298583656549454,1.846560001373291
1710533988944229909,-9.426796913146973,-0.025147704407572746,1.9567309617996216
1710533988992630142,-9.384883880615234,0.4394860863685608,2.2597010135650635
1710533989005425097,-9.466314315795898,-0.17723144590854645,1.7112414836883545
1710533989036947393,-9.328600883483887,0.27303221821784973,2.054926872253418
1710533989051344136,-9.291478157043457,0.5939648151397705,2.21539306640625
1710533989072741881,-9.498647689819336,0.1892065405845642,1.6717236042022705
1710533989123103933,-9.356143951416016,-0.1353186070919037,1.9040405750274658
1710533989139970056,-9.314230918884277,0.3436852991580963,1.9782861471176147
1710533989160977004,-9.38608169555664,0.3245251476764679,1.751956820487976
1710533989171594510,-9.502240180969238,0.28261229395866394,1.631008267402649
1710533989244882537,-9.25794792175293,0.4179309010505676,2.0405566692352295
1710533989274355462,-9.435179710388184,0.41912841796875,1.8585351705551147
1710533989337590248,-9.491462707519531,0.22752685844898224,1.431024193763733
1710533989339695177,-9.436376571655273,0.8490344285964966,1.7016613483428955
1710533989362602436,-9.438772201538086,0.6274951100349426,1.7495617866516113
1710533989400681898,-9.548942565917969,0.5771996974945068,1.7399816513061523
1710533989423877550,-9.471104621887207,0.36763548851013184,1.442999243736267
1710533989432296260,-9.351353645324707,0.1844165027141571,1.775907039642334
1710533989447206737,-9.381291389465332,0.5532495379447937,1.6980688571929932
1710533989459156542,-9.356143951416016,0.5843847393989563,1.8776953220367432
1710533989484513831,-9.521400451660156,0.6274951100349426,1.517244815826416
1710533989497234154,-9.545350074768066,0.2538720667362213,1.277742862701416
1710533989522476692,-9.59444808959961,0.5041515827178955,1.1160790920257568
1710533989530887743,-9.425599098205566,0.5843847393989563,1.610650658607483
1710533989564527326,-9.41003131866455,0.44547364115715027,1.512454867362976
1710533989587484836,-9.502240180969238,0.5927673578262329,1.2358300685882568
1710533989625465948,-9.374106407165527,0.6071374416351318,1.6980688571929932
1710533989656932624,-9.52978229522705,0.5640270709991455,1.1460168361663818
1710533989707754069,-9.395661354064941,1.301693081855774,1.61663818359375
1710533989733082837,-9.604028701782227,0.14609618484973907,0.7113208174705505
1710533989747770488,-9.708211898803711,0.5520520210266113,1.0011181831359863
1710533989777213020,-9.667496681213379,1.4034814834594727,0.9089099168777466
1710533989800271822,-9.5704984664917,-0.10897339135408401,1.4418017864227295
1710533989804751030,-9.213640213012695,-0.19878661632537842,1.7555493116378784
1710533989844318588,-9.426796913146973,0.21674926578998566,1.386716365814209
1710533989880083912,-9.334589004516602,0.6861730813980103,1.4705419540405273
1710533989905779993,-9.457932472229004,1.0813512802124023,1.3663586378097534
1710533989939284996,-9.659113883972168,1.098116397857666,0.7592211961746216
1710533989958048154,-9.631570816040039,1.0562036037445068,0.33171021938323975
1710533989981117538,-9.436376571655273,0.12813355028629303,1.3891112804412842
1710533990008488979,-9.566905975341797,1.2358300685882568,1.2502001523971558
1710533990113459807,-9.6998291015625,0.29219236969947815,0.6059399247169495
1710533990206071992,-9.538165092468262,0.6442602276802063,1.2490026950836182
1710533990235558547,-9.322613716125488,0.940045177936554,1.5376025438308716
1710533990241695971,-9.547745704650879,0.7424560785293579,1.1352392435073853
1710533990250080937,-9.515412330627441,0.7149133086204529,0.928070068359375
1710533990271180071,-9.310638427734375,0.8071215748786926,1.3579760789871216
1710533990290364513,-9.511819839477539,0.5173242092132568,1.2609777450561523
1710533990296867579,-9.513017654418945,0.6945556402206421,1.0861413478851318
1710533990311490975,-9.466314315795898,0.7412585616111755,1.3519885540008545
1710533990332562090,-9.448351860046387,0.5831872820854187,1.0442285537719727
1710533990338917128,-9.44595718383789,0.766406238079071,1.277742862701416
1710533990353623770,-9.4603271484375,0.6358776688575745,1.0897338390350342
1710533990368337694,-9.492659568786621,0.6945556402206421,1.0430309772491455
1710533990387087528,-9.380093574523926,0.8298742771148682,1.5675402879714966
1710533990420488051,-9.478289604187012,0.7424560785293579,1.152004361152649
1710533990467472522,-9.491462707519531,0.5640270709991455,1.0406359434127808
1710533990519559395,-9.475894927978516,0.5041515827178955,1.1951147317886353
1710533990561695619,-9.439969062805176,0.9136999249458313,1.2310400009155273
1710533990584579028,-9.481882095336914,0.706530749797821,1.1196715831756592
1710533990616553488,-9.515412330627441,0.8574169874191284,1.191522240638733
1710533990651847230,-9.429191589355469,0.47062134742736816,1.1304491758346558
1710533990662414456,-9.436376571655273,0.5903723239898682,1.2681628465652466
1710533990696253988,-9.514215469360352,0.65863037109375,1.161584496498108
1710533990698163404,-9.514215469360352,0.65863037109375,1.161584496498108
1710533990733956040,-9.444759368896484,0.8310717940330505,1.2310400009155273
1710533990771667283,-9.472302436828613,0.8825647234916687,1.1927196979522705
1710533990782027000,-9.471104621887207,0.7951464653015137,1.1723620891571045
1710533990813496977,-9.47469711303711,0.8598120212554932,1.1388317346572876
1710533990824029429,-9.473499298095703,0.6203100681304932,1.1591894626617432
1710533990840792103,-9.411229133605957,0.6334826946258545,1.263372778892517
1710533990863730225,-9.457932472229004,0.6945556402206421,1.2106823921203613
1710533990925235765,-9.436376571655273,0.6933581829071045,1.2537927627563477
1710533990952608315,-9.463919639587402,0.7089257836341858,1.227447509765625
1710533990957032059,-9.459129333496094,0.7652087211608887,1.157991886138916
1710533990990556003,-9.455536842346191,0.6861730813980103,1.167572021484375
1710533991036484472,-9.43757438659668,0.65863037109375,1.2358300685882568
1710533991084895193,-9.444759368896484,0.6370751857757568,1.211879849433899
1710533991122977737,-9.463919639587402,0.7448510527610779,1.211879849433899
1710533991150328803,-9.456734657287598,0.7125183343887329,1.2238550186157227
1710533991194335583,-9.475894927978516,0.7328760027885437,1.1759545803070068
1710533991209064424,-9.4699068069458,0.688568115234375,1.1855347156524658
1710533991217225344,-9.501042366027832,0.6610254049301147,1.1268566846847534
1710533991236226968,-9.463919639587402,0.5879772901535034,1.2382251024246216
1710533991252032243,-9.465117454528809,0.5975573658943176,1.147214412689209
1710533991269893009,-9.441166877746582,0.7735912799835205,1.272952914237976
1710533991374922595,-9.41482162475586,0.6670129299163818,1.2525951862335205
