bag_timestamp_ns,accel0_x,accel0_y,accel0_z
1710532563663874688,-9.187294960021973,-1.053808569908142,-2.5602757930755615
1710532563702093105,-9.129814147949219,-1.0071057081222534,-2.5147705078125
1710532563738053048,-9.195677757263184,-1.0095007419586182,-2.503993034362793
1710532563746167296,-9.165740013122559,-1.0071057081222534,-2.5183629989624023
1710532563769300957,-9.147777557373047,-1.003513216972351,-2.532733201980591
1710532563790593199,-9.154962539672852,-1.0190807580947876,-2.515968084335327
1710532563843031591,-9.154962539672852,-1.0442285537719727,-2.526745557785034
1710532563865942903,-9.163344383239746,-1.0358459949493408,-2.555485725402832
1710532563895769144,-9.140591621398926,-1.0298583507537842,-2.553090810775757
1710532563903913695,-9.153764724731445,-1.0250684022903442,-2.5375232696533203
1710532563925190538,-9.16094970703125,-0.9987231492996216,-2.5087828636169434
1710532563941711313,-9.154962539672852,-1.0142908096313477,-2.472857713699341
1710532563956502404,-9.133406639099121,-1.0370434522628784,-2.5399181842803955
1710532563994621834,-9.156159400939941,-1.041833519935608,-2.566263437271118
1710532564044706558,-9.162147521972656,-1.0585986375808716,-2.5087828636169434
1710532564061508024,-9.190887451171875,-0.9687854051589966,-2.5004003047943115
1710532564091065569,-9.16094970703125,-0.9651928544044495,-2.5399181842803955
1710532564097193018,-9.159751892089844,-0.9831554889678955,-2.5494983196258545
1710532564114174078,-9.168134689331055,-1.083746314048767,-2.5291407108306885
1710532564128847090,-9.15137004852295,-1.1328442096710205,-2.5087828636169434
1710532564174920931,-9.156159400939941,-1.0095007419586182,-2.573448419570923
1710532564210559688,-9.145381927490234,-0.969982922077179,-2.474055290222168
1710532564217105515,-9.145381927490234,-0.969982922077179,-2.474055290222168
1710532564248350981,-9.125024795532227,-1.0047106742858887,-2.4608826637268066
1710532564285985543,-9.193282127380371,-1.083746314048767,-2.593806266784668
1710532564322221621,-9.136999130249023,-1.0466235876083374,-2.5471031665802
1710532564338969577,-9.18370246887207,-1.0705736875534058,-2.4800426959991455
1710532564376719729,-9.174121856689453,-1.0059082508087158,-2.5111780166625977
1710532564383242995,-9.174121856689453,-1.0059082508087158,-2.5111780166625977
1710532564414261853,-9.127419471740723,-0.9532177448272705,-2.5411157608032227
1710532564487626444,-9.174121856689453,-0.9951305985450745,-2.583028554916382
1710532564495920533,-9.159751892089844,-0.9687854051589966,-2.555485725402832
1710532564555080023,-9.16094970703125,-1.01788330078125,-2.5015978813171387
1710532564578195952,-9.158555030822754,-1.0250684022903442,-2.566263437271118
1710532564624703437,-9.141789436340332,-1.0885363817214966,-2.513572931289673
1710532564637316715,-9.174121856689453,-1.1244616508483887,-2.5004003047943115
1710532564653979097,-9.163344383239746,-0.9711804389953613,-2.535128116607666
1710532564678746658,-9.156159400939941,-0.9867480397224426,-2.5195605754852295
1710532564706568456,-9.144184112548828,-1.0585986375808716,-2.5303380489349365
1710532564725796922,-9.166936874389648,-1.038240909576416,-2.5207581520080566
1710532564750895216,-9.182504653930664,-1.0741662979125977,-2.5411157608032227
1710532564767510431,-9.126221656799316,-1.0562036037445068,-2.5674610137939453
1710532564782330527,-9.17531967163086,-1.0645861625671387,-2.5902135372161865
1710532564803341334,-9.153764724731445,-1.0059082508087158,-2.48722767829895
1710532564820157361,-9.150172233581543,-1.0142908096313477,-2.433339834213257
1710532564830697254,-9.150172233581543,-1.0142908096313477,-2.433339834213257
1710532564835369742,-9.164542198181152,-0.9891430735588074,-2.416574716567993
1710532564847556853,-9.154962539672852,-0.9352551102638245,-2.457289934158325
1710532564908501377,-9.194479942321777,-1.008303165435791,-2.5985960960388184
1710532564916787098,-9.164542198181152,-1.0095007419586182,-2.5985960960388184
1710532564933626091,-9.180109977722168,-1.128054141998291,-2.584226131439209
1710532564935584815,-9.126221656799316,-1.117276668548584,-2.5147705078125
1710532564961094766,-9.182504653930664,-1.0370434522628784,-2.5219554901123047
1710532565007252579,-9.174121856689453,-0.9424402117729187,-2.496807813644409
1710532565059787843,-9.136999130249023,-1.0777587890625,-2.5303380489349365
1710532565076967263,-9.16094970703125,-1.0969189405441284,-2.5399181842803955
1710532565095463256,-9.16094970703125,-1.098116397857666,-2.5387206077575684
1710532565097532863,-9.152566909790039,-1.0909314155578613,-2.553090810775757
1710532565118683193,-9.152566909790039,-1.0526111125946045,-2.5590784549713135
1710532565156606066,-9.172924995422363,-0.975970447063446,-2.483635187149048
1710532565169042091,-9.157357215881348,-0.9903405904769897,-2.512375593185425
1710532565179335049,-9.172924995422363,-0.9663903713226318,-2.506387948989868
1710532565208914420,-9.132209777832031,-1.0406359434127808,-2.536325693130493
1710532565223670830,-9.165740013122559,-1.087338924407959,-2.505190372467041
1710532565261199468,-9.163344383239746,-1.13763427734375,-2.5279431343078613
1710532565290508485,-9.158555030822754,-1.033450961112976,-2.5506958961486816
1710532565305301138,-9.159751892089844,-0.9663903713226318,-2.484832763671875
1710532565329242025,-9.15137004852295,-0.9819580316543579,-2.45489501953125
1710532565357911762,-9.158555030822754,-1.0286608934402466,-2.573448419570923
1710532565372679455,-9.154962539672852,-1.0466235876083374,-2.5806336402893066
1710532565385247602,-9.16094970703125,-1.098116397857666,-2.556683301925659
1710532565387338529,-9.16094970703125,-1.098116397857666,-2.556683301925659
1710532565410631126,-9.168134689331055,-1.0729687213897705,-2.513572931289673
1710532565439963064,-9.171727180480957,-1.0226733684539795,-2.532733201980591
1710532565478190938,-9.180109977722168,-0.9532177448272705,-2.5015978813171387
1710532565508995820,-9.144184112548828,-1.0514135360717773,-2.4824378490448
1710532565515094646,-9.169332504272461,-1.0849438905715942,-2.5015978813171387
1710532565538564421,-9.182504653930664,-1.0753637552261353,-2.5219554901123047
1710532565565719437,-9.139394760131836,-1.033450961112976,-2.555485725402832
1710532565590800596,-9.186097145080566,-0.975970447063446,-2.515968084335327
1710532565695494828,-9.16094970703125,-1.0550061464309692,-2.5674610137939453
1710532565710131133,-9.162147521972656,-1.098116397857666,-2.5471031665802
1710532565750190220,-9.17531967163086,-1.0394384860992432,-2.476450204849243
1710532565779685224,-9.168134689331055,-1.027463436126709,-2.517165422439575
1710532565783961542,-9.200467109680176,-1.008303165435791,-2.517165422439575
1710532565798503859,-9.131011962890625,-0.9532177448272705,-2.5590784549713135
1710532565813479716,-9.163344383239746,-0.9448351860046387,-2.5147705078125
1710532565865266272,-9.125024795532227,-1.0957214832305908,-2.5279431343078613
1710532565929161993,-9.150172233581543,-0.9807605147361755,-2.5219554901123047
1710532565979296229,-9.129814147949219,-1.0106981992721558,-2.4824378490448
1710532565987814118,-9.166936874389648,-1.041833519935608,-2.48722767829895
1710532566008595732,-9.176517486572266,-1.087338924407959,-2.5674610137939453
1710532566016798663,-9.136999130249023,-1.0466235876083374,-2.566263437271118
1710532566054945946,-9.13819694519043,-1.1005114316940308,-2.5518932342529297
1710532566096832233,-9.200467109680176,-0.9819580316543579,-2.5015978813171387
1710532566113774649,-9.125024795532227,-0.9436376690864563,-2.5075855255126953
1710532566132679092,-9.172924995422363,-0.9604028463363647,-2.5471031665802
1710532566162339876,-9.147777557373047,-1.0095007419586182,-2.5147705078125
1710532566180960000,-9.171727180480957,-1.1160790920257568,-2.502795457839966
1710532566191279294,-9.147777557373047,-1.0801538228988647,-2.5411157608032227
1710532566229191891,-9.16094970703125,-1.0645861625671387,-2.575843572616577
1710532566279386676,-9.18370246887207,-0.9496252536773682,-2.4908204078674316
1710532566323776200,-9.148974418640137,-1.087338924407959,-2.554288387298584
1710532566416179741,-9.12382698059082,-1.0945239067077637,-2.4776477813720703
1710532566453841155,-9.159751892089844,-0.9268725514411926,-2.517165422439575
1710532566478814294,-9.133406639099121,-1.008303165435791,-2.483635187149048
1710532566535889115,-9.172924995422363,-1.01788330078125,-2.5914111137390137
1710532566552556768,-9.165740013122559,-0.969982922077179,-2.5985960960388184
1710532566602916228,-9.159751892089844,-0.9855505228042603,-2.5195605754852295
1710532566623865791,-9.144184112548828,-1.0358459949493408,-2.475252628326416
1710532566640765806,-9.190887451171875,-0.987945556640625,-2.5602757930755615
1710532566657572624,-9.196874618530273,-0.9604028463363647,-2.585423469543457
1710532566684900017,-9.165740013122559,-1.0071057081222534,-2.575843572616577
1710532566710260535,-9.127419471740723,-1.1005114316940308,-2.396217107772827
1710532566743825331,-9.139394760131836,-1.0166858434677124,-2.553090810775757
1710532566750130358,-9.145381927490234,-0.9639953374862671,-2.6189539432525635
1710532566760695283,-9.159751892089844,-0.9388476610183716,-2.663261651992798
1710532566775431726,-9.171727180480957,-1.008303165435791,-2.596201181411743
1710532566777430103,-9.140591621398926,-1.0526111125946045,-2.517165422439575
1710532566796436893,-9.165740013122559,-1.053808569908142,-2.445314884185791
1710532566836264312,-9.16094970703125,-0.9651928544044495,-2.544708251953125
1710532566857236023,-9.154962539672852,-0.9867480397224426,-2.6393115520477295
1710532566879959034,-9.152566909790039,-1.0741662979125977,-2.506387948989868
1710532566901156641,-9.152566909790039,-1.0741662979125977,-2.506387948989868
1710532566918005635,-9.122629165649414,-0.9831554889678955,-2.4596850872039795
1710532566970625190,-9.134604454040527,-1.027463436126709,-2.553090810775757
1710532566991614269,-9.17052936553955,-1.1148816347122192,-2.524350643157959
1710532567014572237,-9.105864524841309,-0.9975256323814392,-2.4692652225494385
1710532567016668868,-9.105864524841309,-0.9975256323814392,-2.4692652225494385
1710532567031520870,-9.187294960021973,-1.008303165435791,-2.5483007431030273
1710532567046319706,-9.163344383239746,-1.0346484184265137,-2.5710535049438477
1710532567069630004,-9.172924995422363,-1.0945239067077637,-2.4980053901672363
1710532567105054926,-9.166936874389648,-0.9951305985450745,-2.494412899017334
1710532567113614938,-9.162147521972656,-0.9711804389953613,-2.533930778503418
1710532567119950277,-9.145381927490234,-0.9735754132270813,-2.577040910720825
1710532567166183455,-9.150172233581543,-1.0657837390899658,-2.4716601371765137
1710532567269192959,-9.147777557373047,-1.083746314048767,-2.496807813644409
1710532567293183224,-9.163344383239746,-1.0011181831359863,-2.60697865486145
1710532567298445593,-9.172924995422363,-0.9675878882408142,-2.6417064666748047
1710532567307278536,-9.164542198181152,-0.9747729301452637,-2.642904043197632
1710532567317371974,-9.16094970703125,-0.9987231492996216,-2.595003604888916
1710532567338551826,-9.164542198181152,-1.0202783346176147,-2.536325693130493
1710532567376333991,-9.189689636230469,-0.9951305985450745,-2.556683301925659
1710532567399663576,-9.158555030822754,-1.0597960948944092,-2.5878186225891113
1710532567407958887,-9.166936874389648,-1.0741662979125977,-2.6117687225341797
1710532567428999615,-9.097481727600098,-1.032253384590149,-2.4908204078674316
1710532567452048367,-9.117839813232422,-1.0849438905715942,-2.464475154876709
1710532567476712274,-9.141789436340332,-0.9747729301452637,-2.4908204078674316
1710532567479042557,-9.077123641967773,-1.0106981992721558,-2.553090810775757
1710532567527639027,-9.205257415771484,-1.0693762302398682,-2.4680676460266113
1710532567571718154,-9.065149307250977,-0.9891430735588074,-2.512375593185425
1710532567577941637,-9.142987251281738,-1.0430309772491455,-2.5494983196258545
1710532567592576760,-9.2112455368042,-1.0645861625671387,-2.566263437271118
1710532567653355188,-9.099876403808594,-0.9711804389953613,-2.505190372467041
1710532567661638024,-9.218430519104004,-0.9448351860046387,-2.562670946121216
1710532567682590986,-9.159751892089844,-1.027463436126709,-2.554288387298584
1710532567714356322,-9.103468894958496,-1.062191128730774,-2.445314884185791
1710532567720588499,-9.098679542541504,-1.0729687213897705,-2.494412899017334
1710532567743590076,-9.2304048538208,-1.0202783346176147,-2.566263437271118
1710532567752146499,-9.145381927490234,-0.9424402117729187,-2.577040910720825
1710532567777379430,-9.237590789794922,-0.9675878882408142,-2.6021888256073
1710532567796424872,-9.114246368408203,-1.027463436126709,-2.466870069503784
1710532567817284380,-9.2208251953125,-1.1041040420532227,-2.397414445877075
1710532567886665187,-9.156159400939941,-1.038240909576416,-2.5794360637664795
1710532567890741403,-9.178912162780762,-1.0753637552261353,-2.515968084335327
1710532567909633473,-9.131011962890625,-1.0226733684539795,-2.463277578353882
1710532568021098010,-9.117839813232422,-1.1184741258621216,-2.586621046066284
1710532568109603849,-9.156159400939941,-1.0166858434677124,-2.512375593185425
1710532568120230251,-9.212442398071289,-1.0753637552261353,-2.536325693130493
1710532568141273631,-9.131011962890625,-1.0202783346176147,-2.5315356254577637
1710532568149567722,-9.084308624267578,-1.0454260110855103,-2.5291407108306885
1710532568164219058,-9.166936874389648,-1.093326449394226,-2.545905828475952
1710532568178998168,-8.899892807006836,-0.9831554889678955,-2.575843572616577
1710532568206300767,-9.168134689331055,-1.008303165435791,-2.5973987579345703
1710532568229658497,-9.129814147949219,-1.0825488567352295,-2.444117546081543
1710532568239815915,-9.222023010253906,-1.0394384860992432,-2.442919969558716
1710532568260795591,-9.164542198181152,-0.9807605147361755,-2.472857713699341
1710532568283870822,-9.213640213012695,-1.003513216972351,-2.584226131439209
1710532568298719418,-9.217232704162598,-0.9915381073951721,-2.566263437271118
1710532568328258941,-9.2112455368042,-1.0154882669448853,-2.6189539432525635
1710532568336562167,-9.122629165649414,-1.053808569908142,-2.4812402725219727
1710532568351333126,-9.178912162780762,-1.1208691596984863,-2.3722667694091797
1710532568372105572,-9.145381927490234,-1.083746314048767,-2.544708251953125
1710532568380612375,-9.165740013122559,-1.0059082508087158,-2.636916399002075
1710532568389125725,-9.174121856689453,-0.9711804389953613,-2.652484178543091
1710532568431114919,-9.174121856689453,-0.9711804389953613,-2.652484178543091
1710532568454068665,-9.119036674499512,-1.0226733684539795,-2.466870069503784
1710532568464460298,-9.181307792663574,-1.0130932331085205,-2.495610237121582
1710532568493853219,-9.148974418640137,-1.0945239067077637,-2.593806266784668
1710532568529805095,-9.132209777832031,-1.0861413478851318,-2.48722767829895
1710532568540307090,-9.189689636230469,-0.9795629978179932,-2.426154851913452
1710532568552819736,-9.109457015991211,-0.9604028463363647,-2.4596850872039795
1710532568575821256,-9.096283912658691,-1.0047106742858887,-2.536325693130493
1710532568590676280,-9.17531967163086,-1.0669811964035034,-2.5878186225891113
1710532568613849390,-9.214838027954102,-1.0909314155578613,-2.4824378490448
1710532568626385649,-9.214838027954102,-1.0909314155578613,-2.4824378490448
1710532568638991692,-9.107061386108398,-0.9604028463363647,-2.5015978813171387
1710532568657776509,-9.228010177612305,-1.1460168361663818,-2.5207581520080566
1710532568678132233,-9.228010177612305,-1.1460168361663818,-2.5207581520080566
1710532568686966507,-9.105864524841309,-1.0142908096313477,-2.5075855255126953
1710532568695335181,-9.16094970703125,-1.01788330078125,-2.5279431343078613
1710532568745925955,-9.231602668762207,-1.071771264076233,-2.532733201980591
1710532568771321384,-9.102272033691406,-1.0669811964035034,-2.496807813644409
1710532568834099495,-9.241183280944824,-0.9975256323814392,-2.532733201980591
1710532568855301035,-9.169332504272461,-1.0442285537719727,-2.5674610137939453
1710532568882211136,-9.225615501403809,-1.0298583507537842,-2.5219554901123047
1710532568899360427,-9.186097145080566,-1.0370434522628784,-2.452500104904175
1710532568937147412,-9.178912162780762,-0.999920666217804,-2.577040910720825
1710532568958232072,-9.139394760131836,-1.0657837390899658,-2.5195605754852295
1710532568966333525,-9.182504653930664,-1.057401180267334,-2.5075855255126953
1710532569004228251,-9.174121856689453,-1.0226733684539795,-2.444117546081543
1710532569065012595,-9.098679542541504,-0.9963281154632568,-2.5099804401397705
1710532569085811674,-9.184900283813477,-1.057401180267334,-2.503993034362793
1710532569094464316,-9.226812362670898,-1.0454260110855103,-2.463277578353882
1710532569102578837,-9.096283912658691,-0.9819580316543579,-2.466870069503784
1710532569117497363,-9.19807243347168,-1.0741662979125977,-2.5782384872436523
1710532569184691250,-9.125024795532227,-0.9340575933456421,-2.463277578353882
1710532569199210055,-9.140591621398926,-1.023870825767517,-2.524350643157959
1710532569228645624,-9.14657974243164,-1.0130932331085205,-2.506387948989868
1710532569257520782,-9.14657974243164,-1.0130932331085205,-2.506387948989868
1710532569301908249,-9.135802268981934,-1.0346484184265137,-2.573448419570923
1710532569308204334,-9.250762939453125,-1.053808569908142,-2.5590784549713135
1710532569333273171,-9.216034889221191,-1.0454260110855103,-2.5147705078125
1710532569352443250,-9.0914945602417,-1.0011181831359863,-2.5183629989624023
1710532569360862788,-9.132209777832031,-1.0250684022903442,-2.535128116607666
1710532569392562646,-9.12382698059082,-1.0346484184265137,-2.5806336402893066
1710532569415713986,-9.164542198181152,-1.0550061464309692,-2.583028554916382
1710532569438711015,-9.17531967163086,-1.063388705253601,-2.525547981262207
1710532569451157599,-9.152566909790039,-1.041833519935608,-2.415377140045166
1710532569474373482,-9.126221656799316,-0.9316626191139221,-2.573448419570923
1710532569490957141,-9.148974418640137,-0.9735754132270813,-2.57464599609375
1710532569514042198,-9.184900283813477,-1.0214757919311523,-2.562670946121216
1710532569522545851,-9.15137004852295,-1.0142908096313477,-2.4501049518585205
1710532569551938375,-9.196874618530273,-1.1591894626617432,-2.457289934158325
1710532569572906865,-9.224417686462402,-1.122066617012024,-2.635719060897827
1710532569602357139,-9.20645523071289,-0.9616003632545471,-2.5686583518981934
1710532569610842579,-9.089098930358887,-0.8993298411369324,-2.513572931289673
1710532569619349606,-9.162147521972656,-1.0789562463760376,-2.4584875106811523
1710532569648478389,-9.261540412902832,-1.0514135360717773,-2.3782544136047363
1710532569669349260,-9.04119873046875,-0.9388476610183716,-2.3794519901275635
1710532569679940823,-9.286687850952148,-1.0454260110855103,-2.6417064666748047
1710532569709442910,-9.150172233581543,-1.101709008216858,-2.585423469543457
1710532569745452759,-9.126221656799316,-0.987945556640625,-2.434537410736084
1710532569758291454,-9.120234489440918,-0.928070068359375,-2.4788451194763184
1710532569772844216,-9.120234489440918,-0.928070068359375,-2.4788451194763184
1710532569785413831,-9.140591621398926,-1.0166858434677124,-2.5674610137939453
1710532569798125511,-9.269923210144043,-1.0454260110855103,-2.5471031665802
1710532569810629248,-9.087902069091797,-0.9663903713226318,-2.515968084335327
1710532569829490651,-9.065149307250977,-1.0250684022903442,-2.5207581520080566
1710532569850412650,-9.292675971984863,-1.0813512802124023,-2.5483007431030273
1710532569905125972,-9.136999130249023,-1.0346484184265137,-2.5375232696533203
1710532569932433658,-9.218430519104004,-1.0106981992721558,-2.5219554901123047
1710532569955405788,-9.233997344970703,-0.9927356243133545,-2.532733201980591
1710532569961751738,-9.233997344970703,-0.9927356243133545,-2.532733201980591
1710532569993230117,-9.17531967163086,-1.1100915670394897,-2.465672492980957
1710532570005596746,-9.139394760131836,-1.0609936714172363,-2.505190372467041
1710532570018478801,-9.190887451171875,-1.027463436126709,-2.5471031665802
1710532570037192967,-9.159751892089844,-1.033450961112976,-2.5878186225891113
1710532570047598959,-9.159751892089844,-1.0370434522628784,-2.592608690261841
1710532570121234164,-9.301058769226074,-1.1328442096710205,-2.496807813644409
1710532570129725599,-9.069938659667969,-0.8514294624328613,-2.556683301925659
1710532570152729206,-9.114246368408203,-0.7939489483833313,-2.452500104904175
1710532570159006911,-9.000483512878418,-0.9627978801727295,-2.4189696311950684
1710532570167281701,-9.06395149230957,-1.1340417861938477,-2.42256236076355
1710532570202985375,-9.019643783569336,-0.8897497653961182,-2.45489501953125
1710532570211343238,-8.950187683105469,-1.033450961112976,-2.535128116607666
1710532570225960159,-9.18370246887207,-1.1603869199752808,-2.66206431388855
1710532570253174063,-8.927434921264648,-1.0047106742858887,-2.6189539432525635
1710532570279223889,-9.109457015991211,-0.9424402117729187,-2.4297473430633545
1710532570299434463,-9.316625595092773,-0.9867480397224426,-2.463277578353882
1710532570331204058,-9.049581527709961,-0.8849596977233887,-2.4405248165130615
1710532570347784654,-9.311836242675781,-1.0645861625671387,-2.533930778503418
1710532570362352248,-9.045989036560059,-1.0142908096313477,-2.5183629989624023
1710532570421306693,-9.133406639099121,-1.117276668548584,-2.555485725402832
1710532570448508259,-9.241183280944824,-1.1041040420532227,-2.5195605754852295
1710532570459033726,-9.083111763000488,-0.987945556640625,-2.463277578353882
1710532570467331293,-9.247170448303223,-0.9639953374862671,-2.435734748840332
1710532570481921368,-9.083111763000488,-0.910107433795929,-2.5087828636169434
1710532570503046675,-9.224417686462402,-0.9364526271820068,-2.624941349029541
1710532570526401954,-9.165740013122559,-1.1747571229934692,-2.4513025283813477
1710532570576651367,-9.200467109680176,-0.9711804389953613,-2.612966299057007
1710532570587061939,-9.17052936553955,-0.928070068359375,-2.612966299057007
1710532570616565804,-9.159751892089844,-1.1508069038391113,-2.404599666595459
1710532570654219011,-9.159751892089844,-1.1627819538116455,-2.4489073753356934
1710532570677102474,-9.099876403808594,-0.9496252536773682,-2.6093738079071045
1710532570757581733,-9.109457015991211,-1.0789562463760376,-2.5279431343078613
1710532570778196017,-9.080716133117676,-1.0011181831359863,-2.6297314167022705
1710532570786771018,-9.153764724731445,-1.0825488567352295,-2.573448419570923
1710532570826575317,-9.025630950927734,-1.0514135360717773,-2.423759698867798
1710532570841198787,-9.248368263244629,-1.0741662979125977,-2.404599666595459
1710532570862343505,-9.081913948059082,-0.946032702922821,-2.48722767829895
1710532570876722608,-9.065149307250977,-0.9580078125,-2.5315356254577637
1710532570880939515,-9.261540412902832,-1.01788330078125,-2.5794360637664795
1710532570901994528,-9.196874618530273,-0.9951305985450745,-2.5494983196258545
1710532570906368102,-9.083111763000488,-1.083746314048767,-2.525547981262207
1710532570937950232,-9.122629165649414,-1.0190807580947876,-2.535128116607666
1710532570946480993,-9.057964324951172,-1.062191128730774,-2.535128116607666
1710532570988671049,-9.218430519104004,-0.9891430735588074,-2.5075855255126953
1710532570991296224,-9.218430519104004,-0.9891430735588074,-2.5075855255126953
1710532571026645480,-9.156159400939941,-0.9592053294181824,-2.494412899017334
1710532571060144775,-9.224417686462402,-0.9568102955818176,-2.5686583518981934
1710532571073608636,-9.0914945602417,-1.0310559272766113,-2.5183629989624023
1710532571074499186,-9.172924995422363,-1.0597960948944092,-2.4896228313446045
1710532571095747194,-9.199270248413086,-1.1100915670394897,-2.4213647842407227
1710532571118957972,-9.164542198181152,-1.0813512802124023,-2.502795457839966
1710532571123011936,-9.2112455368042,-1.0394384860992432,-2.573448419570923
1710532571131851841,-9.154962539672852,-0.9496252536773682,-2.6213488578796387
1710532571163255298,-9.158555030822754,-1.1268566846847534,-2.474055290222168
1710532571180470906,-9.153764724731445,-1.207089900970459,-2.526745557785034
1710532571209523715,-9.164542198181152,-1.003513216972351,-2.54231333732605
1710532571230766077,-9.174121856689453,-0.8705896139144897,-2.593806266784668
1710532571245482488,-9.261540412902832,-0.8729846477508545,-2.642904043197632
1710532571247502390,-9.111851692199707,-0.790356457233429,-2.4513025283813477
1710532571277886343,-9.283095359802246,-1.0502160787582397,-2.33514404296875
1710532571295960430,-9.081913948059082,-1.0394384860992432,-2.556683301925659
1710532571304334211,-9.213640213012695,-1.128054141998291,-2.672841787338257
1710532571314938589,-9.159751892089844,-1.128054141998291,-2.682421922683716
1710532571331814235,-9.084308624267578,-1.1352392435073853,-2.6680517196655273
1710532571346423404,-9.213640213012695,-1.1639795303344727,-2.6117687225341797
1710532571365427999,-9.116641998291016,-0.9903405904769897,-2.4608826637268066
1710532571403165410,-9.229207992553711,-0.9747729301452637,-2.373464345932007
1710532571417862740,-9.109457015991211,-0.8047265410423279,-2.494412899017334
1710532571426222380,-9.165740013122559,-0.8693920969963074,-2.5291407108306885
1710532571447258836,-9.24357795715332,-0.9340575933456421,-2.533930778503418
1710532571453502293,-9.174121856689453,-0.9663903713226318,-2.5111780166625977
1710532571461982871,-9.117839813232422,-1.1328442096710205,-2.5590784549713135
1710532571502176173,-9.065149307250977,-1.1508069038391113,-2.5973987579345703
1710532571531491670,-9.047185897827148,-1.0071057081222534,-2.496807813644409
1710532571554547757,-9.135802268981934,-1.002315640449524,-2.475252628326416
1710532571577652827,-9.186097145080566,-0.8622070550918579,-2.5207581520080566
1710532571605328408,-9.194479942321777,-0.8933422565460205,-2.543510675430298
1710532571613515961,-9.098679542541504,-0.9639953374862671,-2.544708251953125
1710532571630198370,-9.152566909790039,-1.1627819538116455,-2.4992029666900635
1710532571657789425,-9.14657974243164,-1.0753637552261353,-2.5782384872436523
1710532571680691151,-9.142987251281738,-0.9891430735588074,-2.517165422439575
1710532571697675419,-9.084308624267578,-1.0969189405441284,-2.435734748840332
1710532571741830803,-9.16094970703125,-1.353186011314392,-2.48722767829895
1710532571786161220,-9.163344383239746,-0.8693920969963074,-2.45489501953125
1710532571809202384,-9.199270248413086,-1.0358459949493408,-2.385439395904541
1710532571823835896,-9.205257415771484,-1.0190807580947876,-2.3998095989227295
1710532571846879206,-9.099876403808594,-1.023870825767517,-2.5183629989624023
1710532571873822663,-9.226812362670898,-1.1867321729660034,-2.6680517196655273
1710532571899591423,-9.176517486572266,-1.083746314048767,-2.543510675430298
1710532571920556861,-9.147777557373047,-0.9687854051589966,-2.4584875106811523
1710532571928922474,-9.14657974243164,-0.9508227705955505,-2.4093897342681885
1710532571960475388,-9.169332504272461,-0.9532177448272705,-2.366279363632202
1710532571962567600,-9.162147521972656,-0.9568102955818176,-2.4022045135498047
1710532571977087412,-9.168134689331055,-0.8837621808052063,-2.515968084335327
1710532572017260098,-9.162147521972656,-0.9352551102638245,-2.57464599609375
1710532572033923345,-9.16094970703125,-1.011895775794983,-2.5818309783935547
1710532572048704874,-9.134604454040527,-1.1005114316940308,-2.555485725402832
1710532572056842142,-9.168134689331055,-1.1687694787979126,-2.505190372467041
1710532572107275031,-9.199270248413086,-0.886157214641571,-2.553090810775757
1710532572130624241,-9.188492774963379,-0.9077123999595642,-2.584226131439209
1710532572153603826,-9.165740013122559,-0.9376501441001892,-2.555485725402832
1710532572162151651,-9.150172233581543,-1.0310559272766113,-2.4788451194763184
1710532572191561347,-9.169332504272461,-1.041833519935608,-2.4501049518585205
1710532572237668203,-9.107061386108398,-1.0562036037445068,-2.4980053901672363
1710532572273095775,-9.193282127380371,-1.3256433010101318,-2.5590784549713135
1710532572340755717,-9.153764724731445,-0.7795788645744324,-2.457289934158325
1710532572349129952,-9.007668495178223,-0.9017248749732971,-2.435734748840332
1710532572357514136,-9.263935089111328,-1.057401180267334,-2.4093897342681885
1710532572399487642,-9.043593406677246,-1.0406359434127808,-2.5614733695983887
1710532572422655222,-9.157357215881348,-1.0993139743804932,-2.556683301925659
1710532572445651775,-9.193282127380371,-1.068178653717041,-2.5111780166625977
1710532572468650446,-9.135802268981934,-0.9520202875137329,-2.442919969558716
1710532572515010393,-9.2112455368042,-0.9196875095367432,-2.5075855255126953
1710532572544366170,-9.165740013122559,-0.9172924757003784,-2.5590784549713135
1710532572559128467,-9.17052936553955,-1.0957214832305908,-2.596201181411743
1710532572567410540,-9.17052936553955,-1.0957214832305908,-2.596201181411743
1710532572603753791,-9.139394760131836,-1.1699670553207397,-2.5411157608032227
1710532572624284784,-9.135802268981934,-0.9508227705955505,-2.474055290222168
1710532572649207321,-9.16094970703125,-0.886157214641571,-2.464475154876709
1710532572687326611,-9.163344383239746,-0.8394543528556824,-2.566263437271118
1710532572708184823,-9.165740013122559,-0.9436376690864563,-2.5387206077575684
1710532572722965809,-9.200467109680176,-1.033450961112976,-2.4824378490448
1710532572762948067,-9.200467109680176,-1.1795470714569092,-2.5710535049438477
1710532572777658800,-9.12382698059082,-1.1064990758895874,-2.543510675430298
1710532572798588813,-9.190887451171875,-1.2286449670791626,-2.615361213684082
1710532572828221439,-9.217232704162598,-0.7723938226699829,-2.5279431343078613
1710532572851271790,-9.273515701293945,-0.7795788645744324,-2.377056837081909
1710532572947875294,-9.133406639099121,-1.1088939905166626,-2.586621046066284
1710532572954314356,-9.231602668762207,-1.2957055568695068,-2.626138925552368
1710532572977332782,-9.145381927490234,-1.161584496498108,-2.603386163711548
1710532572985746202,-9.087902069091797,-1.0945239067077637,-2.605781316757202
1710532573055114027,-9.157357215881348,-0.9220825433731079,-2.4105870723724365
1710532573109674595,-9.190887451171875,-0.9304651021957397,-2.5483007431030273
1710532573111862166,-9.156159400939941,-0.8909472823143005,-2.544708251953125
1710532573143636632,-9.134604454040527,-1.1999047994613647,-2.5411157608032227
1710532573158159571,-9.192085266113281,-1.1603869199752808,-2.5291407108306885
1710532573210569559,-9.14657974243164,-0.9508227705955505,-2.4285497665405273
1710532573214848498,-9.159751892089844,-0.9089099168777466,-2.4273521900177
1710532573240225040,-9.202862739562988,-0.9448351860046387,-2.486030340194702
1710532573276212202,-9.144184112548828,-0.9508227705955505,-2.5411157608032227
1710532573277652021,-9.181307792663574,-0.9831554889678955,-2.5614733695983887
1710532573309445609,-9.14657974243164,-1.143621802330017,-2.5411157608032227
1710532573324098074,-9.125024795532227,-1.2346326112747192,-2.577040910720825
1710532573345046894,-9.128617286682129,-1.1424243450164795,-2.5710535049438477
1710532573355524457,-9.157357215881348,-0.940045177936554,-2.554288387298584
1710532573370253826,-9.140591621398926,-0.9616003632545471,-2.4489073753356934
1710532573391659878,-9.289083480834961,-0.7723938226699829,-2.354304313659668
1710532573481069501,-9.084308624267578,-0.9795629978179932,-2.4920177459716797
1710532573481379979,-9.145381927490234,-1.0693762302398682,-2.632126569747925
1710532573487776161,-9.142987251281738,-1.1496093273162842,-2.653681755065918
1710532573504608546,-9.213640213012695,-1.2022998332977295,-2.653681755065918
1710532573542541408,-9.19807243347168,-1.0346484184265137,-2.4417223930358887
1710532573563460577,-9.11544418334961,-0.8957372903823853,-2.416574716567993
1710532573578070159,-9.17052936553955,-0.9496252536773682,-2.3914270401000977
1710532573609828841,-9.17052936553955,-0.9496252536773682,-2.3914270401000977
1710532573632790064,-9.162147521972656,-0.9723779559135437,-2.475252628326416
1710532573668624994,-9.201664924621582,-1.0011181831359863,-2.5902135372161865
1710532573695569138,-9.168134689331055,-1.1783496141433716,-2.5806336402893066
1710532573699923536,-9.186097145080566,-1.0657837390899658,-2.5004003047943115
1710532573735936060,-9.12382698059082,-0.9735754132270813,-2.463277578353882
1710532573774305702,-9.186097145080566,-0.9340575933456421,-2.452500104904175
1710532573802995361,-9.181307792663574,-0.9891430735588074,-2.563868522644043
1710532573826151549,-9.159751892089844,-0.9951305985450745,-2.565065860748291
1710532573853564439,-9.174121856689453,-1.071771264076233,-2.572251081466675
1710532573855579569,-9.210047721862793,-1.0993139743804932,-2.57464599609375
1710532573878233800,-9.071136474609375,-1.183139681816101,-2.5602757930755615
1710532573886785705,-9.071136474609375,-1.183139681816101,-2.5602757930755615
1710532573945773729,-9.107061386108398,-0.7628137469291687,-2.423759698867798
1710532573958663315,-9.085506439208984,-0.7676037549972534,-2.377056837081909
1710532573983373642,-9.213640213012695,-0.8550219535827637,-2.3914270401000977
1710532574004587135,-9.242380142211914,-1.047821044921875,-2.48722767829895
1710532574027625936,-9.212442398071289,-1.1244616508483887,-2.634521484375
1710532574036645857,-9.200467109680176,-1.2058923244476318,-2.615361213684082
1710532574040715886,-9.16094970703125,-1.2142748832702637,-2.6009912490844727
1710532574097321229,-9.199270248413086,-0.969982922077179,-2.412982225418091
1710532574133379704,-9.104666709899902,-0.8107141256332397,-2.476450204849243
1710532574185859762,-9.15137004852295,-1.027463436126709,-2.543510675430298
1710532574203299454,-9.200467109680176,-1.047821044921875,-2.5279431343078613
1710532574223457000,-9.181307792663574,-1.027463436126709,-2.5279431343078613
1710532574238244806,-9.11544418334961,-1.0969189405441284,-2.515968084335327
1710532574276005734,-9.119036674499512,-0.9639953374862671,-2.4477100372314453
1710532574284629559,-9.135802268981934,-0.928070068359375,-2.465672492980957
1710532574305711081,-9.144184112548828,-0.928070068359375,-2.486030340194702
1710532574322691512,-9.156159400939941,-0.9927356243133545,-2.4800426959991455
1710532574349775775,-9.153764724731445,-1.128054141998291,-2.515968084335327
1710532574358246986,-9.200467109680176,-1.1005114316940308,-2.536325693130493
1710532574366569968,-9.132209777832031,-1.003513216972351,-2.5483007431030273
1710532574389855484,-9.222023010253906,-1.057401180267334,-2.5303380489349365
1710532574404791463,-9.178912162780762,-1.0729687213897705,-2.505190372467041
1710532574457146929,-9.201664924621582,-1.123264193534851,-2.6105713844299316
1710532574486422296,-9.164542198181152,-0.7149133086204529,-2.4417223930358887
1710532574509454719,-9.18370246887207,-0.8933422565460205,-2.287243604660034
1710532574533104773,-9.126221656799316,-0.9843530058860779,-2.3483166694641113
1710532574547547259,-9.169332504272461,-0.9675878882408142,-2.406994581222534
1710532574583449952,-9.126221656799316,-1.1460168361663818,-2.6177563667297363
1710532574600042741,-9.116641998291016,-1.1364368200302124,-2.623744010925293
1710532574620886113,-9.108259201049805,-1.1124866008758545,-2.6093738079071045
1710532574635531732,-9.199270248413086,-1.1448193788528442,-2.525547981262207
1710532574658510787,-9.168134689331055,-0.9340575933456421,-2.4824378490448
1710532574681517999,-9.109457015991211,-0.820294201374054,-2.4608826637268066
1710532574694114233,-9.159751892089844,-0.9376501441001892,-2.3614892959594727
1710532574711019629,-9.217232704162598,-0.9340575933456421,-2.433339834213257
1710532574732011732,-9.12382698059082,-1.0142908096313477,-2.503993034362793
1710532574742596715,-9.172924995422363,-1.0597960948944092,-2.5375232696533203
1710532574763552540,-9.162147521972656,-1.1029064655303955,-2.5590784549713135
1710532574794817749,-9.154962539672852,-1.0454260110855103,-2.523153066635132
1710532574815987562,-9.121432304382324,-0.9783654808998108,-2.5087828636169434
1710532574833193900,-9.162147521972656,-0.9340575933456421,-2.4596850872039795
1710532574843430716,-9.201664924621582,-0.9089099168777466,-2.4105870723724365
1710532574862188588,-9.164542198181152,-0.8478369116783142,-2.426154851913452
1710532574876854782,-9.135802268981934,-0.8813672065734863,-2.4489073753356934
1710532574904400833,-9.164542198181152,-1.0262658596038818,-2.5471031665802
1710532574927452036,-9.154962539672852,-1.062191128730774,-2.5686583518981934
1710532574952757116,-9.150172233581543,-1.213077425956726,-2.5375232696533203
1710532574973679422,-9.182504653930664,-1.2250524759292603,-2.5399181842803955
1710532575009488595,-9.053174018859863,-1.2286449670791626,-2.656076669692993
1710532575026360916,-9.00407600402832,-0.6203100681304932,-2.375859260559082
1710532575034662996,-9.092691421508789,-0.6526428461074829,-2.294428825378418
1710532575055641137,-9.275910377502441,-0.8274792432785034,-2.2285656929016113
1710532575064075131,-9.275910377502441,-0.8274792432785034,-2.2285656929016113
1710532575097488942,-9.13819694519043,-0.8574169874191284,-2.3399341106414795
1710532575105927149,-9.216034889221191,-0.9029223918914795,-2.375859260559082
1710532575139601972,-9.202862739562988,-1.2346326112747192,-2.693199396133423
1710532575160648419,-9.145381927490234,-1.1843371391296387,-2.6081762313842773
1710532575181753935,-9.182504653930664,-1.1029064655303955,-2.513572931289673
1710532575189976291,-9.120234489440918,-1.0430309772491455,-2.4309449195861816
1710532575210904629,-9.166936874389648,-0.8238866925239563,-2.3279590606689453
1710532575236159551,-9.128617286682129,-0.7879614233970642,-2.323168992996216
1710532575265679905,-9.177715301513672,-0.9352551102638245,-2.4596850872039795
1710532575316085386,-9.158555030822754,-1.1567944288253784,-2.605781316757202
1710532575335238209,-9.216034889221191,-1.098116397857666,-2.5578808784484863
1710532575364648410,-9.131011962890625,-0.9675878882408142,-2.456092596054077
1710532575379296136,-9.131011962890625,-0.9675878882408142,-2.456092596054077
1710532575391886696,-9.194479942321777,-0.9568102955818176,-2.4321422576904297
1710532575412891312,-9.162147521972656,-0.8514294624328613,-2.405797004699707
1710532575431843146,-9.145381927490234,-0.9196875095367432,-2.4010071754455566
1710532575444302029,-9.133406639099121,-1.0298583507537842,-2.5303380489349365
1710532575461022027,-9.193282127380371,-1.0849438905715942,-2.5387206077575684
1710532575476057420,-9.166936874389648,-1.1112890243530273,-2.5590784549713135
1710532575490753762,-9.17531967163086,-1.1005114316940308,-2.5710535049438477
1710532575499254854,-9.180109977722168,-1.113684058189392,-2.555485725402832
1710532575536921090,-9.181307792663574,-1.161584496498108,-2.6093738079071045
1710532575543254361,-9.097481727600098,-1.2011022567749023,-2.633323907852173
1710532575555966516,-9.278306007385254,-0.8586145043373108,-2.4393274784088135
1710532575587524956,-9.125024795532227,-0.7197033762931824,-2.332749128341675
1710532575595767131,-9.245972633361816,-0.8478369116783142,-2.216590642929077
1710532575608437648,-9.098679542541504,-0.9220825433731079,-2.3076012134552
1710532575635563182,-9.165740013122559,-1.063388705253601,-2.403402090072632
1710532575654441199,-9.18370246887207,-1.083746314048767,-2.506387948989868
1710532575685822093,-9.134604454040527,-1.2202624082565308,-2.654879093170166
1710532575708975974,-9.142987251281738,-1.207089900970459,-2.654879093170166
1710532575747017237,-9.136999130249023,-0.7173083424568176,-2.3399341106414795
1710532575767893638,-9.136999130249023,-0.7173083424568176,-2.3399341106414795
1710532575799560402,-9.163344383239746,-0.9244775176048279,-2.3111939430236816
1710532575833346249,-9.1106538772583,-1.062191128730774,-2.5375232696533203
1710532575852218543,-9.127419471740723,-1.227447509765625,-2.6488916873931885
1710532575875044898,-9.186097145080566,-1.2322375774383545,-2.5794360637664795
1710532575911005336,-9.208849906921387,-1.1064990758895874,-2.5075855255126953
1710532575940454349,-9.156159400939941,-0.7472460865974426,-2.344724178314209
1710532575991015052,-9.223219871520996,-0.9747729301452637,-2.4513025283813477
1710532576032833834,-9.159751892089844,-1.1891272068023682,-2.6105713844299316
1710532576045501061,-9.2208251953125,-1.2238550186157227,-2.5794360637664795
1710532576076819729,-9.172924995422363,-1.227447509765625,-2.593806266784668
1710532576100193298,-9.259145736694336,-0.7711963057518005,-2.4189696311950684
1710532576129474552,-9.171727180480957,-0.628692626953125,-2.2788610458374023
1710532576133585731,-9.265132904052734,-0.7496411204338074,-2.257305860519409
1710532576156711866,-9.17531967163086,-0.9196875095367432,-2.2800586223602295
1710532576188090095,-9.16094970703125,-1.0885363817214966,-2.476450204849243
1710532576207064638,-9.196874618530273,-1.2861255407333374,-2.663261651992798
1710532576219632634,-9.202862739562988,-1.263372778892517,-2.604583740234375
1710532576238255753,-9.075926780700684,-1.1891272068023682,-2.513572931289673
1710532576255067352,-9.075926780700684,-1.1891272068023682,-2.513572931289673
1710532576273225288,-9.232800483703613,-0.9208850264549255,-2.392624616622925
1710532576286296222,-9.062753677368164,-0.736468493938446,-2.4022045135498047
1710532576315719004,-9.319021224975586,-0.760418713092804,-2.3507115840911865
1710532576330547871,-9.187294960021973,-0.790356457233429,-2.3495142459869385
1710532576341123372,-9.145381927490234,-0.89813232421875,-2.39501953125
1710532576366170470,-9.092691421508789,-1.2753479480743408,-2.565065860748291
1710532576382929164,-9.186097145080566,-1.2753479480743408,-2.565065860748291
1710532576391259610,-9.194479942321777,-1.2322375774383545,-2.554288387298584
1710532576456385680,-9.150172233581543,-1.0609936714172363,-2.4908204078674316
1710532576527890585,-9.159751892089844,-1.0526111125946045,-2.436932325363159
1710532576540931042,-9.172924995422363,-1.1448193788528442,-2.465672492980957
1710532576576182832,-9.162147521972656,-1.1999047994613647,-2.5075855255126953
1710532576622294493,-9.163344383239746,-1.177152156829834,-2.5207581520080566
1710532576645413545,-9.204059600830078,-0.760418713092804,-2.4812402725219727
1710532576674639526,-9.062753677368164,-0.7232959270477295,-2.433339834213257
1710532576682996271,-9.29028034210205,-0.7220984101295471,-2.355501651763916
1710532576700240712,-9.172924995422363,-0.946032702922821,-2.363884210586548
1710532576752755222,-9.15137004852295,-1.2537927627563477,-2.535128116607666
1710532576805364331,-9.502240180969238,-1.0693762302398682,-2.433339834213257
1710532576830525362,-9.265132904052734,-0.9148974418640137,-2.424957275390625
1710532576886716611,-9.117839813232422,-0.987945556640625,-2.3495142459869385
1710532576929103772,-9.12382698059082,-1.287322998046875,-2.465672492980957
1710532576935381592,-9.219627380371094,-1.331630825996399,-2.4824378490448
1710532576939346006,-9.232800483703613,-1.2885204553604126,-2.524350643157959
1710532576954208563,-9.148974418640137,-1.131646752357483,-2.595003604888916
1710532576969768579,-9.232800483703613,-1.1304491758346558,-2.5614733695983887
1710532576983892329,-9.13819694519043,-0.8526269793510437,-2.506387948989868
1710532577040489194,-9.141789436340332,-0.7735912799835205,-2.343526601791382
1710532577063651668,-9.140591621398926,-1.0861413478851318,-2.3519091606140137
1710532577095128828,-9.145381927490234,-1.1843371391296387,-2.3890318870544434
1710532577101404745,-9.172924995422363,-1.221459984779358,-2.4393274784088135
1710532577109744501,-9.156159400939941,-1.203497290611267,-2.515968084335327
1710532577156218807,-9.204059600830078,-1.2921130657196045,-2.5997936725616455
1710532577162406292,-9.23519515991211,-1.251397728919983,-2.5997936725616455
1710532577179216252,-9.2208251953125,-1.0645861625671387,-2.57464599609375
1710532577200156084,-9.166936874389648,-0.7795788645744324,-2.5004003047943115
1710532577229583467,-9.125024795532227,-0.8669970631599426,-2.245330810546875
1710532577276998021,-9.144184112548828,-1.0969189405441284,-2.39501953125
1710532577290331251,-9.169332504272461,-1.2202624082565308,-2.5291407108306885
1710532577307270539,-9.06395149230957,-1.2549902200698853,-2.603386163711548
1710532577317981784,-9.27112102508545,-1.2825329303741455,-2.6297314167022705
1710532577326386671,-9.27112102508545,-1.2825329303741455,-2.6297314167022705
1710532577366178186,-9.29507064819336,-1.0550061464309692,-2.513572931289673
1710532577380876184,-9.196874618530273,-0.940045177936554,-2.517165422439575
1710532577410365084,-9.244775772094727,-0.7436535358428955,-2.3279590606689453
1710532577423489737,-9.08670425415039,-0.868194580078125,-2.2800586223602295
1710532577439735884,-9.204059600830078,-0.916094958782196,-2.287243604660034
1710532577479407315,-9.212442398071289,-1.2753479480743408,-2.4489073753356934
1710532577504893886,-9.083111763000488,-1.243015170097351,-2.593806266784668
1710532577515283485,-9.249565124511719,-1.1759545803070068,-2.593806266784668
1710532577532323307,-9.163344383239746,-1.032253384590149,-2.6021888256073
1710532577568027172,-9.193282127380371,-0.8394543528556824,-2.5219554901123047
1710532577599790995,-9.174121856689453,-0.7268884181976318,-2.3123912811279297
1710532577612389630,-9.15137004852295,-1.0789562463760376,-2.347119092941284
1710532577637490803,-9.159751892089844,-1.177152156829834,-2.4596850872039795
1710532577658433008,-9.132209777832031,-1.2849279642105103,-2.533930778503418
1710532577681409330,-9.237590789794922,-1.3352234363555908,-2.652484178543091
1710532577778001028,-9.285490989685059,-0.7532336711883545,-2.1207897663116455
1710532577807258663,-8.895102500915527,-0.9352551102638245,-2.2201831340789795
1710532577815749722,-9.320218086242676,-1.277742862701416,-2.5087828636169434
1710532577838866157,-8.99569320678711,-1.2837305068969727,-2.5818309783935547
1710532577861791286,-9.150172233581543,-1.3603711128234863,-2.6381139755249023
1710532577905678642,-9.061556816101074,-1.277742862701416,-2.6393115520477295
1710532577924480324,-8.965755462646484,-0.8071215748786926,-2.386636972427368
1710532577949986913,-9.347761154174805,-0.7077282667160034,-2.2896387577056885
1710532577981537560,-9.237590789794922,-0.868194580078125,-2.3207738399505615
1710532577996155259,-9.321415901184082,-0.9148974418640137,-2.296823740005493
1710532578034064761,-9.285490989685059,-1.3962963819503784,-2.575843572616577
1710532578086205309,-9.165740013122559,-0.8454418778419495,-2.415377140045166
1710532578145362610,-9.117839813232422,-1.0346484184265137,-2.3686742782592773
1710532578174733889,-9.154962539672852,-1.128054141998291,-2.4393274784088135
1710532578183221573,-9.232800483703613,-1.1951147317886353,-2.4896228313446045
1710532578185142162,-9.176517486572266,-1.241817593574524,-2.535128116607666
1710532578221144859,-9.119036674499512,-1.3304333686828613,-2.5985960960388184
1710532578250650189,-9.166936874389648,-1.2657678127288818,-2.6393115520477295
1710532578258919600,-9.132209777832031,-1.1148816347122192,-2.545905828475952
1710532578279777472,-9.263935089111328,-0.7795788645744324,-2.375859260559082
1710532578296622171,-9.163344383239746,-0.5257067680358887,-2.276466131210327
1710532578328379157,-9.216034889221191,-0.6239025592803955,-2.1519250869750977
1710532578349223532,-9.190887451171875,-1.027463436126709,-2.315983772277832
1710532578378784162,-9.190887451171875,-1.027463436126709,-2.315983772277832
1710532578384864538,-9.193282127380371,-1.128054141998291,-2.4285497665405273
1710532578410041444,-9.26633071899414,-1.3759387731552124,-2.705174446105957
1710532578452281325,-9.174121856689453,-1.2394225597381592,-2.614163875579834
1710532578490184172,-9.188492774963379,-0.706530749797821,-2.315983772277832
1710532578513253612,-9.125024795532227,-0.790356457233429,-2.265688419342041
1710532578563740553,-9.096283912658691,-1.251397728919983,-2.4501049518585205
1710532578565923555,-9.241183280944824,-1.3687536716461182,-2.5111780166625977
1710532578588938316,-9.096283912658691,-1.2861255407333374,-2.5818309783935547
1710532578603362726,-9.121432304382324,-1.2490026950836182,-2.575843572616577
1710532578656142129,-9.236392974853516,-0.6239025592803955,-2.3602917194366455
1710532578678871059,-9.189689636230469,-0.718505859375,-2.325563907623291
1710532578691749445,-9.186097145080566,-0.8909472823143005,-2.3291563987731934
1710532578714886435,-9.126221656799316,-1.0286608934402466,-2.344724178314209
1710532578723244337,-9.134604454040527,-1.1687694787979126,-2.3890318870544434
1710532578731689215,-9.195677757263184,-1.2765454053878784,-2.406994581222534
1710532578767378286,-9.239985466003418,-1.287322998046875,-2.6201512813568115
1710532578807307484,-9.157357215881348,-1.1651769876480103,-2.615361213684082
1710532578813536668,-9.210047721862793,-1.0657837390899658,-2.5578808784484863
1710532578844913479,-9.171727180480957,-0.5424719452857971,-2.236948251724243
1710532578859638589,-9.171727180480957,-0.5424719452857971,-2.236948251724243
1710532578877009247,-9.083111763000488,-0.8178991675376892,-2.1722826957702637
1710532578893101460,-9.114246368408203,-0.9819580316543579,-2.2285656929016113
1710532578933273046,-9.134604454040527,-1.3052856922149658,-2.494412899017334
1710532578949992518,-9.233997344970703,-1.4238390922546387,-2.7003846168518066
1710532579000421567,-9.2208251953125,-1.1963123083114624,-2.5183629989624023
1710532579017370117,-9.219627380371094,-0.8825647234916687,-2.3986120223999023
1710532579031863559,-9.180109977722168,-0.6071374416351318,-2.324366569519043
1710532579040223319,-9.23519515991211,-0.5592370629310608,-2.2620959281921387
1710532579069571052,-9.12382698059082,-0.8071215748786926,-2.196232795715332
1710532579129624426,-9.244775772094727,-1.3723461627960205,-2.593806266784668
1710532579166525567,-9.192085266113281,-1.13763427734375,-2.512375593185425
1710532579176957462,-9.217232704162598,-0.8514294624328613,-2.3914270401000977
1710532579183312996,-9.217232704162598,-0.8514294624328613,-2.3914270401000977
1710532579204215178,-9.165740013122559,-0.6634204387664795,-2.264491081237793
1710532579218855054,-9.156159400939941,-0.6825805902481079,-2.2297632694244385
1710532579250435932,-9.153764724731445,-0.9580078125,-2.325563907623291
1710532579269212742,-9.181307792663574,-1.1627819538116455,-2.4716601371765137
1710532579281549569,-9.17531967163086,-1.2549902200698853,-2.5483007431030273
1710532579285731975,-9.222023010253906,-1.2825329303741455,-2.6476941108703613
1710532579317535862,-9.254355430603027,-1.361568570137024,-2.705174446105957
1710532579347434427,-9.281898498535156,-1.207089900970459,-2.6572742462158203
1710532579376288418,-9.233997344970703,-0.9053173661231995,-2.392624616622925
1710532579405749825,-9.335785865783691,-0.7280859351158142,-2.0585193634033203
1710532579451917322,-9.125024795532227,-0.7759863138198853,-2.1124072074890137
1710532579501966718,-9.180109977722168,-1.5088622570037842,-2.7279272079467773
1710532579518828415,-9.237590789794922,-1.153201937675476,-2.5195605754852295
1710532579554807123,-9.195677757263184,-0.9592053294181824,-2.3890318870544434
1710532579624144437,-9.159751892089844,-0.5664221048355103,-2.1818628311157227
1710532579661956554,-9.116641998291016,-1.152004361152649,-2.493215322494507
1710532579676162503,-9.192085266113281,-1.4238390922546387,-2.6117687225341797
1710532579685083238,-9.107061386108398,-1.3352234363555908,-2.605781316757202
1710532579714557906,-9.158555030822754,-0.8717871308326721,-2.3519091606140137
1710532579729342257,-9.184900283813477,-0.7819738984107971,-2.3219714164733887
1710532579744003961,-9.210047721862793,-0.6981481909751892,-2.2908360958099365
1710532579781985886,-9.201664924621582,-0.7137157917022705,-2.287243604660034
1710532579840814945,-9.135802268981934,-1.3388159275054932,-2.5686583518981934
1710532579855565236,-9.188492774963379,-1.3795312643051147,-2.5578808784484863
1710532579863771304,-9.229207992553711,-1.3136682510375977,-2.5387206077575684
1710532579906156315,-9.340576171875,-0.8322693109512329,-2.3099963665008545
1710532579931239212,-9.217232704162598,-0.526904284954071,-2.236948251724243
1710532580006958300,-9.182504653930664,-1.2166699171066284,-2.48722767829895
1710532580034179275,-9.188492774963379,-1.3843213319778442,-2.614163875579834
1710532580059529494,-9.122629165649414,-1.2082873582839966,-2.506387948989868
1710532580103608730,-9.265132904052734,-1.003513216972351,-2.354304313659668
1710532580126668218,-9.182504653930664,-0.6610254049301147,-2.3099963665008545
1710532580138140702,-9.241183280944824,-0.7723938226699829,-2.2908360958099365
1710532580145667701,-9.152566909790039,-0.8622070550918579,-2.2788610458374023
1710532580171370649,-9.148974418640137,-1.1088939905166626,-2.453697443008423
1710532580187442794,-9.072334289550781,-1.1088939905166626,-2.453697443008423
1710532580198002246,-9.133406639099121,-1.266965389251709,-2.5015978813171387
1710532580215227845,-9.262738227844238,-1.2801378965377808,-2.544708251953125
1710532580231928425,-9.077123641967773,-1.2082873582839966,-2.577040910720825
1710532580252780458,-9.201664924621582,-1.243015170097351,-2.5782384872436523
1710532580280444164,-9.237590789794922,-0.8646020293235779,-2.3602917194366455
1710532580313488571,-9.199270248413086,-0.7843688726425171,-2.257305860519409
1710532580328209369,-9.154962539672852,-0.9508227705955505,-2.2800586223602295
1710532580351367458,-9.147777557373047,-1.0502160787582397,-2.3183789253234863
1710532580374534187,-9.244775772094727,-1.1711645126342773,-2.4105870723724365
1710532580382884636,-9.15137004852295,-1.1855347156524658,-2.512375593185425
1710532580389092330,-9.15137004852295,-1.187929630279541,-2.5698559284210205
1710532580403904378,-9.20645523071289,-1.272952914237976,-2.5997936725616455
1710532580437542755,-9.15137004852295,-1.271755337715149,-2.573448419570923
1710532580456308499,-9.181307792663574,-0.8490344285964966,-2.332749128341675
1710532580479154617,-9.186097145080566,-0.7628137469291687,-2.235750675201416
1710532580523427128,-9.163344383239746,-0.9041198492050171,-2.2896387577056885
1710532580576050138,-9.150172233581543,-1.271755337715149,-2.5518932342529297
1710532580609814245,-9.208849906921387,-1.3196557760238647,-2.553090810775757
1710532580613864104,-9.162147521972656,-1.2106823921203613,-2.5207581520080566
1710532580649489298,-9.19807243347168,-1.1484118700027466,-2.452500104904175
1710532580678919393,-9.187294960021973,-0.7113208174705505,-2.2896387577056885
1710532580695706097,-9.139394760131836,-0.7580236792564392,-2.295626163482666
1710532580710507126,-9.281898498535156,-0.89813232421875,-2.345921516418457
1710532580786330555,-9.114246368408203,-1.3460010290145874,-2.4992029666900635
1710532580807433118,-9.210047721862793,-1.2609777450561523,-2.4393274784088135
1710532580842980382,-9.17052936553955,-0.7688012719154358,-2.345921516418457
1710532580891116091,-9.208849906921387,-0.8274792432785034,-2.3590941429138184
1710532580920615289,-9.166936874389648,-1.2442126274108887,-2.483635187149048
1710532580964556617,-9.241183280944824,-1.2609777450561523,-2.464475154876709
1710532580981384524,-9.141789436340332,-1.2597802877426147,-2.512375593185425
1710532580996118561,-9.141789436340332,-1.2597802877426147,-2.512375593185425
1710532581033699284,-9.128617286682129,-0.6191125512123108,-2.212998151779175
1710532581042229499,-9.275910377502441,-0.7915539741516113,-2.1686902046203613
1710532581061127122,-9.250762939453125,-0.8610095381736755,-2.144740104675293
1710532581109097350,-9.244775772094727,-1.1603869199752808,-2.4105870723724365
1710532581115189054,-9.244775772094727,-1.1603869199752808,-2.4105870723724365
1710532581132394768,-9.17052936553955,-1.3723461627960205,-2.6608667373657227
1710532581147262052,-9.224417686462402,-1.361568570137024,-2.566263437271118
1710532581168311251,-9.157357215881348,-1.0969189405441284,-2.365081787109375
1710532581182915451,-9.164542198181152,-1.0406359434127808,-2.365081787109375
1710532581229163267,-9.190887451171875,-0.7089257836341858,-2.235750675201416
1710532581233390395,-9.194479942321777,-0.7819738984107971,-2.30281138420105
1710532581264787633,-9.164542198181152,-1.0358459949493408,-2.4608826637268066
1710532581304686237,-9.247170448303223,-1.3939013481140137,-2.502795457839966
1710532581334384530,-9.18370246887207,-1.1543993949890137,-2.435734748840332
1710532581348997761,-9.237590789794922,-1.027463436126709,-2.3483166694641113
1710532581393420654,-9.214838027954102,-0.8011340498924255,-2.305206298828125
1710532581407941845,-9.204059600830078,-0.8622070550918579,-2.2884411811828613
1710532581429233394,-9.223219871520996,-0.8993298411369324,-2.317181348800659
1710532581435714250,-9.219627380371094,-0.9388476610183716,-2.3483166694641113
1710532581454398067,-9.140591621398926,-1.0190807580947876,-2.393821954727173
1710532581469539455,-9.201664924621582,-1.2681628465652466,-2.484832763671875
1710532581506867824,-9.194479942321777,-1.311273217201233,-2.4584875106811523
1710532581563791826,-9.202862739562988,-0.7771838307380676,-2.3519091606140137
1710532581569959470,-9.29507064819336,-0.7376660108566284,-2.1890478134155273
1710532581590913370,-9.140591621398926,-0.8693920969963074,-2.227368116378784
1710532581618240632,-9.218430519104004,-0.9831554889678955,-2.3099963665008545
1710532581641359497,-9.15137004852295,-1.13763427734375,-2.4093897342681885
1710532581670681617,-9.2304048538208,-1.3148657083511353,-2.5506958961486816
1710532581676898406,-9.172924995422363,-1.3196557760238647,-2.5590784549713135
1710532581691479747,-9.172924995422363,-1.3088781833648682,-2.5015978813171387
1710532581715060635,-9.195677757263184,-1.217867374420166,-2.404599666595459
1710532581805334099,-9.224417686462402,-0.9256750345230103,-2.3291563987731934
1710532581813835358,-9.224417686462402,-0.9388476610183716,-2.3399341106414795
1710532581838892791,-9.2304048538208,-1.281335473060608,-2.4393274784088135
1710532581865985908,-9.200467109680176,-1.2490026950836182,-2.4776477813720703
1710532581874178133,-9.148974418640137,-1.2262500524520874,-2.4704625606536865
1710532581880842869,-9.164542198181152,-1.2106823921203613,-2.4584875106811523
1710532581895642367,-9.213640213012695,-1.01788330078125,-2.3986120223999023
1710532581933682354,-9.254355430603027,-0.7975414991378784,-2.337538957595825
1710532581956890311,-9.177715301513672,-0.8011340498924255,-2.332749128341675
1710532581992736963,-9.157357215881348,-1.1005114316940308,-2.383044481277466
1710532582007605054,-9.219627380371094,-1.161584496498108,-2.396217107772827
1710532582045137511,-9.201664924621582,-1.2382251024246216,-2.464475154876709
1710532582061900271,-9.260342597961426,-1.2262500524520874,-2.475252628326416
1710532582068191431,-9.111851692199707,-1.2561877965927124,-2.535128116607666
1710532582111987403,-9.083111763000488,-0.6741979718208313,-2.3004162311553955
1710532582158417680,-9.13819694519043,-0.826281726360321,-2.1016297340393066
1710532582172946744,-9.093889236450195,-0.8430469036102295,-2.1100122928619385
1710532582175001128,-9.20645523071289,-1.0047106742858887,-2.184257745742798
1710532582196050560,-9.178912162780762,-1.1424243450164795,-2.3914270401000977
1710532582204625389,-9.248368263244629,-1.3040881156921387,-2.565065860748291
1710532582219237201,-9.335785865783691,-1.2022998332977295,-2.5878186225891113
1710532582254643248,-9.166936874389648,-0.9819580316543579,-2.642904043197632
1710532582338790648,-9.184900283813477,-0.9580078125,-2.2285656929016113
1710532582376522249,-9.208849906921387,-1.053808569908142,-2.2716760635375977
1710532582403925740,-9.182504653930664,-1.093326449394226,-2.472857713699341
1710532582443720893,-9.254355430603027,-1.1268566846847534,-2.4584875106811523
1710532582481484212,-9.171727180480957,-0.8418493866920471,-2.233355760574341
1710532582532012581,-9.142987251281738,-0.9089099168777466,-2.244133234024048
1710532582580242159,-9.226812362670898,-1.1867321729660034,-2.423759698867798
1710532582586669719,-9.226812362670898,-1.1867321729660034,-2.423759698867798
1710532582609754856,-9.069938659667969,-1.147214412689209,-2.4596850872039795
1710532582634786885,-9.069938659667969,-1.147214412689209,-2.4596850872039795
1710532582714778632,-9.219627380371094,-1.038240909576416,-2.184257745742798
1710532582737821259,-9.176517486572266,-1.2058923244476318,-2.365081787109375
1710532582771340831,-9.236392974853516,-1.302890658378601,-2.525547981262207
1710532582796592369,-9.177715301513672,-1.0897338390350342,-2.494412899017334
1710532582819814135,-9.269923210144043,-1.0454260110855103,-2.4513025283813477
1710532582879231639,-9.174121856689453,-0.850231945514679,-1.9746936559677124
1710532582886742370,-9.424402236938477,-0.6957531571388245,-1.9579284191131592
1710532582901631150,-8.81127643585205,-1.431024193763733,-2.0285816192626953
1710532582924830365,-9.394464492797852,-1.532812476158142,-2.203418016433716
1710532582939568213,-9.181307792663574,-1.3424084186553955,-2.6381139755249023
1710532582958699248,-8.734636306762695,-1.3950989246368408,-2.8871960639953613
1710532582977287182,-8.695117950439453,-1.422641634941101,-3.0787975788116455
1710532582990111158,-9.320218086242676,-1.2322375774383545,-2.8105554580688477
1710532583006792776,-9.877060890197754,-0.8921447992324829,-2.563868522644043
1710532583036270439,-8.819659233093262,-0.4945715367794037,-2.414179801940918
1710532583057104328,-9.523795127868652,-0.6741979718208313,-2.143542528152466
1710532583088343501,-9.352551460266113,-0.9627978801727295,-2.098037004470825
1710532583105632013,-8.977730751037598,-1.2166699171066284,-2.286046028137207
1710532583120419854,-9.308243751525879,-1.4657520055770874,-2.414179801940918
1710532583141387238,-9.176517486572266,-1.4992822408676147,-2.486030340194702
1710532583164594207,-9.165740013122559,-1.4202466011047363,-2.6884093284606934
1710532583168789778,-9.165740013122559,-1.4202466011047363,-2.6884093284606934
1710532583193916481,-9.194479942321777,-1.4837145805358887,-2.844085693359375
1710532583254692538,-9.095087051391602,-1.0166858434677124,-2.1231849193573
1710532583282030567,-9.108259201049805,-0.7077282667160034,-2.126777410507202
1710532583292269928,-9.125024795532227,-1.3555810451507568,-2.3219714164733887
1710532583307092575,-9.261540412902832,-1.5938855409622192,-2.3507115840911865
1710532583363956999,-9.37769889831543,-1.1627819538116455,-2.664459228515625
1710532583368270649,-9.107061386108398,-1.1591894626617432,-2.6393115520477295
1710532583380769494,-9.334589004516602,-0.8789721727371216,-2.543510675430298
1710532583403955365,-9.103468894958496,-0.6490502953529358,-2.336341619491577
1710532583439665438,-8.984915733337402,-0.9220825433731079,-2.325563907623291
1710532583464887617,-9.320218086242676,-1.1699670553207397,-2.306403875350952
1710532583498193405,-8.976532936096191,-1.2202624082565308,-2.486030340194702
1710532583515264946,-9.2208251953125,-1.3783336877822876,-2.5399181842803955
1710532583529864764,-9.150172233581543,-1.281335473060608,-2.5578808784484863
1710532583538233059,-9.239985466003418,-1.071771264076233,-2.5219554901123047
1710532583559252733,-9.139394760131836,-0.9472302198410034,-2.4022045135498047
1710532583590811138,-9.098679542541504,-0.7640112042427063,-2.2980213165283203
1710532583605565269,-9.238787651062012,-0.9125024676322937,-2.2010228633880615
1710532583622699149,-9.140591621398926,-0.9448351860046387,-2.1986279487609863
1710532583637148759,-9.089098930358887,-0.9975256323814392,-2.2597010135650635
1710532583658014152,-9.190887451171875,-1.3495935201644897,-2.3878345489501953
1710532583682974262,-9.17531967163086,-1.3507909774780273,-2.4513025283813477
1710532583702364377,-9.187294960021973,-1.0993139743804932,-2.6273365020751953
1710532583719043744,-9.193282127380371,-1.3352234363555908,-2.736309766769409
1710532583742222520,-9.348958969116211,-0.8909472823143005,-2.615361213684082
1710532583763146093,-9.056766510009766,-0.6634204387664795,-2.4501049518585205
1710532583792495934,-9.336983680725098,-0.7400610446929932,-2.18306040763855
1710532583800937338,-9.102272033691406,-0.7197033762931824,-2.057321786880493
1710532583824081291,-9.120234489440918,-1.362766146659851,-2.2094054222106934
1710532583859799221,-9.1106538772583,-1.3891112804412842,-2.4105870723724365
1710532583910352843,-9.249565124511719,-1.0286608934402466,-2.6812243461608887
1710532583929181644,-9.226812362670898,-0.6418652534484863,-2.416574716567993
1710532583975612843,-9.192085266113281,-1.0106981992721558,-2.1710851192474365
1710532583998348220,-9.176517486572266,-1.0969189405441284,-2.157912492752075
1710532584002805214,-9.090296745300293,-1.2154724597930908,-2.21539306640625
1710532584023709932,-9.20645523071289,-1.5531702041625977,-2.355501651763916
1710532584038340746,-9.107061386108398,-1.3555810451507568,-2.475252628326416
1710532584079059957,-9.236392974853516,-1.2262500524520874,-2.5471031665802
1710532584079128074,-9.259145736694336,-1.152004361152649,-2.5506958961486816
1710532584092776123,-9.189689636230469,-0.9352551102638245,-2.5387206077575684
1710532584128751648,-9.272317886352539,-0.6179150342941284,-2.404599666595459
1710532584132924192,-9.222023010253906,-0.5724096894264221,-2.366279363632202
1710532584147617796,-9.245972633361816,-0.8837621808052063,-2.2597010135650635
1710532584176873659,-9.096283912658691,-1.0286608934402466,-2.3111939430236816
1710532584221110444,-9.134604454040527,-1.4334192276000977,-2.486030340194702
1710532584248424827,-9.2304048538208,-1.392703890800476,-2.563868522644043
1710532584256538803,-9.071136474609375,-1.3040881156921387,-2.592608690261841
1710532584281783323,-9.188492774963379,-0.7232959270477295,-2.366279363632202
1710532584308997600,-9.120234489440918,-0.41912841796875,-2.253713369369507
1710532584319539061,-9.29028034210205,-0.5412744283676147,-2.174677848815918
1710532584321566479,-9.275910377502441,-0.6550378203392029,-2.1591100692749023
1710532584338603414,-9.201664924621582,-0.8071215748786926,-2.1722826957702637
1710532584351801841,-9.15137004852295,-1.1005114316940308,-2.2920336723327637
1710532584378352879,-9.165740013122559,-1.2597802877426147,-2.353106737136841
1710532584399781813,-9.090296745300293,-1.4549744129180908,-2.6189539432525635
1710532584422530000,-9.226812362670898,-1.4549744129180908,-2.6417064666748047
1710532584431001887,-9.177715301513672,-1.13763427734375,-2.4992029666900635
1710532584454123124,-9.289083480834961,-1.0430309772491455,-2.393821954727173
1710532584479018914,-9.14657974243164,-0.748443603515625,-2.3423290252685547
1710532584498085086,-9.27112102508545,-0.6274951100349426,-2.2022204399108887
1710532584580059103,-9.16094970703125,-1.3759387731552124,-2.5147705078125
1710532584597140087,-9.184900283813477,-1.326840877532959,-2.5291407108306885
1710532584619980472,-9.255553245544434,-1.1903246641159058,-2.493215322494507
1710532584675212324,-9.204059600830078,-0.6921606659889221,-2.314786434173584
1710532584684852142,-9.202862739562988,-0.7029382586479187,-2.274070978164673
1710532584693199954,-9.184900283813477,-0.8741821050643921,-2.254910945892334
1710532584710133434,-9.194479942321777,-0.9843530058860779,-2.2704784870147705
1710532584733244534,-9.153764724731445,-1.2490026950836182,-2.4596850872039795
1710532584754287079,-9.193282127380371,-1.3950989246368408,-2.5303380489349365
1710532584775381240,-9.165740013122559,-1.3783336877822876,-2.5411157608032227
1710532584790058748,-9.2112455368042,-1.277742862701416,-2.5590784549713135
1710532584811158882,-9.15137004852295,-1.2406201362609863,-2.526745557785034
1710532584848895192,-9.277108192443848,-0.4730163514614105,-2.3004162311553955
1710532584882445617,-9.17531967163086,-0.7735912799835205,-2.1615052223205566
1710532584903330491,-9.111851692199707,-0.9867480397224426,-2.2980213165283203
1710532584918206274,-9.267528533935547,-1.3699511289596558,-2.456092596054077
1710532584932709800,-9.105864524841309,-1.5244299173355103,-2.562670946121216
1710532584947758263,-9.04119873046875,-1.3100756406784058,-2.5985960960388184
1710532585002251740,-9.298663139343262,-1.3555810451507568,-2.452500104904175
1710532585019033972,-9.109457015991211,-0.6730005145072937,-2.2992186546325684
1710532585052495936,-9.308243751525879,-0.8538244366645813,-2.1782703399658203
1710532585060973289,-9.187294960021973,-0.8047265410423279,-2.254910945892334
1710532585098817140,-9.158555030822754,-1.1268566846847534,-2.4489073753356934
1710532585128405893,-9.219627380371094,-1.271755337715149,-2.502795457839966
1710532585136826300,-9.131011962890625,-1.326840877532959,-2.5099804401397705
1710532585159940498,-9.2304048538208,-1.3507909774780273,-2.4788451194763184
1710532585170401421,-9.225615501403809,-1.2789404392242432,-2.416574716567993
1710532585193421332,-9.228010177612305,-0.8586145043373108,-2.274070978164673
1710532585225006491,-9.157357215881348,-0.8095166087150574,-2.257305860519409
1710532585279426329,-9.189689636230469,-0.9627978801727295,-2.3998095989227295
1710532585308935045,-9.210047721862793,-1.098116397857666,-2.5004003047943115
1710532585370264829,-9.199270248413086,-1.1999047994613647,-2.304008722305298
1710532585406150025,-9.193282127380371,-0.8394543528556824,-2.1914429664611816
1710532585427775048,-9.392068862915039,-0.9436376690864563,-2.135159969329834
1710532585441809988,-8.950187683105469,-0.8214917182922363,-2.276466131210327
1710532585466896815,-9.348958969116211,-1.263372778892517,-2.347119092941284
1710532585496133343,-9.120234489440918,-1.2921130657196045,-2.5471031665802
1710532585525680472,-9.066346168518066,-1.2549902200698853,-2.5291407108306885
1710532585576228035,-9.113049507141113,-0.8466393947601318,-2.277663469314575
1710532585599136098,-9.128617286682129,-0.8765771389007568,-2.1806652545928955
1710532585620306404,-9.253157615661621,-0.9328601360321045,-2.2513184547424316
1710532585628523988,-9.102272033691406,-1.003513216972351,-2.3914270401000977
1710532585659814291,-9.25794792175293,-1.272952914237976,-2.4812402725219727
1710532585699837601,-9.128617286682129,-1.3052856922149658,-2.544708251953125
1710532585720858191,-9.244775772094727,-1.2657678127288818,-2.505190372467041
1710532585756374551,-9.229207992553711,-0.8346642851829529,-2.277663469314575
1710532585773401348,-9.172924995422363,-0.8190966844558716,-2.2429358959198
1710532585802933582,-9.193282127380371,-0.9053173661231995,-2.2405407428741455
1710532585804933474,-9.210047721862793,-0.9663903713226318,-2.253713369369507
1710532585842718403,-9.196874618530273,-1.1867321729660034,-2.457289934158325
1710532585878466903,-9.199270248413086,-1.2549902200698853,-2.4513025283813477
1710532585887162667,-9.237590789794922,-1.2250524759292603,-2.4884252548217773
1710532585924923262,-9.223219871520996,-0.5041515827178955,-2.3099963665008545
1710532585943836325,-8.94420051574707,-0.5304968357086182,-2.293231248855591
1710532585962949134,-9.189689636230469,-0.8646020293235779,-2.177072763442993
1710532586009012361,-9.139394760131836,-1.3172607421875,-2.4716601371765137
1710532586042733709,-9.066346168518066,-1.3040881156921387,-2.5590784549713135
1710532586068048198,-9.267528533935547,-1.302890658378601,-2.5111780166625977
1710532586080537083,-9.210047721862793,-0.9496252536773682,-2.3087987899780273
1710532586133148974,-9.156159400939941,-0.8394543528556824,-2.283651113510132
1710532586164693985,-9.268725395202637,-0.9915381073951721,-2.295626163482666
1710532586173264566,-9.278306007385254,-1.0190807580947876,-2.3099963665008545
1710532586187896002,-9.083111763000488,-1.093326449394226,-2.4285497665405273
1710532586236303976,-9.25794792175293,-1.37713623046875,-2.502795457839966
1710532586250807331,-9.256750106811523,-1.2202624082565308,-2.4177722930908203
1710532586255045105,-9.154962539672852,-0.9125024676322937,-2.3578968048095703
1710532586328307086,-9.171727180480957,-0.7735912799835205,-2.216590642929077
1710532586358166883,-9.168134689331055,-1.128054141998291,-2.405797004699707
1710532586372702742,-9.226812362670898,-1.211879849433899,-2.4704625606536865
1710532586410658710,-9.171727180480957,-1.2645703554153442,-2.4908204078674316
1710532586439982035,-9.344168663024902,-1.0645861625671387,-2.3483166694641113
1710532586477998277,-9.360934257507324,-0.820294201374054,-2.3123912811279297
1710532586502587003,-9.328600883483887,-0.946032702922821,-2.0788769721984863
1710532586553256434,-9.035211563110352,-0.89813232421875,-2.174677848815918
1710532586576463961,-9.150172233581543,-1.2801378965377808,-2.5518932342529297
1710532586607975208,-9.14657974243164,-1.177152156829834,-2.496807813644409
1710532586633074040,-9.214838027954102,-0.9711804389953613,-2.3195765018463135
1710532586637265686,-9.214838027954102,-0.9711804389953613,-2.3195765018463135
1710532586681400899,-9.136999130249023,-0.7867639064788818,-2.253713369369507
1710532586702649626,-9.248368263244629,-0.8190966844558716,-2.1926403045654297
1710532586710900263,-9.238787651062012,-1.0226733684539795,-2.2680835723876953
1710532586725641863,-9.199270248413086,-1.0669811964035034,-2.3626868724823
1710532586736211406,-9.16094970703125,-1.1184741258621216,-2.4297473430633545
1710532586753004974,-9.2112455368042,-1.2837305068969727,-2.506387948989868
1710532586765595612,-9.190887451171875,-1.2442126274108887,-2.4393274784088135
1710532586780337690,-9.190887451171875,-1.2442126274108887,-2.4393274784088135
1710532586807559577,-9.236392974853516,-1.1711645126342773,-2.424957275390625
1710532586822340945,-9.229207992553711,-0.9711804389953613,-2.373464345932007
1710532586853707893,-9.196874618530273,-0.7616162300109863,-2.214195489883423
1710532586868614011,-9.16094970703125,-0.808319091796875,-2.216590642929077
1710532586884943637,-9.181307792663574,-1.0609936714172363,-2.333946466445923
1710532586923066157,-9.228010177612305,-1.2202624082565308,-2.506387948989868
1710532586944278227,-9.181307792663574,-1.211879849433899,-2.505190372467041
1710532586971560657,-9.214838027954102,-1.2202624082565308,-2.4704625606536865
1710532586988320116,-9.263935089111328,-1.161584496498108,-2.3411316871643066
1710532587019820053,-9.26633071899414,-0.9508227705955505,-2.3099963665008545
1710532587034482236,-9.104666709899902,-0.646655261516571,-2.235750675201416
1710532587049381746,-9.310638427734375,-0.8945397734642029,-2.143542528152466
1710532587063936547,-9.067543983459473,-0.9029223918914795,-2.233355760574341
1710532587093117284,-9.190887451171875,-1.0262658596038818,-2.234553337097168
1710532587148062707,-9.177715301513672,-1.1268566846847534,-2.4980053901672363
1710532587183767824,-9.341773986816406,-1.1244616508483887,-2.336341619491577
1710532587198403650,-9.135802268981934,-0.8214917182922363,-2.2812561988830566
1710532587253277920,-9.249565124511719,-1.011895775794983,-2.304008722305298
1710532587255293153,-9.200467109680176,-1.0071057081222534,-2.336341619491577
1710532587278335442,-9.182504653930664,-1.0490185022354126,-2.355501651763916
1710532587296970824,-9.241183280944824,-1.266965389251709,-2.42256236076355
1710532587318472400,-9.142987251281738,-1.1687694787979126,-2.4093897342681885
1710532587341470790,-9.156159400939941,-1.167572021484375,-2.3782544136047363
1710532587368914034,-9.237590789794922,-1.1064990758895874,-2.344724178314209
1710532587388020793,-9.202862739562988,-0.8478369116783142,-2.3099963665008545
1710532587417292980,-9.189689636230469,-0.8885522484779358,-2.30281138420105
1710532587440266763,-9.213640213012695,-1.1064990758895874,-2.356699228286743
1710532587476296672,-9.159751892089844,-1.1292517185211182,-2.393821954727173
1710532587513672217,-9.216034889221191,-1.1867321729660034,-2.42256236076355
1710532587543298755,-9.126221656799316,-1.1903246641159058,-2.423759698867798
1710532587551603945,-9.3309965133667,-0.9065148830413818,-2.295626163482666
1710532587572767749,-9.059161186218262,-0.6322851777076721,-2.3315515518188477
1710532587577076226,-9.097481727600098,-0.7268884181976318,-2.2992186546325684
1710532587589614861,-9.275910377502441,-0.8849596977233887,-2.157912492752075
1710532587610528078,-9.045989036560059,-0.9783654808998108,-2.1986279487609863
1710532587639957517,-9.328600883483887,-1.1867321729660034,-2.3087987899780273
1710532587656847727,-9.159751892089844,-1.1783496141433716,-2.4309449195861816
1710532587675530879,-9.438772201538086,-1.211879849433899,-2.5279431343078613
1710532587683999962,-9.066346168518066,-1.1627819538116455,-2.545905828475952
1710532587696598279,-9.136999130249023,-1.1951147317886353,-2.517165422439575
1710532587709154284,-9.38608169555664,-1.0825488567352295,-2.397414445877075
1710532587738628230,-9.156159400939941,-0.9639953374862671,-2.355501651763916
1710532587759650402,-9.338181495666504,-0.8969348073005676,-2.2321581840515137
1710532587795528595,-9.11544418334961,-0.8526269793510437,-2.1722826957702637
1710532587816465381,-9.139394760131836,-1.0825488567352295,-2.3076012134552
1710532587829117152,-9.19807243347168,-1.2226574420928955,-2.385439395904541
1710532587866815467,-9.15137004852295,-1.2058923244476318,-2.5004003047943115
1710532587900152034,-9.217232704162598,-1.0454260110855103,-2.4417223930358887
1710532587948909537,-9.153764724731445,-0.77838134765625,-2.236948251724243
1710532587980235248,-9.157357215881348,-1.113684058189392,-2.253713369369507
1710532587988558484,-9.17052936553955,-1.1268566846847534,-2.3004162311553955
1710532588007496106,-9.189689636230469,-1.2442126274108887,-2.4321422576904297
1710532588030945571,-9.205257415771484,-1.2094848155975342,-2.4884252548217773
1710532588047434180,-9.217232704162598,-1.2082873582839966,-2.4992029666900635
1710532588112504616,-9.228010177612305,-0.7256909012794495,-2.1902453899383545
1710532588127258161,-9.273515701293945,-0.8370593190193176,-2.126777410507202
1710532588133554481,-9.291478157043457,-0.8466393947601318,-2.0812718868255615
1710532588165247121,-9.024433135986328,-0.8921447992324829,-2.1411473751068115
1710532588181931945,-9.255553245544434,-1.2238550186157227,-2.226170539855957
1710532588188374675,-9.275910377502441,-1.2346326112747192,-2.383044481277466
1710532588223906673,-9.180109977722168,-1.241817593574524,-2.5614733695983887
1710532588234628924,-9.11544418334961,-1.1783496141433716,-2.505190372467041
1710532588248903102,-9.190887451171875,-1.1484118700027466,-2.4800426959991455
1710532588322633530,-9.11544418334961,-0.7927514910697937,-2.165097713470459
1710532588326895597,-9.279502868652344,-1.011895775794983,-2.197430372238159
1710532588345785101,-9.148974418640137,-1.0406359434127808,-2.295626163482666
1710532588368907991,-9.213640213012695,-1.227447509765625,-2.3698718547821045
1710532588488573755,-9.218430519104004,-0.7400610446929932,-2.2501208782196045
1710532588511551161,-9.192085266113281,-1.0657837390899658,-2.2513184547424316
1710532588534784312,-9.156159400939941,-1.143621802330017,-2.3111939430236816
1710532588549497298,-9.168134689331055,-1.2154724597930908,-2.3602917194366455
1710532588587300161,-9.188492774963379,-1.237027645111084,-2.4908204078674316
1710532588637419632,-9.051976203918457,-1.1795470714569092,-2.436932325363159
1710532588677288410,-9.283095359802246,-0.6861730813980103,-2.184257745742798
1710532588692095001,-9.184900283813477,-0.8885522484779358,-2.154320001602173
1710532588698442275,-9.184900283813477,-0.8885522484779358,-2.154320001602173
1710532588711121920,-9.204059600830078,-1.0394384860992432,-2.234553337097168
1710532588717170019,-9.193282127380371,-1.1292517185211182,-2.2501208782196045
1710532588732248184,-9.223219871520996,-1.2621753215789795,-2.39501953125
1710532588750925764,-9.108259201049805,-1.3460010290145874,-2.5183629989624023
1710532588767893939,-9.287885665893555,-1.2921130657196045,-2.494412899017334
1710532588788802881,-9.287885665893555,-1.167572021484375,-2.4620800018310547
1710532588801521729,-9.059161186218262,-1.1064990758895874,-2.403402090072632
1710532588809833889,-9.216034889221191,-1.1196715831756592,-2.324366569519043
1710532588845447891,-9.17052936553955,-0.7568261623382568,-2.2680835723876953
1710532588876164567,-9.152566909790039,-0.89813232421875,-2.276466131210327
1710532588893542082,-9.260342597961426,-1.0430309772491455,-2.284848690032959
1710532588925465887,-9.254355430603027,-1.3352234363555908,-2.3698718547821045
1710532588961308595,-9.232800483703613,-1.1567944288253784,-2.333946466445923
1710532588978001912,-9.213640213012695,-0.9568102955818176,-2.33514404296875
1710532588990784154,-9.2112455368042,-0.8586145043373108,-2.3183789253234863
1710532589013703418,-9.212442398071289,-0.8143066167831421,-2.314786434173584
1710532589049376977,-9.202862739562988,-0.9520202875137329,-2.286046028137207
1710532589078787403,-9.232800483703613,-1.0945239067077637,-2.315983772277832
1710532589095480013,-9.2112455368042,-1.1927196979522705,-2.3818469047546387
1710532589104023976,-9.176517486572266,-1.191522240638733,-2.356699228286743
1710532589127414343,-9.201664924621582,-1.217867374420166,-2.4189696311950684
1710532589135662044,-9.177715301513672,-1.2346326112747192,-2.415377140045166
1710532589156538052,-9.126221656799316,-1.1627819538116455,-2.4620800018310547
1710532589186184790,-9.260342597961426,-0.9831554889678955,-2.3818469047546387
1710532589200937062,-9.190887451171875,-0.7448510527610779,-2.3387365341186523
1710532589221941459,-9.1106538772583,-0.7125183343887329,-2.276466131210327
1710532589253255685,-9.25794792175293,-0.8155041337013245,-2.1387524604797363
1710532589268067249,-9.27112102508545,-1.0945239067077637,-2.24772572517395
1710532589278446818,-9.202862739562988,-1.173559546470642,-2.444117546081543
1710532589299813236,-9.135802268981934,-1.227447509765625,-2.4980053901672363
1710532589348048511,-9.253157615661621,-1.1304491758346558,-2.3087987899780273
1710532589373379788,-9.225615501403809,-0.7855663895606995,-2.256108283996582
1710532589396514656,-9.194479942321777,-0.7951464653015137,-2.207010507583618
1710532589411230583,-9.194479942321777,-0.7951464653015137,-2.207010507583618
1710532589425887350,-9.186097145080566,-1.027463436126709,-2.2082080841064453
1710532589434297178,-9.180109977722168,-1.0514135360717773,-2.263293504714966
1710532589457168615,-9.2208251953125,-1.1352392435073853,-2.343526601791382
1710532589522391418,-9.214838027954102,-1.1005114316940308,-2.356699228286743
1710532589539514967,-9.204059600830078,-0.9735754132270813,-2.304008722305298
1710532589583556233,-9.225615501403809,-0.7951464653015137,-2.2812561988830566
1710532589598226128,-9.272317886352539,-1.092128872871399,-2.277663469314575
1710532589627620334,-9.144184112548828,-1.1555969715118408,-2.2788610458374023
1710532589650699918,-9.174121856689453,-1.1460168361663818,-2.384242057800293
1710532589654966004,-9.184900283813477,-1.1460168361663818,-2.414179801940918
1710532589675611603,-9.268725395202637,-1.0945239067077637,-2.4201672077178955
1710532589705478195,-9.119036674499512,-1.1543993949890137,-2.426154851913452
1710532589732858281,-9.368119239807129,-0.8274792432785034,-2.287243604660034
1710532589776819118,-9.37769889831543,-1.01788330078125,-2.064506769180298
1710532589802156023,-9.144184112548828,-1.1184741258621216,-2.2213807106018066
1710532589816903734,-9.299860954284668,-1.207089900970459,-2.257305860519409
1710532589827273703,-9.117839813232422,-1.1627819538116455,-2.4980053901672363
1710532589846193351,-9.316625595092773,-1.1807446479797363,-2.502795457839966
1710532589879608472,-9.153764724731445,-1.191522240638733,-2.4584875106811523
1710532589898525868,-9.148974418640137,-1.1903246641159058,-2.4477100372314453
1710532589966116634,-9.129814147949219,-0.8957372903823853,-2.212998151779175
1710532589993498470,-9.232800483703613,-1.2466076612472534,-2.3902294635772705
1710532590006187672,-9.261540412902832,-1.2657678127288818,-2.42256236076355
1710532590029191912,-9.261540412902832,-1.2657678127288818,-2.42256236076355
1710532590037606197,-9.174121856689453,-1.1160790920257568,-2.456092596054077
1710532590048145686,-9.158555030822754,-1.0969189405441284,-2.4201672077178955
1710532590079005233,-9.25794792175293,-1.0597960948944092,-2.3722667694091797
1710532590085692232,-9.212442398071289,-0.8693920969963074,-2.2800586223602295
1710532590109154327,-9.222023010253906,-0.8837621808052063,-2.2225780487060547
1710532590144734346,-9.182504653930664,-0.9484277367591858,-2.1890478134155273
1710532590199285101,-9.23519515991211,-1.183139681816101,-2.344724178314209
1710532590222394007,-9.201664924621582,-1.1112890243530273,-2.4584875106811523
1710532590228643579,-9.194479942321777,-1.128054141998291,-2.4680676460266113
1710532590245398600,-9.301058769226074,-1.0897338390350342,-2.424957275390625
1710532590293414456,-9.259145736694336,-0.7807763814926147,-2.246528387069702
1710532590297731609,-9.15137004852295,-0.7652087211608887,-2.135159969329834
1710532590316699944,-9.194479942321777,-0.8610095381736755,-2.09564208984375
1710532590346278637,-9.168134689331055,-1.092128872871399,-2.1519250869750977
1710532590377585457,-9.18370246887207,-1.167572021484375,-2.445314884185791
1710532590430500893,-9.176517486572266,-1.1699670553207397,-2.4608826637268066
1710532590444894817,-9.247170448303223,-1.0430309772491455,-2.274070978164673
1710532590453416811,-9.247170448303223,-1.0430309772491455,-2.274070978164673
1710532590461771053,-9.162147521972656,-0.9412426948547363,-2.266885995864868
1710532590477836578,-9.23519515991211,-0.8610095381736755,-2.1998255252838135
1710532590527466801,-9.233997344970703,-1.038240909576416,-2.1926403045654297
1710532590567087660,-9.241183280944824,-1.2561877965927124,-2.4309449195861816
1710532590606997005,-9.177715301513672,-1.1663745641708374,-2.396217107772827
1710532590611713555,-9.279502868652344,-1.071771264076233,-2.3219714164733887
1710532590625946900,-9.199270248413086,-0.9735754132270813,-2.2920336723327637
1710532590640784405,-9.159751892089844,-0.9735754132270813,-2.2920336723327637
1710532590657396188,-9.267528533935547,-0.9005273580551147,-2.1998255252838135
1710532590695052614,-9.194479942321777,-1.0729687213897705,-2.2800586223602295
1710532590728752955,-9.189689636230469,-1.1304491758346558,-2.3507115840911865
1710532590737361167,-9.249565124511719,-1.1508069038391113,-2.343526601791382
1710532590758193030,-9.169332504272461,-1.092128872871399,-2.4417223930358887
1710532590777975044,-9.308243751525879,-1.1927196979522705,-2.424957275390625
1710532590798372404,-9.1106538772583,-1.1184741258621216,-2.453697443008423
1710532590819347569,-9.320218086242676,-1.0011181831359863,-2.2920336723327637
1710532590842342764,-9.188492774963379,-0.8119116425514221,-2.1219873428344727
1710532590888233336,-9.189689636230469,-1.063388705253601,-2.087259531021118
1710532590934488153,-9.188492774963379,-1.0597960948944092,-2.2620959281921387
1710532590979421721,-9.205257415771484,-1.251397728919983,-2.543510675430298
1710532591008350637,-9.339378356933594,-1.167572021484375,-2.3111939430236816
1710532591016836391,-9.121432304382324,-0.9053173661231995,-2.2309606075286865
1710532591058887516,-9.24357795715332,-0.8945397734642029,-2.096839666366577
1710532591075924082,-9.17052936553955,-0.9939330816268921,-2.0884571075439453
1710532591098830628,-9.213640213012695,-1.1208691596984863,-2.3710694313049316
1710532591113522349,-9.268725395202637,-1.2226574420928955,-2.442919969558716
1710532591130253262,-9.172924995422363,-1.122066617012024,-2.5075855255126953
1710532591145109285,-9.229207992553711,-1.1304491758346558,-2.5015978813171387
1710532591155601196,-9.278306007385254,-1.181942105293274,-2.3986120223999023
1710532591175014263,-9.241183280944824,-0.9364526271820068,-2.284848690032959
1710532591233340241,-9.133406639099121,-0.9496252536773682,-2.143542528152466
1710532591245855684,-9.259145736694336,-1.0370434522628784,-2.2010228633880615
1710532591250240614,-9.237590789794922,-1.1124866008758545,-2.24772572517395
1710532591262634135,-9.135802268981934,-1.2106823921203613,-2.3710694313049316
1710532591287930109,-9.195677757263184,-1.183139681816101,-2.4321422576904297
1710532591315221347,-9.174121856689453,-1.1903246641159058,-2.4477100372314453
1710532591331879350,-9.277108192443848,-1.1927196979522705,-2.4010071754455566
1710532591348694033,-9.238787651062012,-1.0226733684539795,-2.314786434173584
1710532591371990107,-9.255553245544434,-0.8035290241241455,-2.257305860519409
1710532591399224636,-9.237590789794922,-0.8286767601966858,-2.106419563293457
1710532591428652602,-9.241183280944824,-0.9711804389953613,-2.0692968368530273
1710532591436994002,-9.267528533935547,-1.011895775794983,-2.0788769721984863
1710532591464028992,-9.19807243347168,-1.1352392435073853,-2.1926403045654297
1710532591473596976,-9.233997344970703,-1.1591894626617432,-2.36747670173645
1710532591489240107,-9.301058769226074,-1.241817593574524,-2.48722767829895
1710532591512304857,-9.192085266113281,-1.122066617012024,-2.405797004699707
1710532591527238622,-9.139394760131836,-1.1208691596984863,-2.3986120223999023
1710532591548207683,-9.242380142211914,-1.0262658596038818,-2.3111939430236816
1710532591563511173,-9.223219871520996,-0.928070068359375,-2.2608983516693115
1710532591567000872,-9.213640213012695,-0.7723938226699829,-2.1591100692749023
1710532591573446107,-9.248368263244629,-0.7927514910697937,-2.1231849193573
1710532591598706296,-9.189689636230469,-1.0286608934402466,-2.106419563293457
1710532591697218110,-9.219627380371094,-1.011895775794983,-2.4022045135498047
1710532591722340502,-9.195677757263184,-1.0969189405441284,-2.2752685546875
1710532591743351247,-9.180109977722168,-0.8478369116783142,-2.1195921897888184
1710532591766376742,-9.17531967163086,-0.8849596977233887,-2.1207897663116455
1710532591779023051,-9.223219871520996,-1.0765613317489624,-2.1818628311157227
1710532591795844000,-9.195677757263184,-1.0741662979125977,-2.3219714164733887
1710532591810494720,-9.20645523071289,-1.128054141998291,-2.3710694313049316
1710532591819005180,-9.262738227844238,-1.1843371391296387,-2.412982225418091
1710532591827191218,-9.232800483703613,-1.143621802330017,-2.464475154876709
1710532591848342110,-9.2112455368042,-1.113684058189392,-2.494412899017334
1710532591862988262,-9.178912162780762,-1.1304491758346558,-2.426154851913452
1710532591865167140,-9.273515701293945,-1.1484118700027466,-2.385439395904541
1710532591900818808,-9.08670425415039,-1.1053014993667603,-2.234553337097168
1710532591924039722,-9.00407600402832,-0.7867639064788818,-2.1986279487609863
1710532591938565744,-9.218430519104004,-1.1412267684936523,-2.1902453899383545
1710532591968105989,-9.259145736694336,-1.0346484184265137,-2.2297632694244385
1710532592012283477,-9.236392974853516,-1.1807446479797363,-2.3590941429138184
1710532592029006887,-9.236392974853516,-1.1795470714569092,-2.3578968048095703
1710532592096434084,-9.158555030822754,-1.0657837390899658,-2.2920336723327637
1710532592111097951,-9.158555030822754,-1.0657837390899658,-2.2920336723327637
1710532592134278750,-9.176517486572266,-0.8298742771148682,-2.2716760635375977
1710532592163730512,-9.254355430603027,-1.092128872871399,-2.3698718547821045
1710532592178400684,-9.267528533935547,-1.0729687213897705,-2.337538957595825
1710532592184759511,-9.105864524841309,-1.207089900970459,-2.3686742782592773
1710532592199478909,-9.105864524841309,-1.207089900970459,-2.3686742782592773
1710532592231185220,-9.085506439208984,-1.083746314048767,-2.2201831340789795
1710532592252095176,-9.164542198181152,-1.0909314155578613,-2.185455322265625
1710532592268877122,-9.212442398071289,-0.9268725514411926,-2.2429358959198
1710532592275334974,-9.157357215881348,-0.8310717940330505,-2.294428825378418
1710532592306942850,-9.212442398071289,-0.9077123999595642,-2.384242057800293
1710532592319429541,-9.253157615661621,-1.0741662979125977,-2.3578968048095703
1710532592336172035,-9.250762939453125,-1.1148816347122192,-2.3219714164733887
1710532592357325804,-9.16094970703125,-1.1687694787979126,-2.294428825378418
1710532592365746001,-9.176517486572266,-1.2154724597930908,-2.245330810546875
1710532592382612311,-9.181307792663574,-1.1053014993667603,-2.166295051574707
1710532592401620534,-9.232800483703613,-1.2322375774383545,-2.2788610458374023
1710532592426802067,-9.122629165649414,-1.0753637552261353,-2.4297473430633545
1710532592447884386,-9.267528533935547,-1.1029064655303955,-2.453697443008423
1710532592470962211,-9.273515701293945,-1.003513216972351,-2.3890318870544434
1710532592500345380,-9.177715301513672,-0.8717871308326721,-2.305206298828125
1710532592528001041,-9.232800483703613,-0.9939330816268921,-2.117197275161743
1710532592538511051,-9.116641998291016,-0.9388476610183716,-2.137554883956909
1710532592561899586,-9.251960754394531,-1.131646752357483,-2.256108283996582
1710532592582750526,-9.176517486572266,-1.277742862701416,-2.3614892959594727
1710532592616272754,-9.18370246887207,-1.1196715831756592,-2.39501953125
1710532592641498005,-9.176517486572266,-1.0106981992721558,-2.2513184547424316
1710532592712780292,-9.299860954284668,-1.0166858434677124,-2.266885995864868
1710532592763528114,-9.267528533935547,-1.1651769876480103,-2.404599666595459
1710532592780527999,-9.251960754394531,-1.1603869199752808,-2.284848690032959
1710532592805621510,-9.176517486572266,-0.969982922077179,-2.2597010135650635
1710532592820384028,-9.226812362670898,-0.910107433795929,-2.21539306640625
1710532592824596323,-9.268725395202637,-0.9268725514411926,-2.155517578125
1710532592854075762,-9.16094970703125,-0.9544152617454529,-2.1483325958251953
1710532592885377842,-9.231602668762207,-1.0993139743804932,-2.283651113510132
1710532592942335355,-9.23519515991211,-1.2082873582839966,-2.4501049518585205
1710532592973643482,-9.245972633361816,-1.173559546470642,-2.2884411811828613
1710532593003291577,-9.329798698425293,-0.9675878882408142,-2.1890478134155273
1710532593005331019,-9.329798698425293,-0.9675878882408142,-2.1890478134155273
1710532593043225817,-9.186097145080566,-0.8490344285964966,-2.203418016433716
1710532593053644650,-9.309440612792969,-0.9029223918914795,-2.143542528152466
1710532593076584052,-9.24357795715332,-1.0106981992721558,-2.265688419342041
1710532593108302719,-9.259145736694336,-1.083746314048767,-2.3686742782592773
1710532593148268528,-9.205257415771484,-1.1963123083114624,-2.2908360958099365
1710532593169411156,-9.265132904052734,-1.1496093273162842,-2.203418016433716
1710532593190453470,-9.249565124511719,-1.1196715831756592,-2.2189855575561523
1710532593192432690,-9.172924995422363,-1.1340417861938477,-2.2225780487060547
1710532593205187025,-9.157357215881348,-1.0801538228988647,-2.223775625228882
1710532593215608629,-9.202862739562988,-1.0071057081222534,-2.2225780487060547
1710532593265809421,-9.177715301513672,-0.8909472823143005,-2.2824535369873047
1710532593288702618,-9.129814147949219,-0.946032702922821,-2.2920336723327637
1710532593303689625,-9.338181495666504,-1.1484118700027466,-2.276466131210327
1710532593314096202,-9.145381927490234,-1.0825488567352295,-2.304008722305298
1710532593318312687,-9.121432304382324,-1.068178653717041,-2.3219714164733887
1710532593326713273,-9.232800483703613,-1.1005114316940308,-2.3423290252685547
1710532593364553949,-9.251960754394531,-1.1304491758346558,-2.3686742782592773
1710532593394071667,-9.19807243347168,-1.0909314155578613,-2.265688419342041
1710532593415212740,-9.186097145080566,-1.1041040420532227,-2.263293504714966
1710532593446491227,-9.186097145080566,-1.0741662979125977,-2.2393431663513184
1710532593482022927,-9.250762939453125,-1.047821044921875,-2.2608983516693115
1710532593490318277,-9.201664924621582,-0.9639953374862671,-2.3279590606689453
1710532593541254367,-9.18370246887207,-1.1723620891571045,-2.4405248165130615
1710532593543289592,-9.232800483703613,-1.2525951862335205,-2.3602917194366455
1710532593560045854,-9.357341766357422,-1.1448193788528442,-2.2393431663513184
1710532593604230203,-9.247170448303223,-0.9472302198410034,-1.945953369140625
1710532593625281238,-9.30345344543457,-0.9735754132270813,-2.154320001602173
1710532593642160816,-9.299860954284668,-1.002315640449524,-2.2429358959198
1710532593692291720,-9.319021224975586,-1.2166699171066284,-2.5399181842803955
1710532593732370315,-9.196874618530273,-1.2945080995559692,-2.293231248855591
1710532593753164572,-9.247170448303223,-1.1663745641708374,-2.185455322265625
1710532593774298812,-9.144184112548828,-0.9520202875137329,-2.1399500370025635
1710532593805905562,-9.228010177612305,-0.8214917182922363,-2.1818628311157227
1710532593827039693,-9.223219871520996,-0.8813672065734863,-2.266885995864868
1710532593850326295,-9.316625595092773,-1.0729687213897705,-2.305206298828125
1710532593896115385,-9.283095359802246,-1.311273217201233,-2.3507115840911865
1710532593925781638,-9.289083480834961,-1.0861413478851318,-2.2309606075286865
1710532593948760472,-9.150172233581543,-0.9927356243133545,-2.2118005752563477
1710532593957260968,-9.2208251953125,-0.9711804389953613,-2.1686902046203613
1710532594001237461,-9.26633071899414,-0.969982922077179,-2.18306040763855
1710532594015902684,-9.202862739562988,-0.9675878882408142,-2.2417383193969727
1710532594026253397,-9.200467109680176,-1.0190807580947876,-2.3399341106414795
1710532594062310853,-9.254355430603027,-1.2609777450561523,-2.3423290252685547
1710532594085502254,-9.32620620727539,-1.1184741258621216,-2.2525157928466797
1710532594119140225,-9.119036674499512,-0.8873547315597534,-2.193837881088257
1710532594142057575,-9.283095359802246,-0.9520202875137329,-2.173480272293091
1710532594158987126,-9.153764724731445,-0.9496252536773682,-2.163900136947632
1710532594196802935,-9.24357795715332,-0.9352551102638245,-2.1986279487609863
1710532594238806246,-9.251960754394531,-1.233435034751892,-2.3519091606140137
1710532594257691302,-9.193282127380371,-1.3064831495285034,-2.2884411811828613
1710532594285158376,-9.272317886352539,-1.2022998332977295,-2.236948251724243
1710532594308795842,-9.26633071899414,-0.8382568359375,-2.156715154647827
1710532594335945391,-9.176517486572266,-0.9220825433731079,-2.1986279487609863
1710532594346105401,-9.176517486572266,-0.9220825433731079,-2.1986279487609863
1710532594369374355,-9.139394760131836,-0.9987231492996216,-2.315983772277832
1710532594440587819,-9.120234489440918,-1.2502001523971558,-2.4093897342681885
1710532594457478896,-9.285490989685059,-1.302890658378601,-2.3123912811279297
1710532594465828103,-9.229207992553711,-1.0969189405441284,-2.212998151779175
1710532594480701784,-9.262738227844238,-0.9663903713226318,-2.1483325958251953
1710532594525139501,-9.28070068359375,-0.8538244366645813,-2.1615052223205566
1710532594527217361,-9.28070068359375,-0.8574169874191284,-2.1710851192474365
1710532594548292237,-9.269923210144043,-1.0454260110855103,-2.254910945892334
1710532594556747725,-9.28070068359375,-1.0526111125946045,-2.2800586223602295
1710532594571316315,-9.207653045654297,-1.071771264076233,-2.3315515518188477
1710532594594417669,-9.176517486572266,-1.1292517185211182,-2.374661922454834
1710532594602951207,-9.284293174743652,-1.3196557760238647,-2.384242057800293
1710532594632591278,-9.224417686462402,-1.3244458436965942,-2.354304313659668
1710532594678189034,-9.374106407165527,-1.128054141998291,-2.257305860519409
1710532594688942052,-9.107061386108398,-0.7819738984107971,-2.195035457611084
1710532594697591304,-9.233997344970703,-0.856219470500946,-1.9890637397766113
1710532594729124838,-9.184900283813477,-0.8346642851829529,-2.0297789573669434
1710532594766697578,-9.181307792663574,-1.2238550186157227,-2.4117846488952637
1710532594802923250,-9.189689636230469,-1.3879138231277466,-2.3806493282318115
1710532594878085221,-9.2304048538208,-0.8777746558189392,-2.1710851192474365
1710532594916051497,-9.309440612792969,-0.886157214641571,-2.21539306640625
1710532594930928463,-9.320218086242676,-1.2909154891967773,-2.416574716567993
1710532594949724011,-9.153764724731445,-1.293310523033142,-2.3902294635772705
1710532594983946213,-9.2208251953125,-1.2909154891967773,-2.2393431663513184
1710532595006545136,-9.20645523071289,-1.1543993949890137,-2.1591100692749023
1710532595029551507,-9.214838027954102,-0.8873547315597534,-2.1219873428344727
1710532595058880906,-9.28070068359375,-0.8945397734642029,-2.236948251724243
1710532595081982386,-9.236392974853516,-0.8849596977233887,-2.2692809104919434
1710532595096891492,-9.245972633361816,-1.1088939905166626,-2.363884210586548
1710532595126442246,-9.205257415771484,-1.2226574420928955,-2.3818469047546387
1710532595157866891,-9.218430519104004,-1.323248267173767,-2.3399341106414795
1710532595179134586,-9.192085266113281,-1.3136682510375977,-2.3626868724823
1710532595208445316,-9.218430519104004,-0.8622070550918579,-2.193837881088257
1710532595231372107,-9.194479942321777,-0.7424560785293579,-2.0920495986938477
1710532595281600931,-9.093889236450195,-1.1891272068023682,-2.2884411811828613
1710532595298665498,-9.262738227844238,-1.3400133848190308,-2.383044481277466
1710532595345081908,-9.304651260375977,-1.337618350982666,-2.5375232696533203
1710532595361981023,-9.267528533935547,-1.087338924407959,-2.2393431663513184
1710532595380786507,-9.190887451171875,-0.8526269793510437,-2.0501368045806885
1710532595414392759,-9.237590789794922,-0.7113208174705505,-1.955533504486084
1710532595433282059,-9.265132904052734,-0.9639953374862671,-2.1603076457977295
1710532595476424587,-9.2304048538208,-1.083746314048767,-2.383044481277466
1710532595479122011,-9.250762939453125,-1.277742862701416,-2.502795457839966
1710532595500486028,-9.210047721862793,-1.341210961341858,-2.4980053901672363
1710532595517215448,-9.210047721862793,-1.341210961341858,-2.4980053901672363
1710532595538199551,-9.195677757263184,-1.0957214832305908,-2.1231849193573
1710532595546743754,-9.204059600830078,-1.0166858434677124,-2.066901922225952
1710532595580694606,-9.267528533935547,-0.9017248749732971,-2.046544075012207
1710532595613921155,-9.254355430603027,-0.8849596977233887,-2.125579833984375
1710532595622393893,-9.248368263244629,-0.9771679639816284,-2.2489233016967773
1710532595643275943,-9.17531967163086,-1.1567944288253784,-2.3914270401000977
1710532595678789858,-9.157357215881348,-1.281335473060608,-2.4393274784088135
1710532595718924400,-9.228010177612305,-1.277742862701416,-2.324366569519043
1710532595725269723,-9.162147521972656,-1.1867321729660034,-2.254910945892334
1710532595756595666,-9.23519515991211,-0.7077282667160034,-2.06330943107605
1710532595771316996,-9.301058769226074,-0.7556286454200745,-2.0513341426849365
1710532595775673266,-9.278306007385254,-0.7927514910697937,-2.0118165016174316
1710532595786015746,-9.171727180480957,-0.8298742771148682,-2.084864616394043
1710532595802964444,-9.19807243347168,-0.9472302198410034,-2.147135019302368
1710532595855425395,-9.31782341003418,-1.3843213319778442,-2.397414445877075
1710532595906027269,-9.214838027954102,-1.2310400009155273,-2.33514404296875
1710532595920632725,-9.17052936553955,-0.8478369116783142,-2.106419563293457
1710532595950329411,-9.256750106811523,-0.7891589403152466,-2.1004321575164795
1710532595960654066,-9.237590789794922,-0.7939489483833313,-2.1207897663116455
1710532595979751100,-9.31782341003418,-0.9424402117729187,-2.1722826957702637
1710532596025661167,-9.213640213012695,-1.2310400009155273,-2.2980213165283203
1710532596076173078,-9.325008392333984,-1.2537927627563477,-2.293231248855591
1710532596103268512,-9.2304048538208,-1.0645861625671387,-2.214195489883423
1710532596131131526,-9.216034889221191,-0.910107433795929,-2.154320001602173
1710532596160079126,-9.245972633361816,-0.9364526271820068,-2.2189855575561523
1710532596168554671,-9.193282127380371,-1.0190807580947876,-2.2585034370422363
1710532596174798304,-9.287885665893555,-1.1639795303344727,-2.254910945892334
1710532596189519951,-9.287885665893555,-1.1639795303344727,-2.2812561988830566
1710532596202076305,-9.148974418640137,-1.1340417861938477,-2.3303539752960205
1710532596220959643,-9.277108192443848,-1.2382251024246216,-2.325563907623291
1710532596237793251,-9.315428733825684,-1.243015170097351,-2.325563907623291
1710532596319484775,-9.089098930358887,-0.7711963057518005,-2.124382257461548
1710532596325830463,-9.202862739562988,-0.8741821050643921,-2.06330943107605
1710532596340420957,-9.213640213012695,-0.9388476610183716,-2.1495299339294434
1710532596369861383,-9.218430519104004,-1.071771264076233,-2.196232795715332
1710532596378158360,-9.218430519104004,-1.071771264076233,-2.293231248855591
1710532596394877512,-9.194479942321777,-1.2885204553604126,-2.406994581222534
1710532596418112175,-9.292675971984863,-1.2885204553604126,-2.452500104904175
1710532596460020091,-9.3309965133667,-1.2058923244476318,-2.2429358959198
1710532596468488036,-9.148974418640137,-0.9735754132270813,-2.166295051574707
1710532596483698519,-9.313033103942871,-0.8933422565460205,-2.076481819152832
1710532596505944472,-9.329798698425293,-0.8238866925239563,-2.0692968368530273
1710532596522682420,-9.136999130249023,-0.8286767601966858,-2.093247175216675
1710532596535590930,-9.297466278076172,-0.9747729301452637,-2.157912492752075
1710532596565772136,-9.2208251953125,-1.153201937675476,-2.343526601791382
1710532596573555415,-9.325008392333984,-1.2442126274108887,-2.3806493282318115
1710532596575634200,-9.308243751525879,-1.271755337715149,-2.3878345489501953
1710532596604983980,-9.231602668762207,-1.2394225597381592,-2.377056837081909
1710532596630272916,-9.30345344543457,-1.2442126274108887,-2.304008722305298
1710532596632942190,-9.255553245544434,-1.2286449670791626,-2.266885995864868
1710532596677314834,-9.223219871520996,-0.910107433795929,-2.0621118545532227
1710532596693564357,-9.245972633361816,-0.9364526271820068,-2.1387524604797363
1710532596722615029,-9.250762939453125,-1.0705736875534058,-2.287243604660034
1710532596737315895,-9.250762939453125,-1.1364368200302124,-2.3986120223999023
1710532596754193401,-9.237590789794922,-1.1460168361663818,-2.4201672077178955
1710532596777289903,-9.239985466003418,-1.2525951862335205,-2.366279363632202
1710532596789983978,-9.301058769226074,-1.233435034751892,-2.3602917194366455
1710532596827762481,-9.320218086242676,-1.0202783346176147,-2.125579833984375
1710532596852895761,-9.278306007385254,-0.8310717940330505,-1.9711010456085205
1710532596879910553,-9.212442398071289,-0.8490344285964966,-2.0405566692352295
1710532596896654209,-9.205257415771484,-0.8957372903823853,-2.1088147163391113
1710532596905265847,-9.272317886352539,-1.098116397857666,-2.254910945892334
1710532596940959919,-9.182504653930664,-1.247805118560791,-2.397414445877075
1710532596964206966,-9.2208251953125,-1.2262500524520874,-2.397414445877075
1710532597027134673,-9.136999130249023,-0.9939330816268921,-2.096839666366577
1710532597046026552,-9.159751892089844,-0.8741821050643921,-2.174677848815918
1710532597060657946,-9.283095359802246,-0.9220825433731079,-2.1902453899383545
1710532597083803881,-9.339378356933594,-0.9316626191139221,-2.197430372238159
1710532597092167064,-9.19807243347168,-0.9711804389953613,-2.2908360958099365
1710532597151247347,-9.260342597961426,-1.227447509765625,-2.3195765018463135
1710532597174206895,-9.196874618530273,-1.0909314155578613,-2.18306040763855
1710532597201404766,-9.2112455368042,-0.9903405904769897,-2.147135019302368
1710532597218264475,-9.207653045654297,-0.9376501441001892,-2.1327648162841797
1710532597226762305,-9.245972633361816,-0.9077123999595642,-2.18306040763855
1710532597256346677,-9.244775772094727,-0.9592053294181824,-2.2213807106018066
1710532597285455913,-9.24357795715332,-1.122066617012024,-2.2788610458374023
1710532597306367801,-9.212442398071289,-1.1651769876480103,-2.304008722305298
1710532597325184494,-9.269923210144043,-1.2142748832702637,-2.283651113510132
1710532597346254863,-9.305848121643066,-1.1460168361663818,-2.272873640060425
1710532597369532593,-9.168134689331055,-1.187929630279541,-2.2908360958099365
1710532597403276352,-9.23519515991211,-0.7987390160560608,-2.1387524604797363
1710532597430627842,-9.17531967163086,-0.9448351860046387,-2.016606330871582
1710532597482856526,-9.202862739562988,-1.2262500524520874,-2.2884411811828613
1710532597489331097,-9.250762939453125,-1.2226574420928955,-2.3722667694091797
1710532597512508195,-9.259145736694336,-1.1496093273162842,-2.4022045135498047
1710532597533372664,-9.308243751525879,-1.1328442096710205,-2.2620959281921387
1710532597546334531,-9.229207992553711,-1.0597960948944092,-2.216590642929077
1710532597571530156,-9.249565124511719,-0.9316626191139221,-2.1591100692749023
1710532597586205149,-9.286687850952148,-0.9053173661231995,-2.113604784011841
1710532597638616197,-9.236392974853516,-1.0250684022903442,-2.1327648162841797
1710532597661833005,-9.177715301513672,-1.0693762302398682,-2.2010228633880615
1710532597699323815,-9.277108192443848,-1.2046948671340942,-2.345921516418457
1710532597714004802,-9.28070068359375,-1.123264193534851,-2.287243604660034
1710532597737371821,-9.219627380371094,-1.0645861625671387,-2.214195489883423
1710532597752240449,-9.208849906921387,-0.9843530058860779,-2.167492628097534
1710532597758426937,-9.239985466003418,-0.9795629978179932,-2.0429515838623047
1710532597768838242,-9.213640213012695,-0.987945556640625,-2.087259531021118
1710532597781668718,-9.236392974853516,-1.0142908096313477,-2.165097713470459
1710532597804790932,-9.250762939453125,-1.1388317346572876,-2.2704784870147705
1710532597848489895,-9.241183280944824,-1.1460168361663818,-2.325563907623291
1710532597857054631,-9.228010177612305,-1.1328442096710205,-2.3578968048095703
1710532597863368909,-9.284293174743652,-1.1268566846847534,-2.2908360958099365
1710532597884033194,-9.18370246887207,-1.1256592273712158,-2.2752685546875
1710532597913652946,-9.287885665893555,-0.9831554889678955,-2.1698877811431885
1710532597938954638,-9.194479942321777,-0.8394543528556824,-2.1183948516845703
1710532597955670191,-9.260342597961426,-0.9388476610183716,-2.0285816192626953
1710532597989202192,-9.192085266113281,-0.9675878882408142,-2.083667039871216
1710532598006068111,-9.27112102508545,-1.221459984779358,-2.1890478134155273
1710532598014712048,-9.224417686462402,-1.1963123083114624,-2.2620959281921387
1710532598035255352,-9.237590789794922,-1.1484118700027466,-2.354304313659668
1710532598043818769,-9.244775772094727,-1.117276668548584,-2.3423290252685547
1710532598060535427,-9.176517486572266,-1.1603869199752808,-2.323168992996216
1710532598081116485,-9.287885665893555,-1.1256592273712158,-2.1998255252838135
1710532598094089230,-9.298663139343262,-1.087338924407959,-2.177072763442993
1710532598110858761,-9.184900283813477,-1.0406359434127808,-2.204615592956543
1710532598123500337,-9.286687850952148,-0.9352551102638245,-2.126777410507202
1710532598148791880,-9.236392974853516,-1.023870825767517,-2.1423449516296387
1710532598172127350,-9.247170448303223,-1.0585986375808716,-2.1519250869750977
1710532598209875934,-9.285490989685059,-1.2202624082565308,-2.265688419342041
1710532598224599904,-9.186097145080566,-1.0693762302398682,-2.2884411811828613
1710532598239477651,-9.23519515991211,-1.123264193534851,-2.277663469314575
1710532598262450223,-9.297466278076172,-1.0993139743804932,-2.246528387069702
1710532598296158392,-9.232800483703613,-0.9795629978179932,-2.167492628097534
1710532598321230776,-9.199270248413086,-0.9795629978179932,-2.106419563293457
1710532598344620384,-9.229207992553711,-1.1053014993667603,-2.156715154647827
1710532598359351104,-9.231602668762207,-1.1352392435073853,-2.204615592956543
1710532598380261195,-9.256750106811523,-1.113684058189392,-2.224973201751709
1710532598409749086,-9.250762939453125,-1.1460168361663818,-2.305206298828125
1710532598449662260,-9.202862739562988,-1.1340417861938477,-2.33514404296875
1710532598478858761,-9.308243751525879,-0.987945556640625,-2.1591100692749023
1710532598495710661,-9.219627380371094,-0.928070068359375,-2.075284481048584
1710532598497696217,-9.219627380371094,-0.928070068359375,-2.075284481048584
1710532598514774322,-9.172924995422363,-0.9328601360321045,-1.9794836044311523
1710532598533540304,-9.233997344970703,-1.0597960948944092,-2.0190014839172363
1710532598558872860,-9.329798698425293,-1.1759545803070068,-2.106419563293457
1710532598575653527,-9.32620620727539,-1.1903246641159058,-2.415377140045166
1710532598598927705,-9.214838027954102,-1.0969189405441284,-2.3578968048095703
1710532598628346792,-9.238787651062012,-1.1304491758346558,-2.2992186546325684
1710532598651405331,-9.178912162780762,-1.0801538228988647,-2.1411473751068115
1710532598703617393,-9.255553245544434,-0.7879614233970642,-1.8453625440597534
1710532598722792751,-9.32620620727539,-0.6071374416351318,-1.9687060117721558
1710532598756426673,-9.426796913146973,-1.2585827112197876,-2.3614892959594727
1710532598777465673,-9.514215469360352,-1.4477893114089966,-2.4896228313446045
1710532598794113783,-9.374106407165527,-1.4992822408676147,-2.585423469543457
1710532598814936619,-9.019643783569336,-1.4238390922546387,-2.532733201980591
1710532598831778123,-9.251960754394531,-0.6933581829071045,-2.1124072074890137
1710532598854756930,-9.205257415771484,-0.7879614233970642,-2.0585193634033203
1710532598877485542,-9.287885665893555,-0.8550219535827637,-2.0190014839172363
1710532598899088174,-9.096283912658691,-0.7400610446929932,-2.0692968368530273
1710532598907331977,-9.174121856689453,-0.910107433795929,-2.1315674781799316
1710532598947478443,-9.111851692199707,-1.266965389251709,-2.3519091606140137
1710532598978721523,-9.250762939453125,-1.5352075099945068,-2.475252628326416
1710532599012445648,-9.297466278076172,-0.9508227705955505,-2.317181348800659
1710532599027144797,-9.201664924621582,-0.6430627703666687,-2.027384042739868
1710532599087496612,-9.16094970703125,-1.01788330078125,-1.945953369140625
1710532599114772541,-9.232800483703613,-1.2094848155975342,-2.366279363632202
1710532599123245395,-9.141789436340332,-1.362766146659851,-2.4513025283813477
1710532599136122508,-9.31782341003418,-1.487307071685791,-2.4920177459716797
1710532599142507239,-9.286687850952148,-1.472936987876892,-2.496807813644409
1710532599167606809,-9.231602668762207,-1.131646752357483,-2.386636972427368
1710532599192986467,-9.228010177612305,-0.9915381073951721,-2.174677848815918
1710532599213923576,-9.239985466003418,-0.7723938226699829,-2.024989128112793
1710532599285506168,-9.169332504272461,-1.1508069038391113,-2.2704784870147705
1710532599306331583,-9.296268463134766,-1.386716365814209,-2.392624616622925
1710532599325309856,-9.20645523071289,-1.3507909774780273,-2.4285497665405273
1710532599342098015,-9.299860954284668,-1.3148657083511353,-2.3495142459869385
1710532599365356104,-9.205257415771484,-1.0645861625671387,-2.263293504714966
1710532599401127148,-9.29028034210205,-0.808319091796875,-2.044149160385132
1710532599489286944,-9.245972633361816,-1.3100756406784058,-2.383044481277466
1710532599523211250,-9.277108192443848,-1.152004361152649,-2.355501651763916
1710532599558505541,-9.422006607055664,-1.0214757919311523,-2.1507275104522705
1710532599604983440,-9.201664924621582,-0.8178991675376892,-1.9866687059402466
1710532599626042048,-9.129814147949219,-0.8622070550918579,-2.057321786880493
1710532599640501563,-9.261540412902832,-1.2322375774383545,-2.166295051574707
1710532599682229892,-9.245972633361816,-1.361568570137024,-2.463277578353882
1710532599701053019,-9.194479942321777,-1.1244616508483887,-2.2812561988830566
1710532599716042257,-9.304651260375977,-1.098116397857666,-2.084864616394043
1710532599732916173,-9.255553245544434,-1.0214757919311523,-2.047741651535034
1710532599753971850,-9.180109977722168,-0.9340575933456421,-2.016606330871582
1710532599758080915,-9.196874618530273,-0.8466393947601318,-1.9950512647628784
1710532599812664955,-9.200467109680176,-0.9065148830413818,-2.167492628097534
1710532599829493198,-9.251960754394531,-1.3160632848739624,-2.365081787109375
1710532599859055333,-9.265132904052734,-1.3460010290145874,-2.3722667694091797
1710532599873854308,-9.195677757263184,-1.2909154891967773,-2.3087987899780273
1710532599977326753,-9.286687850952148,-1.0202783346176147,-2.2106029987335205
1710532600023211707,-9.212442398071289,-1.251397728919983,-2.39501953125
1710532600039780682,-9.224417686462402,-1.251397728919983,-2.2513184547424316
1710532600063060350,-9.299860954284668,-1.1627819538116455,-2.21539306640625
1710532600149560880,-9.304651260375977,-0.8322693109512329,-2.0812718868255615
1710532600165820297,-9.314230918884277,-0.9520202875137329,-2.076481819152832
1710532600172215756,-9.165740013122559,-1.011895775794983,-2.077679395675659
1710532600220431642,-9.232800483703613,-1.2921130657196045,-2.305206298828125
1710532600247766595,-9.261540412902832,-1.1244616508483887,-2.3195765018463135
1710532600291677254,-9.224417686462402,-1.002315640449524,-2.157912492752075
1710532600319097769,-9.164542198181152,-0.999920666217804,-2.1926403045654297
1710532600335902152,-9.245972633361816,-1.047821044921875,-2.1782703399658203
1710532600352895702,-9.338181495666504,-1.041833519935608,-2.163900136947632
1710532600369677889,-9.172924995422363,-1.13763427734375,-2.2118005752563477
1710532600392560859,-9.32620620727539,-1.2861255407333374,-2.214195489883423
1710532600426349142,-9.310638427734375,-1.123264193534851,-2.264491081237793
1710532600459845421,-9.199270248413086,-0.9580078125,-2.2094054222106934
1710532600489090210,-9.265132904052734,-1.038240909576416,-2.0824694633483887
1710532600520854451,-9.213640213012695,-0.9987231492996216,-2.106419563293457
1710532600573439856,-9.229207992553711,-1.087338924407959,-2.3016138076782227
1710532600629945261,-9.237590789794922,-1.083746314048767,-2.3004162311553955
1710532600661486587,-9.214838027954102,-1.1412267684936523,-2.2908360958099365
1710532600676841069,-9.255553245544434,-0.868194580078125,-2.105222225189209
1710532600726696832,-9.216034889221191,-1.062191128730774,-2.087259531021118
1710532600730992147,-9.265132904052734,-1.2945080995559692,-2.287243604660034
1710532600753999924,-9.272317886352539,-1.281335473060608,-2.317181348800659
1710532600773035822,-9.216034889221191,-1.0059082508087158,-2.3219714164733887
1710532600796198750,-9.254355430603027,-1.143621802330017,-2.254910945892334
1710532600813717049,-9.297466278076172,-1.1041040420532227,-2.117197275161743
1710532600825810662,-9.202862739562988,-1.0202783346176147,-2.1028270721435547
1710532600850904645,-9.293872833251953,-0.9568102955818176,-2.1004321575164795
1710532600865532766,-9.225615501403809,-0.9915381073951721,-2.154320001602173
1710532600916171914,-9.268725395202637,-1.0394384860992432,-2.21539306640625
1710532600939310998,-9.184900283813477,-1.1160790920257568,-2.256108283996582
1710532600968360669,-9.272317886352539,-1.191522240638733,-2.2501208782196045
1710532600985436453,-9.284293174743652,-1.068178653717041,-2.167492628097534
1710532601057152483,-9.213640213012695,-1.032253384590149,-2.1207897663116455
1710532601067574680,-9.213640213012695,-1.0310559272766113,-2.157912492752075
1710532601076139125,-9.25794792175293,-1.0609936714172363,-2.196232795715332
1710532601082139481,-9.232800483703613,-1.167572021484375,-2.2704784870147705
1710532601111583273,-9.302255630493164,-1.1484118700027466,-2.2824535369873047
1710532601172182783,-9.196874618530273,-1.1591894626617432,-2.264491081237793
1710532601189076414,-9.36332893371582,-1.0262658596038818,-2.1399500370025635
1710532601208018623,-9.186097145080566,-0.8598120212554932,-2.106419563293457
1710532601224774908,-9.286687850952148,-0.975970447063446,-2.0513341426849365
1710532601254201166,-9.201664924621582,-1.1053014993667603,-2.093247175216675
1710532601298429264,-9.238787651062012,-1.211879849433899,-2.294428825378418
1710532601321661287,-9.18370246887207,-1.2358300685882568,-2.3495142459869385
1710532601334317020,-9.319021224975586,-1.1855347156524658,-2.3183789253234863
1710532601382278679,-9.218430519104004,-1.1388317346572876,-2.2501208782196045
1710532601401247354,-9.297466278076172,-1.1292517185211182,-2.126777410507202
1710532601409509058,-9.28070068359375,-0.9029223918914795,-2.086061954498291
1710532601420172533,-9.163344383239746,-0.9855505228042603,-2.165097713470459
1710532601447370005,-9.314230918884277,-1.041833519935608,-2.173480272293091
1710532601451516850,-9.287885665893555,-1.0406359434127808,-2.184257745742798
1710532601478666575,-9.316625595092773,-1.2154724597930908,-2.2525157928466797
1710532601493580583,-9.316625595092773,-1.2154724597930908,-2.2525157928466797
1710532601495581946,-9.205257415771484,-1.1268566846847534,-2.265688419342041
1710532601523485609,-9.291478157043457,-1.1364368200302124,-2.203418016433716
1710532601569390775,-9.177715301513672,-1.0095007419586182,-2.1411473751068115
1710532601597430256,-9.292675971984863,-1.0142908096313477,-2.0812718868255615
1710532601607314988,-9.281898498535156,-1.0095007419586182,-2.0824694633483887
1710532601630432782,-9.216034889221191,-1.1268566846847534,-2.2010228633880615
1710532601678601007,-9.239985466003418,-1.1029064655303955,-2.2884411811828613
1710532601691463615,-9.263935089111328,-1.1088939905166626,-2.284848690032959
1710532601724949372,-9.212442398071289,-1.1891272068023682,-2.2752685546875
1710532601783767564,-9.190887451171875,-0.8238866925239563,-2.064506769180298
1710532601785651271,-9.307045936584473,-0.9089099168777466,-2.0213963985443115
1710532601810852208,-9.251960754394531,-1.087338924407959,-2.057321786880493
1710532601844555833,-9.210047721862793,-1.2058923244476318,-2.30281138420105
1710532601861450106,-9.320218086242676,-1.1292517185211182,-2.3315515518188477
1710532601888627201,-9.279502868652344,-1.0885363817214966,-2.3519091606140137
1710532601909379308,-9.311836242675781,-1.143621802330017,-2.1483325958251953
1710532601959979084,-9.261540412902832,-0.9232800006866455,-2.0896544456481934
1710532602027021230,-9.285490989685059,-1.0346484184265137,-2.1327648162841797
1710532602033223718,-9.20645523071289,-1.098116397857666,-2.1722826957702637
1710532602041604148,-9.301058769226074,-1.1567944288253784,-2.246528387069702
1710532602056276524,-9.186097145080566,-1.0693762302398682,-2.2884411811828613
1710532602089831419,-9.168134689331055,-1.0059082508087158,-2.163900136947632
1710532602096684561,-9.311836242675781,-1.0454260110855103,-2.074086904525757
1710532602140612204,-9.180109977722168,-0.9891430735588074,-2.064506769180298
1710532602191099295,-9.225615501403809,-1.123264193534851,-2.1722826957702637
1710532602218480362,-9.277108192443848,-1.122066617012024,-2.2525157928466797
1710532602231666705,-9.320218086242676,-1.101709008216858,-2.2908360958099365
1710532602243498586,-9.231602668762207,-1.1388317346572876,-2.306403875350952
1710532602258431194,-9.232800483703613,-1.1927196979522705,-2.2920336723327637
1710532602281039818,-9.298663139343262,-1.2394225597381592,-2.1627025604248047
1710532602308709293,-9.362131118774414,-0.820294201374054,-2.0597167015075684
1710532602346614503,-9.116641998291016,-0.9867480397224426,-2.027384042739868
1710532602386620324,-9.328600883483887,-1.2310400009155273,-2.1519250869750977
1710532602401405880,-9.309440612792969,-1.2549902200698853,-2.2680835723876953
1710532602416053871,-9.304651260375977,-1.0885363817214966,-2.3183789253234863
1710532602428738330,-9.297466278076172,-1.123264193534851,-2.1315674781799316
1710532602492001605,-9.329798698425293,-0.9376501441001892,-2.038161516189575
1710532602506415897,-9.301058769226074,-0.9005273580551147,-2.0800745487213135
1710532602535940266,-9.164542198181152,-1.0609936714172363,-2.2620959281921387
1710532602552782681,-9.177715301513672,-1.1388317346572876,-2.274070978164673
1710532602573691460,-9.348958969116211,-1.2789404392242432,-2.235750675201416
1710532602597063892,-9.169332504272461,-1.0466235876083374,-2.205812931060791
1710532602620193653,-9.169332504272461,-1.0466235876083374,-2.205812931060791
1710532602649578539,-9.225615501403809,-1.0394384860992432,-2.114802360534668
1710532602658145302,-9.256750106811523,-1.0358459949493408,-2.057321786880493
1710532602685103205,-9.256750106811523,-1.0358459949493408,-2.057321786880493
1710532602708483086,-9.254355430603027,-1.0502160787582397,-2.2189855575561523
1710532602716935511,-9.263935089111328,-1.1100915670394897,-2.2321581840515137
1710532602731925524,-9.25794792175293,-1.1555969715118408,-2.2297632694244385
1710532602754579071,-9.241183280944824,-1.1292517185211182,-2.2309606075286865
1710532602799265762,-9.307045936584473,-1.147214412689209,-2.2225780487060547
1710532602853344006,-9.237590789794922,-0.8753796219825745,-2.1028270721435547
1710532602912271569,-9.190887451171875,-1.0047106742858887,-2.0022363662719727
1710532602920737087,-9.283095359802246,-1.1795470714569092,-2.0716919898986816
1710532602933324953,-9.212442398071289,-1.1927196979522705,-2.253713369369507
1710532602979737604,-9.194479942321777,-1.1855347156524658,-2.2992186546325684
1710532602994452451,-9.323810577392578,-1.1903246641159058,-2.2010228633880615
1710532603023912110,-9.145381927490234,-1.0705736875534058,-2.093247175216675
1710532603036488552,-9.353748321533203,-0.999920666217804,-2.038161516189575
1710532603051378053,-9.176517486572266,-0.9148974418640137,-2.0896544456481934
1710532603065865945,-9.25794792175293,-1.0226733684539795,-2.1112096309661865
1710532603080548170,-9.284293174743652,-1.0358459949493408,-2.114802360534668
1710532603099509649,-9.273515701293945,-1.1867321729660034,-2.196232795715332
1710532603114572265,-9.341773986816406,-1.2202624082565308,-2.2201831340789795
1710532603125059313,-9.293872833251953,-1.1903246641159058,-2.2417383193969727
1710532603150416772,-9.275910377502441,-1.1029064655303955,-2.253713369369507
1710532603156497441,-9.269923210144043,-1.1328442096710205,-2.1890478134155273
1710532603179600253,-9.212442398071289,-1.038240909576416,-2.1327648162841797
1710532603196583386,-9.238787651062012,-1.0430309772491455,-2.0728893280029297
1710532603202792029,-9.25794792175293,-1.071771264076233,-2.024989128112793
1710532603217385563,-9.2208251953125,-1.0358459949493408,-2.014211416244507
1710532603234588879,-9.207653045654297,-1.0011181831359863,-2.024989128112793
1710532603267965148,-9.250762939453125,-1.0226733684539795,-2.105222225189209
1710532603276058540,-9.28070068359375,-1.041833519935608,-2.1603076457977295
1710532603280229260,-9.249565124511719,-1.1100915670394897,-2.233355760574341
1710532603316125673,-9.218430519104004,-1.1053014993667603,-2.2704784870147705
1710532603333077440,-9.319021224975586,-1.0957214832305908,-2.224973201751709
1710532603347934518,-9.154962539672852,-1.2250524759292603,-2.264491081237793
1710532603381838538,-9.122629165649414,-0.8238866925239563,-2.076481819152832
1710532603421940963,-9.309440612792969,-0.9663903713226318,-1.97589111328125
1710532603430433051,-9.216034889221191,-0.9508227705955505,-1.9806811809539795
1710532603448929874,-9.254355430603027,-1.1053014993667603,-2.033371686935425
1710532603497300776,-9.261540412902832,-1.2022998332977295,-2.1782703399658203
1710532603512132240,-9.207653045654297,-1.2082873582839966,-2.2513184547424316
1710532603526941101,-9.181307792663574,-1.1005114316940308,-2.2716760635375977
1710532603547263303,-9.353748321533203,-1.1843371391296387,-2.1782703399658203
1710532603577474900,-9.244775772094727,-1.0250684022903442,-2.0513341426849365
1710532603646921996,-9.180109977722168,-1.0466235876083374,-2.1519250869750977
1710532603667926229,-9.289083480834961,-1.1639795303344727,-2.1986279487609863
1710532603682430841,-9.205257415771484,-1.0945239067077637,-2.2285656929016113
1710532603699580780,-9.284293174743652,-1.1005114316940308,-2.2321581840515137
1710532603714337459,-9.279502868652344,-1.1100915670394897,-2.2094054222106934
1710532603737579337,-9.208849906921387,-1.0597960948944092,-2.1411473751068115
1710532603771154549,-9.200467109680176,-1.0011181831359863,-2.0297789573669434
1710532603773331634,-9.200467109680176,-1.0011181831359863,-2.046544075012207
1710532603813191005,-9.277108192443848,-1.087338924407959,-2.185455322265625
1710532603865534809,-9.255553245544434,-1.1424243450164795,-2.2585034370422363
1710532603918059954,-9.314230918884277,-1.1963123083114624,-2.1686902046203613
1710532603947396723,-9.157357215881348,-0.8454418778419495,-1.9974462985992432
1710532603981055248,-9.249565124511719,-1.0693762302398682,-2.0405566692352295
1710532604008485882,-9.277108192443848,-1.1711645126342773,-2.223775625228882
1710532604081624474,-9.346563339233398,-1.2094848155975342,-2.1519250869750977
1710532604111474612,-9.207653045654297,-1.0885363817214966,-2.086061954498291
1710532604132852612,-9.332193374633789,-0.9843530058860779,-2.004631280899048
1710532604143205420,-9.196874618530273,-0.9220825433731079,-2.0585193634033203
1710532604149501463,-9.205257415771484,-0.9340575933456421,-2.1016297340393066
1710532604185036245,-9.320218086242676,-0.9616003632545471,-2.1124072074890137
1710532604187292226,-9.225615501403809,-1.011895775794983,-2.2010228633880615
1710532604195445746,-9.293872833251953,-1.243015170097351,-2.2201831340789795
1710532604203974293,-9.287885665893555,-1.2238550186157227,-2.2201831340789795
1710532604225000424,-9.287885665893555,-1.2238550186157227,-2.2201831340789795
1710532604245979903,-9.196874618530273,-1.1388317346572876,-2.227368116378784
1710532604254439649,-9.269923210144043,-1.1424243450164795,-2.185455322265625
1710532604266844100,-9.26633071899414,-1.153201937675476,-2.1495299339294434
1710532604285616546,-9.274713516235352,-1.0454260110855103,-2.034569025039673
1710532604330114616,-9.251960754394531,-1.011895775794983,-2.017803907394409
1710532604344986202,-9.273515701293945,-0.9616003632545471,-2.1291723251342773
1710532604359556676,-9.277108192443848,-1.0514135360717773,-2.1998255252838135
1710532604395351266,-9.277108192443848,-1.123264193534851,-2.2225780487060547
1710532604418556184,-9.255553245544434,-1.1747571229934692,-2.197430372238159
1710532604449880494,-9.249565124511719,-1.187929630279541,-2.2321581840515137
1710532604506804594,-9.325008392333984,-0.9196875095367432,-1.9926562309265137
1710532604546665421,-9.189689636230469,-0.9807605147361755,-1.9627184867858887
1710532604582470374,-9.358538627624512,-1.1927196979522705,-2.276466131210327
1710532604611947189,-9.165740013122559,-1.1508069038391113,-2.3087987899780273
1710532604637320438,-9.202862739562988,-1.092128872871399,-2.0716919898986816
1710532604652069644,-9.17052936553955,-1.0226733684539795,-2.046544075012207
1710532604679062450,-9.286687850952148,-0.9316626191139221,-1.9926562309265137
1710532604740847042,-9.284293174743652,-0.999920666217804,-2.1411473751068115
1710532604748740578,-9.284293174743652,-0.999920666217804,-2.1411473751068115
1710532604763397558,-9.233997344970703,-1.2621753215789795,-2.195035457611084
1710532604771902171,-9.238787651062012,-1.003513216972351,-2.2082080841064453
1710532604795016686,-9.054370880126953,-1.1208691596984863,-2.2010228633880615
1710532604807663210,-9.492659568786621,-1.2992980480194092,-2.1399500370025635
1710532604816203688,-9.41003131866455,-1.1963123083114624,-2.1507275104522705
1710532604824599171,-9.087902069091797,-1.011895775794983,-2.1890478134155273
1710532604860354282,-9.195677757263184,-0.8813672065734863,-2.1291723251342773
1710532604877911383,-9.265132904052734,-0.8514294624328613,-2.0716919898986816
1710532604906551942,-9.23519515991211,-1.023870825767517,-2.1112096309661865
1710532604930431093,-9.242380142211914,-1.0597960948944092,-2.124382257461548
1710532604944340243,-9.2208251953125,-1.1340417861938477,-2.1603076457977295
1710532604990644278,-9.23519515991211,-1.3891112804412842,-2.2896387577056885
1710532605028294828,-9.103468894958496,-0.8119116425514221,-2.026186466217041
1710532605124985789,-9.226812362670898,-1.1723620891571045,-2.3087987899780273
1710532605158534695,-9.274713516235352,-1.0969189405441284,-2.347119092941284
1710532605190123468,-9.169332504272461,-1.128054141998291,-2.0824694633483887
1710532605206933213,-9.260342597961426,-1.0298583507537842,-1.9746936559677124
1710532605244677324,-9.205257415771484,-0.9687854051589966,-2.045346736907959
1710532605257304068,-9.205257415771484,-0.9687854051589966,-2.045346736907959
1710532605276515025,-9.301058769226074,-0.9616003632545471,-2.143542528152466
1710532605276574694,-9.229207992553711,-1.008303165435791,-2.1902453899383545
1710532605311896295,-9.344168663024902,-1.2022998332977295,-2.214195489883423
1710532605320322999,-9.344168663024902,-1.2022998332977295,-2.214195489883423
1710532605347646897,-9.298663139343262,-1.1496093273162842,-2.1327648162841797
1710532605370746257,-9.213640213012695,-1.0585986375808716,-2.054926872253418
1710532605379319480,-9.260342597961426,-1.0885363817214966,-2.023791551589966
1710532605408462053,-9.269923210144043,-0.975970447063446,-2.036964178085327
1710532605417025320,-9.222023010253906,-0.9328601360321045,-2.076481819152832
1710532605429526960,-9.292675971984863,-0.987945556640625,-2.184257745742798
1710532605473441467,-9.255553245544434,-1.0526111125946045,-2.2285656929016113
1710532605496656214,-9.244775772094727,-1.1747571229934692,-2.173480272293091
1710532605507001739,-9.28070068359375,-1.1388317346572876,-2.18306040763855
1710532605521810138,-9.168134689331055,-1.271755337715149,-2.1998255252838135
1710532605561533750,-9.177715301513672,-0.8837621808052063,-2.034569025039673
1710532605588938543,-9.328600883483887,-0.8921447992324829,-1.9890637397766113
1710532605612129382,-9.189689636230469,-0.850231945514679,-2.0106189250946045
1710532605626967144,-9.269923210144043,-1.0657837390899658,-2.0297789573669434
1710532605649950019,-9.251960754394531,-1.2082873582839966,-2.196232795715332
1710532605666546833,-9.24357795715332,-1.2166699171066284,-2.286046028137207
1710532605691743885,-9.202862739562988,-1.2022998332977295,-2.2417383193969727
1710532605725424575,-9.299860954284668,-1.197509765625,-2.144740104675293
1710532605784300544,-9.217232704162598,-0.8741821050643921,-2.0225939750671387
1710532605860018022,-9.26633071899414,-1.207089900970459,-2.186652898788452
1710532605889250748,-9.199270248413086,-1.1543993949890137,-2.2118005752563477
1710532605964969726,-9.239985466003418,-0.8957372903823853,-2.0297789573669434
1710532605985912570,-9.268725395202637,-1.068178653717041,-2.156715154647827
1710532605994356037,-9.255553245544434,-1.0861413478851318,-2.1806652545928955
1710532606021593504,-9.236392974853516,-1.1208691596984863,-2.1998255252838135
1710532606038371418,-9.304651260375977,-1.1723620891571045,-2.2321581840515137
1710532606061433432,-9.260342597961426,-1.1711645126342773,-2.236948251724243
1710532606093210241,-9.296268463134766,-1.207089900970459,-2.124382257461548
1710532606116378172,-9.29507064819336,-1.0526111125946045,-2.044149160385132
1710532606126762144,-9.180109977722168,-0.9017248749732971,-1.9627184867858887
1710532606152187325,-9.232800483703613,-0.7999365329742432,-1.969903588294983
1710532606175811955,-9.190887451171875,-0.9220825433731079,-1.9878661632537842
1710532606202538748,-9.292675971984863,-1.1484118700027466,-2.1902453899383545
1710532606206879787,-9.219627380371094,-1.161584496498108,-2.2321581840515137
1710532606227759396,-9.316625595092773,-1.1256592273712158,-2.2393431663513184
1710532606286308047,-9.316625595092773,-1.2466076612472534,-2.0597167015075684
1710532606301414739,-9.274713516235352,-0.9352551102638245,-2.0513341426849365
1710532606322429476,-9.269923210144043,-0.9412426948547363,-2.1219873428344727
1710532606339297131,-9.302255630493164,-0.940045177936554,-2.1591100692749023
1710532606377203400,-9.27112102508545,-0.9855505228042603,-2.156715154647827
1710532606459121418,-9.2112455368042,-1.1639795303344727,-2.156715154647827
1710532606488389870,-9.228010177612305,-1.057401180267334,-2.1183948516845703
1710532606505156523,-9.241183280944824,-0.9975256323814392,-2.0357666015625
1710532606543127651,-9.265132904052734,-1.0609936714172363,-2.1507275104522705
1710532606564180818,-9.287885665893555,-1.0861413478851318,-2.153122663497925
1710532606629181156,-9.298663139343262,-1.2741503715515137,-2.185455322265625
1710532606648140212,-9.267528533935547,-1.008303165435791,-2.087259531021118
1710532606683581393,-9.296268463134766,-0.8657995462417603,-1.9950512647628784
1710532606706818233,-9.237590789794922,-0.8753796219825745,-1.9351757764816284
1710532606729961024,-9.24357795715332,-0.9891430735588074,-1.9387682676315308
1710532606753380386,-9.228010177612305,-1.237027645111084,-2.272873640060425
1710532606768199186,-9.302255630493164,-1.1496093273162842,-2.3123912811279297
1710532606795238919,-9.256750106811523,-1.1328442096710205,-2.3076012134552
1710532606812014389,-9.301058769226074,-1.1951147317886353,-2.133962392807007
1710532606832953078,-9.210047721862793,-1.1064990758895874,-2.023791551589966
1710532606878955851,-9.236392974853516,-0.9304651021957397,-2.047741651535034
1710532606929544522,-9.279502868652344,-1.2454102039337158,-2.184257745742798
1710532606935842280,-9.231602668762207,-1.2250524759292603,-2.197430372238159
1710532606959030762,-9.27112102508545,-1.1843371391296387,-2.1507275104522705
1710532606982051609,-9.261540412902832,-1.1484118700027466,-2.12797474861145
1710532607013454405,-9.255553245544434,-1.0190807580947876,-2.0728893280029297
1710532607021981383,-9.233997344970703,-0.9687854051589966,-1.9926562309265137
1710532607042976414,-9.233997344970703,-0.9687854051589966,-1.9926562309265137
1710532607066326124,-9.24357795715332,-1.0142908096313477,-2.1615052223205566
1710532607112339771,-9.273515701293945,-1.1041040420532227,-2.1926403045654297
1710532607131536202,-9.244775772094727,-1.203497290611267,-2.1591100692749023
1710532607163619668,-9.277108192443848,-1.1747571229934692,-2.1519250869750977
1710532607173293849,-9.278306007385254,-1.1783496141433716,-2.1591100692749023
1710532607194312266,-9.216034889221191,-1.0358459949493408,-2.0704944133758545
1710532607209523275,-9.247170448303223,-0.9328601360321045,-2.0429515838623047
1710532607272865873,-9.233997344970703,-0.9723779559135437,-1.961521029472351
1710532607276043787,-9.213640213012695,-1.033450961112976,-2.0225939750671387
1710532607312133583,-9.29028034210205,-1.157991886138916,-2.2597010135650635
1710532607358335535,-9.212442398071289,-1.038240909576416,-2.0285816192626953
1710532607381264211,-9.217232704162598,-0.999920666217804,-2.027384042739868
1710532607398242633,-9.237590789794922,-0.9675878882408142,-1.9782861471176147
1710532607425376690,-9.233997344970703,-0.9184899926185608,-2.084864616394043
1710532607450531915,-9.299860954284668,-1.0059082508087158,-2.1591100692749023
1710532607500891677,-9.248368263244629,-1.2082873582839966,-2.1291723251342773
1710532607536751127,-9.260342597961426,-1.1352392435073853,-2.1423449516296387
1710532607572868710,-9.26633071899414,-0.9663903713226318,-2.027384042739868
1710532607607947086,-9.29028034210205,-0.9831554889678955,-2.0800745487213135
1710532607637435819,-9.25794792175293,-1.0777587890625,-2.155517578125
1710532607658504209,-9.251960754394531,-1.1759545803070068,-2.175875186920166
1710532607681390559,-9.273515701293945,-1.1855347156524658,-2.1806652545928955
1710532607687975324,-9.249565124511719,-1.167572021484375,-2.163900136947632
1710532607780443063,-9.24357795715332,-0.8777746558189392,-2.0010387897491455
1710532607854009462,-9.217232704162598,-1.1567944288253784,-2.135159969329834
1710532607883184308,-9.321415901184082,-1.277742862701416,-2.1998255252838135
1710532607885375852,-9.352551460266113,-1.1543993949890137,-2.2106029987335205
1710532607921202738,-9.305848121643066,-1.183139681816101,-2.106419563293457
1710532607929770470,-9.238787651062012,-1.023870825767517,-2.046544075012207
1710532607944435150,-9.315428733825684,-0.9939330816268921,-2.045346736907959
1710532607950656172,-9.255553245544434,-0.9831554889678955,-2.0824694633483887
1710532608020113952,-9.242380142211914,-0.9388476610183716,-2.0704944133758545
1710532608079158039,-9.268725395202637,-1.1460168361663818,-2.184257745742798
1710532608106361356,-9.277108192443848,-1.0945239067077637,-2.1100122928619385
1710532608118932081,-9.263935089111328,-1.047821044921875,-2.014211416244507
1710532608140068361,-9.249565124511719,-0.9915381073951721,-2.0130138397216797
1710532608161119518,-9.279502868652344,-0.999920666217804,-2.0704944133758545
1710532608211561263,-9.265132904052734,-1.0430309772491455,-2.12797474861145
1710532608237433904,-9.249565124511719,-1.1256592273712158,-2.205812931060791
1710532608278373350,-9.241183280944824,-1.2645703554153442,-2.1710851192474365
1710532608305835431,-9.251960754394531,-0.9508227705955505,-2.0285816192626953
1710532608326925155,-9.268725395202637,-0.9089099168777466,-1.9040405750274658
1710532608362607770,-9.2112455368042,-0.9089099168777466,-1.9351757764816284
1710532608368947555,-9.2112455368042,-0.9089099168777466,-1.9351757764816284
1710532608379490795,-9.316625595092773,-1.1148816347122192,-2.1291723251342773
1710532608415008184,-9.171727180480957,-1.2094848155975342,-2.2285656929016113
1710532608474220114,-9.328600883483887,-1.2286449670791626,-2.065704345703125
1710532608483760489,-9.18370246887207,-1.123264193534851,-2.0585193634033203
1710532608507989214,-9.328600883483887,-1.0298583507537842,-1.9950512647628784
1710532608513452952,-9.283095359802246,-0.9855505228042603,-2.0417542457580566
1710532608530528727,-9.325008392333984,-0.9005273580551147,-2.104024648666382
1710532608551363930,-9.195677757263184,-0.946032702922821,-2.137554883956909
1710532608582783298,-9.273515701293945,-1.1448193788528442,-2.114802360534668
1710532608597547836,-9.214838027954102,-1.123264193534851,-2.1411473751068115
1710532608618730025,-9.265132904052734,-1.181942105293274,-2.1495299339294434
1710532608641775700,-9.20645523071289,-1.1029064655303955,-2.1195921897888184
1710532608656288185,-9.255553245544434,-1.1184741258621216,-2.087259531021118
1710532608677335868,-9.224417686462402,-0.9663903713226318,-1.9938538074493408
1710532608694248927,-9.254355430603027,-0.9436376690864563,-2.015408992767334
1710532608709043955,-9.302255630493164,-0.9592053294181824,-2.033371686935425
1710532608736185124,-9.287885665893555,-0.999920666217804,-2.157912492752075
1710532608755022352,-9.253157615661621,-1.1591894626617432,-2.1627025604248047
1710532608778317551,-9.292675971984863,-1.1627819538116455,-2.165097713470459
1710532608898003917,-9.267528533935547,-0.8466393947601318,-1.922003149986267
1710532608918870851,-9.269923210144043,-1.041833519935608,-2.044149160385132
1710532608971495286,-9.277108192443848,-1.247805118560791,-2.2525157928466797
1710532609003076201,-9.274713516235352,-1.1711645126342773,-2.0106189250946045
1710532609028985740,-9.30345344543457,-0.9855505228042603,-1.9782861471176147
1710532609040845608,-9.3501558303833,-0.9663903713226318,-1.9806811809539795
1710532609061806715,-9.205257415771484,-0.9220825433731079,-2.105222225189209
1710532609093287633,-9.334589004516602,-0.910107433795929,-2.107617139816284
1710532609112213165,-9.285490989685059,-1.1699670553207397,-2.126777410507202
1710532609126852814,-9.341773986816406,-1.221459984779358,-2.1124072074890137
1710532609152148297,-9.26633071899414,-1.187929630279541,-2.1315674781799316
1710532609204512628,-9.204059600830078,-1.0801538228988647,-2.0920495986938477
1710532609257363720,-9.283095359802246,-0.9448351860046387,-2.0429515838623047
1710532609263423226,-9.308243751525879,-0.9663903713226318,-2.064506769180298
1710532609301381270,-9.289083480834961,-1.0957214832305908,-2.1507275104522705
1710532609316075575,-9.247170448303223,-1.1496093273162842,-2.156715154647827
1710532609326665743,-9.279502868652344,-1.1567944288253784,-2.126777410507202
1710532609354051889,-9.239985466003418,-1.3088781833648682,-2.2285656929016113
1710532609383777680,-9.207653045654297,-0.8717871308326721,-2.0393590927124023
1710532609394405307,-9.133406639099121,-0.820294201374054,-2.016606330871582
1710532609404837353,-9.263935089111328,-0.8741821050643921,-1.9986437559127808
1710532609421676903,-9.2112455368042,-0.8550219535827637,-1.9124231338500977
1710532609449292863,-9.2208251953125,-0.9017248749732971,-1.9124231338500977
1710532609478463232,-9.329798698425293,-1.1268566846847534,-2.034569025039673
1710532609497201964,-9.218430519104004,-1.177152156829834,-2.21539306640625
1710532609539355885,-9.178912162780762,-1.1783496141433716,-2.1986279487609863
1710532609543661314,-9.365723609924316,-1.217867374420166,-2.1195921897888184
1710532609556389550,-9.241183280944824,-1.1448193788528442,-2.0920495986938477
1710532609600518253,-9.251960754394531,-0.9424402117729187,-2.027384042739868
1710532609625472689,-9.309440612792969,-0.8993298411369324,-2.0692968368530273
1710532609676546415,-9.328600883483887,-1.2142748832702637,-2.0788769721984863
1710532609711868705,-9.251960754394531,-1.2346326112747192,-2.155517578125
1710532609730912180,-9.194479942321777,-1.0669811964035034,-2.1100122928619385
1710532609779453773,-9.269923210144043,-0.910107433795929,-1.9890637397766113
1710532609810835318,-9.29028034210205,-1.0011181831359863,-2.1004321575164795
1710532609819258176,-9.263935089111328,-1.0106981992721558,-2.1483325958251953
1710532609834040484,-9.287885665893555,-1.0250684022903442,-2.156715154647827
1710532609850577299,-9.253157615661621,-1.1340417861938477,-2.185455322265625
1710532609857015400,-9.260342597961426,-1.203497290611267,-2.147135019302368
1710532609877565444,-9.304651260375977,-1.1867321729660034,-2.166295051574707
1710532609932711385,-9.297466278076172,-1.0214757919311523,-2.1112096309661865
1710532609955839465,-9.275910377502441,-0.9184899926185608,-1.9579284191131592
1710532609966442064,-9.275910377502441,-0.8849596977233887,-1.8992505073547363
1710532609998008117,-9.238787651062012,-0.9807605147361755,-1.8908679485321045
1710532610023290164,-9.320218086242676,-1.1148816347122192,-2.0920495986938477
1710532610058979613,-9.389674186706543,-1.1891272068023682,-2.2225780487060547
1710532610083826338,-9.30345344543457,-1.1843371391296387,-2.1183948516845703
1710532610103469060,-9.213640213012695,-1.1424243450164795,-2.017803907394409
1710532610171258388,-9.277108192443848,-0.940045177936554,-2.065704345703125
1710532610225053045,-9.267528533935547,-1.2142748832702637,-2.06330943107605
1710532610248099929,-9.313033103942871,-1.1843371391296387,-2.165097713470459
1710532610277481175,-9.251960754394531,-1.1304491758346558,-2.1519250869750977
1710532610298597243,-9.289083480834961,-1.0777587890625,-2.0130138397216797
1710532610311271970,-9.244775772094727,-0.9891430735588074,-1.9423608779907227
1710532610336592869,-9.292675971984863,-0.9639953374862671,-1.955533504486084
1710532610365956041,-9.269923210144043,-1.0106981992721558,-2.126777410507202
1710532610386802123,-9.265132904052734,-1.107696533203125,-2.174677848815918
1710532610435118463,-9.20645523071289,-1.1603869199752808,-2.0106189250946045
1710532610458268458,-9.14657974243164,-0.8693920969963074,-1.751956820487976
1710532610472955571,-9.148974418640137,-0.8825647234916687,-1.7184264659881592
1710532610491802606,-9.201664924621582,-0.9316626191139221,-1.700463891029358
1710532610514975757,-9.29028034210205,-0.9136999249458313,-1.7184264659881592
1710532610553063092,-9.105864524841309,-1.01788330078125,-2.0213963985443115
1710532610561431779,-9.281898498535156,-1.61663818359375,-2.294428825378418
1710532610578115398,-9.392068862915039,-1.4118640422821045,-2.415377140045166
1710532610590963324,-9.232800483703613,-1.2705578804016113,-2.3495142459869385
1710532610628755199,-9.144184112548828,-0.7735912799835205,-2.0920495986938477
1710532610651639081,-9.214838027954102,-0.8454418778419495,-2.0812718868255615
1710532610682908006,-9.2208251953125,-0.7352709770202637,-2.077679395675659
1710532610733621351,-9.274713516235352,-1.197509765625,-2.3806493282318115
1710532610756719139,-9.165740013122559,-1.203497290611267,-2.5985960960388184
1710532610786044487,-9.208849906921387,-1.4058765172958374,-2.5818309783935547
1710532610808987553,-9.187294960021973,-1.3903088569641113,-2.4177722930908203
1710532610855308650,-9.202862739562988,-0.9508227705955505,-2.147135019302368
1710532610877676301,-8.953780174255371,-0.9352551102638245,-2.107617139816284
1710532610914355482,-9.034013748168945,-0.8023315668106079,-2.2393431663513184
1710532610918485951,-9.20645523071289,-0.9616003632545471,-2.2501208782196045
1710532610943788683,-9.218430519104004,-1.011895775794983,-2.385439395904541
1710532610958381533,-8.996891021728516,-1.0454260110855103,-2.4680676460266113
1710532610989873049,-9.2208251953125,-1.1963123083114624,-2.653681755065918
1710532610996180327,-9.05077838897705,-1.0526111125946045,-2.632126569747925
1710532611005223294,-9.260342597961426,-0.7819738984107971,-2.6488916873931885
1710532611048563580,-9.162147521972656,-1.1484118700027466,-2.4692652225494385
1710532611063362821,-9.285490989685059,-0.9328601360321045,-2.525547981262207
1710532611073521997,-9.204059600830078,-1.0502160787582397,-2.493215322494507
1710532611095098102,-9.176517486572266,-1.1184741258621216,-2.405797004699707
1710532611116018732,-9.098679542541504,-0.7077282667160034,-2.234553337097168
1710532611131035424,-9.02682876586914,-0.7843688726425171,-2.2429358959198
1710532611143370277,-9.346563339233398,-1.0071057081222534,-2.263293504714966
1710532611145618773,-9.430389404296875,-0.9292675852775574,-2.3710694313049316
1710532611168654753,-8.799302101135254,-1.0801538228988647,-2.626138925552368
1710532611191807154,-9.122629165649414,-1.181942105293274,-2.755470037460327
1710532611238171324,-9.283095359802246,-1.2298425436019897,-2.4992029666900635
1710532611267517646,-9.233997344970703,-0.9855505228042603,-2.705174446105957
1710532611288682558,-9.057964324951172,-0.868194580078125,-2.6704468727111816
1710532611326404961,-9.01844596862793,-1.1208691596984863,-2.444117546081543
1710532611335142029,-9.139394760131836,-0.9675878882408142,-2.3806493282318115
1710532611356034846,-9.297466278076172,-0.8945397734642029,-2.2716760635375977
1710532611364535591,-9.297466278076172,-0.8945397734642029,-2.2716760635375977
1710532611393850244,-9.119036674499512,-0.9208850264549255,-2.4489073753356934
1710532611402385846,-9.119036674499512,-0.9208850264549255,-2.4489073753356934
1710532611431811918,-9.054370880126953,-0.8334667682647705,-2.632126569747925
1710532611469320985,-9.020840644836426,-1.032253384590149,-2.5782384872436523
1710532611555864335,-9.141789436340332,-1.1328442096710205,-2.556683301925659
1710532611635472925,-9.219627380371094,-1.0849438905715942,-2.375859260559082
1710532611673117677,-9.163344383239746,-0.8634045124053955,-2.624941349029541
1710532611708964990,-9.142987251281738,-0.9975256323814392,-2.444117546081543
1710532611725794532,-9.17052936553955,-1.1029064655303955,-2.496807813644409
1710532611828412563,-9.182504653930664,-1.0190807580947876,-2.4381299018859863
1710532611847473573,-9.15137004852295,-0.9771679639816284,-2.4692652225494385
1710532611878584409,-9.129814147949219,-0.946032702922821,-2.4896228313446045
1710532611918721945,-9.119036674499512,-1.002315640449524,-2.543510675430298
1710532611927164870,-9.157357215881348,-1.0310559272766113,-2.526745557785034
1710532612009116964,-9.171727180480957,-1.041833519935608,-2.5279431343078613
1710532612017351884,-9.14657974243164,-0.9963281154632568,-2.496807813644409
1710532612032173297,-9.196874618530273,-0.9232800006866455,-2.603386163711548
1710532612067696575,-9.188492774963379,-1.0358459949493408,-2.4608826637268066
1710532612099111684,-9.158555030822754,-0.987945556640625,-2.565065860748291
1710532612143476907,-9.14657974243164,-0.9987231492996216,-2.5483007431030273
1710532612149771930,-9.122629165649414,-0.9843530058860779,-2.523153066635132
1710532612187529410,-9.178912162780762,-0.9939330816268921,-2.496807813644409
1710532612204936775,-9.166936874389648,-0.9568102955818176,-2.4788451194763184
1710532612275663211,-9.163344383239746,-1.1148816347122192,-2.565065860748291
1710532612317525817,-9.196874618530273,-1.057401180267334,-2.5902135372161865
1710532612346825831,-9.202862739562988,-0.9891430735588074,-2.483635187149048
1710532612359280763,-9.204059600830078,-0.9484277367591858,-2.4680676460266113
1710532612378371751,-9.2208251953125,-0.9807605147361755,-2.5219554901123047
1710532612407734427,-9.159751892089844,-1.0490185022354126,-2.493215322494507
1710532612426705770,-9.163344383239746,-1.0957214832305908,-2.525547981262207
1710532612443317438,-9.166936874389648,-1.0370434522628784,-2.5147705078125
1710532612466471437,-9.159751892089844,-1.003513216972351,-2.585423469543457
1710532612508446775,-9.166936874389648,-0.9939330816268921,-2.4908204078674316
1710532612525252814,-9.168134689331055,-0.9903405904769897,-2.502795457839966
1710532612535883017,-9.187294960021973,-1.0095007419586182,-2.5686583518981934
1710532612563248307,-9.172924995422363,-1.0059082508087158,-2.583028554916382
1710532612571344355,-9.152566909790039,-1.0095007419586182,-2.5794360637664795
1710532612594877723,-9.147777557373047,-1.0466235876083374,-2.555485725402832
1710532612624462985,-9.169332504272461,-1.0550061464309692,-2.5494983196258545
1710532612647288007,-9.14657974243164,-1.0370434522628784,-2.4908204078674316
1710532612704131180,-9.16094970703125,-0.9496252536773682,-2.505190372467041
1710532612735481688,-9.127419471740723,-1.047821044921875,-2.4800426959991455
1710532612743913656,-9.121432304382324,-1.0705736875534058,-2.506387948989868
1710532612808710394,-9.16094970703125,-0.999920666217804,-2.536325693130493
1710532612834193462,-9.194479942321777,-0.9771679639816284,-2.5183629989624023
1710532612842425924,-9.196874618530273,-0.9735754132270813,-2.524350643157959
1710532612867795670,-9.156159400939941,-1.0358459949493408,-2.5710535049438477
1710532612907486539,-9.194479942321777,-1.0669811964035034,-2.565065860748291
1710532612913806183,-9.142987251281738,-1.057401180267334,-2.503993034362793
1710532612924430202,-9.186097145080566,-0.9891430735588074,-2.5315356254577637
