bag_timestamp_ns,accel1_x,accel1_y,accel1_z
1710525078271474946,-9.611213684082031,0.5496569871902466,-0.610729992389679
1710525078292816553,-9.620793342590332,0.5783972144126892,-0.5879772901535034
1710525078313903429,-9.62558364868164,0.6957531571388245,-0.5245092511177063
1710525078351812960,-9.5896577835083,0.6370751857757568,-0.5448669195175171
1710525078356135198,-9.52020263671875,0.6921606659889221,-0.4430786073207855
1710525078370487369,-9.583670616149902,0.43709105253219604,-0.5736072063446045
1710525078404369218,-9.681866645812988,0.7340734601020813,-0.6274951100349426
1710525078435727123,-9.655521392822266,0.3245251476764679,-0.6262975931167603
1710525078463107209,-9.638755798339844,0.39158570766448975,-0.6777905225753784
1710525078488361430,-9.611213684082031,0.3233276307582855,-0.526904284954071
1710525078505229542,-9.571695327758789,0.4993615746498108,-0.5736072063446045
1710525078513398868,-9.571695327758789,0.4993615746498108,-0.5736072063446045
1710525078534570890,-9.61720085144043,0.7352709770202637,-0.5161266922950745
1710525078559872959,-9.667496681213379,0.32692015171051025,-0.6215075850486755
1710525078576801934,-9.613608360290527,0.3436852991580963,-0.6490502953529358
1710525078599883040,-9.583670616149902,0.7759863138198853,-0.5304968357086182
1710525078666983549,-9.616003036499023,0.6837780475616455,-0.5245092511177063
1710525078715355728,-9.618398666381836,0.449066162109375,-0.6310876607894897
1710525078734165840,-9.581275939941406,0.4143383800983429,-0.5724096894264221
1710525078785006261,-9.601633071899414,0.5664221048355103,-0.5783972144126892
1710525078809923867,-9.613608360290527,0.6011499166488647,-0.5472619533538818
1710525078820739491,-9.59444808959961,0.6921606659889221,-0.5041515827178955
1710525078830944466,-9.607621192932129,0.45625123381614685,-0.5652245879173279
1710525078841274030,-9.577683448791504,0.5532495379447937,-0.5460644364356995
1710525078908760105,-9.661508560180664,0.4131408631801605,-0.6155200004577637
1710525078936019392,-9.671089172363281,0.6155200004577637,-0.6741979718208313
1710525078969608805,-9.516610145568848,0.718505859375,-0.41673338413238525
1710525078986499797,-9.644743919372559,0.5376818776130676,-0.580792248249054
1710525079022330507,-9.600436210632324,0.8622070550918579,-0.5065466165542603
1710525079030681334,-9.645940780639648,0.41194334626197815,-0.6394702196121216
1710525079051479104,-9.604028701782227,0.239501953125,-0.5700146555900574
1710525079070579273,-9.593250274658203,0.6191125512123108,-0.5783972144126892
1710525079087430849,-9.599238395690918,0.42751097679138184,-0.6023474335670471
1710525079118988749,-9.613608360290527,0.40595582127571106,-0.5855822563171387
1710525079127385087,-9.624385833740234,0.5257067680358887,-0.5939648151397705
1710525079161125095,-9.580078125,0.4598437547683716,-0.5316943526268005
1710525079163181333,-9.559720039367676,0.5484594702720642,-0.47181883454322815
1710525079190483567,-9.563312530517578,0.6670129299163818,-0.4981640577316284
1710525079205670417,-9.645940780639648,0.7987390160560608,-0.5915698409080505
1710525079217704129,-9.571695327758789,0.26704466342926025,-0.5676196217536926
1710525079238530259,-9.644743919372559,0.880169689655304,-0.5592370629310608
1710525079283105112,-9.575287818908691,0.45265868306159973,-0.48139894008636475
1710525079289542411,-9.564510345458984,0.6023474335670471,-0.4897814989089966
1710525079300212101,-9.611213684082031,0.6394702196121216,-0.5736072063446045
1710525079312543830,-9.61720085144043,0.5939648151397705,-0.5700146555900574
1710525079340062447,-9.593250274658203,0.6526428461074829,-0.5077441334724426
1710525079350580545,-9.620793342590332,0.47541138529777527,-0.6179150342941284
1710525079385976899,-9.644743919372559,0.41194334626197815,-0.6215075850486755
1710525079390479061,-9.599238395690918,0.5700146555900574,-0.5472619533538818
1710525079415583814,-9.626781463623047,0.7316784858703613,-0.6023474335670471
1710525079436724902,-9.592053413391113,0.5065466165542603,-0.8274792432785034
1710525079461967494,-9.526189804077148,0.5484594702720642,-0.20118163526058197
1710525079487204877,-9.396859169006348,0.7987390160560608,-0.37122803926467896
1710525079527123513,-9.648336410522461,0.5939648151397705,-0.6047424077987671
1710525079531348013,-9.533374786376953,0.5795947313308716,-0.40236327052116394
1710525079552189578,-9.684261322021484,0.8454418778419495,-0.5891748070716858
1710525079560573293,-9.620793342590332,0.7879614233970642,-0.3784130811691284
1710525079625787108,-9.519004821777344,0.7316784858703613,-0.5065466165542603
1710525079640541789,-9.55732536315918,0.5520520210266113,-0.4993615746498108
1710525079653175592,-9.604028701782227,0.6155200004577637,-0.4778063893318176
1710525079674106143,-9.536968231201172,0.5736072063446045,-0.4837939441204071
1710525079695227497,-9.632768630981445,0.5281018018722534,-0.5640270709991455
1710525079703403943,-9.614806175231934,0.5173242092132568,-0.5999523997306824
1710525079707604434,-9.588460922241211,0.7508386373519897,-0.5065466165542603
1710525079728925905,-9.636361122131348,0.5592370629310608,-0.5316943526268005
1710525079745379574,-9.547745704650879,0.5771996974945068,-0.4981640577316284
1710525079758044777,-9.610015869140625,0.5125342011451721,-0.5460644364356995
1710525079772527393,-9.651928901672363,0.5364843606948853,-0.6215075850486755
1710525079800053090,-9.635163307189941,0.6215075850486755,-0.5760021805763245
1710525079816678947,-9.586065292358398,0.7711963057518005,-0.4550537168979645
1710525079850547513,-9.559720039367676,0.5484594702720642,-0.5173242092132568
1710525079881817834,-9.656719207763672,0.6598278880119324,-0.6155200004577637
1710525079978300950,-9.717791557312012,0.6849755644798279,-0.7400610446929932
1710525080009962131,-9.29028034210205,0.5101391673088074,-0.08861572295427322
1710525080050025679,-9.820777893066406,0.8226892352104187,-0.8286767601966858
1710525080075524474,-9.655521392822266,0.4203259348869324,-0.6741979718208313
1710525080100715014,-9.596843719482422,0.9268725514411926,-0.5173242092132568
1710525080108927554,-9.571695327758789,0.9340575933456421,-0.4334985315799713
1710525080123813128,-9.683063507080078,0.32572266459465027,-0.6155200004577637
1710525080132089278,-9.593250274658203,0.29578492045402527,-0.5748046636581421
1710525080140538225,-9.60283088684082,0.5412744283676147,-0.5053490996360779
1710525080170444371,-9.607621192932129,0.6789880394935608,-0.6071374416351318
1710525080224548911,-9.586065292358398,0.5676196217536926,-0.5496569871902466
1710525080258183643,-9.60283088684082,0.7508386373519897,-0.4742138683795929
1710525080283339740,-9.650731086730957,0.7041357159614563,-0.5664221048355103
1710525080302292314,-9.546547889709473,0.4095483422279358,-0.5221142768859863
1710525080348445694,-9.642348289489746,0.6718029975891113,-0.5424719452857971
1710525080360939356,-9.613608360290527,0.5233117938041687,-0.610729992389679
1710525080394669752,-9.56570816040039,0.5005590915679932,-0.4778063893318176
1710525080432531788,-9.636361122131348,0.6957531571388245,-0.5113366842269897
1710525080438957156,-9.636361122131348,0.6957531571388245,-0.5113366842269897
1710525080474623068,-9.61720085144043,0.3580554127693176,-0.5520520210266113
1710525080502036742,-9.653125762939453,0.7316784858703613,-0.5891748070716858
1710525080512580583,-9.844727516174316,0.6670129299163818,-0.8646020293235779
1710525080523099245,-9.618398666381836,0.4945715367794037,-0.6562353372573853
1710525080537774361,-9.618398666381836,0.4945715367794037,-0.6562353372573853
1710525080584121755,-9.854308128356934,0.8646020293235779,-0.790356457233429
1710525080590239292,-9.576485633850098,0.7029382586479187,-0.47062134742736816
1710525080619965579,-9.558523178100586,0.41673338413238525,-0.33171021938323975
1710525080642971255,-9.541757583618164,0.4802014231681824,-0.6418652534484863
1710525080649497912,-9.650731086730957,0.9136999249458313,-0.4203259348869324
1710525080670147402,-9.657916069030762,0.35566040873527527,-0.6418652534484863
1710525080689275271,-9.562115669250488,0.5065466165542603,-0.4993615746498108
1710525080699792115,-9.667496681213379,0.7137157917022705,-0.6011499166488647
1710525080729381548,-9.663904190063477,0.5700146555900574,-0.670605480670929
1710525080744031663,-9.587263107299805,0.6538403034210205,-0.4885839819908142
1710525080750241697,-9.563312530517578,0.5724096894264221,-0.49217650294303894
1710525080783750012,-9.6902494430542,0.45744872093200684,-0.5795947313308716
1710525080813138501,-9.687853813171387,0.8071215748786926,-0.6801855564117432
1710525080832102829,-9.548942565917969,0.5364843606948853,-0.5053490996360779
1710525080851120192,-9.538165092468262,0.43110352754592896,-0.43709105253219604
1710525080867635911,-9.683063507080078,0.5101391673088074,-0.6322851777076721
1710525080892913637,-9.511819839477539,0.7891589403152466,-0.43709105253219604
1710525080918156376,-9.67707633972168,0.5352868437767029,-0.5352868437767029
1710525080935070927,-9.538165092468262,0.40595582127571106,-0.4586462378501892
1710525081038067445,-9.5896577835083,0.6550378203392029,-0.5113366842269897
1710525081067690084,-9.616003036499023,0.7244933843612671,-0.5664221048355103
1710525081097150440,-9.83395004272461,0.5676196217536926,-0.8346642851829529
1710525081103573148,-9.139394760131836,0.5412744283676147,0.016765136271715164
1710525081147616537,-9.895023345947266,0.6753954887390137,-0.8214917182922363
1710525081162478873,-9.393266677856445,0.7029382586479187,-0.4346960484981537
1710525081185656673,-9.4699068069458,0.9089099168777466,-0.4382885694503784
1710525081206514485,-9.436376571655273,0.31614258885383606,-0.5017566084861755
1710525081231767416,-9.6902494430542,0.6801855564117432,-0.5137317180633545
1710525081246667447,-9.593250274658203,0.7496411204338074,-0.5424719452857971
1710525081299333735,-9.601633071899414,0.5005590915679932,-0.5472619533538818
1710525081342811101,-9.607621192932129,0.5903723239898682,-0.48738646507263184
1710525081347128541,-9.667496681213379,0.8238866925239563,-0.5628296136856079
1710525081370603737,-9.661508560180664,0.6897656321525574,-0.6215075850486755
1710525081416634131,-9.610015869140625,0.6730005145072937,-0.5975573658943176
1710525081435526354,-9.631570816040039,0.6538403034210205,-0.556842029094696
1710525081452507783,-9.636361122131348,0.5676196217536926,-0.6131250262260437
1710525081471312193,-9.637558937072754,0.5496569871902466,-0.53887939453125
1710525081473277820,-9.522597312927246,0.508941650390625,-0.449066162109375
1710525081526978957,-9.656719207763672,0.4586462378501892,-0.5448669195175171
1710525081547347630,-9.551338195800781,0.3652404844760895,-0.5137317180633545
1710525081559960273,-9.621991157531738,0.3999682664871216,-0.5292993187904358
1710525081599918085,-9.592053413391113,0.6753954887390137,-0.5460644364356995
1710525081606309107,-9.68545913696289,0.7232959270477295,-0.5951623320579529
1710525081629562360,-9.358538627624512,0.4885839819908142,-0.1341210901737213
1710525081641995132,-9.374106407165527,0.5939648151397705,-0.11615844815969467
1710525081658887701,-9.4507474899292,0.6646178960800171,-0.43709105253219604
1710525081669276429,-9.938133239746094,0.7723938226699829,-0.7460485696792603
1710525081681958933,-9.707014083862305,0.7688012719154358,-0.3903881907463074
1710525081690176881,-9.477092742919922,0.3053649961948395,-0.38679563999176025
1710525081700596760,-9.716594696044922,0.3580554127693176,-0.5963598489761353
1710525081736388970,-9.718989372253418,0.9172924757003784,-0.4981640577316284
1710525081772233752,-9.686656951904297,0.29937744140625,-0.616717517375946
1710525081794931343,-9.65432357788086,0.6993457078933716,-0.49576905369758606
1710525081803507685,-9.692644119262695,0.8657995462417603,-0.5436694622039795
1710525081872639312,-9.65432357788086,0.4993615746498108,-0.5999523997306824
1710525081916950177,-9.610015869140625,0.5484594702720642,-0.46583130955696106
1710525081952506906,-9.578880310058594,0.4586462378501892,-0.43709105253219604
1710525081970742645,-9.63995361328125,0.676593005657196,-0.5795947313308716
1710525081971469206,-9.582472801208496,0.8178991675376892,-0.44068360328674316
1710525081986236119,-9.618398666381836,0.5616320967674255,-0.5652245879173279
1710525081994562687,-9.650731086730957,0.4897814989089966,-0.5771996974945068
1710525082015793051,-9.608818054199219,0.43709105253219604,-0.4837939441204071
1710525082030446277,-9.535770416259766,0.48139894008636475,-0.44667112827301025
1710525082040897348,-9.619595527648926,0.6370751857757568,-0.5724096894264221
1710525082059860174,-9.632768630981445,0.8059240579605103,-0.5221142768859863
1710525082078758001,-9.632768630981445,0.8059240579605103,-0.5221142768859863
1710525082095700981,-9.559720039367676,0.3448828160762787,-0.5125342011451721
1710525082118849027,-9.605225563049316,0.3580554127693176,-0.5197192430496216
1710525082148029322,-9.72258186340332,0.676593005657196,-0.7580236792564392
1710525082200764506,-9.212442398071289,0.5376818776130676,-0.07185058295726776
1710525082246799509,-9.747729301452637,0.30776000022888184,-0.6658154129981995
1710525082269866547,-9.606423377990723,0.8753796219825745,-0.47181883454322815
1710525082280484211,-9.540560722351074,1.0059082508087158,-0.3987707495689392
1710525082293014726,-9.608818054199219,0.6035449504852295,-0.8226892352104187
1710525082299409136,-9.63037395477295,0.25147706270217896,-0.6550378203392029
1710525082312173480,-9.636361122131348,0.2897973656654358,-0.5460644364356995
1710525082326933280,-9.560917854309082,0.6215075850486755,-0.40595582127571106
1710525082356156166,-9.667496681213379,0.7520361542701721,-0.6071374416351318
1710525082379583680,-9.586065292358398,0.6598278880119324,-0.5053490996360779
1710525082402316934,-9.703421592712402,0.5125342011451721,-0.6011499166488647
1710525082416874205,-9.553732872009277,0.5496569871902466,-0.47181883454322815
1710525082427771231,-9.588460922241211,0.5999523997306824,-0.4239184558391571
1710525082444524126,-9.552535057067871,0.6071374416351318,-0.47541138529777527
1710525082484425284,-9.599238395690918,0.5915698409080505,-0.4143383800983429
1710525082513832806,-9.601633071899414,0.5053490996360779,-0.6011499166488647
1710525082530596476,-9.56570816040039,0.6610254049301147,-0.41194334626197815
1710525082537156643,-9.6998291015625,0.7209008932113647,-0.6155200004577637
1710525082568403419,-9.584868431091309,0.43110352754592896,-0.4430786073207855
1710525082589861424,-9.663904190063477,0.4346960484981537,-0.5496569871902466
1710525082615129560,-9.600436210632324,0.8178991675376892,-0.49576905369758606
1710525082634070419,-9.626781463623047,0.31135255098342896,-0.5352868437767029
1710525082671791706,-9.619595527648926,0.6825805902481079,-0.5077441334724426
1710525082682276231,-9.669891357421875,0.7891589403152466,-0.5927673578262329
1710525082686368529,-9.674681663513184,0.7496411204338074,-0.6334826946258545
1710525082711599261,-9.623188018798828,0.5460644364356995,-0.688568115234375
1710525082739062200,-9.704619407653809,0.3197351098060608,-0.5748046636581421
1710525082764964300,-9.621991157531738,0.7232959270477295,-0.5436694622039795
1710525082814721874,-9.638755798339844,0.6801855564117432,-0.6095324754714966
1710525082856909491,-9.580078125,0.8286767601966858,-0.39757323265075684
1710525082858968299,-9.580078125,0.8286767601966858,-0.580792248249054
1710525082898905350,-9.683063507080078,0.7807763814926147,-0.6322851777076721
1710525082915569846,-9.547745704650879,0.640667736530304,-0.43230101466178894
1710525082961712347,-9.584868431091309,0.5580395460128784,-0.4179309010505676
1710525082978583770,-9.533374786376953,0.6514453291893005,-0.3939807116985321
1710525083001632212,-9.686656951904297,0.7795788645744324,-0.5760021805763245
1710525083029563271,-9.444759368896484,0.47660887241363525,-0.3388952612876892
1710525083046054334,-9.574090957641602,0.5987548828125,-0.46104127168655396
1710525083064731519,-9.544153213500977,0.6777905225753784,-0.3939807116985321
1710525083070983285,-9.553732872009277,0.7328760027885437,-0.43589356541633606
1710525083087800487,-9.64953327178955,0.6682104468345642,-0.5724096894264221
1710525083108479532,-9.587263107299805,0.5065466165542603,-0.4239184558391571
1710525083144076852,-9.620793342590332,0.646655261516571,-0.5316943526268005
1710525083197490428,-9.657916069030762,0.6873705983161926,-0.5484594702720642
1710525083201019424,-9.657916069030762,0.3448828160762787,-0.5245092511177063
1710525083213474945,-9.583670616149902,0.43230101466178894,-0.4502636790275574
1710525083226135486,-9.673483848571777,0.8107141256332397,-0.568817138671875
1710525083230543058,-9.593250274658203,0.7975414991378784,-0.5161266922950745
1710525083253652172,-9.80521011352539,0.5891748070716858,-0.8394543528556824
1710525083266044126,-9.723779678344727,0.48618897795677185,-0.7328760027885437
1710525083280813727,-9.275910377502441,0.3748205602169037,0.05748046934604645
1710525083301668110,-9.681866645812988,0.7556286454200745,-0.48139894008636475
1710525083333263634,-9.554930686950684,0.389190673828125,-0.23231689631938934
1710525083370201135,-9.64953327178955,0.8957372903823853,-0.4993615746498108
1710525083370692570,-9.661508560180664,0.6789880394935608,-0.49576905369758606
1710525083396224210,-9.595645904541016,0.2838098108768463,-0.5831872820854187
1710525083404571489,-9.659113883972168,0.1353186070919037,-0.5712121725082397
1710525083421728723,-9.52978229522705,0.31255003809928894,-0.3903881907463074
1710525083465732109,-9.550140380859375,0.6119275093078613,-0.3736230432987213
1710525083486587405,-9.5704984664917,0.4478686451911926,-0.5233117938041687
1710525083509765222,-9.63037395477295,0.4993615746498108,-0.4287084937095642
1710525083541346219,-9.632768630981445,0.6262975931167603,-0.550854504108429
1710525083547755508,-9.504634857177734,0.47062134742736816,-0.35685789585113525
1710525083583447308,-9.582472801208496,0.4646337926387787,-0.4346960484981537
1710525083587889859,-9.661508560180664,0.5281018018722534,-0.628692626953125
1710525083608571070,-9.5704984664917,0.65863037109375,-0.37721556425094604
1710525083616828166,-9.528585433959961,0.7460485696792603,-0.3484753370285034
1710525083633900901,-9.635163307189941,0.7616162300109863,-0.5173242092132568
1710525083686254259,-9.574090957641602,0.3939807116985321,-0.48618897795677185
1710525083715568687,-9.599238395690918,0.7424560785293579,-0.5185217261314392
1710525083745028347,-9.59444808959961,0.3436852991580963,-0.46583130955696106
1710525083747050691,-9.59444808959961,0.3436852991580963,-0.46583130955696106
1710525083799336967,-9.593250274658203,0.8214917182922363,-0.5161266922950745
1710525083803464801,-9.821974754333496,0.6346801519393921,-0.8167016506195068
1710525083814195950,-9.204059600830078,0.3400927782058716,0.027542725205421448
1710525083835068684,-9.533374786376953,0.6119275093078613,-0.4586462378501892
1710525083856188933,-9.845925331115723,0.9580078125,-0.8190966844558716
1710525083877525868,-9.42320442199707,0.14130614697933197,-0.24668700993061066
1710525083889686151,-9.647138595581055,0.13771362602710724,-0.5724096894264221
1710525083917035624,-9.66270637512207,0.7460485696792603,-0.6071374416351318
1710525083952495930,-9.60283088684082,0.1401086449623108,-0.6023474335670471
1710525083979803867,-9.721384048461914,0.7460485696792603,-0.6801855564117432
1710525084041055774,-9.648336410522461,0.41673338413238525,-0.5316943526268005
1710525084070527399,-9.632768630981445,0.8478369116783142,-0.5460644364356995
1710525084085376712,-9.65432357788086,0.7149133086204529,-0.49576905369758606
1710525084137754032,-9.514215469360352,0.5149291753768921,-0.37721556425094604
1710525084158769721,-9.642348289489746,0.706530749797821,-0.4945715367794037
1710525084177789045,-9.627978324890137,0.7017407417297363,-0.5520520210266113
1710525084198720093,-9.5896577835083,0.5819897651672363,-0.4251159727573395
1710525084218049286,-9.626781463623047,0.3592529296875,-0.4945715367794037
1710525084219976275,-9.5896577835083,0.32213011384010315,-0.5292993187904358
1710525084241058792,-9.584868431091309,0.6562353372573853,-0.4694238305091858
1710525084293767862,-9.631570816040039,0.48738646507263184,-0.5676196217536926
1710525084306446207,-9.581275939941406,0.2897973656654358,-0.46223875880241394
1710525084316774233,-9.669891357421875,0.7711963057518005,-0.5316943526268005
1710525084331371628,-9.629176139831543,0.8023315668106079,-0.5113366842269897
1710525084346141844,-9.801617622375488,0.6610254049301147,-0.760418713092804
1710525084356616467,-9.41482162475586,0.29698240756988525,0.08262817561626434
1710525084385980763,-9.305848121643066,0.4885839819908142,-0.10059081763029099
1710525084409040196,-9.772876739501953,1.0430309772491455,-0.7699987888336182
1710525084421683316,-9.516610145568848,0.718505859375,-0.3999682664871216
1710525084461450449,-9.590855598449707,0.6274951100349426,-0.4634362757205963
1710525084476326311,-9.687853813171387,0.22034180164337158,-0.6023474335670471
1710525084488641738,-9.619595527648926,0.20716919004917145,-0.5292993187904358
1710525084516060834,-9.517807960510254,0.5604345798492432,-0.3436852991580963
1710525084524495009,-9.689051628112793,0.7580236792564392,-0.5580395460128784
1710525084541490129,-9.678274154663086,0.7747887969017029,-0.5197192430496216
1710525084566419113,-9.556127548217773,0.508941650390625,-0.4131408631801605
1710525084583575876,-9.627978324890137,0.3784130811691284,-0.550854504108429
1710525084598466307,-9.626781463623047,0.44068360328674316,-0.5041515827178955
1710525084621381492,-9.592053413391113,0.580792248249054,-0.4430786073207855
1710525084629569256,-9.697434425354004,0.8190966844558716,-0.5472619533538818
1710525084644367529,-9.550140380859375,0.45744872093200684,-0.3341052234172821
1710525084654922326,-9.641151428222656,0.5161266922950745,-0.5364843606948853
1710525084669476849,-9.693841934204102,0.5304968357086182,-0.610729992389679
1710525084690862579,-9.61720085144043,0.65863037109375,-0.40595582127571106
1710525084707473590,-9.612410545349121,0.6801855564117432,-0.5257067680358887
1710525084787302218,-9.629176139831543,0.910107433795929,-0.4742138683795929
1710525084806252207,-9.641151428222656,0.6035449504852295,-0.47660887241363525
1710525084839905815,-9.592053413391113,0.34727782011032104,-0.4394860863685608
1710525084873556077,-9.637558937072754,0.8442443609237671,-0.48738646507263184
1710525084899085405,-9.513017654418945,0.34129029512405396,-0.24548950791358948
1710525084924158405,-9.559720039367676,0.646655261516571,-0.45744872093200684
1710525084945135049,-9.812395095825195,0.9352551102638245,-0.7640112042427063
1710525084966153289,-9.524992942810059,0.4993615746498108,-0.2191442847251892
1710525084978913092,-9.686656951904297,0.19160155951976776,-0.6023474335670471
1710525085006341019,-9.584868431091309,1.003513216972351,-0.36763548851013184
1710525085033909709,-9.681866645812988,0.4251159727573395,-0.5915698409080505
1710525085050611445,-9.502240180969238,0.47181883454322815,-0.3137475550174713
1710525085071700289,-9.703421592712402,0.7328760027885437,-0.65863037109375
1710525085082125371,-9.5896577835083,0.7268884181976318,-0.46223875880241394
1710525085096802257,-9.547745704650879,0.6849755644798279,-0.3736230432987213
1710525085119998489,-9.586065292358398,0.4394860863685608,-0.45265868306159973
1710525085138943216,-9.65432357788086,0.44547364115715027,-0.5292993187904358
1710525085176700069,-9.6998291015625,0.868194580078125,-0.5724096894264221
1710525085202032377,-9.599238395690918,0.6921606659889221,-0.49696654081344604
1710525085214529553,-9.568102836608887,0.5364843606948853,-0.3736230432987213
1710525085220740319,-9.60283088684082,0.4742138683795929,-0.43110352754592896
1710525085235580072,-9.545350074768066,0.6418652534484863,-0.39158570766448975
1710525085245998836,-9.586065292358398,0.7316784858703613,-0.37242552638053894
1710525085266716334,-9.673483848571777,0.6945556402206421,-0.5712121725082397
1710525085281531190,-9.550140380859375,0.6203100681304932,-0.38559815287590027
1710525085292070653,-9.580078125,0.3592529296875,-0.449066162109375
1710525085304685641,-9.635163307189941,0.36164796352386475,-0.5101391673088074
1710525085325469194,-9.614806175231934,0.6526428461074829,-0.49696654081344604
1710525085333918982,-9.64953327178955,0.8669970631599426,-0.47541138529777527
1710525085357095532,-9.644743919372559,0.7197033762931824,-0.4933740198612213
1710525085368809193,-9.581275939941406,0.4802014231681824,-0.46104127168655396
1710525085373753047,-9.613608360290527,0.3101550340652466,-0.4682263135910034
1710525085380212303,-9.583670616149902,0.31255003809928894,-0.43709105253219604
1710525085401624988,-9.616003036499023,0.7376660108566284,-0.4897814989089966
1710525085413780532,-9.650731086730957,0.8358618021011353,-0.49696654081344604
1710525085415868917,-9.631570816040039,0.7891589403152466,-0.5364843606948853
1710525085437034290,-9.855504989624023,0.6670129299163818,-0.8466393947601318
1710525085449714220,-9.293872833251953,0.3400927782058716,0.049097899347543716
1710525085462274578,-9.514215469360352,0.6119275093078613,-0.31255003809928894
1710525085478982538,-9.514215469360352,0.6119275093078613,-0.31255003809928894
1710525085500052942,-9.776470184326172,0.9472302198410034,-0.7053332328796387
1710525085512865144,-9.550140380859375,0.31135255098342896,-0.2838098108768463
1710525085539982625,-9.618398666381836,0.5340893268585205,-0.5448669195175171
1710525085569680387,-9.697434425354004,0.6131250262260437,-0.4945715367794037
1710525085577610890,-9.576485633850098,0.20118163526058197,-0.5736072063446045
1710525085621759069,-9.67707633972168,0.8059240579605103,-0.580792248249054
1710525085649409503,-9.55732536315918,0.4131408631801605,-0.4550537168979645
1710525085672724463,-9.657916069030762,0.48139894008636475,-0.5221142768859863
1710525085680705844,-9.657916069030762,0.48139894008636475,-0.5221142768859863
1710525085718655927,-9.610015869140625,0.6442602276802063,-0.4945715367794037
1710525085737675799,-9.620793342590332,0.7089257836341858,-0.4802014231681824
1710525085754432469,-9.516610145568848,0.5304968357086182,-0.3532653748989105
1710525085769785543,-9.674681663513184,0.5161266922950745,-0.5999523997306824
1710525085779741880,-9.540560722351074,0.5771996974945068,-0.39278319478034973
1710525085830855915,-9.563312530517578,0.790356457233429,-0.3939807116985321
1710525085836543720,-9.643546104431152,0.6849755644798279,-0.5245092511177063
1710525085868190919,-9.619595527648926,0.5712121725082397,-0.4694238305091858
1710525085883008660,-9.624385833740234,0.7688012719154358,-0.4646337926387787
1710525085910241994,-9.623188018798828,0.4143383800983429,-0.4778063893318176
1710525085937465361,-9.596843719482422,0.38080811500549316,-0.4442761242389679
1710525085943725359,-9.611213684082031,0.6730005145072937,-0.47181883454322815
1710525085960469371,-9.80521011352539,0.760418713092804,-0.7328760027885437
1710525085981274617,-9.808802604675293,0.6155200004577637,-0.7472460865974426
1710525086042410471,-9.747729301452637,1.0071057081222534,-0.7125183343887329
1710525086050868455,-9.620793342590332,0.44547364115715027,-0.21076172590255737
1710525086073958242,-9.547745704650879,0.39757323265075684,-0.5233117938041687
1710525086099135227,-9.568102836608887,0.9675878882408142,-0.37721556425094604
1710525086113748717,-9.593250274658203,0.36164796352386475,-0.5520520210266113
1710525086178930999,-9.5896577835083,0.45265868306159973,-0.3999682664871216
1710525086195775615,-9.608818054199219,0.389190673828125,-0.47181883454322815
1710525086214776535,-9.635163307189941,0.3939807116985321,-0.4778063893318176
1710525086248543534,-9.592053413391113,0.6179150342941284,-0.41553589701652527
1710525086275931784,-9.65432357788086,0.7867639064788818,-0.4981640577316284
1710525086284233661,-9.578880310058594,0.5999523997306824,-0.389190673828125
1710525086294807339,-9.578880310058594,0.5999523997306824,-0.389190673828125
1710525086301217385,-9.620793342590332,0.5173242092132568,-0.4802014231681824
1710525086324233631,-9.580078125,0.6239025592803955,-0.3796105980873108
1710525086393315309,-9.65432357788086,0.41074585914611816,-0.48259642720222473
1710525086414474025,-9.629176139831543,0.48259642720222473,-0.47660887241363525
1710525086452002489,-9.660311698913574,0.5185217261314392,-0.48738646507263184
1710525086487669459,-9.619595527648926,0.3544628918170929,-0.4346960484981537
1710525086510614860,-9.599238395690918,0.8382568359375,-0.42751097679138184
1710525086516939194,-9.701026916503906,0.7999365329742432,-0.5819897651672363
1710525086594488278,-9.806407928466797,0.6334826946258545,-0.4083508253097534
1710525086617712558,-9.657916069030762,0.3987707495689392,-0.49097901582717896
1710525086737716348,-9.588460922241211,0.7999365329742432,-0.44667112827301025
1710525086754608777,-9.635163307189941,0.35206785798072815,-0.4694238305091858
1710525086828389295,-9.546547889709473,0.5963598489761353,-0.3233276307582855
1710525086849480648,-9.559720039367676,0.53887939453125,-0.3844006359577179
1710525086927270418,-9.563312530517578,0.4981640577316284,-0.36284545063972473
1710525086992488171,-9.600436210632324,0.7699987888336182,-0.4442761242389679
1710525086994431588,-9.633966445922852,0.8346642851829529,-0.43589356541633606
1710525087017531902,-9.586065292358398,0.3832031190395355,-0.3999682664871216
1710525087045144875,-9.681866645812988,0.7137157917022705,-0.4802014231681824
1710525087070393440,-9.8100004196167,0.7089257836341858,-0.7544311285018921
1710525087143617456,-9.575287818908691,0.8059240579605103,-0.3245251476764679
1710525087152123861,-9.492659568786621,0.4131408631801605,-0.209564208984375
1710525087175585531,-9.55732536315918,0.3951782286167145,-0.5939648151397705
1710525087196471686,-9.697434425354004,0.8226892352104187,-0.4035607874393463
1710525087200337709,-9.447154998779297,0.910107433795929,-0.34608033299446106
1710525087299270822,-9.532177925109863,0.6298901438713074,-0.3388952612876892
1710525087311883816,-9.624385833740234,0.3796105980873108,-0.4394860863685608
1710525087341304996,-9.678274154663086,0.8155041337013245,-0.47062134742736816
1710525087374838972,-9.578880310058594,0.5328918695449829,-0.32093262672424316
1710525087404402355,-9.641151428222656,0.5065466165542603,-0.5257067680358887
1710525087438147761,-9.598040580749512,0.7173083424568176,-0.3700305223464966
1710525087448640204,-9.672286033630371,0.6718029975891113,-0.5029541254043579
1710525087465778448,-9.587263107299805,0.520916759967804,-0.3700305223464966
1710525087478044161,-9.56570816040039,0.4346960484981537,-0.38559815287590027
1710525087503248974,-9.62558364868164,0.5472619533538818,-0.44547364115715027
1710525087522138331,-9.607621192932129,0.6813830733299255,-0.4478686451911926
1710525087549140248,-9.574090957641602,0.34727782011032104,-0.40236327052116394
1710525087601524649,-9.638755798339844,0.826281726360321,-0.4502636790275574
1710525087627007173,-9.588460922241211,0.6274951100349426,-0.646655261516571
1710525087658700363,-9.38608169555664,0.628692626953125,-0.39757323265075684
1710525087696593147,-9.752519607543945,0.47181883454322815,-0.2490820288658142
1710525087707071497,-9.273515701293945,0.29578492045402527,-0.24189697206020355
1710525087715577412,-9.539362907409668,0.3999682664871216,-0.5245092511177063
1710525087732802505,-9.563312530517578,0.8945397734642029,-0.3101550340652466
1710525087736372591,-9.536968231201172,0.9627978801727295,-0.30296996235847473
1710525087765938476,-9.695038795471191,0.2347119152545929,-0.4778063893318176
1710525087780740692,-9.592053413391113,0.580792248249054,-0.4778063893318176
1710525087810213231,-9.71419906616211,0.7316784858703613,-0.5544469952583313
1710525087833411205,-9.596843719482422,0.5771996974945068,-0.389190673828125
1710525087848229484,-9.604028701782227,0.46104127168655396,-0.40715330839157104
1710525087877364252,-9.645940780639648,0.5640270709991455,-0.38559815287590027
1710525087885993925,-9.564510345458984,0.6179150342941284,-0.449066162109375
1710525087898547017,-9.637558937072754,0.826281726360321,-0.4646337926387787
1710525087923776948,-9.637558937072754,0.826281726360321,-0.4646337926387787
1710525087932055163,-9.595645904541016,0.5999523997306824,-0.33769774436950684
1710525087955170326,-9.621991157531738,0.48738646507263184,-0.4778063893318176
1710525088029191581,-9.592053413391113,0.47900390625,-0.4179309010505676
1710525088047695107,-9.599238395690918,0.37242552638053894,-0.4083508253097534
1710525088087525960,-9.638755798339844,0.7460485696792603,-0.4382885694503784
1710525088089544428,-9.595645904541016,0.5903723239898682,-0.45744872093200684
1710525088102238418,-9.632768630981445,0.47541138529777527,-0.41673338413238525
1710525088125186715,-9.620793342590332,0.5149291753768921,-0.4742138683795929
1710525088175226901,-9.897418022155762,0.6634204387664795,-0.8454418778419495
1710525088221718593,-9.4699068069458,0.748443603515625,-0.4287084937095642
1710525088236442297,-9.4699068069458,0.748443603515625,-0.4287084937095642
1710525088251284799,-9.717791557312012,0.36643800139427185,-0.42152345180511475
1710525088266043354,-9.547745704650879,0.47541138529777527,-0.48259642720222473
1710525088270199924,-9.44595718383789,0.916094958782196,-0.3388952612876892
1710525088285000613,-9.72258186340332,0.9472302198410034,-0.3592529296875
1710525088368234411,-9.661508560180664,0.7472460865974426,-0.46223875880241394
1710525088377782115,-9.54295539855957,0.7352709770202637,-0.3245251476764679
1710525088405035509,-9.692644119262695,0.4742138683795929,-0.4646337926387787
1710525088449040678,-9.689051628112793,0.856219470500946,-0.4897814989089966
1710525088480667351,-9.583670616149902,0.4802014231681824,-0.39637574553489685
1710525088501603804,-9.581275939941406,0.6059399247169495,-0.40116578340530396
1710525088539383636,-9.553732872009277,0.730480968952179,-0.3436852991580963
1710525088589678989,-9.539362907409668,0.44667112827301025,-0.38200560212135315
1710525088594202952,-9.568102836608887,0.38080811500549316,-0.43709105253219604
1710525088611085944,-9.62558364868164,0.7819738984107971,-0.43230101466178894
1710525088635931010,-9.648336410522461,0.508941650390625,-0.45146119594573975
1710525088644320763,-9.648336410522461,0.508941650390625,-0.45146119594573975
1710525088652720335,-9.553732872009277,0.39757323265075684,-0.38559815287590027
1710525088695619862,-9.581275939941406,0.7699987888336182,-0.40595582127571106
1710525088697134955,-9.790840148925781,0.7400610446929932,-0.7089257836341858
1710525088713997532,-9.12382698059082,0.45146119594573975,-0.03832031413912773
1710525088791880224,-9.261540412902832,0.34129029512405396,-0.3197351098060608
1710525088806518944,-9.777667045593262,0.7652087211608887,-0.44188109040260315
1710525088821186628,-9.60283088684082,0.9843530058860779,-0.2790197730064392
1710525088854922119,-9.598040580749512,0.7161108255386353,-0.3951782286167145
1710525088859153704,-9.645940780639648,0.45146119594573975,-0.5221142768859863
1710525088882290221,-9.613608360290527,0.4682263135910034,-0.3484753370285034
1710525088890672785,-9.63995361328125,0.580792248249054,-0.44547364115715027
1710525088911680448,-9.580078125,0.7448510527610779,-0.40236327052116394
1710525088941120134,-9.584868431091309,0.48139894008636475,-0.4143383800983429
1710525088972617680,-9.52978229522705,0.48139894008636475,-0.26584717631340027
1710525089004383547,-9.641151428222656,0.6179150342941284,-0.46702879667282104
1710525089036188590,-9.663904190063477,0.5292993187904358,-0.5005590915679932
1710525089054772484,-9.527387619018555,0.7161108255386353,-0.3149450719356537
1710525089084238555,-9.629176139831543,0.7520361542701721,-0.4802014231681824
1710525089094620266,-9.663904190063477,0.6239025592803955,-0.3604504466056824
1710525089140752751,-9.64953327178955,0.42272093892097473,-0.43709105253219604
1710525089155486541,-9.623188018798828,0.7544311285018921,-0.3951782286167145
1710525089172402594,-9.629176139831543,0.7340734601020813,-0.45146119594573975
1710525089195438264,-9.559720039367676,0.3999682664871216,-0.3640429675579071
1710525089229272737,-9.627978324890137,0.5879772901535034,-0.4394860863685608
1710525089246069718,-9.801617622375488,0.39158570766448975,-0.5304968357086182
1710525089281712783,-9.184900283813477,0.5233117938041687,0.05269043147563934
1710525089309064550,-9.684261322021484,0.39757323265075684,-0.15208373963832855
1710525089328227898,-9.527387619018555,0.7879614233970642,-0.42751097679138184
1710525089334187541,-9.319021224975586,0.3388952612876892,-0.19040405750274658
1710525089351001958,-9.794432640075684,0.23351439833641052,-0.5137317180633545
1710525089368005093,-9.571695327758789,0.9065148830413818,-0.2885998487472534
1710525089378309874,-9.553732872009277,0.9244775176048279,-0.3844006359577179
1710525089399498372,-9.544153213500977,0.5436694622039795,-0.47181883454322815
1710525089424454831,-9.762099266052246,0.40116578340530396,-0.5245092511177063
1710525089436995160,-9.536968231201172,0.37721556425094604,-0.3796105980873108
1710525089462140806,-9.707014083862305,0.6179150342941284,-0.5257067680358887
1710525089466899968,-9.672286033630371,0.7879614233970642,-0.43709105253219604
1710525089481219414,-9.621991157531738,0.4442761242389679,-0.3736230432987213
1710525089525396880,-9.613608360290527,0.5364843606948853,-0.38080811500549316
1710525089577713431,-9.680668830871582,0.49696654081344604,-0.5041515827178955
1710525089601241705,-9.680668830871582,0.49696654081344604,-0.5041515827178955
1710525089632700522,-9.618398666381836,0.7759863138198853,-0.43110352754592896
1710525089668416315,-9.599238395690918,0.3903881907463074,-0.3999682664871216
1710525089683307745,-9.620793342590332,0.508941650390625,-0.4035607874393463
1710525089699882969,-9.637558937072754,0.7939489483833313,-0.389190673828125
1710525089723213821,-9.588460922241211,0.5017566084861755,-0.44188109040260315
1710525089752416066,-9.581275939941406,0.42631348967552185,-0.34248778223991394
1710525089779866439,-9.669891357421875,0.640667736530304,-0.4586462378501892
1710525089790357680,-9.770482063293457,0.6622229218482971,-0.6849755644798279
1710525089849182773,-9.52978229522705,0.5604345798492432,-0.11735595762729645
1710525089855423684,-9.710606575012207,0.9520202875137329,-0.556842029094696
1710525089870241163,-9.707014083862305,0.6969506740570068,-0.5927673578262329
1710525089910027437,-9.5704984664917,0.47541138529777527,-0.5724096894264221
1710525089933130156,-9.592053413391113,0.7544311285018921,-0.3604504466056824
1710525089948008013,-9.618398666381836,0.3233276307582855,-0.4478686451911926
1710525089971851866,-9.558523178100586,0.2981799244880676,-0.34129029512405396
1710525089973338793,-9.633966445922852,0.5664221048355103,-0.4382885694503784
1710525089979298453,-9.708211898803711,0.6502478122711182,-0.5436694622039795
1710525090008862485,-9.632768630981445,0.8370593190193176,-0.4346960484981537
1710525090055302984,-9.604028701782227,0.5364843606948853,-0.33769774436950684
1710525090074231774,-9.657916069030762,0.7711963057518005,-0.41074585914611816
1710525090105754855,-9.583670616149902,0.6490502953529358,-0.30177247524261475
1710525090130831367,-9.627978324890137,0.520916759967804,-0.44667112827301025
1710525090143378295,-9.618398666381836,0.5077441334724426,-0.3844006359577179
1710525090153925989,-9.551338195800781,0.580792248249054,-0.32692015171051025
1710525090177058098,-9.596843719482422,0.7424560785293579,-0.3796105980873108
1710525090200367240,-9.665101051330566,0.7508386373519897,-0.4646337926387787
1710525090233993463,-9.621991157531738,0.508941650390625,-0.40116578340530396
1710525090255082370,-9.60283088684082,0.5736072063446045,-0.4047583043575287
1710525090284577181,-9.610015869140625,0.7101233005523682,-0.41912841796875
1710525090307463326,-9.618398666381836,0.670605480670929,-0.4143383800983429
1710525090322131374,-9.663904190063477,0.6993457078933716,-0.5149291753768921
1710525090374711417,-9.733359336853027,0.38679563999176025,-0.4646337926387787
1710525090376810874,-9.207653045654297,0.4251159727573395,0.08741821348667145
1710525090416793471,-9.655521392822266,0.5125342011451721,-0.24069947004318237
1710525090431411236,-9.707014083862305,0.39278319478034973,-0.5053490996360779
1710525090469313020,-9.633966445922852,1.003513216972351,-0.23590941727161407
1710525090496700410,-9.681866645812988,0.3233276307582855,-0.48738646507263184
1710525090532349155,-9.671089172363281,0.5580395460128784,-0.4981640577316284
1710525090542810483,-9.661508560180664,0.7412585616111755,-0.46583130955696106
1710525090553268824,-9.546547889709473,0.796343982219696,-0.32572266459465027
1710525090580541653,-9.631570816040039,0.4538561999797821,-0.3987707495689392
1710525090582567205,-9.624385833740234,0.39637574553489685,-0.3903881907463074
1710525090614319588,-9.644743919372559,0.5340893268585205,-0.3580554127693176
1710525090646013433,-9.599238395690918,0.7077282667160034,-0.3185375928878784
1710525090688065941,-9.607621192932129,0.6370751857757568,-0.3245251476764679
1710525090711113823,-9.572893142700195,0.7328760027885437,-0.3604504466056824
1710525090742514096,-9.620793342590332,0.6430627703666687,-0.37242552638053894
1710525090770576322,-9.599238395690918,0.43230101466178894,-0.3879931569099426
1710525090778684255,-9.574090957641602,0.4694238305091858,-0.36164796352386475
1710525090793026480,-9.623188018798828,0.706530749797821,-0.3903881907463074
1710525090816308224,-9.608818054199219,0.6119275093078613,-0.3796105980873108
1710525090837770316,-9.610015869140625,0.4646337926387787,-0.37721556425094604
1710525090862992431,-9.629176139831543,0.7328760027885437,-0.3987707495689392
1710525090871706219,-9.86508560180664,0.6262975931167603,-0.5760021805763245
1710525090883826065,-9.74533462524414,0.5999523997306824,-0.5760021805763245
1710525090898807781,-9.691446304321289,0.4981640577316284,-0.5951623320579529
1710525090959447315,-9.754914283752441,0.736468493938446,-0.4993615746498108
1710525090976006493,-9.472302436828613,0.17962646484375,-0.3233276307582855
1710525090990776674,-9.598040580749512,0.449066162109375,-0.5185217261314392
1710525091011785641,-9.668693542480469,0.8442443609237671,-0.35566040873527527
1710525091018239292,-9.522597312927246,0.9927356243133545,-0.2299218773841858
1710525091043634684,-9.580078125,0.29099488258361816,-0.3700305223464966
1710525091092692698,-9.517807960510254,0.7173083424568176,-0.32213011384010315
1710525091119533247,-9.655521392822266,0.5137317180633545,-0.41194334626197815
1710525091172080973,-9.626781463623047,0.6119275093078613,-0.41553589701652527
1710525091201390461,-9.581275939941406,0.4981640577316284,-0.32692015171051025
1710525091216065569,-9.60283088684082,0.5616320967674255,-0.3748205602169037
1710525091249585171,-9.610015869140625,0.6059399247169495,-0.3041674792766571
1710525091262194515,-9.63037395477295,0.6969506740570068,-0.36763548851013184
1710525091279243245,-9.61720085144043,0.7280859351158142,-0.41673338413238525
1710525091300087330,-9.5896577835083,0.40715330839157104,-0.33171021938323975
1710525091314833447,-9.669891357421875,0.44667112827301025,-0.42631348967552185
1710525091331696215,-9.650731086730957,0.7137157917022705,-0.39757323265075684
1710525091367250564,-9.62558364868164,0.508941650390625,-0.37242552638053894
1710525091381910283,-9.566905975341797,0.5029541254043579,-0.3532653748989105
1710525091396702766,-9.614806175231934,0.6083349585533142,-0.36164796352386475
1710525091432555523,-9.626781463623047,0.7340734601020813,-0.38559815287590027
1710525091453598919,-9.770482063293457,0.556842029094696,-0.6981481909751892
1710525091472400173,-9.473499298095703,0.6849755644798279,-0.3233276307582855
1710525091493276052,-9.772876739501953,0.9292675852775574,-0.5903723239898682
1710525091539558875,-9.4699068069458,0.18321900069713593,-0.17603392899036407
1710525091577255838,-9.683063507080078,0.3137475550174713,-0.5017566084861755
1710525091632272645,-9.613608360290527,0.7735912799835205,-0.3748205602169037
1710525091644728978,-9.545350074768066,0.5987548828125,-0.25147706270217896
1710525091659600453,-9.626781463623047,0.4502636790275574,-0.37601807713508606
1710525091672223723,-9.613608360290527,0.45265868306159973,-0.3951782286167145
1710525091701815803,-9.550140380859375,0.5245092511177063,-0.3041674792766571
1710525091809157882,-9.576485633850098,0.5712121725082397,-0.30776000022888184
1710525091844733841,-9.581275939941406,0.5412744283676147,-0.32692015171051025
1710525091876457383,-9.593250274658203,0.5005590915679932,-0.3784130811691284
1710525091899563662,-9.643546104431152,0.7113208174705505,-0.3796105980873108
1710525091926979662,-9.629176139831543,0.41553589701652527,-0.36164796352386475
1710525091994755804,-9.368119239807129,0.3879931569099426,0.019160157069563866
1710525092010889475,-9.424402236938477,0.5748046636581421,-0.10178832709789276
1710525092027911833,-9.753717422485352,1.0047106742858887,-0.6730005145072937
1710525092052982225,-9.431587219238281,0.6346801519393921,-0.16166381537914276
1710525092059399060,-9.517807960510254,0.09580077975988388,-0.3832031190395355
1710525092084425568,-9.659113883972168,0.508941650390625,-0.5233117938041687
1710525092143244884,-9.62558364868164,0.6550378203392029,-0.4035607874393463
1710525092147449783,-9.6998291015625,0.3101550340652466,-0.5125342011451721
1710525092159997590,-9.684261322021484,0.6730005145072937,-0.4179309010505676
1710525092185089021,-9.716594696044922,0.718505859375,-0.5484594702720642
1710525092214541518,-9.595645904541016,0.42631348967552185,-0.34727782011032104
1710525092229224249,-9.642348289489746,0.40595582127571106,-0.3796105980873108
1710525092248160403,-9.619595527648926,0.5616320967674255,-0.31135255098342896
1710525092267178204,-9.5704984664917,0.6191125512123108,-0.3496728539466858
1710525092311253856,-9.619595527648926,0.5292993187904358,-0.45625123381614685
1710525092326212748,-9.695038795471191,0.616717517375946,-0.41194334626197815
1710525092338527490,-9.584868431091309,0.6801855564117432,-0.3053649961948395
1710525092369851433,-9.599238395690918,0.6921606659889221,-0.3496728539466858
1710525092391095449,-9.600436210632324,0.5137317180633545,-0.29099488258361816
1710525092405587015,-9.595645904541016,0.4095483422279358,-0.37242552638053894
1710525092428861728,-9.592053413391113,0.65863037109375,-0.35566040873527527
1710525092437322953,-9.63037395477295,0.7699987888336182,-0.3604504466056824
1710525092454134602,-9.638755798339844,0.6753954887390137,-0.37721556425094604
1710525092513274584,-9.908195495605469,0.5963598489761353,-0.6741979718208313
1710525092529878334,-9.521400451660156,0.45625123381614685,-0.1700463891029358
1710525092550914810,-9.279502868652344,0.4837939441204071,0.17723144590854645
1710525092571908012,-9.691446304321289,1.0095007419586182,-0.48738646507263184
1710525092603168396,-9.53457260131836,0.16286133229732513,-0.1844165027141571
1710525092632942567,-9.757309913635254,0.3341052234172821,-0.550854504108429
1710525092670599108,-9.64953327178955,0.2442919909954071,-0.4646337926387787
1710525092706595743,-9.728569030761719,0.7280859351158142,-0.5065466165542603
1710525092719054097,-9.686656951904297,0.7819738984107971,-0.5017566084861755
1710525092744279424,-9.50583267211914,0.7747887969017029,-0.23590941727161407
1710525092763526104,-9.642348289489746,0.38559815287590027,-0.4251159727573395
1710525092807324085,-9.578880310058594,0.47181883454322815,-0.34608033299446106
1710525092828624793,-9.489067077636719,0.49097901582717896,-0.2299218773841858
1710525092855686320,-9.624385833740234,0.5221142768859863,-0.28620484471321106
1710525092878851618,-9.548942565917969,0.5891748070716858,-0.2706372141838074
1710525092903864677,-9.6902494430542,0.7125183343887329,-0.4299060106277466
1710525092922627985,-9.62558364868164,0.6095324754714966,-0.41074585914611816
1710525092947766237,-9.584868431091309,0.5724096894264221,-0.2706372141838074
1710525092994184044,-9.614806175231934,0.700543224811554,-0.3544628918170929
1710525093008750095,-9.5704984664917,0.4083508253097534,-0.3041674792766571
1710525093027622264,-9.613608360290527,0.5975573658943176,-0.3436852991580963
1710525093059211331,-9.600436210632324,0.6622229218482971,-0.37242552638053894
1710525093078209376,-9.732161521911621,0.5556445121765137,-0.5819897651672363
1710525093082350218,-9.647138595581055,0.4598437547683716,-0.3580554127693176
1710525093097132125,-9.309440612792969,0.38559815287590027,0.11855346709489822
1710525093111927912,-9.578880310058594,0.6095324754714966,-0.2442919909954071
1710525093126582571,-9.728569030761719,0.9568102955818176,-0.5041515827178955
1710525093139236702,-9.545350074768066,0.1353186070919037,-0.4478686451911926
1710525093158092569,-9.545350074768066,0.1353186070919037,-0.4478686451911926
1710525093178962927,-9.841135025024414,0.3652404844760895,-0.5185217261314392
1710525093189795971,-9.463919639587402,1.011895775794983,-0.17244140803813934
1710525093198146985,-9.657916069030762,1.0202783346176147,-0.269439697265625
1710525093212821443,-9.644743919372559,0.6095324754714966,-0.41912841796875
1710525093244253952,-9.651928901672363,0.2682421803474426,-0.39278319478034973
1710525093257001627,-9.656719207763672,0.5975573658943176,-0.3987707495689392
1710525093277824813,-9.697434425354004,0.9041198492050171,-0.3832031190395355
1710525093294557949,-9.54295539855957,0.6430627703666687,-0.2634521424770355
1710525093298847910,-9.580078125,0.5065466165542603,-0.2838098108768463
1710525093303044771,-9.62558364868164,0.3844006359577179,-0.3652404844760895
1710525093321879473,-9.583670616149902,0.43230101466178894,-0.014370117336511612
1710525093332551407,-9.582472801208496,0.5795947313308716,-0.31734007596969604
1710525093345164515,-9.647138595581055,0.6801855564117432,-0.39278319478034973
1710525093359848486,-9.624385833740234,0.7771838307380676,-0.37122803926467896
1710525093378774196,-9.601633071899414,0.640667736530304,-0.2790197730064392
1710525093397358521,-9.661508560180664,0.5819897651672363,-0.38679563999176025
1710525093414355431,-9.61720085144043,0.5424719452857971,-0.36284545063972473
1710525093439489125,-9.552535057067871,0.736468493938446,-0.2742297351360321
1710525093445957788,-9.62558364868164,0.7173083424568176,-0.37122803926467896
1710525093473342614,-9.626781463623047,0.6334826946258545,-0.3592529296875
1710525093515302844,-9.584868431091309,0.4502636790275574,-0.3341052234172821
1710525093519496914,-9.636361122131348,0.5197192430496216,-0.3700305223464966
1710525093546977140,-9.5896577835083,0.6131250262260437,-0.3496728539466858
1710525093571819640,-9.578880310058594,0.5173242092132568,-0.3041674792766571
1710525093590814576,-9.626781463623047,0.6610254049301147,-0.35206785798072815
1710525093609854018,-9.757309913635254,0.6741979718208313,-0.5292993187904358
1710525093631055283,-9.696236610412598,0.5173242092132568,-0.5364843606948853
1710525093681971379,-9.517807960510254,1.062191128730774,-0.5005590915679932
1710525093698264492,-9.454339981079102,0.7795788645744324,-0.2143542468547821
1710525093700491649,-9.462721824645996,0.149688720703125,-0.2550695836544037
1710525093730098103,-9.75970458984375,0.2442919909954071,-0.49217650294303894
1710525093748811672,-9.637558937072754,0.7975414991378784,-0.34129029512405396
1710525093750828056,-9.637558937072754,0.7975414991378784,-0.34129029512405396
1710525093769732874,-9.623188018798828,0.3640429675579071,-0.4778063893318176
1710525093797379223,-9.616003036499023,0.640667736530304,-0.3089575171470642
1710525093812023593,-9.6902494430542,0.6598278880119324,-0.5328918695449829
1710525093847764073,-9.608818054199219,0.7771838307380676,-0.2490820288658142
1710525093877141261,-9.632768630981445,0.41074585914611816,-0.389190673828125
1710525093919143399,-9.54295539855957,0.568817138671875,-0.27782225608825684
1710525093938058565,-9.582472801208496,0.5245092511177063,-0.25147706270217896
1710525093952660753,-9.675878524780273,0.49576905369758606,-0.4203259348869324
1710525093961322566,-9.642348289489746,0.6143224835395813,-0.29219236969947815
1710525093990651108,-9.644743919372559,0.7137157917022705,-0.34608033299446106
1710525094007432776,-9.631570816040039,0.7089257836341858,-0.3448828160762787
1710525094028573937,-9.59444808959961,0.6718029975891113,-0.2490820288658142
1710525094106075960,-9.596843719482422,0.4083508253097534,-0.28740233182907104
1710525094135421885,-9.678274154663086,0.7244933843612671,-0.37721556425094604
1710525094158538109,-9.702223777770996,0.6658154129981995,-0.4778063893318176
1710525094171042996,-9.265132904052734,0.41553589701652527,0.05388794094324112
1710525094183693759,-9.265132904052734,0.41553589701652527,0.05388794094324112
1710525094194714973,-9.530980110168457,0.6718029975891113,-0.18561401963233948
1710525094224017519,-9.516610145568848,0.790356457233429,-0.19758911430835724
1710525094236569176,-9.588460922241211,0.5448669195175171,-0.17723144590854645
1710525094253350216,-9.721384048461914,0.19878661632537842,-0.46702879667282104
1710525094291166899,-9.466314315795898,0.946032702922821,-0.19160155951976776
1710525094303872697,-9.592053413391113,0.31614258885383606,-0.29698240756988525
1710525094329545824,-9.498647689819336,0.3532653748989105,-0.18082398176193237
1710525094365461348,-9.586065292358398,0.8095166087150574,-0.32213011384010315
1710525094400495409,-9.552535057067871,0.4334985315799713,-0.3796105980873108
1710525094409017684,-9.559720039367676,0.5556445121765137,-0.22034180164337158
1710525094427843822,-9.674681663513184,0.7256909012794495,-0.3532653748989105
1710525094455255043,-9.687853813171387,0.7244933843612671,-0.36164796352386475
1710525094478453343,-9.532177925109863,0.6215075850486755,-0.24548950791358948
1710525094499374384,-9.59444808959961,0.5819897651672363,-0.2933898866176605
1710525094524641675,-9.558523178100586,0.6083349585533142,-0.2347119152545929
1710525094576897431,-9.618398666381836,0.4682263135910034,-0.31255003809928894
1710525094585329159,-9.636361122131348,0.5245092511177063,-0.34608033299446106
1710525094604557758,-9.636361122131348,0.5245092511177063,-0.34608033299446106
1710525094625401670,-9.663904190063477,0.6514453291893005,-0.3532653748989105
1710525094648765972,-9.612410545349121,0.47062134742736816,-0.27782225608825684
1710525094661130193,-9.566905975341797,0.5304968357086182,-0.31255003809928894
1710525094680304589,-9.661508560180664,0.670605480670929,-0.3281176686286926
1710525094705402051,-9.642348289489746,0.5400769114494324,-0.4334985315799713
1710525094726367226,-9.370513916015625,0.45744872093200684,0.043110352009534836
1710525094755884902,-9.80521011352539,0.9807605147361755,-0.4586462378501892
1710525094778879235,-9.50583267211914,0.6310876607894897,-0.27303221821784973
1710525094802751942,-9.815987586975098,0.5556445121765137,-0.27303221821784973
1710525094814581831,-9.47469711303711,0.6813830733299255,-0.11136841028928757
1710525094840004094,-9.618398666381836,0.7448510527610779,-0.2586621046066284
1710525094905122294,-9.515412330627441,0.14250366389751434,-0.029937744140625
1710525094915619515,-9.545350074768066,0.9544152617454529,-0.26225462555885315
1710525094919725057,-9.668693542480469,0.8717871308326721,-0.38559815287590027
1710525094951145237,-9.536968231201172,0.1748364269733429,-0.21076172590255737
1710525094986926317,-9.623188018798828,0.8634045124053955,-0.31734007596969604
1710525095007909825,-9.626781463623047,0.9424402117729187,-0.25267454981803894
1710525095020844480,-9.592053413391113,0.5664221048355103,-0.23590941727161407
1710525095026888813,-9.590855598449707,0.5724096894264221,-0.29099488258361816
1710525095037240281,-9.619595527648926,0.7292834520339966,-0.30656251311302185
1710525095054126525,-9.619595527648926,0.7292834520339966,-0.30656251311302185
1710525095066507308,-9.598040580749512,0.45744872093200684,-0.2634521424770355
1710525095087593361,-9.638755798339844,0.6191125512123108,-0.32213011384010315
1710525095116861261,-9.656719207763672,0.640667736530304,-0.3341052234172821
1710525095135853612,-9.645940780639648,0.47541138529777527,-0.3604504466056824
1710525095148379717,-9.606423377990723,0.5484594702720642,-0.32692015171051025
1710525095165638463,-9.601633071899414,0.6909631490707397,-0.27183473110198975
1710525095173458971,-9.607621192932129,0.6825805902481079,-0.31614258885383606
1710525095181950000,-9.626781463623047,0.6334826946258545,-0.2981799244880676
1710525095198809697,-9.638755798339844,0.45146119594573975,-0.3700305223464966
1710525095232316641,-9.5896577835083,0.7209008932113647,-0.2981799244880676
1710525095244904679,-9.897418022155762,0.5316943526268005,-0.7017407417297363
1710525095259742581,-9.612410545349121,0.5795947313308716,-0.508941650390625
1710525095272205893,-9.034013748168945,0.47541138529777527,0.20357665419578552
1710525095289141329,-9.698631286621094,0.5532495379447937,-0.07664062827825546
1710525095303921327,-9.801617622375488,0.9364526271820068,-0.4598437547683716
1710525095349988236,-9.765691757202148,0.6670129299163818,-0.3784130811691284
1710525095362671389,-9.571695327758789,0.8969348073005676,-0.2442919909954071
1710525095379268335,-9.684261322021484,0.7891589403152466,-0.23351439833641052
1710525095407061657,-9.738149642944336,0.3951782286167145,-0.3592529296875
1710525095453233890,-9.611213684082031,0.6897656321525574,-0.3281176686286926
1710525095468050132,-9.588460922241211,0.7113208174705505,-0.2586621046066284
1710525095491166538,-9.626781463623047,0.36643800139427185,-0.35566040873527527
1710525095514248773,-9.566905975341797,0.47541138529777527,-0.18800903856754303
1710525095529211861,-9.563312530517578,0.5556445121765137,-0.2897973656654358
1710525095550053822,-9.575287818908691,0.5664221048355103,-0.29937744140625
1710525095572933453,-9.648336410522461,0.5113366842269897,-0.3436852991580963
1710525095602481642,-9.584868431091309,0.6598278880119324,-0.22034180164337158
1710525095615130367,-9.544153213500977,0.6251000761985779,-0.3089575171470642
1710525095625731573,-9.604028701782227,0.6262975931167603,-0.36284545063972473
1710525095640417114,-9.663904190063477,0.6801855564117432,-0.32213011384010315
1710525095651087589,-9.590855598449707,0.5843847393989563,-0.2850073277950287
1710525095676095057,-9.59444808959961,0.45146119594573975,-0.31734007596969604
1710525095693020253,-9.651928901672363,0.4478686451911926,-0.3400927782058716
1710525095695062603,-9.595645904541016,0.4694238305091858,-0.3448828160762787
1710525095732796245,-9.642348289489746,0.6454577445983887,-0.29698240756988525
1710525095747410607,-9.600436210632324,0.4634362757205963,-0.2802172899246216
1710525095765008762,-9.647138595581055,0.646655261516571,-0.33650025725364685
1710525095783326313,-9.878257751464844,0.5460644364356995,-0.7125183343887329
1710525095806436083,-9.7094087600708,0.5736072063446045,-0.43589356541633606
1710525095825433150,-9.72258186340332,0.4382885694503784,-0.4778063893318176
1710525095875874114,-9.764494895935059,0.9472302198410034,-0.48618897795677185
1710525095886297374,-9.624385833740234,0.1951940953731537,-0.40595582127571106
1710525095915762878,-9.61720085144043,0.5233117938041687,-0.4047583043575287
1710525095941199560,-9.611213684082031,0.6694079637527466,-0.3939807116985321
1710525095947291033,-9.718989372253418,0.4598437547683716,-0.39757323265075684
1710525095974627178,-9.571695327758789,0.5113366842269897,-0.26704466342926025
1710525095978694934,-9.6902494430542,0.508941650390625,-0.4095483422279358
1710525095989386251,-9.629176139831543,0.7580236792564392,-0.2933898866176605
1710525096010209876,-9.572893142700195,0.748443603515625,-0.24309448897838593
1710525096052312507,-9.606423377990723,0.43589356541633606,-0.26225462555885315
1710525096079545045,-9.675878524780273,0.7640112042427063,-0.36643800139427185
1710525096083886071,-9.675878524780273,0.7640112042427063,-0.36643800139427185
1710525096096360519,-9.546547889709473,0.47541138529777527,-0.21315674483776093
1710525096119470493,-9.624385833740234,0.5053490996360779,-0.3245251476764679
1710525096132200577,-9.63037395477295,0.5915698409080505,-0.3544628918170929
1710525096157375925,-9.623188018798828,0.6239025592803955,-0.269439697265625
1710525096171370894,-9.596843719482422,0.6957531571388245,-0.25626710057258606
1710525096199312774,-9.669891357421875,0.6298901438713074,-0.39278319478034973
1710525096220373733,-9.631570816040039,0.43230101466178894,-0.329315185546875
1710525096264591372,-9.590855598449707,0.6322851777076721,-0.3341052234172821
1710525096272912663,-9.680668830871582,0.7879614233970642,-0.32572266459465027
1710525096283341693,-9.645940780639648,0.6598278880119324,-0.3149450719356537
1710525096308802170,-9.623188018798828,0.46583130955696106,-0.2945874035358429
1710525096323481641,-9.650731086730957,0.7508386373519897,-0.29698240756988525
1710525096346585974,-9.720187187194824,0.6502478122711182,-0.550854504108429
1710525096369626913,-9.908195495605469,0.5460644364356995,-0.6394702196121216
1710525096393368323,-9.717791557312012,0.8825647234916687,-0.4897814989089966
1710525096411891020,-9.74533462524414,0.7017407417297363,-0.5292993187904358
1710525096441084991,-9.824370384216309,0.2885998487472534,-0.4179309010505676
1710525096466419843,-9.496252059936523,0.8765771389007568,-0.14370116591453552
1710525096493835603,-9.668693542480469,0.3185375928878784,-0.3400927782058716
1710525096514615352,-9.577683448791504,0.48139894008636475,-0.17244140803813934
1710525096539905025,-9.665101051330566,0.7400610446929932,-0.29099488258361816
1710525096571373139,-9.607621192932129,0.6239025592803955,-0.24548950791358948
1710525096594577136,-9.553732872009277,0.47660887241363525,-0.23710693418979645
1710525096615738752,-9.62558364868164,0.5316943526268005,-0.23830443620681763
1710525096630698132,-9.671089172363281,0.7137157917022705,-0.31135255098342896
1710525096638900277,-9.671089172363281,0.7137157917022705,-0.31135255098342896
1710525096659961422,-9.5896577835083,0.5783972144126892,-0.22034180164337158
1710525096670550210,-9.663904190063477,0.5281018018722534,-0.3436852991580963
1710525096680893763,-9.645940780639648,0.508941650390625,-0.36763548851013184
1710525096704815716,-9.607621192932129,0.6861730813980103,-0.26584717631340027
1710525096718945185,-9.607621192932129,0.6861730813980103,-0.26584717631340027
1710525096723122060,-9.624385833740234,0.7592211961746216,-0.03353027254343033
1710525096729434330,-9.560917854309082,0.6059399247169495,-0.23710693418979645
1710525096737536805,-9.560917854309082,0.6059399247169495,-0.23710693418979645
1710525096752555908,-9.583670616149902,0.37601807713508606,-0.26584717631340027
1710525096788434338,-9.614806175231934,0.389190673828125,-0.29937744140625
1710525096862083255,-9.606423377990723,0.7101233005523682,-0.30177247524261475
1710525096876812001,-9.648336410522461,0.7137157917022705,-0.34129029512405396
1710525096885206847,-9.648336410522461,0.7137157917022705,-0.34129029512405396
1710525096891672589,-9.738149642944336,0.37601807713508606,-0.3951782286167145
1710525096902176874,-9.738149642944336,0.37601807713508606,-0.3951782286167145
1710525096927450402,-9.503437042236328,0.6430627703666687,-0.11615844815969467
1710525096948308068,-9.766889572143555,0.8214917182922363,-0.27303221821784973
1710525096971922602,-9.770482063293457,0.21794678270816803,-0.4634362757205963
1710525097002827779,-9.631570816040039,0.3700305223464966,-0.3796105980873108
1710525097044854258,-9.596843719482422,0.9472302198410034,-0.14849120378494263
1710525097078408866,-9.638755798339844,0.736468493938446,-0.3640429675579071
1710525097114225634,-9.59444808959961,0.6346801519393921,-0.24189697206020355
1710525097116311487,-9.612410545349121,0.5245092511177063,-0.25147706270217896
1710525097133336999,-9.577683448791504,0.5113366842269897,-0.25746458768844604
1710525097158243900,-9.616003036499023,0.5544469952583313,-0.22153930366039276
1710525097168086969,-9.580078125,0.5125342011451721,-0.28261229395866394
1710525097171055177,-9.65432357788086,0.6610254049301147,-0.329315185546875
1710525097196452850,-9.559720039367676,0.6370751857757568,-0.21794678270816803
1710525097208787593,-9.590855598449707,0.5712121725082397,-0.2538720667362213
1710525097223577951,-9.633966445922852,0.5760021805763245,-0.31734007596969604
1710525097250909830,-9.584868431091309,0.5221142768859863,-0.23231689631938934
1710525097292779671,-9.618398666381836,0.5891748070716858,-0.23351439833641052
1710525097296911192,-9.611213684082031,0.3748205602169037,-0.2538720667362213
1710525097322045882,-9.61720085144043,0.53887939453125,-0.3053649961948395
1710525097364043043,-9.614806175231934,0.7640112042427063,-0.27662476897239685
1710525097376722916,-9.629176139831543,0.6095324754714966,-0.269439697265625
1710525097412585322,-9.629176139831543,0.6981481909751892,-0.2634521424770355
1710525097433413783,-9.638755798339844,0.7388635277748108,-0.2598596215248108
1710525097448068966,-9.86987590789795,0.5843847393989563,-0.5628296136856079
1710525097479555177,-9.800419807434082,0.9675878882408142,-0.3999682664871216
1710525097500537544,-9.799221992492676,0.7807763814926147,-0.4849914610385895
1710525097553213908,-9.516610145568848,0.3736230432987213,-0.40236327052116394
1710525097569802063,-9.541757583618164,0.9328601360321045,-0.21555176377296448
1710525097574168897,-9.584868431091309,0.7532336711883545,-0.2550695836544037
1710525097597267289,-9.620793342590332,0.3496728539466858,-0.22872436046600342
1710525097635391454,-9.536968231201172,0.6694079637527466,-0.31614258885383606
1710525097641662634,-9.673483848571777,0.706530749797821,-0.39757323265075684
1710525097656549893,-9.627978324890137,0.5628296136856079,-0.22632934153079987
1710525097662709915,-9.618398666381836,0.5029541254043579,-0.3053649961948395
1710525097692181376,-9.580078125,0.5460644364356995,-0.22632934153079987
1710525097711090699,-9.713001251220703,0.706530749797821,-0.3436852991580963
1710525097719566598,-9.584868431091309,0.65863037109375,-0.3149450719356537
1710525097734196214,-9.627978324890137,0.6861730813980103,-0.2598596215248108
1710525097738285860,-9.55732536315918,0.6203100681304932,-0.21195922791957855
1710525097748881475,-9.575287818908691,0.5987548828125,-0.1999841332435608
1710525097763478866,-9.653125762939453,0.5436694622039795,-0.3400927782058716
1710525097799601211,-9.659113883972168,0.5436694622039795,-0.35566040873527527
1710525097885622403,-9.623188018798828,0.6095324754714966,-0.29099488258361816
1710525097894752984,-9.629176139831543,0.6694079637527466,-0.269439697265625
1710525097904479034,-9.599238395690918,0.5484594702720642,-0.2981799244880676
1710525097929640241,-9.581275939941406,0.4598437547683716,-0.2538720667362213
1710525097971749656,-9.655521392822266,0.7125183343887329,-0.2933898866176605
1710525097978199096,-9.643546104431152,0.6490502953529358,-0.38200560212135315
1710525097999302770,-9.169332504272461,0.6143224835395813,0.09699828922748566
1710525098009713113,-9.169332504272461,0.6143224835395813,0.09699828922748566
1710525098026680959,-9.656719207763672,0.7723938226699829,-0.20237915217876434
1710525098037369321,-9.861493110656738,0.790356457233429,-0.4802014231681824
1710525098047834152,-9.508227348327637,0.7843688726425171,-0.19639159739017487
1710525098070899939,-9.673483848571777,0.22752685844898224,-0.3005749583244324
1710525098121156546,-9.653125762939453,0.550854504108429,-0.33290770649909973
1710525098140015106,-9.621991157531738,0.3233276307582855,-0.2586621046066284
1710525098144156566,-9.527387619018555,0.31734007596969604,-0.15208373963832855
1710525098156793148,-9.711804389953613,0.7125183343887329,-0.3987707495689392
1710525098179520965,-9.669891357421875,0.7328760027885437,-0.2933898866176605
1710525098207215555,-9.522597312927246,0.4646337926387787,-0.19279907643795013
1710525098217678653,-9.631570816040039,0.4933740198612213,-0.24309448897838593
1710525098263921804,-9.601633071899414,0.5197192430496216,-0.2897973656654358
1710525098266023242,-9.533374786376953,0.4885839819908142,-0.24309448897838593
1710525098286999580,-9.552535057067871,0.6358776688575745,-0.19040405750274658
1710525098301839441,-9.612410545349121,0.5544469952583313,-0.28141480684280396
1710525098316601855,-9.659113883972168,0.5352868437767029,-0.3053649961948395
1710525098343666386,-9.580078125,0.6011499166488647,-0.20237915217876434
1710525098369165499,-9.598040580749512,0.6346801519393921,-0.24309448897838593
1710525098379414970,-9.620793342590332,0.5819897651672363,-0.23231689631938934
1710525098423424391,-9.641151428222656,0.4035607874393463,-0.2538720667362213
1710525098430134647,-9.681866645812988,0.5628296136856079,-0.33650025725364685
1710525098442393979,-9.620793342590332,0.7244933843612671,-0.2706372141838074
1710525098474289162,-9.621991157531738,0.4849914610385895,-0.26225462555885315
1710525098488614386,-9.619595527648926,0.6981481909751892,-0.25626710057258606
1710525098507537475,-9.644743919372559,0.7436535358428955,-0.28261229395866394
1710525098526839585,-9.618398666381836,0.7316784858703613,-0.26704466342926025
1710525098530650850,-9.762099266052246,0.526904284954071,-0.5281018018722534
1710525098557883774,-9.272317886352539,0.5628296136856079,0.11256591975688934
1710525098571878681,-9.577683448791504,0.7927514910697937,-0.2682421803474426
1710525098583096976,-9.758506774902344,0.9831554889678955,-0.49097901582717896
1710525098633677589,-9.466314315795898,0.24309448897838593,-0.3089575171470642
1710525098644389688,-9.666298866271973,0.8526269793510437,-0.2347119152545929
1710525098663139745,-9.562115669250488,0.9244775176048279,-0.16645385324954987
1710525098698850937,-9.66270637512207,0.32692015171051025,-0.3005749583244324
1710525098740868093,-9.668693542480469,0.820294201374054,-0.24668700993061066
1710525098749107227,-9.554930686950684,0.6813830733299255,-0.2299218773841858
1710525098784812919,-9.583670616149902,0.4598437547683716,-0.23351439833641052
1710525098807830639,-9.582472801208496,0.5592370629310608,-0.22273682057857513
1710525098830987915,-9.665101051330566,0.6741979718208313,-0.23231689631938934
1710525098843449473,-9.61720085144043,0.5879772901535034,-0.19040405750274658
1710525098862945531,-9.689051628112793,0.5628296136856079,-0.3736230432987213
1710525098891977653,-9.556127548217773,0.6634204387664795,-0.21195922791957855
1710525098896149617,-9.665101051330566,0.7149133086204529,-0.3005749583244324
1710525098910710268,-9.614806175231934,0.6550378203392029,-0.2790197730064392
1710525098944528091,-9.558523178100586,0.508941650390625,-0.21195922791957855
1710525098969702632,-9.644743919372559,0.449066162109375,-0.26105713844299316
1710525098986353556,-9.610015869140625,0.7089257836341858,-0.26225462555885315
1710525099030738477,-9.606423377990723,0.6538403034210205,-0.2538720667362213
1710525099055864079,-9.605225563049316,0.7209008932113647,-0.25746458768844604
1710525099081274340,-9.631570816040039,0.5448669195175171,-0.46702879667282104
1710525099098043253,-9.637558937072754,0.49696654081344604,0.021555176004767418
1710525099112800572,-9.728569030761719,0.8909472823143005,-0.28740233182907104
1710525099123329332,-9.763297080993652,0.8610095381736755,-0.46223875880241394
1710525099186202127,-9.535770416259766,0.9316626191139221,-0.1999841332435608
1710525099226246613,-9.598040580749512,0.31135255098342896,-0.19878661632537842
1710525099240926523,-9.503437042236328,0.33171021938323975,-0.17842894792556763
1710525099270391342,-9.660311698913574,0.6490502953529358,-0.4131408631801605
1710525099314505748,-9.616003036499023,0.6203100681304932,-0.17842894792556763
1710525099337535213,-9.592053413391113,0.5448669195175171,-0.24548950791358948
1710525099354345287,-9.616003036499023,0.6957531571388245,-0.27303221821784973
1710525099371423552,-9.656719207763672,0.6430627703666687,-0.2634521424770355
1710525099392285300,-9.586065292358398,0.6047424077987671,-0.19279907643795013
1710525099413359639,-9.698631286621094,0.5460644364356995,-0.34129029512405396
1710525099430244898,-9.547745704650879,0.6143224835395813,-0.1700463891029358
1710525099451211026,-9.653125762939453,0.7544311285018921,-0.2802172899246216
1710525099493067232,-9.571695327758789,0.5352868437767029,-0.1939965784549713
1710525099508041725,-9.621991157531738,0.44547364115715027,-0.2347119152545929
1710525099549892090,-9.583670616149902,0.6478527784347534,-0.22872436046600342
1710525099591912147,-9.65432357788086,0.6825805902481079,-0.2790197730064392
1710525099600230532,-9.898615837097168,0.5855822563171387,-0.6382727026939392
1710525099632160594,-9.335785865783691,0.3592529296875,0.18082398176193237
1710525099640235885,-9.371711730957031,0.5041515827178955,0.21315674483776093
1710525099661628520,-9.75012493133545,0.7711963057518005,-0.3604504466056824
1710525099675983957,-9.734557151794434,0.7688012719154358,-0.33290770649909973
1710525099688550259,-9.734557151794434,0.7688012719154358,-0.09939330816268921
1710525099694916714,-9.4699068069458,0.640667736530304,-0.09939330816268921
1710525099720038863,-9.519004821777344,0.3149450719356537,0.013172607868909836
1710525099751515940,-9.584868431091309,0.9364526271820068,-0.12214599549770355
1710525099780627950,-9.638755798339844,0.2945874035358429,-0.2682421803474426
1710525099808339572,-9.60283088684082,0.586779773235321,-0.1592687964439392
1710525099829419493,-9.580078125,0.6658154129981995,-0.16884887218475342
1710525099839797113,-9.636361122131348,0.47541138529777527,-0.26704466342926025
1710525099854547046,-9.614806175231934,0.46104127168655396,-0.269439697265625
1710525099871516035,-9.620793342590332,0.4646337926387787,-0.239501953125
1710525099884209202,-9.60283088684082,0.5304968357086182,-0.23231689631938934
1710525099902932187,-9.656719207763672,0.7292834520339966,-0.27303221821784973
1710525099927073450,-9.55732536315918,0.5640270709991455,-0.149688720703125
1710525099961997518,-9.691446304321289,0.5951623320579529,-0.29099488258361816
1710525100038025525,-9.616003036499023,0.41673338413238525,-0.24548950791358948
1710525100065364652,-9.648336410522461,0.7316784858703613,-0.25746458768844604
1710525100088406570,-9.63995361328125,0.6298901438713074,-0.2598596215248108
1710525100101202212,-9.563312530517578,0.49097901582717896,-0.21076172590255737
1710525100111712129,-9.635163307189941,0.4981640577316284,-0.22872436046600342
1710525100143434362,-9.631570816040039,0.6562353372573853,-0.26105713844299316
1710525100153638406,-9.635163307189941,0.7125183343887329,-0.25746458768844604
1710525100155860894,-9.748927116394043,0.6813830733299255,-0.3951782286167145
1710525100172664948,-9.461524963378906,0.4251159727573395,0.05748046934604645
1710525100185342995,-9.236392974853516,0.45625123381614685,0.36284545063972473
1710525100210485053,-9.449549674987793,0.5580395460128784,0.11735595762729645
1710525100212577853,-9.627978324890137,0.7173083424568176,-0.329315185546875
1710525100242226648,-9.486672401428223,0.14250366389751434,-0.16286133229732513
1710525100292620886,-9.63037395477295,0.7041357159614563,-0.1951940953731537
1710525100313986298,-9.641151428222656,0.46702879667282104,-0.3400927782058716
1710525100351498731,-9.751321792602539,0.6813830733299255,-0.4442761242389679
1710525100393646302,-9.626781463623047,0.48139894008636475,-0.2706372141838074
1710525100410524810,-9.599238395690918,0.4598437547683716,-0.21794678270816803
1710525100423066870,-9.582472801208496,0.4945715367794037,-0.16645385324954987
1710525100427265421,-9.606423377990723,0.5724096894264221,-0.2047741711139679
1710525100435576634,-9.665101051330566,0.7424560785293579,-0.29099488258361816
1710525100459102782,-9.595645904541016,0.7328760027885437,-0.2239343225955963
1710525100469323970,-9.572893142700195,0.5532495379447937,-0.20357665419578552
1710525100481931410,-9.588460922241211,0.5233117938041687,-0.24548950791358948
1710525100494486313,-9.63995361328125,0.5700146555900574,-0.3089575171470642
1710525100509347789,-9.613608360290527,0.550854504108429,-0.22872436046600342
1710525100521859277,-9.583670616149902,0.5891748070716858,-0.16046631336212158
1710525100546973639,-9.62558364868164,0.6777905225753784,-0.24668700993061066
1710525100557608236,-9.598040580749512,0.5544469952583313,-0.19160155951976776
1710525100574367268,-9.611213684082031,0.4239184558391571,-0.22872436046600342
1710525100629200230,-9.633966445922852,0.7173083424568176,-0.24788452684879303
1710525100652298650,-9.624385833740234,0.5915698409080505,-0.2299218773841858
1710525100696249401,-9.626781463623047,0.6215075850486755,-0.24668700993061066
1710525100700655746,-9.63995361328125,0.7220984101295471,-0.2490820288658142
1710525100727973563,-9.606423377990723,0.45744872093200684,-0.2191442847251892
1710525100740612876,-9.728569030761719,0.7448510527610779,-0.26704466342926025
1710525100757335913,-9.697434425354004,0.940045177936554,-0.40715330839157104
1710525100768819640,-9.697434425354004,0.8346642851829529,-0.2191442847251892
1710525100778392932,-9.558523178100586,0.2838098108768463,-0.05987548828125
1710525100799500495,-9.663904190063477,0.17244140803813934,-0.4047583043575287
1710525100830821595,-9.562115669250488,1.0214757919311523,-0.13891112804412842
1710525100870941492,-9.540560722351074,0.3688330054283142,-0.15687377750873566
1710525100900512791,-9.718989372253418,0.7496411204338074,-0.38559815287590027
1710525100921840665,-9.541757583618164,0.6310876607894897,-0.17723144590854645
1710525100935988904,-9.586065292358398,0.49696654081344604,-0.26105713844299316
1710525101005543448,-9.596843719482422,0.748443603515625,-0.2143542468547821
1710525101106459894,-9.584868431091309,0.6730005145072937,-0.2646496593952179
1710525101123208298,-9.564510345458984,0.5149291753768921,-0.22872436046600342
1710525101129603212,-9.583670616149902,0.41553589701652527,-0.23710693418979645
1710525101154608411,-9.629176139831543,0.6514453291893005,-0.26584717631340027
1710525101171082646,-9.633966445922852,0.6394702196121216,-0.2502795457839966
1710525101190369485,-9.644743919372559,0.5532495379447937,-0.27662476897239685
1710525101203087242,-9.582472801208496,0.5077441334724426,-0.2299218773841858
1710525101213535544,-9.583670616149902,0.5819897651672363,-0.22632934153079987
1710525101226055553,-9.620793342590332,0.6394702196121216,-0.24069947004318237
1710525101245228908,-9.681866645812988,0.6957531571388245,-0.24548950791358948
1710525101253589900,-10.003996849060059,0.5855822563171387,-0.5915698409080505
1710525101276796489,-9.7094087600708,0.4849914610385895,-0.44188109040260315
1710525101280929249,-9.287885665893555,0.6023474335670471,0.2239343225955963
1710525101303964409,-9.462721824645996,0.5233117938041687,0.002395019633695483
1710525101327214248,-9.612410545349121,1.003513216972351,-0.3305127024650574
1710525101341846698,-9.536968231201172,0.38080811500549316,-0.03712280094623566
1710525101360947139,-9.757309913635254,0.24668700993061066,-0.4287084937095642
1710525101379822435,-9.614806175231934,0.969982922077179,-0.21555176377296448
1710525101398819913,-9.619595527648926,0.748443603515625,-0.2682421803474426
1710525101415569407,-9.616003036499023,0.32692015171051025,-0.28141480684280396
1710525101426283346,-9.558523178100586,0.46583130955696106,-0.13651610910892487
1710525101438731471,-9.766889572143555,0.6921606659889221,-0.4239184558391571
1710525101449097215,-9.606423377990723,0.7412585616111755,-0.30177247524261475
1710525101461932107,-9.612410545349121,0.6478527784347534,-0.21195922791957855
1710525101484871209,-9.608818054199219,0.4885839819908142,-0.2706372141838074
1710525101518618354,-9.632768630981445,0.48259642720222473,-0.25267454981803894
1710525101573267878,-9.626781463623047,0.628692626953125,-0.2239343225955963
1710525101590510679,-9.62558364868164,0.5724096894264221,-0.2598596215248108
1710525101600508789,-9.536968231201172,0.5316943526268005,-0.17842894792556763
1710525101622004919,-9.569300651550293,0.6610254049301147,-0.2502795457839966
1710525101640846883,-9.655521392822266,0.6861730813980103,-0.30296996235847473
1710525101668125289,-9.583670616149902,0.6502478122711182,-0.24309448897838593
1710525101672357924,-9.583670616149902,0.5472619533538818,-0.18561401963233948
1710525101693323884,-9.618398666381836,0.44547364115715027,-0.28620484471321106
1710525101710279871,-9.583670616149902,0.6730005145072937,-0.25626710057258606
1710525101737673887,-9.64953327178955,0.6993457078933716,-0.2706372141838074
1710525101748014045,-9.627978324890137,0.5245092511177063,-0.26105713844299316
1710525101758622672,-9.572893142700195,0.5041515827178955,-0.22872436046600342
1710525101790002973,-9.624385833740234,0.6694079637527466,-0.3544628918170929
1710525101794171453,-9.905800819396973,0.5460644364356995,-0.6789880394935608
1710525101825834195,-9.606423377990723,0.4598437547683716,0.16884887218475342
1710525101848925189,-9.783655166625977,0.910107433795929,-0.508941650390625
1710525101886759678,-9.538165092468262,0.27782225608825684,-0.13651610910892487
1710525101895250914,-9.611213684082031,0.5736072063446045,-0.2538720667362213
1710525101912165292,-9.540560722351074,0.9544152617454529,-0.11376342922449112
1710525101924506994,-9.577683448791504,0.9616003632545471,-0.1748364269733429
1710525101953913639,-9.616003036499023,0.8825647234916687,-0.19040405750274658
1710525101979404246,-9.718989372253418,0.6658154129981995,-0.4299060106277466
1710525102054879131,-9.663904190063477,0.5113366842269897,-0.2550695836544037
1710525102084749145,-9.655521392822266,0.7101233005523682,-0.3137475550174713
1710525102098913484,-9.6902494430542,0.7795788645744324,-0.29219236969947815
1710525102120019504,-9.608818054199219,0.6825805902481079,-0.19279907643795013
1710525102126210476,-9.587263107299805,0.5364843606948853,-0.2143542468547821
1710525102153596315,-9.545350074768066,0.5771996974945068,-0.19279907643795013
1710525102301116115,-9.620793342590332,0.5640270709991455,-0.2442919909954071
1710525102311511871,-9.620793342590332,0.5783972144126892,-0.22752685844898224
1710525102338778896,-9.787247657775879,0.6215075850486755,-0.5113366842269897
1710525102353690100,-9.678274154663086,0.4598437547683716,-0.4346960484981537
1710525102376607335,-9.416019439697266,0.42631348967552185,0.13172607123851776
1710525102397451234,-9.742938995361328,0.9747729301452637,-0.4586462378501892
1710525102408181582,-9.38608169555664,0.7244933843612671,-0.034727782011032104
1710525102426952347,-9.587263107299805,0.23231689631938934,-0.2850073277950287
1710525102469143124,-9.558523178100586,0.8214917182922363,-0.14130614697933197
1710525102507042412,-9.601633071899414,0.37601807713508606,-0.2239343225955963
1710525102534198144,-9.569300651550293,0.46104127168655396,-0.2191442847251892
1710525102561573419,-9.604028701782227,0.766406238079071,-0.18321900069713593
1710525102599444322,-9.629176139831543,0.6059399247169495,-0.24189697206020355
1710525102710999337,-9.613608360290527,0.5532495379447937,-0.19758911430835724
1710525102740537621,-9.635163307189941,0.6753954887390137,-0.2885998487472534
1710525102751571871,-9.61720085144043,0.6490502953529358,-0.22034180164337158
1710525102780802879,-9.575287818908691,0.41912841796875,-0.2598596215248108
1710525102801427176,-9.671089172363281,0.7508386373519897,-0.2586621046066284
1710525102818141894,-9.592053413391113,0.5484594702720642,-0.21794678270816803
1710525102837271673,-9.608818054199219,0.49217650294303894,-0.2586621046066284
1710525102857981133,-9.63995361328125,0.6753954887390137,-0.2502795457839966
1710525102879062614,-9.701026916503906,0.6598278880119324,-0.4179309010505676
1710525102973389066,-9.461524963378906,0.36164796352386475,-0.22034180164337158
1710525103009132734,-9.515412330627441,0.8741821050643921,-0.209564208984375
1710525103019723823,-9.746532440185547,0.7855663895606995,-0.26704466342926025
1710525103028296520,-9.566905975341797,0.526904284954071,-0.25746458768844604
1710525103045175211,-9.564510345458984,0.5221142768859863,-0.13292358815670013
1710525103064019143,-9.656719207763672,0.4778063893318176,-0.4047583043575287
1710525103108162620,-9.590855598449707,0.7436535358428955,-0.17962646484375
1710525103133323482,-9.599238395690918,0.47062134742736816,-0.17842894792556763
1710525103194354862,-9.571695327758789,0.7448510527610779,-0.21315674483776093
1710525103213540537,-9.584868431091309,0.5640270709991455,-0.24668700993061066
1710525103225989072,-9.67707633972168,0.6322851777076721,-0.30177247524261475
1710525103247061740,-9.623188018798828,0.556842029094696,-0.2490820288658142
1710525103283428610,-9.586065292358398,0.6394702196121216,-0.19878661632537842
1710525103284950447,-9.627978324890137,0.7388635277748108,-0.239501953125
1710525103310385498,-9.572893142700195,0.4442761242389679,-0.18561401963233948
1710525103344002705,-9.623188018798828,0.6718029975891113,-0.26584717631340027
1710525103425765098,-9.636361122131348,0.6789880394935608,-0.2742297351360321
1710525103446873509,-9.686656951904297,0.5760021805763245,-0.35685789585113525
1710525103457477560,-9.659113883972168,0.4945715367794037,-0.2850073277950287
1710525103522577948,-9.485474586486816,0.7209008932113647,-0.1401086449623108
1710525103524690372,-9.849517822265625,0.8622070550918579,-0.32093262672424316
1710525103537322639,-9.896221160888672,0.44667112827301025,-0.33290770649909973
1710525103568660596,-9.607621192932129,0.7508386373519897,0.05388794094324112
1710525103574996521,-9.758506774902344,1.237027645111084,-0.14729370176792145
1710525103596193066,-9.595645904541016,0.4742138683795929,-0.031135253608226776
1710525103614918407,-9.691446304321289,0.47660887241363525,-0.21076172590255737
1710525103638579964,-9.5896577835083,0.7256909012794495,-0.3652404844760895
1710525103674293752,-9.530980110168457,0.8238866925239563,-0.04550537094473839
1710525103703630968,-9.477092742919922,0.5831872820854187,-0.12573853135108948
1710525103741552461,-9.656719207763672,0.7496411204338074,-0.239501953125
1710525103760594057,-9.607621192932129,0.7412585616111755,-0.1341210901737213
1710525103779280307,-9.681866645812988,0.5592370629310608,-0.22153930366039276
1710525103798131547,-9.582472801208496,0.8047265410423279,-0.19878661632537842
1710525103810815045,-9.618398666381836,0.6251000761985779,-0.24189697206020355
1710525103817135118,-9.54295539855957,0.5544469952583313,-0.1197509765625
1710525103848784097,-9.626781463623047,0.37122803926467896,-0.2897973656654358
1710525103869858546,-9.661508560180664,0.700543224811554,-0.20118163526058197
1710525103895374120,-9.621991157531738,0.5712121725082397,-0.3005749583244324
1710525103935112035,-9.576485633850098,0.5855822563171387,-0.22752685844898224
1710525103943517206,-9.64953327178955,0.688568115234375,-0.2047741711139679
1710525103956193379,-9.826765060424805,0.7149133086204529,-0.5496569871902466
1710525103968911463,-9.885442733764648,0.5496569871902466,-0.5352868437767029
1710525103987765872,-9.564510345458984,0.5065466165542603,-0.30177247524261475
1710525104013112029,-9.163344383239746,0.5041515827178955,0.2933898866176605
1710525104053097316,-9.75970458984375,0.7436535358428955,-0.2682421803474426
1710525104084673634,-9.878257751464844,0.31734007596969604,-0.32093262672424316
1710525104101374430,-9.723779678344727,0.7017407417297363,-0.19279907643795013
1710525104122350369,-9.679471015930176,0.7496411204338074,-0.21794678270816803
1710525104128873924,-9.599238395690918,0.5975573658943176,-0.269439697265625
1710525104143381487,-9.492659568786621,0.49576905369758606,-0.08382568508386612
1710525104162057994,-9.621991157531738,0.526904284954071,-0.2945874035358429
1710525104174447893,-9.705816268920898,0.5257067680358887,-0.3448828160762787
1710525104197737452,-9.599238395690918,0.706530749797821,-0.1844165027141571
1710525104214671796,-9.61720085144043,0.6502478122711182,-0.16046631336212158
1710525104218838662,-9.621991157531738,0.48139894008636475,-0.1951940953731537
1710525104225151871,-9.558523178100586,0.449066162109375,-0.1748364269733429
1710525104250600849,-9.620793342590332,0.6981481909751892,-0.23830443620681763
1710525104254741773,-9.656719207763672,0.7232959270477295,-0.17603392899036407
1710525104282053303,-9.558523178100586,0.6179150342941284,-0.1448986828327179
1710525104315543497,-9.647138595581055,0.6825805902481079,-0.26105713844299316
1710525104321763294,-9.647138595581055,0.6825805902481079,-0.26105713844299316
1710525104347062826,-9.548942565917969,0.5065466165542603,-0.1293310523033142
1710525104370907910,-9.637558937072754,0.6358776688575745,-0.18082398176193237
1710525104401442144,-9.623188018798828,0.4346960484981537,-0.18202148377895355
1710525104422346098,-9.657916069030762,0.5077441334724426,-0.23830443620681763
1710525104435148228,-9.636361122131348,0.6358776688575745,-0.22872436046600342
1710525104458237652,-9.592053413391113,0.6262975931167603,-0.19040405750274658
1710525104477081921,-9.655521392822266,0.5987548828125,-0.2191442847251892
1710525104489790689,-9.580078125,0.5783972144126892,-0.18082398176193237
1710525104504518074,-9.611213684082031,0.6418652534484863,-0.22632934153079987
1710525104521379358,-9.661508560180664,0.6334826946258545,-0.6873705983161926
1710525104550856722,-9.59444808959961,0.5400769114494324,0.002395019633695483
1710525104582143423,-9.521400451660156,0.5460644364356995,-0.06945556402206421
1710525104590489709,-9.535770416259766,0.8131091594696045,-0.011975097469985485
1710525104609425240,-9.44595718383789,0.796343982219696,-0.14849120378494263
1710525104649414522,-9.516610145568848,0.9184899926185608,-0.17842894792556763
1710525104678835222,-9.741742134094238,0.44547364115715027,-0.26704466342926025
1710525104697697336,-9.701026916503906,0.5460644364356995,-0.3233276307582855
1710525104735525186,-9.618398666381836,0.706530749797821,-0.20716919004917145
1710525104741817872,-9.618398666381836,0.706530749797821,-0.20716919004917145
1710525104754488876,-9.624385833740234,0.5137317180633545,-0.17603392899036407
1710525104779521779,-9.584868431091309,0.49097901582717896,-0.17962646484375
1710525104796245870,-9.637558937072754,0.7232959270477295,-0.15687377750873566
1710525104846774976,-9.642348289489746,0.7113208174705505,-0.2047741711139679
1710525104865721172,-9.571695327758789,0.5771996974945068,-0.13651610910892487
1710525104871993130,-9.619595527648926,0.5664221048355103,-0.2490820288658142
1710525104886660907,-9.64953327178955,0.5652245879173279,-0.1999841332435608
1710525104911873237,-9.653125762939453,0.7197033762931824,-0.23351439833641052
1710525104939241005,-9.60283088684082,0.6143224835395813,-0.1939965784549713
1710525104956119273,-9.62558364868164,0.6574328541755676,-0.25267454981803894
1710525104989841210,-9.656719207763672,0.7017407417297363,-0.21195922791957855
1710525104993531546,-9.656719207763672,0.7017407417297363,-0.21195922791957855
1710525105019396126,-9.612410545349121,0.5137317180633545,-0.19160155951976776
1710525105029736668,-9.619595527648926,0.6574328541755676,-0.1652563512325287
1710525105042352129,-9.619595527648926,0.6574328541755676,-0.1652563512325287
1710525105057096714,-9.868678092956543,0.5819897651672363,-0.45744872093200684
1710525105078104074,-9.580078125,0.5149291753768921,-0.2586621046066284
1710525105105595031,-9.535770416259766,0.45265868306159973,0.11735595762729645
1710525105122527409,-9.477092742919922,0.7544311285018921,-0.27662476897239685
1710525105137177243,-9.724976539611816,0.676593005657196,-0.3053649961948395
1710525105164370224,-9.487870216369629,0.33650025725364685,-0.1951940953731537
1710525105225472994,-9.645940780639648,0.7400610446929932,-0.10897339135408401
1710525105227571817,-9.559720039367676,0.9220825433731079,-0.13292358815670013
1710525105240126383,-9.540560722351074,0.37242552638053894,-0.10298583656549454
1710525105273799114,-9.695038795471191,0.610729992389679,-0.28620484471321106
1710525105293154431,-9.600436210632324,0.508941650390625,-0.14849120378494263
1710525105336564569,-9.64953327178955,0.5005590915679932,-0.1652563512325287
1710525105345037578,-9.581275939941406,0.6215075850486755,-0.17363891005516052
1710525105374296388,-9.624385833740234,0.6622229218482971,-0.1844165027141571
1710525105387135793,-9.614806175231934,0.5819897651672363,-0.13651610910892487
1710525105397556391,-9.619595527648926,0.5412744283676147,-0.18082398176193237
1710525105405960201,-9.651928901672363,0.5915698409080505,-0.19160155951976776
1710525105510818847,-9.59444808959961,0.43589356541633606,-0.16645385324954987
1710525105519441217,-9.598040580749512,0.4897814989089966,-0.18082398176193237
1710525105540353715,-9.631570816040039,0.7256909012794495,-0.1892065405845642
1710525105548653615,-9.61720085144043,0.6634204387664795,-0.18082398176193237
1710525105571680233,-9.581275939941406,0.5185217261314392,-0.1640588343143463
1710525105584543664,-9.655521392822266,0.65863037109375,-0.17723144590854645
1710525105601176572,-9.632768630981445,0.6155200004577637,-0.2850073277950287
1710525105624676587,-9.626781463623047,0.5616320967674255,-0.3281176686286926
1710525105639270561,-9.262738227844238,0.6143224835395813,0.2850073277950287
1710525105654743429,-9.395661354064941,0.7101233005523682,-0.004790039267390966
1710525105670820162,-9.790840148925781,0.8418493866920471,-0.3580554127693176
1710525105700305734,-9.50583267211914,0.239501953125,-0.17124389111995697
1710525105738118855,-9.563312530517578,0.5185217261314392,-0.1748364269733429
1710525105772206990,-9.566905975341797,0.6083349585533142,-0.149688720703125
1710525105773759528,-9.698631286621094,0.4251159727573395,-0.1939965784549713
1710525105803049154,-9.63037395477295,0.7209008932113647,-0.24069947004318237
1710525105834582931,-9.63037395477295,0.7209008932113647,-0.24069947004318237
1710525105887324585,-9.544153213500977,0.449066162109375,-0.1401086449623108
1710525105925222520,-9.681866645812988,0.6849755644798279,-0.2299218773841858
1710525105975315954,-9.583670616149902,0.6454577445983887,-0.12214599549770355
1710525105981538825,-9.582472801208496,0.6909631490707397,-0.09220825135707855
1710525106017381239,-9.623188018798828,0.6239025592803955,-0.10777588188648224
1710525106049117362,-9.584868431091309,0.41074585914611816,-0.1748364269733429
1710525106065591983,-9.614806175231934,0.6789880394935608,-0.17363891005516052
1710525106082673010,-9.620793342590332,0.7173083424568176,-0.15328125655651093
1710525106090857840,-9.583670616149902,0.6622229218482971,-0.14250366389751434
1710525106109877652,-9.631570816040039,0.5352868437767029,-0.17842894792556763
1710525106134984865,-9.595645904541016,0.4993615746498108,-0.1892065405845642
1710525106158134230,-9.582472801208496,0.6059399247169495,-0.1448986828327179
1710525106183490103,-9.853110313415527,0.610729992389679,-0.5700146555900574
1710525106204224678,-9.274713516235352,0.5676196217536926,0.11256591975688934
1710525106240271081,-9.29028034210205,0.6658154129981995,0.008382568135857582
1710525106320344637,-9.666298866271973,0.4131408631801605,-0.18082398176193237
1710525106343414365,-9.566905975341797,0.37601807713508606,-0.07304809242486954
1710525106349611071,-9.644743919372559,0.7616162300109863,-0.17842894792556763
1710525106390093167,-9.593250274658203,0.6861730813980103,-0.12214599549770355
1710525106416942835,-9.571695327758789,0.4694238305091858,-0.13292358815670013
1710525106442503871,-9.68545913696289,0.7352709770202637,-0.18681152164936066
1710525106452819980,-9.620793342590332,0.6921606659889221,-0.19639159739017487
1710525106463305311,-9.552535057067871,0.5927673578262329,-0.08382568508386612
1710525106486549094,-9.60283088684082,0.5604345798492432,-0.14370116591453552
1710525106515994439,-9.610015869140625,0.5724096894264221,-0.17363891005516052
1710525106532715163,-9.59444808959961,0.6526428461074829,-0.11855346709489822
1710525106563291870,-9.590855598449707,0.6550378203392029,-0.1652563512325287
1710525106606431952,-9.60283088684082,0.42272093892097473,-0.1401086449623108
1710525106614918806,-9.626781463623047,0.6490502953529358,-0.1999841332435608
1710525106629590473,-9.588460922241211,0.6490502953529358,-0.1448986828327179
1710525106667198354,-9.600436210632324,0.5855822563171387,-0.13891112804412842
1710525106711605336,-9.627978324890137,0.688568115234375,-0.15807129442691803
1710525106720056739,-9.296268463134766,0.43709105253219604,0.2682421803474426
1710525106757697549,-9.648336410522461,0.8167016506195068,-0.25267454981803894
1710525106770336561,-9.911787986755371,0.7161108255386353,-0.40116578340530396
1710525106793359830,-9.697434425354004,0.2634521424770355,-0.2502795457839966
1710525106818803914,-9.619595527648926,0.3903881907463074,-0.17842894792556763
1710525106856678700,-9.674681663513184,0.6442602276802063,-0.24189697206020355
1710525106881841232,-9.52978229522705,0.4382885694503784,-0.08622070401906967
1710525106913150027,-9.641151428222656,0.7089257836341858,-0.18800903856754303
1710525107003537419,-9.554930686950684,0.5436694622039795,-0.11735595762729645
1710525107043765444,-9.59444808959961,0.5484594702720642,-0.15208373963832855
1710525107068865653,-9.578880310058594,0.6334826946258545,-0.1197509765625
1710525107083675237,-9.693841934204102,0.7041357159614563,-0.18082398176193237
1710525107096365019,-9.607621192932129,0.6550378203392029,-0.21195922791957855
1710525107117452483,-9.56570816040039,0.5855822563171387,-0.09101074188947678
1710525107171145926,-9.679471015930176,0.5748046636581421,-0.19040405750274658
1710525107222450838,-9.563312530517578,0.6179150342941284,-0.11615844815969467
1710525107235045740,-9.606423377990723,0.6825805902481079,-0.15567627549171448
1710525107277003349,-9.655521392822266,0.4478686451911926,-0.26704466342926025
1710525107308416235,-9.655521392822266,0.7436535358428955,-0.15567627549171448
1710525107314665470,-9.655521392822266,0.9783654808998108,-0.22273682057857513
1710525107329513706,-9.62558364868164,0.38559815287590027,-0.008382568135857582
1710525107371004681,-9.536968231201172,0.2550695836544037,-0.19040405750274658
1710525107379662518,-9.566905975341797,0.4430786073207855,-0.23231689631938934
1710525107398611023,-9.605225563049316,0.8741821050643921,-0.12813355028629303
1710525107432181060,-9.551338195800781,0.4179309010505676,-0.02634521573781967
1710525107465993169,-9.691446304321289,0.7340734601020813,-0.1748364269733429
1710525107474220776,-9.56570816040039,0.6251000761985779,-0.07783813774585724
1710525107488959851,-9.62558364868164,0.5436694622039795,-0.14729370176792145
1710525107514317769,-9.588460922241211,0.4131408631801605,-0.1448986828327179
1710525107556134914,-9.620793342590332,0.7161108255386353,-0.12693603336811066
1710525107569585860,-9.605225563049316,0.7340734601020813,-0.1748364269733429
1710525107604612265,-9.560917854309082,0.556842029094696,-0.09699828922748566
1710525107619120870,-9.623188018798828,0.5604345798492432,-0.18321900069713593
1710525107661239551,-9.642348289489746,0.6957531571388245,-0.18681152164936066
1710525107665366544,-9.621991157531738,0.6454577445983887,-0.1341210901737213
1710525107692894076,-9.655521392822266,0.49217650294303894,-0.17962646484375
1710525107724318010,-9.613608360290527,0.7197033762931824,-0.11735595762729645
1710525107774799984,-9.623188018798828,0.6598278880119324,-0.13771362602710724
1710525107827188672,-9.576485633850098,0.4430786073207855,0.08861572295427322
1710525107835657533,-9.254355430603027,0.6897656321525574,0.1341210901737213
1710525107846153361,-9.788444519042969,0.8550219535827637,-0.23830443620681763
1710525107875537821,-9.788444519042969,0.8550219535827637,-0.23830443620681763
1710525107905194940,-9.521400451660156,0.3245251476764679,-0.07544311881065369
1710525107923975897,-9.698631286621094,0.7927514910697937,-0.22153930366039276
1710525107936764081,-9.620793342590332,0.4778063893318176,-0.06825805455446243
1710525107955515924,-9.47469711303711,0.3640429675579071,-0.007185058668255806
1710525107983340249,-9.613608360290527,0.6718029975891113,-0.1245410144329071
1710525107989064392,-9.595645904541016,0.700543224811554,-0.09220825135707855
1710525108016172095,-9.596843719482422,0.6837780475616455,-0.1197509765625
1710525108024794709,-9.653125762939453,0.6670129299163818,-0.14849120378494263
1710525108071125566,-9.606423377990723,0.6825805902481079,-0.1245410144329071
1710525108085655973,-9.659113883972168,0.6849755644798279,-0.21674926578998566
1710525108112927804,-9.566905975341797,0.5760021805763245,-0.07783813774585724
1710525108136545019,-9.596843719482422,0.6047424077987671,-0.11615844815969467
1710525108146669865,-9.63995361328125,0.5676196217536926,-0.11615844815969467
1710525108157125505,-9.532177925109863,0.5724096894264221,-0.05029540881514549
1710525108180344061,-9.604028701782227,0.6646178960800171,-0.09340576082468033
1710525108192745562,-9.624385833740234,0.7041357159614563,-0.13651610910892487
1710525108247565617,-9.584868431091309,0.5436694622039795,-0.11256591975688934
1710525108249562827,-9.581275939941406,0.44068360328674316,-0.11256591975688934
1710525108260304810,-9.631570816040039,0.6059399247169495,-0.11735595762729645
1710525108274949920,-9.574090957641602,0.5544469952583313,-0.0946032702922821
1710525108287734889,-9.62558364868164,0.5161266922950745,-0.14250366389751434
1710525108304493877,-9.61720085144043,0.5975573658943176,-0.11735595762729645
1710525108321414997,-9.607621192932129,0.6969506740570068,-0.13891112804412842
1710525108338259413,-9.650731086730957,0.7472460865974426,-0.15328125655651093
1710525108361275162,-9.248368263244629,0.40715330839157104,0.34727782011032104
1710525108403297421,-9.683063507080078,0.8777746558189392,-0.14130614697933197
1710525108424848992,-9.673483848571777,0.1844165027141571,-0.2981799244880676
1710525108462440228,-9.687853813171387,0.33769774436950684,-0.0850231945514679
1710525108466530129,-9.54295539855957,0.9232800006866455,0.058677978813648224
1710525108495851997,-9.562115669250488,0.4251159727573395,-0.08741821348667145
1710525108516888433,-9.56570816040039,0.37601807713508606,-0.07783813774585724
1710525108548465146,-9.733359336853027,0.610729992389679,-0.25746458768844604
1710525108586530296,-9.584868431091309,0.5005590915679932,-0.0946032702922821
1710525108611594731,-9.63037395477295,0.6083349585533142,-0.10178832709789276
1710525108619784611,-9.616003036499023,0.7951464653015137,-0.11017090082168579
1710525108668274807,-9.623188018798828,0.6490502953529358,-0.14609618484973907
1710525108703877682,-9.656719207763672,0.5616320967674255,-0.14609618484973907
1710525108726996007,-9.60283088684082,0.6945556402206421,-0.10298583656549454
1710525108773316539,-9.578880310058594,0.4287084937095642,-0.08023315668106079
1710525108790418552,-9.637558937072754,0.6574328541755676,-0.1544787585735321
1710525108799136786,-9.590855598449707,0.6909631490707397,-0.10538086295127869
1710525108819890863,-9.624385833740234,0.6083349585533142,-0.11376342922449112
1710525108847229880,-9.621991157531738,0.4885839819908142,-0.16645385324954987
1710525108855570883,-9.607621192932129,0.6203100681304932,-0.1197509765625
1710525108924810166,-9.40045166015625,0.3879931569099426,0.2850073277950287
1710525108926842091,-9.265132904052734,0.580792248249054,0.4047583043575287
1710525108935396702,-9.653125762939453,0.9436376690864563,-0.19758911430835724
1710525108952373783,-9.48307991027832,0.7436535358428955,0.05987548828125
1710525108981598155,-9.606423377990723,0.37122803926467896,-0.17363891005516052
1710525109030217332,-9.618398666381836,0.3700305223464966,-0.06586303561925888
1710525109057414261,-9.51062297821045,0.40236327052116394,-0.020357666537165642
1710525109065949811,-9.644743919372559,0.45265868306159973,-0.0946032702922821
1710525109078399373,-9.604028701782227,0.6682104468345642,-0.08861572295427322
1710525109095363667,-9.623188018798828,0.7843688726425171,-0.07424560189247131
1710525109124628043,-9.624385833740234,0.5939648151397705,-0.05748046934604645
1710525109128802323,-9.624385833740234,0.4442761242389679,-0.14370116591453552
1710525109139363409,-9.601633071899414,0.46583130955696106,-0.09220825135707855
1710525109149846788,-9.584868431091309,0.5101391673088074,-0.08741821348667145
1710525109185938968,-9.610015869140625,0.7089257836341858,-0.061072997748851776
1710525109190131880,-9.687853813171387,0.7376660108566284,-0.1592687964439392
1710525109221576155,-9.63037395477295,0.5029541254043579,-0.11855346709489822
1710525109250954101,-9.661508560180664,0.5640270709991455,-0.16765137016773224
1710525109272014781,-9.581275939941406,0.670605480670929,-0.061072997748851776
1710525109284689563,-9.665101051330566,0.6562353372573853,-0.12573853135108948
1710525109345535776,-9.637558937072754,0.7041357159614563,-0.09939330816268921
1710525109358276248,-9.637558937072754,0.7041357159614563,-0.09939330816268921
1710525109374942240,-9.633966445922852,0.47900390625,-0.09340576082468033
1710525109395893325,-9.61720085144043,0.47541138529777527,-0.10657837241888046
1710525109461155945,-9.813592910766602,0.4598437547683716,-0.41553589701652527
1710525109469411949,-9.456734657287598,0.6969506740570068,0.23351439833641052
1710525109486116734,-9.524992942810059,0.6730005145072937,-0.11855346709489822
1710525109530467917,-9.613608360290527,0.34608033299446106,-0.10059081763029099
1710525109551594292,-9.580078125,0.5628296136856079,-0.028740234673023224
1710525109584925773,-9.681866645812988,0.6658154129981995,-0.13172607123851776
1710525109603863304,-9.545350074768066,0.3544628918170929,-0.003592529334127903
1710525109627158604,-9.716594696044922,0.5915698409080505,-0.2538720667362213
1710525109660804863,-9.587263107299805,0.7149133086204529,-0.07783813774585724
1710525109717519310,-9.607621192932129,0.4837939441204071,-0.08741821348667145
1710525109751092197,-9.5704984664917,0.6478527784347534,-0.02395019493997097
1710525109773878768,-9.693841934204102,0.5855822563171387,-0.16286133229732513
1710525109803543366,-9.613608360290527,0.7173083424568176,-0.022752685472369194
1710525109816043717,-9.599238395690918,0.5712121725082397,-0.09819579869508743
1710525109862320962,-9.631570816040039,0.6203100681304932,-0.06945556402206421
1710525109891891301,-9.66270637512207,0.6071374416351318,-0.14609618484973907
1710525109925428784,-9.599238395690918,0.47062134742736816,-0.089813232421875
1710525109952747321,-9.606423377990723,0.6478527784347534,-0.05748046934604645
1710525109967394463,-9.641151428222656,0.7424560785293579,-0.10777588188648224
1710525109988588131,-9.678274154663086,0.3796105980873108,-0.26584717631340027
1710525110009527545,-9.401649475097656,0.42631348967552185,0.31255003809928894
1710525110018111806,-9.686656951904297,0.8430469036102295,-0.2047741711139679
1710525110032565998,-9.632768630981445,0.975970447063446,-0.1197509765625
1710525110043164869,-9.739346504211426,0.7699987888336182,-0.14609618484973907
1710525110064198150,-9.62558364868164,0.3784130811691284,0.03353027254343033
1710525110095715685,-9.56570816040039,0.748443603515625,0.031135253608226776
1710525110115368957,-9.608818054199219,0.8705896139144897,-0.04550537094473839
1710525110152701941,-9.583670616149902,0.3652404844760895,-0.022752685472369194
1710525110177580978,-9.60283088684082,0.7340734601020813,-0.03353027254343033
1710525110188725360,-9.637558937072754,0.7280859351158142,-0.05029540881514549
1710525110202823148,-9.559720039367676,0.5077441334724426,-0.08023315668106079
1710525110232427790,-9.605225563049316,0.42631348967552185,-0.05987548828125
1710525110259836335,-9.621991157531738,0.796343982219696,-0.043110352009534836
1710525110304440942,-9.619595527648926,0.5053490996360779,-0.05029540881514549
1710525110331355789,-9.627978324890137,0.5556445121765137,-0.08861572295427322
1710525110368185515,-9.580078125,0.6945556402206421,-0.05628295987844467
1710525110373184459,-9.60283088684082,0.646655261516571,-0.08622070401906967
1710525110383909816,-9.59444808959961,0.6155200004577637,-0.05748046934604645
1710525110453263650,-9.61720085144043,0.6837780475616455,-0.10418334603309631
1710525110472380465,-9.582472801208496,0.4550537168979645,-0.07424560189247131
1710525110484933315,-9.60283088684082,0.5927673578262329,-0.06586303561925888
1710525110505990201,-9.650731086730957,0.6825805902481079,-0.19279907643795013
1710525110520769686,-9.945318222045898,0.5760021805763245,-0.5173242092132568
1710525110535443595,-9.739346504211426,0.47660887241363525,-0.34727782011032104
1710525110539317513,-9.577683448791504,0.40236327052116394,0.04790038987994194
1710525110541570043,-9.253157615661621,0.4598437547683716,0.41912841796875
1710525110554356462,-9.4603271484375,0.49576905369758606,0.2299218773841858
1710525110566938531,-9.595645904541016,0.7029382586479187,-0.03951782360672951
1710525110596388647,-9.801617622375488,0.9412426948547363,-0.2790197730064392
1710525110633988715,-9.710606575012207,0.1939965784549713,-0.23590941727161407
1710525110646850725,-9.562115669250488,0.9172924757003784,0.043110352009534836
1710525110663421995,-9.672286033630371,0.6059399247169495,-0.07424560189247131
1710525110693019323,-9.608818054199219,0.3987707495689392,0.008382568135857582
1710525110694952615,-9.546547889709473,0.4143383800983429,-0.003592529334127903
1710525110703338577,-9.704619407653809,0.5400769114494324,-0.21794678270816803
1710525110713812228,-9.627978324890137,0.6047424077987671,-0.13172607123851776
1710525110730714362,-9.650731086730957,0.7197033762931824,-0.040715333074331284
1710525110747471909,-9.656719207763672,0.7041357159614563,-0.0646655261516571
1710525110768433939,-9.571695327758789,0.5915698409080505,-0.06945556402206421
1710525110801938707,-9.653125762939453,0.47181883454322815,-0.061072997748851776
1710525110820837897,-9.651928901672363,0.7089257836341858,-0.061072997748851776
1710525110850157656,-9.544153213500977,0.5748046636581421,-0.002395019633695483
1710525110873189700,-9.587263107299805,0.5436694622039795,-0.004790039267390966
1710525110890100382,-9.659113883972168,0.5652245879173279,-0.12094848603010178
1710525110942707610,-9.63037395477295,0.6909631490707397,-0.06227050721645355
1710525110959565512,-9.558523178100586,0.4586462378501892,-0.025147704407572746
1710525110967764878,-9.656719207763672,0.5700146555900574,-0.1341210901737213
1710525110995370406,-9.607621192932129,0.6837780475616455,-0.09220825135707855
1710525111018510270,-9.620793342590332,0.6825805902481079,-0.046702880412340164
1710525111054256506,-9.644743919372559,0.718505859375,-0.08622070401906967
1710525111069062575,-9.823172569274902,0.5460644364356995,-0.34727782011032104
1710525111079590659,-9.621991157531738,0.4394860863685608,-0.16884887218475342
1710525111092270512,-9.439969062805176,0.44667112827301025,0.2838098108768463
1710525111111150809,-9.695038795471191,0.5676196217536926,0.08262817561626434
1710525111134165007,-9.642348289489746,0.7113208174705505,-0.16884887218475342
1710525111188485984,-9.51062297821045,0.508941650390625,-0.05149291828274727
1710525111230890213,-9.678274154663086,0.6921606659889221,-0.1197509765625
1710525111264530529,-9.554930686950684,0.5149291753768921,-0.07424560189247131
1710525111279237293,-9.655521392822266,0.4849914610385895,-0.08622070401906967
1710525111306599795,-9.633966445922852,0.5652245879173279,-0.07065307348966599
1710525111360974901,-9.638755798339844,0.6430627703666687,-0.08382568508386612
1710525111375571736,-9.571695327758789,0.5903723239898682,-0.03832031413912773
1710525111383900903,-9.608818054199219,0.5400769114494324,-0.002395019633695483
1710525111398586904,-9.574090957641602,0.5077441334724426,-0.01796264573931694
1710525111413741330,-9.661508560180664,0.5580395460128784,-0.12214599549770355
1710525111535592693,-9.65432357788086,0.6322851777076721,-0.09101074188947678
1710525111543879985,-9.65432357788086,0.6322851777076721,-0.09101074188947678
1710525111568989298,-9.611213684082031,0.47062134742736816,-0.10178832709789276
1710525111583727987,-9.612410545349121,0.5640270709991455,-0.03712280094623566
1710525111638525340,-9.627978324890137,0.4778063893318176,-0.2790197730064392
1710525111653175222,-9.673483848571777,0.33290770649909973,0.08262817561626434
1710525111707874716,-9.480685234069824,0.7220984101295471,0.07065307348966599
1710525111722575393,-9.802814483642578,0.2682421803474426,-0.20118163526058197
1710525111739321620,-9.656719207763672,0.6442602276802063,-0.0646655261516571
1710525111770049536,-9.612410545349121,0.4430786073207855,-0.07185058295726776
1710525111854778424,-9.60283088684082,0.5640270709991455,-0.09340576082468033
1710525111873657681,-9.644743919372559,0.44188109040260315,-0.043110352009534836
1710525111924188585,-9.60283088684082,0.5748046636581421,-0.10897339135408401
1710525111945461647,-9.648336410522461,0.7568261623382568,-0.06945556402206421
1710525111951716934,-9.611213684082031,0.5328918695449829,-0.08861572295427322
1710525111964412423,-9.673483848571777,0.5843847393989563,-0.12214599549770355
1710525111977095670,-9.55732536315918,0.6574328541755676,-0.011975097469985485
1710525112029699391,-9.618398666381836,0.5053490996360779,-0.03832031413912773
1710525112044509060,-9.568102836608887,0.45625123381614685,-0.03712280094623566
1710525112058975648,-9.651928901672363,0.6825805902481079,-0.1149609386920929
1710525112080099010,-9.584868431091309,0.6957531571388245,-0.05269043147563934
1710525112096786260,-9.627978324890137,0.610729992389679,-0.058677978813648224
1710525112124123664,-9.633966445922852,0.45744872093200684,-0.09340576082468033
1710525112132701763,-9.592053413391113,0.6131250262260437,-0.06586303561925888
1710525112147220630,-9.606423377990723,0.7292834520339966,-0.08741821348667145
1710525112176443902,-9.304651260375977,0.449066162109375,0.42751097679138184
1710525112188974434,-9.417217254638672,0.5592370629310608,0.17244140803813934
1710525112210380036,-9.562115669250488,0.6873705983161926,0.21315674483776093
1710525112216673521,-9.604028701782227,0.826281726360321,0.0646655261516571
1710525112218680860,-9.831555366516113,0.940045177936554,-0.1999841332435608
1710525112229172090,-9.508227348327637,0.6921606659889221,-0.04191284254193306
1710525112246032098,-9.439969062805176,0.3844006359577179,0.08143066614866257
1710525112289756844,-9.63037395477295,0.8298742771148682,0.046702880412340164
1710525112313075091,-9.612410545349121,0.6921606659889221,-0.09699828922748566
1710525112321566656,-9.566905975341797,0.42751097679138184,-0.05628295987844467
1710525112342530985,-9.683063507080078,0.44547364115715027,-0.18321900069713593
1710525112382368016,-9.65432357788086,0.5484594702720642,-0.10059081763029099
1710525112405863413,-9.598040580749512,0.48618897795677185,-0.049097899347543716
1710525112441052339,-9.614806175231934,0.449066162109375,-0.03353027254343033
1710525112500132219,-9.61720085144043,0.5053490996360779,-0.07544311881065369
1710525112506820707,-9.626781463623047,0.5736072063446045,-0.11017090082168579
1710525112531400638,-9.572893142700195,0.6646178960800171,0.0
1710525112541876166,-9.595645904541016,0.6741979718208313,-0.03233276307582855
1710525112554598935,-9.631570816040039,0.6334826946258545,-0.04790038987994194
1710525112569205972,-9.606423377990723,0.5520520210266113,-0.03712280094623566
1710525112621725528,-9.656719207763672,0.6993457078933716,-0.08023315668106079
1710525112647427471,-9.613608360290527,0.5197192430496216,-0.06227050721645355
1710525112657438008,-9.632768630981445,0.47660887241363525,-0.07903564721345901
1710525112689065346,-9.63995361328125,0.6741979718208313,-0.058677978813648224
1710525112741657787,-9.202862739562988,0.4095483422279358,0.2442919909954071
1710525112814966619,-9.727372169494629,0.36164796352386475,0.07185058295726776
1710525112827780585,-9.63995361328125,0.6610254049301147,-0.034727782011032104
1710525112861376805,-9.610015869140625,0.826281726360321,-0.0850231945514679
1710525112878132881,-9.511819839477539,0.37601807713508606,0.07544311881065369
1710525112920183835,-9.645940780639648,0.556842029094696,-0.12813355028629303
1710525112955950305,-9.592053413391113,0.5736072063446045,-0.03832031413912773
1710525112983337358,-9.657916069030762,0.4538561999797821,-0.046702880412340164
1710525113023239559,-9.596843719482422,0.6610254049301147,0.010777588002383709
1710525113059259390,-9.643546104431152,0.5628296136856079,-0.09699828922748566
1710525113101163814,-9.562115669250488,0.6251000761985779,0.003592529334127903
1710525113128528046,-9.5896577835083,0.580792248249054,-0.008382568135857582
1710525113151794189,-9.661508560180664,0.6598278880119324,-0.06227050721645355
1710525113168488060,-9.607621192932129,0.676593005657196,-0.05748046934604645
1710525113191814915,-9.636361122131348,0.7113208174705505,-0.034727782011032104
1710525113219175539,-9.614806175231934,0.6873705983161926,-0.04430786147713661
1710525113242777619,-9.922565460205078,0.5364843606948853,-0.4981640577316284
1710525113274257934,-9.673483848571777,0.5328918695449829,-0.09580077975988388
1710525113288755170,-9.564510345458984,0.7256909012794495,0.08382568508386612
1710525113309787809,-9.627978324890137,0.8909472823143005,0.05748046934604645
1710525113328859159,-9.655521392822266,0.5281018018722534,0.040715333074331284
1710525113341247700,-9.793234825134277,0.23710693418979645,-0.2490820288658142
1710525113364597692,-9.656719207763672,0.5400769114494324,-0.029937744140625
1710525113387377606,-9.618398666381836,0.8705896139144897,0.019160157069563866
1710525113401968026,-9.596843719482422,0.49097901582717896,-0.013172607868909836
1710525113431672727,-9.5704984664917,0.47062134742736816,0.02395019493997097
1710525113463238060,-9.655521392822266,0.6083349585533142,-0.020357666537165642
1710525113488437809,-9.665101051330566,0.5819897651672363,-0.0646655261516571
1710525113507664283,-9.618398666381836,0.4047583043575287,0.01796264573931694
1710525113530332553,-9.618398666381836,0.4047583043575287,0.01796264573931694
1710525113549221394,-9.584868431091309,0.550854504108429,0.0
1710525113639854741,-9.584868431091309,0.640667736530304,0.007185058668255806
1710525113654564174,-9.581275939941406,0.6777905225753784,-0.009580078534781933
1710525113675398563,-9.569300651550293,0.4035607874393463,-0.007185058668255806
1710525113692273681,-9.569300651550293,0.4035607874393463,-0.007185058668255806
1710525113721761110,-9.623188018798828,0.6753954887390137,-0.040715333074331284
1710525113725864317,-9.631570816040039,0.6610254049301147,-0.07065307348966599
1710525113751055844,-9.618398666381836,0.5017566084861755,-0.04430786147713661
1710525113770562639,-9.616003036499023,0.6574328541755676,-0.03712280094623566
1710525113790996591,-9.836345672607422,0.646655261516571,-0.41074585914611816
1710525113813973015,-9.588460922241211,0.46583130955696106,-0.19279907643795013
1710525113836966899,-9.64953327178955,0.5760021805763245,0.10178832709789276
1710525113874880873,-9.753717422485352,0.7532336711883545,-0.17962646484375
1710525113887679735,-9.447154998779297,0.22273682057857513,-0.03233276307582855
1710525113933743493,-9.638755798339844,0.7197033762931824,-0.08861572295427322
1710525113971445321,-9.590855598449707,0.45146119594573975,0.02634521573781967
1710525114003118750,-9.608818054199219,0.7017407417297363,0.008382568135857582
1710525114036624575,-9.581275939941406,0.6873705983161926,0.007185058668255806
1710525114059770775,-9.607621192932129,0.3640429675579071,-0.003592529334127903
1710525114064302587,-9.624385833740234,0.4179309010505676,-0.009580078534781933
1710525114092035665,-9.631570816040039,0.7939489483833313,-0.0011975098168477416
1710525114137402083,-9.586065292358398,0.5149291753768921,0.028740234673023224
1710525114170957131,-9.610015869140625,0.6562353372573853,-0.015567626804113388
1710525114190068778,-9.650731086730957,0.640667736530304,-0.055085450410842896
1710525114213078704,-9.569300651550293,0.5281018018722534,0.025147704407572746
1710525114242821921,-9.627978324890137,0.47181883454322815,-0.028740234673023224
1710525114263801222,-9.653125762939453,0.7436535358428955,-0.04550537094473839
1710525114272237260,-9.623188018798828,0.5771996974945068,-0.015567626804113388
1710525114295306945,-9.608818054199219,0.4945715367794037,0.004790039267390966
1710525114305919252,-9.624385833740234,0.5484594702720642,-0.0059875487349927425
1710525114324783989,-9.627978324890137,0.7412585616111755,-0.0011975098168477416
1710525114360540101,-9.635163307189941,0.6801855564117432,-0.10897339135408401
1710525114383829795,-9.692644119262695,0.7244933843612671,0.07185058295726776
1710525114392372564,-9.641151428222656,0.7436535358428955,0.15208373963832855
1710525114409195112,-9.52978229522705,0.6825805902481079,0.03353027254343033
1710525114419697965,-9.78245735168457,0.5077441334724426,-0.12214599549770355
1710525114451313364,-9.707014083862305,0.24668700993061066,-0.11017090082168579
1710525114457474350,-9.596843719482422,0.8825647234916687,-0.009580078534781933
1710525114516544050,-9.611213684082031,0.4682263135910034,-0.0850231945514679
1710525114585612468,-9.623188018798828,0.4885839819908142,-0.03233276307582855
1710525114602698423,-9.62558364868164,0.4694238305091858,-0.007185058668255806
1710525114636249122,-9.6998291015625,0.7676037549972534,-0.10418334603309631
1710525114649524490,-9.619595527648926,0.6634204387664795,0.0059875487349927425
1710525114673943001,-9.577683448791504,0.5281018018722534,0.07065307348966599
1710525114720377556,-9.607621192932129,0.7161108255386353,0.009580078534781933
1710525114724602298,-9.647138595581055,0.7520361542701721,-0.020357666537165642
1710525114747643485,-9.631570816040039,0.6155200004577637,-0.013172607868909836
1710525114760268730,-9.673483848571777,0.5843847393989563,-0.07544311881065369
1710525114774956538,-9.636361122131348,0.688568115234375,-0.025147704407572746
1710525114792131045,-9.618398666381836,0.6969506740570068,0.0011975098168477416
1710525114819401102,-9.592053413391113,0.6813830733299255,0.019160157069563866
1710525114853639795,-9.619595527648926,0.6670129299163818,-0.002395019633695483
1710525114863358631,-9.626781463623047,0.7448510527610779,0.003592529334127903
1710525114887596187,-9.877060890197754,0.6131250262260437,-0.42751097679138184
1710525114924682597,-9.360934257507324,0.5376818776130676,0.18561401963233948
1710525114972638471,-9.431587219238281,0.6598278880119324,0.040715333074331284
1710525115000083784,-9.702223777770996,0.8382568359375,0.0011975098168477416
1710525115031609227,-9.621991157531738,0.6741979718208313,-0.034727782011032104
1710525115054925344,-9.51062297821045,0.449066162109375,0.05628295987844467
1710525115069423188,-9.619595527648926,0.5592370629310608,-0.009580078534781933
1710525115084100466,-9.65432357788086,0.7460485696792603,-0.049097899347543716
1710525115098849002,-9.614806175231934,0.7831714153289795,0.058677978813648224
1710525115126247340,-9.63995361328125,0.4538561999797821,-0.008382568135857582
1710525115138730964,-9.605225563049316,0.4239184558391571,0.007185058668255806
1710525115142813585,-9.612410545349121,0.5664221048355103,0.010777588002383709
1710525115168445666,-9.626781463623047,0.6310876607894897,-0.01796264573931694
1710525115176728174,-9.61720085144043,0.7292834520339966,0.025147704407572746
1710525115222883884,-9.587263107299805,0.5245092511177063,0.05748046934604645
1710525115243918300,-9.629176139831543,0.628692626953125,-0.03233276307582855
1710525115258616838,-9.554930686950684,0.640667736530304,0.055085450410842896
1710525115281667607,-9.631570816040039,0.6574328541755676,0.002395019633695483
1710525115307116521,-9.624385833740234,0.5077441334724426,0.022752685472369194
1710525115326121525,-9.647138595581055,0.4837939441204071,-0.028740234673023224
1710525115342633334,-9.651928901672363,0.6526428461074829,-0.029937744140625
1710525115359279338,-9.619595527648926,0.6981481909751892,0.002395019633695483
1710525115369721937,-9.619595527648926,0.5712121725082397,0.003592529334127903
1710525115387468220,-9.636361122131348,0.4885839819908142,-0.029937744140625
1710525115420348000,-9.621991157531738,0.6658154129981995,0.007185058668255806
1710525115426948109,-9.624385833740234,0.730480968952179,0.007185058668255806
1710525115441490439,-9.978848457336426,0.47900390625,-0.4933740198612213
1710525115452037394,-9.710606575012207,0.37122803926467896,0.03832031413912773
1710525115462475312,-9.590855598449707,0.586779773235321,0.25626710057258606
1710525115538107940,-9.710606575012207,0.29937744140625,-0.08143066614866257
1710525115569900138,-9.592053413391113,0.9292675852775574,0.14250366389751434
1710525115592907136,-9.571695327758789,0.4598437547683716,0.11855346709489822
1710525115655804420,-9.588460922241211,0.7616162300109863,0.013172607868909836
1710525115693637388,-9.638755798339844,0.5460644364356995,0.013172607868909836
1710525115702070705,-9.598040580749512,0.40236327052116394,0.022752685472369194
1710525115718849145,-9.66270637512207,0.7424560785293579,0.025147704407572746
1710525115731458031,-9.604028701782227,0.7532336711883545,-0.014370117336511612
1710525115744065381,-9.60283088684082,0.6071374416351318,0.031135253608226776
1710525115754523738,-9.568102836608887,0.5257067680358887,0.06346801668405533
1710525115768774787,-9.624385833740234,0.5903723239898682,-0.01796264573931694
1710525115803072275,-9.556127548217773,0.6203100681304932,0.09819579869508743
1710525115830527282,-9.621991157531738,0.6598278880119324,-0.020357666537165642
1710525115853568938,-9.566905975341797,0.5987548828125,0.05388794094324112
1710525115878740876,-9.614806175231934,0.42631348967552185,0.003592529334127903
1710525115883000341,-9.624385833740234,0.449066162109375,-0.002395019633695483
1710525115927286591,-9.642348289489746,0.6442602276802063,0.004790039267390966
1710525115942120017,-9.638755798339844,0.7280859351158142,0.007185058668255806
1710525115960947557,-9.60283088684082,0.7592211961746216,0.03353027254343033
1710525115979923653,-9.849517822265625,0.5532495379447937,-0.3484753370285034
1710525115986211606,-9.680668830871582,0.4346960484981537,-0.09220825135707855
1710525116011491118,-9.479487419128418,0.5927673578262329,0.2143542468547821
1710525116024800465,-9.372908592224121,0.449066162109375,0.31135255098342896
1710525116043117779,-9.75970458984375,0.730480968952179,-0.11136841028928757
1710525116061987848,-9.614806175231934,0.3197351098060608,0.12334350496530533
1710525116078760095,-9.6902494430542,0.3532653748989105,0.019160157069563866
1710525116087057085,-9.55732536315918,0.46104127168655396,-0.031135253608226776
1710525116108071901,-9.64953327178955,0.8777746558189392,0.07903564721345901
1710525116160529450,-9.540560722351074,0.39158570766448975,0.07185058295726776
1710525116177085735,-9.648336410522461,0.6753954887390137,-0.009580078534781933
1710525116204512592,-9.648336410522461,0.6753954887390137,-0.009580078534781933
1710525116208868176,-9.619595527648926,0.7556286454200745,0.09101074188947678
1710525116217059370,-9.554930686950684,0.6334826946258545,0.06945556402206421
1710525116242368135,-9.620793342590332,0.3700305223464966,0.013172607868909836
1710525116253090764,-9.624385833740234,0.4933740198612213,0.03951782360672951
1710525116265519531,-9.587263107299805,0.6514453291893005,0.04191284254193306
1710525116288854907,-9.635163307189941,0.7113208174705505,0.009580078534781933
1710525116293053787,-9.558523178100586,0.5783972144126892,0.10178832709789276
1710525116303360699,-9.552535057067871,0.4742138683795929,0.10418334603309631
1710525116332951625,-9.641151428222656,0.6478527784347534,0.02395019493997097
1710525116341305957,-9.558523178100586,0.646655261516571,0.10298583656549454
1710525116358285841,-9.62558364868164,0.6011499166488647,0.0
1710525116391965458,-9.65432357788086,0.6382727026939392,-0.016765136271715164
1710525116435757552,-9.593250274658203,0.4538561999797821,0.03712280094623566
1710525116453089117,-9.647138595581055,0.45625123381614685,0.0011975098168477416
1710525116463524062,-9.62558364868164,0.7592211961746216,0.008382568135857582
1710525116469648424,-9.598040580749512,0.45265868306159973,0.025147704407572746
1710525116505491054,-9.610015869140625,0.550854504108429,0.011975097469985485
1710525116507594952,-9.635163307189941,0.7053332328796387,0.0011975098168477416
1710525116511760844,-9.613608360290527,0.7460485696792603,0.020357666537165642
1710525116551527623,-9.55732536315918,0.41194334626197815,0.16645385324954987
1710525116570525348,-9.442364692687988,0.6322851777076721,0.4299060106277466
1710525116621102359,-9.551338195800781,0.718505859375,0.07903564721345901
1710525116657632500,-9.5896577835083,0.8610095381736755,0.09580077975988388
1710525116694633030,-9.54295539855957,0.4334985315799713,0.09220825135707855
1710525116713457198,-9.684261322021484,0.5292993187904358,-0.08622070401906967
1710525116719811597,-9.684261322021484,0.6490502953529358,-0.007185058668255806
1710525116740916768,-9.587263107299805,0.7699987888336182,0.07664062827825546
1710525116753421046,-9.63037395477295,0.6035449504852295,0.022752685472369194
1710525116791264541,-9.636361122131348,0.42272093892097473,0.020357666537165642
1710525116822861123,-9.68545913696289,0.8334667682647705,-0.025147704407572746
1710525116850189398,-9.564510345458984,0.4849914610385895,0.089813232421875
1710525116887963456,-9.661508560180664,0.646655261516571,-0.01796264573931694
1710525116961389932,-9.601633071899414,0.5484594702720642,0.014370117336511612
1710525116984350619,-9.641151428222656,0.7101233005523682,0.002395019633695483
1710525116995331671,-9.635163307189941,0.7125183343887329,0.004790039267390966
1710525117022410904,-9.611213684082031,0.6143224835395813,0.0646655261516571
1710525117039393414,-9.623188018798828,0.6298901438713074,0.015567626804113388
1710525117064613301,-9.63995361328125,0.7232959270477295,0.031135253608226776
1710525117070814332,-9.899813652038574,0.43589356541633606,-0.40236327052116394
1710525117098200236,-9.310638427734375,0.4634362757205963,0.47062134742736816
1710525117121155037,-9.667496681213379,0.850231945514679,0.1149609386920929
1710525117131657783,-9.683063507080078,0.9639953374862671,-0.11615844815969467
1710525117154746251,-9.513017654418945,0.5340893268585205,0.08861572295427322
1710525117158902957,-9.530980110168457,0.29937744140625,0.18800903856754303
1710525117180191075,-9.616003036499023,0.6394702196121216,0.07903564721345901
1710525117202907476,-9.675878524780273,0.886157214641571,0.029937744140625
1710525117234779903,-9.582472801208496,0.4694238305091858,0.07664062827825546
1710525117276525171,-9.65432357788086,0.42751097679138184,0.0059875487349927425
1710525117293499926,-9.60283088684082,0.8131091594696045,0.07544311881065369
1710525117329085967,-9.610015869140625,0.44667112827301025,0.03951782360672951
1710525117360385000,-9.653125762939453,0.8442443609237671,0.02395019493997097
1710525117369912462,-9.655521392822266,0.8047265410423279,-0.027542725205421448
1710525117387776443,-9.538165092468262,0.4682263135910034,0.13292358815670013
1710525117411052536,-9.637558937072754,0.5460644364356995,0.04550537094473839
1710525117434175956,-9.558523178100586,0.6239025592803955,0.12214599549770355
1710525117469778265,-9.668693542480469,0.640667736530304,-0.02395019493997097
1710525117482559639,-9.581275939941406,0.6753954887390137,0.07185058295726776
1710525117512108798,-9.616003036499023,0.4598437547683716,0.05388794094324112
1710525117530932210,-9.616003036499023,0.4598437547683716,0.05388794094324112
1710525117600294756,-9.633966445922852,0.7723938226699829,0.058677978813648224
1710525117671823029,-9.79682731628418,0.8825647234916687,-0.12693603336811066
1710525117680070486,-9.522597312927246,0.5963598489761353,0.13292358815670013
1710525117699048305,-9.55732536315918,0.41074585914611816,0.18202148377895355
1710525117715961867,-9.64953327178955,0.15687377750873566,-0.015567626804113388
1710525117722230154,-9.733359336853027,0.23590941727161407,-0.089813232421875
1710525117760237402,-9.62558364868164,0.8190966844558716,0.05748046934604645
1710525117810512822,-9.686656951904297,0.5340893268585205,-0.013172607868909836
1710525117833762589,-9.610015869140625,0.6011499166488647,0.011975097469985485
1710525117955761161,-9.626781463623047,0.5281018018722534,-0.007185058668255806
1710525117962062712,-9.626781463623047,0.5281018018722534,-0.03353027254343033
1710525117983150133,-9.599238395690918,0.6442602276802063,0.06945556402206421
1710525117985148831,-9.586065292358398,0.6574328541755676,0.10059081763029099
1710525118002111659,-9.608818054199219,0.6478527784347534,0.05269043147563934
1710525118014666433,-9.596843719482422,0.6418652534484863,0.08382568508386612
1710525118090467570,-9.575287818908691,0.5843847393989563,0.06227050721645355
1710525118117675430,-9.621991157531738,0.4598437547683716,0.05388794094324112
1710525118147150589,-9.607621192932129,0.7424560785293579,0.04550537094473839
1710525118164047034,-9.899813652038574,0.5472619533538818,-0.35206785798072815
1710525118193212764,-9.614806175231934,0.39757323265075684,0.009580078534781933
1710525118199605749,-9.315428733825684,0.5616320967674255,0.4502636790275574
1710525118233306096,-9.582472801208496,0.8753796219825745,0.07065307348966599
1710525118262730655,-9.546547889709473,0.32213011384010315,0.16645385324954987
1710525118304793428,-9.5896577835083,0.8574169874191284,0.1293310523033142
1710525118309047520,-9.552535057067871,0.8418493866920471,0.08741821348667145
1710525118327847402,-9.707014083862305,0.7316784858703613,0.002395019633695483
1710525118342668602,-9.524992942810059,0.4035607874393463,0.13891112804412842
1710525118357027760,-9.696236610412598,0.4945715367794037,-0.040715333074331284
1710525118382707261,-9.545350074768066,0.7795788645744324,0.12693603336811066
1710525118412012333,-9.62558364868164,0.7771838307380676,0.09819579869508743
1710525118447688266,-9.606423377990723,0.5185217261314392,0.07664062827825546
1710525118477190273,-9.641151428222656,0.6718029975891113,0.05628295987844467
1710525118502240279,-9.540560722351074,0.5580395460128784,0.14849120378494263
1710525118504321150,-9.5704984664917,0.5197192430496216,0.13651610910892487
1710525118516943250,-9.672286033630371,0.6131250262260437,-0.002395019633695483
1710525118556746804,-9.600436210632324,0.6777905225753784,0.1197509765625
1710525118578257836,-9.620793342590332,0.45265868306159973,0.04550537094473839
1710525118598935225,-9.624385833740234,0.5149291753768921,0.028740234673023224
1710525118628558684,-9.633966445922852,0.6215075850486755,0.04430786147713661
1710525118662335653,-9.578880310058594,0.4334985315799713,0.08861572295427322
1710525118674928727,-9.623188018798828,0.7149133086204529,0.040715333074331284
1710525118696146785,-9.600436210632324,0.7340734601020813,0.06945556402206421
1710525118712932963,-9.600436210632324,0.7340734601020813,0.06945556402206421
1710525118733927084,-9.6902494430542,0.4538561999797821,-0.11735595762729645
1710525118742161127,-9.38608169555664,0.4334985315799713,0.47900390625
1710525118746323930,-9.553732872009277,0.6358776688575745,0.27782225608825684
1710525118756996592,-9.586065292358398,0.8035290241241455,0.03233276307582855
1710525118777940909,-9.63995361328125,1.033450961112976,-0.009580078534781933
1710525118838919371,-9.48307991027832,0.4849914610385895,0.19040405750274658
1710525118879053110,-9.607621192932129,0.5963598489761353,0.043110352009534836
1710525118885120529,-9.556127548217773,0.4287084937095642,0.13651610910892487
1710525118897575276,-9.635163307189941,0.5376818776130676,-0.0059875487349927425
1710525118914641314,-9.614806175231934,0.7616162300109863,0.08861572295427322
1710525118948546709,-9.587263107299805,0.6837780475616455,0.12334350496530533
1710525118956776018,-9.637558937072754,0.5233117938041687,0.07783813774585724
1710525118960833869,-9.580078125,0.4179309010505676,0.06346801668405533
1710525118984160154,-9.606423377990723,0.6035449504852295,0.058677978813648224
1710525119002971000,-9.695038795471191,0.7855663895606995,-0.020357666537165642
1710525119019529778,-9.635163307189941,0.5951623320579529,0.1401086449623108
1710525119030236173,-9.544153213500977,0.4993615746498108,0.15687377750873566
1710525119055284928,-9.596843719482422,0.6442602276802063,0.06706054508686066
1710525119070258323,-9.587263107299805,0.6418652534484863,0.10298583656549454
1710525119084866460,-9.5704984664917,0.65863037109375,0.11256591975688934
1710525119110007719,-9.59444808959961,0.6514453291893005,0.08622070401906967
1710525119147730170,-9.64953327178955,0.5005590915679932,0.029937744140625
1710525119169925753,-9.604028701782227,0.4634362757205963,0.06945556402206421
1710525119172870321,-9.610015869140625,0.7436535358428955,0.06825805455446243
1710525119206623462,-9.5704984664917,0.41912841796875,0.0059875487349927425
1710525119221100654,-9.651928901672363,0.47541138529777527,0.01796264573931694
1710525119223312699,-9.606423377990723,0.628692626953125,0.05149291828274727
1710525119248833144,-9.610015869140625,0.8143066167831421,0.07664062827825546
1710525119269521506,-9.532177925109863,0.3951782286167145,0.2239343225955963
1710525119288707418,-9.566905975341797,0.9041198492050171,0.18202148377895355
1710525119296826690,-9.733359336853027,0.9639953374862671,-0.06227050721645355
1710525119338973231,-9.519004821777344,0.49696654081344604,0.15208373963832855
1710525119351544810,-9.54295539855957,0.3305127024650574,0.09580077975988388
1710525119355691297,-9.717791557312012,0.2586621046066284,-0.05388794094324112
1710525119410217731,-9.633966445922852,0.5281018018722534,0.003592529334127903
1710525119422895681,-9.553732872009277,0.3784130811691284,0.0646655261516571
1710525119434009124,-9.660311698913574,0.4538561999797821,0.021555176004767418
1710525119437719913,-9.637558937072754,0.6370751857757568,0.007185058668255806
1710525119456577004,-9.65432357788086,0.748443603515625,0.03951782360672951
1710525119473436741,-9.605225563049316,0.7125183343887329,0.1401086449623108
1710525119486219535,-9.550140380859375,0.5748046636581421,0.09220825135707855
1710525119559483577,-9.582472801208496,0.65863037109375,0.11615844815969467
1710525119569389457,-9.558523178100586,0.5819897651672363,0.16645385324954987
1710525119586881834,-9.656719207763672,0.550854504108429,0.0011975098168477416
1710525119649964580,-9.612410545349121,0.6346801519393921,0.07304809242486954
1710525119658338937,-9.5896577835083,0.6322851777076721,0.13172607123851776
1710525119732119008,-9.613608360290527,0.6957531571388245,0.08741821348667145
1710525119752918299,-9.626781463623047,0.42751097679138184,0.05388794094324112
1710525119773563112,-9.626781463623047,0.42751097679138184,0.05388794094324112
1710525119822498733,-9.821974754333496,0.6251000761985779,-0.27303221821784973
1710525119830744898,-9.588460922241211,0.4095483422279358,0.03353027254343033
1710525119858211909,-9.52020263671875,0.6777905225753784,0.26105713844299316
1710525119870880692,-9.508227348327637,0.6071374416351318,0.061072997748851776
1710525119898072529,-9.751321792602539,0.38559815287590027,0.01796264573931694
1710525119908640340,-9.533374786376953,0.49576905369758606,0.07664062827825546
1710525119925189675,-9.635163307189941,0.8047265410423279,0.12334350496530533
1710525119952729779,-9.611213684082031,0.5819897651672363,0.003592529334127903
1710525119975594653,-9.660311698913574,0.4299060106277466,0.029937744140625
1710525119979845053,-9.665101051330566,0.4945715367794037,0.016765136271715164
1710525119992408368,-9.651928901672363,0.4933740198612213,0.025147704407572746
1710525120030437549,-9.626781463623047,0.7424560785293579,0.043110352009534836
1710525120047270308,-9.601633071899414,0.8167016506195068,0.13651610910892487
1710525120110343087,-9.574090957641602,0.5795947313308716,0.14370116591453552
1710525120139712983,-9.659113883972168,0.6119275093078613,0.016765136271715164
1710525120154584565,-9.569300651550293,0.6095324754714966,0.1401086449623108
1710525120183702454,-9.629176139831543,0.6478527784347534,0.025147704407572746
1710525120203471333,-9.578880310058594,0.6346801519393921,0.1401086449623108
1710525120225834180,-9.604028701782227,0.43589356541633606,0.08143066614866257
1710525120232079059,-9.610015869140625,0.5652245879173279,0.06706054508686066
1710525120261525447,-9.629176139831543,0.6550378203392029,0.061072997748851776
1710525120272081806,-9.645940780639648,0.7472460865974426,0.043110352009534836
1710525120309804390,-9.612410545349121,0.48259642720222473,0.07664062827825546
1710525120324600450,-9.599238395690918,0.4933740198612213,0.06825805455446243
1710525120397873405,-9.586065292358398,0.5520520210266113,0.45744872093200684
1710525120406297397,-9.448351860046387,0.6658154129981995,0.23231689631938934
1710525120418787965,-9.669891357421875,0.41194334626197815,0.14370116591453552
1710525120425494480,-9.758506774902344,0.3436852991580963,-0.05149291828274727
1710525120444487969,-9.521400451660156,0.5496569871902466,0.14370116591453552
1710525120463068874,-9.648336410522461,0.6143224835395813,0.08861572295427322
1710525120547202699,-9.720187187194824,0.4430786073207855,-0.03233276307582855
1710525120578614892,-9.604028701782227,0.5963598489761353,0.061072997748851776
1710525120599861911,-9.612410545349121,0.3748205602169037,0.10538086295127869
1710525120631415696,-9.636361122131348,0.7376660108566284,0.040715333074331284
1710525120637674690,-9.636361122131348,0.7376660108566284,0.040715333074331284
1710525120650308905,-9.611213684082031,0.6418652534484863,0.1341210901737213
1710525120669080964,-9.541757583618164,0.5628296136856079,0.10777588188648224
1710525120675613597,-9.63037395477295,0.6143224835395813,0.07065307348966599
1710525120692306140,-9.678274154663086,0.5939648151397705,0.02634521573781967
1710525120704886825,-9.59444808959961,0.5999523997306824,0.14849120378494263
1710525120728114418,-9.558523178100586,0.5999523997306824,0.16884887218475342
1710525120753383596,-9.604028701782227,0.646655261516571,0.11376342922449112
1710525120780577166,-9.616003036499023,0.46702879667282104,0.10538086295127869
1710525120814207964,-9.642348289489746,0.7089257836341858,0.0646655261516571
1710525120820653113,-9.599238395690918,0.5173242092132568,0.08262817561626434
1710525120850154486,-9.633966445922852,0.4478686451911926,0.07424560189247131
1710525120901480520,-9.61720085144043,0.7688012719154358,0.07185058295726776
1710525120917372538,-9.404044151306152,0.45625123381614685,0.41074585914611816
1710525120954999550,-9.365723609924316,0.5795947313308716,0.41074585914611816
1710525120984797456,-9.608818054199219,0.2838098108768463,-0.06945556402206421
1710525121005725801,-9.742938995361328,0.34727782011032104,0.05269043147563934
1710525121028680729,-9.63995361328125,0.8693920969963074,0.1401086449623108
1710525121116850348,-9.620793342590332,0.8059240579605103,0.15807129442691803
1710525121159100246,-9.578880310058594,0.6203100681304932,0.13292358815670013
1710525121169412308,-9.624385833740234,0.6574328541755676,0.1197509765625
1710525121184185965,-9.657916069030762,0.7436535358428955,0.03832031413912773
1710525121201400405,-9.647138595581055,0.6813830733299255,0.08741821348667145
1710525121220029190,-9.568102836608887,0.5520520210266113,0.16286133229732513
1710525121237106515,-9.608818054199219,0.550854504108429,0.10059081763029099
1710525121249276070,-9.599238395690918,0.6023474335670471,0.12334350496530533
1710525121268318023,-9.595645904541016,0.6538403034210205,0.12693603336811066
1710525121284918719,-9.624385833740234,0.6777905225753784,0.10298583656549454
1710525121299749464,-9.61720085144043,0.6119275093078613,0.1245410144329071
1710525121314322841,-9.607621192932129,0.5257067680358887,0.08861572295427322
1710525121356370444,-9.600436210632324,0.5819897651672363,0.06586303561925888
1710525121369701365,-9.63037395477295,0.7209008932113647,0.05748046934604645
1710525121385939809,-9.610015869140625,0.46702879667282104,0.11256591975688934
1710525121413291163,-9.621991157531738,0.6658154129981995,0.10059081763029099
1710525121465834115,-9.093889236450195,0.5903723239898682,0.4993615746498108
1710525121482627811,-9.595645904541016,0.6239025592803955,-0.07903564721345901
1710525121514001505,-9.814789772033691,0.41194334626197815,0.09580077975988388
1710525121539254117,-9.806407928466797,0.3400927782058716,-0.04430786147713661
1710525121568866377,-9.757309913635254,0.7927514910697937,0.09101074188947678
1710525121585453118,-9.661508560180664,0.47660887241363525,0.05029540881514549
1710525121608633931,-9.661508560180664,0.47660887241363525,0.05029540881514549
1710525121623247015,-9.704619407653809,0.4694238305091858,-0.029937744140625
1710525121663300253,-9.588460922241211,0.6933581829071045,0.13052856922149658
1710525121770501923,-9.571695327758789,0.5891748070716858,0.16765137016773224
1710525121787441766,-9.671089172363281,0.5712121725082397,0.05628295987844467
1710525121823152119,-9.588460922241211,0.6741979718208313,0.15567627549171448
1710525121838046960,-9.613608360290527,0.7412585616111755,0.12693603336811066
1710525121850637301,-9.595645904541016,0.5963598489761353,0.11855346709489822
1710525121854712328,-9.626781463623047,0.5424719452857971,0.09939330816268921
1710525121867422536,-9.596843719482422,0.4634362757205963,0.1401086449623108
1710525121896773821,-9.638755798339844,0.5520520210266113,0.07544311881065369
1710525121901176939,-9.645940780639648,0.6909631490707397,0.06706054508686066
1710525121924041151,-9.581275939941406,0.5053490996360779,0.1293310523033142
1710525121932526780,-9.648336410522461,0.5676196217536926,0.09101074188947678
1710525121944947911,-9.623188018798828,0.6047424077987671,0.08023315668106079
1710525121972274036,-9.613608360290527,0.7041357159614563,0.1401086449623108
1710525121989138769,-9.614806175231934,0.6849755644798279,0.10059081763029099
1710525122044720748,-9.697434425354004,0.9616003632545471,0.06706054508686066
1710525122056724921,-9.571695327758789,0.7652087211608887,0.055085450410842896
1710525122094748076,-9.442364692687988,0.3388952612876892,0.22752685844898224
1710525122130429509,-9.552535057067871,0.7807763814926147,0.16765137016773224
1710525122155648020,-9.560917854309082,0.49576905369758606,0.16046631336212158
1710525122180661438,-9.667496681213379,0.5137317180633545,0.05269043147563934
1710525122193326254,-9.666298866271973,0.7688012719154358,0.17124389111995697
1710525122203809890,-9.509425163269043,0.700543224811554,0.089813232421875
1710525122214627814,-9.592053413391113,0.4334985315799713,0.10538086295127869
1710525122241587278,-9.636361122131348,0.37721556425094604,0.09101074188947678
1710525122264980142,-9.620793342590332,0.6298901438713074,0.16645385324954987
1710525122281845231,-9.707014083862305,0.8214917182922363,0.028740234673023224
1710525122311058317,-9.657916069030762,0.5412744283676147,0.06706054508686066
1710525122321635352,-9.636361122131348,0.5927673578262329,0.06825805455446243
1710525122346764703,-9.59444808959961,0.7041357159614563,0.14370116591453552
1710525122369109646,-9.63037395477295,0.6490502953529358,0.1197509765625
1710525122390779679,-9.635163307189941,0.65863037109375,0.11855346709489822
1710525122392848647,-9.590855598449707,0.5771996974945068,0.13771362602710724
1710525122414025829,-9.600436210632324,0.4849914610385895,0.16645385324954987
1710525122447758391,-9.596843719482422,0.7017407417297363,0.13651610910892487
1710525122462230750,-9.60283088684082,0.5819897651672363,0.13172607123851776
1710525122485359242,-9.616003036499023,0.46104127168655396,0.08023315668106079
1710525122493750940,-9.590855598449707,0.5724096894264221,0.14130614697933197
1710525122504330854,-9.612410545349121,0.7592211961746216,0.149688720703125
1710525122519061357,-9.604028701782227,0.7041357159614563,0.14370116591453552
1710525122554648210,-9.608818054199219,0.5257067680358887,-0.08861572295427322
1710525122583832451,-9.536968231201172,0.676593005657196,0.08023315668106079
1710525122634602292,-9.4603271484375,0.36643800139427185,0.07544311881065369
1710525122677495037,-9.641151428222656,0.49217650294303894,0.08262817561626434
1710525122710230031,-9.548942565917969,0.5376818776130676,0.16286133229732513
1710525122727283990,-9.698631286621094,0.40715330839157104,0.03951782360672951
1710525122731350409,-9.614806175231934,0.6598278880119324,0.16286133229732513
1710525122746325362,-9.583670616149902,0.8717871308326721,0.20118163526058197
1710525122777843904,-9.668693542480469,0.6741979718208313,0.08741821348667145
1710525122807302559,-9.595645904541016,0.5939648151397705,0.14729370176792145
1710525122826362064,-9.659113883972168,0.7388635277748108,0.040715333074331284
1710525122828355011,-9.657916069030762,0.7460485696792603,0.09220825135707855
1710525122857672315,-9.566905975341797,0.5161266922950745,0.18561401963233948
1710525122866384724,-9.650731086730957,0.5771996974945068,0.058677978813648224
1710525122889148492,-9.582472801208496,0.6730005145072937,0.1892065405845642
1710525122914343612,-9.645940780639648,0.6658154129981995,0.1448986828327179
1710525122924704268,-9.571695327758789,0.6262975931167603,0.13771362602710724
1710525122935177736,-9.576485633850098,0.5161266922950745,0.12334350496530533
1710525122958227705,-9.653125762939453,0.5472619533538818,0.12573853135108948
1710525122969006214,-9.623188018798828,0.5245092511177063,0.11017090082168579
1710525122987718434,-9.624385833740234,0.6071374416351318,0.12094848603010178
1710525123004524294,-9.612410545349121,0.6155200004577637,0.1353186070919037
1710525123040172159,-9.638755798339844,0.5149291753768921,0.10178832709789276
1710525123056814980,-9.620793342590332,0.6849755644798279,0.14130614697933197
1710525123060900348,-9.629176139831543,0.6239025592803955,0.09580077975988388
1710525123084745734,-9.613608360290527,0.550854504108429,0.08382568508386612
1710525123090606409,-9.74533462524414,0.5041515827178955,0.040715333074331284
1710525123105117136,-9.580078125,0.6239025592803955,0.3688330054283142
1710525123121948655,-9.569300651550293,0.8574169874191284,0.06227050721645355
1710525123193204565,-9.548942565917969,0.8071215748786926,0.2143542468547821
1710525123219168957,-9.581275939941406,0.5077441334724426,0.16645385324954987
1710525123230887791,-9.566905975341797,0.4897814989089966,0.1197509765625
1710525123266737825,-9.611213684082031,0.3305127024650574,0.0850231945514679
1710525123300678085,-9.575287818908691,0.7077282667160034,0.16286133229732513
1710525123317251929,-9.606423377990723,0.7340734601020813,0.1640588343143463
1710525123338527329,-9.590855598449707,0.5113366842269897,0.18681152164936066
1710525123346893125,-9.614806175231934,0.6095324754714966,0.10418334603309631
1710525123355355947,-9.623188018798828,0.7173083424568176,0.15088623762130737
1710525123378370516,-9.611213684082031,0.5664221048355103,0.16046631336212158
1710525123387180892,-9.5704984664917,0.568817138671875,0.18681152164936066
1710525123405807954,-9.581275939941406,0.6718029975891113,0.20836669206619263
1710525123498194882,-9.63037395477295,0.47062134742736816,0.13292358815670013
1710525123504697871,-9.644743919372559,0.4502636790275574,0.07903564721345901
1710525123525487196,-9.644743919372559,0.5137317180633545,0.10418334603309631
1710525123548401778,-9.61720085144043,0.7220984101295471,0.17363891005516052
1710525123570656546,-9.590855598449707,0.700543224811554,0.15807129442691803
1710525123605188941,-9.656719207763672,0.7029382586479187,0.1353186070919037
1710525123723040335,-9.55732536315918,0.7292834520339966,0.1341210901737213
1710525123744107885,-9.55732536315918,0.7292834520339966,0.1341210901737213
1710525123769163973,-9.595645904541016,0.616717517375946,0.17603392899036407
1710525123792231288,-9.576485633850098,0.47541138529777527,0.20716919004917145
1710525123808972090,-9.59444808959961,0.5975573658943176,0.1640588343143463
1710525123840606107,-9.605225563049316,0.5149291753768921,0.17124389111995697
1710525123842741593,-9.578880310058594,0.7388635277748108,0.22752685844898224
1710525123861610119,-9.616003036499023,0.610729992389679,0.14729370176792145
1710525123880659117,-9.5896577835083,0.4394860863685608,0.14729370176792145
1710525123909716759,-9.657916069030762,0.7017407417297363,0.06825805455446243
1710525123924528666,-9.536968231201172,0.5652245879173279,0.2299218773841858
1710525123969797698,-9.59444808959961,0.6059399247169495,0.12214599549770355
1710525123979602607,-9.595645904541016,0.5316943526268005,0.17244140803813934
1710525123998593903,-9.614806175231934,0.5173242092132568,0.15208373963832855
1710525124023694918,-9.623188018798828,0.7077282667160034,0.16765137016773224
1710525124049038113,-9.636361122131348,0.5939648151397705,0.1401086449623108
1710525124080353454,-9.633966445922852,0.48259642720222473,0.13891112804412842
1710525124124632156,-9.63037395477295,0.5556445121765137,0.14130614697933197
1710525124158000479,-9.644743919372559,0.628692626953125,0.14849120378494263
1710525124178928544,-9.659113883972168,0.5161266922950745,0.1951940953731537
1710525124189268373,-9.427994728088379,0.628692626953125,0.6502478122711182
1710525124208536315,-9.697434425354004,0.7388635277748108,0.14609618484973907
1710525124219176426,-9.751321792602539,0.7891589403152466,-0.07304809242486954
1710525124240237670,-9.593250274658203,0.5975573658943176,0.25147706270217896
1710525124290849706,-9.63995361328125,0.6813830733299255,0.1448986828327179
1710525124313879516,-9.680668830871582,0.4586462378501892,0.09580077975988388
1710525124326659174,-9.619595527648926,0.5221142768859863,0.19758911430835724
1710525124339160029,-9.621991157531738,0.5352868437767029,0.13052856922149658
1710525124360072403,-9.669891357421875,0.5712121725082397,0.06346801668405533
1710525124440126930,-9.575287818908691,0.4778063893318176,0.21195922791957855
1710525124486462267,-9.541757583618164,0.6346801519393921,0.24668700993061066
1710525124507608265,-9.681866645812988,0.6310876607894897,0.08023315668106079
1710525124524333241,-9.572893142700195,0.5364843606948853,0.209564208984375
1710525124530628510,-9.624385833740234,0.5676196217536926,0.1592687964439392
1710525124557950246,-9.668693542480469,0.6322851777076721,0.09340576082468033
1710525124568839122,-9.562115669250488,0.6514453291893005,0.22153930366039276
1710525124574650492,-9.624385833740234,0.646655261516571,0.15567627549171448
1710525124606354807,-9.620793342590332,0.4143383800983429,0.13292358815670013
1710525124637934017,-9.650731086730957,0.7101233005523682,0.10657837241888046
1710525124667629257,-9.619595527648926,0.5783972144126892,0.17723144590854645
1710525124718053130,-9.84233283996582,0.5604345798492432,-0.2239343225955963
1710525124730749812,-9.63037395477295,0.5783972144126892,0.09819579869508743
1710525124734704813,-9.388476371765137,0.5795947313308716,0.5712121725082397
1710525124760100259,-9.636361122131348,0.6801855564117432,0.1245410144329071
1710525124844074787,-9.623188018798828,0.6071374416351318,0.17723144590854645
1710525124877776968,-9.618398666381836,0.48618897795677185,0.2047741711139679
1710525124886282546,-9.554930686950684,0.49217650294303894,0.2299218773841858
1710525124892651821,-9.63995361328125,0.5616320967674255,0.09580077975988388
1710525124921923803,-9.595645904541016,0.6203100681304932,0.1939965784549713
1710525124949243227,-9.595645904541016,0.6741979718208313,0.22872436046600342
1710525124982654302,-9.618398666381836,0.42631348967552185,0.20357665419578552
1710525124993243801,-9.618398666381836,0.42631348967552185,0.20357665419578552
1710525125016460294,-9.562115669250488,0.670605480670929,0.2538720667362213
1710525125037592883,-9.551338195800781,0.6155200004577637,0.20118163526058197
1710525125054709122,-9.614806175231934,0.5077441334724426,0.1341210901737213
1710525125077601427,-9.605225563049316,0.5460644364356995,0.2143542468547821
1710525125100680814,-9.592053413391113,0.5316943526268005,0.20597167313098907
1710525125104930404,-9.621991157531738,0.586779773235321,0.1353186070919037
1710525125107052769,-9.638755798339844,0.6502478122711182,0.17603392899036407
1710525125128076940,-9.627978324890137,0.5592370629310608,0.149688720703125
1710525125136433517,-9.621991157531738,0.449066162109375,0.17962646484375
1710525125155372505,-9.641151428222656,0.45744872093200684,0.13052856922149658
1710525125207879810,-9.623188018798828,0.6562353372573853,0.18800903856754303
1710525125210057771,-9.623188018798828,0.6562353372573853,0.18800903856754303
1710525125216571728,-9.604028701782227,0.580792248249054,0.17124389111995697
1710525125228975638,-9.607621192932129,0.6514453291893005,0.1892065405845642
1710525125254376705,-9.696236610412598,0.6155200004577637,0.027542725205421448
1710525125298384139,-9.610015869140625,0.5963598489761353,0.16884887218475342
1710525125323676043,-9.777667045593262,0.766406238079071,0.010777588002383709
1710525125334234605,-9.530980110168457,0.34129029512405396,0.20716919004917145
1710525125348895159,-9.777667045593262,0.33650025725364685,-0.0011975098168477416
1710525125367589137,-9.571695327758789,0.6969506740570068,0.2538720667362213
1710525125380521539,-9.619595527648926,0.7352709770202637,0.16286133229732513
1710525125399368343,-9.619595527648926,0.6239025592803955,0.17842894792556763
1710525125414240305,-9.608818054199219,0.5185217261314392,0.1892065405845642
1710525125437347464,-9.610015869140625,0.48259642720222473,0.1640588343143463
1710525125454038683,-9.691446304321289,0.5556445121765137,0.0850231945514679
1710525125458217968,-9.626781463623047,0.676593005657196,0.2047741711139679
1710525125470849850,-9.621991157531738,0.676593005657196,0.21315674483776093
1710525125521321260,-9.569300651550293,0.41673338413238525,0.18561401963233948
1710525125596983901,-9.55732536315918,0.5676196217536926,0.22273682057857513
1710525125628497175,-9.581275939941406,0.48738646507263184,0.2143542468547821
1710525125632701761,-9.592053413391113,0.5951623320579529,0.16765137016773224
1710525125641156742,-9.691446304321289,0.6442602276802063,0.10298583656549454
1710525125664346822,-9.556127548217773,0.7053332328796387,0.26105713844299316
1710525125693915924,-9.592053413391113,0.3903881907463074,0.1939965784549713
1710525125716849895,-9.614806175231934,0.5053490996360779,0.17723144590854645
1710525125734174989,-9.572893142700195,0.6394702196121216,0.24788452684879303
1710525125761004967,-9.626781463623047,0.5628296136856079,0.14849120378494263
1710525125797427976,-9.871072769165039,0.5652245879173279,-0.22273682057857513
1710525125817622277,-9.663904190063477,0.5532495379447937,0.10538086295127869
1710525125826174651,-9.323810577392578,0.5005590915679932,0.628692626953125
1710525125851410898,-9.401649475097656,0.5712121725082397,0.5783972144126892
1710525125866306530,-9.507030487060547,0.5676196217536926,0.21674926578998566
1710525125880890204,-9.578880310058594,0.2598596215248108,0.31255003809928894
1710525125889108087,-9.592053413391113,0.21674926578998566,0.36763548851013184
1710525125912323724,-9.241183280944824,0.47541138529777527,-0.46583130955696106
1710525125939667923,-9.87945556640625,0.5915698409080505,-0.44547364115715027
1710525125968013808,-9.610015869140625,-0.38559815287590027,0.05748046934604645
1710525125970852808,-9.250762939453125,0.41553589701652527,0.40715330839157104
1710525125998454779,-9.733359336853027,2.5483007431030273,0.6083349585533142
1710525126011144676,-9.332193374633789,1.2897180318832397,0.5664221048355103
1710525126023578795,-10.153685569763184,0.7580236792564392,-0.5053490996360779
1710525126055135842,-8.866362571716309,-0.8873547315597534,0.8047265410423279
1710525126061674413,-9.598040580749512,0.17603392899036407,0.21315674483776093
1710525126090929983,-9.274713516235352,0.8346642851829529,0.6837780475616455
1710525126122439675,-9.538165092468262,0.2838098108768463,0.22752685844898224
1710525126172760638,-9.901010513305664,0.34248778223991394,-0.6622229218482971
1710525126202203816,-9.560917854309082,1.1412267684936523,0.269439697265625
1710525126227450285,-9.68545913696289,0.49696654081344604,-0.034727782011032104
1710525126240048515,-9.68545913696289,0.6322851777076721,0.5436694622039795
1710525126265218234,-9.975255966186523,0.5592370629310608,-0.20597167313098907
1710525126303179602,-9.727372169494629,0.7915539741516113,-0.13771362602710724
1710525126328341149,-9.425599098205566,0.4993615746498108,0.46702879667282104
1710525126332370213,-9.637558937072754,0.5173242092132568,0.16166381537914276
1710525126371464687,-9.532177925109863,0.4538561999797821,0.3245251476764679
1710525126393197173,-9.372908592224121,0.850231945514679,0.5999523997306824
1710525126412190466,-9.473499298095703,0.6490502953529358,0.2490820288658142
1710525126423100376,-9.680668830871582,0.48738646507263184,0.11376342922449112
1710525126450213379,-9.551338195800781,0.6251000761985779,0.36763548851013184
1710525126467127074,-9.633966445922852,0.7795788645744324,0.11855346709489822
1710525126483850264,-9.645940780639648,1.0250684022903442,-0.07903564721345901
1710525126546714001,-9.764494895935059,0.5795947313308716,0.2838098108768463
1710525126584639681,-9.357341766357422,0.11256591975688934,0.15328125655651093
1710525126605971404,-9.526189804077148,0.33769774436950684,0.1544787585735321
1710525126631189932,-9.665101051330566,0.7592211961746216,0.17603392899036407
1710525126702699331,-9.495055198669434,0.6442602276802063,0.05748046934604645
1710525126736866965,-9.824370384216309,0.7089257836341858,-0.11615844815969467
1710525126761712572,-9.538165092468262,2.165097713470459,-0.38080811500549316
1710525126782494423,-10.978769302368164,1.0406359434127808,-1.2490026950836182
1710525126797358946,-8.886719703674316,0.16166381537914276,-0.38080811500549316
1710525126820526997,-9.113049507141113,1.362766146659851,-0.24309448897838593
1710525126845697985,-9.838740348815918,-0.10059081763029099,-0.25626710057258606
1710525126856370789,-9.25794792175293,0.7879614233970642,0.16166381537914276
1710525126870897341,-9.538165092468262,1.041833519935608,-0.2191442847251892
1710525126890041805,-9.538165092468262,1.092128872871399,-0.4239184558391571
1710525126900536683,-9.314230918884277,0.7161108255386353,-0.14250366389751434
1710525126921472729,-9.284293174743652,0.748443603515625,-0.05628295987844467
1710525126942532365,-9.492659568786621,1.1424243450164795,-0.29099488258361816
1710525126969568077,-9.86987590789795,0.6239025592803955,-0.46583130955696106
1710525127013874064,-9.527387619018555,0.6514453291893005,-0.34608033299446106
1710525127037094502,-9.588460922241211,0.5281018018722534,-0.20237915217876434
1710525127074802765,-9.348958969116211,1.4418017864227295,-0.14370116591453552
1710525127091725387,-9.647138595581055,1.1603869199752808,-0.7580236792564392
1710525127110601510,-9.238787651062012,0.37721556425094604,-0.05269043147563934
1710525127135642556,-9.904603004455566,1.152004361152649,-0.8993298411369324
1710525127152399889,-9.444759368896484,0.4478686451911926,-0.06586303561925888
1710525127179676816,-9.738149642944336,0.47541138529777527,-0.53887939453125
1710525127206921570,-9.61720085144043,0.48139894008636475,-0.53887939453125
1710525127234439994,-9.547745704650879,0.7556286454200745,-0.2502795457839966
1710525127255596180,-9.462721824645996,0.9065148830413818,-0.2933898866176605
1710525127285568047,-9.611213684082031,0.34608033299446106,-0.4778063893318176
1710525127320834620,-9.548942565917969,0.6191125512123108,-0.39158570766448975
1710525127345852405,-9.666298866271973,0.5724096894264221,-0.550854504108429
1710525127427848032,-9.626781463623047,0.5029541254043579,-0.5352868437767029
1710525127472010429,-9.554930686950684,0.8334667682647705,-0.4598437547683716
1710525127486720325,-9.580078125,0.6502478122711182,-0.43230101466178894
1710525127501330327,-9.651928901672363,0.5999523997306824,-0.48259642720222473
1710525127522596449,-9.8100004196167,0.8035290241241455,-0.7256909012794495
1710525127545591431,-9.716594696044922,0.48259642720222473,-0.586779773235321
1710525127572769766,-9.431587219238281,0.5700146555900574,-0.23830443620681763
1710525127600382572,-9.514215469360352,0.4885839819908142,-0.2239343225955963
1710525127617024162,-9.590855598449707,0.5951623320579529,-0.47900390625
1710525127659139759,-9.621991157531738,0.6203100681304932,-0.4730163514614105
1710525127722176638,-9.647138595581055,0.4598437547683716,-0.5999523997306824
1710525127734847895,-9.611213684082031,0.5412744283676147,-0.41553589701652527
1710525127768667231,-9.592053413391113,0.6203100681304932,-0.3987707495689392
1710525127769201585,-9.532177925109863,0.6083349585533142,-0.449066162109375
1710525127785167486,-9.68545913696289,0.5544469952583313,-0.6777905225753784
1710525127802553051,-9.650731086730957,0.4897814989089966,-0.5400769114494324
1710525127826967813,-9.548942565917969,0.44547364115715027,-0.4538561999797821
1710525127854497146,-9.673483848571777,0.5448669195175171,-0.5903723239898682
1710525127875608760,-9.660311698913574,0.47181883454322815,-0.6011499166488647
1710525127898808148,-9.643546104431152,0.6598278880119324,-0.5520520210266113
1710525127938379481,-9.553732872009277,0.5328918695449829,-0.3879931569099426
1710525127949056848,-9.586065292358398,0.5927673578262329,-0.47062134742736816
1710525127988975267,-9.560917854309082,0.5724096894264221,-0.4550537168979645
1710525127991066315,-9.5704984664917,0.6741979718208313,-0.39637574553489685
1710525128003654470,-9.599238395690918,0.6047424077987671,-0.49097901582717896
1710525128018448671,-9.631570816040039,0.5760021805763245,-0.526904284954071
1710525128033071015,-9.648336410522461,0.5939648151397705,-0.5640270709991455
1710525128050677263,-9.616003036499023,0.6861730813980103,-0.5352868437767029
1710525128060823616,-9.598040580749512,0.6789880394935608,-0.4730163514614105
1710525128085663860,-9.550140380859375,0.6538403034210205,-0.42631348967552185
1710525128102305865,-9.595645904541016,0.5029541254043579,-0.43709105253219604
1710525128108872530,-9.595645904541016,0.5029541254043579,-0.43709105253219604
1710525128138138272,-9.612410545349121,0.6682104468345642,-0.48738646507263184
1710525128152929987,-9.623188018798828,0.6574328541755676,-0.5257067680358887
1710525128167912578,-9.629176139831543,0.5257067680358887,-0.5400769114494324
1710525128176088100,-9.595645904541016,0.4885839819908142,-0.5113366842269897
1710525128182339423,-9.678274154663086,0.6310876607894897,-0.5963598489761353
1710525128197116439,-9.667496681213379,0.5676196217536926,-0.5927673578262329
1710525128213997263,-9.642348289489746,0.700543224811554,-0.5556445121765137
1710525128249761394,-9.600436210632324,0.4742138683795929,-0.4837939441204071
1710525128304767670,-9.629176139831543,0.5101391673088074,-0.5281018018722534
1710525128306702009,-9.587263107299805,0.5819897651672363,-0.46702879667282104
1710525128313312675,-9.558523178100586,0.6334826946258545,-0.42152345180511475
1710525128340283161,-9.632768630981445,0.5819897651672363,-0.5149291753768921
1710525128380312047,-9.638755798339844,0.6095324754714966,-0.508941650390625
1710525128399176512,-9.551338195800781,0.5795947313308716,-0.42152345180511475
1710525128407614809,-9.581275939941406,0.5927673578262329,-0.41553589701652527
1710525128430831152,-9.563312530517578,0.5903723239898682,-0.4430786073207855
1710525128432866677,-9.601633071899414,0.5412744283676147,-0.46702879667282104
1710525128468480552,-9.595645904541016,0.5855822563171387,-0.4802014231681824
1710525128502220127,-9.629176139831543,0.5855822563171387,-0.5436694622039795
1710525128504193001,-9.637558937072754,0.580792248249054,-0.5592370629310608
1710525128535741142,-9.629176139831543,0.6071374416351318,-0.5556445121765137
1710525128579888726,-9.584868431091309,0.5664221048355103,-0.4897814989089966
1710525128613524824,-9.604028701782227,0.6334826946258545,-0.49696654081344604
1710525128634562333,-9.612410545349121,0.5927673578262329,-0.48139894008636475
1710525128666005750,-9.620793342590332,0.5975573658943176,-0.5149291753768921
1710525128706034357,-9.601633071899414,0.5544469952583313,-0.48618897795677185
1710525128722908214,-9.586065292358398,0.5987548828125,-0.46223875880241394
1710525128733535131,-9.586065292358398,0.586779773235321,-0.46583130955696106
1710525128766126577,-9.577683448791504,0.5640270709991455,-0.4586462378501892
1710525128794238006,-9.584868431091309,0.5939648151397705,-0.4430786073207855
1710525128809098840,-9.616003036499023,0.6119275093078613,-0.5281018018722534
1710525128832306768,-9.619595527648926,0.6047424077987671,-0.5304968357086182
