bag_timestamp_ns,accel0_x,accel0_y,accel0_z
1710534975526405627,-9.473499298095703,0.7053332328796387,1.1603869199752808
1710534975537349542,-9.4507474899292,0.7352709770202637,1.2190649509429932
1710534975558396520,-9.454339981079102,0.520916759967804,1.1627819538116455
1710534975568877946,-9.457932472229004,0.6789880394935608,1.1951147317886353
1710534975594034052,-9.441166877746582,0.7125183343887329,1.2442126274108887
1710534975610748873,-9.468709945678711,0.5987548828125,1.1699670553207397
1710534975636064311,-9.442364692687988,0.7137157917022705,1.2358300685882568
1710534975667493538,-9.472302436828613,0.5771996974945068,1.1124866008758545
1710534975682330264,-9.49744987487793,0.616717517375946,1.098116397857666
1710534975701279820,-9.406438827514648,0.5700146555900574,1.197509765625
1710534975720318406,-9.439969062805176,0.5221142768859863,1.1555969715118408
1710534975751764743,-9.436376571655273,0.7520361542701721,1.2753479480743408
1710534975772957765,-9.433981895446777,0.6957531571388245,1.2190649509429932
1710534975785566304,-9.468709945678711,0.706530749797821,1.2011022567749023
1710534975812760652,-9.438772201538086,0.6849755644798279,1.1999047994613647
1710534975825516660,-9.435179710388184,0.6155200004577637,1.213077425956726
1710534975844325420,-9.420809745788574,0.616717517375946,1.2681628465652466
1710534975876064872,-9.422006607055664,0.676593005657196,1.251397728919983
1710534975880152990,-9.459129333496094,0.6837780475616455,1.1783496141433716
1710534975905190336,-9.471104621887207,0.6981481909751892,1.191522240638733
1710534975926490682,-9.449549674987793,0.6502478122711182,1.243015170097351
1710534975932696068,-9.453142166137695,0.6071374416351318,1.1496093273162842
1710534975985365457,-9.436376571655273,0.7400610446929932,1.2466076612472534
1710534976037662839,-9.451944351196289,0.6718029975891113,1.157991886138916
1710534976071662993,-9.435179710388184,0.7256909012794495,1.2082873582839966
1710534976099235324,-9.456734657287598,0.6670129299163818,1.13763427734375
1710534976103394789,-9.431587219238281,0.6119275093078613,1.2238550186157227
1710534976113761410,-9.462721824645996,0.700543224811554,1.1891272068023682
1710534976135151582,-9.449549674987793,0.7280859351158142,1.1891272068023682
1710534976141064204,-9.471104621887207,0.646655261516571,1.1639795303344727
1710534976174830688,-9.444759368896484,0.6143224835395813,1.2597802877426147
1710534976198210860,-9.43757438659668,0.616717517375946,1.1939172744750977
1710534976219090100,-9.435179710388184,0.65863037109375,1.2537927627563477
1710534976232739282,-9.4603271484375,0.5951623320579529,1.2022998332977295
1710534976248630823,-9.444759368896484,0.6274951100349426,1.2394225597381592
1710534976322011949,-9.4603271484375,0.5592370629310608,1.187929630279541
1710534976340851406,-9.431587219238281,0.7017407417297363,1.2885204553604126
1710534976378778672,-9.443561553955078,0.6718029975891113,1.2322375774383545
1710534976418430815,-9.432784080505371,0.7316784858703613,1.2286449670791626
1710534976420575384,-9.444759368896484,0.6514453291893005,1.217867374420166
1710534976441501202,-9.472302436828613,0.7161108255386353,1.113684058189392
1710534976466827905,-9.463919639587402,0.6969506740570068,1.1963123083114624
1710534976492125407,-9.426796913146973,0.568817138671875,1.243015170097351
1710534976536135256,-9.479487419128418,0.6358776688575745,1.1364368200302124
1710534976567700169,-9.484277725219727,0.6646178960800171,1.128054141998291
1710534976588786671,-9.453142166137695,0.6741979718208313,1.217867374420166
1710534976654014998,-9.4507474899292,0.5712121725082397,1.221459984779358
1710534976674923679,-9.42320442199707,0.6861730813980103,1.2909154891967773
1710534976687728194,-9.479487419128418,0.6346801519393921,1.161584496498108
1710534976706461705,-9.43757438659668,0.646655261516571,1.177152156829834
1710534976715046664,-9.418414115905762,0.5951623320579529,1.2549902200698853
1710534976736052752,-9.406438827514648,0.6562353372573853,1.183139681816101
1710534976742310674,-9.4603271484375,0.6813830733299255,1.1496093273162842
1710534976759248150,-9.396859169006348,0.6454577445983887,1.3244458436965942
1710534976771934918,-9.430389404296875,0.5700146555900574,1.25738525390625
1710534976795159554,-9.461524963378906,0.7424560785293579,1.237027645111084
1710534976811808154,-9.443561553955078,0.7125183343887329,1.2238550186157227
1710534976855883275,-9.433981895446777,0.6538403034210205,1.2561877965927124
1710534976881129543,-9.466314315795898,0.6741979718208313,1.1627819538116455
1710534976916716739,-9.443561553955078,0.5843847393989563,0.9448351860046387
1710534976933580375,-9.463919639587402,0.7616162300109863,1.1999047994613647
1710534976937965257,-9.465117454528809,0.5939648151397705,1.1687694787979126
1710534976969515506,-9.455536842346191,0.7412585616111755,1.2142748832702637
1710534977034321483,-9.433981895446777,0.7089257836341858,1.2454102039337158
1710534977059796865,-9.448351860046387,0.6873705983161926,1.1939172744750977
1710534977072221537,-9.456734657287598,0.7568261623382568,1.213077425956726
1710534977093191484,-9.457932472229004,0.718505859375,1.197509765625
1710534977110231727,-9.412426948547363,0.5771996974945068,1.2765454053878784
1710534977156412527,-9.413623809814453,0.6514453291893005,1.271755337715149
1710534977179582176,-9.449549674987793,0.6574328541755676,1.2202624082565308
1710534977202775691,-9.433981895446777,0.6490502953529358,1.2346326112747192
1710534977223828321,-9.435179710388184,0.6251000761985779,1.2442126274108887
1710534977261498635,-9.431587219238281,0.6753954887390137,1.2406201362609863
1710534977282655371,-9.435179710388184,0.6801855564117432,1.237027645111084
1710534977289076696,-9.462721824645996,0.6358776688575745,1.1855347156524658
1710534977333269024,-9.429191589355469,0.6131250262260437,1.2597802877426147
1710534977350034327,-9.429191589355469,0.6131250262260437,1.2597802877426147
1710534977369100469,-9.449549674987793,0.6634204387664795,1.1795470714569092
1710534977379571188,-9.427994728088379,0.6131250262260437,1.2310400009155273
1710534977402436758,-9.472302436828613,0.6598278880119324,1.1843371391296387
1710534977412966040,-9.480685234069824,0.6957531571388245,1.1496093273162842
1710534977438310232,-9.4507474899292,0.5987548828125,1.1951147317886353
1710534977501351121,-9.44595718383789,0.6358776688575745,1.2154724597930908
1710534977555627131,-9.431587219238281,0.6370751857757568,1.2454102039337158
1710534977559722824,-9.448351860046387,0.586779773235321,1.1759545803070068
1710534977580892914,-9.439969062805176,0.6454577445983887,1.181942105293274
1710534977595682991,-9.441166877746582,0.6478527784347534,1.2298425436019897
1710534977601660057,-9.441166877746582,0.6646178960800171,1.2142748832702637
1710534977620576702,-9.449549674987793,0.6718029975891113,1.2238550186157227
1710534977675323973,-9.417217254638672,0.6418652534484863,1.2442126274108887
1710534977702720685,-9.436376571655273,0.6789880394935608,1.2286449670791626
1710534977721726830,-9.468709945678711,0.6358776688575745,1.2310400009155273
1710534977748985133,-9.429191589355469,0.6682104468345642,1.2394225597381592
1710534977776489358,-9.432784080505371,0.6047424077987671,1.221459984779358
1710534977797729757,-9.443561553955078,0.6478527784347534,1.2310400009155273
1710534977834983603,-9.457932472229004,0.6574328541755676,1.1999047994613647
1710534977861045620,-9.441166877746582,0.6191125512123108,1.203497290611267
1710534977879807927,-9.462721824645996,0.6454577445983887,1.1759545803070068
1710534977900894862,-9.442364692687988,0.6825805902481079,1.2058923244476318
1710534977923918304,-9.443561553955078,0.6598278880119324,1.2190649509429932
1710534977951331541,-9.455536842346191,0.6358776688575745,1.211879849433899
1710534977982914634,-9.435179710388184,0.6634204387664795,1.2394225597381592
1710534977989212315,-9.461524963378906,0.6239025592803955,1.1843371391296387
1710534978020678191,-9.431587219238281,0.6993457078933716,1.251397728919983
1710534978034255806,-9.463919639587402,0.646655261516571,1.183139681816101
1710534978054270344,-9.435179710388184,0.6274951100349426,1.2454102039337158
1710534978068815026,-9.444759368896484,0.6502478122711182,1.2382251024246216
1710534978094258546,-9.438772201538086,0.676593005657196,1.2286449670791626
1710534978123982425,-9.443561553955078,0.6394702196121216,1.2202624082565308
1710534978138446695,-9.451944351196289,0.6933581829071045,1.2058923244476318
1710534978178672879,-9.442364692687988,0.6574328541755676,1.2082873582839966
1710534978205714941,-9.456734657287598,0.6825805902481079,1.2046948671340942
1710534978229255178,-9.436376571655273,0.5999523997306824,1.227447509765625
1710534978235120459,-9.456734657287598,0.7472460865974426,1.2310400009155273
1710534978246039461,-9.459129333496094,0.670605480670929,1.1867321729660034
1710534978264670828,-9.422006607055664,0.5795947313308716,1.2322375774383545
1710534978273306815,-9.435179710388184,0.6059399247169495,1.271755337715149
1710534978281472600,-9.418414115905762,0.5975573658943176,1.2765454053878784
1710534978296280568,-9.439969062805176,0.6658154129981995,1.2082873582839966
1710534978302524069,-9.471104621887207,0.6694079637527466,1.167572021484375
1710534978327974005,-9.4603271484375,0.6047424077987671,1.2154724597930908
1710534978340524282,-9.431587219238281,0.6873705983161926,1.221459984779358
1710534978363593542,-9.465117454528809,0.7173083424568176,1.2106823921203613
1710534978374145094,-9.436376571655273,0.6251000761985779,1.2094848155975342
1710534978392947138,-9.44595718383789,0.5771996974945068,1.2094848155975342
1710534978399374173,-9.44595718383789,0.670605480670929,1.2202624082565308
1710534978407882194,-9.456734657287598,0.6670129299163818,1.1927196979522705
1710534978434451500,-9.418414115905762,0.6203100681304932,1.237027645111084
1710534978439418004,-9.418414115905762,0.6203100681304932,1.237027645111084
1710534978475242982,-9.475894927978516,0.7029382586479187,1.1783496141433716
1710534978487869086,-9.438772201538086,0.5927673578262329,1.2394225597381592
1710534978502625199,-9.439969062805176,0.580792248249054,1.241817593574524
1710534978504797624,-9.447154998779297,0.6598278880119324,1.217867374420166
1710534978513209853,-9.441166877746582,0.688568115234375,1.213077425956726
1710534978540570001,-9.442364692687988,0.6718029975891113,1.1987072229385376
1710534978550953678,-9.435179710388184,0.6322851777076721,1.2238550186157227
1710534978565560271,-9.435179710388184,0.6382727026939392,1.2154724597930908
1710534978582450233,-9.447154998779297,0.6562353372573853,1.2022998332977295
1710534978590819298,-9.430389404296875,0.6622229218482971,1.2286449670791626
1710534978677557315,-9.463919639587402,0.6921606659889221,1.1759545803070068
1710534978687238478,-9.438772201538086,0.6837780475616455,1.2142748832702637
1710534978714773828,-9.457932472229004,0.6526428461074829,1.2322375774383545
1710534978731540332,-9.435179710388184,0.6322851777076721,1.2346326112747192
1710534978752680453,-9.432784080505371,0.6239025592803955,1.2154724597930908
1710534978769454100,-9.447154998779297,0.6753954887390137,1.2202624082565308
1710534978788537470,-9.44595718383789,0.6203100681304932,1.2022998332977295
1710534978794780306,-9.44595718383789,0.6203100681304932,1.2022998332977295
1710534978835142543,-9.43757438659668,0.6298901438713074,1.1747571229934692
1710534978858430265,-9.4603271484375,0.628692626953125,1.161584496498108
1710534978868934026,-9.453142166137695,0.65863037109375,1.2298425436019897
1710534978883896469,-9.408834457397461,0.6454577445983887,1.263372778892517
1710534978921748031,-9.471104621887207,0.6418652534484863,1.1687694787979126
1710534978938410377,-9.466314315795898,0.65863037109375,1.207089900970459
1710534978961543013,-9.447154998779297,0.6394702196121216,1.2106823921203613
1710534978991061385,-9.443561553955078,0.6574328541755676,1.2094848155975342
1710534979009844784,-9.442364692687988,0.6155200004577637,1.227447509765625
1710534979062254304,-9.436376571655273,0.6514453291893005,1.2011022567749023
1710534979066738269,-9.432784080505371,0.6334826946258545,1.2406201362609863
1710534979129591043,-9.433981895446777,0.6358776688575745,1.243015170097351
1710534979133896213,-9.442364692687988,0.6274951100349426,1.233435034751892
1710534979155306300,-9.451944351196289,0.6334826946258545,1.1987072229385376
1710534979197034618,-9.436376571655273,0.6430627703666687,1.233435034751892
1710534979222169804,-9.442364692687988,0.65863037109375,1.2142748832702637
1710534979255909396,-9.451944351196289,0.65863037109375,1.167572021484375
1710534979268677909,-9.41482162475586,0.6514453291893005,1.2549902200698853
1710534979300141207,-9.456734657287598,0.6346801519393921,1.2286449670791626
1710534979323455611,-9.44595718383789,0.6825805902481079,1.2022998332977295
1710534979357464549,-9.432784080505371,0.6346801519393921,1.2106823921203613
1710534979360916818,-9.432784080505371,0.6262975931167603,1.2226574420928955
1710534979407128349,-9.442364692687988,0.6514453291893005,1.2190649509429932
1710534979419650735,-9.444759368896484,0.628692626953125,1.2058923244476318
1710534979444986757,-9.444759368896484,0.6442602276802063,1.2166699171066284
1710534979478858228,-9.438772201538086,0.670605480670929,1.2226574420928955
1710534979497623260,-9.43757438659668,0.6634204387664795,1.211879849433899
1710534979529317174,-9.463919639587402,0.6741979718208313,1.2322375774383545
1710534979554703690,-9.439969062805176,0.6478527784347534,1.2094848155975342
1710534979582116423,-9.442364692687988,0.6430627703666687,1.2382251024246216
1710534979617738725,-9.454339981079102,0.6442602276802063,1.2022998332977295
1710534979621870889,-9.453142166137695,0.6490502953529358,1.1939172744750977
1710534979634569600,-9.435179710388184,0.6394702196121216,1.2262500524520874
1710534979645515214,-9.442364692687988,0.6550378203392029,1.2190649509429932
1710534979655584591,-9.453142166137695,0.6382727026939392,1.1891272068023682
1710534979678640962,-9.430389404296875,0.6610254049301147,1.2310400009155273
1710534979687109961,-9.441166877746582,0.6454577445983887,1.2250524759292603
1710534979699735572,-9.462721824645996,0.640667736530304,1.1663745641708374
1710534979716387791,-9.442364692687988,0.6262975931167603,1.1855347156524658
1710534979802707686,-9.444759368896484,0.6526428461074829,1.2142748832702637
1710534979817389728,-9.435179710388184,0.6562353372573853,1.221459984779358
1710534979847472968,-9.444759368896484,0.6035449504852295,1.207089900970459
1710534979872058920,-9.451944351196289,0.6813830733299255,1.183139681816101
1710534979939591892,-9.4603271484375,0.6730005145072937,1.1987072229385376
1710534979970890849,-9.444759368896484,0.6035449504852295,1.2286449670791626
1710534979996218939,-9.465117454528809,0.6861730813980103,1.1999047994613647
1710534980006567348,-9.433981895446777,0.6478527784347534,1.243015170097351
1710534980038088821,-9.429191589355469,0.6346801519393921,1.2142748832702637
1710534980059023621,-9.442364692687988,0.6538403034210205,1.2011022567749023
1710534980122124275,-9.459129333496094,0.6610254049301147,1.207089900970459
1710534980145412045,-9.431587219238281,0.6179150342941284,1.221459984779358
1710534980158021063,-9.433981895446777,0.640667736530304,1.2142748832702637
1710534980202069449,-9.461524963378906,0.6670129299163818,1.1963123083114624
1710534980218955859,-9.442364692687988,0.6514453291893005,1.2190649509429932
1710534980233928513,-9.429191589355469,0.6634204387664795,1.2322375774383545
1710534980242075980,-9.43757438659668,0.6730005145072937,1.2250524759292603
1710534980284259615,-9.438772201538086,0.6538403034210205,1.2082873582839966
1710534980296858346,-9.441166877746582,0.6478527784347534,1.2058923244476318
1710534980313682400,-9.444759368896484,0.6239025592803955,1.1987072229385376
1710534980342532603,-9.439969062805176,0.6598278880119324,1.221459984779358
1710534980353095280,-9.439969062805176,0.6562353372573853,1.2238550186157227
1710534980367743458,-9.431587219238281,0.6298901438713074,1.2190649509429932
1710534980392930599,-9.449549674987793,0.6143224835395813,1.213077425956726
1710534980419021008,-9.44595718383789,0.6801855564117432,1.2166699171066284
1710534980442326617,-9.436376571655273,0.610729992389679,1.197509765625
1710534980465356288,-9.477092742919922,0.6825805902481079,1.1711645126342773
1710534980501147865,-9.44595718383789,0.5999523997306824,1.2226574420928955
1710534980530746508,-9.439969062805176,0.6538403034210205,1.221459984779358
1710534980558112772,-9.454339981079102,0.628692626953125,1.1939172744750977
1710534980587578525,-9.453142166137695,0.6334826946258545,1.1999047994613647
1710534980627407406,-9.444759368896484,0.6059399247169495,1.1999047994613647
1710534980627511500,-9.438772201538086,0.628692626953125,1.2298425436019897
1710534980659279518,-9.465117454528809,0.6682104468345642,1.191522240638733
1710534980674012847,-9.447154998779297,0.6418652534484863,1.2058923244476318
1710534980690586906,-9.424402236938477,0.6215075850486755,1.241817593574524
1710534980739154894,-9.448351860046387,0.6346801519393921,1.2022998332977295
1710534980749645002,-9.461524963378906,0.6394702196121216,1.1999047994613647
1710534980783241959,-9.463919639587402,0.6143224835395813,1.181942105293274
1710534980792869093,-9.448351860046387,0.6502478122711182,1.203497290611267
1710534980844281463,-9.439969062805176,0.610729992389679,1.2262500524520874
1710534980861028383,-9.438772201538086,0.6370751857757568,1.217867374420166
1710534980888189783,-9.439969062805176,0.6622229218482971,1.1855347156524658
1710534980909252134,-9.455536842346191,0.6227051019668579,1.197509765625
1710534980928245205,-9.438772201538086,0.6526428461074829,1.2082873582839966
1710534980965822176,-9.431587219238281,0.6682104468345642,1.2142748832702637
1710534980991073363,-9.453142166137695,0.6682104468345642,1.2046948671340942
1710534981024587262,-9.431587219238281,0.6239025592803955,1.2298425436019897
1710534981061991547,-9.466314315795898,0.676593005657196,1.181942105293274
1710534981078881802,-9.44595718383789,0.6035449504852295,1.1951147317886353
1710534981135867038,-9.4603271484375,0.7101233005523682,1.2346326112747192
1710534981140245104,-9.451944351196289,0.6203100681304932,1.2082873582839966
1710534981161109772,-9.429191589355469,0.5963598489761353,1.2502001523971558
1710534981175820568,-9.442364692687988,0.6658154129981995,1.207089900970459
1710534981211361958,-9.439969062805176,0.5999523997306824,1.207089900970459
1710534981238635608,-9.457932472229004,0.6442602276802063,1.187929630279541
1710534981259803921,-9.465117454528809,0.5951623320579529,1.1759545803070068
1710534981274656667,-9.435179710388184,0.6718029975891113,1.2154724597930908
1710534981282842695,-9.43757438659668,0.6873705983161926,1.2442126274108887
1710534981291082967,-9.436376571655273,0.6083349585533142,1.233435034751892
1710534981326793276,-9.443561553955078,0.580792248249054,1.1891272068023682
1710534981337296773,-9.457932472229004,0.6382727026939392,1.1963123083114624
1710534981362341786,-9.438772201538086,0.6730005145072937,1.2106823921203613
1710534981396143959,-9.449549674987793,0.6730005145072937,1.2058923244476318
1710534981433812072,-9.459129333496094,0.6346801519393921,1.1855347156524658
1710534981465659936,-9.430389404296875,0.6047424077987671,1.211879849433899
1710534981469886322,-9.463919639587402,0.6933581829071045,1.2011022567749023
1710534981499263737,-9.461524963378906,0.6262975931167603,1.1639795303344727
1710534981532842541,-9.432784080505371,0.6454577445983887,1.2262500524520874
1710534981593707955,-9.443561553955078,0.5640270709991455,1.1939172744750977
1710534981604214279,-9.44595718383789,0.5999523997306824,1.2166699171066284
1710534981625369880,-9.441166877746582,0.6358776688575745,1.2202624082565308
1710534981641994928,-9.449549674987793,0.6478527784347534,1.2094848155975342
1710534981660811217,-9.454339981079102,0.6119275093078613,1.2011022567749023
1710534981711597856,-9.430389404296875,0.6191125512123108,1.2322375774383545
1710534981741035834,-9.443561553955078,0.7029382586479187,1.221459984779358
1710534981761904846,-9.438772201538086,0.6215075850486755,1.2106823921203613
1710534981778774033,-9.432784080505371,0.6346801519393921,1.2202624082565308
1710534981814356022,-9.443561553955078,0.6274951100349426,1.2358300685882568
1710534981843877988,-9.442364692687988,0.6730005145072937,1.2406201362609863
1710534981858431504,-9.451944351196289,0.6981481909751892,1.1927196979522705
1710534981871320896,-9.447154998779297,0.6670129299163818,1.203497290611267
1710534981883605026,-9.4507474899292,0.6490502953529358,1.197509765625
1710534981892291623,-9.448351860046387,0.6658154129981995,1.2406201362609863
1710534981913161440,-9.457932472229004,0.6694079637527466,1.1807446479797363
1710534981925702513,-9.442364692687988,0.6358776688575745,1.2346326112747192
1710534981943375711,-9.418414115905762,0.6310876607894897,1.2382251024246216
1710534981959304831,-9.442364692687988,0.6382727026939392,1.2286449670791626
1710534981987385161,-9.447154998779297,0.6358776688575745,1.2382251024246216
1710534981988903512,-9.447154998779297,0.6358776688575745,1.2382251024246216
1710534982013375816,-9.477092742919922,0.6682104468345642,1.1867321729660034
1710534982036340575,-9.466314315795898,0.6825805902481079,1.1663745641708374
1710534982070183216,-9.453142166137695,0.6071374416351318,1.1951147317886353
1710534982085129752,-9.425599098205566,0.6610254049301147,1.2466076612472534
1710534982129123717,-9.448351860046387,0.6239025592803955,1.213077425956726
1710534982181319959,-9.442364692687988,0.6442602276802063,1.2202624082565308
1710534982187742460,-9.43757438659668,0.6394702196121216,1.2022998332977295
1710534982193925791,-9.439969062805176,0.6634204387664795,1.2262500524520874
1710534982215143498,-9.448351860046387,0.6322851777076721,1.2082873582839966
1710534982328664556,-9.444759368896484,0.616717517375946,1.2190649509429932
1710534982434419090,-9.444759368896484,0.6682104468345642,1.2358300685882568
1710534982452307596,-9.453142166137695,0.6442602276802063,1.211879849433899
1710534982469481456,-9.438772201538086,0.646655261516571,1.1963123083114624
1710534982490548214,-9.441166877746582,0.6646178960800171,1.227447509765625
1710534982532358618,-9.435179710388184,0.6490502953529358,1.2154724597930908
1710534982574313524,-9.430389404296875,0.6274951100349426,1.2298425436019897
1710534982586861789,-9.43757438659668,0.6191125512123108,1.227447509765625
1710534982622589672,-9.456734657287598,0.6682104468345642,1.2154724597930908
1710534982662331286,-9.427994728088379,0.6430627703666687,1.221459984779358
1710534982672885237,-9.436376571655273,0.6694079637527466,1.2801378965377808
1710534982733752507,-9.441166877746582,0.628692626953125,1.241817593574524
1710534982737819545,-9.439969062805176,0.610729992389679,1.187929630279541
1710534982750504347,-9.416019439697266,0.6813830733299255,1.2621753215789795
1710534982758948852,-9.4603271484375,0.640667736530304,1.1759545803070068
1710534982784268396,-9.419611930847168,0.6514453291893005,1.2358300685882568
1710534982813419064,-9.442364692687988,0.640667736530304,1.2454102039337158
1710534982895573024,-9.447154998779297,0.6322851777076721,1.2382251024246216
1710534982904021395,-9.436376571655273,0.6442602276802063,1.2406201362609863
1710534982920871866,-9.463919639587402,0.65863037109375,1.1927196979522705
1710534982998579290,-9.438772201538086,0.6262975931167603,1.2190649509429932
1710534983019731491,-9.435179710388184,0.6813830733299255,1.227447509765625
1710534983051772207,-9.449549674987793,0.6526428461074829,1.2346326112747192
1710534983093395742,-9.4603271484375,0.688568115234375,1.2190649509429932
1710534983169142612,-9.443561553955078,0.6801855564117432,1.233435034751892
1710534983198455099,-9.462721824645996,0.6334826946258545,1.1891272068023682
1710534983221610067,-9.465117454528809,0.6574328541755676,1.243015170097351
1710534983280609227,-9.441166877746582,0.670605480670929,1.2549902200698853
1710534983291583015,-9.435179710388184,0.6430627703666687,1.211879849433899
1710534983316224583,-9.443561553955078,0.6718029975891113,1.2358300685882568
1710534983349634220,-9.451944351196289,0.6358776688575745,1.2046948671340942
1710534983383287712,-9.436376571655273,0.6454577445983887,1.2310400009155273
1710534983406511347,-9.426796913146973,0.6227051019668579,1.277742862701416
1710534983433715860,-9.461524963378906,0.6310876607894897,1.207089900970459
1710534983448693732,-9.454339981079102,0.6730005145072937,1.2310400009155273
1710534983477857931,-9.447154998779297,0.5987548828125,1.1999047994613647
1710534983509510882,-9.456734657287598,0.6993457078933716,1.2226574420928955
1710534983532840808,-9.443561553955078,0.6993457078933716,1.2226574420928955
1710534983566637057,-9.441166877746582,0.6310876607894897,1.2250524759292603
1710534983570675445,-9.465117454528809,0.688568115234375,1.1987072229385376
1710534983585384962,-9.420809745788574,0.6059399247169495,1.25738525390625
1710534983604299934,-9.451944351196289,0.6334826946258545,1.227447509765625
1710534983659117782,-9.447154998779297,0.6921606659889221,1.221459984779358
1710534983690657554,-9.453142166137695,0.6777905225753784,1.1807446479797363
1710534983732749842,-9.447154998779297,0.6322851777076721,1.2262500524520874
1710534983749459294,-9.448351860046387,0.6430627703666687,1.197509765625
1710534983770580814,-9.431587219238281,0.6502478122711182,1.207089900970459
1710534983806272013,-9.431587219238281,0.6658154129981995,1.2741503715515137
1710534983812452282,-9.455536842346191,0.6478527784347534,1.1855347156524658
1710534983837610163,-9.451944351196289,0.6753954887390137,1.1963123083114624
1710534983856673821,-9.438772201538086,0.6346801519393921,1.237027645111084
1710534983875720529,-9.456734657287598,0.6514453291893005,1.1963123083114624
1710534983886473939,-9.43757438659668,0.65863037109375,1.2226574420928955
1710534983896556294,-9.457932472229004,0.6813830733299255,1.2106823921203613
1710534983974570843,-9.448351860046387,0.646655261516571,1.2286449670791626
1710534983993033604,-9.436376571655273,0.6682104468345642,1.221459984779358
1710534984016045309,-9.448351860046387,0.670605480670929,1.2154724597930908
1710534984026545929,-9.461524963378906,0.6801855564117432,1.2058923244476318
1710534984033291493,-9.441166877746582,0.6382727026939392,1.2322375774383545
1710534984058285406,-9.453142166137695,0.628692626953125,1.207089900970459
1710534984079282447,-9.431587219238281,0.6478527784347534,1.2286449670791626
1710534984121615488,-9.462721824645996,0.6873705983161926,1.217867374420166
1710534984146408592,-9.4507474899292,0.6574328541755676,1.1999047994613647
1710534984165351773,-9.447154998779297,0.6322851777076721,1.243015170097351
1710534984171602067,-9.427994728088379,0.6562353372573853,1.2490026950836182
1710534984239002380,-9.457932472229004,0.6490502953529358,1.1939172744750977
1710534984251640855,-9.439969062805176,0.6478527784347534,1.2310400009155273
1710534984259879191,-9.436376571655273,0.6610254049301147,1.241817593574524
1710534984289358299,-9.439969062805176,0.6562353372573853,1.2106823921203613
1710534984356471821,-9.453142166137695,0.6155200004577637,1.2046948671340942
1710534984387900329,-9.4507474899292,0.6753954887390137,1.2106823921203613
1710534984415196053,-9.454339981079102,0.6514453291893005,1.207089900970459
1710534984438451050,-9.441166877746582,0.6574328541755676,1.2226574420928955
1710534984459134238,-9.463919639587402,0.6274951100349426,1.1999047994613647
1710534984478405564,-9.43757438659668,0.6310876607894897,1.2262500524520874
1710534984545953925,-9.443561553955078,0.6394702196121216,1.207089900970459
1710534984566811569,-9.442364692687988,0.6598278880119324,1.221459984779358
1710534984575074589,-9.441166877746582,0.6382727026939392,1.2394225597381592
1710534984589768381,-9.438772201538086,0.6550378203392029,1.2310400009155273
1710534984623641179,-9.438772201538086,0.6550378203392029,1.2310400009155273
1710534984628441016,-9.439969062805176,0.6478527784347534,1.2154724597930908
1710534984638113676,-9.444759368896484,0.6442602276802063,1.197509765625
1710534984650948864,-9.471104621887207,0.6777905225753784,1.2226574420928955
1710534984667627300,-9.429191589355469,0.6526428461074829,1.227447509765625
1710534984695060843,-9.442364692687988,0.6143224835395813,1.2490026950836182
1710534984764371619,-9.477092742919922,0.6119275093078613,1.1747571229934692
1710534984786276639,-9.4507474899292,0.6143224835395813,1.221459984779358
1710534984806672008,-9.453142166137695,0.5915698409080505,1.203497290611267
1710534984842054253,-9.479487419128418,0.65863037109375,1.1543993949890137
1710534984856965511,-9.417217254638672,0.5436694622039795,1.2885204553604126
1710534984882223351,-9.533374786376953,0.9364526271820068,1.0765613317489624
1710534984903105986,-9.511819839477539,0.7688012719154358,1.0657837390899658
1710534984907296815,-9.398056983947754,0.48259642720222473,1.281335473060608
1710534984930400237,-9.443561553955078,0.7544311285018921,1.2382251024246216
1710534984974560930,-9.50583267211914,0.6083349585533142,1.1567944288253784
1710534985010175311,-9.404044151306152,0.7735912799835205,1.3543835878372192
1710534985077456781,-9.475894927978516,0.808319091796875,1.3591735363006592
1710534985081614808,-9.498647689819336,0.8190966844558716,1.122066617012024
1710534985106569707,-9.523795127868652,0.8286767601966858,1.023870825767517
1710534985134151192,-9.457932472229004,0.6023474335670471,1.1807446479797363
1710534985182279154,-9.455536842346191,0.8550219535827637,1.221459984779358
1710534985211705543,-9.40045166015625,0.48738646507263184,1.3483959436416626
1710534985241076665,-9.48307991027832,0.7747887969017029,1.1088939905166626
1710534985260061888,-9.417217254638672,0.7017407417297363,1.296903133392334
1710534985290361073,-9.449549674987793,0.7017407417297363,1.2358300685882568
1710534985308373798,-9.465117454528809,0.7891589403152466,1.1855347156524658
1710534985323336341,-9.472302436828613,0.5580395460128784,1.122066617012024
1710534985394648532,-9.486672401428223,0.6143224835395813,1.1651769876480103
1710534985405254478,-9.38608169555664,0.6478527784347534,1.386716365814209
1710534985422056840,-9.435179710388184,0.6622229218482971,1.2394225597381592
1710534985447155848,-9.42320442199707,0.6394702196121216,1.243015170097351
1710534985459617199,-9.436376571655273,0.670605480670929,1.2226574420928955
1710534985550148841,-9.454339981079102,0.6909631490707397,1.1951147317886353
1710534985571114507,-9.454339981079102,0.6909631490707397,1.1951147317886353
1710534985585939171,-9.44595718383789,0.610729992389679,1.2142748832702637
1710534985604793072,-9.463919639587402,0.6538403034210205,1.1795470714569092
1710534985680354282,-9.480685234069824,0.5544469952583313,1.1100915670394897
1710534985684723264,-9.456734657287598,0.7232959270477295,1.266965389251709
1710534985735358098,-9.451944351196289,0.7532336711883545,1.233435034751892
1710534985754066662,-9.426796913146973,0.5963598489761353,1.2466076612472534
1710534985781249464,-9.461524963378906,0.6682104468345642,1.167572021484375
1710534985804535664,-9.43757438659668,0.5855822563171387,1.2262500524520874
1710534985823680752,-9.430389404296875,0.5712121725082397,1.2346326112747192
1710534985884480145,-9.432784080505371,0.676593005657196,1.237027645111084
1710534985926373870,-9.473499298095703,0.7556286454200745,1.1723620891571045
1710534986000004811,-9.42320442199707,0.6179150342941284,1.263372778892517
1710534986002022286,-9.429191589355469,0.7077282667160034,1.2490026950836182
1710534986016685564,-9.456734657287598,0.6262975931167603,1.191522240638733
1710534986035429738,-9.463919639587402,0.6622229218482971,1.1783496141433716
1710534986088372725,-9.466314315795898,0.6969506740570068,1.187929630279541
1710534986117841831,-9.457932472229004,0.6442602276802063,1.1747571229934692
1710534986121985711,-9.427994728088379,0.6634204387664795,1.2561877965927124
1710534986155586259,-9.463919639587402,0.6346801519393921,1.1987072229385376
1710534986193173254,-9.407636642456055,0.6047424077987671,1.2957055568695068
1710534986209897944,-9.461524963378906,0.7101233005523682,1.1951147317886353
1710534986222496471,-9.431587219238281,0.6442602276802063,1.2549902200698853
1710534986245627961,-9.438772201538086,0.6358776688575745,1.2346326112747192
1710534986264720180,-9.443561553955078,0.6945556402206421,1.2394225597381592
1710534986294057145,-9.462721824645996,0.6514453291893005,1.2082873582839966
1710534986319288526,-9.438772201538086,0.640667736530304,1.251397728919983
1710534986344556039,-9.433981895446777,0.6610254049301147,1.2502001523971558
1710534986393018498,-9.447154998779297,0.676593005657196,1.2011022567749023
1710534986401404168,-9.431587219238281,0.65863037109375,1.237027645111084
1710534986418244261,-9.442364692687988,0.6227051019668579,1.241817593574524
1710534986439130647,-9.451944351196289,0.6658154129981995,1.1951147317886353
1710534986501941913,-9.435179710388184,0.6550378203392029,1.243015170097351
1710534986516805294,-9.471104621887207,0.6131250262260437,1.1627819538116455
1710534986533685517,-9.4699068069458,0.6119275093078613,1.183139681816101
1710534986552533238,-9.451944351196289,0.6550378203392029,1.1891272068023682
1710534986567212198,-9.465117454528809,0.676593005657196,1.203497290611267
1710534986606914721,-9.438772201538086,0.6730005145072937,1.217867374420166
1710534986615327063,-9.447154998779297,0.7017407417297363,1.2250524759292603
1710534986648961506,-9.453142166137695,0.6682104468345642,1.221459984779358
1710534986659673279,-9.419611930847168,0.6179150342941284,1.2466076612472534
1710534986680590726,-9.462721824645996,0.6514453291893005,1.183139681816101
1710534986686923030,-9.447154998779297,0.6430627703666687,1.2286449670791626
1710534986710272193,-9.4507474899292,0.6442602276802063,1.211879849433899
1710534986724983355,-9.462721824645996,0.6358776688575745,1.2058923244476318
1710534986771196274,-9.451944351196289,0.6478527784347534,1.2058923244476318
1710534986802674855,-9.449549674987793,0.646655261516571,1.2310400009155273
1710534986808999627,-9.463919639587402,0.6526428461074829,1.1891272068023682
1710534986825575157,-9.436376571655273,0.6430627703666687,1.2525951862335205
1710534986844492691,-9.461524963378906,0.5975573658943176,1.207089900970459
1710534986852790032,-9.439969062805176,0.5987548828125,1.2011022567749023
1710534986894915986,-9.443561553955078,0.6646178960800171,1.241817593574524
1710534986924540651,-9.448351860046387,0.6694079637527466,1.2322375774383545
1710534986934874211,-9.4507474899292,0.65863037109375,1.191522240638733
1710534986960119631,-9.430389404296875,0.6454577445983887,1.2382251024246216
1710534986989530336,-9.4507474899292,0.646655261516571,1.197509765625
1710534987006339012,-9.449549674987793,0.670605480670929,1.2094848155975342
1710534987014581018,-9.463919639587402,0.6502478122711182,1.183139681816101
1710534987052308795,-9.447154998779297,0.646655261516571,1.2202624082565308
1710534987054593568,-9.453142166137695,0.6514453291893005,1.2238550186157227
1710534987062809986,-9.449549674987793,0.6274951100349426,1.2202624082565308
1710534987121665000,-9.448351860046387,0.6777905225753784,1.2466076612472534
1710534987151779583,-9.448351860046387,0.6322851777076721,1.1999047994613647
1710534987165633474,-9.447154998779297,0.6610254049301147,1.207089900970459
1710534987172050389,-9.462721824645996,0.6478527784347534,1.1867321729660034
1710534987197228693,-9.457932472229004,0.646655261516571,1.1903246641159058
1710534987224500231,-9.448351860046387,0.6239025592803955,1.2298425436019897
1710534987264478563,-9.441166877746582,0.6634204387664795,1.2298425436019897
1710534987272833101,-9.449549674987793,0.6430627703666687,1.2142748832702637
1710534987298211088,-9.4603271484375,0.6490502953529358,1.2106823921203613
1710534987338004991,-9.447154998779297,0.640667736530304,1.1987072229385376
1710534987375933173,-9.449549674987793,0.6298901438713074,1.213077425956726
1710534987417855810,-9.457932472229004,0.6430627703666687,1.2046948671340942
1710534987434648878,-9.463919639587402,0.6813830733299255,1.2286449670791626
1710534987459992405,-9.43757438659668,0.6526428461074829,1.2394225597381592
1710534987479080392,-9.441166877746582,0.6454577445983887,1.221459984779358
1710534987489835836,-9.459129333496094,0.6526428461074829,1.207089900970459
1710534987524892156,-9.4699068069458,0.676593005657196,1.211879849433899
1710534987552192720,-9.447154998779297,0.6358776688575745,1.2262500524520874
1710534987558618500,-9.431587219238281,0.6490502953529358,1.2394225597381592
1710534987567108030,-9.439969062805176,0.6646178960800171,1.2238550186157227
1710534987594548700,-9.420809745788574,0.6059399247169495,1.2609777450561523
1710534987600913739,-9.439969062805176,0.6215075850486755,1.2082873582839966
1710534987626251380,-9.44595718383789,0.676593005657196,1.2286449670791626
1710534987647071077,-9.444759368896484,0.5951623320579529,1.2250524759292603
1710534987710391562,-9.448351860046387,0.6119275093078613,1.2250524759292603
1710534987718931369,-9.456734657287598,0.6346801519393921,1.2058923244476318
1710534987733598131,-9.462721824645996,0.6909631490707397,1.181942105293274
1710534987752437851,-9.465117454528809,0.6789880394935608,1.2094848155975342
1710534987813293682,-9.43757438659668,0.6430627703666687,1.2142748832702637
1710534987832655743,-9.451944351196289,0.6358776688575745,1.2322375774383545
1710534987844754030,-9.436376571655273,0.6322851777076721,1.213077425956726
1710534987870228967,-9.439969062805176,0.6622229218482971,1.2286449670791626
1710534987876777397,-9.4699068069458,0.6610254049301147,1.207089900970459
1710534987910105177,-9.427994728088379,0.6526428461074829,1.2537927627563477
1710534987919124532,-9.449549674987793,0.6598278880119324,1.2238550186157227
1710534987945857848,-9.462721824645996,0.6418652534484863,1.2046948671340942
1710534987983639425,-9.448351860046387,0.6239025592803955,1.1891272068023682
1710534987987845494,-9.441166877746582,0.628692626953125,1.2190649509429932
1710534988032168250,-9.468709945678711,0.640667736530304,1.2082873582839966
1710534988044641577,-9.463919639587402,0.6251000761985779,1.1855347156524658
1710534988048996249,-9.443561553955078,0.6682104468345642,1.2681628465652466
1710534988068070154,-9.459129333496094,0.6227051019668579,1.2011022567749023
1710534988076268811,-9.453142166137695,0.6730005145072937,1.2226574420928955
1710534988089062591,-9.439969062805176,0.6730005145072937,1.2106823921203613
1710534988114360366,-9.453142166137695,0.6370751857757568,1.217867374420166
1710534988126879592,-9.456734657287598,0.6059399247169495,1.207089900970459
1710534988152291655,-9.449549674987793,0.6825805902481079,1.2346326112747192
1710534988164771345,-9.449549674987793,0.6825805902481079,1.2346326112747192
1710534988190014428,-9.447154998779297,0.6262975931167603,1.2238550186157227
1710534988225382499,-9.438772201538086,0.6155200004577637,1.2094848155975342
1710534988265453381,-9.461524963378906,0.6430627703666687,1.213077425956726
1710534988278167452,-9.439969062805176,0.688568115234375,1.2046948671340942
1710534988288624331,-9.454339981079102,0.6574328541755676,1.227447509765625
1710534988311912138,-9.453142166137695,0.65863037109375,1.1927196979522705
1710534988320320889,-9.453142166137695,0.65863037109375,1.1927196979522705
1710534988345920501,-9.429191589355469,0.6059399247169495,1.2502001523971558
1710534988385868396,-9.448351860046387,0.6574328541755676,1.2238550186157227
1710534988392181997,-9.44595718383789,0.6047424077987671,1.217867374420166
1710534988425626167,-9.451944351196289,0.6610254049301147,1.2190649509429932
1710534988444548433,-9.444759368896484,0.6897656321525574,1.211879849433899
1710534988455121652,-9.43757438659668,0.6155200004577637,1.1987072229385376
1710534988469829052,-9.44595718383789,0.628692626953125,1.243015170097351
1710534988516537004,-9.4507474899292,0.6538403034210205,1.1807446479797363
1710534988522276331,-9.430389404296875,0.6634204387664795,1.2394225597381592
1710534988543403827,-9.436376571655273,0.646655261516571,1.2286449670791626
1710534988560046031,-9.468709945678711,0.65863037109375,1.2022998332977295
1710534988568650423,-9.43757438659668,0.6634204387664795,1.213077425956726
1710534988625169030,-9.438772201538086,0.6358776688575745,1.2406201362609863
1710534988660922459,-9.432784080505371,0.6358776688575745,1.221459984779358
1710534988673637008,-9.4507474899292,0.6753954887390137,1.2154724597930908
1710534988697030810,-9.449549674987793,0.6298901438713074,1.2322375774383545
1710534988715894862,-9.436376571655273,0.6239025592803955,1.2382251024246216
1710534988762316810,-9.447154998779297,0.6730005145072937,1.2166699171066284
1710534988816728533,-9.435179710388184,0.7053332328796387,1.2585827112197876
1710534988890355640,-9.435179710388184,0.6382727026939392,1.207089900970459
1710534988898892421,-9.444759368896484,0.6442602276802063,1.2154724597930908
1710534988913537137,-9.4507474899292,0.6718029975891113,1.2238550186157227
1710534988928362284,-9.4507474899292,0.6718029975891113,1.2238550186157227
1710534988934613854,-9.449549674987793,0.6418652534484863,1.2190649509429932
1710534988961758278,-9.43757438659668,0.6227051019668579,1.247805118560791
1710534988976914473,-9.439969062805176,0.6526428461074829,1.2082873582839966
1710534989001614801,-9.461524963378906,0.6526428461074829,1.2046948671340942
1710534989014319276,-9.439969062805176,0.6454577445983887,1.221459984779358
1710534989030386375,-9.439969062805176,0.6454577445983887,1.221459984779358
1710534989050258421,-9.4507474899292,0.6526428461074829,1.2082873582839966
1710534989060669735,-9.451944351196289,0.6538403034210205,1.2011022567749023
1710534989100772463,-9.427994728088379,0.6646178960800171,1.233435034751892
1710534989109132659,-9.435179710388184,0.6478527784347534,1.203497290611267
1710534989125857830,-9.444759368896484,0.640667736530304,1.221459984779358
1710534989157249935,-9.424402236938477,0.65863037109375,1.2358300685882568
1710534989186864173,-9.429191589355469,0.6658154129981995,1.2310400009155273
1710534989218334294,-9.4507474899292,0.65863037109375,1.1963123083114624
1710534989245621176,-9.43757438659668,0.6610254049301147,1.2394225597381592
1710534989273064799,-9.465117454528809,0.676593005657196,1.211879849433899
1710534989281420348,-9.468709945678711,0.6718029975891113,1.2238550186157227
1710534989311069858,-9.442364692687988,0.6430627703666687,1.2358300685882568
1710534989321519693,-9.442364692687988,0.6191125512123108,1.2166699171066284
1710534989336340922,-9.473499298095703,0.6454577445983887,1.2022998332977295
1710534989344667619,-9.4507474899292,0.6718029975891113,1.2142748832702637
1710534989351115544,-9.4507474899292,0.6550378203392029,1.1867321729660034
1710534989367892188,-9.441166877746582,0.6538403034210205,1.2310400009155273
1710534989433888948,-9.438772201538086,0.6502478122711182,1.2190649509429932
1710534989473075383,-9.456734657287598,0.6251000761985779,1.1951147317886353
1710534989479337215,-9.436376571655273,0.6346801519393921,1.2382251024246216
1710534989506643360,-9.433981895446777,0.6550378203392029,1.2346326112747192
1710534989508671487,-9.4603271484375,0.6634204387664795,1.1987072229385376
1710534989531921702,-9.439969062805176,0.6526428461074829,1.227447509765625
1710534989544539733,-9.444759368896484,0.6251000761985779,1.2154724597930908
1710534989567557349,-9.454339981079102,0.6658154129981995,1.2262500524520874
1710534989580213348,-9.439969062805176,0.6430627703666687,1.2406201362609863
1710534989603257130,-9.442364692687988,0.6155200004577637,1.2166699171066284
1710534989639139527,-9.462721824645996,0.6622229218482971,1.2082873582839966
1710534989641063909,-9.462721824645996,0.6622229218482971,1.2082873582839966
1710534989679090628,-9.44595718383789,0.6646178960800171,1.213077425956726
1710534989712722195,-9.429191589355469,0.640667736530304,1.2346326112747192
1710534989771874413,-9.44595718383789,0.6562353372573853,1.2142748832702637
1710534989790605178,-9.436376571655273,0.6442602276802063,1.2346326112747192
1710534989796888607,-9.444759368896484,0.6239025592803955,1.2310400009155273
1710534989811469612,-9.443561553955078,0.6777905225753784,1.2226574420928955
1710534989832406666,-9.456734657287598,0.6550378203392029,1.2238550186157227
1710534989859733440,-9.430389404296875,0.6550378203392029,1.2609777450561523
1710534989875207219,-9.43757438659668,0.6478527784347534,1.2454102039337158
1710534989899819196,-9.443561553955078,0.6538403034210205,1.2094848155975342
1710534989916736094,-9.457932472229004,0.6514453291893005,1.2058923244476318
1710534989946054936,-9.448351860046387,0.6251000761985779,1.207089900970459
1710534989962788275,-9.431587219238281,0.6538403034210205,1.2406201362609863
1710534989985930574,-9.431587219238281,0.6646178960800171,1.211879849433899
1710534989990340719,-9.439969062805176,0.6382727026939392,1.2298425436019897
1710534990000588784,-9.448351860046387,0.6370751857757568,1.2154724597930908
1710534990044995593,-9.457932472229004,0.6550378203392029,1.1987072229385376
1710534990071839828,-9.442364692687988,0.6502478122711182,1.2022998332977295
1710534990110708278,-9.455536842346191,0.6418652534484863,1.2011022567749023
1710534990133185346,-9.4603271484375,0.65863037109375,1.191522240638733
1710534990152234351,-9.448351860046387,0.6310876607894897,1.2310400009155273
1710534990181437768,-9.43757438659668,0.6454577445983887,1.2310400009155273
1710534990200540179,-9.441166877746582,0.646655261516571,1.2166699171066284
1710534990231637516,-9.466314315795898,0.6753954887390137,1.1891272068023682
1710534990255284433,-9.435179710388184,0.6490502953529358,1.2190649509429932
1710534990294980145,-9.451944351196289,0.6490502953529358,1.1759545803070068
1710534990339068082,-9.433981895446777,0.6550378203392029,1.237027645111084
1710534990374722062,-9.448351860046387,0.6298901438713074,1.197509765625
1710534990412487892,-9.443561553955078,0.6442602276802063,1.2262500524520874
1710534990435723454,-9.432784080505371,0.6239025592803955,1.2561877965927124
1710534990444247692,-9.441166877746582,0.6454577445983887,1.2202624082565308
1710534990462930951,-9.4603271484375,0.6718029975891113,1.207089900970459
1710534990473509570,-9.439969062805176,0.6262975931167603,1.2190649509429932
1710534990498944944,-9.443561553955078,0.6203100681304932,1.2154724597930908
1710534990528292958,-9.461524963378906,0.6598278880119324,1.2310400009155273
1710534990536765652,-9.457932472229004,0.6023474335670471,1.1843371391296387
1710534990553337643,-9.457932472229004,0.6023474335670471,1.1843371391296387
1710534990576580827,-9.456734657287598,0.6993457078933716,1.2322375774383545
1710534990603929456,-9.453142166137695,0.5975573658943176,1.1987072229385376
1710534990622637005,-9.451944351196289,0.6394702196121216,1.2190649509429932
1710534990645764948,-9.453142166137695,0.6825805902481079,1.2011022567749023
1710534990664625864,-9.443561553955078,0.6191125512123108,1.2322375774383545
1710534990706832518,-9.462721824645996,0.6801855564117432,1.1795470714569092
1710534990710947446,-9.447154998779297,0.6538403034210205,1.203497290611267
1710534990740324059,-9.429191589355469,0.676593005657196,1.2286449670791626
1710534990750855445,-9.429191589355469,0.676593005657196,1.2286449670791626
1710534990794958885,-9.42320442199707,0.6394702196121216,1.251397728919983
1710534990805376680,-9.457932472229004,0.670605480670929,1.1663745641708374
1710534990816001037,-9.459129333496094,0.6526428461074829,1.207089900970459
1710534990835982873,-9.430389404296875,0.6394702196121216,1.2454102039337158
1710534990862019236,-9.449549674987793,0.6322851777076721,1.2082873582839966
1710534990902067629,-9.435179710388184,0.6682104468345642,1.2322375774383545
1710534990952400068,-9.441166877746582,0.6670129299163818,1.2046948671340942
1710534991002866274,-9.448351860046387,0.616717517375946,1.2226574420928955
1710534991041081906,-9.455536842346191,0.6430627703666687,1.181942105293274
1710534991093271270,-9.444759368896484,0.6598278880119324,1.233435034751892
1710534991170838845,-9.439969062805176,0.6514453291893005,1.2346326112747192
1710534991175163354,-9.475894927978516,0.6526428461074829,1.187929630279541
1710534991189768626,-9.439969062805176,0.6179150342941284,1.207089900970459
1710534991198216609,-9.442364692687988,0.646655261516571,1.251397728919983
1710534991215031934,-9.451944351196289,0.6682104468345642,1.187929630279541
1710534991221228359,-9.457932472229004,0.6634204387664795,1.1891272068023682
1710534991271879791,-9.462721824645996,0.6598278880119324,1.211879849433899
1710534991287370676,-9.448351860046387,0.6969506740570068,1.227447509765625
1710534991313703902,-9.447154998779297,0.6239025592803955,1.2022998332977295
1710534991330592247,-9.462721824645996,0.6239025592803955,1.2022998332977295
1710534991353815956,-9.433981895446777,0.6346801519393921,1.2442126274108887
1710534991377125079,-9.4603271484375,0.6358776688575745,1.191522240638733
1710534991402178661,-9.448351860046387,0.6346801519393921,1.1951147317886353
1710534991412878179,-9.455536842346191,0.6322851777076721,1.191522240638733
1710534991457448615,-9.456734657287598,0.6394702196121216,1.2022998332977295
1710534991490903430,-9.466314315795898,0.6598278880119324,1.213077425956726
1710534991517979180,-9.442364692687988,0.6430627703666687,1.2286449670791626
1710534991545307465,-9.4603271484375,0.6514453291893005,1.1759545803070068
1710534991562095790,-9.4507474899292,0.6478527784347534,1.243015170097351
1710534991572409798,-9.436376571655273,0.6442602276802063,1.2154724597930908
1710534991583117409,-9.444759368896484,0.6334826946258545,1.213077425956726
1710534991605904807,-9.455536842346191,0.6346801519393921,1.217867374420166
1710534991636514188,-9.454339981079102,0.6622229218482971,1.2166699171066284
1710534991649912490,-9.44595718383789,0.6083349585533142,1.2298425436019897
1710534991690107207,-9.449549674987793,0.6622229218482971,1.2466076612472534
1710534991694342178,-9.454339981079102,0.6274951100349426,1.217867374420166
1710534991704953345,-9.444759368896484,0.640667736530304,1.2226574420928955
1710534991734269791,-9.466314315795898,0.6550378203392029,1.237027645111084
1710534991759736981,-9.456734657287598,0.628692626953125,1.2298425436019897
1710534991767889693,-9.439969062805176,0.640667736530304,1.211879849433899
1710534991786872822,-9.461524963378906,0.6334826946258545,1.2382251024246216
1710534991803675365,-9.441166877746582,0.6538403034210205,1.237027645111084
1710534991824707947,-9.448351860046387,0.6179150342941284,1.2250524759292603
1710534991832853718,-9.442364692687988,0.6538403034210205,1.2286449670791626
1710534991843331106,-9.43757438659668,0.6610254049301147,1.2262500524520874
1710534991883802678,-9.442364692687988,0.6370751857757568,1.2142748832702637
1710534991887947776,-9.433981895446777,0.6526428461074829,1.2058923244476318
1710534991911083057,-9.449549674987793,0.6490502953529358,1.213077425956726
1710534991917372761,-9.465117454528809,0.65863037109375,1.1903246641159058
1710534991963566190,-9.457932472229004,0.6490502953529358,1.2238550186157227
1710534991974075299,-9.444759368896484,0.6682104468345642,1.2166699171066284
1710534992026829726,-9.438772201538086,0.6322851777076721,1.2226574420928955
1710534992029270790,-9.436376571655273,0.6490502953529358,1.2190649509429932
1710534992052153386,-9.447154998779297,0.6215075850486755,1.2190649509429932
1710534992079305969,-9.438772201538086,0.6682104468345642,1.2322375774383545
1710534992096109881,-9.463919639587402,0.65863037109375,1.1855347156524658
1710534992133989343,-9.468709945678711,0.6370751857757568,1.1903246641159058
1710534992157262332,-9.429191589355469,0.6454577445983887,1.2490026950836182
1710534992184502966,-9.459129333496094,0.6574328541755676,1.2011022567749023
1710534992220387780,-9.436376571655273,0.6059399247169495,1.2094848155975342
1710534992253898461,-9.433981895446777,0.6598278880119324,1.241817593574524
1710534992312717484,-9.426796913146973,0.6454577445983887,1.2154724597930908
1710534992331579075,-9.447154998779297,0.5520520210266113,1.213077425956726
1710534992352526177,-9.451944351196289,0.6203100681304932,1.1999047994613647
1710534992373395734,-9.448351860046387,0.7340734601020813,1.237027645111084
1710534992400877779,-9.44595718383789,0.6634204387664795,1.2466076612472534
1710534992426197037,-9.463919639587402,0.670605480670929,1.1807446479797363
1710534992442677440,-9.425599098205566,0.610729992389679,1.2741503715515137
1710534992457746755,-9.462721824645996,0.6274951100349426,1.1843371391296387
1710534992480743978,-9.462721824645996,0.6993457078933716,1.1807446479797363
1710534992507029938,-9.451944351196289,0.5987548828125,1.2358300685882568
1710534992525080077,-9.451944351196289,0.5987548828125,1.2358300685882568
1710534992562891048,-9.451944351196289,0.7029382586479187,1.2286449670791626
1710534992590093054,-9.454339981079102,0.6358776688575745,1.2142748832702637
1710534992626114875,-9.439969062805176,0.6023474335670471,1.251397728919983
1710534992644803382,-9.429191589355469,0.718505859375,1.277742862701416
1710534992655365428,-9.439969062805176,0.5903723239898682,1.1807446479797363
1710534992684684505,-9.432784080505371,0.6334826946258545,1.237027645111084
1710534992709955043,-9.463919639587402,0.6298901438713074,1.197509765625
1710534992739331515,-9.453142166137695,0.6526428461074829,1.2394225597381592
1710534992798338412,-9.451944351196289,0.6322851777076721,1.2310400009155273
1710534992802581586,-9.47469711303711,0.6813830733299255,1.1663745641708374
1710534992819336583,-9.462721824645996,0.6298901438713074,1.1639795303344727
1710534992859163610,-9.430389404296875,0.6646178960800171,1.241817593574524
1710534992890690256,-9.42320442199707,0.6298901438713074,1.2957055568695068
1710534992977206438,-9.4603271484375,0.6442602276802063,1.1891272068023682
1710534992995963785,-9.419611930847168,0.6370751857757568,1.2741503715515137
1710534993012694368,-9.480685234069824,0.6478527784347534,1.1424243450164795
1710534993061307846,-9.436376571655273,0.610729992389679,1.2262500524520874
1710534993065443245,-9.444759368896484,0.6562353372573853,1.241817593574524
1710534993109594352,-9.465117454528809,0.646655261516571,1.2262500524520874
1710534993130524491,-9.462721824645996,0.6861730813980103,1.2022998332977295
1710534993157789053,-9.433981895446777,0.616717517375946,1.2442126274108887
1710534993170444188,-9.431587219238281,0.6394702196121216,1.243015170097351
1710534993178876974,-9.449549674987793,0.6813830733299255,1.1999047994613647
1710534993222720268,-9.457932472229004,0.6490502953529358,1.217867374420166
1710534993245495107,-9.4603271484375,0.6334826946258545,1.241817593574524
1710534993304551798,-9.430389404296875,0.6873705983161926,1.247805118560791
1710534993344285440,-9.442364692687988,0.6358776688575745,1.2286449670791626
1710534993363313170,-9.448351860046387,0.6646178960800171,1.211879849433899
1710534993369746683,-9.443561553955078,0.6658154129981995,1.2166699171066284
1710534993405097128,-9.439969062805176,0.6131250262260437,1.241817593574524
1710534993429513309,-9.424402236938477,0.6191125512123108,1.2502001523971558
1710534993440766774,-9.438772201538086,0.5939648151397705,1.243015170097351
1710534993451498297,-9.441166877746582,0.6155200004577637,1.227447509765625
1710534993476523569,-9.4603271484375,0.6801855564117432,1.203497290611267
1710534993478721688,-9.463919639587402,0.6957531571388245,1.191522240638733
1710534993480840397,-9.461524963378906,0.700543224811554,1.2011022567749023
1710534993523480218,-9.425599098205566,0.5819897651672363,1.25738525390625
1710534993541785585,-9.441166877746582,0.6047424077987671,1.2382251024246216
1710534993569202633,-9.457932472229004,0.6047424077987671,1.2046948671340942
1710534993577509230,-9.4603271484375,0.6394702196121216,1.2238550186157227
1710534993579951743,-9.4603271484375,0.688568115234375,1.2190649509429932
1710534993602828487,-9.449549674987793,0.6239025592803955,1.1891272068023682
1710534993621877710,-9.447154998779297,0.6334826946258545,1.2466076612472534
1710534993651285695,-9.462721824645996,0.6849755644798279,1.1927196979522705
1710534993670224000,-9.431587219238281,0.6179150342941284,1.2466076612472534
1710534993769008283,-9.466314315795898,0.6897656321525574,1.1927196979522705
1710534993802965910,-9.441166877746582,0.6083349585533142,1.2490026950836182
1710534993844229588,-9.462721824645996,0.640667736530304,1.203497290611267
1710534993861359242,-9.430389404296875,0.6430627703666687,1.2322375774383545
1710534993884360042,-9.453142166137695,0.6262975931167603,1.2238550186157227
1710534993913979454,-9.43757438659668,0.6490502953529358,1.2454102039337158
1710534993924297060,-9.456734657287598,0.6334826946258545,1.207089900970459
1710534993953809489,-9.463919639587402,0.6837780475616455,1.2346326112747192
1710534993979157417,-9.429191589355469,0.6514453291893005,1.237027645111084
1710534993987461400,-9.430389404296875,0.6562353372573853,1.2394225597381592
1710534994010566083,-9.456734657287598,0.670605480670929,1.2166699171066284
1710534994025285771,-9.456734657287598,0.670605480670929,1.2166699171066284
1710534994035001970,-9.431587219238281,0.6274951100349426,1.2502001523971558
1710534994037898512,-9.4603271484375,0.6179150342941284,1.2058923244476318
1710534994052610176,-9.454339981079102,0.6646178960800171,1.2286449670791626
1710534994120179231,-9.448351860046387,0.676593005657196,1.2346326112747192
1710534994145306194,-9.456734657287598,0.6215075850486755,1.1963123083114624
1710534994149419876,-9.465117454528809,0.65863037109375,1.2046948671340942
1710534994176872979,-9.444759368896484,0.6298901438713074,1.247805118560791
1710534994199858791,-9.447154998779297,0.6298901438713074,1.233435034751892
1710534994208350556,-9.462721824645996,0.6478527784347534,1.217867374420166
1710534994252448566,-9.439969062805176,0.6442602276802063,1.2382251024246216
1710534994273362664,-9.448351860046387,0.6310876607894897,1.2645703554153442
1710534994286278124,-9.471104621887207,0.6921606659889221,1.1927196979522705
1710534994317886576,-9.43757438659668,0.6322851777076721,1.247805118560791
1710534994319952145,-9.444759368896484,0.6394702196121216,1.243015170097351
1710534994332656308,-9.468709945678711,0.6394702196121216,1.1891272068023682
1710534994360027861,-9.468709945678711,0.676593005657196,1.1807446479797363
1710534994374522318,-9.447154998779297,0.5939648151397705,1.2346326112747192
1710534994390177703,-9.435179710388184,0.6490502953529358,1.2394225597381592
1710534994420839271,-9.416019439697266,0.6514453291893005,1.277742862701416
1710534994467809884,-9.471104621887207,0.6526428461074829,1.2226574420928955
1710534994481601149,-9.426796913146973,0.6670129299163818,1.2837305068969727
1710534994487849169,-9.422006607055664,0.5544469952583313,1.25738525390625
1710534994534044088,-9.4603271484375,0.6993457078933716,1.2645703554153442
1710534994563464397,-9.413623809814453,0.6083349585533142,1.3196557760238647
1710534994584457923,-9.422006607055664,0.6526428461074829,1.243015170097351
1710534994632721746,-9.424402236938477,0.6658154129981995,1.2454102039337158
1710534994634910484,-9.463919639587402,0.6610254049301147,1.197509765625
1710534994649703476,-9.436376571655273,0.6550378203392029,1.2262500524520874
1710534994668810250,-9.441166877746582,0.6083349585533142,1.281335473060608
1710534994706548104,-9.478289604187012,0.6897656321525574,1.1484118700027466
1710534994712850656,-9.48307991027832,0.7292834520339966,1.1484118700027466
1710534994727540433,-9.44595718383789,0.5628296136856079,1.2609777450561523
1710534994767478990,-9.456734657287598,0.6191125512123108,1.1651769876480103
1710534994796911823,-9.447154998779297,0.5376818776130676,1.211879849433899
1710534994813648732,-9.465117454528809,0.5927673578262329,1.183139681816101
1710534994866292436,-9.417217254638672,0.6346801519393921,1.2645703554153442
1710534994885269486,-9.453142166137695,0.7197033762931824,1.2358300685882568
1710534994906236097,-9.442364692687988,0.5484594702720642,1.2082873582839966
1710534994912440977,-9.451944351196289,0.586779773235321,1.2238550186157227
1710534994947920846,-9.467512130737305,0.7161108255386353,1.1867321729660034
1710534994960762133,-9.431587219238281,0.6538403034210205,1.2346326112747192
1710534994977565647,-9.399253845214844,0.49576905369758606,1.326840877532959
1710534994996416734,-9.4603271484375,0.7927514910697937,1.181942105293274
1710534995025649748,-9.442364692687988,0.6083349585533142,1.2442126274108887
1710534995038327592,-9.439969062805176,0.5053490996360779,1.197509765625
1710534995048864463,-9.457932472229004,0.7316784858703613,1.1687694787979126
1710534995066406486,-9.441166877746582,0.5999523997306824,1.2286449670791626
1710534995099321150,-9.465117454528809,0.670605480670929,1.1687694787979126
1710534995107578055,-9.466314315795898,0.7652087211608887,1.2442126274108887
1710534995118095916,-9.473499298095703,0.6825805902481079,1.1627819538116455
1710534995132696633,-9.485474586486816,0.5532495379447937,1.1160790920257568
1710534995145318317,-9.426796913146973,0.6274951100349426,1.272952914237976
1710534995164777906,-9.477092742919922,0.6945556402206421,1.123264193534851
1710534995210283878,-9.412426948547363,0.5963598489761353,1.287322998046875
1710534995231209713,-9.401649475097656,0.6274951100349426,1.3220508098602295
1710534995273478663,-9.405241966247559,0.5400769114494324,1.2909154891967773
1710534995373120523,-9.448351860046387,0.7376660108566284,1.2226574420928955
1710534995412142081,-9.4507474899292,0.7699987888336182,1.211879849433899
1710534995424723133,-9.459129333496094,0.45744872093200684,1.181942105293274
1710534995443633522,-9.401649475097656,0.748443603515625,1.2597802877426147
1710534995470980217,-9.449549674987793,0.7759863138198853,1.2657678127288818
1710534995515052093,-9.472302436828613,0.7376660108566284,1.1687694787979126
1710534995521487387,-9.419611930847168,0.5676196217536926,1.3196557760238647
1710534995559657094,-9.407636642456055,0.5400769114494324,1.293310523033142
1710534995565514047,-9.4507474899292,0.6023474335670471,1.1843371391296387
1710534995590900151,-9.442364692687988,0.5448669195175171,1.2741503715515137
1710534995615955499,-9.429191589355469,0.6274951100349426,1.2502001523971558
1710534995634960068,-9.443561553955078,0.5879772901535034,1.221459984779358
1710534995647709303,-9.463919639587402,0.6143224835395813,1.2166699171066284
1710534995675053198,-9.438772201538086,0.6741979718208313,1.243015170097351
1710534995683275305,-9.413623809814453,0.6430627703666687,1.233435034751892
1710534995694195792,-9.490264892578125,0.6370751857757568,1.161584496498108
1710534995707270431,-9.442364692687988,0.6981481909751892,1.2621753215789795
1710534995732502969,-9.435179710388184,0.700543224811554,1.2490026950836182
1710534995738926994,-9.463919639587402,0.640667736530304,1.1951147317886353
1710534995747130386,-9.468709945678711,0.5903723239898682,1.1951147317886353
1710534995768271069,-9.4699068069458,0.6251000761985779,1.1603869199752808
1710534995795649287,-9.465117454528809,0.6179150342941284,1.1567944288253784
1710534995814594830,-9.431587219238281,0.6394702196121216,1.2681628465652466
1710534995831673017,-9.431587219238281,0.6370751857757568,1.2837305068969727
1710534995856665831,-9.444759368896484,0.6310876607894897,1.2597802877426147
1710534995862724269,-9.448351860046387,0.6538403034210205,1.207089900970459
1710534995888079660,-9.439969062805176,0.628692626953125,1.211879849433899
1710534995894388857,-9.493857383728027,0.7053332328796387,1.1663745641708374
1710534995913355735,-9.456734657287598,0.6478527784347534,1.2561877965927124
1710534995925846964,-9.435179710388184,0.5771996974945068,1.197509765625
1710534995946713845,-9.431587219238281,0.6394702196121216,1.2082873582839966
1710534995965772308,-9.393266677856445,0.640667736530304,1.243015170097351
1710534996003661194,-9.444759368896484,0.616717517375946,1.3124706745147705
1710534996014296961,-9.461524963378906,0.5724096894264221,1.243015170097351
1710534996073350467,-9.467512130737305,0.6682104468345642,1.3388159275054932
1710534996085876504,-9.492659568786621,0.6095324754714966,1.217867374420166
1710534996133497791,-9.463919639587402,0.6658154129981995,1.2897180318832397
1710534996158751134,-9.522597312927246,0.7412585616111755,1.1112890243530273
1710534996202790924,-9.399253845214844,0.5640270709991455,1.3795312643051147
1710534996242841511,-9.467512130737305,0.676593005657196,1.3424084186553955
1710534996276713854,-9.435179710388184,0.6777905225753784,1.2142748832702637
1710534996280956932,-9.471104621887207,0.526904284954071,1.241817593574524
1710534996304065448,-9.404044151306152,0.6789880394935608,1.3495935201644897
1710534996312445743,-9.491462707519531,0.6430627703666687,1.147214412689209
1710534996338867396,-9.51062297821045,0.7149133086204529,1.122066617012024
1710534996353713456,-9.424402236938477,0.646655261516571,1.302890658378601
1710534996362093163,-9.442364692687988,0.5760021805763245,1.301693081855774
1710534996378966047,-9.444759368896484,0.6658154129981995,1.173559546470642
1710534996416572922,-9.481882095336914,0.676593005657196,1.1891272068023682
1710534996500270077,-9.376501083374023,0.6131250262260437,1.1951147317886353
1710534996515017665,-9.493857383728027,0.6801855564117432,1.1603869199752808
1710534996528033881,-9.430389404296875,0.5604345798492432,1.2502001523971558
1710534996598091433,-9.417217254638672,0.5987548828125,1.2490026950836182
1710534996655749048,-9.477092742919922,0.700543224811554,1.1256592273712158
1710534996697252256,-9.439969062805176,0.688568115234375,1.2657678127288818
1710534996728679056,-9.484277725219727,0.6538403034210205,1.1867321729660034
1710534996743409046,-9.444759368896484,0.7532336711883545,1.173559546470642
1710534996762378686,-9.365723609924316,0.5496569871902466,1.2945080995559692
1710534996783044862,-9.41482162475586,0.5149291753768921,1.307680606842041
1710534996804347804,-9.489067077636719,0.7616162300109863,1.2238550186157227
1710534996833423343,-9.451944351196289,0.5101391673088074,1.2046948671340942
1710534996863107129,-9.48307991027832,0.7197033762931824,1.098116397857666
1710534996886198253,-9.496252059936523,0.6801855564117432,1.1843371391296387
1710534996907436537,-9.42320442199707,0.670605480670929,1.302890658378601
1710534996931283284,-9.42320442199707,0.670605480670929,1.302890658378601
1710534996978143352,-9.4507474899292,0.5664221048355103,1.1496093273162842
1710534996992974707,-9.467512130737305,0.6933581829071045,1.233435034751892
1710534997001407599,-9.399253845214844,0.6023474335670471,1.2525951862335205
1710534997022172740,-9.431587219238281,0.6011499166488647,1.122066617012024
1710534997034964775,-9.48307991027832,0.5963598489761353,1.221459984779358
1710534997041496214,-9.408834457397461,0.6837780475616455,1.271755337715149
1710534997054198684,-9.408834457397461,0.6837780475616455,1.271755337715149
1710534997068660270,-9.490264892578125,0.6119275093078613,1.2022998332977295
1710534997085507985,-9.439969062805176,0.700543224811554,1.2909154891967773
1710534997114912256,-9.477092742919922,0.6873705983161926,1.247805118560791
1710534997125589790,-9.453142166137695,0.6023474335670471,1.287322998046875
1710534997144356829,-9.463919639587402,0.5724096894264221,1.2142748832702637
1710534997156969528,-9.462721824645996,0.5915698409080505,1.1699670553207397
1710534997170279987,-9.418414115905762,0.7807763814926147,1.3364208936691284
1710534997205261954,-9.51062297821045,0.4897814989089966,1.0813512802124023
1710534997221603707,-9.408834457397461,0.7089257836341858,1.353186011314392
1710534997231254715,-9.457932472229004,0.6358776688575745,1.2058923244476318
1710534997243031709,-9.507030487060547,0.5819897651672363,1.0442285537719727
1710534997268413738,-9.401649475097656,0.676593005657196,1.3424084186553955
1710534997323080446,-9.413623809814453,0.6370751857757568,1.347198486328125
1710534997341825979,-9.4507474899292,0.5915698409080505,1.217867374420166
1710534997351054668,-9.44595718383789,0.6215075850486755,1.2154724597930908
1710534997396212687,-9.433981895446777,0.5963598489761353,1.2106823921203613
1710534997410750154,-9.433981895446777,0.6682104468345642,1.2406201362609863
1710534997433476702,-9.442364692687988,0.628692626953125,1.1783496141433716
1710534997452860239,-9.433981895446777,0.610729992389679,1.2597802877426147
1710534997457042911,-9.466314315795898,0.646655261516571,1.271755337715149
1710534997494935627,-9.449549674987793,0.6873705983161926,1.301693081855774
1710534997505449205,-9.465117454528809,0.610729992389679,1.1867321729660034
1710534997530493203,-9.429191589355469,0.6993457078933716,1.2765454053878784
1710534997547292621,-9.416019439697266,0.688568115234375,1.2705578804016113
1710534997564113677,-9.461524963378906,0.5819897651672363,1.2046948671340942
1710534997585253584,-9.473499298095703,0.6849755644798279,1.2094848155975342
1710534997625015307,-9.4603271484375,0.6538403034210205,1.2406201362609863
1710534997639647297,-9.4699068069458,0.7017407417297363,1.191522240638733
1710534997677815587,-9.42320442199707,0.5484594702720642,1.2693603038787842
1710534997694638545,-9.504634857177734,0.670605480670929,1.1208691596984863
1710534997740660219,-9.425599098205566,0.6370751857757568,1.296903133392334
1710534997757573190,-9.479487419128418,0.7412585616111755,1.1783496141433716
1710534997809989074,-9.430389404296875,0.6215075850486755,1.2537927627563477
1710534997834384579,-9.44595718383789,0.5316943526268005,1.2645703554153442
1710534997866727043,-9.431587219238281,0.700543224811554,1.241817593574524
1710534997902179975,-9.430389404296875,0.7400610446929932,1.2310400009155273
1710534997931547479,-9.479487419128418,0.730480968952179,1.1987072229385376
1710534997942186844,-9.419611930847168,0.6119275093078613,1.2801378965377808
1710534997975774353,-9.4603271484375,0.6478527784347534,1.177152156829834
1710534997990332108,-9.442364692687988,0.6730005145072937,1.2885204553604126
1710534998007023854,-9.471104621887207,0.5532495379447937,1.1843371391296387
1710534998021647809,-9.461524963378906,0.6095324754714966,1.1627819538116455
1710534998049038901,-9.43757438659668,0.7424560785293579,1.2549902200698853
1710534998067992071,-9.435179710388184,0.6011499166488647,1.243015170097351
1710534998106333806,-9.4603271484375,0.7352709770202637,1.2238550186157227
1710534998109988528,-9.47469711303711,0.5496569871902466,1.181942105293274
1710534998142806268,-9.475894927978516,0.6658154129981995,1.2011022567749023
1710534998203710171,-9.451944351196289,0.6610254049301147,1.2945080995559692
1710534998233173708,-9.425599098205566,0.5903723239898682,1.2549902200698853
1710534998285606997,-9.448351860046387,0.7113208174705505,1.2262500524520874
1710534998308881482,-9.478289604187012,0.7149133086204529,1.2825329303741455
1710534998347432559,-9.535770416259766,0.7077282667160034,1.2238550186157227
1710534998361592155,-9.408834457397461,0.5472619533538818,1.367556095123291
1710534998384407942,-9.471104621887207,0.6251000761985779,1.1567944288253784
1710534998411612577,-9.479487419128418,0.5879772901535034,1.3172607421875
1710534998431862144,-9.509425163269043,0.6322851777076721,1.1927196979522705
1710534998469230027,-9.48307991027832,0.616717517375946,1.2190649509429932
1710534998498712845,-9.465117454528809,0.6023474335670471,1.1999047994613647
1710534998572348617,-9.394464492797852,0.550854504108429,1.241817593574524
1710534998612038494,-9.466314315795898,0.6993457078933716,1.197509765625
1710534998649842438,-9.44595718383789,0.7161108255386353,1.2753479480743408
1710534998679387234,-9.4507474899292,0.6490502953529358,1.2621753215789795
1710534998708710971,-9.467512130737305,0.7197033762931824,1.2753479480743408
1710534998712740847,-9.431587219238281,0.6933581829071045,1.2202624082565308
1710534998733732525,-9.40045166015625,0.6490502953529358,1.2837305068969727
1710534998761323090,-9.430389404296875,0.580792248249054,1.2094848155975342
1710534998765273003,-9.404044151306152,0.6538403034210205,1.293310523033142
1710534998790776593,-9.473499298095703,0.640667736530304,1.1591894626617432
1710534998817782770,-9.405241966247559,0.4742138683795929,1.2981005907058716
1710534998849428538,-9.453142166137695,0.5748046636581421,1.2825329303741455
1710534998904190928,-9.4603271484375,0.7568261623382568,1.2250524759292603
1710534998927029300,-9.475894927978516,0.5831872820854187,1.1567944288253784
1710534998983818035,-9.395661354064941,0.5173242092132568,1.2490026950836182
1710534998988061877,-9.492659568786621,0.7532336711883545,1.221459984779358
1710534999013275621,-9.478289604187012,0.8358618021011353,1.2358300685882568
1710534999046416204,-9.447154998779297,0.5520520210266113,1.1651769876480103
1710534999095332792,-9.479487419128418,0.5963598489761353,1.2442126274108887
1710534999150048973,-9.430389404296875,0.5592370629310608,1.3100756406784058
1710534999232633338,-9.435179710388184,0.7388635277748108,1.2094848155975342
1710534999240172530,-9.431587219238281,0.6646178960800171,1.2621753215789795
1710534999275976584,-9.436376571655273,0.6239025592803955,1.2106823921203613
1710534999296993606,-9.438772201538086,0.6825805902481079,1.2082873582839966
1710534999355834874,-9.462721824645996,0.5951623320579529,1.2382251024246216
1710534999387515015,-9.51062297821045,0.5987548828125,1.0789562463760376
1710534999424570201,-9.424402236938477,0.688568115234375,1.2537927627563477
1710534999458231958,-9.47469711303711,0.6502478122711182,1.2142748832702637
1710534999479138964,-9.4507474899292,0.5556445121765137,1.1855347156524658
1710534999519318788,-9.443561553955078,0.7125183343887329,1.251397728919983
1710534999525646912,-9.467512130737305,0.6370751857757568,1.1747571229934692
1710534999553110837,-9.457932472229004,0.65863037109375,1.1999047994613647
1710534999569682055,-9.425599098205566,0.6598278880119324,1.237027645111084
1710534999613780381,-9.478289604187012,0.6179150342941284,1.173559546470642
1710534999643202589,-9.467512130737305,0.6346801519393921,1.2142748832702637
1710534999662197478,-9.465117454528809,0.6610254049301147,1.237027645111084
1710534999676896643,-9.429191589355469,0.6011499166488647,1.2657678127288818
1710534999700002506,-9.459129333496094,0.6801855564117432,1.2394225597381592
1710534999727214015,-9.456734657287598,0.6227051019668579,1.2226574420928955
1710534999735565747,-9.426796913146973,0.6646178960800171,1.2358300685882568
1710534999762823785,-9.459129333496094,0.6598278880119324,1.197509765625
1710534999781970325,-9.4699068069458,0.6682104468345642,1.2046948671340942
1710534999809088150,-9.461524963378906,0.6670129299163818,1.2310400009155273
1710534999832194931,-9.447154998779297,0.6478527784347534,1.2082873582839966
1710534999838825733,-9.44595718383789,0.5760021805763245,1.2657678127288818
1710534999901409332,-9.433981895446777,0.6694079637527466,1.2945080995559692
1710534999958466298,-9.456734657287598,0.5736072063446045,1.207089900970459
1710534999977508619,-9.462721824645996,0.568817138671875,1.1364368200302124
1710535000004664857,-9.495055198669434,0.5795947313308716,1.1124866008758545
1710535000021454807,-9.413623809814453,0.5891748070716858,1.263372778892517
1710535000027957059,-9.448351860046387,0.7137157917022705,1.2992980480194092
1710535000044702741,-9.454339981079102,0.65863037109375,1.2011022567749023
1710535000051266638,-9.454339981079102,0.65863037109375,1.2011022567749023
1710535000078462848,-9.448351860046387,0.6143224835395813,1.2549902200698853
1710535000091101834,-9.431587219238281,0.7256909012794495,1.25738525390625
1710535000099671501,-9.4507474899292,0.6682104468345642,1.2106823921203613
1710535000126783008,-9.4507474899292,0.6682104468345642,1.2106823921203613
1710535000137473691,-9.425599098205566,0.706530749797821,1.2382251024246216
1710535000158519305,-9.463919639587402,0.6945556402206421,1.2310400009155273
1710535000166841100,-9.429191589355469,0.6071374416351318,1.2597802877426147
1710535000189869395,-9.431587219238281,0.5724096894264221,1.2166699171066284
1710535000234706357,-9.435179710388184,0.5987548828125,1.2525951862335205
1710535000255017597,-9.433981895446777,0.6514453291893005,1.263372778892517
1710535000265551738,-9.468709945678711,0.6861730813980103,1.1747571229934692
1710535000284574872,-9.465117454528809,0.6274951100349426,1.1663745641708374
1710535000294991174,-9.424402236938477,0.6251000761985779,1.2992980480194092
1710535000311796937,-9.435179710388184,0.6718029975891113,1.251397728919983
1710535000328610306,-9.490264892578125,0.5819897651672363,1.1460168361663818
1710535000339124283,-9.426796913146973,0.6658154129981995,1.3579760789871216
1710535000353888864,-9.412426948547363,0.6646178960800171,1.2825329303741455
1710535000368606963,-9.492659568786621,0.6179150342941284,1.1124866008758545
1710535000383285846,-9.468709945678711,0.6298901438713074,1.123264193534851
1710535000423368699,-9.408834457397461,0.6610254049301147,1.271755337715149
1710535000454810489,-9.396859169006348,0.6682104468345642,1.3088781833648682
1710535000486490086,-9.408834457397461,0.6095324754714966,1.3340258598327637
1710535000513665224,-9.39087200164795,0.65863037109375,1.3783336877822876
1710535000557831991,-9.436376571655273,0.6394702196121216,1.307680606842041
1710535000591402886,-9.453142166137695,0.628692626953125,1.197509765625
1710535000614747945,-9.472302436828613,0.6538403034210205,1.197509765625
1710535000707196561,-9.419611930847168,0.5736072063446045,1.2992980480194092
1710535000801486524,-9.466314315795898,0.6825805902481079,1.2621753215789795
1710535000809793725,-9.498647689819336,0.6933581829071045,1.153201937675476
1710535000822471196,-9.462721824645996,0.5736072063446045,1.2082873582839966
1710535000841379079,-9.427994728088379,0.6610254049301147,1.2741503715515137
1710535000875104517,-9.463919639587402,0.6430627703666687,1.2046948671340942
1710535000898476675,-9.432784080505371,0.6179150342941284,1.3208532333374023
1710535000915356456,-9.422006607055664,0.65863037109375,1.2537927627563477
1710535000930021971,-9.422006607055664,0.65863037109375,1.2537927627563477
1710535000959492182,-9.394464492797852,0.6514453291893005,1.4034814834594727
1710535000985092790,-9.41482162475586,0.6095324754714966,1.3184581995010376
1710535001005842367,-9.487870216369629,0.6658154129981995,1.153201937675476
1710535001012219485,-9.430389404296875,0.6658154129981995,1.2502001523971558
1710535001060455882,-9.49744987487793,0.5855822563171387,1.1244616508483887
1710535001071156263,-9.487870216369629,0.5879772901535034,1.123264193534851
1710535001073267170,-9.433981895446777,0.6741979718208313,1.2789404392242432
1710535001100437008,-9.438772201538086,0.5664221048355103,1.2525951862335205
1710535001157518858,-9.42320442199707,0.6957531571388245,1.2537927627563477
1710535001182487683,-9.479487419128418,0.5748046636581421,1.203497290611267
1710535001260321169,-9.459129333496094,0.5304968357086182,1.2502001523971558
1710535001315029810,-9.4603271484375,0.5855822563171387,1.1508069038391113
1710535001325310988,-9.438772201538086,0.7652087211608887,1.2394225597381592
1710535001379952598,-9.412426948547363,0.7280859351158142,1.3100756406784058
1710535001384051410,-9.441166877746582,0.6813830733299255,1.277742862701416
1710535001411637356,-9.489067077636719,0.5292993187904358,1.128054141998291
1710535001433519313,-9.453142166137695,0.676593005657196,1.1795470714569092
1710535001449277674,-9.442364692687988,0.6298901438713074,1.221459984779358
1710535001466252271,-9.411229133605957,0.5795947313308716,1.3088781833648682
1710535001480780659,-9.417217254638672,0.6310876607894897,1.2597802877426147
1710535001499608905,-9.432784080505371,0.7161108255386353,1.2442126274108887
1710535001529012727,-9.416019439697266,0.6346801519393921,1.2789404392242432
1710535001569070360,-9.461524963378906,0.6430627703666687,1.1939172744750977
1710535001583791188,-9.416019439697266,0.6310876607894897,1.2921130657196045
1710535001590106052,-9.451944351196289,0.6646178960800171,1.2537927627563477
1710535001602644146,-9.425599098205566,0.6921606659889221,1.2897180318832397
1710535001623701083,-9.427994728088379,0.6730005145072937,1.3064831495285034
1710535001632279988,-9.402846336364746,0.5963598489761353,1.2837305068969727
1710535001649187448,-9.4699068069458,0.5819897651672363,1.1939172744750977
1710535001712265518,-9.463919639587402,0.7556286454200745,0.9352551102638245
1710535001772986229,-9.475894927978516,0.6310876607894897,1.147214412689209
1710535001777315925,-9.407636642456055,0.5819897651672363,1.3004956245422363
1710535001823903727,-9.433981895446777,0.6346801519393921,1.2382251024246216
1710535001852878784,-9.471104621887207,0.6694079637527466,1.167572021484375
1710535001873795170,-9.480685234069824,0.670605480670929,1.2298425436019897
1710535001899308453,-9.443561553955078,0.5951623320579529,1.2693603038787842
1710535001932904283,-9.4603271484375,0.5843847393989563,1.2346326112747192
1710535001941335978,-9.472302436828613,0.6825805902481079,1.1627819538116455
1710535001956083749,-9.442364692687988,0.6562353372573853,1.2561877965927124
1710535002008402124,-9.463919639587402,0.6023474335670471,1.197509765625
1710535002029726002,-9.477092742919922,0.6658154129981995,1.147214412689209
1710535002048522970,-9.451944351196289,0.6274951100349426,1.1903246641159058
1710535002100762792,-9.425599098205566,0.6514453291893005,1.2490026950836182
1710535002130306300,-9.448351860046387,0.640667736530304,1.227447509765625
1710535002174256245,-9.442364692687988,0.6574328541755676,1.233435034751892
1710535002178343206,-9.461524963378906,0.640667736530304,1.2346326112747192
1710535002207682917,-9.453142166137695,0.6215075850486755,1.2094848155975342
1710535002235075630,-9.436376571655273,0.6322851777076721,1.2897180318832397
1710535002268958572,-9.459129333496094,0.6622229218482971,1.1999047994613647
1710535002302595719,-9.467512130737305,0.6430627703666687,1.197509765625
1710535002344533620,-9.468709945678711,0.7041357159614563,1.2166699171066284
1710535002378216030,-9.47469711303711,0.7029382586479187,1.1148816347122192
1710535002436860314,-9.42320442199707,0.5891748070716858,1.3004956245422363
1710535002441026193,-9.451944351196289,0.5963598489761353,1.1747571229934692
1710535002472682838,-9.395661354064941,0.5376818776130676,1.2909154891967773
1710535002481042454,-9.463919639587402,0.5424719452857971,1.1460168361663818
1710535002508461406,-9.459129333496094,0.7735912799835205,1.1603869199752808
1710535002523002587,-9.435179710388184,0.6059399247169495,1.2705578804016113
1710535002575719297,-9.435179710388184,0.7137157917022705,1.272952914237976
1710535002594355602,-9.443561553955078,0.5185217261314392,1.1567944288253784
1710535002619793427,-9.420809745788574,0.7544311285018921,1.3352234363555908
1710535002632074829,-9.48307991027832,0.5352868437767029,1.1148816347122192
1710535002686760115,-9.431587219238281,0.6430627703666687,1.2597802877426147
1710535002712121094,-9.47469711303711,0.6454577445983887,1.167572021484375
1710535002741624099,-9.462721824645996,0.7029382586479187,1.2490026950836182
1710535002766992463,-9.472302436828613,0.6442602276802063,1.1591894626617432
1710535002785725583,-9.4507474899292,0.5927673578262329,1.221459984779358
1710535002817200283,-9.468709945678711,0.6179150342941284,1.1939172744750977
1710535002836196585,-9.454339981079102,0.6358776688575745,1.1939172744750977
1710535002859195373,-9.435179710388184,0.6083349585533142,1.2466076612472534
1710535002867451858,-9.447154998779297,0.676593005657196,1.2382251024246216
1710535002907608277,-9.411229133605957,0.5999523997306824,1.266965389251709
1710535002924357656,-9.479487419128418,0.6933581829071045,1.1783496141433716
1710535003069504616,-9.443561553955078,0.730480968952179,1.2621753215789795
1710535003079896644,-9.48307991027832,0.6346801519393921,1.1663745641708374
1710535003101074728,-9.465117454528809,0.6825805902481079,1.1687694787979126
1710535003111642680,-9.439969062805176,0.7400610446929932,1.2154724597930908
1710535003132674514,-9.418414115905762,0.5891748070716858,1.243015170097351
1710535003147314554,-9.426796913146973,0.6610254049301147,1.227447509765625
1710535003174775822,-9.463919639587402,0.670605480670929,1.1783496141433716
1710535003200013620,-9.418414115905762,0.5700146555900574,1.2442126274108887
1710535003204174044,-9.448351860046387,0.5963598489761353,1.2525951862335205
1710535003225227766,-9.433981895446777,0.6909631490707397,1.237027645111084
1710535003258755838,-9.468709945678711,0.6370751857757568,1.2046948671340942
1710535003292961348,-9.456734657287598,0.6071374416351318,1.1939172744750977
1710535003320160453,-9.443561553955078,0.6670129299163818,1.221459984779358
1710535003334783689,-9.457932472229004,0.718505859375,1.221459984779358
1710535003370567674,-9.431587219238281,0.5652245879173279,1.2382251024246216
1710535003389371490,-9.457932472229004,0.6777905225753784,1.183139681816101
1710535003408302892,-9.4603271484375,0.5556445121765137,1.1891272068023682
1710535003414575872,-9.429191589355469,0.5903723239898682,1.2466076612472534
1710535003456863160,-9.44595718383789,0.6945556402206421,1.2537927627563477
1710535003479927287,-9.432784080505371,0.5724096894264221,1.2082873582839966
1710535003511527877,-9.468709945678711,0.7149133086204529,1.1951147317886353
1710535003515767565,-9.427994728088379,0.616717517375946,1.227447509765625
1710535003538795019,-9.442364692687988,0.5628296136856079,1.2166699171066284
1710535003578861111,-9.467512130737305,0.6322851777076721,1.1927196979522705
1710535003612238885,-9.459129333496094,0.6382727026939392,1.2082873582839966
1710535003618671761,-9.455536842346191,0.6562353372573853,1.2358300685882568
1710535003641679644,-9.43757438659668,0.6550378203392029,1.2502001523971558
1710535003665020151,-9.451944351196289,0.6694079637527466,1.233435034751892
1710535003677683745,-9.454339981079102,0.5915698409080505,1.2046948671340942
1710535003723881600,-9.411229133605957,0.6646178960800171,1.2657678127288818
1710535003728298248,-9.454339981079102,0.6418652534484863,1.2454102039337158
1710535003757490162,-9.443561553955078,0.6777905225753784,1.2238550186157227
1710535003774423685,-9.447154998779297,0.6730005145072937,1.2406201362609863
1710535003824781595,-9.424402236938477,0.6215075850486755,1.2537927627563477
1710535003836168180,-9.436376571655273,0.6813830733299255,1.227447509765625
1710535003866514998,-9.454339981079102,0.628692626953125,1.1987072229385376
1710535003889875218,-9.404044151306152,0.7125183343887329,1.2298425436019897
1710535003898332286,-9.443561553955078,0.6119275093078613,1.2298425436019897
1710535003923624036,-9.472302436828613,0.688568115234375,1.2597802877426147
1710535003965575275,-9.426796913146973,0.6670129299163818,1.2525951862335205
1710535004023269806,-9.444759368896484,0.6646178960800171,1.203497290611267
1710535004037706892,-9.47469711303711,0.6251000761985779,1.187929630279541
1710535004056860313,-9.457932472229004,0.6490502953529358,1.1939172744750977
1710535004092765494,-9.431587219238281,0.628692626953125,1.2346326112747192
1710535004107482700,-9.456734657287598,0.6418652534484863,1.2142748832702637
1710535004115749317,-9.456734657287598,0.6550378203392029,1.1963123083114624
1710535004128486754,-9.42320442199707,0.6059399247169495,1.2358300685882568
1710535004132811307,-9.44595718383789,0.586779773235321,1.2322375774383545
1710535004155977881,-9.436376571655273,0.6634204387664795,1.2286449670791626
1710535004172790444,-9.456734657287598,0.6789880394935608,1.1999047994613647
1710535004176987995,-9.4507474899292,0.7113208174705505,1.1999047994613647
1710535004214653891,-9.439969062805176,0.6215075850486755,1.251397728919983
1710535004264982083,-9.485474586486816,0.6023474335670471,1.161584496498108
1710535004281624040,-9.456734657287598,0.6478527784347534,1.1963123083114624
1710535004311305897,-9.461524963378906,0.6119275093078613,1.1987072229385376
1710535004334377998,-9.462721824645996,0.5975573658943176,1.203497290611267
1710535004378522222,-9.442364692687988,0.6346801519393921,1.241817593574524
1710535004389375197,-9.461524963378906,0.7029382586479187,1.1567944288253784
1710535004479394704,-9.441166877746582,0.646655261516571,1.2382251024246216
1710535004496117318,-9.443561553955078,0.6598278880119324,1.2454102039337158
1710535004534035596,-9.468709945678711,0.6370751857757568,1.1555969715118408
1710535004544356026,-9.430389404296875,0.628692626953125,1.2322375774383545
1710535004563274302,-9.455536842346191,0.6346801519393921,1.2142748832702637
1710535004590524893,-9.422006607055664,0.6610254049301147,1.2801378965377808
1710535004619881113,-9.424402236938477,0.646655261516571,1.2394225597381592
1710535004633955817,-9.430389404296875,0.6179150342941284,1.2621753215789795
1710535004651571322,-9.453142166137695,0.6370751857757568,1.2238550186157227
1710535004687562980,-9.435179710388184,0.5604345798492432,1.2490026950836182
1710535004699874687,-9.447154998779297,0.7017407417297363,1.2502001523971558
1710535004712684950,-9.432784080505371,0.6574328541755676,1.217867374420166
1710535004739762259,-9.457932472229004,0.6298901438713074,1.2238550186157227
1710535004773629476,-9.451944351196289,0.6394702196121216,1.2046948671340942
1710535004796919271,-9.456734657287598,0.6143224835395813,1.233435034751892
1710535004819791992,-9.438772201538086,0.6023474335670471,1.1891272068023682
1710535004868394101,-9.463919639587402,0.7197033762931824,1.221459984779358
1710535004883013169,-9.439969062805176,0.6227051019668579,1.2011022567749023
1710535004912327152,-9.447154998779297,0.6191125512123108,1.2358300685882568
1710535004998394628,-9.463919639587402,0.6610254049301147,1.211879849433899
1710535005008953419,-9.441166877746582,0.628692626953125,1.2011022567749023
1710535005017266735,-9.436376571655273,0.6562353372573853,1.2011022567749023
1710535005035321600,-9.4507474899292,0.628692626953125,1.1867321729660034
1710535005055742987,-9.465117454528809,0.6370751857757568,1.2011022567749023
1710535005061370990,-9.439969062805176,0.6526428461074829,1.2310400009155273
1710535005084924406,-9.451944351196289,0.6346801519393921,1.1951147317886353
1710535005116271304,-9.454339981079102,0.6478527784347534,1.2262500524520874
1710535005137080849,-9.444759368896484,0.6442602276802063,1.2250524759292603
1710535005166307127,-9.43757438659668,0.6825805902481079,1.2358300685882568
1710535005189593387,-9.448351860046387,0.5855822563171387,1.2394225597381592
1710535005193645567,-9.468709945678711,0.670605480670929,1.2011022567749023
1710535005204293910,-9.480685234069824,0.6334826946258545,1.2202624082565308
1710535005221062264,-9.435179710388184,0.6346801519393921,1.2190649509429932
1710535005237727796,-9.44595718383789,0.6083349585533142,1.2142748832702637
1710535005275502859,-9.431587219238281,0.6694079637527466,1.233435034751892
1710535005300841566,-9.443561553955078,0.6298901438713074,1.2058923244476318
1710535005315802321,-9.453142166137695,0.6478527784347534,1.1951147317886353
1710535005351941017,-9.444759368896484,0.6526428461074829,1.2298425436019897
1710535005359784758,-9.419611930847168,0.6298901438713074,1.2454102039337158
1710535005374494600,-9.44595718383789,0.6310876607894897,1.187929630279541
1710535005418633584,-9.4699068069458,0.6777905225753784,1.1807446479797363
1710535005441681208,-9.43757438659668,0.6789880394935608,1.207089900970459
1710535005458507764,-9.431587219238281,0.6298901438713074,1.243015170097351
1710535005494321755,-9.453142166137695,0.5963598489761353,1.1903246641159058
1710535005525653889,-9.436376571655273,0.6274951100349426,1.2502001523971558
1710535005532109350,-9.431587219238281,0.6358776688575745,1.2286449670791626
1710535005553112187,-9.439969062805176,0.670605480670929,1.2238550186157227
1710535005582665213,-9.438772201538086,0.6262975931167603,1.2406201362609863
1710535005623118518,-9.426796913146973,0.6274951100349426,1.2549902200698853
1710535005658740062,-9.467512130737305,0.6634204387664795,1.161584496498108
1710535005677559988,-9.424402236938477,0.6562353372573853,1.227447509765625
1710535005740913341,-9.453142166137695,0.6191125512123108,1.1999047994613647
1710535005759895679,-9.454339981079102,0.6849755644798279,1.211879849433899
1710535005833172780,-9.4603271484375,0.640667736530304,1.1987072229385376
1710535005864869801,-9.448351860046387,0.6562353372573853,1.207089900970459
1710535005930326044,-9.427994728088379,0.6382727026939392,1.2466076612472534
1710535005972028329,-9.438772201538086,0.6155200004577637,1.2298425436019897
1710535006010094035,-9.430389404296875,0.6502478122711182,1.2621753215789795
1710535006035159403,-9.447154998779297,0.6921606659889221,1.2238550186157227
1710535006041339396,-9.4507474899292,0.6670129299163818,1.221459984779358
1710535006068896858,-9.444759368896484,0.6274951100349426,1.2226574420928955
1710535006087753138,-9.425599098205566,0.646655261516571,1.25738525390625
1710535006115245390,-9.433981895446777,0.6418652534484863,1.233435034751892
1710535006184294482,-9.447154998779297,0.6131250262260437,1.1987072229385376
1710535006203120362,-9.453142166137695,0.6526428461074829,1.2154724597930908
1710535006232775451,-9.439969062805176,0.6442602276802063,1.2250524759292603
1710535006251591996,-9.441166877746582,0.6777905225753784,1.2262500524520874
1710535006338210500,-9.448351860046387,0.6825805902481079,1.233435034751892
1710535006344593379,-9.457932472229004,0.6227051019668579,1.1927196979522705
1710535006367696071,-9.444759368896484,0.6682104468345642,1.2406201362609863
1710535006392854405,-9.441166877746582,0.640667736530304,1.2502001523971558
1710535006407462053,-9.472302436828613,0.7089257836341858,1.2298425436019897
1710535006439135174,-9.439969062805176,0.6430627703666687,1.2238550186157227
1710535006460237048,-9.457932472229004,0.6789880394935608,1.2058923244476318
1710535006487334387,-9.448351860046387,0.6622229218482971,1.227447509765625
1710535006600925201,-9.459129333496094,0.6909631490707397,1.1867321729660034
1710535006609225085,-9.453142166137695,0.7041357159614563,1.2082873582839966
1710535006653411224,-9.430389404296875,0.6694079637527466,1.2525951862335205
1710535006657873077,-9.438772201538086,0.6825805902481079,1.2310400009155273
1710535006683448498,-9.451944351196289,0.670605480670929,1.2011022567749023
1710535006704376121,-9.463919639587402,0.6682104468345642,1.183139681816101
1710535006729374690,-9.438772201538086,0.6011499166488647,1.2310400009155273
1710535006765252637,-9.441166877746582,0.6442602276802063,1.1927196979522705
1710535006796612193,-9.447154998779297,0.6526428461074829,1.187929630279541
1710535006798702086,-9.429191589355469,0.6682104468345642,1.243015170097351
1710535006859989162,-9.442364692687988,0.6131250262260437,1.2454102039337158
1710535006880870125,-9.459129333496094,0.6969506740570068,1.2022998332977295
1710535006897704040,-9.429191589355469,0.5736072063446045,1.2454102039337158
1710535006908235892,-9.459129333496094,0.6849755644798279,1.2861255407333374
1710535006918610453,-9.465117454528809,0.6610254049301147,1.2561877965927124
1710535006939849526,-9.432784080505371,0.6418652534484863,1.217867374420166
1710535006954570936,-9.436376571655273,0.6251000761985779,1.2406201362609863
1710535006969164194,-9.472302436828613,0.6634204387664795,1.1651769876480103
1710535006983895548,-9.449549674987793,0.6430627703666687,1.2250524759292603
1710535007007318622,-9.439969062805176,0.6047424077987671,1.2525951862335205
1710535007026048626,-9.461524963378906,0.6777905225753784,1.211879849433899
1710535007038459354,-9.441166877746582,0.7101233005523682,1.2346326112747192
1710535007048986929,-9.449549674987793,0.628692626953125,1.25738525390625
1710535007072359033,-9.453142166137695,0.6430627703666687,1.1891272068023682
1710535007093295646,-9.453142166137695,0.6430627703666687,1.1891272068023682
1710535007116493965,-9.447154998779297,0.6526428461074829,1.211879849433899
1710535007129163082,-9.461524963378906,0.6789880394935608,1.1999047994613647
1710535007144035254,-9.432784080505371,0.6430627703666687,1.2226574420928955
1710535007179583992,-9.453142166137695,0.5975573658943176,1.2022998332977295
1710535007194293838,-9.425599098205566,0.700543224811554,1.2406201362609863
1710535007213424858,-9.4507474899292,0.5364843606948853,1.1783496141433716
1710535007233529546,-9.448351860046387,0.5664221048355103,1.203497290611267
1710535007274366805,-9.432784080505371,0.5999523997306824,1.2142748832702637
1710535007305894096,-9.481882095336914,0.6945556402206421,1.197509765625
1710535007369356982,-9.447154998779297,0.6514453291893005,1.2358300685882568
1710535007405632641,-9.435179710388184,0.6119275093078613,1.2537927627563477
1710535007457568516,-9.4507474899292,0.6538403034210205,1.1783496141433716
1710535007489141677,-9.442364692687988,0.6203100681304932,1.2705578804016113
1710535007558490659,-9.438772201538086,0.6514453291893005,1.191522240638733
1710535007562758961,-9.473499298095703,0.6634204387664795,1.1639795303344727
1710535007587925769,-9.431587219238281,0.6526428461074829,1.2082873582839966
1710535007594354866,-9.42320442199707,0.6083349585533142,1.2442126274108887
1710535007619379935,-9.44595718383789,0.6502478122711182,1.2022998332977295
1710535007630393053,-9.478289604187012,0.6490502953529358,1.1555969715118408
1710535007644490265,-9.462721824645996,0.6454577445983887,1.213077425956726
1710535007652858465,-9.475894927978516,0.6634204387664795,1.2202624082565308
1710535007678328171,-9.427994728088379,0.640667736530304,1.2298425436019897
1710535007737002182,-9.455536842346191,0.6358776688575745,1.233435034751892
1710535007761719355,-9.448351860046387,0.6131250262260437,1.1747571229934692
1710535007767999595,-9.491462707519531,0.6274951100349426,1.2082873582839966
1710535007772462477,-9.43757438659668,0.670605480670929,1.2849279642105103
1710535007797549972,-9.472302436828613,0.6239025592803955,1.1855347156524658
1710535007801905066,-9.459129333496094,0.6179150342941284,1.167572021484375
1710535007824883859,-9.436376571655273,0.6634204387664795,1.296903133392334
1710535007837644612,-9.444759368896484,0.6622229218482971,1.1759545803070068
1710535007858655595,-9.468709945678711,0.6059399247169495,1.1496093273162842
1710535007875464397,-9.433981895446777,0.6777905225753784,1.2322375774383545
1710535007885825109,-9.443561553955078,0.6310876607894897,1.2142748832702637
1710535007917353544,-9.438772201538086,0.6203100681304932,1.241817593574524
1710535007942795974,-9.451944351196289,0.6322851777076721,1.266965389251709
1710535007987272524,-9.461524963378906,0.7388635277748108,1.2046948671340942
1710535008041240048,-9.416019439697266,0.6945556402206421,1.2298425436019897
1710535008075001390,-9.436376571655273,0.6346801519393921,1.1759545803070068
1710535008091901822,-9.43757438659668,0.5987548828125,1.2082873582839966
1710535008125602468,-9.467512130737305,0.5879772901535034,1.1939172744750977
1710535008161379842,-9.456734657287598,0.6490502953529358,1.213077425956726
1710535008291116518,-9.459129333496094,0.5748046636581421,1.1939172744750977
1710535008312644150,-9.459129333496094,0.5748046636581421,1.1939172744750977
1710535008340592991,-9.444759368896484,0.718505859375,1.2298425436019897
1710535008380957366,-9.448351860046387,0.6993457078933716,1.213077425956726
1710535008408342467,-9.463919639587402,0.6634204387664795,1.181942105293274
1710535008494850580,-9.439969062805176,0.6861730813980103,1.2358300685882568
1710535008579028381,-9.4603271484375,0.6502478122711182,1.213077425956726
1710535008583199763,-9.43757438659668,0.6394702196121216,1.2454102039337158
1710535008606299727,-9.451944351196289,0.6418652534484863,1.233435034751892
1710535008673836103,-9.454339981079102,0.6322851777076721,1.1939172744750977
1710535008726231262,-9.43757438659668,0.6550378203392029,1.25738525390625
1710535008793412340,-9.444759368896484,0.6215075850486755,1.2154724597930908
1710535008854234129,-9.456734657287598,0.7125183343887329,1.2046948671340942
1710535008919670649,-9.451944351196289,0.586779773235321,1.233435034751892
1710535008964834094,-9.441166877746582,0.6215075850486755,1.2358300685882568
1710535009045873465,-9.439969062805176,0.6203100681304932,1.227447509765625
1710535009050679451,-9.413623809814453,0.6227051019668579,1.247805118560791
1710535009073316742,-9.44595718383789,0.5999523997306824,1.237027645111084
1710535009113635161,-9.467512130737305,0.7268884181976318,1.157991886138916
1710535009134609702,-9.427994728088379,0.5843847393989563,1.2645703554153442
1710535009143208950,-9.462721824645996,0.6694079637527466,1.1843371391296387
1710535009144962490,-9.459129333496094,0.7041357159614563,1.2022998332977295
1710535009159861479,-9.462721824645996,0.6933581829071045,1.181942105293274
1710535009172357631,-9.429191589355469,0.5700146555900574,1.247805118560791
1710535009191218486,-9.422006607055664,0.5927673578262329,1.2561877965927124
1710535009216399953,-9.44595718383789,0.6825805902481079,1.2454102039337158
1710535009235102545,-9.473499298095703,0.6789880394935608,1.1843371391296387
1710535009287837636,-9.433981895446777,0.6921606659889221,1.243015170097351
1710535009292124909,-9.447154998779297,0.586779773235321,1.177152156829834
1710535009308863300,-9.453142166137695,0.6047424077987671,1.183139681816101
1710535009353365684,-9.427994728088379,0.7053332328796387,1.2466076612472534
1710535009365645834,-9.4603271484375,0.6909631490707397,1.191522240638733
1710535009388782651,-9.430389404296875,0.6682104468345642,1.2585827112197876
1710535009399542424,-9.44595718383789,0.670605480670929,1.2262500524520874
1710535009422348521,-9.471104621887207,0.65863037109375,1.1807446479797363
1710535009462153372,-9.425599098205566,0.6251000761985779,1.2609777450561523
1710535009464402237,-9.441166877746582,0.6262975931167603,1.2394225597381592
1710535009479410357,-9.459129333496094,0.6849755644798279,1.217867374420166
1710535009519064596,-9.466314315795898,0.6059399247169495,1.243015170097351
1710535009533773749,-9.438772201538086,0.5748046636581421,1.2154724597930908
1710535009548423200,-9.438772201538086,0.6658154129981995,1.2693603038787842
1710535009561135628,-9.456734657287598,0.6262975931167603,1.1987072229385376
1710535009573561610,-9.438772201538086,0.65863037109375,1.2454102039337158
1710535009588691021,-9.467512130737305,0.5999523997306824,1.1543993949890137
1710535009624222747,-9.439969062805176,0.6538403034210205,1.2561877965927124
1710535009659730329,-9.443561553955078,0.6490502953529358,1.2310400009155273
1710535009719517913,-9.432784080505371,0.6310876607894897,1.25738525390625
1710535009725907200,-9.475894927978516,0.7352709770202637,1.1891272068023682
1710535009772301740,-9.396859169006348,0.6370751857757568,1.3591735363006592
1710535009799522763,-9.461524963378906,0.7999365329742432,1.25738525390625
1710535009803798396,-9.4603271484375,0.4550537168979645,1.1843371391296387
1710535009835196886,-9.493857383728027,0.7316784858703613,1.1196715831756592
1710535009856219698,-9.447154998779297,0.8346642851829529,1.2609777450561523
1710535009940540111,-9.441166877746582,0.7532336711883545,1.2202624082565308
1710535009992403339,-9.459129333496094,0.8394543528556824,1.2262500524520874
1710535010021851913,-9.454339981079102,0.6011499166488647,1.1891272068023682
1710535010051028973,-9.514215469360352,0.5436694622039795,1.1304491758346558
1710535010059405989,-9.444759368896484,0.6682104468345642,1.2286449670791626
1710535010079045158,-9.402846336364746,0.6622229218482971,1.2981005907058716
1710535010109837684,-9.467512130737305,0.6143224835395813,1.1328442096710205
1710535010114163910,-9.467512130737305,0.6873705983161926,1.217867374420166
1710535010135107658,-9.435179710388184,0.7232959270477295,1.2621753215789795
1710535010145687326,-9.453142166137695,0.5544469952583313,1.1987072229385376
1710535010196133799,-9.436376571655273,0.5604345798492432,1.177152156829834
1710535010198217132,-9.44595718383789,0.7029382586479187,1.2741503715515137
1710535010233380285,-9.427994728088379,0.6789880394935608,1.2358300685882568
1710535010259130826,-9.439969062805176,0.5783972144126892,1.221459984779358
1710535010279582646,-9.427994728088379,0.6502478122711182,1.2597802877426147
1710535010330063585,-9.435179710388184,0.5855822563171387,1.2190649509429932
1710535010519972194,-9.426796913146973,0.5364843606948853,1.2190649509429932
1710535010523559932,-9.491462707519531,0.6119275093078613,1.1148816347122192
1710535010542711857,-9.472302436828613,0.5101391673088074,1.1160790920257568
1710535010559461801,-9.432784080505371,0.6538403034210205,1.2621753215789795
1710535010584800238,-9.451944351196289,0.5101391673088074,1.1699670553207397
1710535010635248963,-9.454339981079102,0.5879772901535034,1.1843371391296387
1710535010664445765,-9.462721824645996,0.5736072063446045,1.1639795303344727
1710535010693908695,-9.399253845214844,0.5963598489761353,1.2825329303741455
1710535010717130842,-9.466314315795898,0.7077282667160034,1.241817593574524
1710535010752790117,-9.411229133605957,0.6047424077987671,1.3100756406784058
1710535010769476801,-9.408834457397461,0.5652245879173279,1.2549902200698853
1710535010788371565,-9.432784080505371,0.6634204387664795,1.211879849433899
1710535010853340519,-9.422006607055664,0.6741979718208313,1.2525951862335205
1710535010859510558,-9.491462707519531,0.6753954887390137,1.1591894626617432
1710535010880772958,-9.449549674987793,0.6334826946258545,1.2106823921203613
1710535010903989889,-9.442364692687988,0.610729992389679,1.2490026950836182
1710535010950136781,-9.455536842346191,0.6119275093078613,1.2262500524520874
1710535010963426173,-9.444759368896484,0.640667736530304,1.2609777450561523
1710535011007009668,-9.448351860046387,0.6382727026939392,1.207089900970459
1710535011036131962,-9.4699068069458,0.6514453291893005,1.1999047994613647
1710535011042479872,-9.4699068069458,0.6622229218482971,1.2394225597381592
1710535011046887186,-9.430389404296875,0.6215075850486755,1.2406201362609863
1710535011087615604,-9.455536842346191,0.6646178960800171,1.2238550186157227
1710535011093722789,-9.444759368896484,0.6310876607894897,1.197509765625
1710535011114165498,-9.439969062805176,0.6322851777076721,1.2250524759292603
1710535011139214042,-9.441166877746582,0.6095324754714966,1.1951147317886353
1710535011181307534,-9.432784080505371,0.5999523997306824,1.243015170097351
1710535011221207209,-9.461524963378906,0.6490502953529358,1.1807446479797363
1710535011267231300,-9.4699068069458,0.65863037109375,1.153201937675476
1710535011284174045,-9.416019439697266,0.5819897651672363,1.293310523033142
1710535011298998340,-9.461524963378906,0.6514453291893005,1.203497290611267
1710535011307671386,-9.456734657287598,0.6933581829071045,1.1963123083114624
1710535011359888418,-9.455536842346191,0.6634204387664795,1.2406201362609863
1710535011364094474,-9.435179710388184,0.6191125512123108,1.2454102039337158
1710535011391453949,-9.426796913146973,0.6346801519393921,1.2226574420928955
1710535011432249109,-9.429191589355469,0.6514453291893005,1.3040881156921387
1710535011447861579,-9.429191589355469,0.6203100681304932,1.3052856922149658
1710535011466788070,-9.463919639587402,0.7292834520339966,1.1903246641159058
1710535011483747711,-9.466314315795898,0.6897656321525574,1.1639795303344727
1710535011486044663,-9.466314315795898,0.6694079637527466,1.1867321729660034
1710535011500675609,-9.435179710388184,0.5496569871902466,1.2286449670791626
1710535011517393809,-9.432784080505371,0.5795947313308716,1.2346326112747192
1710535011546692328,-9.463919639587402,0.6227051019668579,1.1759545803070068
1710535011563272432,-9.422006607055664,0.6179150342941284,1.2525951862335205
1710535011599077820,-9.420809745788574,0.6215075850486755,1.2561877965927124
1710535011605410495,-9.478289604187012,0.6753954887390137,1.191522240638733
1710535011633505837,-9.43757438659668,0.6131250262260437,1.2454102039337158
1710535011681181549,-9.466314315795898,0.5999523997306824,1.1855347156524658
1710535011729550350,-9.432784080505371,0.6442602276802063,1.2789404392242432
1710535011740292675,-9.462721824645996,0.6610254049301147,1.2011022567749023
1710535011757233380,-9.463919639587402,0.6047424077987671,1.203497290611267
1710535011765286129,-9.441166877746582,0.6610254049301147,1.2705578804016113
1710535011778071638,-9.501042366027832,0.7089257836341858,1.177152156829834
1710535011794997786,-9.436376571655273,0.6442602276802063,1.2298425436019897
1710535011811614623,-9.451944351196289,0.6239025592803955,1.221459984779358
1710535011833911104,-9.4699068069458,0.5915698409080505,1.1424243450164795
1710535011842872705,-9.443561553955078,0.6394702196121216,1.2058923244476318
1710535011859739077,-9.432784080505371,0.5628296136856079,1.2250524759292603
1710535011889271450,-9.443561553955078,0.6011499166488647,1.227447509765625
1710535011897644325,-9.447154998779297,0.6837780475616455,1.241817593574524
1710535011912451431,-9.447154998779297,0.6047424077987671,1.1951147317886353
1710535011935430633,-9.431587219238281,0.6682104468345642,1.247805118560791
1710535011943756147,-9.438772201538086,0.6550378203392029,1.2011022567749023
1710535011988073516,-9.444759368896484,0.6382727026939392,1.2202624082565308
1710535012013332867,-9.4603271484375,0.6095324754714966,1.2298425436019897
1710535012050937964,-9.456734657287598,0.6442602276802063,1.167572021484375
1710535012055271495,-9.468709945678711,0.6346801519393921,1.173559546470642
1710535012078353699,-9.448351860046387,0.6298901438713074,1.177152156829834
1710535012147608229,-9.463919639587402,0.6478527784347534,1.1951147317886353
1710535012164546073,-9.453142166137695,0.5915698409080505,1.2022998332977295
1710535012210763833,-9.443561553955078,0.6610254049301147,1.237027645111084
1710535012271609039,-9.438772201538086,0.6083349585533142,1.2011022567749023
1710535012296858302,-9.448351860046387,0.6023474335670471,1.2226574420928955
1710535012317935675,-9.467512130737305,0.6394702196121216,1.1639795303344727
1710535012322116009,-9.467512130737305,0.6849755644798279,1.1448193788528442
1710535012357780879,-9.442364692687988,0.5903723239898682,1.173559546470642
1710535012374705138,-9.442364692687988,0.6897656321525574,1.2046948671340942
1710535012380902152,-9.465117454528809,0.6490502953529358,1.2166699171066284
1710535012397595007,-9.429191589355469,0.6358776688575745,1.2011022567749023
1710535012410421498,-9.457932472229004,0.6825805902481079,1.207089900970459
1710535012427115655,-9.453142166137695,0.628692626953125,1.177152156829834
1710535012443885483,-9.471104621887207,0.6813830733299255,1.191522240638733
1710535012450322032,-9.424402236938477,0.6119275093078613,1.2286449670791626
1710535012479759500,-9.41003131866455,0.616717517375946,1.2597802877426147
1710535012507318129,-9.438772201538086,0.7029382586479187,1.2657678127288818
1710535012515398204,-9.4603271484375,0.5664221048355103,1.2046948671340942
1710535012540751320,-9.442364692687988,0.6610254049301147,1.2549902200698853
1710535012553363660,-9.406438827514648,0.6825805902481079,1.247805118560791
1710535012561721038,-9.4699068069458,0.6430627703666687,1.1795470714569092
1710535012567867911,-9.454339981079102,0.6490502953529358,1.1867321729660034
1710535012601478591,-9.42320442199707,0.6418652534484863,1.2621753215789795
1710535012683550594,-9.449549674987793,0.7017407417297363,1.2358300685882568
1710535012700289856,-9.432784080505371,0.6454577445983887,1.241817593574524
1710535012710814309,-9.432784080505371,0.6454577445983887,1.241817593574524
1710535012738325380,-9.462721824645996,0.6430627703666687,1.1807446479797363
1710535012754936871,-9.462721824645996,0.7268884181976318,1.217867374420166
1710535012773899283,-9.42320442199707,0.6634204387664795,1.2753479480743408
1710535012795004991,-9.442364692687988,0.5532495379447937,1.2298425436019897
1710535012805433671,-9.441166877746582,0.700543224811554,1.2154724597930908
1710535012815998667,-9.454339981079102,0.7412585616111755,1.2490026950836182
1710535012847466026,-9.44595718383789,0.6945556402206421,1.251397728919983
1710535012900275749,-9.424402236938477,0.5304968357086182,1.2753479480743408
1710535012931713355,-9.457932472229004,0.7101233005523682,1.1999047994613647
1710535012951296498,-9.420809745788574,0.6071374416351318,1.251397728919983
1710535012967561140,-9.439969062805176,0.6071374416351318,1.2705578804016113
1710535012987011480,-9.394464492797852,0.6789880394935608,1.3244458436965942
1710535013017801531,-9.4507474899292,0.5472619533538818,1.1855347156524658
1710535013033661634,-9.456734657287598,0.7197033762931824,1.251397728919983
1710535013049329662,-9.43757438659668,0.6777905225753784,1.2286449670791626
1710535013070413656,-9.4603271484375,0.6789880394935608,1.1963123083114624
1710535013095566990,-9.433981895446777,0.7209008932113647,1.2394225597381592
1710535013112353819,-9.4603271484375,0.6310876607894897,1.2046948671340942
1710535013150644367,-9.432784080505371,0.6047424077987671,1.241817593574524
1710535013154579115,-9.441166877746582,0.6526428461074829,1.2202624082565308
1710535013190502296,-9.463919639587402,0.640667736530304,1.1927196979522705
1710535013202857342,-9.459129333496094,0.7173083424568176,1.1651769876480103
1710535013238600439,-9.4603271484375,0.5843847393989563,1.203497290611267
1710535013266047712,-9.47469711303711,0.7328760027885437,1.1328442096710205
1710535013291378060,-9.42320442199707,0.5712121725082397,1.287322998046875
1710535013318594937,-9.473499298095703,0.6430627703666687,1.1196715831756592
1710535013333458399,-9.427994728088379,0.6071374416351318,1.2801378965377808
1710535013350125111,-9.454339981079102,0.5783972144126892,1.2142748832702637
1710535013364686786,-9.449549674987793,0.7089257836341858,1.191522240638733
1710535013388004199,-9.435179710388184,0.5783972144126892,1.2789404392242432
1710535013423778753,-9.448351860046387,0.6191125512123108,1.2442126274108887
1710535013469918138,-9.439969062805176,0.5436694622039795,1.2310400009155273
1710535013484891828,-9.430389404296875,0.6933581829071045,1.2382251024246216
1710535013509906167,-9.465117454528809,0.7580236792564392,1.2022998332977295
1710535013526705727,-9.447154998779297,0.5975573658943176,1.203497290611267
1710535013554052825,-9.449549674987793,0.6837780475616455,1.1963123083114624
1710535013589692557,-9.441166877746582,0.6478527784347534,1.2346326112747192
1710535013606533873,-9.436376571655273,0.6119275093078613,1.227447509765625
1710535013612780584,-9.457932472229004,0.6813830733299255,1.197509765625
1710535013644161535,-9.438772201538086,0.6646178960800171,1.213077425956726
1710535013661328642,-9.455536842346191,0.6837780475616455,0.9340575933456421
1710535013684478083,-9.4603271484375,0.5987548828125,1.1723620891571045
1710535013709807332,-9.43757438659668,0.6502478122711182,1.2346326112747192
1710535013755936422,-9.441166877746582,0.6622229218482971,1.2861255407333374
1710535013777167891,-9.425599098205566,0.6334826946258545,1.233435034751892
1710535013779197118,-9.484277725219727,0.6227051019668579,1.1555969715118408
1710535013804395144,-9.466314315795898,0.7017407417297363,1.197509765625
1710535013825349579,-9.422006607055664,0.646655261516571,1.2681628465652466
1710535013848327864,-9.462721824645996,0.6490502953529358,1.213077425956726
1710535013924171620,-9.431587219238281,0.6155200004577637,1.2226574420928955
1710535013943160402,-9.481882095336914,0.640667736530304,1.1364368200302124
1710535013962193265,-9.436376571655273,0.6670129299163818,1.2765454053878784
1710535013966374299,-9.436376571655273,0.6670129299163818,1.2765454053878784
1710535013985404067,-9.456734657287598,0.6418652534484863,1.2226574420928955
1710535013989342382,-9.456734657287598,0.6418652534484863,1.2226574420928955
1710535014012500819,-9.463919639587402,0.6119275093078613,1.2106823921203613
1710535014020907749,-9.442364692687988,0.7089257836341858,1.2106823921203613
1710535014046137240,-9.471104621887207,0.6574328541755676,1.1543993949890137
1710535014056545756,-9.471104621887207,0.6574328541755676,1.1543993949890137
1710535014071279388,-9.462721824645996,0.6478527784347534,1.1987072229385376
1710535014086551934,-9.438772201538086,0.6370751857757568,1.2322375774383545
1710535014111323272,-9.443561553955078,0.6634204387664795,1.213077425956726
1710535014138678845,-9.435179710388184,0.6789880394935608,1.2058923244476318
1710535014159500896,-9.465117454528809,0.718505859375,1.2082873582839966
1710535014178636345,-9.443561553955078,0.5975573658943176,1.1184741258621216
1710535014205963795,-9.447154998779297,0.6418652534484863,1.2202624082565308
1710535014237275526,-9.435179710388184,0.5592370629310608,1.2011022567749023
1710535014262480433,-9.447154998779297,0.6909631490707397,1.197509765625
1710535014281655938,-9.404044151306152,0.6059399247169495,1.2837305068969727
1710535014344815209,-9.411229133605957,0.6095324754714966,1.2657678127288818
1710535014357713830,-9.447154998779297,0.7173083424568176,1.237027645111084
1710535014376192604,-9.471104621887207,0.7113208174705505,1.241817593574524
1710535014407784758,-9.463919639587402,0.6251000761985779,1.1543993949890137
1710535014416139068,-9.461524963378906,0.6610254049301147,1.2490026950836182
1710535014445705656,-9.411229133605957,0.5903723239898682,1.2741503715515137
1710535014456092089,-9.431587219238281,0.5376818776130676,1.2406201362609863
1710535014483341753,-9.455536842346191,0.6849755644798279,1.1843371391296387
1710535014500175416,-9.381291389465332,0.5364843606948853,1.3591735363006592
1710535014521186301,-9.499844551086426,0.5843847393989563,1.117276668548584
1710535014553407906,-9.420809745788574,0.6957531571388245,1.2825329303741455
1710535014645039469,-9.473499298095703,0.700543224811554,1.1112890243530273
1710535014649156411,-9.430389404296875,0.65863037109375,1.2597802877426147
1710535014665869846,-9.471104621887207,0.5676196217536926,1.1843371391296387
1710535014687143601,-9.461524963378906,0.5364843606948853,1.1352392435073853
1710535014716801860,-9.461524963378906,0.568817138671875,1.173559546470642
1710535014719204718,-9.443561553955078,0.6634204387664795,1.1891272068023682
1710535014747990467,-9.436376571655273,0.6131250262260437,1.2262500524520874
1710535014790932471,-9.462721824645996,0.688568115234375,1.1603869199752808
1710535014821546330,-9.453142166137695,0.6059399247169495,1.1795470714569092
1710535014823708030,-9.436376571655273,0.6825805902481079,1.2190649509429932
1710535014838260406,-9.466314315795898,0.6825805902481079,1.1591894626617432
1710535014855237995,-9.444759368896484,0.6203100681304932,1.2082873582839966
1710535014876327951,-9.424402236938477,0.718505859375,1.2681628465652466
1710535014905708395,-9.467512130737305,0.6634204387664795,1.1939172744750977
1710535014939338483,-9.467512130737305,0.7340734601020813,1.187929630279541
1710535014962353748,-9.408834457397461,0.520916759967804,1.266965389251709
1710535014966889634,-9.461524963378906,0.6562353372573853,1.113684058189392
1710535015023259079,-9.427994728088379,0.6682104468345642,1.2322375774383545
1710535015033770343,-9.432784080505371,0.5975573658943176,1.271755337715149
1710535015073855938,-9.416019439697266,0.7173083424568176,1.2921130657196045
1710535015082198731,-9.393266677856445,0.5304968357086182,1.2406201362609863
1710535015092575145,-9.444759368896484,0.7328760027885437,1.2394225597381592
1710535015103116491,-9.444759368896484,0.7328760027885437,1.2058923244476318
1710535015162092218,-9.4699068069458,0.6143224835395813,1.1591894626617432
1710535015178839271,-9.461524963378906,0.5484594702720642,1.2358300685882568
1710535015204173362,-9.441166877746582,0.7268884181976318,1.2753479480743408
1710535015235256731,-9.473499298095703,0.5748046636581421,1.1508069038391113
1710535015254356676,-9.431587219238281,0.7017407417297363,1.2454102039337158
1710535015277312693,-9.484277725219727,0.6730005145072937,1.1208691596984863
1710535015306944511,-9.442364692687988,0.6203100681304932,1.183139681816101
1710535015311396280,-9.499844551086426,0.748443603515625,1.1603869199752808
1710535015340769826,-9.44595718383789,0.7029382586479187,1.2094848155975342
1710535015370218231,-9.467512130737305,0.6909631490707397,1.1903246641159058
1710535015374443735,-9.4603271484375,0.6083349585533142,1.161584496498108
1710535015395524467,-9.444759368896484,0.6071374416351318,1.217867374420166
1710535015432315380,-9.401649475097656,0.6634204387664795,1.2621753215789795
1710535015452981389,-9.408834457397461,0.6394702196121216,1.296903133392334
1710535015488275131,-9.424402236938477,0.6538403034210205,1.2753479480743408
1710535015540906666,-9.451944351196289,0.7161108255386353,1.183139681816101
1710535015570238793,-9.412426948547363,0.7340734601020813,1.2406201362609863
1710535015589201408,-9.417217254638672,0.6694079637527466,1.302890658378601
1710535015618546781,-9.478289604187012,0.6035449504852295,1.1328442096710205
1710535015658418985,-9.444759368896484,0.6741979718208313,1.2358300685882568
1710535015660468296,-9.459129333496094,0.6023474335670471,1.147214412689209
1710535015702650356,-9.471104621887207,0.6634204387664795,1.2298425436019897
1710535015725892788,-9.463919639587402,0.6897656321525574,1.1555969715118408
1710535015763455357,-9.411229133605957,0.6730005145072937,1.2657678127288818
1710535015780652946,-9.438772201538086,0.6251000761985779,1.191522240638733
1710535015803508183,-9.4699068069458,0.7041357159614563,1.1651769876480103
1710535015843552147,-9.455536842346191,0.6849755644798279,1.1999047994613647
1710535015875229536,-9.443561553955078,0.7089257836341858,1.207089900970459
1710535015917785154,-9.430389404296875,0.6418652534484863,1.2358300685882568
1710535015921223670,-9.405241966247559,0.5987548828125,1.2645703554153442
1710535015929506779,-9.444759368896484,0.6490502953529358,1.217867374420166
1710535015952662283,-9.442364692687988,0.6562353372573853,1.1903246641159058
1710535015969266196,-9.433981895446777,0.6251000761985779,0.9220825433731079
1710535015988309263,-9.447154998779297,0.7388635277748108,1.25738525390625
1710535016000943076,-9.411229133605957,0.6682104468345642,1.2825329303741455
1710535016019836033,-9.407636642456055,0.5903723239898682,1.2753479480743408
1710535016034421968,-9.418414115905762,0.6035449504852295,1.2502001523971558
1710535016038410355,-9.475894927978516,0.6119275093078613,1.1903246641159058
1710535016078779829,-9.465117454528809,0.6310876607894897,1.131646752357483
1710535016083126002,-9.465117454528809,0.6310876607894897,1.2310400009155273
1710535016087122417,-9.442364692687988,0.6346801519393921,1.2765454053878784
1710535016101872988,-9.466314315795898,0.6334826946258545,1.1687694787979126
1710535016116247340,-9.493857383728027,0.8430469036102295,1.157991886138916
1710535016143923747,-9.461524963378906,0.5101391673088074,1.1807446479797363
1710535016164882099,-9.430389404296875,0.7388635277748108,1.2346326112747192
1710535016181724786,-9.418414115905762,0.6191125512123108,1.237027645111084
1710535016196452193,-9.425599098205566,0.47062134742736816,1.213077425956726
1710535016215426802,-9.517807960510254,0.7699987888336182,1.1244616508483887
1710535016258198753,-9.43757438659668,0.6478527784347534,1.2154724597930908
1710535016276096923,-9.475894927978516,0.4394860863685608,1.0729687213897705
1710535016282319704,-9.462721824645996,0.8538244366645813,1.2094848155975342
1710535016301451696,-9.411229133605957,0.47660887241363525,1.251397728919983
1710535016347858285,-9.40045166015625,0.7089257836341858,1.2837305068969727
1710535016358289810,-9.35494613647461,0.5580395460128784,1.3795312643051147
1710535016375072672,-9.433981895446777,0.5448669195175171,1.2861255407333374
1710535016402199262,-9.447154998779297,0.7173083424568176,1.0789562463760376
1710535016452868837,-9.441166877746582,0.7568261623382568,1.301693081855774
1710535016465481388,-9.432784080505371,0.4598437547683716,1.2190649509429932
1710535016471870171,-9.432784080505371,0.4598437547683716,1.2190649509429932
1710535016503370280,-9.51062297821045,0.7676037549972534,1.161584496498108
1710535016528468977,-9.436376571655273,0.6538403034210205,1.1747571229934692
1710535016562252671,-9.429191589355469,0.4897814989089966,1.2310400009155273
1710535016595867652,-9.457932472229004,0.5496569871902466,1.2238550186157227
1710535016690998378,-9.462721824645996,0.6837780475616455,1.1699670553207397
1710535016713948607,-9.388476371765137,0.5700146555900574,1.3160632848739624
1710535016743408293,-9.501042366027832,0.9771679639816284,1.1987072229385376
1710535016752156337,-9.448351860046387,0.6143224835395813,1.2957055568695068
1710535016774815933,-9.459129333496094,0.6203100681304932,1.2981005907058716
1710535016795894527,-9.484277725219727,0.6538403034210205,1.063388705253601
1710535016833758614,-9.419611930847168,0.6358776688575745,1.2921130657196045
1710535016871278001,-9.42320442199707,0.6694079637527466,1.2789404392242432
1710535016886244535,-9.477092742919922,0.748443603515625,1.143621802330017
1710535016903033524,-9.465117454528809,0.6574328541755676,1.1855347156524658
1710535016909437172,-9.4699068069458,0.77838134765625,1.1448193788528442
1710535016936617587,-9.462721824645996,0.6777905225753784,1.2657678127288818
1710535016951507359,-9.395661354064941,0.6346801519393921,1.2585827112197876
1710535016974704814,-9.4507474899292,0.6634204387664795,1.2286449670791626
1710535017004228876,-9.467512130737305,0.6789880394935608,1.1951147317886353
1710535017088050707,-9.4603271484375,0.7652087211608887,1.1184741258621216
1710535017119558499,-9.42320442199707,0.6442602276802063,1.1963123083114624
1710535017150055770,-9.40045166015625,0.6023474335670471,1.272952914237976
1710535017170243889,-9.47469711303711,0.7352709770202637,1.1699670553207397
1710535017201628777,-9.478289604187012,0.6095324754714966,1.0813512802124023
1710535017228988564,-9.435179710388184,0.8011340498924255,1.271755337715149
1710535017256472618,-9.466314315795898,0.5245092511177063,1.161584496498108
1710535017277296632,-9.425599098205566,0.8047265410423279,1.2693603038787842
1710535017294022169,-9.471104621887207,0.5185217261314392,1.177152156829834
1710535017317049743,-9.387279510498047,0.5544469952583313,1.2382251024246216
1710535017333948709,-9.422006607055664,0.6442602276802063,1.3148657083511353
1710535017357825229,-9.456734657287598,0.6837780475616455,1.2046948671340942
1710535017401230710,-9.382489204406738,0.7328760027885437,1.3519885540008545
1710535017424531955,-9.451944351196289,0.8825647234916687,1.2861255407333374
1710535017449430658,-9.412426948547363,0.6203100681304932,1.2861255407333374
1710535017455856991,-9.395661354064941,0.736468493938446,1.3555810451507568
1710535017489061569,-9.475894927978516,0.556842029094696,1.1555969715118408
1710535017493219084,-9.412426948547363,0.5903723239898682,1.2645703554153442
1710535017514410219,-9.479487419128418,0.6442602276802063,1.1759545803070068
1710535017543959612,-9.422006607055664,0.49576905369758606,1.173559546470642
1710535017564767454,-9.431587219238281,0.8610095381736755,1.2645703554153442
1710535017625910304,-9.498647689819336,0.7268884181976318,1.1112890243530273
1710535017649078518,-9.501042366027832,0.6239025592803955,1.153201937675476
1710535017672203703,-9.454339981079102,0.6059399247169495,1.3040881156921387
1710535017718283307,-9.457932472229004,0.6526428461074829,1.087338924407959
1710535017747904459,-9.418414115905762,0.7125183343887329,1.2537927627563477
1710535017779502993,-9.456734657287598,0.6825805902481079,1.2094848155975342
1710535017819291959,-9.407636642456055,0.6550378203392029,1.2657678127288818
1710535017844432752,-9.442364692687988,0.6777905225753784,1.2765454053878784
1710535017852850478,-9.392068862915039,0.7340734601020813,1.356778621673584
1710535017867535926,-9.477092742919922,0.5915698409080505,1.1484118700027466
1710535017880450604,-9.475894927978516,0.5628296136856079,1.0693762302398682
1710535017895031353,-9.41003131866455,0.6682104468345642,1.3160632848739624
1710535017903474013,-9.508227348327637,0.6047424077987671,1.038240909576416
1710535017918252719,-9.492659568786621,0.6310876607894897,1.0897338390350342
1710535017939112796,-9.395661354064941,0.6933581829071045,1.2861255407333374
1710535017977071346,-9.369316101074219,0.4993615746498108,1.311273217201233
1710535017987484600,-9.359736442565918,0.6095324754714966,1.3436059951782227
1710535018014752284,-9.359736442565918,0.6095324754714966,1.3436059951782227
1710535018018970837,-9.48307991027832,0.6095324754714966,1.101709008216858
1710535018035594642,-9.443561553955078,0.6358776688575745,1.2058923244476318
1710535018048232127,-9.436376571655273,0.6957531571388245,1.203497290611267
1710535018078290134,-9.443561553955078,0.8047265410423279,1.2250524759292603
1710535018090144369,-9.448351860046387,0.6897656321525574,1.1987072229385376
1710535018123866865,-9.499844551086426,0.7592211961746216,1.1124866008758545
1710535018172570791,-9.429191589355469,0.6969506740570068,1.1987072229385376
1710535018201902993,-9.441166877746582,0.6215075850486755,1.1987072229385376
1710535018307039099,-9.485474586486816,0.6849755644798279,1.1867321729660034
1710535018319699027,-9.398056983947754,0.5843847393989563,1.251397728919983
1710535018338593248,-9.430389404296875,0.7041357159614563,1.277742862701416
1710535018357376737,-9.455536842346191,0.6550378203392029,1.251397728919983
1710535018399796638,-9.444759368896484,0.6538403034210205,1.2681628465652466
1710535018414285325,-9.436376571655273,0.6777905225753784,1.1543993949890137
1710535018424502402,-9.39087200164795,0.6526428461074829,1.2825329303741455
1710535018439653755,-9.447154998779297,0.5939648151397705,1.25738525390625
1710535018464722727,-9.456734657287598,0.6658154129981995,1.2166699171066284
1710535018496449027,-9.439969062805176,0.6370751857757568,1.237027645111084
1710535018548950701,-9.439969062805176,0.6346801519393921,1.221459984779358
1710535018553107803,-9.442364692687988,0.6957531571388245,1.2765454053878784
1710535018561544305,-9.490264892578125,0.6203100681304932,1.1064990758895874
1710535018582693498,-9.43757438659668,0.640667736530304,1.213077425956726
1710535018635575102,-9.449549674987793,0.6897656321525574,1.2226574420928955
1710535018679571326,-9.453142166137695,0.6957531571388245,1.2011022567749023
1710535018707008100,-9.425599098205566,0.6179150342941284,1.233435034751892
1710535018717374394,-9.443561553955078,0.6310876607894897,1.2022998332977295
1710535018757526674,-9.44595718383789,0.6921606659889221,1.2166699171066284
1710535018801279000,-9.4699068069458,0.6718029975891113,1.1795470714569092
1710535018811919335,-9.435179710388184,0.5963598489761353,1.296903133392334
1710535018866505242,-9.422006607055664,0.5173242092132568,1.2549902200698853
1710535018885657620,-9.441166877746582,0.5664221048355103,1.2154724597930908
1710535018887526222,-9.503437042236328,0.6909631490707397,1.1352392435073853
1710535018910515416,-9.398056983947754,0.6442602276802063,1.233435034751892
1710535018969443763,-9.401649475097656,0.646655261516571,1.237027645111084
1710535019009256133,-9.430389404296875,0.6095324754714966,1.161584496498108
1710535019021856446,-9.467512130737305,0.7268884181976318,1.241817593574524
1710535019047055798,-9.462721824645996,0.8143066167831421,1.2322375774383545
1710535019057578063,-9.417217254638672,0.46104127168655396,1.191522240638733
1710535019078799753,-9.398056983947754,0.5616320967674255,1.2358300685882568
1710535019112314811,-9.416019439697266,0.6035449504852295,1.2585827112197876
1710535019145854547,-9.369316101074219,0.5340893268585205,1.3855187892913818
1710535019171253017,-9.472302436828613,0.646655261516571,1.1567944288253784
1710535019192240585,-9.462721824645996,0.6849755644798279,1.221459984779358
1710535019213066013,-9.439969062805176,0.700543224811554,1.277742862701416
1710535019250894559,-9.459129333496094,0.5855822563171387,1.203497290611267
1710535019253069439,-9.462721824645996,0.8047265410423279,1.2106823921203613
1710535019263601165,-9.466314315795898,0.4730163514614105,1.0909314155578613
1710535019284651136,-9.417217254638672,0.5484594702720642,1.3148657083511353
1710535019295243299,-9.486672401428223,0.6262975931167603,1.1591894626617432
1710535019320393199,-9.522597312927246,0.6813830733299255,0.9915381073951721
1710535019343662961,-9.459129333496094,0.7496411204338074,1.2681628465652466
1710535019407268216,-9.522597312927246,0.7532336711883545,1.0490185022354126
1710535019430171476,-9.392068862915039,0.5951623320579529,1.3400133848190308
1710535019478648133,-9.489067077636719,0.6825805902481079,1.0765613317489624
1710535019480665308,-9.489067077636719,0.6825805902481079,1.0765613317489624
1710535019501841575,-9.453142166137695,0.736468493938446,1.2525951862335205
1710535019548178981,-9.41003131866455,0.6334826946258545,1.2585827112197876
1710535019577410431,-9.429191589355469,0.7759863138198853,1.207089900970459
1710535019590143292,-9.384883880615234,0.6945556402206421,1.25738525390625
1710535019619454068,-9.404044151306152,0.5748046636581421,1.123264193534851
1710535019694889872,-9.41482162475586,0.7161108255386353,1.3364208936691284
1710535019713526298,-9.422006607055664,0.6442602276802063,1.293310523033142
1710535019743114347,-9.43757438659668,0.6131250262260437,1.302890658378601
1710535019778721905,-9.441166877746582,0.6598278880119324,1.187929630279541
1710535019802049086,-9.4507474899292,0.6251000761985779,1.203497290611267
1710535019810379081,-9.389674186706543,0.6095324754714966,1.2957055568695068
1710535019825056273,-9.468709945678711,0.616717517375946,1.2561877965927124
1710535019843869157,-9.461524963378906,0.6251000761985779,1.2394225597381592
1710535019858819944,-9.48307991027832,0.730480968952179,1.2142748832702637
1710535019890575839,-9.417217254638672,0.4933740198612213,1.3783336877822876
1710535019919837773,-9.554930686950684,0.7843688726425171,0.9903405904769897
1710535019936609113,-9.368119239807129,0.5352868437767029,1.326840877532959
1710535019968156400,-9.43757438659668,0.6957531571388245,1.131646752357483
1710535020014551513,-9.456734657287598,0.5532495379447937,1.2442126274108887
1710535020035234591,-9.4603271484375,0.610729992389679,1.203497290611267
1710535020045719245,-9.515412330627441,0.676593005657196,1.1124866008758545
1710535020062580281,-9.430389404296875,0.6203100681304932,1.3244458436965942
1710535020071084795,-9.419611930847168,0.6382727026939392,1.2022998332977295
1710535020127932377,-9.502240180969238,0.7747887969017029,1.1795470714569092
1710535020173949805,-9.413623809814453,0.8095166087150574,1.2454102039337158
1710535020191142026,-9.404044151306152,0.41912841796875,1.1555969715118408
1710535020245432919,-9.477092742919922,0.8358618021011353,1.1496093273162842
1710535020292088354,-9.484277725219727,0.7819738984107971,1.2046948671340942
1710535020357345442,-9.442364692687988,0.4933740198612213,1.2621753215789795
1710535020376148089,-9.417217254638672,0.6718029975891113,1.2226574420928955
1710535020411879970,-9.413623809814453,0.568817138671875,1.3148657083511353
1710535020422392325,-9.406438827514648,0.6047424077987671,1.2921130657196045
1710535020466685365,-9.457932472229004,0.7340734601020813,1.197509765625
1710535020519041319,-9.448351860046387,0.5161266922950745,1.2382251024246216
1710535020535832581,-9.508227348327637,0.6646178960800171,1.087338924407959
1710535020548495782,-9.475894927978516,0.7029382586479187,1.1903246641159058
1710535020594909866,-9.429191589355469,0.6310876607894897,1.296903133392334
1710535020676782713,-9.479487419128418,0.5664221048355103,1.1352392435073853
1710535020712622716,-9.433981895446777,0.5736072063446045,1.0993139743804932
1710535020756751985,-9.498647689819336,0.5664221048355103,1.128054141998291
1710535020777581756,-9.4603271484375,0.6658154129981995,1.1711645126342773
1710535020788466511,-9.456734657287598,0.7113208174705505,1.263372778892517
1710535020815454571,-9.47469711303711,0.6382727026939392,1.1244616508483887
1710535020849607649,-9.4507474899292,0.6131250262260437,1.1987072229385376
1710535020872090796,-9.424402236938477,0.6634204387664795,1.2981005907058716
1710535020899410771,-9.478289604187012,0.6382727026939392,1.062191128730774
1710535020952156706,-9.48307991027832,0.6346801519393921,1.1100915670394897
1710535020969062231,-9.511819839477539,0.6370751857757568,1.033450961112976
1710535021044753307,-9.441166877746582,0.6119275093078613,1.266965389251709
1710535021071765197,-9.411229133605957,0.6430627703666687,1.281335473060608
1710535021149944472,-9.455536842346191,0.6382727026939392,1.1795470714569092
1710535021154152062,-9.438772201538086,0.6861730813980103,1.2346326112747192
1710535021185676751,-9.438772201538086,0.6861730813980103,0.928070068359375
1710535021191973215,-9.468709945678711,0.6346801519393921,1.1448193788528442
1710535021217290832,-9.439969062805176,0.6514453291893005,1.1639795303344727
1710535021232669927,-9.44595718383789,0.6789880394935608,1.2142748832702637
1710535021252984821,-9.467512130737305,0.6370751857757568,1.187929630279541
1710535021303572052,-9.432784080505371,0.6694079637527466,1.1951147317886353
1710535021318151661,-9.442364692687988,0.688568115234375,1.2549902200698853
1710535021332877727,-9.41482162475586,0.6035449504852295,1.2166699171066284
1710535021356266532,-9.449549674987793,0.6562353372573853,1.2106823921203613
1710535021404452101,-9.404044151306152,0.5939648151397705,1.2945080995559692
1710535021430450946,-9.463919639587402,0.6969506740570068,1.2082873582839966
1710535021499574077,-9.454339981079102,0.6454577445983887,1.1855347156524658
1710535021512106209,-9.457932472229004,0.6119275093078613,1.1927196979522705
1710535021533028372,-9.4603271484375,0.6514453291893005,1.2106823921203613
1710535021539409093,-9.430389404296875,0.6227051019668579,1.233435034751892
1710535021600413836,-9.453142166137695,0.6191125512123108,1.207089900970459
1710535021602440425,-9.455536842346191,0.676593005657196,1.2046948671340942
1710535021619075402,-9.468709945678711,0.670605480670929,1.1639795303344727
1710535021642474681,-9.432784080505371,0.6622229218482971,1.2406201362609863
1710535021659904388,-9.459129333496094,0.6550378203392029,1.181942105293274
1710535021693037024,-9.439969062805176,0.6346801519393921,1.2382251024246216
1710535021697162708,-9.443561553955078,0.6131250262260437,1.2286449670791626
1710535021726530801,-9.4507474899292,0.6298901438713074,1.197509765625
1710535021789550487,-9.459129333496094,0.6933581829071045,1.1807446479797363
1710535021806398702,-9.448351860046387,0.6945556402206421,1.177152156829834
1710535021810505511,-9.448351860046387,0.7077282667160034,1.2022998332977295
1710535021835808504,-9.457932472229004,0.6789880394935608,1.187929630279541
1710535021865417705,-9.454339981079102,0.6682104468345642,1.2142748832702637
1710535021880197777,-9.457932472229004,0.7041357159614563,1.1987072229385376
1710535021924386718,-9.426796913146973,0.6155200004577637,1.241817593574524
1710535021960008759,-9.462721824645996,0.7400610446929932,1.191522240638733
1710535022034852256,-9.438772201538086,0.7197033762931824,1.227447509765625
1710535022058640526,-9.443561553955078,0.6981481909751892,1.2537927627563477
1710535022073243126,-9.4699068069458,0.6418652534484863,1.1651769876480103
1710535022079693796,-9.439969062805176,0.6035449504852295,1.2022998332977295
1710535022117579774,-9.467512130737305,0.7101233005523682,1.203497290611267
1710535022165924345,-9.441166877746582,0.6634204387664795,1.2286449670791626
1710535022216335232,-9.466314315795898,0.6430627703666687,1.153201937675476
1710535022268881645,-9.435179710388184,0.6370751857757568,1.2286449670791626
1710535022330431980,-9.432784080505371,0.5903723239898682,1.2286449670791626
1710535022332313641,-9.4507474899292,0.6011499166488647,1.2142748832702637
1710535022349651835,-9.44595718383789,0.6909631490707397,1.2226574420928955
1710535022391162384,-9.43757438659668,0.5783972144126892,1.2094848155975342
1710535022397309541,-9.447154998779297,0.6179150342941284,1.1795470714569092
1710535022445427235,-9.441166877746582,0.6083349585533142,1.2226574420928955
1710535022475035896,-9.444759368896484,0.688568115234375,1.2250524759292603
1710535022489743761,-9.436376571655273,0.6143224835395813,1.233435034751892
1710535022533779354,-9.451944351196289,0.6730005145072937,1.207089900970459
1710535022537996241,-9.44595718383789,0.700543224811554,1.197509765625
1710535022569519198,-9.432784080505371,0.6346801519393921,1.217867374420166
1710535022594757277,-9.462721824645996,0.6682104468345642,1.2106823921203613
1710535022601260922,-9.44595718383789,0.6873705983161926,1.213077425956726
1710535022618097176,-9.451944351196289,0.6442602276802063,1.2094848155975342
1710535022634933764,-9.449549674987793,0.6274951100349426,1.2106823921203613
1710535022635056735,-9.457932472229004,0.6610254049301147,1.2394225597381592
1710535022664503447,-9.4507474899292,0.6574328541755676,1.2190649509429932
1710535022681285553,-9.433981895446777,0.610729992389679,1.2454102039337158
1710535022693855658,-9.433981895446777,0.65863037109375,1.2382251024246216
1710535022746537326,-9.461524963378906,0.6454577445983887,1.2082873582839966
1710535022773523012,-9.43757438659668,0.6418652534484863,1.217867374420166
1710535022794492456,-9.455536842346191,0.6514453291893005,1.221459984779358
1710535022849283702,-9.43757438659668,0.6478527784347534,1.243015170097351
1710535022863797207,-9.466314315795898,0.6358776688575745,1.217867374420166
1710535022882798240,-9.439969062805176,0.616717517375946,1.1987072229385376
1710535022929303151,-9.436376571655273,0.6418652534484863,1.2322375774383545
1710535022931326187,-9.43757438659668,0.6610254049301147,1.227447509765625
1710535022940004730,-9.48307991027832,0.6718029975891113,1.1903246641159058
1710535022950568481,-9.453142166137695,0.6430627703666687,1.2190649509429932
1710535022969061078,-9.431587219238281,0.6418652534484863,1.213077425956726
1710535023000723333,-9.44595718383789,0.6370751857757568,1.2286449670791626
1710535023108246810,-9.438772201538086,0.6454577445983887,1.2382251024246216
1710535023116579961,-9.462721824645996,0.6777905225753784,1.2250524759292603
1710535023137580663,-9.455536842346191,0.6801855564117432,1.1891272068023682
1710535023167250886,-9.448351860046387,0.6694079637527466,1.2298425436019897
1710535023171317091,-9.448351860046387,0.6694079637527466,1.2298425436019897
1710535023184118896,-9.436376571655273,0.6502478122711182,1.1903246641159058
1710535023221534405,-9.433981895446777,0.6346801519393921,1.1999047994613647
1710535023225900418,-9.4603271484375,0.6346801519393921,1.1999047994613647
1710535023231489890,-9.455536842346191,0.6251000761985779,1.1999047994613647
1710535023242548690,-9.435179710388184,0.6262975931167603,1.263372778892517
1710535023253109135,-9.420809745788574,0.65863037109375,1.25738525390625
1710535023305695482,-9.467512130737305,0.6694079637527466,1.1867321729660034
1710535023349739512,-9.42320442199707,0.6562353372573853,1.237027645111084
1710535023353893335,-9.441166877746582,0.6227051019668579,1.2106823921203613
1710535023381273187,-9.43757438659668,0.6502478122711182,1.2202624082565308
1710535023433824340,-9.466314315795898,0.6670129299163818,1.2154724597930908
1710535023490719841,-9.462721824645996,0.6646178960800171,1.2154724597930908
1710535023554646986,-9.461524963378906,0.688568115234375,1.2322375774383545
1710535023652766538,-9.439969062805176,0.616717517375946,1.207089900970459
1710535023673759580,-9.448351860046387,0.6682104468345642,1.2106823921203613
1710535023694863572,-9.443561553955078,0.628692626953125,1.2011022567749023
1710535023716227633,-9.441166877746582,0.6837780475616455,1.2490026950836182
1710535023739454421,-9.462721824645996,0.6251000761985779,1.203497290611267
1710535023760199564,-9.441166877746582,0.65863037109375,1.2226574420928955
1710535023825913462,-9.442364692687988,0.6598278880119324,1.2094848155975342
1710535023840283518,-9.457932472229004,0.6622229218482971,1.197509765625
1710535023909653122,-9.433981895446777,0.688568115234375,1.2454102039337158
1710535023953791249,-9.42320442199707,0.5975573658943176,1.2454102039337158
1710535023970714627,-9.471104621887207,0.6430627703666687,1.183139681816101
1710535024014698862,-9.465117454528809,0.6753954887390137,1.1711645126342773
1710535024027627019,-9.444759368896484,0.6730005145072937,1.203497290611267
1710535024058579190,-9.436376571655273,0.5975573658943176,1.2154724597930908
1710535024103203922,-9.443561553955078,0.6155200004577637,1.2094848155975342
1710535024130581535,-9.442364692687988,0.6370751857757568,1.233435034751892
1710535024172567733,-9.43757438659668,0.6562353372573853,1.237027645111084
1710535024179003887,-9.472302436828613,0.6274951100349426,1.1711645126342773
1710535024205963928,-9.441166877746582,0.6502478122711182,1.2322375774383545
1710535024317580226,-9.442364692687988,0.6382727026939392,1.2238550186157227
1710535024339043870,-9.443561553955078,0.6298901438713074,1.2058923244476318
1710535024343013906,-9.442364692687988,0.6694079637527466,1.1903246641159058
1710535024372537990,-9.447154998779297,0.6562353372573853,1.2022998332977295
1710535024416680771,-9.426796913146973,0.646655261516571,1.237027645111084
1710535024443981953,-9.444759368896484,0.7125183343887329,1.2011022567749023
1710535024460555501,-9.442364692687988,0.6023474335670471,1.1867321729660034
1710535024485908182,-9.43757438659668,0.6191125512123108,1.2058923244476318
1710535024504801709,-9.43757438659668,0.7029382586479187,1.237027645111084
1710535024523563858,-9.442364692687988,0.5891748070716858,1.2154724597930908
1710535024582561219,-9.432784080505371,0.6562353372573853,1.241817593574524
1710535024599359270,-9.455536842346191,0.6670129299163818,1.1963123083114624
1710535024605746450,-9.448351860046387,0.6634204387664795,1.2454102039337158
1710535024637083409,-9.4507474899292,0.6562353372573853,1.227447509765625
1710535024752974268,-9.443561553955078,0.6310876607894897,1.2106823921203613
1710535024767547524,-9.475894927978516,0.646655261516571,1.187929630279541
1710535024790670129,-9.432784080505371,0.6334826946258545,1.2106823921203613
1710535024824224587,-9.43757438659668,0.6526428461074829,1.1939172744750977
1710535024843144698,-9.438772201538086,0.6454577445983887,1.2262500524520874
1710535024885318308,-9.466314315795898,0.6490502953529358,1.2094848155975342
1710535024910578615,-9.449549674987793,0.6550378203392029,1.177152156829834
1710535024918995371,-9.456734657287598,0.6801855564117432,1.1987072229385376
1710535024944187886,-9.453142166137695,0.6430627703666687,1.211879849433899
1710535024988423156,-9.43757438659668,0.6598278880119324,1.2106823921203613
1710535025009250163,-9.443561553955078,0.5939648151397705,1.1747571229934692
1710535025034652375,-9.484277725219727,0.6538403034210205,1.1963123083114624
1710535025076786332,-9.439969062805176,0.6310876607894897,1.2094848155975342
1710535025095424579,-9.442364692687988,0.6131250262260437,1.207089900970459
1710535025110109257,-9.425599098205566,0.676593005657196,1.233435034751892
1710535025126985669,-9.439969062805176,0.6023474335670471,1.1939172744750977
1710535025150083708,-9.433981895446777,0.6478527784347534,1.2322375774383545
1710535025173389819,-9.426796913146973,0.6730005145072937,1.2597802877426147
1710535025190217336,-9.426796913146973,0.6574328541755676,1.2490026950836182
1710535025209004147,-9.465117454528809,0.6179150342941284,1.187929630279541
1710535025221751018,-9.438772201538086,0.6526428461074829,1.177152156829834
1710535025240497474,-9.424402236938477,0.7017407417297363,1.243015170097351
1710535025287101013,-9.439969062805176,0.6849755644798279,1.207089900970459
1710535025306051314,-9.44595718383789,0.6454577445983887,1.2142748832702637
1710535025358536745,-9.435179710388184,0.5927673578262329,1.213077425956726
1710535025381696510,-9.456734657287598,0.6969506740570068,1.2226574420928955
1710535025386036346,-9.454339981079102,0.6969506740570068,1.1963123083114624
1710535025417376016,-9.441166877746582,0.6658154129981995,1.203497290611267
1710535025436553367,-9.4507474899292,0.6346801519393921,1.1807446479797363
1710535025446697533,-9.454339981079102,0.6430627703666687,1.1939172744750977
1710535025499459513,-9.451944351196289,0.7340734601020813,1.233435034751892
1710535025532913043,-9.451944351196289,0.610729992389679,1.2394225597381592
1710535025633778856,-9.422006607055664,0.6274951100349426,1.2466076612472534
1710535025724024074,-9.435179710388184,0.640667736530304,1.2394225597381592
1710535025732861993,-9.439969062805176,0.6598278880119324,1.2406201362609863
1710535025761934749,-9.448351860046387,0.6813830733299255,1.1999047994613647
1710535025766360055,-9.441166877746582,0.6274951100349426,1.1963123083114624
1710535025789304032,-9.449549674987793,0.6538403034210205,1.2022998332977295
1710535025791280674,-9.449549674987793,0.6538403034210205,1.2022998332977295
1710535025826792591,-9.454339981079102,0.6526428461074829,1.191522240638733
1710535025835728349,-9.461524963378906,0.640667736530304,1.181942105293274
1710535025873306393,-9.448351860046387,0.718505859375,1.2226574420928955
1710535025898494196,-9.459129333496094,0.6753954887390137,1.1927196979522705
1710535025905108077,-9.4507474899292,0.5831872820854187,1.1795470714569092
1710535025928012326,-9.466314315795898,0.6179150342941284,1.2046948671340942
1710535025951142174,-9.43757438659668,0.5700146555900574,1.2046948671340942
1710535026037331562,-9.443561553955078,0.6813830733299255,1.183139681816101
1710535026058359854,-9.430389404296875,0.6813830733299255,1.233435034751892
1710535026077141277,-9.449549674987793,0.6442602276802063,1.2106823921203613
