bag_timestamp_ns,accel2_x,accel2_y,accel2_z
1710536789206491214,9.721384048461914,-1.2765454053878784,1.4597643613815308
1710536789216711101,9.729766845703125,-1.3040881156921387,1.4621593952178955
1710536789250625298,9.733359336853027,-1.2585827112197876,1.4453942775726318
1710536789254955734,9.726174354553223,-1.2921130657196045,1.4633569717407227
1710536789263137863,9.72258186340332,-1.392703890800476,1.4681469202041626
1710536789311412092,9.698631286621094,-1.332828402519226,1.4980846643447876
1710536789338957857,9.72258186340332,-1.2346326112747192,1.4801220893859863
1710536789353682378,9.740544319152832,-1.3304333686828613,1.427431583404541
1710536789366212124,9.701026916503906,-1.3807287216186523,1.5220348834991455
1710536789410377748,9.732161521911621,-1.2609777450561523,1.457369327545166
1710536789418911593,9.733359336853027,-1.2645703554153442,1.4406042098999023
1710536789438537838,9.705816268920898,-1.3519885540008545,1.4717395305633545
1710536789469392535,9.72258186340332,-1.266965389251709,1.466949462890625
1710536789507285835,9.7094087600708,-1.2921130657196045,1.49688720703125
1710536789547222723,9.728569030761719,-1.311273217201233,1.451381802558899
1710536789563944935,9.72258186340332,-1.341210961341858,1.4657520055770874
1710536789591274036,9.695038795471191,-1.337618350982666,1.511257290840149
1710536789662915288,9.71419906616211,-1.227447509765625,1.5052697658538818
1710536789702858808,9.710606575012207,-1.3340258598327637,1.487307071685791
1710536789719431486,9.728569030761719,-1.2741503715515137,1.4549744129180908
1710536789731970790,9.756112098693848,-1.2382251024246216,1.4789245128631592
1710536789772015557,9.726174354553223,-1.2657678127288818,1.5016772747039795
1710536789778339284,9.704619407653809,-1.3256433010101318,1.4944921731948853
1710536789788869051,9.727372169494629,-1.266965389251709,1.4753320217132568
1710536789833040559,9.724976539611816,-1.2981005907058716,1.4645544290542603
1710536789875201727,9.7094087600708,-1.3208532333374023,1.466949462890625
1710536789894163091,9.710606575012207,-1.287322998046875,1.4753320217132568
1710536789900330859,9.711804389953613,-1.3208532333374023,1.4861096143722534
1710536789919297830,9.715396881103516,-1.3172607421875,1.4741345643997192
1710536789951085607,9.727372169494629,-1.2358300685882568,1.460961937904358
1710536789976024012,9.738149642944336,-1.2442126274108887,1.4837145805358887
1710536790003461696,9.734557151794434,-1.2537927627563477,1.4741345643997192
1710536790018225495,9.713001251220703,-1.2741503715515137,1.4837145805358887
1710536790032910207,9.7094087600708,-1.3004956245422363,1.4897021055221558
1710536790049775335,9.71419906616211,-1.293310523033142,1.49688720703125
1710536790068695958,9.71419906616211,-1.263372778892517,1.4897021055221558
1710536790102428095,9.729766845703125,-1.2549902200698853,1.4561718702316284
1710536790130259203,9.728569030761719,-1.2657678127288818,1.4477893114089966
1710536790135905677,9.71419906616211,-1.2981005907058716,1.4920971393585205
1710536790154907991,9.708211898803711,-1.2921130657196045,1.4897021055221558
1710536790173929831,9.6998291015625,-1.3651611804962158,1.4741345643997192
1710536790202145843,9.705816268920898,-1.287322998046875,1.4897021055221558
1710536790205605746,9.72258186340332,-1.2609777450561523,1.481319546699524
1710536790224576470,9.693841934204102,-1.3088781833648682,1.506467342376709
1710536790241262127,9.73695182800293,-1.3136682510375977,1.451381802558899
1710536790283147531,9.721384048461914,-1.2645703554153442,1.4681469202041626
1710536790318697078,9.713001251220703,-1.2921130657196045,1.4753320217132568
1710536790370985122,9.715396881103516,-1.3136682510375977,1.482517123222351
1710536790387807906,9.71419906616211,-1.2561877965927124,1.4705419540405273
1710536790440562403,9.724976539611816,-1.2561877965927124,1.4633569717407227
1710536790467617322,9.713001251220703,-1.3352234363555908,1.4717395305633545
1710536790478072760,9.727372169494629,-1.2837305068969727,1.460961937904358
1710536790501281682,9.716594696044922,-1.241817593574524,1.457369327545166
1710536790524399481,9.726174354553223,-1.263372778892517,1.4741345643997192
1710536790564300541,9.707014083862305,-1.2861255407333374,1.512454867362976
1710536790581105444,9.717791557312012,-1.2406201362609863,1.4693444967269897
1710536790631551590,9.72258186340332,-1.2585827112197876,1.466949462890625
1710536790660952456,9.71419906616211,-1.2801378965377808,1.466949462890625
1710536790709436904,9.723779678344727,-1.307680606842041,1.482517123222351
1710536790724062062,9.71419906616211,-1.3424084186553955,1.4861096143722534
1710536790773175928,9.733359336853027,-1.2250524759292603,1.4849121570587158
1710536790793341267,9.720187187194824,-1.3052856922149658,1.4944921731948853
1710536790801558344,9.727372169494629,-1.2897180318832397,1.4753320217132568
1710536790818494870,9.708211898803711,-1.271755337715149,1.5160473585128784
1710536790837442506,9.730964660644531,-1.271755337715149,1.457369327545166
1710536790864813148,9.720187187194824,-1.287322998046875,1.4837145805358887
1710536790883978107,9.717791557312012,-1.2609777450561523,1.4920971393585205
1710536790980398711,9.717791557312012,-1.2957055568695068,1.4849121570587158
1710536791007793077,9.727372169494629,-1.266965389251709,1.481319546699524
1710536791032954106,9.718989372253418,-1.287322998046875,1.5052697658538818
1710536791056212248,9.735754013061523,-1.277742862701416,1.4633569717407227
1710536791081266779,9.733359336853027,-1.2154724597930908,1.482517123222351
1710536791093938113,9.721384048461914,-1.3064831495285034,1.4657520055770874
1710536791117208652,9.715396881103516,-1.2705578804016113,1.4777270555496216
1710536791131981800,9.728569030761719,-1.251397728919983,1.4693444967269897
1710536791150977376,9.72258186340332,-1.2537927627563477,1.4777270555496216
1710536791172177611,9.724976539611816,-1.2406201362609863,1.4705419540405273
1710536791178418129,9.724976539611816,-1.2406201362609863,1.4705419540405273
1710536791208011193,9.735754013061523,-1.2657678127288818,1.4777270555496216
1710536791214054470,9.720187187194824,-1.2502001523971558,1.4837145805358887
1710536791237741837,9.703421592712402,-1.2861255407333374,1.49688720703125
1710536791254216997,9.715396881103516,-1.3352234363555908,1.4753320217132568
1710536791275540524,9.715396881103516,-1.1867321729660034,1.4753320217132568
1710536791300477239,9.723779678344727,-1.3160632848739624,1.4645544290542603
1710536791351076336,9.72258186340332,-1.2825329303741455,1.4418017864227295
1710536791380590227,9.717791557312012,-1.296903133392334,1.5040723085403442
1710536791414170281,9.73695182800293,-1.2502001523971558,1.4705419540405273
1710536791428861063,9.717791557312012,-1.3184581995010376,1.487307071685791
1710536791504530695,9.710606575012207,-1.2585827112197876,1.5076647996902466
1710536791548884810,9.72258186340332,-1.293310523033142,1.4885046482086182
1710536791578268649,9.702223777770996,-1.287322998046875,1.5004796981811523
1710536791602672395,9.730964660644531,-1.2537927627563477,1.4777270555496216
1710536791614004482,9.721384048461914,-1.3136682510375977,1.502874732017517
1710536791630766634,9.726174354553223,-1.302890658378601,1.472936987876892
1710536791649638957,9.72258186340332,-1.2394225597381592,1.4944921731948853
1710536791668489586,9.72258186340332,-1.2394225597381592,1.4944921731948853
1710536791733925656,9.711804389953613,-1.2981005907058716,1.4705419540405273
1710536791738025288,9.728569030761719,-1.2681628465652466,1.4777270555496216
1710536791750845898,9.741742134094238,-1.207089900970459,1.4777270555496216
1710536791769561661,9.729766845703125,-1.263372778892517,1.4681469202041626
1710536791799427572,9.6998291015625,-1.337618350982666,1.5100598335266113
1710536791832725331,9.720187187194824,-1.2011022567749023,1.476529598236084
1710536791860271932,9.715396881103516,-1.3280383348464966,1.460961937904358
1710536791885738295,9.715396881103516,-1.2549902200698853,1.4705419540405273
1710536791946307589,9.7094087600708,-1.3040881156921387,1.5004796981811523
1710536791973720429,9.741742134094238,-1.296903133392334,1.4932947158813477
1710536791977686889,9.707014083862305,-1.341210961341858,1.4932947158813477
1710536791994742661,9.754914283752441,-1.263372778892517,1.4262341260910034
1710536792013353865,9.723779678344727,-1.3292357921600342,1.4837145805358887
1710536792049326726,9.703421592712402,-1.2909154891967773,1.4849121570587158
1710536792087005613,9.742938995361328,-1.2693603038787842,1.4753320217132568
1710536792091265511,9.751321792602539,-1.227447509765625,1.4561718702316284
1710536792127302668,9.721384048461914,-1.287322998046875,1.4657520055770874
1710536792141389030,9.727372169494629,-1.2849279642105103,1.502874732017517
1710536792156098121,9.720187187194824,-1.2394225597381592,1.5016772747039795
1710536792181282852,9.735754013061523,-1.2166699171066284,1.4801220893859863
1710536792206374257,9.710606575012207,-1.2753479480743408,1.511257290840149
1710536792235789253,9.703421592712402,-1.3064831495285034,1.5076647996902466
1710536792255020786,9.723779678344727,-1.2525951862335205,1.4801220893859863
1710536792303501592,9.742938995361328,-1.3184581995010376,1.4992822408676147
1710536792328624655,9.710606575012207,-1.3052856922149658,1.4849121570587158
1710536792343349663,9.71419906616211,-1.3088781833648682,1.49688720703125
1710536792387478829,9.723779678344727,-1.1855347156524658,1.4693444967269897
1710536792408373229,9.713001251220703,-1.2645703554153442,1.5076647996902466
1710536792423245888,9.708211898803711,-1.326840877532959,1.512454867362976
1710536792439989797,9.758506774902344,-1.2549902200698853,1.4094690084457397
1710536792465251161,9.710606575012207,-1.301693081855774,1.502874732017517
1710536792507619924,9.728569030761719,-1.2645703554153442,1.451381802558899
1710536792538915739,9.726174354553223,-1.2106823921203613,1.472936987876892
1710536792568301490,9.717791557312012,-1.2645703554153442,1.4741345643997192
1710536792603571918,9.704619407653809,-1.2885204553604126,1.5100598335266113
1710536792622652704,9.711804389953613,-1.3340258598327637,1.502874732017517
1710536792660799092,9.735754013061523,-1.2154724597930908,1.4705419540405273
1710536792675354816,9.718989372253418,-1.3100756406784058,1.5016772747039795
1710536792713123538,9.735754013061523,-1.2537927627563477,1.466949462890625
1710536792742703577,9.702223777770996,-1.2765454053878784,1.5076647996902466
1710536792759570013,9.720187187194824,-1.271755337715149,1.4885046482086182
1710536792778596995,9.713001251220703,-1.3124706745147705,1.4849121570587158
1710536792818369983,9.741742134094238,-1.2549902200698853,1.442999243736267
1710536792847979418,9.71419906616211,-1.2909154891967773,1.4956897497177124
1710536792866905372,9.71419906616211,-1.2909154891967773,1.4956897497177124
1710536792892131789,9.715396881103516,-1.3436059951782227,1.481319546699524
1710536792934216795,9.71419906616211,-1.2022998332977295,1.4789245128631592
1710536792959417544,9.708211898803711,-1.2897180318832397,1.512454867362976
1710536793020186147,9.717791557312012,-1.2358300685882568,1.482517123222351
1710536793028695943,9.730964660644531,-1.2394225597381592,1.4693444967269897
1710536793072534116,9.703421592712402,-1.353186011314392,1.5052697658538818
1710536793091565651,9.711804389953613,-1.2705578804016113,1.4932947158813477
1710536793104877525,9.718989372253418,-1.2789404392242432,1.4597643613815308
1710536793112620879,9.718989372253418,-1.2957055568695068,1.5088622570037842
1710536793119101300,9.715396881103516,-1.326840877532959,1.4633569717407227
1710536793137864647,9.726174354553223,-1.2537927627563477,1.4705419540405273
1710536793150563292,9.711804389953613,-1.271755337715149,1.5052697658538818
1710536793184257642,9.702223777770996,-1.311273217201233,1.512454867362976
1710536793238816448,9.718989372253418,-1.271755337715149,1.472936987876892
1710536793276706461,9.718989372253418,-1.2957055568695068,1.4956897497177124
1710536793299939701,9.727372169494629,-1.2897180318832397,1.4837145805358887
1710536793327163919,9.723779678344727,-1.2992980480194092,1.476529598236084
1710536793352448056,9.707014083862305,-1.2765454053878784,1.4920971393585205
1710536793364952759,9.723779678344727,-1.326840877532959,1.4693444967269897
1710536793381799900,9.74533462524414,-1.2142748832702637,1.4693444967269897
1710536793390099241,9.703421592712402,-1.2657678127288818,1.4537768363952637
1710536793402418443,9.733359336853027,-1.2789404392242432,1.4657520055770874
1710536793423489469,9.708211898803711,-1.3208532333374023,1.5196398496627808
1710536793493177047,9.733359336853027,-1.3100756406784058,1.4789245128631592
1710536793520362605,9.715396881103516,-1.2226574420928955,1.5076647996902466
1710536793537412672,9.710606575012207,-1.272952914237976,1.517244815826416
1710536793585540411,9.71419906616211,-1.2561877965927124,1.5076647996902466
1710536793610724961,9.72258186340332,-1.2525951862335205,1.4489867687225342
1710536793658992740,9.730964660644531,-1.2382251024246216,1.502874732017517
1710536793690662610,9.713001251220703,-1.247805118560791,1.5160473585128784
1710536793749416322,9.746532440185547,-1.3196557760238647,1.4657520055770874
1710536793759972762,9.710606575012207,-1.241817593574524,1.5040723085403442
1710536793781051923,9.711804389953613,-1.2753479480743408,1.4980846643447876
1710536793800012056,9.720187187194824,-1.3280383348464966,1.4633569717407227
1710536793820787216,9.720187187194824,-1.3280383348464966,1.4633569717407227
1710536793854467285,9.762099266052246,-1.2609777450561523,1.4741345643997192
1710536793873283535,9.728569030761719,-1.2621753215789795,1.4861096143722534
1710536793884046765,9.734557151794434,-1.293310523033142,1.4597643613815308
1710536793911543418,9.726174354553223,-1.263372778892517,1.4944921731948853
1710536793940966072,9.711804389953613,-1.296903133392334,1.4897021055221558
1710536793947166300,9.671089172363281,-1.452579379081726,1.5675402879714966
1710536793985092218,9.713001251220703,-1.2561877965927124,1.5483801364898682
1710536794006038258,9.73695182800293,-1.2525951862335205,1.5040723085403442
1710536794016749140,9.757309913635254,-1.2909154891967773,1.3903088569641113
1710536794021009768,9.686656951904297,-1.3639636039733887,1.5651452541351318
1710536794037807963,9.730964660644531,-1.177152156829834,1.4645544290542603
1710536794107141287,9.698631286621094,-1.3855187892913818,1.472936987876892
1710536794151288167,9.740544319152832,-1.2322375774383545,1.4621593952178955
1710536794170136830,9.741742134094238,-1.191522240638733,1.4537768363952637
1710536794226977240,9.6902494430542,-1.2825329303741455,1.5316150188446045
1710536794239683643,9.721384048461914,-1.2693603038787842,1.4753320217132568
1710536794285994174,9.710606575012207,-1.3280383348464966,1.4885046482086182
1710536794290381138,9.732161521911621,-1.2537927627563477,1.4693444967269897
1710536794307093834,9.717791557312012,-1.3100756406784058,1.5232324600219727
1710536794324033247,9.746532440185547,-1.2046948671340942,1.4537768363952637
1710536794347058991,9.7094087600708,-1.266965389251709,1.550775170326233
1710536794361642571,9.718989372253418,-1.2621753215789795,1.4705419540405273
1710536794384785854,9.728569030761719,-1.2897180318832397,1.4645544290542603
1710536794401381536,9.728569030761719,-1.213077425956726,1.4453942775726318
1710536794414283295,9.713001251220703,-1.2837305068969727,1.5052697658538818
1710536794437537692,9.732161521911621,-1.281335473060608,1.4645544290542603
1710536794525903557,9.734557151794434,-1.221459984779358,1.4693444967269897
1710536794546864515,9.711804389953613,-1.362766146659851,1.4789245128631592
1710536794551161802,9.72258186340332,-1.247805118560791,1.4849121570587158
1710536794563863558,9.72258186340332,-1.1603869199752808,1.481319546699524
1710536794574405109,9.711804389953613,-1.3639636039733887,1.4777270555496216
1710536794601157640,9.707014083862305,-1.227447509765625,1.4992822408676147
1710536794618462990,9.717791557312012,-1.3148657083511353,1.466949462890625
1710536794652294265,9.7094087600708,-1.3124706745147705,1.4956897497177124
1710536794679516691,9.734557151794434,-1.2442126274108887,1.4861096143722534
1710536794700683664,9.724976539611816,-1.263372778892517,1.4932947158813477
1710536794734335577,9.71419906616211,-1.3424084186553955,1.5052697658538818
1710536794776308920,9.746532440185547,-1.2597802877426147,1.446591854095459
1710536794798341850,9.692644119262695,-1.2825329303741455,1.5292199850082397
1710536794824759160,9.707014083862305,-1.2992980480194092,1.4861096143722534
1710536794835432146,9.711804389953613,-1.2705578804016113,1.481319546699524
1710536794856339675,9.727372169494629,-1.227447509765625,1.4789245128631592
1710536794873095913,9.726174354553223,-1.241817593574524,1.4849121570587158
1710536794898376758,9.704619407653809,-1.2909154891967773,1.4705419540405273
1710536794919282471,9.720187187194824,-1.2992980480194092,1.481319546699524
1710536794944425227,9.728569030761719,-1.2609777450561523,1.4441968202590942
1710536794973920812,9.701026916503906,-1.307680606842041,1.5232324600219727
1710536795004820031,9.708211898803711,-1.237027645111084,1.520837426185608
1710536795024545442,9.716594696044922,-1.2502001523971558,1.487307071685791
1710536795041310927,9.7094087600708,-1.241817593574524,1.5232324600219727
1710536795053617578,9.7094087600708,-1.241817593574524,1.5232324600219727
1710536795066296052,9.6998291015625,-1.3292357921600342,1.4549744129180908
1710536795085415906,9.717791557312012,-1.311273217201233,1.4777270555496216
1710536795119062995,9.733359336853027,-1.3723461627960205,1.4441968202590942
1710536795142006245,9.727372169494629,-1.3052856922149658,1.512454867362976
1710536795160908436,9.747729301452637,-1.2490026950836182,1.446591854095459
1710536795171208983,9.711804389953613,-1.263372778892517,1.4956897497177124
1710536795198027810,9.715396881103516,-1.2202624082565308,1.490899682044983
1710536795223945176,9.723779678344727,-1.3040881156921387,1.4849121570587158
1710536795360704903,9.717791557312012,-1.2645703554153442,1.5088622570037842
1710536795368952849,9.727372169494629,-1.233435034751892,1.4920971393585205
1710536795381496699,9.738149642944336,-1.3436059951782227,1.4885046482086182
1710536795402398574,9.721384048461914,-1.3400133848190308,1.4801220893859863
1710536795419141463,9.721384048461914,-1.2226574420928955,1.49688720703125
1710536795433817066,9.752519607543945,-1.2382251024246216,1.4777270555496216
1710536795459130766,9.716594696044922,-1.2705578804016113,1.49688720703125
1710536795469815621,9.708211898803711,-1.2202624082565308,1.5256274938583374
1710536795488596311,9.735754013061523,-1.3064831495285034,1.5040723085403442
1710536795524464439,9.717791557312012,-1.2585827112197876,1.482517123222351
1710536795568616271,9.715396881103516,-1.2561877965927124,1.5447876453399658
1710536795593901040,9.704619407653809,-1.2885204553604126,1.4849121570587158
1710536795610922789,9.721384048461914,-1.2801378965377808,1.452579379081726
1710536795625272953,9.72258186340332,-1.1843371391296387,1.4980846643447876
1710536795646231143,9.727372169494629,-1.2837305068969727,1.446591854095459
1710536795707286126,9.701026916503906,-1.3495935201644897,1.5148499011993408
1710536795749370095,9.734557151794434,-1.263372778892517,1.4705419540405273
1710536795789174394,9.715396881103516,-1.2789404392242432,1.4849121570587158
1710536795793440706,9.717791557312012,-1.2825329303741455,1.5040723085403442
1710536795812429803,9.734557151794434,-1.181942105293274,1.4801220893859863
1710536795843728891,9.739346504211426,-1.1867321729660034,1.490899682044983
1710536795869073263,9.730964660644531,-1.2909154891967773,1.4789245128631592
1710536795873126880,9.713001251220703,-1.2454102039337158,1.4932947158813477
1710536795906791409,9.720187187194824,-1.207089900970459,1.502874732017517
1710536795973964573,9.729766845703125,-1.2310400009155273,1.4645544290542603
1710536796026740300,9.710606575012207,-1.2502001523971558,1.517244815826416
1710536796125517520,9.726174354553223,-1.2202624082565308,1.4657520055770874
1710536796129600722,9.729766845703125,-1.2693603038787842,1.442999243736267
1710536796163010326,9.704619407653809,-1.3124706745147705,1.5196398496627808
1710536796192395652,9.730964660644531,-1.203497290611267,1.4980846643447876
1710536796228334586,9.720187187194824,-1.2238550186157227,1.5088622570037842
1710536796232411735,9.71419906616211,-1.1939172744750977,1.5076647996902466
1710536796247281387,9.716594696044922,-1.2609777450561523,1.5088622570037842
1710536796270224210,9.704619407653809,-1.3124706745147705,1.5100598335266113
1710536796289264364,9.738149642944336,-1.2502001523971558,1.476529598236084
1710536796308148852,9.721384048461914,-1.2537927627563477,1.5100598335266113
1710536796316686633,9.730964660644531,-1.3244458436965942,1.4621593952178955
1710536796339936025,9.752519607543945,-1.271755337715149,1.4394067525863647
1710536796369326737,9.720187187194824,-1.1963123083114624,1.512454867362976
1710536796402555149,9.742938995361328,-1.2154724597930908,1.4561718702316284
1710536796413296294,9.716594696044922,-1.2861255407333374,1.490899682044983
1710536796438675247,9.708211898803711,-1.2825329303741455,1.49688720703125
1710536796442861805,9.732161521911621,-1.277742862701416,1.511257290840149
1710536796462532808,9.726174354553223,-1.293310523033142,1.4801220893859863
1710536796482864567,9.726174354553223,-1.293310523033142,1.4801220893859863
1710536796497715711,9.705816268920898,-1.3088781833648682,1.482517123222351
1710536796520939277,9.720187187194824,-1.2645703554153442,1.4861096143722534
1710536796546195972,9.703421592712402,-1.3148657083511353,1.5160473585128784
1710536796567088767,9.729766845703125,-1.3088781833648682,1.460961937904358
1710536796582067879,9.6998291015625,-1.3280383348464966,1.4980846643447876
1710536796601654484,9.732161521911621,-1.2358300685882568,1.4885046482086182
1710536796651438721,9.707014083862305,-1.2561877965927124,1.5220348834991455
1710536796670402914,9.730964660644531,-1.2537927627563477,1.4633569717407227
1710536796687164182,9.707014083862305,-1.3040881156921387,1.526824951171875
1710536796721034679,9.723779678344727,-1.2382251024246216,1.4801220893859863
1710536796737640789,9.720187187194824,-1.2226574420928955,1.5040723085403442
1710536796781739324,9.715396881103516,-1.3603711128234863,1.4789245128631592
1710536796882936137,9.735754013061523,-1.2621753215789795,1.4477893114089966
1710536796903847706,9.729766845703125,-1.251397728919983,1.506467342376709
1710536796945953324,9.738149642944336,-1.2442126274108887,1.457369327545166
1710536796973214665,9.728569030761719,-1.2801378965377808,1.4741345643997192
1710536796996270578,9.728569030761719,-1.2645703554153442,1.4789245128631592
1710536797015159322,9.73695182800293,-1.356778621673584,1.4693444967269897
1710536797061299116,9.71419906616211,-1.296903133392334,1.487307071685791
1710536797076002551,9.726174354553223,-1.311273217201233,1.4561718702316284
1710536797112141711,9.730964660644531,-1.2909154891967773,1.5376025438308716
1710536797132849655,9.748927116394043,-1.3424084186553955,1.413061499595642
1710536797149698523,9.702223777770996,-1.266965389251709,1.5831079483032227
1710536797175020265,9.738149642944336,-1.3136682510375977,1.4046789407730103
1710536797212848093,9.708211898803711,-1.2442126274108887,1.5316150188446045
1710536797227798795,9.720187187194824,-1.243015170097351,1.5088622570037842
1710536797257139814,9.735754013061523,-1.3172607421875,1.457369327545166
1710536797280423186,9.726174354553223,-1.1687694787979126,1.5040723085403442
1710536797286480503,9.727372169494629,-1.2058923244476318,1.4717395305633545
1710536797315917965,9.744136810302734,-1.287322998046875,1.4621593952178955
1710536797339023425,9.733359336853027,-1.3292357921600342,1.4501843452453613
1710536797343131704,9.717791557312012,-1.2657678127288818,1.5016772747039795
1710536797366331174,9.72258186340332,-1.272952914237976,1.4861096143722534
1710536797383144262,9.726174354553223,-1.217867374420166,1.4789245128631592
1710536797406314851,9.726174354553223,-1.2609777450561523,1.481319546699524
1710536797456914174,9.702223777770996,-1.361568570137024,1.5220348834991455
1710536797475675275,9.721384048461914,-1.3136682510375977,1.4418017864227295
1710536797497229877,9.707014083862305,-1.2909154891967773,1.5088622570037842
1710536797526208722,9.726174354553223,-1.2957055568695068,1.4741345643997192
1710536797547278849,9.710606575012207,-1.3040881156921387,1.4920971393585205
1710536797659098055,9.720187187194824,-1.263372778892517,1.5148499011993408
1710536797673846904,9.739346504211426,-1.293310523033142,1.4621593952178955
1710536797698901714,9.717791557312012,-1.3088781833648682,1.490899682044983
1710536797713588601,9.728569030761719,-1.2561877965927124,1.4705419540405273
1710536797764123797,9.729766845703125,-1.2346326112747192,1.4932947158813477
1710536797776839469,9.739346504211426,-1.1005114316940308,1.5148499011993408
1710536797795571704,9.703421592712402,-1.2981005907058716,1.5292199850082397
1710536797835997578,9.720187187194824,-1.272952914237976,1.4849121570587158
1710536797858663661,9.721384048461914,-1.2705578804016113,1.5232324600219727
1710536797881984410,9.708211898803711,-1.3124706745147705,1.472936987876892
1710536797930412248,9.726174354553223,-1.266965389251709,1.5340100526809692
1710536797976525516,9.723779678344727,-1.2190649509429932,1.490899682044983
1710536798006001507,9.72258186340332,-1.332828402519226,1.4561718702316284
1710536798022806786,9.710606575012207,-1.2238550186157227,1.542392611503601
1710536798035355161,9.716594696044922,-1.2897180318832397,1.490899682044983
1710536798075352506,9.716594696044922,-1.3424084186553955,1.460961937904358
1710536798102783618,9.711804389953613,-1.3064831495285034,1.4789245128631592
1710536798126301969,9.710606575012207,-1.3004956245422363,1.490899682044983
1710536798138684479,9.715396881103516,-1.2921130657196045,1.49688720703125
1710536798153343240,9.71419906616211,-1.2693603038787842,1.5040723085403442
1710536798176299176,9.72258186340332,-1.251397728919983,1.481319546699524
1710536798195304999,9.702223777770996,-1.2765454053878784,1.5591577291488647
1710536798205550210,9.735754013061523,-1.2921130657196045,1.446591854095459
1710536798228662532,9.724976539611816,-1.2166699171066284,1.5184423923492432
1710536798243440779,9.735754013061523,-1.2753479480743408,1.4621593952178955
1710536798262509702,9.715396881103516,-1.2645703554153442,1.5052697658538818
1710536798285580883,9.73695182800293,-1.2957055568695068,1.4681469202041626
1710536798300370912,9.701026916503906,-1.2885204553604126,1.4956897497177124
1710536798319295370,9.727372169494629,-1.2298425436019897,1.4741345643997192
1710536798325647278,9.703421592712402,-1.2957055568695068,1.5040723085403442
1710536798334111253,9.711804389953613,-1.3891112804412842,1.4837145805358887
1710536798365516373,9.716594696044922,-1.2945080995559692,1.4789245128631592
1710536798397896933,9.715396881103516,-1.2597802877426147,1.5040723085403442
1710536798432940964,9.710606575012207,-1.337618350982666,1.487307071685791
1710536798439074617,9.734557151794434,-1.2358300685882568,1.4681469202041626
1710536798443275562,9.716594696044922,-1.221459984779358,1.4992822408676147
1710536798464270601,9.732161521911621,-1.302890658378601,1.4657520055770874
1710536798468306754,9.720187187194824,-1.211879849433899,1.5016772747039795
1710536798491801647,9.732161521911621,-1.293310523033142,1.472936987876892
1710536798510618347,9.733359336853027,-1.311273217201233,1.4681469202041626
1710536798542240228,9.7094087600708,-1.2765454053878784,1.5184423923492432
1710536798569382275,9.716594696044922,-1.25738525390625,1.5196398496627808
1710536798584070023,9.738149642944336,-1.2801378965377808,1.4717395305633545
1710536798598737763,9.73695182800293,-1.2645703554153442,1.502874732017517
1710536798611140413,9.721384048461914,-1.241817593574524,1.4932947158813477
1710536798627801290,9.732161521911621,-1.2657678127288818,1.4597643613815308
1710536798688927403,9.74533462524414,-1.263372778892517,1.4705419540405273
1710536798718480548,9.73695182800293,-1.281335473060608,1.4585669040679932
1710536798730911506,9.6998291015625,-1.3304333686828613,1.5340100526809692
1710536798777065280,9.732161521911621,-1.2597802877426147,1.502874732017517
1710536798817122646,9.705816268920898,-1.2992980480194092,1.5004796981811523
1710536798848569827,9.742938995361328,-1.2765454053878784,1.472936987876892
1710536798875955093,9.717791557312012,-1.326840877532959,1.4705419540405273
1710536798901204160,9.72258186340332,-1.2585827112197876,1.5052697658538818
1710536798928423637,9.693841934204102,-1.3783336877822876,1.536405086517334
1710536798968178924,9.741742134094238,-1.2897180318832397,1.4920971393585205
1710536798999805195,9.703421592712402,-1.2549902200698853,1.5148499011993408
1710536799056663325,9.723779678344727,-1.266965389251709,1.4621593952178955
1710536799106934648,9.710606575012207,-1.2262500524520874,1.517244815826416
1710536799123758459,9.72258186340332,-1.3172607421875,1.4777270555496216
1710536799151098383,9.734557151794434,-1.203497290611267,1.4777270555496216
1710536799170228794,9.718989372253418,-1.302890658378601,1.452579379081726
1710536799176412328,9.724976539611816,-1.2657678127288818,1.4837145805358887
1710536799188929896,9.711804389953613,-1.2681628465652466,1.5244299173355103
1710536799205954217,9.715396881103516,-1.3603711128234863,1.4585669040679932
1710536799241693037,9.716594696044922,-1.2657678127288818,1.517244815826416
1710536799256478361,9.723779678344727,-1.2861255407333374,1.466949462890625
1710536799273082388,9.695038795471191,-1.302890658378601,1.5579601526260376
1710536799279228131,9.717791557312012,-1.2597802877426147,1.5016772747039795
1710536799313125948,9.727372169494629,-1.2693603038787842,1.49688720703125
1710536799319235012,9.720187187194824,-1.2693603038787842,1.49688720703125
1710536799386334272,9.721384048461914,-1.2837305068969727,1.4801220893859863
1710536799404955224,9.710606575012207,-1.1987072229385376,1.5100598335266113
1710536799430044384,9.717791557312012,-1.337618350982666,1.4944921731948853
1710536799521050037,9.729766845703125,-1.2837305068969727,1.4477893114089966
1710536799525249427,9.705816268920898,-1.3184581995010376,1.526824951171875
1710536799546448062,9.710606575012207,-1.266965389251709,1.5148499011993408
1710536799563119950,9.74533462524414,-1.1987072229385376,1.4549744129180908
1710536799582127027,9.708211898803711,-1.2502001523971558,1.5256274938583374
1710536799611509355,9.71419906616211,-1.3160632848739624,1.5100598335266113
1710536799619997780,9.717791557312012,-1.2597802877426147,1.5004796981811523
1710536799628455405,9.721384048461914,-1.277742862701416,1.4944921731948853
1710536799653593210,9.72258186340332,-1.2681628465652466,1.476529598236084
1710536799685077068,9.732161521911621,-1.2597802877426147,1.4932947158813477
1710536799803017410,9.720187187194824,-1.2346326112747192,1.490899682044983
1710536799803072583,9.72258186340332,-1.2741503715515137,1.49688720703125
1710536799811206337,9.705816268920898,-1.3136682510375977,1.5076647996902466
1710536799832431956,9.716594696044922,-1.2681628465652466,1.4885046482086182
1710536799851034702,9.723779678344727,-1.281335473060608,1.4789245128631592
1710536799857464421,9.716594696044922,-1.277742862701416,1.49688720703125
1710536799884878659,9.723779678344727,-1.2645703554153442,1.4789245128631592
1710536799909905418,9.727372169494629,-1.2537927627563477,1.502874732017517
1710536799935132607,9.723779678344727,-1.2358300685882568,1.482517123222351
1710536799968897482,9.6902494430542,-1.3543835878372192,1.5040723085403442
1710536800029527232,9.729766845703125,-1.2957055568695068,1.4777270555496216
1710536800055068400,9.733359336853027,-1.281335473060608,1.4801220893859863
1710536800071865510,9.733359336853027,-1.281335473060608,1.4897021055221558
1710536800109638494,9.717791557312012,-1.2992980480194092,1.5016772747039795
1710536800137111166,9.723779678344727,-1.2825329303741455,1.4980846643447876
1710536800158162998,9.740544319152832,-1.2382251024246216,1.4406042098999023
1710536800176891621,9.734557151794434,-1.323248267173767,1.4561718702316284
1710536800203097908,9.707014083862305,-1.2525951862335205,1.5280224084854126
1710536800246336498,9.716594696044922,-1.323248267173767,1.4561718702316284
1710536800265393320,9.729766845703125,-1.2094848155975342,1.4885046482086182
1710536800291321199,9.72258186340332,-1.2957055568695068,1.4861096143722534
1710536800347371425,9.723779678344727,-1.2741503715515137,1.49688720703125
1710536800357903951,9.728569030761719,-1.2981005907058716,1.4753320217132568
1710536800387218494,9.708211898803711,-1.3064831495285034,1.4956897497177124
1710536800406112747,9.720187187194824,-1.247805118560791,1.4920971393585205
1710536800418629253,9.740544319152832,-1.2657678127288818,1.4861096143722534
1710536800441700717,9.727372169494629,-1.2154724597930908,1.4932947158813477
1710536800469209715,9.726174354553223,-1.2945080995559692,1.511257290840149
1710536800490149866,9.713001251220703,-1.2537927627563477,1.4645544290542603
1710536800511242533,9.703421592712402,-1.2753479480743408,1.5244299173355103
1710536800517278436,9.717791557312012,-1.3735437393188477,1.511257290840149
1710536800544594270,9.72258186340332,-1.3160632848739624,1.4920971393585205
1710536800555205972,9.740544319152832,-1.213077425956726,1.4585669040679932
1710536800567794120,9.718989372253418,-1.3543835878372192,1.490899682044983
1710536800574027029,9.742938995361328,-1.3040881156921387,1.541195034980774
1710536800588815963,9.717791557312012,-1.237027645111084,1.5160473585128784
1710536800618071309,9.744136810302734,-1.187929630279541,1.4501843452453613
1710536800624403492,9.720187187194824,-1.2885204553604126,1.5088622570037842
1710536800643344894,9.729766845703125,-1.1903246641159058,1.502874732017517
1710536800666802702,9.705816268920898,-1.2825329303741455,1.490899682044983
1710536800693927538,9.724976539611816,-1.2561877965927124,1.49688720703125
1710536800710692128,9.710606575012207,-1.2681628465652466,1.520837426185608
1710536800748748891,9.718989372253418,-1.2945080995559692,1.472936987876892
1710536800786244220,9.720187187194824,-1.281335473060608,1.4657520055770874
1710536800800950252,9.71419906616211,-1.2693603038787842,1.4849121570587158
1710536800834588649,9.718989372253418,-1.2789404392242432,1.487307071685791
1710536800887214800,9.717791557312012,-1.263372778892517,1.5076647996902466
1710536800918697053,9.726174354553223,-1.2537927627563477,1.520837426185608
1710536800941845487,9.697434425354004,-1.3244458436965942,1.5352075099945068
1710536800948100785,9.73695182800293,-1.227447509765625,1.476529598236084
1710536800969076311,9.708211898803711,-1.3136682510375977,1.49688720703125
1710536800981779186,9.721384048461914,-1.251397728919983,1.4956897497177124
1710536801015363768,9.729766845703125,-1.2753479480743408,1.4920971393585205
1710536801030077551,9.723779678344727,-1.2825329303741455,1.4741345643997192
1710536801036736190,9.715396881103516,-1.3004956245422363,1.5004796981811523
1710536801055384977,9.717791557312012,-1.2645703554153442,1.4992822408676147
1710536801133127351,9.702223777770996,-1.2885204553604126,1.520837426185608
1710536801149850165,9.708211898803711,-1.3436059951782227,1.512454867362976
1710536801162602131,9.732161521911621,-1.251397728919983,1.4861096143722534
1710536801173035850,9.735754013061523,-1.2657678127288818,1.4920971393585205
1710536801179351889,9.707014083862305,-1.332828402519226,1.4944921731948853
1710536801263354474,9.707014083862305,-1.3160632848739624,1.517244815826416
1710536801278198596,9.741742134094238,-1.2621753215789795,1.4789245128631592
1710536801294741410,9.71419906616211,-1.2909154891967773,1.49688720703125
1710536801353711249,9.726174354553223,-1.271755337715149,1.512454867362976
1710536801406207478,9.716594696044922,-1.302890658378601,1.4789245128631592
1710536801442096421,9.723779678344727,-1.2957055568695068,1.4789245128631592
1710536801461144951,9.71419906616211,-1.241817593574524,1.5088622570037842
1710536801496861604,9.729766845703125,-1.271755337715149,1.5004796981811523
1710536801528273478,9.720187187194824,-1.2537927627563477,1.490899682044983
1710536801553291915,9.720187187194824,-1.2801378965377808,1.4944921731948853
1710536801576401201,9.716594696044922,-1.2837305068969727,1.4753320217132568
1710536801584820988,9.715396881103516,-1.233435034751892,1.5148499011993408
1710536801600863925,9.718989372253418,-1.227447509765625,1.5004796981811523
1710536801605602308,9.711804389953613,-1.3879138231277466,1.4741345643997192
1710536801635149656,9.727372169494629,-1.2262500524520874,1.490899682044983
1710536801652127372,9.727372169494629,-1.2262500524520874,1.490899682044983
1710536801673203342,9.739346504211426,-1.2705578804016113,1.4489867687225342
1710536801675282113,9.739346504211426,-1.2705578804016113,1.4489867687225342
1710536801752869022,9.730964660644531,-1.263372778892517,1.49688720703125
1710536801780063425,9.727372169494629,-1.2981005907058716,1.4346166849136353
1710536801792529695,9.711804389953613,-1.2549902200698853,1.4801220893859863
1710536801830446991,9.711804389953613,-1.2549902200698853,1.4801220893859863
1710536801851222489,9.7094087600708,-1.2861255407333374,1.466949462890625
1710536801857525169,9.72258186340332,-1.2226574420928955,1.506467342376709
1710536801878717500,9.7094087600708,-1.2346326112747192,1.5016772747039795
1710536801893199376,9.72258186340332,-1.3064831495285034,1.4801220893859863
1710536801916424514,9.744136810302734,-1.2549902200698853,1.4885046482086182
1710536801918375679,9.716594696044922,-1.2645703554153442,1.487307071685791
1710536801926742945,9.729766845703125,-1.287322998046875,1.5160473585128784
1710536801972803880,9.74533462524414,-1.2394225597381592,1.4441968202590942
1710536801979193036,9.732161521911621,-1.2561877965927124,1.4837145805358887
1710536801981150384,9.717791557312012,-1.2454102039337158,1.5388000011444092
1710536802002536589,9.715396881103516,-1.2837305068969727,1.4789245128631592
1710536802008513535,9.733359336853027,-1.3148657083511353,1.5004796981811523
1710536802031785648,9.734557151794434,-1.2358300685882568,1.466949462890625
1710536802042231487,9.72258186340332,-1.1939172744750977,1.4885046482086182
1710536802063261905,9.7094087600708,-1.3064831495285034,1.517244815826416
1710536802095125491,9.730964660644531,-1.2705578804016113,1.4753320217132568
1710536802116085741,9.711804389953613,-1.3148657083511353,1.487307071685791
1710536802143264895,9.734557151794434,-1.2741503715515137,1.4585669040679932
1710536802158513121,9.718989372253418,-1.2058923244476318,1.490899682044983
1710536802160940411,9.710606575012207,-1.2585827112197876,1.5352075099945068
1710536802170754997,9.738149642944336,-1.3591735363006592,1.4645544290542603
1710536802185690750,9.730964660644531,-1.187929630279541,1.5136523246765137
1710536802210653504,9.713001251220703,-1.2406201362609863,1.4597643613815308
1710536802278070348,9.698631286621094,-1.2825329303741455,1.466949462890625
1710536802326038654,9.723779678344727,-1.247805118560791,1.472936987876892
1710536802372267230,9.728569030761719,-1.3292357921600342,1.4956897497177124
1710536802462778411,9.716594696044922,-1.2801378965377808,1.4944921731948853
1710536802500709248,9.721384048461914,-1.266965389251709,1.4693444967269897
1710536802505134434,9.720187187194824,-1.2154724597930908,1.487307071685791
1710536802543018123,9.720187187194824,-1.2154724597930908,1.487307071685791
1710536802578553511,9.728569030761719,-1.2921130657196045,1.5040723085403442
1710536802588960738,9.723779678344727,-1.2741503715515137,1.487307071685791
1710536802618514152,9.717791557312012,-1.2897180318832397,1.5196398496627808
1710536802641889858,9.728569030761719,-1.3052856922149658,1.4956897497177124
1710536802677653113,9.710606575012207,-1.296903133392334,1.4789245128631592
1710536802715747276,9.710606575012207,-1.287322998046875,1.5196398496627808
1710536802755495175,9.707014083862305,-1.3424084186553955,1.4980846643447876
1710536802776583536,9.729766845703125,-1.2190649509429932,1.4944921731948853
1710536802780739199,9.704619407653809,-1.2705578804016113,1.5256274938583374
1710536802805686577,9.711804389953613,-1.2442126274108887,1.4681469202041626
1710536802818431895,9.711804389953613,-1.2298425436019897,1.512454867362976
1710536802851978322,9.720187187194824,-1.2957055568695068,1.4801220893859863
1710536802894986618,9.708211898803711,-1.3208532333374023,1.4885046482086182
1710536802925858415,9.735754013061523,-1.2238550186157227,1.4633569717407227
1710536802942691604,9.733359336853027,-1.2094848155975342,1.5088622570037842
1710536802955227802,9.730964660644531,-1.2645703554153442,1.451381802558899
1710536803016101966,9.713001251220703,-1.3507909774780273,1.512454867362976
1710536803072922590,9.728569030761719,-1.213077425956726,1.5076647996902466
1710536803142132690,9.73695182800293,-1.2681628465652466,1.4789245128631592
1710536803146227186,9.716594696044922,-1.2442126274108887,1.4681469202041626
1710536803167807749,9.73695182800293,-1.2897180318832397,1.4753320217132568
1710536803177705078,9.741742134094238,-1.2058923244476318,1.4597643613815308
1710536803181846909,9.724976539611816,-1.3507909774780273,1.4932947158813477
1710536803209237156,9.715396881103516,-1.287322998046875,1.4932947158813477
1710536803247122650,9.729766845703125,-1.2310400009155273,1.4861096143722534
1710536803276378299,9.71419906616211,-1.361568570137024,1.457369327545166
1710536803293277334,9.739346504211426,-1.1340417861938477,1.5220348834991455
1710536803356649256,9.695038795471191,-1.2849279642105103,1.5196398496627808
1710536803371122213,9.748927116394043,-1.5088622570037842,1.4621593952178955
1710536803383732285,9.720187187194824,-1.3591735363006592,1.506467342376709
1710536803436400155,9.720187187194824,-1.3591735363006592,1.506467342376709
1710536803440971094,9.735754013061523,-1.1951147317886353,1.502874732017517
1710536803457470604,9.710606575012207,-1.2525951862335205,1.49688720703125
1710536803476418470,9.768087387084961,-1.1939172744750977,1.43701171875
1710536803497670383,9.730964660644531,-1.2525951862335205,1.4621593952178955
1710536803535291919,9.734557151794434,-1.247805118560791,1.4980846643447876
1710536803562561081,9.6998291015625,-1.3747411966323853,1.4837145805358887
1710536803585596655,9.702223777770996,-1.2825329303741455,1.4681469202041626
1710536803601737486,9.760902404785156,-1.1388317346572876,1.460961937904358
1710536803640630267,9.741742134094238,-1.2046948671340942,1.4597643613815308
1710536803676476281,9.74533462524414,-1.2142748832702637,1.4633569717407227
1710536803697293356,9.708211898803711,-1.2298425436019897,1.5399975776672363
1710536803728870167,9.740544319152832,-1.2286449670791626,1.4477893114089966
1710536803735019224,9.707014083862305,-1.2238550186157227,1.5567626953125
1710536803764497192,9.760902404785156,-1.2861255407333374,1.4034814834594727
1710536803779023099,9.71419906616211,-1.3064831495285034,1.511257290840149
1710536803802679692,9.740544319152832,-1.1268566846847534,1.5316150188446045
1710536803816858920,9.710606575012207,-1.2561877965927124,1.5076647996902466
1710536803867244354,9.775272369384766,-1.3891112804412842,1.4286291599273682
1710536803871341051,9.717791557312012,-1.1891272068023682,1.517244815826416
1710536803892820431,9.729766845703125,-1.3040881156921387,1.4453942775726318
1710536803917850142,9.768087387084961,-1.302890658378601,1.4346166849136353
1710536803949283283,9.7094087600708,-1.2837305068969727,1.5196398496627808
1710536803955568600,9.703421592712402,-1.2106823921203613,1.4753320217132568
1710536803978704411,9.800419807434082,-1.3184581995010376,1.3903088569641113
1710536804000382753,9.735754013061523,-1.2585827112197876,1.4549744129180908
1710536804037946219,9.733359336853027,-1.3519885540008545,1.431024193763733
1710536804052294373,9.718989372253418,-1.1687694787979126,1.5244299173355103
1710536804075467493,9.683063507080078,-1.3304333686828613,1.520837426185608
1710536804100734596,9.728569030761719,-1.157991886138916,1.4585669040679932
1710536804117559472,9.698631286621094,-1.4082714319229126,1.49688720703125
1710536804167833489,9.717791557312012,-1.281335473060608,1.4956897497177124
1710536804231163697,9.746532440185547,-1.147214412689209,1.4717395305633545
1710536804262706867,9.747729301452637,-1.0861413478851318,1.4597643613815308
1710536804271103704,9.715396881103516,-1.3495935201644897,1.511257290840149
1710536804294293533,9.727372169494629,-1.2789404392242432,1.487307071685791
1710536804302643016,9.718989372253418,-1.2561877965927124,1.4932947158813477
1710536804323621717,9.739346504211426,-1.1041040420532227,1.4897021055221558
1710536804351091136,9.735754013061523,-1.272952914237976,1.5088622570037842
1710536804380254910,9.692644119262695,-1.337618350982666,1.5352075099945068
1710536804409413803,9.732161521911621,-1.167572021484375,1.5016772747039795
1710536804477437634,9.656719207763672,-1.227447509765625,1.6717236042022705
1710536804525801291,9.64953327178955,-1.3651611804962158,1.636995792388916
1710536804554766977,9.684261322021484,-1.4322216510772705,1.5388000011444092
1710536804571489681,9.748927116394043,-1.2142748832702637,1.4322216510772705
1710536804586179393,9.710606575012207,-1.2992980480194092,1.4441968202590942
1710536804606938890,9.701026916503906,-1.2561877965927124,1.5735278129577637
1710536804619570076,9.71419906616211,-1.3136682510375977,1.5340100526809692
1710536804642864446,9.67707633972168,-1.3986914157867432,1.490899682044983
1710536804682687150,9.656719207763672,-1.183139681816101,1.5831079483032227
1710536804710112247,9.770482063293457,-1.1795470714569092,1.4645544290542603
1710536804716363982,9.715396881103516,-1.1340417861938477,1.5052697658538818
1710536804732952391,9.730964660644531,-1.293310523033142,1.401086449623108
1710536804817176473,9.703421592712402,-1.207089900970459,1.566342830657959
1710536804833949010,9.727372169494629,-1.2262500524520874,1.5495775938034058
1710536804855078844,9.701026916503906,-1.3663586378097534,1.476529598236084
1710536804897175400,9.727372169494629,-1.2262500524520874,1.5160473585128784
1710536804924523070,9.708211898803711,-1.3807287216186523,1.4861096143722534
1710536804941235417,9.739346504211426,-1.2981005907058716,1.4286291599273682
1710536804972733058,9.738149642944336,-1.2238550186157227,1.5136523246765137
1710536804987425576,9.692644119262695,-1.2885204553604126,1.5100598335266113
1710536805014814865,9.723779678344727,-1.2346326112747192,1.502874732017517
1710536805044277374,9.698631286621094,-1.353186011314392,1.550775170326233
1710536805096834743,9.739346504211426,-1.3040881156921387,1.407073974609375
1710536805101254673,9.716594696044922,-1.2957055568695068,1.5100598335266113
1710536805128358340,9.747729301452637,-1.2597802877426147,1.4657520055770874
1710536805151328341,9.703421592712402,-1.271755337715149,1.5388000011444092
1710536805161838081,9.707014083862305,-1.2609777450561523,1.526824951171875
1710536805229289960,9.733359336853027,-1.3004956245422363,1.4885046482086182
1710536805235535908,9.717791557312012,-1.2897180318832397,1.4585669040679932
1710536805248263918,9.732161521911621,-1.2226574420928955,1.5399975776672363
1710536805292306695,9.717791557312012,-1.2490026950836182,1.4621593952178955
1710536805294397481,9.751321792602539,-1.2525951862335205,1.431024193763733
1710536805351218678,9.72258186340332,-1.251397728919983,1.511257290840149
1710536805370156338,9.724976539611816,-1.2310400009155273,1.526824951171875
1710536805380519495,9.73695182800293,-1.207089900970459,1.4441968202590942
1710536805540393018,9.708211898803711,-1.3460010290145874,1.506467342376709
1710536805544649066,9.741742134094238,-1.1268566846847534,1.4717395305633545
1710536805573777328,9.717791557312012,-1.2106823921203613,1.490899682044983
1710536805678998428,9.705816268920898,-1.281335473060608,1.511257290840149
1710536805693455670,9.707014083862305,-1.2609777450561523,1.5148499011993408
1710536805714614080,9.707014083862305,-1.2621753215789795,1.517244815826416
1710536805754574042,9.735754013061523,-1.2765454053878784,1.4453942775726318
1710536805784199588,9.735754013061523,-1.2765454053878784,1.4453942775726318
1710536805821612259,9.724976539611816,-1.2861255407333374,1.4897021055221558
1710536805849066252,9.734557151794434,-1.2549902200698853,1.4837145805358887
1710536805853079550,9.724976539611816,-1.2058923244476318,1.4789245128631592
1710536805865901852,9.703421592712402,-1.347198486328125,1.4717395305633545
1710536805886813443,9.738149642944336,-1.2597802877426147,1.431024193763733
1710536805912072677,9.718989372253418,-1.3052856922149658,1.4789245128631592
1710536805933087664,9.73695182800293,-1.3280383348464966,1.451381802558899
1710536805975070669,9.713001251220703,-1.266965389251709,1.5076647996902466
1710536805983508307,9.726174354553223,-1.2406201362609863,1.4920971393585205
1710536806002813042,9.720187187194824,-1.266965389251709,1.4944921731948853
1710536806017465064,9.738149642944336,-1.2022998332977295,1.4849121570587158
1710536806034343630,9.705816268920898,-1.2262500524520874,1.542392611503601
1710536806065800687,9.716594696044922,-1.332828402519226,1.502874732017517
1710536806093137315,9.75012493133545,-1.2106823921203613,1.442999243736267
1710536806145723367,9.734557151794434,-1.2825329303741455,1.4406042098999023
1710536806177303932,9.720187187194824,-1.2681628465652466,1.472936987876892
1710536806213117493,9.7094087600708,-1.2310400009155273,1.517244815826416
1710536806280256960,9.726174354553223,-1.2693603038787842,1.487307071685791
1710536806303347240,9.713001251220703,-1.3352234363555908,1.4633569717407227
1710536806324379183,9.711804389953613,-1.2849279642105103,1.5040723085403442
1710536806351659878,9.710606575012207,-1.2322375774383545,1.517244815826416
1710536806399907734,9.72258186340332,-1.2298425436019897,1.490899682044983
1710536806444213343,9.716594696044922,-1.2166699171066284,1.5148499011993408
1710536806486260024,9.6998291015625,-1.3052856922149658,1.4885046482086182
1710536806570257043,9.716594696044922,-1.203497290611267,1.5100598335266113
1710536806572174606,9.708211898803711,-1.2609777450561523,1.4633569717407227
1710536806576313169,9.71419906616211,-1.272952914237976,1.4920971393585205
1710536806591001024,9.716594696044922,-1.2765454053878784,1.4885046482086182
1710536806616419021,9.732161521911621,-1.25738525390625,1.457369327545166
1710536806624551976,9.732161521911621,-1.25738525390625,1.457369327545166
1710536806654105771,9.7094087600708,-1.2741503715515137,1.5232324600219727
1710536806681652533,9.735754013061523,-1.2466076612472534,1.4932947158813477
1710536806696542181,9.730964660644531,-1.237027645111084,1.4944921731948853
1710536806723704728,9.71419906616211,-1.2585827112197876,1.5184423923492432
1710536806736306916,9.723779678344727,-1.2382251024246216,1.4980846643447876
1710536806748976734,9.724976539611816,-1.2454102039337158,1.4717395305633545
1710536806772185766,9.715396881103516,-1.266965389251709,1.4861096143722534
1710536806780593845,9.715396881103516,-1.3124706745147705,1.502874732017517
1710536806802936022,9.746532440185547,-1.281335473060608,1.466949462890625
1710536806816149278,9.735754013061523,-1.2765454053878784,1.476529598236084
1710536806828831436,9.727372169494629,-1.272952914237976,1.481319546699524
1710536806860175582,9.726174354553223,-1.2705578804016113,1.4705419540405273
1710536806877327708,9.733359336853027,-1.237027645111084,1.5160473585128784
1710536806913034360,9.740544319152832,-1.147214412689209,1.4920971393585205
1710536806923806978,9.723779678344727,-1.2657678127288818,1.5016772747039795
1710536806936386512,9.724976539611816,-1.2046948671340942,1.5148499011993408
1710536807002322235,9.711804389953613,-1.2957055568695068,1.5196398496627808
1710536807005546987,9.711804389953613,-1.2645703554153442,1.511257290840149
1710536807026689573,9.746532440185547,-1.221459984779358,1.4597643613815308
1710536807043370062,9.718989372253418,-1.177152156829834,1.5040723085403442
1710536807055906167,9.707014083862305,-1.2442126274108887,1.4801220893859863
1710536807070973792,9.711804389953613,-1.2561877965927124,1.4944921731948853
1710536807089722620,9.728569030761719,-1.213077425956726,1.466949462890625
1710536807123419963,9.692644119262695,-1.3088781833648682,1.5256274938583374
1710536807148448769,9.732161521911621,-1.2861255407333374,1.4477893114089966
1710536807177984743,9.718989372253418,-1.2322375774383545,1.5016772747039795
1710536807202130620,9.704619407653809,-1.3723461627960205,1.487307071685791
1710536807222130909,9.716594696044922,-1.3004956245422363,1.4837145805358887
1710536807228559396,9.716594696044922,-1.2286449670791626,1.4717395305633545
1710536807247286531,9.707014083862305,-1.2909154891967773,1.512454867362976
1710536807268438358,9.729766845703125,-1.2801378965377808,1.4801220893859863
1710536807304475429,9.717791557312012,-1.2466076612472534,1.511257290840149
1710536807308465231,9.735754013061523,-1.2358300685882568,1.4202466011047363
1710536807315359494,9.723779678344727,-1.2490026950836182,1.4944921731948853
1710536807344397191,9.738149642944336,-1.266965389251709,1.4885046482086182
1710536807356853042,9.728569030761719,-1.251397728919983,1.4861096143722534
1710536807386227997,9.727372169494629,-1.337618350982666,1.4633569717407227
1710536807434749104,9.674681663513184,-1.3208532333374023,1.5651452541351318
1710536807460180798,9.740544319152832,-1.2645703554153442,1.4621593952178955
1710536807493549615,9.71419906616211,-1.2801378965377808,1.5304174423217773
1710536807531636856,9.7094087600708,-1.2945080995559692,1.5016772747039795
1710536807552486485,9.739346504211426,-1.191522240638733,1.4681469202041626
1710536807571423713,9.716594696044922,-1.293310523033142,1.5004796981811523
1710536807623745909,9.732161521911621,-1.2597802877426147,1.5088622570037842
1710536807636576090,9.730964660644531,-1.1484118700027466,1.4741345643997192
1710536807655260777,9.705816268920898,-1.2490026950836182,1.547182559967041
1710536807691302912,9.707014083862305,-1.3160632848739624,1.4861096143722534
1710536807804299914,9.710606575012207,-1.251397728919983,1.512454867362976
1710536807811065069,9.717791557312012,-1.3100756406784058,1.4885046482086182
1710536807836121782,9.713001251220703,-1.207089900970459,1.536405086517334
1710536807882479607,9.735754013061523,-1.367556095123291,1.4477893114089966
1710536807912258894,9.703421592712402,-1.2909154891967773,1.5376025438308716
1710536807952202303,9.707014083862305,-1.243015170097351,1.5495775938034058
1710536807985704470,9.689051628112793,-1.2789404392242432,1.517244815826416
1710536808061543241,9.701026916503906,-1.2537927627563477,1.5148499011993408
1710536808063683975,9.733359336853027,-1.241817593574524,1.4501843452453613
1710536808072074740,9.715396881103516,-1.2106823921203613,1.4621593952178955
1710536808078319196,9.703421592712402,-1.2705578804016113,1.4956897497177124
1710536808122557863,9.74533462524414,-1.2525951862335205,1.4477893114089966
1710536808128887865,9.713001251220703,-1.2250524759292603,1.4861096143722534
1710536808137434464,9.713001251220703,-1.2490026950836182,1.5076647996902466
1710536808160496005,9.708211898803711,-1.2897180318832397,1.5016772747039795
1710536808169022723,9.724976539611816,-1.2921130657196045,1.4705419540405273
1710536808191881004,9.711804389953613,-1.243015170097351,1.512454867362976
1710536808236285334,9.733359336853027,-1.233435034751892,1.4657520055770874
1710536808278547095,9.710606575012207,-1.2681628465652466,1.4885046482086182
1710536808286773023,9.721384048461914,-1.2502001523971558,1.4980846643447876
1710536808293220396,9.728569030761719,-1.2885204553604126,1.457369327545166
1710536808310076963,9.746532440185547,-1.307680606842041,1.416654109954834
1710536808320420806,9.742938995361328,-1.2549902200698853,1.476529598236084
1710536808379240579,9.718989372253418,-1.271755337715149,1.4801220893859863
1710536808433867009,9.729766845703125,-1.2741503715515137,1.5004796981811523
1710536808457280208,9.747729301452637,-1.2226574420928955,1.4885046482086182
1710536808478280389,9.742938995361328,-1.296903133392334,1.5100598335266113
1710536808497307195,9.708211898803711,-1.2250524759292603,1.490899682044983
1710536808528877945,9.711804389953613,-1.263372778892517,1.5184423923492432
1710536808554113852,9.7094087600708,-1.2645703554153442,1.5052697658538818
1710536808583519006,9.751321792602539,-1.2801378965377808,1.4705419540405273
1710536808610869142,9.732161521911621,-1.2525951862335205,1.4920971393585205
1710536808724334250,9.726174354553223,-1.2789404392242432,1.4777270555496216
1710536808747539381,9.735754013061523,-1.2502001523971558,1.4944921731948853
1710536808791685250,9.717791557312012,-1.2825329303741455,1.4849121570587158
1710536808825368962,9.716594696044922,-1.3004956245422363,1.4441968202590942
1710536808865538216,9.713001251220703,-1.2454102039337158,1.5076647996902466
1710536808867661685,9.733359336853027,-1.2681628465652466,1.4789245128631592
1710536808890813824,9.71419906616211,-1.263372778892517,1.490899682044983
1710536808916347029,9.711804389953613,-1.2585827112197876,1.5040723085403442
1710536808968756064,9.711804389953613,-1.2801378965377808,1.4956897497177124
1710536808973105375,9.713001251220703,-1.2765454053878784,1.502874732017517
1710536808997448689,9.72258186340332,-1.2621753215789795,1.5100598335266113
1710536809019200392,9.723779678344727,-1.2466076612472534,1.4980846643447876
1710536809050969151,9.738149642944336,-1.2190649509429932,1.49688720703125
1710536809090822555,9.718989372253418,-1.2394225597381592,1.517244815826416
1710536809097164662,9.720187187194824,-1.2490026950836182,1.487307071685791
1710536809109693781,9.726174354553223,-1.2705578804016113,1.490899682044983
1710536809130825962,9.715396881103516,-1.2190649509429932,1.4849121570587158
1710536809172614232,9.7094087600708,-1.272952914237976,1.490899682044983
1710536809208412016,9.7094087600708,-1.3124706745147705,1.4717395305633545
1710536809246118404,9.717791557312012,-1.271755337715149,1.4549744129180908
1710536809256731415,9.718989372253418,-1.2394225597381592,1.4861096143722534
1710536809269458039,9.723779678344727,-1.2561877965927124,1.476529598236084
1710536809288138576,9.728569030761719,-1.2406201362609863,1.472936987876892
1710536809315429779,9.717791557312012,-1.2609777450561523,1.476529598236084
1710536809342924625,9.713001251220703,-1.243015170097351,1.4956897497177124
1710536809349094121,9.713001251220703,-1.243015170097351,1.4956897497177124
1710536809383489495,9.739346504211426,-1.263372778892517,1.4789245128631592
1710536809389050701,9.720187187194824,-1.2238550186157227,1.4920971393585205
1710536809430957333,9.713001251220703,-1.2921130657196045,1.5004796981811523
1710536809452195749,9.721384048461914,-1.251397728919983,1.4406042098999023
1710536809479871014,9.73695182800293,-1.2645703554153442,1.4094690084457397
1710536809498573814,9.707014083862305,-1.25738525390625,1.5256274938583374
1710536809515873073,9.711804389953613,-1.3280383348464966,1.5100598335266113
1710536809547929219,9.686656951904297,-1.3148657083511353,1.5100598335266113
1710536809572369873,9.707014083862305,-1.207089900970459,1.5100598335266113
1710536809586792503,9.730964660644531,-1.2825329303741455,1.472936987876892
1710536809609886577,9.734557151794434,-1.2537927627563477,1.472936987876892
1710536809618212320,9.704619407653809,-1.2154724597930908,1.5388000011444092
1710536809635133446,9.718989372253418,-1.187929630279541,1.481319546699524
1710536809677169699,9.728569030761719,-1.277742862701416,1.5148499011993408
1710536809712709979,9.715396881103516,-1.3879138231277466,1.4190490245819092
1710536809727612221,9.710606575012207,-1.2346326112747192,1.4956897497177124
1710536809736063293,9.762099266052246,-1.243015170097351,1.4334192276000977
1710536809757015519,9.6998291015625,-1.241817593574524,1.502874732017517
1710536809803123845,9.742938995361328,-1.1939172744750977,1.4801220893859863
1710536809855533023,9.710606575012207,-1.25738525390625,1.451381802558899
1710536809878711189,9.718989372253418,-1.266965389251709,1.5148499011993408
1710536809910016719,9.718989372253418,-1.2693603038787842,1.4885046482086182
1710536809952124486,9.741742134094238,-1.2849279642105103,1.4705419540405273
1710536809981556024,9.728569030761719,-1.221459984779358,1.511257290840149
1710536810061500222,9.730964660644531,-1.2657678127288818,1.482517123222351
1710536810084734780,9.739346504211426,-1.2992980480194092,1.446591854095459
1710536810099356845,9.733359336853027,-1.277742862701416,1.4657520055770874
1710536810112096178,9.744136810302734,-1.2921130657196045,1.482517123222351
1710536810133221279,9.72258186340332,-1.2681628465652466,1.4741345643997192
1710536810164813922,9.723779678344727,-1.2346326112747192,1.4837145805358887
1710536810205258783,9.705816268920898,-1.211879849433899,1.517244815826416
1710536810232054392,9.735754013061523,-1.153201937675476,1.4693444967269897
1710536810261438191,9.735754013061523,-1.251397728919983,1.4346166849136353
1710536810297146687,9.739346504211426,-1.2921130657196045,1.3986914157867432
1710536810307603589,9.705816268920898,-1.362766146659851,1.5148499011993408
1710536810330954887,9.741742134094238,-1.2681628465652466,1.4849121570587158
1710536810353818920,9.708211898803711,-1.2753479480743408,1.5232324600219727
1710536810403166180,9.711804389953613,-1.3292357921600342,1.4358142614364624
1710536810412550393,9.716594696044922,-1.2454102039337158,1.4932947158813477
1710536810425249637,9.708211898803711,-1.296903133392334,1.5052697658538818
1710536810454606550,9.744136810302734,-1.2142748832702637,1.482517123222351
1710536810492546551,9.732161521911621,-1.197509765625,1.487307071685791
1710536810507253410,9.72258186340332,-1.293310523033142,1.4561718702316284
1710536810530344279,9.735754013061523,-1.2046948671340942,1.4849121570587158
1710536810536607647,9.723779678344727,-1.2861255407333374,1.4992822408676147
1710536810576622833,9.727372169494629,-1.0298583507537842,1.407073974609375
1710536810580768341,9.72258186340332,-1.2046948671340942,1.476529598236084
1710536810593183418,9.724976539611816,-1.217867374420166,1.4861096143722534
1710536810612571469,9.711804389953613,-1.2298425436019897,1.4885046482086182
1710536810635555803,9.6998291015625,-1.3424084186553955,1.5256274938583374
1710536810652268648,9.707014083862305,-1.2022998332977295,1.4992822408676147
1710536810667025379,9.710606575012207,-1.2801378965377808,1.4897021055221558
1710536810689936936,9.71419906616211,-1.3352234363555908,1.4382091760635376
1710536810713006333,9.717791557312012,-1.181942105293274,1.460961937904358
1710536810740378293,9.726174354553223,-1.1651769876480103,1.5052697658538818
1710536810753005184,9.726174354553223,-1.4717395305633545,1.452579379081726
1710536810757318426,9.708211898803711,-1.3292357921600342,1.5052697658538818
1710536810769863349,9.697434425354004,-1.3735437393188477,1.5100598335266113
1710536810775976352,9.705816268920898,-1.3759387731552124,1.487307071685791
1710536810802911179,9.703421592712402,-1.3100756406784058,1.512454867362976
1710536810805521812,9.718989372253418,-1.2106823921203613,1.481319546699524
1710536810816017177,9.73695182800293,-1.2094848155975342,1.4382091760635376
1710536810847550682,9.734557151794434,-1.233435034751892,1.4861096143722534
1710536810853929789,9.726174354553223,-1.2945080995559692,1.4561718702316284
1710536810883347735,9.689051628112793,-1.3400133848190308,1.5088622570037842
1710536810904353812,9.718989372253418,-1.2957055568695068,1.421444058418274
1710536810933846388,9.728569030761719,-1.271755337715149,1.4932947158813477
1710536810944425108,9.733359336853027,-1.2058923244476318,1.487307071685791
1710536810977721049,9.73695182800293,-1.2801378965377808,1.5136523246765137
1710536811013523974,9.710606575012207,-1.2753479480743408,1.5435900688171387
1710536811028294815,9.739346504211426,-1.2442126274108887,1.427431583404541
1710536811040705436,9.720187187194824,-1.263372778892517,1.512454867362976
1710536811051257226,9.701026916503906,-1.2957055568695068,1.5016772747039795
1710536811086893986,9.715396881103516,-1.266965389251709,1.4992822408676147
1710536811116858172,9.739346504211426,-1.227447509765625,1.4549744129180908
1710536811175261440,9.72258186340332,-1.2382251024246216,1.4801220893859863
1710536811272216386,9.698631286621094,-1.3340258598327637,1.4885046482086182
1710536811297282727,9.735754013061523,-1.1651769876480103,1.4777270555496216
1710536811301550902,9.740544319152832,-1.2957055568695068,1.4501843452453613
1710536811316255570,9.687853813171387,-1.3519885540008545,1.5256274938583374
1710536811349931586,9.713001251220703,-1.341210961341858,1.4717395305633545
1710536811400487674,9.752519607543945,-1.3244458436965942,1.4418017864227295
1710536811425218084,9.703421592712402,-1.2885204553604126,1.5100598335266113
1710536811440327622,9.728569030761719,-1.3400133848190308,1.4944921731948853
1710536811463286301,9.724976539611816,-1.1999047994613647,1.4920971393585205
1710536811475934359,9.730964660644531,-1.2609777450561523,1.466949462890625
1710536811509700474,9.72258186340332,-1.2442126274108887,1.4932947158813477
1710536811530650347,9.720187187194824,-1.2298425436019897,1.4932947158813477
1710536811549679727,9.730964660644531,-1.3100756406784058,1.4501843452453613
1710536811585461426,9.738149642944336,-1.213077425956726,1.4849121570587158
1710536811591764252,9.6998291015625,-1.302890658378601,1.506467342376709
1710536811614980322,9.738149642944336,-1.1963123083114624,1.4681469202041626
1710536811631831086,9.732161521911621,-1.2825329303741455,1.452579379081726
1710536811648753287,9.724976539611816,-1.2549902200698853,1.4753320217132568
1710536811667661887,9.741742134094238,-1.2154724597930908,1.4549744129180908
1710536811686454149,9.72258186340332,-1.2705578804016113,1.4992822408676147
1710536811724540588,9.734557151794434,-1.2681628465652466,1.4681469202041626
1710536811762510182,9.75970458984375,-1.2537927627563477,1.4489867687225342
1710536811777084575,9.724976539611816,-1.287322998046875,1.4920971393585205
1710536811802319209,9.708211898803711,-1.2801378965377808,1.4932947158813477
1710536811814963130,9.747729301452637,-1.2825329303741455,1.452579379081726
1710536811829432065,9.701026916503906,-1.271755337715149,1.5100598335266113
1710536811859239657,9.705816268920898,-1.2597802877426147,1.5220348834991455
1710536811920058296,9.727372169494629,-1.2885204553604126,1.476529598236084
1710536811924149326,9.72258186340332,-1.2406201362609863,1.5004796981811523
1710536811947457483,9.724976539611816,-1.3244458436965942,1.4861096143722534
1710536811960070488,9.718989372253418,-1.1999047994613647,1.4837145805358887
1710536811974597066,9.727372169494629,-1.2142748832702637,1.5052697658538818
1710536811987276266,9.72258186340332,-1.3136682510375977,1.4597643613815308
1710536812033362349,9.711804389953613,-1.3400133848190308,1.4621593952178955
1710536812050389669,9.729766845703125,-1.207089900970459,1.5196398496627808
1710536812067044797,9.6998291015625,-1.281335473060608,1.5579601526260376
1710536812081809783,9.716594696044922,-1.332828402519226,1.457369327545166
1710536812096604462,9.713001251220703,-1.272952914237976,1.5316150188446045
1710536812102908991,9.747729301452637,-1.177152156829834,1.5004796981811523
1710536812115853897,9.71419906616211,-1.2849279642105103,1.4920971393585205
1710536812140899425,9.721384048461914,-1.2442126274108887,1.5196398496627808
1710536812203639239,9.71419906616211,-1.2561877965927124,1.4992822408676147
1710536812230920675,9.710606575012207,-1.296903133392334,1.4980846643447876
1710536812294173965,9.74533462524414,-1.2058923244476318,1.4645544290542603
1710536812310963556,9.734557151794434,-1.263372778892517,1.4885046482086182
1710536812323582484,9.732161521911621,-1.2861255407333374,1.4741345643997192
1710536812344649056,9.734557151794434,-1.2358300685882568,1.4920971393585205
1710536812350860507,9.71419906616211,-1.2226574420928955,1.4980846643447876
1710536812369899495,9.710606575012207,-1.3208532333374023,1.5136523246765137
1710536812390764667,9.713001251220703,-1.2502001523971558,1.502874732017517
1710536812401727271,9.707014083862305,-1.2705578804016113,1.5220348834991455
1710536812420197572,9.735754013061523,-1.1867321729660034,1.4537768363952637
1710536812441617223,9.71419906616211,-1.2166699171066284,1.5088622570037842
1710536812445516010,9.713001251220703,-1.251397728919983,1.4861096143722534
1710536812451837664,9.738149642944336,-1.2406201362609863,1.472936987876892
1710536812479114400,9.71419906616211,-1.25738525390625,1.502874732017517
1710536812489644097,9.723779678344727,-1.2346326112747192,1.4789245128631592
1710536812504589205,9.730964660644531,-1.263372778892517,1.4453942775726318
1710536812531643815,9.720187187194824,-1.302890658378601,1.4741345643997192
1710536812542229663,9.723779678344727,-1.263372778892517,1.4741345643997192
1710536812563424311,9.715396881103516,-1.2597802877426147,1.5435900688171387
1710536812571781839,9.703421592712402,-1.331630825996399,1.4897021055221558
1710536812588457101,9.711804389953613,-1.272952914237976,1.5088622570037842
1710536812602285515,9.733359336853027,-1.2406201362609863,1.4681469202041626
1710536812620113392,9.733359336853027,-1.2406201362609863,1.4681469202041626
1710536812642900767,9.726174354553223,-1.2609777450561523,1.466949462890625
1710536812731335043,9.711804389953613,-1.2394225597381592,1.5184423923492432
1710536812768980597,9.718989372253418,-1.2753479480743408,1.49688720703125
1710536812775440059,9.721384048461914,-1.263372778892517,1.4741345643997192
1710536812811087487,9.710606575012207,-1.2226574420928955,1.466949462890625
1710536812857445040,9.7094087600708,-1.2849279642105103,1.4705419540405273
1710536812865784548,9.730964660644531,-1.2765454053878784,1.511257290840149
1710536812918134306,9.741742134094238,-1.2885204553604126,1.472936987876892
1710536812960288290,9.711804389953613,-1.2693603038787842,1.490899682044983
1710536812966671230,9.715396881103516,-1.2885204553604126,1.4944921731948853
1710536812970698788,9.724976539611816,-1.2166699171066284,1.4789245128631592
1710536813002649501,9.726174354553223,-1.2561877965927124,1.482517123222351
1710536813021196667,9.710606575012207,-1.2837305068969727,1.5088622570037842
1710536813092620477,9.7094087600708,-1.263372778892517,1.4633569717407227
1710536813103019591,9.723779678344727,-1.2298425436019897,1.4741345643997192
1710536813147395788,9.721384048461914,-1.3280383348464966,1.481319546699524
1710536813168327808,9.733359336853027,-1.2166699171066284,1.4705419540405273
1710536813178727885,9.733359336853027,-1.2166699171066284,1.4705419540405273
1710536813210224543,9.708211898803711,-1.307680606842041,1.5040723085403442
1710536813229252101,9.717791557312012,-1.2502001523971558,1.4956897497177124
1710536813235604595,9.751321792602539,-1.2166699171066284,1.4717395305633545
1710536813239751116,9.727372169494629,-1.3100756406784058,1.4897021055221558
1710536813267081916,9.738149642944336,-1.2394225597381592,1.446591854095459
1710536813288119197,9.711804389953613,-1.2442126274108887,1.5088622570037842
1710536813300966161,9.741742134094238,-1.2657678127288818,1.4322216510772705
1710536813336584861,9.718989372253418,-1.2861255407333374,1.4992822408676147
1710536813351611068,9.715396881103516,-1.281335473060608,1.457369327545166
1710536813368195283,9.726174354553223,-1.2490026950836182,1.5088622570037842
1710536813378603905,9.721384048461914,-1.293310523033142,1.4741345643997192
1710536813393221199,9.711804389953613,-1.3004956245422363,1.4980846643447876
1710536813405769335,9.726174354553223,-1.227447509765625,1.4837145805358887
1710536813418452127,9.711804389953613,-1.2549902200698853,1.5100598335266113
1710536813450010154,9.753717422485352,-1.2609777450561523,1.4789245128631592
1710536813471004084,9.721384048461914,-1.2346326112747192,1.4789245128631592
1710536813494201273,9.720187187194824,-1.287322998046875,1.4777270555496216
1710536813506786359,9.724976539611816,-1.2693603038787842,1.5004796981811523
1710536813538206876,9.741742134094238,-1.2286449670791626,1.4741345643997192
1710536813571874694,9.728569030761719,-1.2849279642105103,1.476529598236084
1710536813620304264,9.721384048461914,-1.2741503715515137,1.4980846643447876
1710536813622573463,9.74533462524414,-1.181942105293274,1.4789245128631592
1710536813643295219,9.763297080993652,-1.2358300685882568,1.4789245128631592
1710536813649887061,9.734557151794434,-1.2250524759292603,1.4789245128631592
1710536813664472608,9.715396881103516,-1.2885204553604126,1.4897021055221558
1710536813681111994,9.730964660644531,-1.2885204553604126,1.5076647996902466
1710536813693758773,9.710606575012207,-1.277742862701416,1.5004796981811523
1710536813725513713,9.728569030761719,-1.2909154891967773,1.4549744129180908
1710536813750513218,9.730964660644531,-1.2298425436019897,1.482517123222351
1710536813778029989,9.729766845703125,-1.2909154891967773,1.487307071685791
1710536813788478339,9.729766845703125,-1.2058923244476318,1.4849121570587158
1710536813815863646,9.726174354553223,-1.2861255407333374,1.517244815826416
1710536813832640511,9.720187187194824,-1.2549902200698853,1.502874732017517
1710536813843102945,9.734557151794434,-1.251397728919983,1.4705419540405273
1710536813868526365,9.724976539611816,-1.247805118560791,1.517244815826416
1710536813877019655,9.710606575012207,-1.2741503715515137,1.517244815826416
1710536813921252899,9.711804389953613,-1.266965389251709,1.5052697658538818
1710536813923246915,9.72258186340332,-1.2621753215789795,1.4956897497177124
1710536813942065226,9.716594696044922,-1.2992980480194092,1.4849121570587158
1710536813967341526,9.716594696044922,-1.2657678127288818,1.4849121570587158
1710536814005053602,9.735754013061523,-1.2322375774383545,1.4920971393585205
1710536814019738109,9.710606575012207,-1.3304333686828613,1.4920971393585205
1710536814049478205,9.720187187194824,-1.2621753215789795,1.4753320217132568
1710536814087328332,9.724976539611816,-1.2825329303741455,1.4956897497177124
1710536814127432512,9.730964660644531,-1.2597802877426147,1.4837145805358887
1710536814131589905,9.72258186340332,-1.2957055568695068,1.512454867362976
1710536814150681462,9.717791557312012,-1.272952914237976,1.5184423923492432
1710536814158946922,9.711804389953613,-1.2909154891967773,1.5076647996902466
1710536814169496558,9.711804389953613,-1.2454102039337158,1.502874732017517
1710536814192618819,9.724976539611816,-1.2837305068969727,1.487307071685791
1710536814316647527,9.72258186340332,-1.2837305068969727,1.4849121570587158
1710536814329293736,9.724976539611816,-1.25738525390625,1.481319546699524
1710536814339741944,9.723779678344727,-1.271755337715149,1.476529598236084
1710536814365094151,9.71419906616211,-1.2490026950836182,1.520837426185608
1710536814392327797,9.710606575012207,-1.2753479480743408,1.4777270555496216
1710536814430192961,9.744136810302734,-1.2681628465652466,1.4441968202590942
1710536814459749228,9.717791557312012,-1.2825329303741455,1.472936987876892
1710536814472339913,9.705816268920898,-1.277742862701416,1.5196398496627808
1710536814493313158,9.6998291015625,-1.302890658378601,1.512454867362976
1710536814510131561,9.708211898803711,-1.277742862701416,1.4885046482086182
1710536814529077480,9.708211898803711,-1.25738525390625,1.5004796981811523
1710536814541643090,9.721384048461914,-1.302890658378601,1.487307071685791
1710536814564735159,9.723779678344727,-1.2681628465652466,1.487307071685791
1710536814602720073,9.716594696044922,-1.2262500524520874,1.5016772747039795
1710536814640113046,9.698631286621094,-1.293310523033142,1.5196398496627808
1710536814677968275,9.720187187194824,-1.2298425436019897,1.5052697658538818
1710536814682152548,9.721384048461914,-1.2861255407333374,1.452579379081726
1710536814707324277,9.718989372253418,-1.281335473060608,1.487307071685791
1710536814724304078,9.711804389953613,-1.2609777450561523,1.5004796981811523
1710536814745210388,9.721384048461914,-1.2442126274108887,1.5100598335266113
1710536814764089958,9.696236610412598,-1.243015170097351,1.5256274938583374
1710536814768158939,9.696236610412598,-1.243015170097351,1.5256274938583374
1710536814789262845,9.711804389953613,-1.3519885540008545,1.4657520055770874
1710536814806183263,9.738149642944336,-1.2142748832702637,1.4861096143722534
1710536814820810681,9.730964660644531,-1.2502001523971558,1.4741345643997192
1710536814837686966,9.733359336853027,-1.2801378965377808,1.476529598236084
1710536814946690650,9.711804389953613,-1.3040881156921387,1.5088622570037842
1710536815018044308,9.727372169494629,-1.2609777450561523,1.4705419540405273
1710536815083243542,9.718989372253418,-1.2298425436019897,1.5088622570037842
1710536815110622841,9.74533462524414,-1.2190649509429932,1.526824951171875
1710536815137729118,9.740544319152832,-0.9268725514411926,1.4980846643447876
1710536815148412053,9.718989372253418,-1.2490026950836182,1.512454867362976
1710536815171797454,9.713001251220703,-1.2693603038787842,1.4980846643447876
1710536815200839128,9.726174354553223,-1.3124706745147705,1.5004796981811523
1710536815262184815,9.729766845703125,-1.2549902200698853,1.4885046482086182
1710536815272642997,9.748927116394043,-1.2909154891967773,1.490899682044983
1710536815329243424,9.71419906616211,-1.2897180318832397,1.502874732017517
1710536815331665628,9.741742134094238,-1.2454102039337158,1.481319546699524
1710536815337919254,9.710606575012207,-1.2945080995559692,1.5136523246765137
1710536815358999079,9.705816268920898,-1.287322998046875,1.5196398496627808
1710536815373415796,9.733359336853027,-1.227447509765625,1.4753320217132568
1710536815379978546,9.71419906616211,-1.2789404392242432,1.5100598335266113
1710536815390438893,9.710606575012207,-1.2909154891967773,1.502874732017517
1710536815413528350,9.716594696044922,-1.2657678127288818,1.5040723085403442
1710536815489254571,9.721384048461914,-1.307680606842041,1.4801220893859863
1710536815491293128,9.721384048461914,-1.307680606842041,1.4801220893859863
1710536815523570569,9.717791557312012,-1.2981005907058716,1.5004796981811523
1710536815552305387,9.724976539611816,-1.2094848155975342,1.4885046482086182
1710536815606612964,9.729766845703125,-1.3244458436965942,1.4849121570587158
1710536815610805714,9.734557151794434,-1.2537927627563477,1.4741345643997192
1710536815627764050,9.717791557312012,-1.2789404392242432,1.481319546699524
1710536815653128295,9.723779678344727,-1.2549902200698853,1.4861096143722534
1710536815669973530,9.727372169494629,-1.2358300685882568,1.4885046482086182
1710536815682615693,9.727372169494629,-1.2358300685882568,1.4885046482086182
1710536815697105735,9.713001251220703,-1.263372778892517,1.5088622570037842
1710536815703424545,9.732161521911621,-1.2657678127288818,1.4693444967269897
1710536815730771480,9.711804389953613,-1.2957055568695068,1.520837426185608
1710536815758204789,9.726174354553223,-1.277742862701416,1.4741345643997192
1710536815779145335,9.724976539611816,-1.2693603038787842,1.4885046482086182
1710536815804186621,9.740544319152832,-1.2597802877426147,1.4477893114089966
1710536815831433019,9.721384048461914,-1.2454102039337158,1.5100598335266113
1710536815844028750,9.713001251220703,-1.2705578804016113,1.4801220893859863
1710536815850386117,9.715396881103516,-1.272952914237976,1.4897021055221558
1710536815875691244,9.746532440185547,-1.217867374420166,1.4394067525863647
1710536815892702268,9.72258186340332,-1.2861255407333374,1.4801220893859863
1710536815905016533,9.728569030761719,-1.25738525390625,1.4705419540405273
1710536815911489094,9.735754013061523,-1.2202624082565308,1.4585669040679932
1710536815926178732,9.708211898803711,-1.2837305068969727,1.5244299173355103
1710536815947199565,9.71419906616211,-1.2346326112747192,1.4837145805358887
1710536815974438014,9.7094087600708,-1.3244458436965942,1.5304174423217773
1710536816014486335,9.72258186340332,-1.2885204553604126,1.4621593952178955
1710536816031117073,9.73695182800293,-1.2358300685882568,1.476529598236084
1710536816100885403,9.732161521911621,-1.2861255407333374,1.4789245128631592
1710536816128035351,9.710606575012207,-1.2382251024246216,1.482517123222351
1710536816140592763,9.727372169494629,-1.2106823921203613,1.4418017864227295
1710536816161529611,9.730964660644531,-1.2789404392242432,1.476529598236084
1710536816186894765,9.701026916503906,-1.2825329303741455,1.5232324600219727
1710536816202490281,9.701026916503906,-1.2825329303741455,1.5232324600219727
1710536816211997934,9.720187187194824,-1.301693081855774,1.457369327545166
1710536816252871172,9.747729301452637,-1.2322375774383545,1.4717395305633545
1710536816273178598,9.720187187194824,-1.3088781833648682,1.4944921731948853
1710536816283790993,9.713001251220703,-1.311273217201233,1.4932947158813477
1710536816300639819,9.720187187194824,-1.211879849433899,1.482517123222351
1710536816313290150,9.720187187194824,-1.211879849433899,1.482517123222351
1710536816365821276,9.708211898803711,-1.277742862701416,1.5280224084854126
1710536816401367412,9.703421592712402,-1.3124706745147705,1.490899682044983
1710536816441567843,9.710606575012207,-1.3064831495285034,1.506467342376709
1710536816446036362,9.71419906616211,-1.3172607421875,1.460961937904358
1710536816475516955,9.74533462524414,-1.2525951862335205,1.457369327545166
1710536816492174248,9.703421592712402,-1.2789404392242432,1.506467342376709
1710536816511140631,9.726174354553223,-1.2585827112197876,1.4789245128631592
1710536816522198830,9.713001251220703,-1.263372778892517,1.4801220893859863
1710536816530787723,9.715396881103516,-1.2945080995559692,1.482517123222351
1710536816576304905,9.715396881103516,-1.266965389251709,1.511257290840149
1710536816620465250,9.717791557312012,-1.2765454053878784,1.4885046482086182
1710536816649845023,9.744136810302734,-1.1891272068023682,1.4801220893859863
1710536816683582898,9.733359336853027,-1.2262500524520874,1.5040723085403442
1710536816706663148,9.73695182800293,-1.2765454053878784,1.4537768363952637
1710536816744649444,9.747729301452637,-1.2226574420928955,1.4334192276000977
1710536816793045143,9.724976539611816,-1.233435034751892,1.490899682044983
1710536816824578168,9.708211898803711,-1.2262500524520874,1.5292199850082397
1710536816904693521,9.726174354553223,-1.2358300685882568,1.472936987876892
1710536817004716041,9.740544319152832,-1.2861255407333374,1.4597643613815308
1710536817049842632,9.720187187194824,-1.2525951862335205,1.5076647996902466
1710536817057923213,9.72258186340332,-1.2262500524520874,1.5292199850082397
1710536817119251596,9.739346504211426,-1.2454102039337158,1.457369327545166
1710536817148532853,9.707014083862305,-1.2262500524520874,1.4992822408676147
1710536817161139817,9.701026916503906,-1.2561877965927124,1.5316150188446045
1710536817201200088,9.713001251220703,-1.3388159275054932,1.4932947158813477
1710536817220150878,9.726174354553223,-1.2346326112747192,1.5088622570037842
1710536817234763152,9.733359336853027,-1.2406201362609863,1.5016772747039795
1710536817258033682,9.720187187194824,-1.347198486328125,1.4741345643997192
1710536817272639311,9.711804389953613,-1.2561877965927124,1.5160473585128784
1710536817295821108,9.739346504211426,-1.2406201362609863,1.481319546699524
1710536817310503990,9.6998291015625,-1.3196557760238647,1.5160473585128784
1710536817360877087,9.733359336853027,-1.3184581995010376,1.482517123222351
1710536817386243557,9.723779678344727,-1.2238550186157227,1.520837426185608
1710536817403020286,9.705816268920898,-1.3483959436416626,1.517244815826416
1710536817422016236,9.729766845703125,-1.2346326112747192,1.482517123222351
1710536817443053662,9.716594696044922,-1.2597802877426147,1.4920971393585205
1710536817463926727,9.7094087600708,-1.2909154891967773,1.512454867362976
1710536817474424952,9.734557151794434,-1.25738525390625,1.4861096143722534
1710536817491252209,9.717791557312012,-1.2525951862335205,1.4861096143722534
1710536817508171027,9.716594696044922,-1.302890658378601,1.4897021055221558
1710536817525133358,9.710606575012207,-1.2106823921203613,1.5136523246765137
1710536817533400543,9.702223777770996,-1.3448034524917603,1.5196398496627808
1710536817556759365,9.733359336853027,-1.2382251024246216,1.4657520055770874
1710536817577815638,9.717791557312012,-1.2346326112747192,1.4861096143722534
1710536817615866386,9.7094087600708,-1.2861255407333374,1.487307071685791
1710536817645077716,9.71419906616211,-1.2861255407333374,1.490899682044983
1710536817668252800,9.732161521911621,-1.241817593574524,1.4801220893859863
1710536817691362399,9.716594696044922,-1.213077425956726,1.5052697658538818
1710536817725079781,9.720187187194824,-1.302890658378601,1.4789245128631592
1710536817741811730,9.740544319152832,-1.2490026950836182,1.4657520055770874
1710536817760784770,9.730964660644531,-1.266965389251709,1.4753320217132568
1710536817775254827,9.717791557312012,-1.2705578804016113,1.4956897497177124
1710536817790192628,9.703421592712402,-1.281335473060608,1.5184423923492432
1710536817804624513,9.728569030761719,-1.2046948671340942,1.4693444967269897
1710536817861565383,9.723779678344727,-1.2406201362609863,1.4885046482086182
1710536817869907325,9.738149642944336,-1.2657678127288818,1.4441968202590942
1710536817912171829,9.716594696044922,-1.2897180318832397,1.4944921731948853
1710536817914287327,9.716594696044922,-1.2897180318832397,1.4944921731948853
1710536817939333202,9.718989372253418,-1.2597802877426147,1.4753320217132568
1710536817989629896,9.705816268920898,-1.3280383348464966,1.5280224084854126
1710536818003298609,9.710606575012207,-1.2909154891967773,1.520837426185608
1710536818006267246,9.739346504211426,-1.2046948671340942,1.4681469202041626
1710536818038719399,9.74533462524414,-1.217867374420166,1.4980846643447876
1710536818048720925,9.723779678344727,-1.301693081855774,1.4885046482086182
1710536818073845135,9.710606575012207,-1.2382251024246216,1.5052697658538818
1710536818105445246,9.726174354553223,-1.2693603038787842,1.487307071685791
1710536818128417841,9.738149642944336,-1.266965389251709,1.4741345643997192
1710536818136943489,9.72258186340332,-1.2657678127288818,1.4753320217132568
1710536818158003474,9.711804389953613,-1.247805118560791,1.487307071685791
1710536818170768064,9.704619407653809,-1.2837305068969727,1.511257290840149
1710536818183286607,9.716594696044922,-1.2825329303741455,1.5004796981811523
1710536818204420103,9.732161521911621,-1.2609777450561523,1.4789245128631592
1710536818220913329,9.739346504211426,-1.2011022567749023,1.4489867687225342
1710536818231429395,9.733359336853027,-1.247805118560791,1.487307071685791
1710536818259034356,9.715396881103516,-1.2525951862335205,1.5088622570037842
1710536818275738145,9.713001251220703,-1.2981005907058716,1.4980846643447876
1710536818321846270,9.735754013061523,-1.25738525390625,1.4489867687225342
1710536818368299110,9.716594696044922,-1.277742862701416,1.4753320217132568
1710536818435294243,9.715396881103516,-1.2681628465652466,1.49688720703125
1710536818456322363,9.720187187194824,-1.2945080995559692,1.5100598335266113
1710536818471277735,9.726174354553223,-1.302890658378601,1.4837145805358887
1710536818494354179,9.707014083862305,-1.307680606842041,1.5579601526260376
1710536818502680750,9.707014083862305,-1.307680606842041,1.5579601526260376
1710536818509025851,9.73695182800293,-1.2406201362609863,1.4477893114089966
1710536818532043252,9.730964660644531,-1.2921130657196045,1.4992822408676147
1710536818553376832,9.738149642944336,-1.2621753215789795,1.476529598236084
1710536818576201675,9.728569030761719,-1.2250524759292603,1.4944921731948853
1710536818588941811,9.727372169494629,-1.2741503715515137,1.4920971393585205
1710536818622979451,9.734557151794434,-1.25738525390625,1.4944921731948853
1710536818664986094,9.742938995361328,-1.2561877965927124,1.5040723085403442
1710536818708562513,9.728569030761719,-1.1999047994613647,1.506467342376709
1710536818715100901,9.72258186340332,-1.2621753215789795,1.487307071685791
1710536818736073328,9.728569030761719,-1.2945080995559692,1.482517123222351
1710536818763256860,9.733359336853027,-1.227447509765625,1.472936987876892
1710536818811720455,9.72258186340332,-1.2525951862335205,1.4932947158813477
1710536818900235979,9.72258186340332,-1.2382251024246216,1.506467342376709
1710536818940377425,9.724976539611816,-1.2466076612472534,1.4777270555496216
1710536818965474259,9.711804389953613,-1.2609777450561523,1.5136523246765137
1710536818990668134,9.715396881103516,-1.2825329303741455,1.4897021055221558
1710536819007280209,9.72258186340332,-1.2897180318832397,1.4956897497177124
1710536819026105703,9.718989372253418,-1.3172607421875,1.4789245128631592
1710536819074417068,9.716594696044922,-1.3460010290145874,1.4980846643447876
1710536819085249879,9.734557151794434,-1.2310400009155273,1.4693444967269897
1710536819104035119,9.738149642944336,-1.2190649509429932,1.487307071685791
1710536819147920159,9.738149642944336,-1.1747571229934692,1.451381802558899
1710536819168962544,9.718989372253418,-1.3172607421875,1.460961937904358
1710536819206588062,9.721384048461914,-1.2645703554153442,1.4897021055221558
1710536819248928647,9.735754013061523,-1.2825329303741455,1.4801220893859863
1710536819269724805,9.702223777770996,-1.2262500524520874,1.517244815826416
1710536819292976173,9.715396881103516,-1.2921130657196045,1.5016772747039795
1710536819314172775,9.72258186340332,-1.243015170097351,1.5076647996902466
1710536819335093563,9.726174354553223,-1.2921130657196045,1.472936987876892
1710536819341457475,9.697434425354004,-1.3424084186553955,1.5184423923492432
1710536819368712290,9.71419906616211,-1.3172607421875,1.4837145805358887
1710536819417076343,9.72258186340332,-1.25738525390625,1.4897021055221558
1710536819435934913,9.727372169494629,-1.2394225597381592,1.4837145805358887
1710536819469809434,9.730964660644531,-1.302890658378601,1.4741345643997192
1710536819495428016,9.713001251220703,-1.1951147317886353,1.5304174423217773
1710536819503340164,9.740544319152832,-1.2945080995559692,1.4501843452453613
1710536819520238605,9.707014083862305,-1.237027645111084,1.5280224084854126
1710536819528908614,9.724976539611816,-1.301693081855774,1.4789245128631592
1710536819547460919,9.717791557312012,-1.263372778892517,1.4956897497177124
1710536819601274952,9.720187187194824,-1.2394225597381592,1.49688720703125
1710536819608400343,9.734557151794434,-1.2442126274108887,1.4645544290542603
1710536819612712220,9.721384048461914,-1.2885204553604126,1.4992822408676147
1710536819629601572,9.707014083862305,-1.3795312643051147,1.490899682044983
1710536819652937623,9.739346504211426,-1.263372778892517,1.4585669040679932
1710536819749200990,9.726174354553223,-1.277742862701416,1.481319546699524
1710536819816810986,9.727372169494629,-1.3543835878372192,1.452579379081726
1710536819829324104,9.705816268920898,-1.3280383348464966,1.487307071685791
1710536819871262469,9.726174354553223,-1.1723620891571045,1.5184423923492432
1710536819896622958,9.721384048461914,-1.2945080995559692,1.4920971393585205
1710536819934578073,9.723779678344727,-1.2801378965377808,1.4920971393585205
1710536819997402760,9.739346504211426,-1.241817593574524,1.451381802558899
1710536820029066606,9.72258186340332,-1.2585827112197876,1.49688720703125
1710536820050309953,9.724976539611816,-1.3196557760238647,1.5088622570037842
1710536820058602949,9.730964660644531,-1.2525951862335205,1.4861096143722534
1710536820073320646,9.730964660644531,-1.2525951862335205,1.4861096143722534
1710536820176299885,9.711804389953613,-1.2657678127288818,1.5076647996902466
1710536820204287990,9.754914283752441,-1.243015170097351,1.476529598236084
1710536820226747772,9.708211898803711,-1.2753479480743408,1.506467342376709
1710536820247745350,9.716594696044922,-1.3424084186553955,1.4932947158813477
1710536820268980777,9.711804389953613,-1.2741503715515137,1.5136523246765137
1710536820283600196,9.721384048461914,-1.227447509765625,1.490899682044983
1710536820304571476,9.716594696044922,-1.2454102039337158,1.512454867362976
1710536820310856197,9.726174354553223,-1.266965389251709,1.502874732017517
1710536820340337700,9.710606575012207,-1.2525951862335205,1.5076647996902466
1710536820363236487,9.720187187194824,-1.266965389251709,1.5148499011993408
1710536820392734220,9.721384048461914,-1.293310523033142,1.512454867362976
1710536820432806536,9.711804389953613,-1.2789404392242432,1.5196398496627808
1710536820447692397,9.72258186340332,-1.3040881156921387,1.476529598236084
1710536820464458800,9.727372169494629,-1.2693603038787842,1.4944921731948853
1710536820485558841,9.739346504211426,-1.2621753215789795,1.4705419540405273
1710536820514867890,9.717791557312012,-1.272952914237976,1.4980846643447876
1710536820563247467,9.724976539611816,-1.2382251024246216,1.5148499011993408
1710536820573583992,9.732161521911621,-1.227447509765625,1.4621593952178955
1710536820603073875,9.717791557312012,-1.2705578804016113,1.5052697658538818
1710536820642902720,9.723779678344727,-1.2657678127288818,1.4897021055221558
1710536820676593461,9.728569030761719,-1.2322375774383545,1.4920971393585205
1710536820680934278,9.72258186340332,-1.3208532333374023,1.4705419540405273
1710536820699685503,9.733359336853027,-1.272952914237976,1.5004796981811523
1710536820724916488,9.7094087600708,-1.2885204553604126,1.511257290840149
1710536820737413831,9.728569030761719,-1.353186011314392,1.4861096143722534
1710536820762545722,9.7094087600708,-1.237027645111084,1.5316150188446045
1710536820801799333,9.72258186340332,-1.2490026950836182,1.4920971393585205
1710536820848770639,9.713001251220703,-1.2753479480743408,1.502874732017517
1710536820867891045,9.715396881103516,-1.2705578804016113,1.49688720703125
1710536820888818920,9.726174354553223,-1.251397728919983,1.5148499011993408
1710536820909761329,9.718989372253418,-1.2142748832702637,1.536405086517334
1710536820941217916,9.7094087600708,-1.1747571229934692,1.5304174423217773
1710536820960154972,9.724976539611816,-1.3483959436416626,1.4705419540405273
1710536820991603574,9.730964660644531,-1.3040881156921387,1.49688720703125
1710536821008287478,9.721384048461914,-1.2202624082565308,1.506467342376709
1710536821053014854,9.715396881103516,-1.3184581995010376,1.472936987876892
1710536821063107228,9.718989372253418,-1.302890658378601,1.5016772747039795
1710536821069402570,9.71419906616211,-1.2406201362609863,1.512454867362976
1710536821090443385,9.728569030761719,-1.2837305068969727,1.4741345643997192
1710536821111301728,9.730964660644531,-1.2502001523971558,1.4753320217132568
1710536821136685040,9.723779678344727,-1.2286449670791626,1.5016772747039795
1710536821164028190,9.717791557312012,-1.3220508098602295,1.4693444967269897
1710536821172549811,9.717791557312012,-1.1987072229385376,1.5136523246765137
1710536821216432913,9.713001251220703,-1.2298425436019897,1.5220348834991455
1710536821222855975,9.713001251220703,-1.2262500524520874,1.4837145805358887
1710536821227055837,9.728569030761719,-1.2705578804016113,1.4561718702316284
1710536821264925749,9.741742134094238,-1.2753479480743408,1.4717395305633545
1710536821311099009,9.71419906616211,-1.3196557760238647,1.4777270555496216
1710536821344760381,9.705816268920898,-1.3436059951782227,1.5160473585128784
1710536821355256468,9.705816268920898,-1.266965389251709,1.4777270555496216
1710536821367595951,9.727372169494629,-1.2442126274108887,1.4453942775726318
1710536821434943769,9.704619407653809,-1.2681628465652466,1.5388000011444092
1710536821458319380,9.702223777770996,-1.2705578804016113,1.517244815826416
1710536821512946276,9.702223777770996,-1.3040881156921387,1.5220348834991455
1710536821519241611,9.705816268920898,-1.2849279642105103,1.5184423923492432
1710536821538206252,9.705816268920898,-1.2849279642105103,1.5184423923492432
1710536821554974406,9.705816268920898,-1.2981005907058716,1.512454867362976
1710536821567404238,9.713001251220703,-1.247805118560791,1.49688720703125
1710536821607106268,9.713001251220703,-1.241817593574524,1.4849121570587158
1710536821638815541,9.726174354553223,-1.2621753215789795,1.512454867362976
1710536821657915541,9.721384048461914,-1.2597802877426147,1.4932947158813477
1710536821681120838,9.729766845703125,-1.2262500524520874,1.5004796981811523
1710536821719065065,9.707014083862305,-1.2753479480743408,1.5184423923492432
1710536821748323807,9.729766845703125,-1.237027645111084,1.5004796981811523
1710536821762992169,9.739346504211426,-1.2561877965927124,1.4705419540405273
1710536821784052376,9.72258186340332,-1.2525951862335205,1.4897021055221558
1710536821808905114,9.71419906616211,-1.3364208936691284,1.4897021055221558
1710536821847109942,9.71419906616211,-1.243015170097351,1.4980846643447876
1710536821863865949,9.738149642944336,-1.2046948671340942,1.4897021055221558
1710536821880806072,9.697434425354004,-1.332828402519226,1.5160473585128784
1710536821901851185,9.744136810302734,-1.1855347156524658,1.4489867687225342
1710536821931293449,9.744136810302734,-1.1855347156524658,1.4489867687225342
1710536821965195682,9.705816268920898,-1.2286449670791626,1.5256274938583374
1710536821985869691,9.726174354553223,-1.2957055568695068,1.4849121570587158
1710536822030098741,9.720187187194824,-1.2837305068969727,1.4837145805358887
1710536822042599235,9.738149642944336,-1.2921130657196045,1.4489867687225342
1710536822044746391,9.721384048461914,-1.2011022567749023,1.5256274938583374
1710536822082641894,9.718989372253418,-1.2681628465652466,1.511257290840149
1710536822135089535,9.723779678344727,-1.2442126274108887,1.4837145805358887
1710536822277599649,9.728569030761719,-1.293310523033142,1.487307071685791
1710536822300971788,9.721384048461914,-1.281335473060608,1.502874732017517
1710536822343001509,9.713001251220703,-1.293310523033142,1.5136523246765137
1710536822353492957,9.701026916503906,-1.3340258598327637,1.5148499011993408
1710536822380777948,9.710606575012207,-1.3004956245422363,1.4980846643447876
1710536822412345117,9.707014083862305,-1.2657678127288818,1.5160473585128784
1710536822426815574,9.7094087600708,-1.3004956245422363,1.5052697658538818
1710536822473307742,9.735754013061523,-1.2490026950836182,1.4837145805358887
1710536822479546771,9.7094087600708,-1.2801378965377808,1.4932947158813477
1710536822496325657,9.735754013061523,-1.2837305068969727,1.490899682044983
1710536822517289288,9.717791557312012,-1.2681628465652466,1.5256274938583374
1710536822527804729,9.717791557312012,-1.2801378965377808,1.4885046482086182
1710536822536174111,9.717791557312012,-1.2801378965377808,1.4885046482086182
1710536822567739545,9.732161521911621,-1.2825329303741455,1.4944921731948853
1710536822582528567,9.716594696044922,-1.2322375774383545,1.5100598335266113
1710536822624735607,9.715396881103516,-1.243015170097351,1.4932947158813477
1710536822656256290,9.72258186340332,-1.2705578804016113,1.487307071685791
1710536822685839753,9.721384048461914,-1.2645703554153442,1.490899682044983
1710536822725497467,9.72258186340332,-1.2753479480743408,1.4920971393585205
1710536822740173667,9.71419906616211,-1.3052856922149658,1.476529598236084
1710536822746381467,9.723779678344727,-1.2082873582839966,1.4956897497177124
1710536822765361282,9.720187187194824,-1.2693603038787842,1.4932947158813477
1710536822780005665,9.6998291015625,-1.271755337715149,1.506467342376709
1710536822802442508,9.7094087600708,-1.2621753215789795,1.517244815826416
1710536822803004616,9.715396881103516,-1.2992980480194092,1.4777270555496216
1710536822834837848,9.726174354553223,-1.2621753215789795,1.472936987876892
1710536822920957962,9.7094087600708,-1.2346326112747192,1.482517123222351
1710536822931234651,9.727372169494629,-1.2897180318832397,1.4801220893859863
1710536822944096284,9.733359336853027,-1.2645703554153442,1.5076647996902466
1710536822963485873,9.72258186340332,-1.302890658378601,1.4849121570587158
1710536822981736988,9.742938995361328,-1.2022998332977295,1.4489867687225342
1710536822987900339,9.718989372253418,-1.2322375774383545,1.511257290840149
1710536823036027672,9.7094087600708,-1.2849279642105103,1.541195034980774
1710536823053607894,9.720187187194824,-1.2609777450561523,1.5040723085403442
1710536823061473404,9.7094087600708,-1.2525951862335205,1.5280224084854126
1710536823078366241,9.724976539611816,-1.2921130657196045,1.4441968202590942
1710536823107718834,9.705816268920898,-1.293310523033142,1.526824951171875
1710536823139404281,9.707014083862305,-1.2957055568695068,1.5016772747039795
1710536823201295144,9.72258186340332,-1.2597802877426147,1.4633569717407227
1710536823219322533,9.735754013061523,-1.2442126274108887,1.466949462890625
1710536823236195376,9.713001251220703,-1.2322375774383545,1.506467342376709
1710536823271913299,9.728569030761719,-1.2466076612472534,1.4897021055221558
1710536823290857211,9.72258186340332,-1.25738525390625,1.4885046482086182
1710536823391934686,9.723779678344727,-1.2561877965927124,1.49688720703125
1710536823408493618,9.739346504211426,-1.2094848155975342,1.4693444967269897
1710536823437839669,9.704619407653809,-1.3352234363555908,1.532812476158142
1710536823461157527,9.708211898803711,-1.2154724597930908,1.5232324600219727
1710536823482398249,9.721384048461914,-1.3388159275054932,1.4849121570587158
1710536823494885336,9.710606575012207,-1.271755337715149,1.5555652379989624
1710536823515968222,9.742938995361328,-1.2190649509429932,1.4501843452453613
1710536823560017603,9.742938995361328,-1.2298425436019897,1.4920971393585205
1710536823583036410,9.742938995361328,-1.2298425436019897,1.4920971393585205
1710536823601815392,9.718989372253418,-1.2621753215789795,1.4980846643447876
1710536823623121379,9.71419906616211,-1.2801378965377808,1.5256274938583374
1710536823625178192,9.708211898803711,-1.3004956245422363,1.5088622570037842
1710536823641808633,9.704619407653809,-1.3052856922149658,1.4992822408676147
1710536823665070521,9.727372169494629,-1.2346326112747192,1.4621593952178955
1710536823694352172,9.708211898803711,-1.3292357921600342,1.4837145805358887
1710536823702963647,9.729766845703125,-1.25738525390625,1.5016772747039795
1710536823746989386,9.740544319152832,-1.296903133392334,1.482517123222351
1710536823749099861,9.735754013061523,-1.2837305068969727,1.49688720703125
1710536823799399207,9.711804389953613,-1.287322998046875,1.5244299173355103
1710536823854024373,9.735754013061523,-1.2454102039337158,1.4992822408676147
1710536823933648226,9.702223777770996,-1.3004956245422363,1.4992822408676147
1710536823942087828,9.708211898803711,-1.2849279642105103,1.5447876453399658
1710536823961241120,9.713001251220703,-1.2753479480743408,1.49688720703125
1710536823986405245,9.739346504211426,-1.197509765625,1.4885046482086182
1710536824013835808,9.739346504211426,-1.227447509765625,1.482517123222351
1710536824059999516,9.728569030761719,-1.217867374420166,1.49688720703125
1710536824066144385,9.7094087600708,-1.2837305068969727,1.4932947158813477
1710536824082985442,9.7094087600708,-1.2909154891967773,1.5220348834991455
1710536824110458648,9.729766845703125,-1.247805118560791,1.4885046482086182
1710536824125111816,9.728569030761719,-1.2537927627563477,1.4717395305633545
1710536824162761932,9.7094087600708,-1.2981005907058716,1.5340100526809692
1710536824164810713,9.721384048461914,-1.2466076612472534,1.4932947158813477
1710536824183661725,9.740544319152832,-1.3004956245422363,1.4621593952178955
1710536824219562703,9.720187187194824,-1.213077425956726,1.4944921731948853
1710536824240510555,9.73695182800293,-1.1855347156524658,1.4849121570587158
1710536824333065998,9.716594696044922,-1.2765454053878784,1.5004796981811523
1710536824362509833,9.718989372253418,-1.2454102039337158,1.511257290840149
1710536824402485348,9.715396881103516,-1.251397728919983,1.512454867362976
1710536824427895957,9.734557151794434,-1.25738525390625,1.4717395305633545
1710536824461485835,9.718989372253418,-1.237027645111084,1.487307071685791
1710536824530894760,9.713001251220703,-1.301693081855774,1.4645544290542603
1710536824573289630,9.733359336853027,-1.227447509765625,1.466949462890625
1710536824608775099,9.720187187194824,-1.263372778892517,1.4897021055221558
1710536824650824363,9.6998291015625,-1.3148657083511353,1.4980846643447876
1710536824680184524,9.73695182800293,-1.1783496141433716,1.4717395305633545
1710536824682561874,9.718989372253418,-1.2466076612472534,1.5100598335266113
1710536824703276523,9.707014083862305,-1.3244458436965942,1.5052697658538818
1710536824730547983,9.729766845703125,-1.243015170097351,1.4633569717407227
1710536824749823623,9.724976539611816,-1.331630825996399,1.4777270555496216
1710536824757922974,9.721384048461914,-1.1496093273162842,1.4956897497177124
1710536824780963032,9.732161521911621,-1.3400133848190308,1.4741345643997192
1710536824791471127,9.7094087600708,-1.2346326112747192,1.5232324600219727
1710536824816646141,9.716594696044922,-1.2298425436019897,1.5280224084854126
1710536824842066675,9.698631286621094,-1.301693081855774,1.5531702041625977
1710536824848593645,9.732161521911621,-1.2154724597930908,1.4801220893859863
1710536824871460798,9.727372169494629,-1.2549902200698853,1.4789245128631592
1710536824892369683,9.734557151794434,-1.2537927627563477,1.481319546699524
1710536824898798639,9.720187187194824,-1.2490026950836182,1.526824951171875
1710536824922007061,9.726174354553223,-1.3064831495285034,1.487307071685791
1710536824934671791,9.726174354553223,-0.999920666217804,1.5435900688171387
1710536824943157334,9.732161521911621,-1.2909154891967773,1.4585669040679932
1710536824966132640,9.704619407653809,-1.221459984779358,1.520837426185608
1710536825020537286,9.716594696044922,-1.1843371391296387,1.5004796981811523
1710536825037567053,9.723779678344727,-1.2238550186157227,1.5160473585128784
1710536825048228351,9.740544319152832,-1.3064831495285034,1.460961937904358
1710536825052366868,9.734557151794434,-1.2957055568695068,1.4633569717407227
1710536825086075891,9.717791557312012,-1.3040881156921387,1.49688720703125
1710536825115363147,9.739346504211426,-1.2837305068969727,1.4705419540405273
1710536825128088274,9.704619407653809,-1.3280383348464966,1.5280224084854126
1710536825146862858,9.738149642944336,-1.2358300685882568,1.4944921731948853
1710536825152916225,9.704619407653809,-1.2765454053878784,1.5136523246765137
1710536825199215050,9.721384048461914,-1.241817593574524,1.5196398496627808
1710536825239021621,9.71419906616211,-1.2502001523971558,1.506467342376709
1710536825255886860,9.734557151794434,-1.2322375774383545,1.4418017864227295
1710536825262243761,9.734557151794434,-1.2549902200698853,1.4418017864227295
1710536825310513830,9.732161521911621,-1.2094848155975342,1.5040723085403442
1710536825323248219,9.738149642944336,-0.9687854051589966,1.4897021055221558
1710536825350385483,9.710606575012207,-1.301693081855774,1.5184423923492432
1710536825388054241,9.72258186340332,-1.293310523033142,1.506467342376709
1710536825402656232,9.734557151794434,-1.217867374420166,1.466949462890625
1710536825423680471,9.751321792602539,-1.251397728919983,1.4693444967269897
1710536825451514052,9.724976539611816,-1.2992980480194092,1.512454867362976
1710536825461787610,9.724976539611816,-1.2298425436019897,1.4956897497177124
1710536825489177835,9.733359336853027,-1.2202624082565308,1.4801220893859863
1710536825503789762,9.711804389953613,-1.266965389251709,1.517244815826416
1710536825518639739,9.718989372253418,-1.326840877532959,1.4837145805358887
1710536825552977675,9.726174354553223,-1.2250524759292603,1.4920971393585205
1710536825577571070,9.715396881103516,-1.2525951862335205,1.4920971393585205
1710536825590171815,9.71419906616211,-1.2801378965377808,1.4897021055221558
1710536825625998734,9.733359336853027,-1.2561877965927124,1.4777270555496216
1710536825642731928,9.721384048461914,-1.2537927627563477,1.452579379081726
1710536825659353828,9.720187187194824,-1.281335473060608,1.476529598236084
1710536825701772613,9.711804389953613,-1.277742862701416,1.5196398496627808
1710536825750066598,9.739346504211426,-1.227447509765625,1.4489867687225342
1710536825771152239,9.718989372253418,-1.213077425956726,1.5076647996902466
1710536825787912449,9.71419906616211,-1.2585827112197876,1.506467342376709
1710536825815307576,9.721384048461914,-1.233435034751892,1.5399975776672363
1710536825848970556,9.720187187194824,-1.2657678127288818,1.5004796981811523
1710536825855242766,9.72258186340332,-1.187929630279541,1.5052697658538818
1710536825882563209,9.718989372253418,-1.287322998046875,1.4849121570587158
1710536825890900356,9.718989372253418,-1.293310523033142,1.5220348834991455
1710536825897160453,9.721384048461914,-1.3052856922149658,1.5016772747039795
1710536825939216721,9.721384048461914,-1.2202624082565308,1.4885046482086182
1710536825953904843,9.721384048461914,-1.25738525390625,1.5160473585128784
1710536825981200705,9.718989372253418,-1.2657678127288818,1.512454867362976
1710536826017185156,9.713001251220703,-1.307680606842041,1.4956897497177124
1710536826067502783,9.724976539611816,-1.3004956245422363,1.5040723085403442
1710536826090663997,9.716594696044922,-1.25738525390625,1.4944921731948853
1710536826122389021,9.723779678344727,-1.323248267173767,1.4741345643997192
1710536826145321309,9.723779678344727,-1.323248267173767,1.4741345643997192
1710536826157902159,9.740544319152832,-1.1759545803070068,1.4585669040679932
1710536826166393881,9.710606575012207,-1.3064831495285034,1.4861096143722534
1710536826205639282,9.741742134094238,-1.2310400009155273,1.451381802558899
1710536826208380875,9.741742134094238,-1.2945080995559692,1.4645544290542603
1710536826223165720,9.708211898803711,-1.2561877965927124,1.5567626953125
1710536826229411122,9.738149642944336,-1.2585827112197876,1.5352075099945068
1710536826252532692,9.711804389953613,-1.272952914237976,1.5076647996902466
1710536826273597802,9.72258186340332,-1.287322998046875,1.5016772747039795
1710536826347403033,9.7094087600708,-1.2597802877426147,1.517244815826416
1710536826362326031,9.730964660644531,-1.2765454053878784,1.4418017864227295
1710536826381303838,9.724976539611816,-1.241817593574524,1.476529598236084
1710536826391813837,9.727372169494629,-1.3136682510375977,1.4777270555496216
1710536826406256123,9.72258186340332,-1.1795470714569092,1.481319546699524
1710536826446310276,9.701026916503906,-1.287322998046875,1.5220348834991455
1710536826517635280,9.72258186340332,-1.2358300685882568,1.542392611503601
1710536826547860511,9.720187187194824,-1.2981005907058716,1.4920971393585205
1710536826551153059,9.718989372253418,-1.2525951862335205,1.4980846643447876
1710536826574333217,9.739346504211426,-1.177152156829834,1.517244815826416
1710536826602292967,9.730964660644531,-1.167572021484375,1.4956897497177124
1710536826631002612,9.727372169494629,-1.2861255407333374,1.487307071685791
1710536826658331705,9.720187187194824,-1.2454102039337158,1.5016772747039795
1710536826685579032,9.71419906616211,-1.271755337715149,1.4861096143722534
1710536826704879890,9.728569030761719,-1.241817593574524,1.4645544290542603
1710536826715243815,9.721384048461914,-1.2861255407333374,1.5220348834991455
1710536826723587807,9.723779678344727,-1.3004956245422363,1.4944921731948853
1710536826746852740,9.713001251220703,-1.2705578804016113,1.5244299173355103
1710536826765748572,9.713001251220703,-1.2705578804016113,1.5244299173355103
1710536826791045944,9.754914283752441,-1.2286449670791626,1.4861096143722534
1710536826801192900,9.718989372253418,-1.3004956245422363,1.5004796981811523
1710536826822527804,9.733359336853027,-1.221459984779358,1.4837145805358887
1710536826875510895,9.747729301452637,-1.2190649509429932,1.457369327545166
1710536826902573481,9.708211898803711,-1.2741503715515137,1.5220348834991455
1710536826921562327,9.715396881103516,-1.2765454053878784,1.482517123222351
1710536826961714286,9.738149642944336,-1.2310400009155273,1.5016772747039795
1710536826965930632,9.716594696044922,-1.281335473060608,1.5016772747039795
1710536826974228052,9.739346504211426,-1.2657678127288818,1.5280224084854126
1710536826995313530,9.7094087600708,-1.277742862701416,1.4789245128631592
1710536827018471057,9.705816268920898,-1.2645703554153442,1.4944921731948853
1710536827037430811,9.726174354553223,-1.1987072229385376,1.487307071685791
1710536827061105193,9.746532440185547,-1.2693603038787842,1.457369327545166
1710536827092289771,9.746532440185547,-1.2693603038787842,1.457369327545166
1710536827127967014,9.733359336853027,-1.211879849433899,1.4885046482086182
1710536827178465688,9.705816268920898,-1.311273217201233,1.4885046482086182
1710536827256198001,9.733359336853027,-1.3052856922149658,1.4597643613815308
1710536827279287917,9.723779678344727,-1.2262500524520874,1.517244815826416
1710536827331921791,9.720187187194824,-1.3172607421875,1.5579601526260376
1710536827352802416,9.730964660644531,-1.2957055568695068,1.4741345643997192
1710536827384319831,9.726174354553223,-1.2466076612472534,1.5040723085403442
1710536827436985481,9.71419906616211,-1.25738525390625,1.5196398496627808
1710536827466388501,9.715396881103516,-1.2094848155975342,1.520837426185608
1710536827529472034,9.710606575012207,-1.247805118560791,1.5016772747039795
1710536827548353670,9.705816268920898,-1.296903133392334,1.5004796981811523
1710536827575844453,9.729766845703125,-1.247805118560791,1.466949462890625
1710536827588266122,9.739346504211426,-1.191522240638733,1.457369327545166
1710536827611631475,9.713001251220703,-1.221459984779358,1.4920971393585205
1710536827640958258,9.711804389953613,-1.3004956245422363,1.4885046482086182
1710536827657903460,9.7094087600708,-1.1963123083114624,1.5220348834991455
1710536827683052442,9.732161521911621,-1.272952914237976,1.4920971393585205
1710536827693571983,9.732161521911621,-1.272952914237976,1.4920971393585205
1710536827708348807,9.715396881103516,-1.3220508098602295,1.5316150188446045
1710536827716566184,9.715396881103516,-1.2298425436019897,1.526824951171875
1710536827739684931,9.720187187194824,-1.217867374420166,1.5052697658538818
1710536827821670520,9.711804389953613,-1.3064831495285034,1.5316150188446045
1710536827851261935,9.727372169494629,-1.2765454053878784,1.452579379081726
1710536827874465810,9.718989372253418,-1.2142748832702637,1.5220348834991455
1710536827903720247,9.729766845703125,-1.2490026950836182,1.4956897497177124
1710536827945673899,9.721384048461914,-1.2358300685882568,1.5100598335266113
1710536827958167078,9.718989372253418,-1.2861255407333374,1.476529598236084
1710536827989605858,9.703421592712402,-1.2645703554153442,1.5388000011444092
1710536828001354093,9.703421592712402,-1.2645703554153442,1.5388000011444092
1710536828019032296,9.741742134094238,-1.1963123083114624,1.4956897497177124
1710536828025233311,9.705816268920898,-1.3507909774780273,1.4885046482086182
1710536828034044779,9.733359336853027,-1.1951147317886353,1.4597643613815308
1710536828057014524,9.733359336853027,-1.1951147317886353,1.4597643613815308
1710536828086497171,9.715396881103516,-1.2561877965927124,1.4777270555496216
1710536828111674864,9.724976539611816,-1.2250524759292603,1.487307071685791
1710536828132770243,9.740544319152832,-1.247805118560791,1.4920971393585205
1710536828153680502,9.775272369384766,-1.237027645111084,1.431024193763733
1710536828181424953,9.704619407653809,-1.221459984779358,1.5435900688171387
1710536828204373121,9.701026916503906,-1.2957055568695068,1.5220348834991455
1710536828225349534,9.715396881103516,-1.1148816347122192,1.5184423923492432
1710536828235997421,9.734557151794434,-1.2502001523971558,1.476529598236084
1710536828284101053,9.71419906616211,-1.3603711128234863,1.4657520055770874
1710536828298815643,9.721384048461914,-1.2705578804016113,1.4753320217132568
1710536828330353418,9.721384048461914,-1.2022998332977295,1.4897021055221558
1710536828338461665,9.735754013061523,-1.272952914237976,1.4633569717407227
1710536828361546201,9.73695182800293,-1.247805118560791,1.4741345643997192
1710536828386798792,9.7094087600708,-1.227447509765625,1.536405086517334
1710536828418624392,9.721384048461914,-1.25738525390625,1.5352075099945068
1710536828435152206,9.702223777770996,-1.2298425436019897,1.547182559967041
1710536828439362410,9.726174354553223,-1.3064831495285034,1.4849121570587158
1710536828508777508,9.718989372253418,-1.2657678127288818,1.5040723085403442
1710536828540388041,9.713001251220703,-1.2585827112197876,1.5304174423217773
1710536828559207191,9.742938995361328,-1.2322375774383545,1.5052697658538818
1710536828605405168,9.730964660644531,-1.362766146659851,1.4741345643997192
1710536828664110624,9.715396881103516,-1.2561877965927124,1.5184423923492432
1710536828708409482,9.7094087600708,-1.2957055568695068,1.511257290840149
1710536828739862799,9.7094087600708,-1.2957055568695068,1.8178198337554932
1710536828790388638,9.704619407653809,-1.2693603038787842,1.5304174423217773
1710536828807148324,9.726174354553223,-1.3196557760238647,1.4693444967269897
1710536828826352169,9.720187187194824,-1.2945080995559692,1.4944921731948853
1710536828847259986,9.717791557312012,-1.5280224084854126,1.4849121570587158
1710536828855617089,9.738149642944336,-1.2466076612472534,1.5004796981811523
1710536828899880276,9.734557151794434,-1.1639795303344727,1.4705419540405273
1710536828992158715,9.698631286621094,-1.3759387731552124,1.517244815826416
1710536829003241489,9.72258186340332,-1.233435034751892,1.4849121570587158
1710536829019406846,9.720187187194824,-1.207089900970459,1.5100598335266113
1710536829061593123,9.72258186340332,-1.2885204553604126,1.5016772747039795
1710536829084733415,9.72258186340332,-1.2921130657196045,1.4801220893859863
1710536829095151819,9.717791557312012,-1.277742862701416,1.4777270555496216
1710536829109933064,9.727372169494629,-1.301693081855774,1.4980846643447876
1710536829181502137,9.741742134094238,-1.2454102039337158,1.4777270555496216
1710536829206697019,9.727372169494629,-1.2202624082565308,1.5076647996902466
1710536829246723818,9.724976539611816,-1.183139681816101,1.512454867362976
1710536829261154660,9.713001251220703,-1.233435034751892,1.5447876453399658
1710536829311888170,9.718989372253418,-1.1711645126342773,1.5100598335266113
1710536829347613888,9.710606575012207,-1.2705578804016113,1.5244299173355103
1710536829364445633,9.716594696044922,-1.307680606842041,1.4897021055221558
1710536829397420666,9.710606575012207,-1.3088781833648682,1.5100598335266113
1710536829425382707,9.723779678344727,-1.293310523033142,1.5004796981811523
1710536829497046912,9.740544319152832,-1.227447509765625,1.4549744129180908
1710536829532854796,9.711804389953613,-1.2454102039337158,1.4645544290542603
1710536829559946473,9.716594696044922,-1.2106823921203613,1.5280224084854126
1710536829574813997,9.708211898803711,-1.263372778892517,1.4980846643447876
1710536829581140043,9.721384048461914,-1.277742862701416,1.487307071685791
1710536829604170342,9.705816268920898,-1.1999047994613647,1.5160473585128784
1710536829642201570,9.680668830871582,-1.2561877965927124,1.5639477968215942
1710536829663198756,9.716594696044922,-1.2801378965377808,1.487307071685791
1710536829688361297,9.753717422485352,-1.2238550186157227,1.4693444967269897
1710536829694649579,9.707014083862305,-1.2705578804016113,1.5447876453399658
1710536829730357023,9.708211898803711,-1.272952914237976,1.512454867362976
1710536829734506739,9.717791557312012,-1.2490026950836182,1.5004796981811523
1710536829755416161,9.721384048461914,-1.271755337715149,1.5136523246765137
1710536829774465512,9.711804389953613,-1.2466076612472534,1.4932947158813477
1710536829793366756,9.739346504211426,-1.1328442096710205,1.512454867362976
1710536829801243876,9.701026916503906,-1.326840877532959,1.502874732017517
1710536829826842390,9.707014083862305,-1.2202624082565308,1.5579601526260376
1710536829837419435,9.7094087600708,-1.2011022567749023,1.5615527629852295
1710536829864684708,9.734557151794434,-1.2238550186157227,1.451381802558899
1710536829888123624,9.710606575012207,-1.2657678127288818,1.526824951171875
1710536829988881006,9.708211898803711,-1.1855347156524658,1.5819103717803955
1710536830011835197,9.705816268920898,-1.2442126274108887,1.4549744129180908
1710536830052013928,9.763297080993652,-1.143621802330017,1.4382091760635376
1710536830060364536,9.708211898803711,-1.1484118700027466,1.5316150188446045
1710536830068908140,9.756112098693848,-1.1340417861938477,1.446591854095459
1710536830091862758,9.715396881103516,-1.341210961341858,1.451381802558899
1710536830119016385,9.7094087600708,-1.251397728919983,1.536405086517334
1710536830142288458,9.708211898803711,-1.3819262981414795,1.5304174423217773
1710536830226695686,9.702223777770996,-1.2741503715515137,1.5543676614761353
1710536830241034660,9.713001251220703,-1.3483959436416626,1.5220348834991455
1710536830281188092,9.711804389953613,-1.2525951862335205,1.526824951171875
1710536830297910348,9.717791557312012,-1.263372778892517,1.4633569717407227
1710536830335649446,9.74533462524414,-1.2561877965927124,1.386716365814209
1710536830337902273,9.75970458984375,-1.1352392435073853,1.506467342376709
1710536830344350866,9.661508560180664,-1.287322998046875,1.526824951171875
1710536830367222452,9.680668830871582,-1.2645703554153442,1.5052697658538818
1710536830383982388,9.7094087600708,-1.392703890800476,1.4837145805358887
1710536830421731522,9.73695182800293,-1.1555969715118408,1.5136523246765137
1710536830428421294,9.75012493133545,-1.1388317346572876,1.427431583404541
1710536830461671664,9.733359336853027,-1.3184581995010376,1.442999243736267
1710536830466085475,9.691446304321289,-1.25738525390625,1.5855029821395874
1710536830493255883,9.733359336853027,-1.2202624082565308,1.526824951171875
1710536830526638864,9.710606575012207,-1.173559546470642,1.5076647996902466
1710536830558265192,9.711804389953613,-1.3004956245422363,1.5352075099945068
1710536830575051002,9.770482063293457,-1.2741503715515137,1.3891112804412842
1710536830604450672,9.717791557312012,-1.1268566846847534,1.5340100526809692
1710536830636113846,9.67707633972168,-1.2861255407333374,1.5531702041625977
1710536830676259222,9.729766845703125,-1.2921130657196045,1.451381802558899
1710536830722432769,9.711804389953613,-1.3843213319778442,1.4849121570587158
1710536830729357473,9.739346504211426,-1.197509765625,1.3795312643051147
1710536830737467499,9.748927116394043,-1.1412267684936523,1.4753320217132568
1710536830781229355,9.721384048461914,-1.2789404392242432,1.4633569717407227
1710536830816973299,9.691446304321289,-1.2693603038787842,1.5184423923492432
1710536830823286239,9.717791557312012,-1.2693603038787842,1.4561718702316284
1710536830856930724,9.766889572143555,-1.157991886138916,1.431024193763733
1710536830891478593,9.726174354553223,-1.3483959436416626,1.4753320217132568
1710536830918294806,9.734557151794434,-1.2609777450561523,1.4489867687225342
1710536830922090160,9.718989372253418,-1.287322998046875,1.466949462890625
1710536830938851713,9.710606575012207,-1.1795470714569092,1.5555652379989624
1710536830972436245,9.692644119262695,-1.1555969715118408,1.542392611503601
1710536831001975214,9.672286033630371,-1.2298425436019897,1.5687377452850342
1710536831027189660,9.71419906616211,-1.2801378965377808,1.49688720703125
1710536831041965880,9.704619407653809,-1.3256433010101318,1.472936987876892
1710536831065226412,9.751321792602539,-1.1508069038391113,1.4286291599273682
1710536831100837785,9.739346504211426,-1.2490026950836182,1.4382091760635376
1710536831157737162,9.701026916503906,-1.1939172744750977,1.4932947158813477
1710536831168349912,9.717791557312012,-1.3148657083511353,1.5088622570037842
1710536831183042583,9.684261322021484,-1.2957055568695068,1.5459851026535034
1710536831208007064,9.728569030761719,-1.1639795303344727,1.476529598236084
1710536831229065169,9.710606575012207,-1.4082714319229126,1.4801220893859863
1710536831252192399,9.686656951904297,-1.2789404392242432,1.5340100526809692
1710536831266820137,9.691446304321289,-1.2490026950836182,1.5783178806304932
1710536831281534518,9.728569030761719,-1.1148816347122192,1.5244299173355103
1710536831346858551,9.7094087600708,-1.241817593574524,1.5136523246765137
1710536831351011713,9.708211898803711,-1.2789404392242432,1.4789245128631592
1710536831374171235,9.739346504211426,-1.157991886138916,1.4633569717407227
1710536831393151839,9.698631286621094,-1.2825329303741455,1.5148499011993408
1710536831420319440,9.741742134094238,-1.281335473060608,1.482517123222351
1710536831451888694,9.734557151794434,-1.161584496498108,1.5256274938583374
1710536831470755905,9.775272369384766,-1.2406201362609863,1.422641634941101
1710536831487528858,9.692644119262695,-1.2801378965377808,1.542392611503601
1710536831510726547,9.6902494430542,-1.2011022567749023,1.5543676614761353
1710536831538095556,9.727372169494629,-1.2897180318832397,1.4861096143722534
1710536831569355377,9.71419906616211,-1.277742862701416,1.536405086517334
1710536831584228619,9.721384048461914,-1.263372778892517,1.4741345643997192
1710536831602555004,9.723779678344727,-1.2454102039337158,1.4920971393585205
1710536831615885063,9.740544319152832,-1.266965389251709,1.4441968202590942
1710536831640914721,9.747729301452637,-1.3172607421875,1.4717395305633545
1710536831666106363,9.7094087600708,-1.2957055568695068,1.4849121570587158
1710536831680698577,9.738149642944336,-1.237027645111084,1.4932947158813477
1710536831703849867,9.73695182800293,-1.2801378965377808,1.4705419540405273
1710536831726863870,9.727372169494629,-1.2909154891967773,1.4801220893859863
1710536831741734299,9.71419906616211,-1.281335473060608,1.5076647996902466
1710536831754386759,9.715396881103516,-1.247805118560791,1.487307071685791
1710536831768934735,9.721384048461914,-1.3184581995010376,1.5555652379989624
1710536831788072412,9.739346504211426,-1.227447509765625,1.422641634941101
1710536831827846845,9.74533462524414,-1.1987072229385376,1.517244815826416
1710536831830068519,9.704619407653809,-1.3172607421875,1.4861096143722534
1710536831840318213,9.72258186340332,-1.2190649509429932,1.4837145805358887
1710536831861412034,9.757309913635254,-1.2202624082565308,1.4202466011047363
1710536831899364285,9.693841934204102,-1.3735437393188477,1.5376025438308716
1710536831943352275,9.721384048461914,-1.2382251024246216,1.4861096143722534
1710536831962422644,9.702223777770996,-1.2537927627563477,1.5388000011444092
1710536831979163390,9.733359336853027,-1.2262500524520874,1.542392611503601
1710536832021070627,9.735754013061523,-1.2358300685882568,1.5004796981811523
1710536832025241119,9.720187187194824,-1.2190649509429932,1.457369327545166
1710536832038157074,9.724976539611816,-1.3436059951782227,1.4705419540405273
1710536832052836597,9.744136810302734,-1.217867374420166,1.5220348834991455
1710536832083014431,9.720187187194824,-1.2442126274108887,1.4956897497177124
1710536832097043892,9.713001251220703,-1.2801378965377808,1.4920971393585205
1710536832116269467,9.73695182800293,-1.2346326112747192,1.5016772747039795
1710536832153837144,9.717791557312012,-1.1292517185211182,1.5495775938034058
1710536832157997997,9.703421592712402,-1.2094848155975342,1.5256274938583374
1710536832185212205,9.715396881103516,-1.3136682510375977,1.466949462890625
1710536832203493996,9.703421592712402,-1.2585827112197876,1.5292199850082397
1710536832227143019,9.6998291015625,-1.2681628465652466,1.5435900688171387
1710536832231112701,9.741742134094238,-1.1412267684936523,1.532812476158142
1710536832254517587,9.703421592712402,-1.2166699171066284,1.542392611503601
1710536832267223493,9.720187187194824,-1.2621753215789795,1.4645544290542603
1710536832283854891,9.718989372253418,-1.1591894626617432,1.526824951171875
1710536832315457296,9.733359336853027,-1.3172607421875,1.482517123222351
1710536832317632683,9.72258186340332,-1.3256433010101318,1.460961937904358
1710536832336737276,9.727372169494629,-1.2022998332977295,1.4621593952178955
1710536832378717950,9.713001251220703,-1.1891272068023682,1.5495775938034058
1710536832402050656,9.732161521911621,-1.2190649509429932,1.4705419540405273
1710536832414800735,9.705816268920898,-1.302890658378601,1.520837426185608
1710536832427533696,9.72258186340332,-1.1795470714569092,1.5316150188446045
1710536832444301713,9.739346504211426,-1.3004956245422363,1.4406042098999023
1710536832446269124,9.733359336853027,-1.2442126274108887,1.4956897497177124
1710536832452415626,9.710606575012207,-1.143621802330017,1.542392611503601
1710536832465115447,9.74533462524414,-1.247805118560791,1.4322216510772705
1710536832486088288,9.693841934204102,-1.2286449670791626,1.5603551864624023
1710536832507219908,9.693841934204102,-1.3136682510375977,1.4298266172409058
1710536832525884942,9.741742134094238,-1.2957055568695068,1.4621593952178955
1710536832559385243,9.708211898803711,-1.2693603038787842,1.526824951171875
1710536832578297232,9.7094087600708,-1.2106823921203613,1.5136523246765137
1710536832603041046,9.74533462524414,-1.2358300685882568,1.4334192276000977
1710536832607630827,9.73695182800293,-1.2921130657196045,1.4441968202590942
1710536832624450186,9.711804389953613,-1.2166699171066284,1.5196398496627808
1710536832649879504,9.711804389953613,-1.2166699171066284,1.5196398496627808
1710536832664918072,9.692644119262695,-1.266965389251709,1.512454867362976
1710536832685694881,9.693841934204102,-1.3160632848739624,1.4944921731948853
1710536832719356137,9.704619407653809,-1.2537927627563477,1.5160473585128784
1710536832740366776,9.73695182800293,-1.1867321729660034,1.5040723085403442
1710536832803053455,9.707014083862305,-1.2861255407333374,1.4920971393585205
1710536832843488742,9.713001251220703,-1.2657678127288818,1.4801220893859863
1710536832862465936,9.6998291015625,-1.2957055568695068,1.526824951171875
1710536832870888329,9.730964660644531,-1.2609777450561523,1.4621593952178955
1710536832885731071,9.696236610412598,-1.2561877965927124,1.5136523246765137
1710536832917161422,9.696236610412598,-1.2801378965377808,1.4885046482086182
1710536832923498784,9.73695182800293,-1.1795470714569092,1.511257290840149
1710536832942664377,9.718989372253418,-1.2226574420928955,1.4741345643997192
1710536832953053347,9.735754013061523,-1.2466076612472534,1.4861096143722534
1710536832969875168,9.729766845703125,-1.2981005907058716,1.4801220893859863
1710536833003313368,9.713001251220703,-1.3651611804962158,1.466949462890625
1710536833003938486,9.740544319152832,-1.2621753215789795,1.427431583404541
1710536833016216398,9.691446304321289,-1.25738525390625,1.5603551864624023
1710536833054055958,9.771679878234863,-1.1496093273162842,1.457369327545166
1710536833056338149,9.728569030761719,-1.227447509765625,1.4489867687225342
1710536833077597781,9.738149642944336,-1.1627819538116455,1.512454867362976
1710536833083521913,9.705816268920898,-1.2142748832702637,1.5651452541351318
1710536833121259846,9.703421592712402,-1.2909154891967773,1.5316150188446045
1710536833138190594,9.738149642944336,-1.143621802330017,1.502874732017517
1710536833150606907,9.703421592712402,-1.3891112804412842,1.5292199850082397
1710536833186295912,9.715396881103516,-1.323248267173767,1.4178515672683716
1710536833203016366,9.734557151794434,-1.2657678127288818,1.502874732017517
1710536833230617473,9.705816268920898,-1.277742862701416,1.5304174423217773
1710536833258063728,9.72258186340332,-1.2142748832702637,1.4406042098999023
1710536833289302897,9.746532440185547,-1.1196715831756592,1.5040723085403442
1710536833312408222,9.728569030761719,-1.2909154891967773,1.4837145805358887
1710536833345866564,9.689051628112793,-1.2753479480743408,1.5687377452850342
1710536833385749229,9.701026916503906,-1.3364208936691284,1.490899682044983
1710536833440508827,9.733359336853027,-1.2454102039337158,1.4549744129180908
1710536833468089586,9.738149642944336,-1.1963123083114624,1.541195034980774
1710536833480715254,9.733359336853027,-1.2657678127288818,1.49688720703125
1710536833501703293,9.746532440185547,-1.1244616508483887,1.4789245128631592
1710536833535538384,9.675878524780273,-1.2825329303741455,1.5699353218078613
1710536833592118103,9.756112098693848,-1.197509765625,1.4741345643997192
1710536833602348566,9.744136810302734,-1.1795470714569092,1.4681469202041626
1710536833606524952,9.713001251220703,-1.247805118560791,1.5316150188446045
1710536833621434734,9.715396881103516,-1.287322998046875,1.5040723085403442
1710536833638136257,9.708211898803711,-1.281335473060608,1.5399975776672363
1710536833646601079,9.720187187194824,-1.247805118560791,1.5004796981811523
1710536833682447111,9.741742134094238,-1.1927196979522705,1.5040723085403442
1710536833701359688,9.7094087600708,-1.3950989246368408,1.502874732017517
1710536833720248811,9.7094087600708,-1.3950989246368408,1.502874732017517
1710536833739289284,9.728569030761719,-1.237027645111084,1.5016772747039795
1710536833749783535,9.723779678344727,-1.2957055568695068,1.4992822408676147
1710536833766619288,9.723779678344727,-1.2657678127288818,1.4717395305633545
1710536833779232570,9.704619407653809,-1.2442126274108887,1.4932947158813477
1710536833793810727,9.718989372253418,-1.237027645111084,1.512454867362976
1710536833812768342,9.713001251220703,-1.281335473060608,1.5232324600219727
1710536833836022186,9.720187187194824,-1.3088781833648682,1.4705419540405273
1710536833852912418,9.698631286621094,-1.211879849433899,1.5388000011444092
1710536833892698522,9.710606575012207,-1.263372778892517,1.4741345643997192
1710536833966222948,9.717791557312012,-1.2394225597381592,1.4956897497177124
1710536834000885039,9.72258186340332,-1.2849279642105103,1.457369327545166
1710536834016365189,9.68545913696289,-1.237027645111084,1.5998730659484863
1710536834083838309,9.697434425354004,-1.3040881156921387,1.532812476158142
1710536834094537670,9.734557151794434,-1.2693603038787842,1.4789245128631592
1710536834121904130,9.727372169494629,-1.1891272068023682,1.457369327545166
1710536834147093876,9.71419906616211,-1.213077425956726,1.49688720703125
1710536834153219837,9.730964660644531,-1.2382251024246216,1.481319546699524
1710536834180718301,9.696236610412598,-1.3004956245422363,1.5340100526809692
1710536834191065979,9.727372169494629,-1.221459984779358,1.482517123222351
1710536834241436853,9.730964660644531,-1.1759545803070068,1.5136523246765137
1710536834247719459,9.734557151794434,-1.2753479480743408,1.466949462890625
1710536834254309931,9.71419906616211,-1.237027645111084,1.5160473585128784
1710536834287824655,9.692644119262695,-1.3148657083511353,1.5148499011993408
1710536834315047374,9.701026916503906,-1.301693081855774,1.5280224084854126
1710536834325453550,9.707014083862305,-1.3124706745147705,1.4849121570587158
1710536834367579102,9.710606575012207,-1.2166699171066284,1.5352075099945068
1710536834489258194,9.734557151794434,-1.2921130657196045,1.4741345643997192
1710536834516628744,9.701026916503906,-1.2765454053878784,1.5388000011444092
1710536834550029609,9.775272369384766,-1.287322998046875,1.4633569717407227
1710536834568957163,9.71419906616211,-1.2741503715515137,1.4681469202041626
1710536834577598619,9.739346504211426,-1.221459984779358,1.536405086517334
1710536834601899361,9.696236610412598,-1.243015170097351,1.4980846643447876
1710536834647015382,9.696236610412598,-1.323248267173767,1.5280224084854126
1710536834665605586,9.732161521911621,-1.2825329303741455,1.4717395305633545
1710536834684645514,9.733359336853027,-1.2502001523971558,1.4693444967269897
1710536834689018376,9.744136810302734,-1.183139681816101,1.520837426185608
1710536834703697122,9.691446304321289,-1.1891272068023682,1.5735278129577637
1710536834714447967,9.739346504211426,-1.2789404392242432,1.7591418027877808
1710536834735159804,9.707014083862305,-1.2406201362609863,1.5831079483032227
1710536834758099793,9.753717422485352,-1.2250524759292603,1.4549744129180908
1710536834762283272,9.735754013061523,-1.2358300685882568,1.4849121570587158
1710536834779128854,9.707014083862305,-1.2825329303741455,1.5340100526809692
1710536834804079067,9.729766845703125,-1.241817593574524,1.451381802558899
1710536834818785093,9.741742134094238,-1.2190649509429932,1.476529598236084
1710536834848786021,9.723779678344727,-1.2921130657196045,1.4885046482086182
1710536834869413311,9.707014083862305,-1.362766146659851,1.5052697658538818
1710536834905410340,9.689051628112793,-1.1843371391296387,1.6214282512664795
1710536834943278430,9.724976539611816,-1.0753637552261353,1.517244815826416
1710536834980958361,9.675878524780273,-1.2298425436019897,1.6537610292434692
1710536834985059944,9.77407455444336,-1.233435034751892,1.3663586378097534
1710536835027162302,9.752519607543945,-1.2466076612472534,1.4501843452453613
1710536835050460295,9.726174354553223,-1.2166699171066284,1.5399975776672363
1710536835063042518,9.7094087600708,-1.271755337715149,1.4885046482086182
1710536835117600903,9.708211898803711,-1.311273217201233,1.5435900688171387
1710536835151230418,9.686656951904297,-1.2382251024246216,1.397493839263916
1710536835178636212,9.724976539611816,-1.1891272068023682,1.490899682044983
1710536835180669104,9.732161521911621,-1.287322998046875,1.442999243736267
1710536835184884825,9.703421592712402,-1.4561718702316284,1.5220348834991455
1710536835198167673,9.738149642944336,-1.2945080995559692,1.502874732017517
1710536835224912158,9.748927116394043,-1.13763427734375,1.5076647996902466
1710536835243796257,9.702223777770996,-1.347198486328125,1.5148499011993408
1710536835266969617,9.728569030761719,-1.2406201362609863,1.5016772747039795
1710536835296602717,9.732161521911621,-1.3184581995010376,1.446591854095459
1710536835332297113,9.733359336853027,-1.263372778892517,1.4334192276000977
1710536835336403480,9.740544319152832,-1.233435034751892,1.4693444967269897
1710536835363688311,9.71419906616211,-1.2250524759292603,1.5591577291488647
1710536835401396862,9.72258186340332,-1.1627819538116455,1.5076647996902466
1710536835407747387,9.733359336853027,-1.3064831495285034,1.502874732017517
1710536835430792387,9.732161521911621,-1.1364368200302124,1.526824951171875
1710536835447611744,9.733359336853027,-1.1639795303344727,1.5292199850082397
1710536835477351040,9.708211898803711,-1.37713623046875,1.481319546699524
1710536835529682731,9.720187187194824,-1.3795312643051147,1.4406042098999023
1710536835533888024,9.713001251220703,-1.1424243450164795,1.532812476158142
1710536835567583627,9.708211898803711,-1.3208532333374023,1.5076647996902466
1710536835628830606,9.748927116394043,-1.3100756406784058,1.4537768363952637
1710536835668561726,9.729766845703125,-1.2250524759292603,1.526824951171875
1710536835691673618,9.71419906616211,-1.266965389251709,1.490899682044983
1710536835739975759,9.730964660644531,-1.203497290611267,1.4861096143722534
1710536835773391332,9.733359336853027,-1.1963123083114624,1.4681469202041626
1710536835802483995,9.71419906616211,-1.3064831495285034,1.4956897497177124
1710536835806957811,9.695038795471191,-1.331630825996399,1.5399975776672363
1710536835855484844,9.734557151794434,-1.2154724597930908,1.452579379081726
1710536835889350669,9.724976539611816,-1.2537927627563477,1.512454867362976
1710536835903952191,9.728569030761719,-1.2861255407333374,1.4621593952178955
1710536835918605770,9.735754013061523,-1.203497290611267,1.5040723085403442
1710536835948254538,9.733359336853027,-1.197509765625,1.4944921731948853
1710536835964830207,9.73695182800293,-1.272952914237976,1.4657520055770874
1710536836021539094,9.756112098693848,-1.1927196979522705,1.4657520055770874
1710536836048866359,9.716594696044922,-1.2466076612472534,1.5088622570037842
1710536836082550596,9.653125762939453,-1.5579601526260376,1.512454867362976
1710536836099292891,9.708211898803711,-1.2322375774383545,1.5292199850082397
1710536836122643844,9.718989372253418,-1.247805118560791,1.452579379081726
1710536836131004063,9.742938995361328,-1.3052856922149658,1.4992822408676147
1710536836166531664,9.7094087600708,-1.217867374420166,1.5615527629852295
1710536836181146818,9.73695182800293,-1.1555969715118408,1.4717395305633545
1710536836189526899,9.74533462524414,-1.143621802330017,1.4944921731948853
1710536836221232675,9.695038795471191,-1.3891112804412842,1.5543676614761353
1710536836235905803,9.681866645812988,-1.2957055568695068,1.572330355644226
1710536836252677774,9.723779678344727,-1.2681628465652466,1.5160473585128784
1710536836273669991,9.713001251220703,-1.2741503715515137,1.5555652379989624
1710536836292579343,9.721384048461914,-1.3244458436965942,1.4477893114089966
1710536836300804191,9.724976539611816,-1.1855347156524658,1.4897021055221558
1710536836315926300,9.710606575012207,-1.3483959436416626,1.550775170326233
1710536836332342279,9.751321792602539,-1.2346326112747192,1.4441968202590942
1710536836349563887,9.67707633972168,-1.3304333686828613,1.5843054056167603
1710536836366133524,9.692644119262695,-1.2011022567749023,1.6046631336212158
1710536836402727962,9.733359336853027,-1.2046948671340942,1.511257290840149
1710536836422798410,9.734557151794434,-1.2921130657196045,1.457369327545166
1710536836437440640,9.67707633972168,-1.3208532333374023,1.5675402879714966
1710536836481493754,9.732161521911621,-1.3064831495285034,1.4897021055221558
1710536836508729480,9.724976539611816,-1.2753479480743408,1.4717395305633545
1710536836527973673,9.713001251220703,-1.177152156829834,1.5292199850082397
1710536836546890390,9.729766845703125,-1.337618350982666,1.4717395305633545
1710536836553300036,9.747729301452637,-1.181942105293274,1.4477893114089966
1710536836584708230,9.738149642944336,-1.241817593574524,1.4705419540405273
1710536836614273704,9.724976539611816,-1.2406201362609863,1.4897021055221558
1710536836685517079,9.715396881103516,-1.221459984779358,1.5447876453399658
1710536836711235381,9.754914283752441,-1.173559546470642,1.4549744129180908
1710536836782409900,9.697434425354004,-1.4154565334320068,1.4897021055221558
1710536836841465193,9.718989372253418,-1.2585827112197876,1.526824951171875
1710536836873236711,9.704619407653809,-1.247805118560791,1.5399975776672363
1710536836879364665,9.746532440185547,-1.1795470714569092,1.4932947158813477
1710536836904489413,9.7094087600708,-1.1807446479797363,1.5543676614761353
1710536836969658972,9.726174354553223,-1.2166699171066284,1.5244299173355103
1710536837001138728,9.693841934204102,-1.37713623046875,1.5639477968215942
1710536837011546621,9.726174354553223,-1.1963123083114624,1.5088622570037842
1710536837024240395,9.728569030761719,-1.272952914237976,1.4849121570587158
1710536837045290560,9.702223777770996,-1.2945080995559692,1.536405086517334
1710536837059987847,9.708211898803711,-1.3196557760238647,1.5232324600219727
1710536837068400819,9.726174354553223,-1.2705578804016113,1.5052697658538818
1710536837112699313,9.732161521911621,-1.1891272068023682,1.4789245128631592
1710536837121214206,9.727372169494629,-1.1867321729660034,1.5256274938583374
1710536837148434733,9.708211898803711,-1.2585827112197876,1.4920971393585205
1710536837201362094,9.75970458984375,-1.1460168361663818,1.4322216510772705
1710536837217612391,9.728569030761719,-1.2310400009155273,1.5280224084854126
1710536837244993963,9.764494895935059,-1.2502001523971558,1.4621593952178955
1710536837259746207,9.734557151794434,-1.1843371391296387,1.4633569717407227
1710536837276569893,9.715396881103516,-1.2490026950836182,1.5052697658538818
1710536837306216960,9.718989372253418,-1.3220508098602295,1.4992822408676147
1710536837350379646,9.738149642944336,-1.2454102039337158,1.490899682044983
1710536837373318178,9.715396881103516,-1.1987072229385376,1.4537768363952637
1710536837401909774,9.701026916503906,-1.3495935201644897,1.502874732017517
1710536837419586374,9.754914283752441,-1.1029064655303955,1.3591735363006592
1710536837446978575,9.675878524780273,-1.4250366687774658,1.5902929306030273
1710536837476438743,9.723779678344727,-1.2753479480743408,1.4154565334320068
1710536837498149348,9.6998291015625,-1.2693603038787842,1.4046789407730103
1710536837524862019,9.752519607543945,-1.397493839263916,1.4178515672683716
1710536837554199344,9.726174354553223,-1.263372778892517,1.4980846643447876
1710536837604344271,9.63995361328125,-1.4932947158813477,1.572330355644226
1710536837629854327,9.718989372253418,-1.4238390922546387,1.4657520055770874
1710536837673746820,9.732161521911621,-1.2382251024246216,1.4897021055221558
1710536837714019033,9.718989372253418,-1.2537927627563477,1.4681469202041626
1710536837793773951,9.751321792602539,-1.1651769876480103,1.466949462890625
1710536837833655025,9.641151428222656,-1.4741345643997192,1.6046631336212158
1710536837835739562,9.790840148925781,-1.2058923244476318,1.2585827112197876
1710536837863254775,9.757309913635254,-1.1783496141433716,1.416654109954834
1710536837877877052,9.715396881103516,-1.2741503715515137,1.4633569717407227
1710536837892697039,9.763297080993652,-1.0071057081222534,1.5088622570037842
1710536837922009881,9.747729301452637,-1.3639636039733887,1.4202466011047363
1710536837928850970,9.656719207763672,-1.49688720703125,1.572330355644226
1710536838002865031,9.778864860534668,-1.1268566846847534,1.3939013481140137
1710536838020696843,9.728569030761719,-1.207089900970459,1.5232324600219727
1710536838031273644,9.744136810302734,-1.183139681816101,1.427431583404541
1710536838054390057,9.71419906616211,-1.3747411966323853,1.4717395305633545
1710536838067690447,9.776470184326172,-1.1807446479797363,1.3591735363006592
1710536838079789203,9.689051628112793,-1.2537927627563477,1.5735278129577637
1710536838090267377,9.728569030761719,-1.3495935201644897,1.451381802558899
1710536838109200018,9.71419906616211,-1.2022998332977295,1.4789245128631592
1710536838124003809,9.665101051330566,-1.25738525390625,1.6441808938980103
1710536838151259832,9.757309913635254,-1.2981005907058716,1.383123755455017
1710536838184800851,9.716594696044922,-1.3424084186553955,1.5244299173355103
1710536838245441336,9.718989372253418,-1.4118640422821045,1.4489867687225342
1710536838270925896,9.72258186340332,-1.3519885540008545,1.4777270555496216
1710536838287580831,9.715396881103516,-1.3495935201644897,1.482517123222351
1710536838291800441,9.717791557312012,-1.356778621673584,1.446591854095459
1710536838317212443,9.717791557312012,-1.2250524759292603,1.5148499011993408
1710536838348820891,9.717791557312012,-1.2250524759292603,1.5148499011993408
1710536838397039565,9.724976539611816,-1.296903133392334,1.4394067525863647
1710536838441246044,9.739346504211426,-1.2765454053878784,1.4585669040679932
1710536838445644291,9.720187187194824,-1.341210961341858,1.5304174423217773
1710536838474958227,9.728569030761719,-1.177152156829834,1.5088622570037842
1710536838504394495,9.760902404785156,-1.2358300685882568,1.3962963819503784
1710536838542219841,9.732161521911621,-1.3088781833648682,1.4034814834594727
1710536838546188718,9.738149642944336,-1.3879138231277466,1.3879138231277466
1710536838571500250,9.739346504211426,-1.2166699171066284,1.457369327545166
1710536838575741239,9.730964660644531,-1.281335473060608,1.4717395305633545
1710536838592773369,9.710606575012207,-1.3292357921600342,1.532812476158142
1710536838620070477,9.727372169494629,-1.3280383348464966,1.4322216510772705
1710536838668419733,9.765691757202148,-1.2705578804016113,1.4322216510772705
1710536838691493040,9.704619407653809,-1.3208532333374023,1.550775170326233
1710536838715039735,9.734557151794434,-1.2645703554153442,1.4334192276000977
1710536838769363219,9.701026916503906,-1.3244458436965942,1.5376025438308716
1710536838781745306,9.721384048461914,-1.3448034524917603,1.4621593952178955
1710536838846248823,9.704619407653809,-1.272952914237976,1.5280224084854126
1710536838863737739,9.717791557312012,-1.2454102039337158,1.4920971393585205
1710536838912175149,9.747729301452637,-1.2657678127288818,1.431024193763733
1710536838933196169,9.729766845703125,-1.2490026950836182,1.4549744129180908
1710536838964577807,9.716594696044922,-1.2825329303741455,1.487307071685791
1710536838991787351,9.75012493133545,-1.277742862701416,1.3819262981414795
1710536839002397787,9.7094087600708,-1.311273217201233,1.506467342376709
1710536839015019617,9.727372169494629,-1.3172607421875,1.457369327545166
1710536839031855380,9.741742134094238,-1.211879849433899,1.4920971393585205
1710536839044510367,9.726174354553223,-1.2765454053878784,1.4801220893859863
1710536839063369029,9.715396881103516,-1.2226574420928955,1.476529598236084
1710536839069718540,9.727372169494629,-1.2382251024246216,1.460961937904358
1710536839118148182,9.733359336853027,-1.2298425436019897,1.4956897497177124
1710536839141323546,9.728569030761719,-1.2154724597930908,1.4992822408676147
1710536839174702781,9.724976539611816,-1.266965389251709,1.481319546699524
1710536839212876129,9.732161521911621,-1.2358300685882568,1.4693444967269897
1710536839250260797,9.7094087600708,-1.272952914237976,1.4741345643997192
1710536839336427855,9.708211898803711,-1.2609777450561523,1.5280224084854126
1710536839359348828,9.710606575012207,-1.3903088569641113,1.4561718702316284
1710536839376017444,9.751321792602539,-1.237027645111084,1.460961937904358
1710536839426409772,9.693841934204102,-1.4118640422821045,1.5160473585128784
1710536839434771938,9.733359336853027,-1.2502001523971558,1.4537768363952637
1710536839447285392,9.708211898803711,-1.3436059951782227,1.4980846643447876
1710536839453756358,9.747729301452637,-1.2525951862335205,1.4394067525863647
1710536839466596621,9.726174354553223,-1.2645703554153442,1.487307071685791
1710536839489693030,9.742938995361328,-1.3196557760238647,1.442999243736267
1710536839493971088,9.723779678344727,-1.2645703554153442,1.4705419540405273
1710536839519310913,9.702223777770996,-1.371148705482483,1.4849121570587158
1710536839586379068,9.730964660644531,-1.2861255407333374,1.4920971393585205
