bag_timestamp_ns,accel1_x,accel1_y,accel1_z
1710527340188688949,8.850794792175293,-0.21195922791957855,-4.712201118469238
1710527340214329127,8.863966941833496,-0.22632934153079987,-4.709805965423584
1710527340226936942,8.834029197692871,-0.23351439833641052,-4.713398456573486
1710527340235115340,8.88432502746582,-0.24668700993061066,-4.724175930023193
1710527340250596566,8.855585098266602,-0.20237915217876434,-4.688250541687012
1710527340270866746,8.877140045166016,-0.23111937940120697,-4.691843032836914
1710527340302242476,8.83881950378418,-0.1748364269733429,-4.690645694732666
1710527340325417147,8.868757247924805,-0.24069947004318237,-4.709805965423584
1710527340331475604,8.862770080566406,-0.16884887218475342,-4.702620983123779
1710527340399004237,8.84720230102539,-0.1999841332435608,-4.715793609619141
1710527340428572248,8.840017318725586,-0.21794678270816803,-4.664300441741943
1710527340443193152,8.857979774475098,-0.2550695836544037,-4.678670883178711
1710527340445282162,8.872349739074707,-0.22752685844898224,-4.714595794677734
1710527340462120467,8.866362571716309,-0.2047741711139679,-4.67507791519165
1710527340476787884,8.84720230102539,-0.2347119152545929,-4.673880577087402
1710527340506192199,8.863966941833496,-0.23111937940120697,-4.676275730133057
1710527340535470167,8.877140045166016,-0.19279907643795013,-4.663103103637695
1710527340541482776,8.860374450683594,-0.19878661632537842,-4.718188285827637
1710527340573011284,8.859177589416504,-0.20597167313098907,-4.679868221282959
1710527340596658524,8.863966941833496,-0.22632934153079987,-4.679868221282959
1710527340623892598,8.862770080566406,-0.2347119152545929,-4.713398456573486
1710527340655590792,8.849596977233887,-0.18202148377895355,-4.7253737449646
1710527340668209042,8.836424827575684,-0.19160155951976776,-4.721780776977539
1710527340693138731,8.866362571716309,-0.20836669206619263,-4.654720306396484
1710527340737294064,8.857979774475098,-0.16166381537914276,-4.746928691864014
1710527340783703782,8.857979774475098,-0.209564208984375,-4.661905288696289
1710527340802459474,8.860374450683594,-0.25147706270217896,-4.699028491973877
1710527340806682986,8.8519926071167,-0.1892065405845642,-4.691843032836914
1710527340830001192,8.8519926071167,-0.20237915217876434,-4.715793609619141
1710527340838232616,8.867559432983398,-0.14250366389751434,-4.711003303527832
1710527340874149232,8.861572265625,-0.2191442847251892,-4.702620983123779
1710527340970772006,8.861572265625,-0.2646496593952179,-4.711003303527832
1710527340985580824,8.861572265625,-0.2646496593952179,-4.711003303527832
1710527340993964771,8.849596977233887,-0.19639159739017487,-4.724175930023193
1710527341008683549,8.844806671142578,-0.2143542468547821,-4.690645694732666
1710527341090960615,8.84720230102539,-0.2047741711139679,-4.721780776977539
1710527341097135842,8.8519926071167,-0.2538720667362213,-4.691843032836914
1710527341130603940,8.861572265625,-0.2191442847251892,-4.700225830078125
1710527341132863119,8.865164756774902,-0.2143542468547821,-4.711003303527832
1710527341147461265,8.844806671142578,-0.2143542468547821,-4.73016357421875
1710527341158116588,8.891510009765625,-0.2251318395137787,-4.721780776977539
1710527341179144130,8.854387283325195,-0.24548950791358948,-4.67507791519165
1710527341202234661,8.84720230102539,-0.20237915217876434,-4.70741081237793
1710527341225373926,8.837621688842773,-0.20237915217876434,-4.685855865478516
1710527341242251837,8.868757247924805,-0.21555176377296448,-4.737348556518555
1710527341259009249,8.842411994934082,-0.2299218773841858,-4.690645694732666
1710527341298989841,8.88432502746582,-0.1939965784549713,-4.719386100769043
1710527341315702844,8.867559432983398,-0.17723144590854645,-4.689448356628418
1710527341336795007,8.860374450683594,-0.239501953125,-4.681065559387207
1710527341359898912,8.872349739074707,-0.25746458768844604,-4.672683238983154
1710527341368168442,8.862770080566406,-0.23111937940120697,-4.67507791519165
1710527341380721103,8.878337860107422,-0.22034180164337158,-4.679868221282959
1710527341414590249,8.874744415283203,-0.209564208984375,-4.691843032836914
1710527341503086572,8.842411994934082,-0.22273682057857513,-4.696633338928223
1710527341532197676,8.872349739074707,-0.2191442847251892,-4.720583438873291
1710527341555566301,8.84720230102539,-0.17962646484375,-4.7349534034729
1710527341576581657,8.856781959533691,-0.1892065405845642,-4.697830677032471
1710527341601769437,8.868757247924805,-0.18321900069713593,-4.711003303527832
1710527341627082877,8.862770080566406,-0.2143542468547821,-4.688250541687012
1710527341635258888,8.863966941833496,-0.2347119152545929,-4.711003303527832
1710527341645876247,8.8519926071167,-0.24309448897838593,-4.682263374328613
1710527341681784640,8.862770080566406,-0.21674926578998566,-4.701423168182373
1710527341692287119,8.878337860107422,-0.23231689631938934,-4.715793609619141
1710527341751391853,8.863966941833496,-0.24069947004318237,-4.67507791519165
1710527341759935165,8.853189468383789,-0.2239343225955963,-4.6702880859375
1710527341779474757,8.860374450683594,-0.21674926578998566,-4.709805965423584
1710527341801844225,8.877140045166016,-0.2047741711139679,-4.67507791519165
1710527341833280317,8.848400115966797,-0.1999841332435608,-4.721780776977539
1710527341839672389,8.843609809875488,-0.19160155951976776,-4.732558727264404
1710527341856632603,8.866362571716309,-0.13771362602710724,-4.690645694732666
1710527341869261474,8.867559432983398,-0.22872436046600342,-4.653522968292236
1710527341890271666,8.842411994934082,-0.1748364269733429,-4.684658050537109
1710527341925164475,8.855585098266602,-0.22872436046600342,-4.713398456573486
1710527341947311981,8.866362571716309,-0.2047741711139679,-4.688250541687012
1710527341968061854,8.863966941833496,-0.22872436046600342,-4.705015659332275
1710527341999635824,8.850794792175293,-0.22872436046600342,-4.702620983123779
1710527342020468793,8.84720230102539,-0.20836669206619263,-4.684658050537109
1710527342049689209,8.853189468383789,-0.21076172590255737,-4.678670883178711
1710527342072921017,8.856781959533691,-0.25746458768844604,-4.690645694732666
1710527342131698241,8.856781959533691,-0.26704466342926025,-4.690645694732666
1710527342163279732,8.832832336425781,-0.1748364269733429,-4.712201118469238
1710527342184614824,8.860374450683594,-0.20237915217876434,-4.718188285827637
1710527342205594483,8.873547554016113,-0.20836669206619263,-4.671485424041748
1710527342222468995,8.862770080566406,-0.2191442847251892,-4.702620983123779
1710527342281218173,8.862770080566406,-0.19878661632537842,-4.659510612487793
1710527342287712708,8.849596977233887,-0.21076172590255737,-4.703818321228027
1710527342359681702,8.843609809875488,-0.2490820288658142,-4.689448356628418
1710527342405966821,8.859177589416504,-0.22273682057857513,-4.658312797546387
1710527342431074016,8.861572265625,-0.15208373963832855,-4.654720306396484
1710527342460755332,8.834029197692871,-0.22632934153079987,-4.700225830078125
1710527342471060789,8.865164756774902,-0.2586621046066284,-4.713398456573486
1710527342483778224,8.867559432983398,-0.2143542468547821,-4.695436000823975
1710527342515106440,8.891510009765625,-0.20716919004917145,-4.696633338928223
1710527342527631796,8.843609809875488,-0.1640588343143463,-4.664300441741943
1710527342553054390,8.853189468383789,-0.18082398176193237,-4.700225830078125
1710527342576552350,8.861572265625,-0.21674926578998566,-4.697830677032471
1710527342595425996,8.854387283325195,-0.209564208984375,-4.713398456573486
1710527342641663733,8.849596977233887,-0.2598596215248108,-4.694238185882568
1710527342664641130,8.869955062866211,-0.19639159739017487,-4.703818321228027
1710527342690225757,8.843609809875488,-0.20118163526058197,-4.716990947723389
1710527342710955287,8.857979774475098,-0.24309448897838593,-4.696633338928223
1710527342742618781,8.87594223022461,-0.18321900069713593,-4.684658050537109
1710527342755296897,8.857979774475098,-0.25147706270217896,-4.654720306396484
1710527342772332584,8.869955062866211,-0.24189697206020355,-4.679868221282959
1710527342828806493,8.855585098266602,-0.17124389111995697,-4.708608627319336
1710527342837317070,8.856781959533691,-0.2143542468547821,-4.716990947723389
1710527342866681751,8.860374450683594,-0.24788452684879303,-4.706213474273682
1710527342889742272,8.867559432983398,-0.18082398176193237,-4.676275730133057
1710527342942123838,8.856781959533691,-0.2299218773841858,-4.728966236114502
1710527342971624264,8.862770080566406,-0.2682421803474426,-4.641547679901123
1710527342996883247,8.881930351257324,-0.21315674483776093,-4.714595794677734
1710527343043156692,8.874744415283203,-0.23590941727161407,-4.712201118469238
1710527343070492867,8.863966941833496,-0.23590941727161407,-4.696633338928223
1710527343099977766,8.867559432983398,-0.1652563512325287,-4.696633338928223
1710527343114672429,8.835227012634277,-0.2239343225955963,-4.694238185882568
1710527343116710476,8.887917518615723,-0.26584717631340027,-4.694238185882568
1710527343131446280,8.865164756774902,-0.24189697206020355,-4.69304084777832
1710527343158869950,8.843609809875488,-0.20237915217876434,-4.669090747833252
1710527343196810290,8.877140045166016,-0.24309448897838593,-4.6702880859375
1710527343203199315,8.879534721374512,-0.2706372141838074,-4.724175930023193
1710527343228176551,8.84720230102539,-0.20716919004917145,-4.691843032836914
1710527343238888300,8.846004486083984,-0.18202148377895355,-4.712201118469238
1710527343243198813,8.855585098266602,-0.21555176377296448,-4.715793609619141
1710527343264327058,8.855585098266602,-0.22034180164337158,-4.701423168182373
1710527343272665671,8.860374450683594,-0.20237915217876434,-4.671485424041748
1710527343289653413,8.860374450683594,-0.27662476897239685,-4.649930477142334
1710527343333440485,8.83881950378418,-0.21674926578998566,-4.714595794677734
1710527343371218759,8.843609809875488,-0.16645385324954987,-4.700225830078125
1710527343384122760,8.854387283325195,-0.19040405750274658,-4.669090747833252
1710527343394659995,8.865164756774902,-0.24548950791358948,-4.685855865478516
1710527343415430340,8.865164756774902,-0.24548950791358948,-4.685855865478516
1710527343438753310,8.859177589416504,-0.15328125655651093,-4.688250541687012
1710527343465868570,8.868757247924805,-0.1951940953731537,-4.709805965423584
1710527343497192260,8.905879974365234,-0.17723144590854645,-4.781656265258789
1710527343505668529,8.777746200561523,-0.4694238305091858,-4.720583438873291
1710527343549675638,8.8519926071167,-0.17124389111995697,-4.666695594787598
1710527343577062970,8.863966941833496,-0.31734007596969604,-4.685855865478516
1710527343587634100,8.854387283325195,-0.25626710057258606,-4.681065559387207
1710527343623414608,8.8519926071167,-0.18202148377895355,-4.67507791519165
1710527343627711539,8.856781959533691,-0.21195922791957855,-4.64753532409668
1710527343640158267,8.848400115966797,-0.23710693418979645,-4.696633338928223
1710527343655110004,8.862770080566406,-0.21315674483776093,-4.673880577087402
1710527343671856052,8.862770080566406,-0.20357665419578552,-4.672683238983154
1710527343791652311,8.843609809875488,-0.2047741711139679,-4.703818321228027
1710527343806433891,8.843609809875488,-0.2047741711139679,-4.703818321228027
1710527343812722088,8.853189468383789,-0.23830443620681763,-4.683460712432861
1710527343827513675,8.865164756774902,-0.19758911430835724,-4.673880577087402
1710527343903051613,8.862770080566406,-0.16645385324954987,-4.678670883178711
1710527343934636058,8.892707824707031,-0.23710693418979645,-4.637955188751221
1710527343947186244,8.859177589416504,-0.23830443620681763,-4.6702880859375
1710527343966140117,8.863966941833496,-0.28261229395866394,-4.682263374328613
1710527343982953182,8.860374450683594,-0.21555176377296448,-4.700225830078125
1710527343987073907,8.860374450683594,-0.21555176377296448,-4.700225830078125
1710527344005883952,8.859177589416504,-0.21076172590255737,-4.685855865478516
1710527344020764793,8.856781959533691,-0.24309448897838593,-4.697830677032471
1710527344088035084,8.862770080566406,-0.1892065405845642,-4.6702880859375
1710527344142480801,8.850794792175293,-0.19758911430835724,-4.708608627319336
1710527344150869898,8.860374450683594,-0.16765137016773224,-4.700225830078125
1710527344180397668,8.881930351257324,-0.24788452684879303,-4.669090747833252
1710527344188767730,8.853189468383789,-0.23710693418979645,-4.669090747833252
1710527344209794573,8.866362571716309,-0.19758911430835724,-4.690645694732666
1710527344285446660,8.872349739074707,-0.21076172590255737,-4.685855865478516
1710527344299996407,8.869955062866211,-0.24668700993061066,-4.690645694732666
1710527344317373452,8.869955062866211,-0.24668700993061066,-4.660707950592041
1710527344329262213,8.874744415283203,-0.22632934153079987,-4.701423168182373
1710527344346912738,8.853189468383789,-0.20237915217876434,-4.691843032836914
1710527344367393683,8.867559432983398,-0.21794678270816803,-4.667892932891846
1710527344378250509,8.87594223022461,-0.24309448897838593,-4.659510612487793
1710527344384201446,8.862770080566406,-0.24548950791358948,-4.652325630187988
1710527344398877326,8.862770080566406,-0.24548950791358948,-4.652325630187988
1710527344419795778,8.868757247924805,-0.21555176377296448,-4.688250541687012
1710527344466322465,8.859177589416504,-0.2598596215248108,-4.646337985992432
1710527344472539735,8.859177589416504,-0.2598596215248108,-4.646337985992432
1710527344487290760,8.8519926071167,-0.19878661632537842,-4.7253737449646
1710527344504169793,8.832832336425781,-0.29698240756988525,-4.696633338928223
1710527344516755244,8.873547554016113,-0.22153930366039276,-4.690645694732666
1710527344539870409,8.862770080566406,-0.18082398176193237,-4.702620983123779
1710527344563006151,8.865164756774902,-0.22632934153079987,-4.703818321228027
1710527344571396304,8.850794792175293,-0.17723144590854645,-4.712201118469238
1710527344600712269,8.866362571716309,-0.23351439833641052,-4.682263374328613
1710527344630248031,8.874744415283203,-0.21076172590255737,-4.695436000823975
1710527344634346695,8.868757247924805,-0.19040405750274658,-4.677473068237305
1710527344642926985,8.869955062866211,-0.22153930366039276,-4.673880577087402
1710527344661844645,8.865164756774902,-0.22872436046600342,-4.6702880859375
1710527344676556021,8.866362571716309,-0.20836669206619263,-4.669090747833252
1710527344693307973,8.872349739074707,-0.2299218773841858,-4.655918121337891
1710527344701707767,8.872349739074707,-0.2646496593952179,-4.700225830078125
1710527344726856311,8.860374450683594,-0.19160155951976776,-4.66549825668335
1710527344781570339,8.867559432983398,-0.20597167313098907,-4.684658050537109
1710527344794320482,8.859177589416504,-0.20716919004917145,-4.687053203582764
1710527344810935519,8.867559432983398,-0.1999841332435608,-4.699028491973877
1710527344847052001,8.863966941833496,-0.20836669206619263,-4.683460712432861
1710527344869767084,8.868757247924805,-0.20836669206619263,-4.699028491973877
1710527344895181970,8.853189468383789,-0.22153930366039276,-4.677473068237305
1710527344901583858,8.860374450683594,-0.2143542468547821,-4.687053203582764
1710527344922079460,8.895102500915527,-0.22273682057857513,-4.69304084777832
1710527344937226228,8.850794792175293,-0.22872436046600342,-4.667892932891846
1710527344968621408,8.874744415283203,-0.23830443620681763,-4.711003303527832
1710527344992135580,8.868757247924805,-0.1892065405845642,-4.709805965423584
1710527345021716444,8.866362571716309,-0.23590941727161407,-4.646337985992432
1710527345034234221,8.862770080566406,-0.2239343225955963,-4.659510612487793
1710527345044719911,8.842411994934082,-0.20357665419578552,-4.706213474273682
1710527345059481835,8.868757247924805,-0.1951940953731537,-4.721780776977539
1710527345080916651,8.862770080566406,-0.23231689631938934,-4.688250541687012
1710527345105495898,8.866362571716309,-0.21555176377296448,-4.705015659332275
1710527345109820264,8.849596977233887,-0.18321900069713593,-4.705015659332275
1710527345139363181,8.861572265625,-0.24548950791358948,-4.691843032836914
1710527345162451161,8.856781959533691,-0.2239343225955963,-4.688250541687012
1710527345170878158,8.860374450683594,-0.17124389111995697,-4.666695594787598
1710527345191911844,8.869955062866211,-0.23830443620681763,-4.719386100769043
1710527345238062231,8.84720230102539,-0.19160155951976776,-4.672683238983154
1710527345349341658,8.867559432983398,-0.18321900069713593,-4.697830677032471
1710527345366253164,8.865164756774902,-0.2802172899246216,-4.683460712432861
1710527345439775600,8.860374450683594,-0.23830443620681763,-4.681065559387207
1710527345467100951,9.036408424377441,-0.2347119152545929,-4.931344985961914
1710527345492183695,8.859177589416504,-0.14130614697933197,-4.614005088806152
1710527345533969913,8.88432502746582,-0.2490820288658142,-4.672683238983154
1710527345552921022,8.87594223022461,-0.1999841332435608,-4.702620983123779
1710527345580257128,8.889115333557129,-0.16046631336212158,-4.679868221282959
1710527345597198057,8.868757247924805,-0.20716919004917145,-4.705015659332275
1710527345605857244,8.872349739074707,-0.22273682057857513,-4.689448356628418
1710527345634990611,8.891510009765625,-0.25746458768844604,-4.6702880859375
1710527345664359016,8.855585098266602,-0.17723144590854645,-4.718188285827637
1710527345733349765,8.854387283325195,-0.28141480684280396,-4.679868221282959
1710527345750193390,8.8711519241333,-0.17244140803813934,-4.66549825668335
1710527345769087583,8.862770080566406,-0.2143542468547821,-4.737348556518555
1710527345784110321,8.846004486083984,-0.20597167313098907,-4.64753532409668
1710527345792579461,8.817264556884766,-0.2550695836544037,-4.673880577087402
1710527345815866341,8.83881950378418,-0.23710693418979645,-4.6702880859375
1710527345868503934,8.854387283325195,-0.20237915217876434,-4.746928691864014
1710527345898059397,8.850794792175293,-0.24668700993061066,-4.695436000823975
1710527345929666980,8.82444953918457,-0.2754272520542145,-4.695436000823975
1710527345982092334,8.899892807006836,-0.20118163526058197,-4.721780776977539
1710527346003099427,8.868757247924805,-0.21555176377296448,-4.690645694732666
1710527346032483723,8.889115333557129,-0.24309448897838593,-4.654720306396484
1710527346047156595,8.857979774475098,-0.239501953125,-4.6702880859375
1710527346068163720,8.878337860107422,-0.24668700993061066,-4.684658050537109
1710527346099760103,9.006470680236816,-0.05748046934604645,-4.761298656463623
1710527346128991933,8.895102500915527,-0.1592687964439392,-4.727768421173096
1710527346152662563,8.854387283325195,-0.17124389111995697,-4.697830677032471
1710527346171444843,8.823251724243164,-0.1652563512325287,-4.708608627319336
1710527346230354609,8.880732536315918,-0.20716919004917145,-4.712201118469238
1710527346242868302,8.861572265625,-0.149688720703125,-4.614005088806152
1710527346266009944,8.834029197692871,-0.13651610910892487,-4.709805965423584
1710527346301831991,8.8519926071167,-0.20597167313098907,-4.683460712432861
1710527346332875343,8.869955062866211,-0.2981799244880676,-4.690645694732666
1710527346354331776,8.857979774475098,-0.2251318395137787,-4.66549825668335
1710527346369009455,8.857979774475098,-0.2502795457839966,-4.666695594787598
1710527346415316644,8.866362571716309,-0.20597167313098907,-4.636757850646973
1710527346453415981,8.844806671142578,-0.19160155951976776,-4.677473068237305
1710527346487163638,8.879534721374512,-0.20357665419578552,-4.679868221282959
1710527346503836744,8.867559432983398,-0.18681152164936066,-4.649930477142334
1710527346520468588,8.861572265625,-0.149688720703125,-4.709805965423584
1710527346535228982,8.8519926071167,-0.17723144590854645,-4.705015659332275
1710527346558613157,8.861572265625,-0.2251318395137787,-4.649930477142334
1710527346568965503,8.892707824707031,-0.2598596215248108,-4.687053203582764
1710527346608994280,8.866362571716309,-0.21794678270816803,-4.630770206451416
1710527346653135530,8.842411994934082,0.07664062827825546,-4.380490779876709
1710527346670137421,8.758586883544922,-0.13172607123851776,-4.653522968292236
1710527346674464996,8.891510009765625,-0.03951782360672951,-4.701423168182373
1710527346684853381,8.854387283325195,-0.24189697206020355,-4.745731353759766
1710527346714191216,8.825647354125977,-0.3005749583244324,-4.661905288696289
1710527346738916110,8.848400115966797,-0.32093262672424316,-4.694238185882568
1710527346770654655,8.903485298156738,-0.3041674792766571,-4.721780776977539
1710527346789576912,8.841214179992676,-0.2251318395137787,-4.708608627319336
1710527346804489388,8.91186809539795,-0.16166381537914276,-4.634362697601318
1710527346821397646,8.88432502746582,-0.28141480684280396,-4.689448356628418
1710527346842281975,8.867559432983398,-0.17603392899036407,-4.66549825668335
1710527346865877513,8.867559432983398,-0.17603392899036407,-4.66549825668335
1710527346873742024,8.866362571716309,-0.25267454981803894,-4.654720306396484
1710527346915512282,8.843609809875488,-0.20836669206619263,-4.678670883178711
1710527346928001466,8.825647354125977,-0.21076172590255737,-4.687053203582764
1710527346932087403,8.887917518615723,-0.19758911430835724,-4.712201118469238
1710527346964465719,8.885522842407227,-0.2850073277950287,-4.629572868347168
1710527346987460984,8.854387283325195,-0.16765137016773224,-4.691843032836914
1710527347014496760,8.853189468383789,-0.22034180164337158,-4.721780776977539
1710527347031183773,8.846004486083984,-0.20716919004917145,-4.709805965423584
1710527347075111237,8.82444953918457,-0.21315674483776093,-4.681065559387207
1710527347104733573,8.87594223022461,-0.22153930366039276,-4.661905288696289
1710527347110953481,8.857979774475098,-0.19878661632537842,-4.727768421173096
1710527347119388225,8.863966941833496,-0.15567627549171448,-4.636757850646973
1710527347140488506,8.878337860107422,-0.21315674483776093,-4.627177715301514
1710527347186882022,9.051976203918457,-0.2550695836544037,-5.063071250915527
1710527347207765934,8.80169677734375,0.21076172590255737,-4.324207782745361
1710527347298216116,8.895102500915527,-0.1700463891029358,-4.637955188751221
1710527347325291602,8.8519926071167,-0.1544787585735321,-4.639153003692627
1710527347335756303,8.867559432983398,-0.1700463891029358,-4.660707950592041
1710527347346472013,8.890312194824219,-0.3089575171470642,-4.673880577087402
1710527347369369591,8.861572265625,-0.14849120378494263,-4.682263374328613
1710527347375838172,8.903485298156738,-0.1939965784549713,-4.641547679901123
1710527347416011999,8.841214179992676,-0.16645385324954987,-4.722978591918945
1710527347443294363,8.863966941833496,-0.16645385324954987,-4.655918121337891
1710527347466420417,8.889115333557129,-0.239501953125,-4.631967544555664
1710527347487388012,8.883127212524414,-0.21315674483776093,-4.661905288696289
1710527347508409582,8.892707824707031,-0.29219236969947815,-4.689448356628418
1710527347539742267,8.87594223022461,-0.18800903856754303,-4.631967544555664
1710527347562983625,8.862770080566406,-0.18800903856754303,-4.648733139038086
1710527347577818335,8.862770080566406,-0.18800903856754303,-4.648733139038086
1710527347605006530,8.880732536315918,-0.19639159739017487,-4.708608627319336
1710527347638479874,8.889115333557129,-0.16765137016773224,-4.657115459442139
1710527347651099875,8.848400115966797,-0.25147706270217896,-4.69304084777832
1710527347674326503,8.895102500915527,-0.1544787585735321,-4.649930477142334
1710527347689039625,8.913064956665039,-0.1999841332435608,-4.666695594787598
1710527347699654125,8.887917518615723,-0.15088623762130737,-4.716990947723389
1710527347705734194,8.880732536315918,-0.31255003809928894,-4.779261589050293
1710527347741134941,8.87594223022461,-0.5520520210266113,-4.447551250457764
1710527347757744210,8.728649139404297,-0.01796264573931694,-4.339775562286377
1710527347821394468,8.923842430114746,-0.30776000022888184,-4.655918121337891
1710527347861199612,8.893904685974121,-0.13052856922149658,-4.645140171051025
1710527347886528728,8.897497177124023,-0.1544787585735321,-4.689448356628418
1710527347911821928,8.856781959533691,-0.22153930366039276,-4.67507791519165
1710527347934494477,8.914262771606445,-0.2239343225955963,-4.677473068237305
1710527347959934130,8.890312194824219,-0.18321900069713593,-4.654720306396484
1710527347991619956,8.874744415283203,-0.15328125655651093,-4.63316535949707
1710527348021383234,8.842411994934082,-0.23710693418979645,-4.677473068237305
1710527348025292615,8.880732536315918,-0.1652563512325287,-4.654720306396484
1710527348048604277,8.908275604248047,-0.26704466342926025,-4.614005088806152
1710527348080121633,8.855585098266602,-0.2251318395137787,-4.715793609619141
1710527348094778482,8.861572265625,-0.1951940953731537,-4.636757850646973
1710527348132921860,8.859177589416504,-0.15687377750873566,-4.677473068237305
1710527348145161342,8.904682159423828,-0.25626710057258606,-4.671485424041748
1710527348179538952,8.896300315856934,-0.22034180164337158,-4.649930477142334
1710527348191748080,8.881930351257324,-0.16286133229732513,-4.657115459442139
1710527348215486317,8.880732536315918,-0.23351439833641052,-4.678670883178711
1710527348233760910,8.866362571716309,-0.1544787585735321,-4.671485424041748
1710527348248427575,8.8519926071167,-0.20118163526058197,-4.769681453704834
1710527348271705983,8.975336074829102,-0.25626710057258606,-4.877457141876221
1710527348305108444,8.968151092529297,-0.20237915217876434,-4.562512397766113
1710527348322312965,8.866362571716309,-0.08622070401906967,-4.625980377197266
1710527348435525412,8.879534721374512,-0.29099488258361816,-4.667892932891846
1710527348456658000,8.904682159423828,-0.389190673828125,-4.751718521118164
1710527348485883169,8.878337860107422,-0.18561401963233948,-4.681065559387207
1710527348574064987,8.896300315856934,-0.13891112804412842,-4.637955188751221
1710527348582539529,8.850794792175293,-0.24309448897838593,-4.694238185882568
1710527348614040202,8.878337860107422,-0.20836669206619263,-4.685855865478516
1710527348637162286,8.915460586547852,-0.1844165027141571,-4.645140171051025
1710527348687618441,8.895102500915527,-0.26704466342926025,-4.641547679901123
1710527348702330801,8.892707824707031,-0.1999841332435608,-4.655918121337891
1710527348740015264,8.881930351257324,-0.1700463891029358,-4.649930477142334
1710527348767429331,8.889115333557129,-0.18681152164936066,-4.618795394897461
1710527348769500641,8.889115333557129,-0.18681152164936066,-4.684658050537109
1710527348837009061,8.855585098266602,-0.5125342011451721,-4.594844818115234
1710527348914738240,8.855585098266602,-0.21076172590255737,-4.784051418304443
1710527348946125722,8.826844215393066,-0.20237915217876434,-4.64753532409668
1710527348958742748,8.883127212524414,-0.18561401963233948,-4.701423168182373
1710527348973721913,8.873547554016113,-0.20836669206619263,-4.657115459442139
1710527349003103699,8.891510009765625,-0.17603392899036407,-4.619992733001709
1710527349034763539,8.904682159423828,-0.22034180164337158,-4.682263374328613
1710527349049460229,8.874744415283203,-0.20118163526058197,-4.676275730133057
1710527349099973551,8.893904685974121,-0.1939965784549713,-4.640350341796875
1710527349125881529,8.933423042297363,-0.30177247524261475,-4.600832462310791
1710527349139841025,8.881930351257324,-0.18202148377895355,-4.636757850646973
1710527349154615556,8.905879974365234,-0.27303221821784973,-4.642745494842529
1710527349192395066,8.873547554016113,-0.17842894792556763,-4.63316535949707
1710527349202810873,8.902287483215332,-0.21674926578998566,-4.654720306396484
1710527349236629035,8.881930351257324,-0.20118163526058197,-4.672683238983154
1710527349289244623,8.868757247924805,-0.10418334603309631,-4.667892932891846
1710527349308254449,8.865164756774902,-0.2538720667362213,-4.667892932891846
1710527349320657160,8.893904685974121,-0.17723144590854645,-4.630770206451416
1710527349348132435,8.88432502746582,-0.20716919004917145,-4.706213474273682
1710527349369389541,8.908275604248047,-0.24548950791358948,-4.793631553649902
1710527349394375472,8.752598762512207,0.2646496593952179,-4.402045726776123
1710527349406989310,8.986113548278809,-0.32692015171051025,-4.652325630187988
1710527349453179705,8.859177589416504,-0.3592529296875,-4.718188285827637
1710527349474062996,8.887917518615723,-0.2191442847251892,-4.705015659332275
1710527349484554655,8.872349739074707,-0.2047741711139679,-4.66549825668335
1710527349501295662,8.843609809875488,-0.3185375928878784,-4.63316535949707
1710527349534657584,8.841214179992676,-0.19279907643795013,-4.732558727264404
1710527349543067262,8.899892807006836,-0.19279907643795013,-4.570894718170166
1710527349581112186,8.895102500915527,-0.15687377750873566,-4.683460712432861
1710527349587536876,8.853189468383789,-0.14729370176792145,-4.63316535949707
1710527349593972734,8.960965156555176,-0.239501953125,-4.592450141906738
1710527349604382585,8.867559432983398,-0.1652563512325287,-4.676275730133057
1710527349625396258,8.87594223022461,-0.1640588343143463,-4.676275730133057
1710527349631642797,8.87594223022461,-0.2347119152545929,-4.640350341796875
1710527349660655045,8.920249938964844,-0.19279907643795013,-4.636757850646973
1710527349677562377,8.893904685974121,-0.23111937940120697,-4.676275730133057
1710527349694396186,8.903485298156738,-0.2442919909954071,-4.643942832946777
1710527349742940928,8.892707824707031,-0.24309448897838593,-4.645140171051025
1710527349787255776,8.901089668273926,-0.3089575171470642,-4.64753532409668
1710527349808066211,8.892707824707031,-0.1844165027141571,-4.673880577087402
1710527349816462678,8.896300315856934,-0.23351439833641052,-4.625980377197266
1710527349829137694,8.89869499206543,-0.19160155951976776,-4.593647480010986
1710527349850201956,8.89869499206543,-0.19160155951976776,-4.657115459442139
1710527349860890899,8.861572265625,-0.2191442847251892,-4.657115459442139
1710527349887915399,8.977730751037598,-0.1448986828327179,-4.878654956817627
1710527349909076281,8.720266342163086,-0.4430786073207855,-4.57328987121582
1710527349933993461,8.867559432983398,-0.19758911430835724,-4.550537109375
1710527349967840015,8.89869499206543,-0.17723144590854645,-4.676275730133057
1710527349970039517,8.919053077697754,-0.3688330054283142,-4.606820106506348
1710527350011835231,8.905879974365234,-0.17363891005516052,-4.641547679901123
1710527350031232672,8.885522842407227,-0.12813355028629303,-4.594844818115234
1710527350060855759,8.857979774475098,-0.18561401963233948,-4.7349534034729
1710527350106651122,8.848400115966797,-0.24788452684879303,-4.70741081237793
1710527350127383125,8.831634521484375,-0.26105713844299316,-4.631967544555664
1710527350142168984,8.89869499206543,-0.2251318395137787,-4.635560512542725
1710527350144306459,8.89869499206543,-0.2251318395137787,-4.635560512542725
1710527350171795005,8.89869499206543,-0.1951940953731537,-4.641547679901123
1710527350180166860,8.89869499206543,-0.1951940953731537,-4.672683238983154
1710527350184298412,8.908275604248047,-0.2143542468547821,-4.627177715301514
1710527350211728602,8.910670280456543,-0.14130614697933197,-4.614005088806152
1710527350241083453,8.893904685974121,-0.17842894792556763,-4.667892932891846
1710527350249525984,8.901089668273926,-0.26704466342926025,-4.604424953460693
1710527350268489582,8.896300315856934,-0.24069947004318237,-4.683460712432861
1710527350293615571,8.88432502746582,-0.2347119152545929,-4.677473068237305
1710527350306180533,8.905879974365234,-0.23231689631938934,-4.663103103637695
1710527350331290096,8.855585098266602,-0.20716919004917145,-4.640350341796875
1710527350350059530,8.917855262756348,-0.16884887218475342,-4.679868221282959
1710527350352259423,8.877140045166016,-0.2682421803474426,-4.652325630187988
1710527350360717122,8.896300315856934,-0.17962646484375,-4.592450141906738
1710527350379570016,8.859177589416504,-0.11855346709489822,-4.624782562255859
1710527350392428911,8.87594223022461,-0.29219236969947815,-4.6056227684021
1710527350428364214,8.893904685974121,-0.19040405750274658,-4.628375053405762
1710527350449073474,8.901089668273926,-0.209564208984375,-4.76728630065918
1710527350464020445,8.739426612854004,-0.4538561999797821,-4.629572868347168
1710527350495446216,8.855585098266602,-0.1149609386920929,-4.6056227684021
1710527350526576332,8.886719703674316,-0.16765137016773224,-4.639153003692627
1710527350552080521,8.902287483215332,-0.30656251311302185,-4.699028491973877
1710527350577486459,8.901089668273926,-0.26225462555885315,-4.624782562255859
1710527350606744832,8.889115333557129,-0.13891112804412842,-4.592450141906738
1710527350629725216,8.89869499206543,-0.19160155951976776,-4.629572868347168
1710527350644358584,8.8711519241333,-0.20836669206619263,-4.629572868347168
1710527350682307919,8.866362571716309,-0.22872436046600342,-4.641547679901123
1710527350709014434,8.87594223022461,-0.17723144590854645,-4.685855865478516
1710527350728802765,8.854387283325195,-0.17124389111995697,-4.655918121337891
1710527350766423713,8.891510009765625,-0.20357665419578552,-4.681065559387207
1710527350802145547,8.886719703674316,-0.23590941727161407,-4.646337985992432
1710527350804200892,8.850794792175293,-0.15567627549171448,-4.691843032836914
1710527350837822548,8.91186809539795,-0.2299218773841858,-4.659510612487793
1710527350846143797,8.91186809539795,-0.2299218773841858,-4.659510612487793
1710527350877614202,8.893904685974121,-0.21674926578998566,-4.634362697601318
1710527350888150655,8.887917518615723,-0.21315674483776093,-4.652325630187988
1710527350907159826,8.890312194824219,-0.20118163526058197,-4.661905288696289
1710527350951077303,8.872349739074707,-0.1951940953731537,-4.643942832946777
1710527350976548525,8.874744415283203,-0.19040405750274658,-4.648733139038086
1710527351020646117,8.869955062866211,-0.19639159739017487,-4.619992733001709
1710527351142723143,8.87594223022461,-0.22034180164337158,-4.627177715301514
1710527351149046975,8.87594223022461,-0.22034180164337158,-4.627177715301514
1710527351164092498,8.89869499206543,-0.2682421803474426,-4.630770206451416
1710527351184931596,8.893904685974121,-0.15328125655651093,-4.664300441741943
1710527351224960089,8.928632736206055,-0.26704466342926025,-4.561314582824707
1710527351246051970,8.885522842407227,-0.28261229395866394,-4.658312797546387
1710527351281898732,8.892707824707031,-0.17124389111995697,-4.646337985992432
1710527351327702249,8.863966941833496,-0.14609618484973907,-4.6702880859375
1710527351342451610,8.910670280456543,-0.2850073277950287,-4.654720306396484
1710527351361374874,8.883127212524414,-0.18561401963233948,-4.643942832946777
1710527351384665069,8.913064956665039,-0.25267454981803894,-4.69304084777832
1710527351418310339,8.873547554016113,-0.13891112804412842,-4.63316535949707
1710527351439418474,8.886719703674316,-0.2239343225955963,-4.682263374328613
1710527351489843427,8.88432502746582,-0.1999841332435608,-4.648733139038086
1710527351491844483,8.883127212524414,-0.19758911430835724,-4.606820106506348
1710527351523326528,8.899892807006836,-0.18082398176193237,-4.658312797546387
1710527351546306282,8.856781959533691,-0.1448986828327179,-4.625980377197266
1710527351558935332,8.89869499206543,-0.18800903856754303,-4.574487209320068
1710527351575764003,8.896300315856934,-0.2646496593952179,-4.637955188751221
1710527351611620036,8.893904685974121,-0.17603392899036407,-4.618795394897461
1710527351628470878,8.89869499206543,-0.22153930366039276,-4.679868221282959
1710527351649385198,8.877140045166016,-0.18561401963233948,-4.655918121337891
1710527351666309834,8.877140045166016,-0.18561401963233948,-4.655918121337891
1710527351670597561,8.87594223022461,-0.23111937940120697,-4.628375053405762
1710527351687294629,8.890312194824219,-0.17842894792556763,-4.657115459442139
1710527351710291839,8.896300315856934,-0.209564208984375,-4.611609935760498
1710527351726962629,8.854387283325195,-0.2538720667362213,-4.682263374328613
1710527351733374600,8.917855262756348,-0.21555176377296448,-4.636757850646973
1710527351762954959,8.880732536315918,-0.19878661632537842,-4.666695594787598
1710527351792429437,8.88432502746582,-0.2239343225955963,-4.63316535949707
1710527351821866340,8.886719703674316,-0.18321900069713593,-4.643942832946777
1710527351847080576,8.899892807006836,-0.20716919004917145,-4.628375053405762
1710527351878642348,8.910670280456543,-0.17244140803813934,-4.630770206451416
1710527351880803775,8.893904685974121,-0.3005749583244324,-4.709805965423584
1710527351910148595,8.873547554016113,-0.19639159739017487,-4.608017444610596
1710527351941800147,8.850794792175293,-0.1640588343143463,-4.737348556518555
1710527351994218514,8.843609809875488,-0.24548950791358948,-4.663103103637695
1710527352003128319,8.846004486083984,-0.1544787585735321,-4.706213474273682
1710527352017339876,8.928632736206055,-0.18800903856754303,-4.6152024269104
1710527352034259446,8.902287483215332,-0.15567627549171448,-4.594844818115234
1710527352051067000,8.914262771606445,-0.2191442847251892,-4.651127815246582
1710527352061617938,8.866362571716309,-0.15807129442691803,-4.696633338928223
1710527352099631888,8.893904685974121,-0.15567627549171448,-4.641547679901123
1710527352131052710,8.925040245056152,-0.27782225608825684,-4.643942832946777
1710527352145551822,8.88432502746582,-0.1149609386920929,-4.609215259552002
1710527352181356403,8.890312194824219,-0.2299218773841858,-4.637955188751221
1710527352225478445,8.863966941833496,-0.20118163526058197,-4.621190071105957
1710527352236080919,8.866362571716309,-0.11735595762729645,-4.653522968292236
1710527352265708029,8.883127212524414,-0.20716919004917145,-4.636757850646973
1710527352282266106,8.896300315856934,-0.21555176377296448,-4.598437309265137
1710527352303275586,8.856781959533691,-0.19639159739017487,-4.688250541687012
1710527352323949919,8.869955062866211,-0.16645385324954987,-4.631967544555664
1710527352330100284,8.869955062866211,-0.16645385324954987,-4.631967544555664
1710527352334482467,8.892707824707031,-0.19040405750274658,-4.617597579956055
1710527352355745162,8.887917518615723,-0.17244140803813934,-4.661905288696289
1710527352378892113,8.887917518615723,-0.23111937940120697,-4.609215259552002
1710527352427186221,8.88432502746582,-0.18321900069713593,-4.63316535949707
1710527352450191539,8.891510009765625,-0.24189697206020355,-4.64753532409668
1710527352475570400,8.896300315856934,-0.19878661632537842,-4.617597579956055
1710527352484048775,8.892707824707031,-0.20237915217876434,-4.641547679901123
1710527352504791465,8.867559432983398,-0.23590941727161407,-4.630770206451416
1710527352530017067,8.901089668273926,-0.2347119152545929,-4.667892932891846
1710527352559563977,8.868757247924805,-0.22632934153079987,-4.643942832946777
1710527352586851616,8.899892807006836,-0.16645385324954987,-4.625980377197266
1710527352633497730,8.901089668273926,-0.21315674483776093,-4.637955188751221
1710527352648204837,8.89869499206543,-0.1939965784549713,-4.616400241851807
1710527352671170296,8.8711519241333,-0.2239343225955963,-4.64753532409668
1710527352677577913,8.880732536315918,-0.16166381537914276,-4.604424953460693
1710527352700541661,8.913064956665039,-0.18321900069713593,-4.646337985992432
1710527352713114524,8.908275604248047,-0.21195922791957855,-4.621190071105957
1710527352729730536,8.865164756774902,-0.15807129442691803,-4.657115459442139
1710527352759320270,9.013655662536621,-0.29219236969947815,-4.586462497711182
1710527352850185671,8.878337860107422,-0.47062134742736816,-4.664300441741943
1710527352873307744,8.983717918395996,-0.12334350496530533,-4.471501350402832
1710527352887959645,8.908275604248047,-0.24548950791358948,-4.572092056274414
1710527352896492735,8.93102741241455,-0.17842894792556763,-4.660707950592041
1710527352911085073,8.913064956665039,-0.14609618484973907,-4.690645694732666
1710527352946491785,8.89869499206543,-0.2538720667362213,-4.672683238983154
1710527352954927250,8.90707778930664,-0.17962646484375,-4.578079700469971
1710527352969701185,8.867559432983398,-0.17363891005516052,-4.643942832946777
1710527353005785164,8.859177589416504,-0.16884887218475342,-4.751718521118164
1710527353127050608,8.860374450683594,-0.20237915217876434,-4.672683238983154
1710527353156796952,8.92144775390625,-0.2897973656654358,-4.608017444610596
1710527353196790263,8.889115333557129,-0.1999841332435608,-4.6152024269104
1710527353230519145,8.885522842407227,-0.35206785798072815,-4.701423168182373
1710527353276854384,8.951385498046875,-0.22153930366039276,-4.552932262420654
1710527353285122450,8.828042030334473,-0.18800903856754303,-4.658312797546387
1710527353325285384,8.853189468383789,-0.18800903856754303,-4.652325630187988
1710527353350089400,8.896300315856934,-0.20716919004917145,-4.636757850646973
1710527353352089446,8.896300315856934,-0.2251318395137787,-4.639153003692627
1710527353369180781,8.891510009765625,-0.2945874035358429,-4.652325630187988
1710527353404935882,8.927434921264648,-0.2143542468547821,-4.621190071105957
1710527353411376917,8.865164756774902,-0.18681152164936066,-4.639153003692627
1710527353523907842,8.908275604248047,-0.25267454981803894,-4.611609935760498
1710527353537290754,8.903485298156738,-0.25147706270217896,-4.592450141906738
1710527353564693871,8.869955062866211,-0.3041674792766571,-4.612807750701904
1710527353579556110,8.889115333557129,-0.17723144590854645,-4.640350341796875
1710527353627851151,8.844806671142578,-0.3041674792766571,-4.706213474273682
1710527353632166687,8.892707824707031,-0.1951940953731537,-4.602029800415039
1710527353653064445,8.945398330688477,-0.18681152164936066,-4.575685024261475
1710527353663548444,8.860374450683594,-0.24668700993061066,-4.714595794677734
1710527353678513066,8.877140045166016,-0.17363891005516052,-4.649930477142334
1710527353699322290,8.892707824707031,-0.16765137016773224,-4.651127815246582
1710527353711710508,8.862770080566406,-0.2586621046066284,-4.69304084777832
1710527353743045489,8.825647354125977,-0.0850231945514679,-4.661905288696289
1710527353793770157,8.90707778930664,-0.23830443620681763,-4.619992733001709
1710527353852469880,8.879534721374512,-0.19758911430835724,-4.663103103637695
1710527353858872738,8.857979774475098,-0.15687377750873566,-4.636757850646973
1710527353900679011,8.891510009765625,-0.15687377750873566,-4.611609935760498
1710527353915554545,8.891510009765625,-0.15687377750873566,-4.611609935760498
1710527353923644687,8.878337860107422,-0.25147706270217896,-4.659510612487793
1710527353938676982,8.902287483215332,-0.2442919909954071,-4.612807750701904
1710527354054363885,8.899892807006836,-0.25626710057258606,-4.64753532409668
1710527354069168044,8.881930351257324,-0.18321900069713593,-4.658312797546387
1710527354075450587,8.867559432983398,-0.1951940953731537,-4.612807750701904
1710527354092336242,8.867559432983398,-0.1951940953731537,-4.612807750701904
1710527354104771075,8.908275604248047,-0.20597167313098907,-4.658312797546387
1710527354125752840,8.867559432983398,-0.23111937940120697,-4.592450141906738
1710527354129873998,8.925040245056152,-0.23111937940120697,-4.592450141906738
1710527354146897735,8.874744415283203,-0.16286133229732513,-4.628375053405762
1710527354157343344,8.826844215393066,-0.14849120378494263,-4.688250541687012
1710527354172304055,8.92144775390625,-0.1939965784549713,-4.586462497711182
1710527354262543181,8.867559432983398,-0.16884887218475342,-4.669090747833252
1710527354289835349,8.899892807006836,-0.22872436046600342,-4.636757850646973
1710527354298086869,8.885522842407227,-0.17842894792556763,-4.655918121337891
1710527354325270187,8.892707824707031,-0.24668700993061066,-4.652325630187988
1710527354361151926,8.880732536315918,-0.12813355028629303,-4.624782562255859
1710527354384539291,8.917855262756348,-0.24668700993061066,-4.666695594787598
1710527354413605754,8.889115333557129,-0.22632934153079987,-4.6702880859375
1710527354430443497,8.889115333557129,-0.1999841332435608,-4.61041259765625
1710527354462202868,8.8519926071167,-0.17723144590854645,-4.687053203582764
1710527354478888124,8.896300315856934,-0.19279907643795013,-4.604424953460693
1710527354506250501,8.902287483215332,-0.21794678270816803,-4.608017444610596
1710527354571359718,8.909472465515137,-0.19758911430835724,-4.561314582824707
1710527354590313484,8.880732536315918,-0.17962646484375,-4.645140171051025
1710527354607148370,8.87594223022461,-0.16645385324954987,-4.655918121337891
1710527354642742601,8.896300315856934,-0.2802172899246216,-4.642745494842529
1710527354686912620,8.89869499206543,-0.19878661632537842,-4.593647480010986
1710527354762426634,8.893904685974121,-0.21794678270816803,-4.634362697601318
1710527354781323056,8.901089668273926,-0.18681152164936066,-4.618795394897461
1710527354787591226,8.867559432983398,-0.17962646484375,-4.637955188751221
1710527354800271841,8.891510009765625,-0.239501953125,-4.691843032836914
1710527354844294594,8.841214179992676,-0.04191284254193306,-4.586462497711182
1710527354852811504,8.874744415283203,-0.20237915217876434,-4.543352127075195
1710527354951281720,8.877140045166016,-0.1341210901737213,-4.652325630187988
1710527354955510000,8.903485298156738,-0.17723144590854645,-4.599635124206543
1710527354972316485,8.877140045166016,-0.19878661632537842,-4.636757850646973
1710527354995237454,8.879534721374512,-0.21315674483776093,-4.646337985992432
1710527355012208624,8.867559432983398,-0.20597167313098907,-4.654720306396484
1710527355022725822,8.893904685974121,-0.19279907643795013,-4.641547679901123
1710527355033252780,8.69631576538086,-0.1748364269733429,-4.525389194488525
1710527355083512006,8.885522842407227,-0.21195922791957855,-4.664300441741943
1710527355098166258,8.940608024597168,-0.209564208984375,-4.653522968292236
1710527355100280294,8.859177589416504,-0.16645385324954987,-4.596042633056641
1710527355119710009,8.90707778930664,-0.14849120378494263,-4.634362697601318
1710527355144219898,8.846004486083984,-0.29937744140625,-4.655918121337891
1710527355170618900,8.881930351257324,-0.1939965784549713,-4.631967544555664
1710527355188849901,8.90707778930664,-0.20836669206619263,-4.627177715301514
1710527355220114392,8.869955062866211,-0.23830443620681763,-4.623585224151611
1710527355272695822,8.878337860107422,-0.2251318395137787,-4.672683238983154
1710527355281213928,8.880732536315918,-0.1748364269733429,-4.602029800415039
1710527355304293083,8.902287483215332,-0.21315674483776093,-4.623585224151611
1710527355316876510,8.886719703674316,-0.16765137016773224,-4.614005088806152
1710527355339931249,8.87594223022461,-0.21076172590255737,-4.641547679901123
1710527355354613870,8.976532936096191,-0.16765137016773224,-4.787643909454346
1710527355371510734,8.835227012634277,-0.31255003809928894,-4.611609935760498
1710527355392647807,8.834029197692871,-0.1892065405845642,-4.623585224151611
1710527355413567551,8.946595191955566,-0.26584717631340027,-4.602029800415039
1710527355438885388,8.841214179992676,-0.18082398176193237,-4.622387886047363
1710527355468415342,8.92144775390625,-0.2802172899246216,-4.679868221282959
1710527355523197248,8.891510009765625,-0.3185375928878784,-4.623585224151611
1710527355546254607,8.856781959533691,-0.09220825135707855,-4.648733139038086
1710527355590260300,8.874744415283203,-0.18321900069713593,-4.64753532409668
1710527355617444976,8.866362571716309,-0.149688720703125,-4.642745494842529
1710527355640604344,8.887917518615723,-0.2347119152545929,-4.622387886047363
1710527355667828507,8.910670280456543,-0.19160155951976776,-4.611609935760498
1710527355730702053,8.889115333557129,-0.1999841332435608,-4.627177715301514
1710527355789836236,8.886719703674316,-0.20597167313098907,-4.614005088806152
1710527355839859073,8.880732536315918,-0.22273682057857513,-4.619992733001709
1710527355926477029,8.89869499206543,-0.2047741711139679,-4.648733139038086
1710527355932669352,8.923842430114746,-0.15328125655651093,-4.58765983581543
1710527355966466735,8.925040245056152,-0.2802172899246216,-4.64753532409668
1710527355975458785,8.908275604248047,-0.10298583656549454,-4.598437309265137
1710527356012819205,8.93581771850586,-0.1844165027141571,-4.636757850646973
1710527356023187501,8.93581771850586,-0.1844165027141571,-4.636757850646973
1710527356058951909,8.903485298156738,-0.09580077975988388,-4.611609935760498
1710527356098814436,8.887917518615723,-0.149688720703125,-4.630770206451416
1710527356127985893,8.87594223022461,-0.17603392899036407,-4.639153003692627
1710527356159885288,8.905879974365234,-0.18082398176193237,-4.676275730133057
1710527356172367621,8.861572265625,-0.20597167313098907,-4.659510612487793
1710527356178953330,8.927434921264648,-0.20118163526058197,-4.604424953460693
1710527356206227758,8.913064956665039,-0.16166381537914276,-4.579277515411377
1710527356227246686,8.879534721374512,-0.1844165027141571,-4.6056227684021
1710527356233659376,8.896300315856934,-0.2143542468547821,-4.659510612487793
1710527356267200157,8.889115333557129,-0.21674926578998566,-4.672683238983154
1710527356273358284,8.879534721374512,-0.15807129442691803,-4.6056227684021
1710527356288104136,8.909472465515137,-0.2251318395137787,-4.629572868347168
1710527356298653815,8.874744415283203,-0.23231689631938934,-4.635560512542725
1710527356313296630,8.89869499206543,-0.15807129442691803,-4.6152024269104
1710527356332188197,8.874744415283203,-0.16765137016773224,-4.6702880859375
1710527356352928008,8.874744415283203,-0.16286133229732513,-4.627177715301514
1710527356367828842,8.881930351257324,-0.22273682057857513,-4.635560512542725
1710527356411893725,8.886719703674316,-0.19639159739017487,-4.640350341796875
1710527356428743812,8.922645568847656,-0.2490820288658142,-4.602029800415039
1710527356491928901,8.93581771850586,-0.2502795457839966,-4.614005088806152
1710527356524066086,8.904682159423828,-0.26105713844299316,-4.568499565124512
1710527356542388491,8.897497177124023,-0.15567627549171448,-4.673880577087402
1710527356556831049,8.913064956665039,-0.31135255098342896,-4.603227615356445
1710527356592494138,9.180109977722168,-0.18800903856754303,-4.574487209320068
1710527356615777982,8.874744415283203,-0.1401086449623108,-4.603227615356445
1710527356647153908,8.915460586547852,-0.25267454981803894,-4.614005088806152
1710527356684831692,8.896300315856934,-0.17124389111995697,-4.600832462310791
1710527356703797694,8.892707824707031,-0.1951940953731537,-4.669090747833252
1710527356737407950,8.908275604248047,-0.14729370176792145,-4.590054988861084
1710527356756445512,8.886719703674316,-0.1844165027141571,-4.653522968292236
1710527356781498412,8.886719703674316,-0.1341210901737213,-4.594844818115234
1710527356806820097,8.895102500915527,-0.21076172590255737,-4.637955188751221
1710527356829984066,8.926238059997559,-0.3197351098060608,-4.602029800415039
1710527356853011977,8.901089668273926,-0.2251318395137787,-4.61041259765625
1710527356882466294,8.897497177124023,-0.2299218773841858,-4.628375053405762
1710527356905508537,8.874744415283203,-0.20118163526058197,-4.625980377197266
1710527356911884397,8.910670280456543,-0.23830443620681763,-4.608017444610596
1710527356928593987,8.878337860107422,-0.17962646484375,-4.596042633056641
1710527356941262135,8.868757247924805,-0.2047741711139679,-4.655918121337891
1710527356956342840,8.903485298156738,-0.16286133229732513,-4.594844818115234
1710527356975043649,8.90707778930664,-0.19040405750274658,-4.651127815246582
1710527356983514320,8.901089668273926,-0.2251318395137787,-4.639153003692627
1710527357023431734,8.84720230102539,-0.12334350496530533,-4.685855865478516
1710527357025536370,8.899892807006836,-0.2299218773841858,-4.604424953460693
1710527357057725983,8.880732536315918,-0.12094848603010178,-4.659510612487793
1710527357078082036,8.880732536315918,-0.18800903856754303,-4.548141956329346
1710527357094861727,8.891510009765625,-0.23590941727161407,-4.684658050537109
1710527357105244233,8.901089668273926,-0.15807129442691803,-4.58765983581543
1710527357109490078,8.889115333557129,-0.14370116591453552,-4.61041259765625
1710527357125988625,8.889115333557129,-0.14370116591453552,-4.61041259765625
1710527357134739545,8.908275604248047,-0.3245251476764679,-4.624782562255859
1710527357145041336,8.893904685974121,-0.14370116591453552,-4.608017444610596
1710527357166278855,8.901089668273926,-0.149688720703125,-4.616400241851807
1710527357179125661,8.943002700805664,-0.15328125655651093,-4.599635124206543
1710527357198200733,8.932225227355957,-0.21674926578998566,-4.617597579956055
1710527357223105021,8.874744415283203,-0.16286133229732513,-4.602029800415039
1710527357250265606,8.860374450683594,-0.22153930366039276,-4.657115459442139
1710527357261042737,8.901089668273926,-0.22034180164337158,-4.624782562255859
1710527357281886519,8.913064956665039,-0.20118163526058197,-4.582870006561279
1710527357292517127,8.88432502746582,-0.18321900069713593,-4.582870006561279
1710527357304850931,8.872349739074707,-0.23351439833641052,-4.654720306396484
1710527357328198829,8.893904685974121,-0.2047741711139679,-4.637955188751221
1710527357340614275,8.909472465515137,-0.17723144590854645,-4.635560512542725
1710527357351150574,8.880732536315918,-0.25746458768844604,-4.623585224151611
1710527357411983357,8.874744415283203,-0.18681152164936066,-4.635560512542725
1710527357424380152,8.896300315856934,-0.17842894792556763,-4.616400241851807
1710527357447765765,8.880732536315918,-0.19040405750274658,-4.64753532409668
1710527357491858954,8.916657447814941,-0.2442919909954071,-4.600832462310791
1710527357515065213,8.980125427246094,-0.22273682057857513,-4.744533538818359
1710527357575764177,8.802894592285156,-0.28261229395866394,-4.637955188751221
1710527357613847024,8.878337860107422,-0.3353027403354645,-4.609215259552002
1710527357620162532,8.897497177124023,-0.11136841028928757,-4.581672191619873
1710527357636757319,8.874744415283203,-0.22273682057857513,-4.667892932891846
1710527357666468553,8.922645568847656,-0.15687377750873566,-4.588857650756836
1710527357681068539,8.899892807006836,-0.2299218773841858,-4.599635124206543
1710527357708340624,8.873547554016113,-0.16286133229732513,-4.593647480010986
1710527357724989004,8.90707778930664,-0.2047741711139679,-4.593647480010986
1710527357786311896,8.91186809539795,-0.18202148377895355,-4.557722091674805
1710527357792531275,8.844806671142578,-0.20118163526058197,-4.604424953460693
1710527357815794014,8.922645568847656,-0.25147706270217896,-4.666695594787598
1710527357847402794,8.874744415283203,-0.13172607123851776,-4.567302227020264
1710527357868473828,8.92144775390625,-0.21076172590255737,-4.625980377197266
1710527357876842141,8.916657447814941,-0.2191442847251892,-4.604424953460693
1710527357914725712,8.879534721374512,-0.19878661632537842,-4.642745494842529
1710527357962785030,8.947793006896973,-0.23351439833641052,-4.608017444610596
1710527357967058862,8.891510009765625,-0.2251318395137787,-4.646337985992432
1710527357990261534,8.8711519241333,-0.15328125655651093,-4.636757850646973
1710527358009206271,8.8711519241333,-0.15328125655651093,-4.636757850646973
1710527358055391058,8.883127212524414,-0.16166381537914276,-4.634362697601318
1710527358070207305,8.895102500915527,-0.21076172590255737,-4.609215259552002
1710527358087194757,8.883127212524414,-0.19279907643795013,-4.641547679901123
1710527358135140297,8.953780174255371,-0.03832031413912773,-4.505031585693359
1710527358139646551,8.869955062866211,-0.014370117336511612,-4.585264682769775
1710527358145478160,8.859177589416504,-0.2251318395137787,-4.657115459442139
1710527358159121988,8.902287483215332,-0.18800903856754303,-4.671485424041748
1710527358175145170,8.866362571716309,-0.13651610910892487,-4.667892932891846
1710527358204409271,8.862770080566406,-0.15088623762130737,-4.748126029968262
1710527358229661994,8.853189468383789,-0.09699828922748566,-4.651127815246582
1710527358242380285,8.919053077697754,-0.18082398176193237,-4.563709735870361
1710527358250874331,8.902287483215332,-0.29698240756988525,-4.606820106506348
1710527358284723393,8.901089668273926,-0.1341210901737213,-4.676275730133057
1710527358286565452,8.901089668273926,-0.1341210901737213,-4.676275730133057
1710527358294963482,8.920249938964844,-0.16765137016773224,-4.619992733001709
1710527358326454381,8.879534721374512,-0.20357665419578552,-4.635560512542725
1710527358379348921,8.917855262756348,-0.2682421803474426,-4.612807750701904
1710527358417228368,8.908275604248047,-0.0646655261516571,-4.621190071105957
1710527358423511902,8.883127212524414,-0.2502795457839966,-4.629572868347168
1710527358453023698,8.88432502746582,-0.1640588343143463,-4.618795394897461
1710527358465264284,8.916657447814941,-0.23231689631938934,-4.634362697601318
1710527358484430906,8.893904685974121,-0.18561401963233948,-4.582870006561279
1710527358513838823,8.905879974365234,-0.21076172590255737,-4.655918121337891
1710527358528220565,8.902287483215332,-0.15208373963832855,-4.6056227684021
1710527358570254331,8.878337860107422,-0.13891112804412842,-4.649930477142334
1710527358618878101,8.914262771606445,-0.269439697265625,-4.635560512542725
1710527358627274471,8.872349739074707,-0.15807129442691803,-4.641547679901123
1710527358706951527,8.889115333557129,-0.19040405750274658,-4.599635124206543
1710527358732019578,8.883127212524414,-0.34248778223991394,-4.683460712432861
1710527358761769405,8.904682159423828,-0.28620484471321106,-4.594844818115234
1710527358805837117,8.901089668273926,-0.16884887218475342,-4.584067344665527
1710527358888093504,8.877140045166016,-0.23231689631938934,-4.649930477142334
1710527358915412293,8.899892807006836,-0.1592687964439392,-4.584067344665527
1710527358923657753,8.902287483215332,-0.17244140803813934,-4.609215259552002
1710527358932028966,8.903485298156738,-0.269439697265625,-4.6056227684021
1710527359031155101,8.891510009765625,-0.13771362602710724,-4.596042633056641
1710527359039388115,8.892707824707031,-0.18082398176193237,-4.6056227684021
1710527359064648131,8.877140045166016,-0.19878661632537842,-4.637955188751221
1710527359068763973,8.914262771606445,-0.20597167313098907,-4.602029800415039
1710527359091899478,8.901089668273926,-0.2251318395137787,-4.609215259552002
1710527359108906165,8.865164756774902,-0.10298583656549454,-4.612807750701904
1710527359125630693,8.890312194824219,-0.14729370176792145,-4.623585224151611
1710527359148769891,9.193282127380371,-0.20836669206619263,-4.653522968292236
1710527359159085041,8.890312194824219,-0.20836669206619263,-4.653522968292236
1710527359203472225,9.042396545410156,-0.1197509765625,-4.458328723907471
1710527359209852092,8.793313980102539,0.2442919909954071,-4.563709735870361
1710527359256157101,8.826844215393066,-0.39757323265075684,-4.744533538818359
1710527359285512903,8.857979774475098,-0.18800903856754303,-4.666695594787598
1710527359312885375,8.842411994934082,-0.23351439833641052,-4.657115459442139
1710527359351199495,8.805289268493652,-0.1149609386920929,-4.6702880859375
1710527359365160192,8.946595191955566,-0.1939965784549713,-4.576882362365723
1710527359388589637,8.891510009765625,-0.08023315668106079,-4.600832462310791
1710527359399112800,8.880732536315918,-0.24788452684879303,-4.664300441741943
1710527359422493332,8.869955062866211,-0.14370116591453552,-4.609215259552002
1710527359434948504,8.869955062866211,-0.14849120378494263,-4.590054988861084
1710527359460446216,8.925040245056152,-0.1844165027141571,-4.614005088806152
1710527359472949924,8.896300315856934,-0.25626710057258606,-4.598437309265137
1710527359489780979,8.869955062866211,-0.11376342922449112,-4.617597579956055
1710527359525248778,8.909472465515137,-0.21076172590255737,-4.592450141906738
1710527359552736633,8.908275604248047,-0.30776000022888184,-4.600832462310791
1710527359561183979,8.861572265625,-0.1544787585735321,-4.609215259552002
1710527359599196650,8.842411994934082,-0.10657837241888046,-4.622387886047363
1710527359639113233,8.933423042297363,-0.2742297351360321,-4.586462497711182
1710527359681128807,8.897497177124023,-0.19758911430835724,-4.614005088806152
1710527359704270137,8.908275604248047,-0.2646496593952179,-4.609215259552002
1710527359750190416,8.92144775390625,-0.2239343225955963,-4.471501350402832
1710527359786392904,8.84720230102539,-0.009580078534781933,-4.6056227684021
1710527359817930325,8.83881950378418,-0.24788452684879303,-4.695436000823975
1710527359832590040,8.897497177124023,-0.16765137016773224,-4.643942832946777
1710527359841281394,8.953780174255371,-0.1892065405845642,-4.542154312133789
1710527359868343958,8.897497177124023,-0.24668700993061066,-4.609215259552002
1710527359908224019,8.926238059997559,-0.21315674483776093,-4.614005088806152
1710527359922803038,8.901089668273926,-0.15088623762130737,-4.593647480010986
1710527359958449808,8.913064956665039,-0.16645385324954987,-4.621190071105957
1710527359992039251,8.91186809539795,-0.10897339135408401,-4.599635124206543
1710527360013010143,8.897497177124023,-0.239501953125,-4.585264682769775
1710527360029768437,8.873547554016113,-0.14729370176792145,-4.664300441741943
1710527360042509772,8.88432502746582,-0.2945874035358429,-4.625980377197266
1710527360065352582,8.922645568847656,-0.2885998487472534,-4.625980377197266
1710527360080170320,8.889115333557129,-0.1448986828327179,-4.611609935760498
1710527360101094417,8.922645568847656,-0.23111937940120697,-4.594844818115234
1710527360111634990,8.910670280456543,-0.17363891005516052,-4.596042633056641
1710527360141126818,8.863966941833496,-0.1592687964439392,-4.630770206451416
1710527360149437541,8.897497177124023,-0.13771362602710724,-4.592450141906738
1710527360155605514,8.873547554016113,-0.19878661632537842,-4.691843032836914
1710527360175301031,8.883127212524414,-0.1999841332435608,-4.603227615356445
1710527360200147146,8.872349739074707,-0.1640588343143463,-4.604424953460693
1710527360223318143,8.954977989196777,-0.2299218773841858,-4.582870006561279
1710527360269745125,8.903485298156738,-0.2850073277950287,-4.743336200714111
1710527360303146268,9.080716133117676,-0.2646496593952179,-4.75291633605957
1710527360323823455,8.841214179992676,-0.1149609386920929,-4.539759635925293
1710527360343255512,8.880732536315918,-0.10418334603309631,-4.700225830078125
1710527360376774080,8.909472465515137,-0.3436852991580963,-4.702620983123779
1710527360418845806,8.897497177124023,-0.17124389111995697,-4.594844818115234
1710527360477754079,8.943002700805664,-0.35087037086486816,-4.627177715301514
1710527360479784496,8.889115333557129,-0.055085450410842896,-4.509821891784668
1710527360498774322,8.954977989196777,-0.15687377750873566,-4.592450141906738
1710527360544635438,8.869955062866211,-0.2239343225955963,-4.631967544555664
1710527360568141042,8.915460586547852,-0.19639159739017487,-4.570894718170166
1710527360658363199,8.89869499206543,-0.22752685844898224,-4.642745494842529
1710527360710809978,8.859177589416504,-0.15088623762130737,-4.611609935760498
1710527360799251403,8.893904685974121,-0.20237915217876434,-4.600832462310791
1710527360812065537,8.960965156555176,-0.25147706270217896,-4.514611721038818
1710527360845352115,8.892707824707031,-0.021555176004767418,-4.475093841552734
1710527360883397152,8.83881950378418,-0.06227050721645355,-4.630770206451416
1710527360925150163,8.905879974365234,-0.25746458768844604,-4.625980377197266
1710527360929388554,8.943002700805664,-0.18202148377895355,-4.627177715301514
1710527360956782199,8.893904685974121,-0.11136841028928757,-4.574487209320068
1710527361022328005,9.00407600402832,-0.2646496593952179,-4.69304084777832
1710527361055957610,8.999285697937012,-0.27782225608825684,-4.534969329833984
1710527361077016582,8.93102741241455,-0.21555176377296448,-4.596042633056641
1710527361108532358,8.890312194824219,-0.15328125655651093,-4.641547679901123
1710527361160965302,8.91186809539795,-0.20597167313098907,-4.597239971160889
1710527361190709323,8.934619903564453,-0.209564208984375,-4.639153003692627
1710527361205197537,8.914262771606445,-0.1892065405845642,-4.568499565124512
1710527361215679651,8.915460586547852,-0.21674926578998566,-4.598437309265137
1710527361251212376,8.88432502746582,-0.19758911430835724,-4.639153003692627
1710527361295374646,8.881930351257324,-0.18202148377895355,-4.634362697601318
1710527361341610626,8.938213348388672,-0.17603392899036407,-4.578079700469971
1710527361362438437,8.975336074829102,-0.23830443620681763,-4.58765983581543
1710527361386173430,8.913064956665039,-0.07304809242486954,-4.534969329833984
1710527361453224676,8.999285697937012,-0.04550537094473839,-4.585264682769775
1710527361476712904,8.899892807006836,-0.25626710057258606,-4.608017444610596
1710527361511934607,8.890312194824219,-0.2299218773841858,-4.526587009429932
1710527361528499644,8.922645568847656,-0.15807129442691803,-4.619992733001709
1710527361539031418,8.874744415283203,-0.061072997748851776,-4.526587009429932
1710527361581372576,8.9909029006958,-0.2742297351360321,-4.594844818115234
1710527361596216673,8.902287483215332,-0.14130614697933197,-4.6056227684021
1710527361619364345,8.901089668273926,-0.13052856922149658,-4.608017444610596
1710527361663581017,8.869955062866211,-0.2502795457839966,-4.627177715301514
1710527361707247854,8.889115333557129,-0.13172607123851776,-4.625980377197266
1710527361732596238,8.895102500915527,-0.17962646484375,-4.580474853515625
1710527361755846835,8.877140045166016,-0.20237915217876434,-4.61041259765625
1710527361837770796,8.874744415283203,-0.1341210901737213,-4.586462497711182
1710527361862989463,8.891510009765625,-0.1592687964439392,-4.625980377197266
1710527361902970258,8.889115333557129,-0.19639159739017487,-4.719386100769043
1710527361925760004,8.964557647705078,-0.4885839819908142,-4.379293441772461
1710527361949195627,8.749006271362305,0.5340893268585205,-4.714595794677734
1710527361961941401,8.830436706542969,-0.4778063893318176,-4.630770206451416
1710527361987240761,8.94420051574707,-0.2742297351360321,-4.548141956329346
1710527362022959226,8.842411994934082,-0.27303221821784973,-4.598437309265137
1710527362056257734,8.92144775390625,-0.21555176377296448,-4.718188285827637
1710527362066794226,8.904682159423828,-0.2850073277950287,-4.600832462310791
1710527362098257665,8.89869499206543,-0.3233276307582855,-4.591252326965332
1710527362125768581,8.878337860107422,-0.12693603336811066,-4.639153003692627
1710527362129819794,8.895102500915527,-0.2239343225955963,-4.635560512542725
1710527362165835079,8.895102500915527,-0.0850231945514679,-4.552932262420654
1710527362189071245,8.89869499206543,-0.08382568508386612,-4.554129600524902
1710527362203723398,8.886719703674316,-0.2347119152545929,-4.635560512542725
1710527362216478858,8.878337860107422,-0.05149291828274727,-4.579277515411377
1710527362247839954,8.904682159423828,-0.21195922791957855,-4.612807750701904
1710527362275083287,8.909472465515137,-0.14370116591453552,-4.590054988861084
1710527362338028368,8.90707778930664,-0.1448986828327179,-4.594844818115234
1710527362363520416,8.896300315856934,-0.20118163526058197,-4.639153003692627
1710527362391000215,8.905879974365234,-0.2550695836544037,-4.58765983581543
1710527362424546957,8.932225227355957,-0.1999841332435608,-4.567302227020264
1710527362464448275,9.284293174743652,-0.1353186070919037,-4.563709735870361
1710527362468688998,8.80169677734375,0.6011499166488647,-4.557722091674805
1710527362531525597,8.988508224487305,-0.29698240756988525,-4.526587009429932
1710527362540356124,8.928632736206055,-0.10418334603309631,-4.55532693862915
1710527362548109699,8.928632736206055,-0.10418334603309631,-4.55532693862915
1710527362571125376,8.890312194824219,-0.0850231945514679,-4.593647480010986
1710527362586314327,8.863966941833496,-0.17842894792556763,-4.652325630187988
1710527362622029899,9.005273818969727,-0.18202148377895355,-4.600832462310791
1710527362638656141,8.950187683105469,-0.44068360328674316,-4.501439094543457
1710527362659591226,8.897497177124023,-0.20237915217876434,-4.574487209320068
1710527362665751665,8.897497177124023,-0.20237915217876434,-4.574487209320068
1710527362691478074,8.908275604248047,-0.30776000022888184,-4.612807750701904
1710527362741639329,8.897497177124023,-0.1892065405845642,-4.581672191619873
1710527362747978479,8.915460586547852,-0.11017090082168579,-4.581672191619873
1710527362762867503,8.901089668273926,-0.1892065405845642,-4.599635124206543
1710527362788213286,8.893904685974121,-0.11256591975688934,-4.646337985992432
1710527362817508595,8.903485298156738,-0.10418334603309631,-4.574487209320068
1710527362834372483,8.914262771606445,-0.2251318395137787,-4.592450141906738
1710527362876358940,8.929830551147461,-0.21674926578998566,-4.567302227020264
1710527362914356422,8.932225227355957,-0.1748364269733429,-4.598437309265137
1710527362930670371,8.859177589416504,-0.12693603336811066,-4.630770206451416
1710527362975208205,8.879534721374512,-0.20716919004917145,-4.712201118469238
1710527363036607426,9.248368263244629,-0.16046631336212158,-4.552932262420654
1710527363050987652,9.154962539672852,-0.48738646507263184,-4.427193641662598
1710527363074071059,8.87594223022461,-0.09340576082468033,-4.619992733001709
1710527363088843516,8.933423042297363,-0.17962646484375,-4.672683238983154
1710527363105361007,8.891510009765625,-0.2490820288658142,-4.599635124206543
1710527363109609402,8.89869499206543,-0.21315674483776093,-4.604424953460693
1710527363124950644,8.950187683105469,-0.3089575171470642,-4.609215259552002
1710527363141150032,8.866362571716309,0.015567626804113388,-4.685855865478516
1710527363149492182,8.901089668273926,-0.19878661632537842,-4.534969329833984
1710527363170601391,8.922645568847656,-0.23590941727161407,-4.643942832946777
1710527363185247938,8.925040245056152,-0.31135255098342896,-4.445156097412109
1710527363202158794,8.863966941833496,-0.09340576082468033,-4.629572868347168
1710527363239972829,8.910670280456543,-0.12573853135108948,-4.584067344665527
1710527363252753933,8.922645568847656,-0.26105713844299316,-4.604424953460693
1710527363275723856,8.93102741241455,-0.23111937940120697,-4.582870006561279
1710527363290408976,8.92144775390625,-0.10897339135408401,-4.533771991729736
1710527363313428863,8.902287483215332,-0.1149609386920929,-4.560117244720459
1710527363328232709,8.90707778930664,-0.2586621046066284,-4.617597579956055
1710527363351415960,8.93102741241455,-0.2897973656654358,-4.603227615356445
1710527363359863437,8.901089668273926,-0.0946032702922821,-4.597239971160889
1710527363410252891,8.872349739074707,-0.1748364269733429,-4.596042633056641
1710527363431548900,8.869955062866211,-0.16645385324954987,-4.628375053405762
1710527363460881610,8.90707778930664,-0.15567627549171448,-4.634362697601318
1710527363488118688,8.874744415283203,-0.09101074188947678,-4.597239971160889
1710527363498543544,8.922645568847656,-0.239501953125,-4.564907073974609
1710527363524703786,8.885522842407227,-0.24309448897838593,-4.703818321228027
1710527363559724077,8.952583312988281,-0.09699828922748566,-4.493056774139404
1710527363582729171,8.788524627685547,-0.33290770649909973,-4.6152024269104
1710527363605683436,9.18370246887207,-0.45625123381614685,-4.757706165313721
1710527363620978670,8.915460586547852,0.025147704407572746,-4.623585224151611
1710527363658337930,8.954977989196777,-0.07065307348966599,-4.536167144775391
1710527363704417434,9.177715301513672,-0.17124389111995697,-4.600832462310791
1710527363726640138,8.95857048034668,-0.17124389111995697,-4.600832462310791
1710527363733721729,8.908275604248047,-0.14729370176792145,-4.625980377197266
1710527363792657277,8.889115333557129,-0.2347119152545929,-4.57328987121582
1710527363809558859,8.899892807006836,-0.15687377750873566,-4.603227615356445
1710527363830538463,9.18370246887207,-0.14729370176792145,-4.608017444610596
1710527363845272573,8.941805839538574,-0.34129029512405396,-4.617597579956055
1710527363853833936,9.187294960021973,-0.09340576082468033,-4.563709735870361
1710527363874561218,8.892707824707031,-0.23590941727161407,-4.625980377197266
1710527363891421943,8.896300315856934,-0.22153930366039276,-4.635560512542725
1710527363906206768,8.895102500915527,-0.17723144590854645,-4.604424953460693
1710527363926291040,8.934619903564453,-0.2586621046066284,-4.581672191619873
1710527363943942728,8.899892807006836,-0.08861572295427322,-4.539759635925293
1710527364011232968,8.877140045166016,-0.19040405750274658,-4.639153003692627
1710527364019660393,8.893904685974121,-0.17723144590854645,-4.590054988861084
1710527364047210693,8.913064956665039,-0.13891112804412842,-4.594844818115234
1710527364063819968,8.922645568847656,-0.20597167313098907,-4.6056227684021
1710527364089057495,8.841214179992676,-0.14250366389751434,-4.760101318359375
1710527364131305182,8.959768295288086,-0.4382885694503784,-4.512216567993164
1710527364139659462,8.877140045166016,-0.3137475550174713,-4.4954514503479
1710527364173146324,8.93581771850586,-0.10059081763029099,-4.534969329833984
1710527364194161950,8.908275604248047,-0.14130614697933197,-4.566104888916016
1710527364221601919,8.908275604248047,-0.26105713844299316,-4.625980377197266
1710527364236321619,8.905879974365234,-0.05269043147563934,-4.579277515411377
1710527364263815862,8.919053077697754,-0.3484753370285034,-4.568499565124512
1710527364280606271,8.923842430114746,-0.17363891005516052,-4.533771991729736
1710527364293250696,8.928632736206055,-0.2586621046066284,-4.604424953460693
1710527364309964420,8.90707778930664,-0.17244140803813934,-4.6152024269104
1710527364325061021,8.934619903564453,-0.22273682057857513,-4.543352127075195
1710527364347812518,8.909472465515137,-0.19160155951976776,-4.569697380065918
1710527364362622006,8.867559432983398,-0.14609618484973907,-4.639153003692627
1710527364371101235,8.919053077697754,-0.11855346709489822,-4.572092056274414
1710527364381778074,8.896300315856934,-0.17124389111995697,-4.640350341796875
1710527364402615391,8.891510009765625,-0.25147706270217896,-4.630770206451416
1710527364461746497,8.887917518615723,-0.26105713844299316,-4.600832462310791
1710527364503542166,8.883127212524414,-0.21195922791957855,-4.631967544555664
1710527364509741291,8.883127212524414,-0.21195922791957855,-4.631967544555664
1710527364543239394,8.919053077697754,-0.1341210901737213,-4.584067344665527
1710527364566622379,8.932225227355957,-0.16884887218475342,-4.560117244720459
1710527364625388380,8.93102741241455,-0.21674926578998566,-4.664300441741943
1710527364642304775,9.19807243347168,-0.16645385324954987,-4.445156097412109
1710527364672150009,8.674760818481445,-0.1341210901737213,-4.713398456573486
1710527364684755670,9.128617286682129,-0.3939807116985321,-4.464316368103027
1710527364693451737,8.860374450683594,0.09101074188947678,-4.636757850646973
1710527364705797071,8.903485298156738,-0.19160155951976776,-4.599635124206543
1710527364726085108,8.978928565979004,-0.2933898866176605,-4.528982162475586
1710527364743220075,8.919053077697754,-0.15328125655651093,-4.570894718170166
1710527364747420576,8.849596977233887,-0.15687377750873566,-4.625980377197266
1710527364768399013,8.901089668273926,-0.22752685844898224,-4.618795394897461
1710527364814905980,8.939410209655762,-0.14849120378494263,-4.539759635925293
1710527364821415224,8.939410209655762,-0.14849120378494263,-4.539759635925293
1710527364827552885,8.952583312988281,-0.3784130811691284,-4.542154312133789
1710527364850877065,8.905879974365234,-0.15088623762130737,-4.612807750701904
1710527364865556540,8.904682159423828,-0.24548950791358948,-4.592450141906738
1710527364894894518,8.887917518615723,-0.24189697206020355,-4.669090747833252
1710527364947196747,8.932225227355957,-0.1544787585735321,-4.55532693862915
1710527364979134589,8.874744415283203,-0.13771362602710724,-4.600832462310791
1710527365017047305,8.960965156555176,-0.32692015171051025,-4.575685024261475
1710527365048637300,8.913064956665039,-0.20357665419578552,-4.542154312133789
1710527365075921537,8.88432502746582,-0.16046631336212158,-4.591252326965332
1710527365105491539,8.891510009765625,-0.17603392899036407,-4.599635124206543
1710527365125372456,8.91186809539795,-0.20357665419578552,-4.561314582824707
1710527365125427446,8.928632736206055,-0.19160155951976776,-4.572092056274414
1710527365138965056,8.925040245056152,-0.16645385324954987,-4.578079700469971
1710527365164355802,8.895102500915527,-0.18321900069713593,-4.55532693862915
1710527365185322430,8.978928565979004,-0.2143542468547821,-4.546944618225098
1710527365218848264,9.119036674499512,-0.4346960484981537,-4.439168930053711
1710527365240005248,8.940608024597168,-0.2646496593952179,-4.550537109375
1710527365255105726,8.820857048034668,-0.18561401963233948,-4.756508827209473
1710527365269488517,8.92144775390625,-0.1652563512325287,-4.600832462310791
1710527365290403085,9.012458801269531,-0.24309448897838593,-4.477488994598389
1710527365300872401,8.830436706542969,-0.1652563512325287,-4.54574728012085
1710527365326074887,8.855585098266602,-0.2239343225955963,-4.671485424041748
1710527365332476801,8.941805839538574,-0.08262817561626434,-4.562512397766113
1710527365353388375,8.909472465515137,-0.25626710057258606,-4.584067344665527
1710527365374425737,8.974138259887695,-0.3137475550174713,-4.55532693862915
1710527365376646498,8.927434921264648,-0.46702879667282104,-4.491858959197998
1710527365391341610,8.885522842407227,-0.22872436046600342,-4.597239971160889
1710527365427063522,8.950187683105469,-0.10657837241888046,-4.602029800415039
1710527365479842804,8.93102741241455,-0.24069947004318237,-4.617597579956055
1710527365502854788,8.890312194824219,-0.2490820288658142,-4.645140171051025
1710527365513162426,8.943002700805664,-0.2143542468547821,-4.58765983581543
1710527365542706409,8.859177589416504,-0.043110352009534836,-4.636757850646973
1710527365565751597,8.890312194824219,-0.11017090082168579,-4.616400241851807
1710527365622892715,8.868757247924805,-0.12813355028629303,-4.6056227684021
1710527365659007878,8.91186809539795,-0.18681152164936066,-4.582870006561279
1710527365662730520,8.887917518615723,-0.16884887218475342,-4.591252326965332
1710527365744612932,8.868757247924805,-0.23351439833641052,-4.43557596206665
1710527365780365395,8.856781959533691,-0.12693603336811066,-4.67507791519165
1710527365801309509,8.943002700805664,-0.08741821348667145,-4.637955188751221
1710527365855693674,8.970545768737793,-0.239501953125,-4.52778434753418
1710527365870537801,8.868757247924805,-0.22632934153079987,-4.630770206451416
1710527365885287285,8.93581771850586,-0.2347119152545929,-4.554129600524902
1710527365906235876,8.861572265625,-0.2682421803474426,-4.434378623962402
1710527365927310873,8.889115333557129,-0.15807129442691803,-4.612807750701904
1710527365952773944,8.89869499206543,-0.16166381537914276,-4.593647480010986
1710527365954749233,8.904682159423828,-0.2490820288658142,-4.574487209320068
1710527365967488856,8.943002700805664,-0.24668700993061066,-4.586462497711182
1710527365994717695,8.874744415283203,-0.12693603336811066,-4.561314582824707
1710527366066280770,8.950187683105469,-0.28141480684280396,-4.584067344665527
1710527366104088979,8.980125427246094,-0.2538720667362213,-4.422403335571289
1710527366133554283,8.984915733337402,-0.15567627549171448,-4.561314582824707
1710527366157519766,8.984915733337402,-0.15567627549171448,-4.561314582824707
1710527366224192843,8.822054862976074,-0.39757323265075684,-4.731360912322998
1710527366238858901,8.903485298156738,-0.02395019493997097,-4.570894718170166
1710527366251531402,8.881930351257324,-0.15567627549171448,-4.566104888916016
1710527366285029107,8.765771865844727,-0.6418652534484863,-4.708608627319336
1710527366327441158,8.780141830444336,-0.3999682664871216,-4.714595794677734
1710527366356380316,8.915460586547852,-0.14849120378494263,-4.842729568481445
1710527366409152446,8.814868927001953,0.13172607123851776,-4.667892932891846
1710527366453211904,8.863966941833496,-0.09340576082468033,-4.557722091674805
1710527366455343944,8.926238059997559,0.05987548828125,-4.491858959197998
1710527366470024301,8.860374450683594,-0.1149609386920929,-4.455934047698975
1710527366539286754,8.879534721374512,-0.38679563999176025,-4.738546371459961
1710527366574896708,8.881930351257324,-0.10897339135408401,-4.627177715301514
1710527366591825783,8.881930351257324,-0.10897339135408401,-4.627177715301514
1710527366598072304,8.926238059997559,-0.25626710057258606,-4.596042633056641
1710527366673616778,8.869955062866211,-0.2502795457839966,-4.51341438293457
1710527366686198050,8.937015533447266,-0.2646496593952179,-4.518204212188721
1710527366724185533,8.959768295288086,-0.12573853135108948,-4.609215259552002
1710527366732550412,8.89869499206543,-0.22034180164337158,-4.551734447479248
1710527366759830372,8.881930351257324,-0.19758911430835724,-4.622387886047363
1710527366784885284,8.860374450683594,-0.11615844815969467,-4.563709735870361
1710527366821169892,8.885522842407227,-0.24668700993061066,-4.815186977386475
1710527366839389605,8.789721488952637,0.3137475550174713,-4.499044418334961
1710527366858327796,8.789721488952637,-0.29937744140625,-4.711003303527832
1710527366927550477,8.926238059997559,-0.18800903856754303,-4.540956974029541
1710527366935895396,8.886719703674316,-0.09819579869508743,-4.6152024269104
1710527367003156510,8.908275604248047,-0.18082398176193237,-4.57328987121582
1710527367009634074,8.891510009765625,-0.11615844815969467,-4.609215259552002
1710527367018100203,8.896300315856934,-0.30656251311302185,-4.602029800415039
1710527367034804477,8.89869499206543,-0.19639159739017487,-4.557722091674805
1710527367087248787,8.866362571716309,-0.05388794094324112,-4.649930477142334
1710527367124784058,8.92144775390625,-0.10059081763029099,-4.562512397766113
1710527367126853593,8.92144775390625,-0.10059081763029099,-4.660707950592041
1710527367141534577,8.892707824707031,-0.1892065405845642,-4.641547679901123
1710527367190361372,8.915460586547852,-0.1844165027141571,-4.643942832946777
1710527367198787292,8.93102741241455,-0.35566040873527527,-4.528982162475586
1710527367236823865,8.89869499206543,-0.13651610910892487,-4.549339771270752
1710527367266081394,8.893904685974121,-0.07304809242486954,-4.646337985992432
1710527367333143221,8.922645568847656,-0.19639159739017487,-4.585264682769775
1710527367360531879,8.940608024597168,-0.13172607123851776,-4.487069129943848
1710527367375215138,8.9717435836792,-0.32213011384010315,-4.584067344665527
1710527367398492240,8.879534721374512,-0.43230101466178894,-4.445156097412109
1710527367417331607,8.831634521484375,-0.12693603336811066,-4.664300441741943
1710527367423735627,8.99569320678711,-0.1951940953731537,-4.602029800415039
1710527367442705314,8.885522842407227,-0.15687377750873566,-4.6702880859375
1710527367467897819,8.890312194824219,-0.46583130955696106,-4.51341438293457
1710527367511965094,8.895102500915527,-0.061072997748851776,-4.628375053405762
1710527367585914798,8.878337860107422,-0.18082398176193237,-4.614005088806152
1710527367611005333,8.934619903564453,-0.27303221821784973,-4.567302227020264
1710527367634102779,8.926238059997559,-0.26105713844299316,-4.640350341796875
1710527367640437566,8.926238059997559,-0.26105713844299316,-4.640350341796875
1710527367674162056,8.903485298156738,-0.17723144590854645,-4.576882362365723
1710527367678433960,8.929830551147461,-0.19639159739017487,-4.560117244720459
1710527367693145488,8.934619903564453,-0.24069947004318237,-4.568499565124512
1710527367707824922,8.895102500915527,-0.1939965784549713,-4.611609935760498
1710527367743448887,8.866362571716309,-0.09220825135707855,-4.631967544555664
1710527367781333613,8.861572265625,-0.12334350496530533,-4.584067344665527
1710527367800853597,8.913064956665039,-0.20597167313098907,-4.566104888916016
1710527367819049692,8.937015533447266,-0.19279907643795013,-4.588857650756836
1710527367827565206,8.913064956665039,-0.2706372141838074,-4.579277515411377
1710527367902790479,8.927434921264648,-0.17244140803813934,-4.616400241851807
1710527367961730865,8.91186809539795,-0.1353186070919037,-4.55532693862915
1710527367982828111,8.896300315856934,-0.06346801668405533,-4.660707950592041
1710527368008138341,8.899892807006836,-0.24548950791358948,-4.6056227684021
1710527368055070398,8.806487083435059,0.05029540881514549,-4.756508827209473
1710527368111011758,8.878337860107422,-0.4047583043575287,-4.515809535980225
1710527368142522041,8.896300315856934,-0.12813355028629303,-4.635560512542725
1710527368171995818,8.939410209655762,-0.17962646484375,-4.563709735870361
1710527368182347543,8.89869499206543,-0.2299218773841858,-4.6056227684021
1710527368188719899,8.890312194824219,-0.1748364269733429,-4.588857650756836
1710527368224792308,8.927434921264648,-0.20118163526058197,-4.606820106506348
1710527368226908053,8.90707778930664,-0.20357665419578552,-4.548141956329346
1710527368245705660,8.889115333557129,-0.1353186070919037,-4.566104888916016
1710527368292021953,8.850794792175293,-0.19639159739017487,-4.500241756439209
1710527368325047807,8.939410209655762,-0.27303221821784973,-4.55532693862915
1710527368344389947,8.943002700805664,-0.15328125655651093,-4.552932262420654
1710527368352907257,8.896300315856934,-0.12094848603010178,-4.611609935760498
1710527368399306249,8.941805839538574,-0.2838098108768463,-4.563709735870361
1710527368411988425,8.891510009765625,-0.11735595762729645,-4.575685024261475
1710527368433008864,8.89869499206543,-0.20597167313098907,-4.617597579956055
1710527368525898027,8.586145401000977,-0.18561401963233948,-4.593647480010986
1710527368563398314,8.925040245056152,-0.2347119152545929,-4.537364482879639
1710527368576130886,8.953780174255371,-0.3652404844760895,-4.448748588562012
1710527368594972386,8.849596977233887,0.3736230432987213,-4.699028491973877
1710527368622295312,8.822054862976074,-0.12693603336811066,-4.6152024269104
1710527368674885447,8.915460586547852,-0.3688330054283142,-4.569697380065918
1710527368714774489,8.868757247924805,-0.1939965784549713,-4.614005088806152
1710527368762919034,8.860374450683594,-0.1149609386920929,-4.551734447479248
1710527368788415501,8.860374450683594,-0.1149609386920929,-4.551734447479248
1710527368813581619,8.899892807006836,-0.26584717631340027,-4.6152024269104
1710527368832596914,8.902287483215332,-0.17363891005516052,-4.514611721038818
1710527368847526970,8.89869499206543,-0.18800903856754303,-4.561314582824707
1710527368864211861,8.926238059997559,-0.3149450719356537,-4.538561820983887
1710527368870529240,8.93102741241455,-0.23351439833641052,-4.543352127075195
1710527368887212001,8.938213348388672,-0.11256591975688934,-4.622387886047363
1710527368906340309,8.885522842407227,-0.1149609386920929,-4.666695594787598
1710527368914663412,8.945398330688477,-0.0850231945514679,-4.642745494842529
1710527368969083350,8.926238059997559,-0.22273682057857513,-4.560117244720459
1710527368984189075,8.916657447814941,-0.21315674483776093,-4.58765983581543
1710527368998947201,8.881930351257324,-0.2047741711139679,-4.737348556518555
1710527369011550220,8.926238059997559,-0.25147706270217896,-4.398453235626221
1710527369038640854,8.919053077697754,-0.1939965784549713,-4.481081485748291
1710527369049613544,8.919053077697754,-0.2598596215248108,-4.52778434753418
1710527369080930468,8.889115333557129,-0.04790038987994194,-4.612807750701904
1710527369101925858,8.89869499206543,-0.08143066614866257,-4.560117244720459
1710527369124972390,8.925040245056152,0.031135253608226776,-4.672683238983154
1710527369156549293,8.881930351257324,-0.1401086449623108,-4.597239971160889
1710527369194678048,8.941805839538574,-0.44068360328674316,-4.500241756439209
1710527369209344904,8.916657447814941,-0.2945874035358429,-4.506229400634766
1710527369228169260,8.878337860107422,-0.15567627549171448,-4.598437309265137
1710527369268133125,8.926238059997559,-0.22632934153079987,-4.544549465179443
1710527369291236602,8.922645568847656,-0.19160155951976776,-4.575685024261475
1710527369327567607,8.914262771606445,-0.2682421803474426,-4.604424953460693
1710527369356272090,8.953780174255371,-0.2586621046066284,-4.49066162109375
1710527369366766201,8.923842430114746,-0.239501953125,-4.54574728012085
1710527369387847677,8.951385498046875,-0.15687377750873566,-4.534969329833984
1710527369405460423,8.880732536315918,-0.29099488258361816,-4.640350341796875
1710527369415258688,8.951385498046875,-0.23231689631938934,-4.454736232757568
1710527369447108954,8.899892807006836,-0.15208373963832855,-4.634362697601318
1710527369453314248,8.932225227355957,-0.13771362602710724,-4.617597579956055
1710527369487077722,8.925040245056152,-0.15208373963832855,-4.461921215057373
1710527369516564435,8.948990821838379,-0.23830443620681763,-4.629572868347168
1710527369524515399,8.920249938964844,-0.209564208984375,-4.596042633056641
1710527369575346498,8.965755462646484,-0.25267454981803894,-4.43557596206665
1710527369596576040,8.9717435836792,-0.12334350496530533,-4.634362697601318
1710527369627801315,8.877140045166016,-0.17124389111995697,-4.584067344665527
1710527369676139679,8.883127212524414,0.2945874035358429,-4.701423168182373
1710527369694999647,8.920249938964844,-0.3245251476764679,-4.505031585693359
1710527369711888789,8.903485298156738,-0.149688720703125,-4.643942832946777
1710527369741169736,9.002878189086914,-0.10059081763029099,-4.461921215057373
1710527369816828462,8.895102500915527,-0.24548950791358948,-4.602029800415039
1710527369837922390,8.938213348388672,-0.1951940953731537,-4.576882362365723
1710527369877741022,8.908275604248047,-0.1951940953731537,-4.536167144775391
1710527369947180248,9.002878189086914,-0.3400927782058716,-4.473896503448486
1710527369962060232,8.914262771606445,-0.2933898866176605,-4.606820106506348
1710527369989260237,8.923842430114746,-0.008382568135857582,-4.564907073974609
1710527370016737913,8.886719703674316,-0.22752685844898224,-4.562512397766113
1710527370039853022,8.90707778930664,-0.24069947004318237,-4.519402027130127
1710527370052316286,8.908275604248047,-0.19878661632537842,-4.600832462310791
1710527370058752854,8.908275604248047,-0.19279907643795013,-4.584067344665527
1710527370092218867,8.919053077697754,-0.17124389111995697,-4.503834247589111
1710527370106999735,8.872349739074707,-0.2682421803474426,-4.494254112243652
1710527370125487741,8.920249938964844,-0.18082398176193237,-4.590054988861084
1710527370138348957,8.937015533447266,-0.24069947004318237,-4.515809535980225
1710527370174818534,8.862770080566406,-0.08023315668106079,-4.564907073974609
1710527370180469260,8.957372665405273,-0.24309448897838593,-4.612807750701904
1710527370214288904,9.217232704162598,-0.2538720667362213,-4.299059867858887
1710527370226891983,8.776549339294434,-0.6622229218482971,-4.564907073974609
1710527370233229326,8.81606674194336,0.16765137016773224,-4.666695594787598
1710527370243695281,8.897497177124023,-0.3436852991580963,-4.55532693862915
1710527370258719390,8.940608024597168,-0.1401086449623108,-4.484673976898193
1710527370288086196,8.99569320678711,-0.3532653748989105,-4.451143741607666
1710527370302740504,8.883127212524414,-0.4131408631801605,-4.524191856384277
1710527370311056362,8.863966941833496,-0.055085450410842896,-4.570894718170166
1710527370332070805,8.923842430114746,-0.03592529147863388,-4.363725662231445
1710527370338844798,8.962162971496582,-0.24788452684879303,-4.511019229888916
1710527370379166894,8.934619903564453,-0.24668700993061066,-4.568499565124512
1710527370401423664,8.89869499206543,-0.1353186070919037,-4.624782562255859
1710527370407788838,8.913064956665039,-0.16645385324954987,-4.544549465179443
1710527370416192823,8.914262771606445,-0.20237915217876434,-4.575685024261475
1710527370443442610,8.904682159423828,-0.14609618484973907,-4.6056227684021
1710527370475124448,8.925040245056152,-0.18681152164936066,-4.517006874084473
1710527370496022896,8.934619903564453,-0.3005749583244324,-4.525389194488525
1710527370515047819,8.913064956665039,-0.15807129442691803,-4.596042633056641
1710527370529536260,8.89869499206543,-0.07664062827825546,-4.596042633056641
1710527370558922302,8.909472465515137,-0.16765137016773224,-4.603227615356445
1710527370573810030,8.885522842407227,-0.149688720703125,-4.532574653625488
1710527370598855739,8.925040245056152,-0.239501953125,-4.591252326965332
1710527370626256923,8.914262771606445,-0.16046631336212158,-4.737348556518555
1710527370640930601,8.9717435836792,-0.14370116591453552,-4.611609935760498
1710527370685169998,8.952583312988281,-0.23351439833641052,-4.522994518280029
1710527370714488074,8.862770080566406,-0.07065307348966599,-4.619992733001709
1710527370735512137,9.034013748168945,-0.1748364269733429,-4.487069129943848
1710527370760730460,8.788524627685547,0.10178832709789276,-4.642745494842529
1710527370786124351,8.91186809539795,-0.43110352754592896,-4.567302227020264
1710527370821725907,8.893904685974121,-0.29578492045402527,-4.54574728012085
1710527370836597600,8.897497177124023,-0.22752685844898224,-4.619992733001709
1710527370851065033,8.909472465515137,-0.10777588188648224,-4.519402027130127
1710527370865763703,8.861572265625,-0.1149609386920929,-4.621190071105957
1710527370930759191,8.953780174255371,-0.25626710057258606,-4.534969329833984
1710527370971306332,8.939410209655762,-0.21555176377296448,-4.596042633056641
1710527370992257143,8.926238059997559,-0.13292358815670013,-4.604424953460693
1710527371004808241,8.895102500915527,-0.2586621046066284,-4.569697380065918
1710527371026016738,8.915460586547852,-0.2742297351360321,-4.52778434753418
1710527371091085304,8.925040245056152,-0.21076172590255737,-4.563709735870361
1710527371119487723,8.895102500915527,-0.23111937940120697,-4.520599365234375
1710527371158025397,8.919053077697754,-0.16645385324954987,-4.590054988861084
1710527371195815822,8.959768295288086,-0.19040405750274658,-4.449946403503418
1710527371214716120,8.899892807006836,-0.17723144590854645,-4.424798488616943
1710527371267779307,8.952583312988281,-0.1544787585735321,-4.655918121337891
1710527371292773397,8.892707824707031,-0.18082398176193237,-4.52778434753418
1710527371315785576,8.9813232421875,0.3496728539466858,-4.715793609619141
1710527371336812719,8.989706039428711,-0.15208373963832855,-4.423601150512695
1710527371366404259,8.916657447814941,-0.17962646484375,-4.525389194488525
1710527371383278050,8.984915733337402,-0.23710693418979645,-4.411625862121582
1710527371433847345,8.910670280456543,-0.17962646484375,-4.566104888916016
1710527371446248956,8.94420051574707,-0.24309448897838593,-4.558919906616211
1710527371480032438,8.895102500915527,-0.15208373963832855,-4.55532693862915
1710527371503370545,8.892707824707031,-0.23351439833641052,-4.579277515411377
1710527371530434281,8.934619903564453,-0.2634521424770355,-4.64753532409668
1710527371564433115,8.934619903564453,-0.27183473110198975,-4.567302227020264
1710527371576904849,8.908275604248047,-0.22153930366039276,-4.537364482879639
1710527371593843799,8.962162971496582,-0.2802172899246216,-4.611609935760498
1710527371617020044,8.891510009765625,-0.20237915217876434,-4.609215259552002
1710527371642211118,8.934619903564453,0.049097899347543716,-4.631967544555664
1710527371650588817,8.885522842407227,-0.16166381537914276,-4.530179500579834
1710527371682265625,9.020840644836426,-0.17842894792556763,-4.57328987121582
1710527371705152418,8.91186809539795,-0.17842894792556763,-4.528982162475586
1710527371728176590,8.962162971496582,-0.20716919004917145,-4.630770206451416
1710527371753725888,9.013655662536621,-0.12813355028629303,-4.596042633056641
1710527371778944703,8.614885330200195,-0.18202148377895355,-4.652325630187988
1710527371825515342,8.91186809539795,0.26225462555885315,-4.659510612487793
1710527371833889174,8.968151092529297,-0.5041515827178955,-4.58765983581543
1710527371846413639,8.91186809539795,-0.13172607123851776,-4.603227615356445
1710527371854976819,8.96695327758789,-0.09220825135707855,-4.509821891784668
1710527371869503065,8.891510009765625,-0.14729370176792145,-4.598437309265137
1710527371892829766,8.929830551147461,-0.17723144590854645,-4.612807750701904
1710527371930541771,8.859177589416504,-0.2550695836544037,-4.512216567993164
1710527371999988370,8.929830551147461,-0.20716919004917145,-4.600832462310791
1710527372012514845,8.94420051574707,-0.1748364269733429,-4.562512397766113
1710527372050417447,8.886719703674316,-0.1353186070919037,-4.526587009429932
1710527372073521273,8.926238059997559,-0.15328125655651093,-4.57328987121582
1710527372216667275,8.899892807006836,-0.13771362602710724,-4.54574728012085
1710527372223002901,8.913064956665039,-0.22752685844898224,-4.563709735870361
1710527372239853844,8.915460586547852,-0.15567627549171448,-4.574487209320068
1710527372327852204,8.939410209655762,-0.24189697206020355,-4.398453235626221
1710527372342749785,8.673563003540039,-0.07903564721345901,-4.593647480010986
1710527372359604205,8.954977989196777,-0.14609618484973907,-4.586462497711182
1710527372363919370,8.926238059997559,-0.2143542468547821,-4.61041259765625
1710527372368276716,8.771759033203125,-0.35685789585113525,-4.57328987121582
1710527372395584491,8.771759033203125,-0.35685789585113525,-4.57328987121582
1710527372403962484,8.952583312988281,-0.4742138683795929,-4.460723876953125
1710527372439882308,8.819659233093262,-0.05628295987844467,-4.738546371459961
1710527372465071948,8.9717435836792,-0.2299218773841858,-4.412823677062988
1710527372492319597,8.861572265625,-0.09220825135707855,-4.598437309265137
1710527372561826395,8.919053077697754,-0.18082398176193237,-4.604424953460693
1710527372623086299,8.932225227355957,-0.14849120378494263,-4.594844818115234
1710527372702899754,8.892707824707031,-0.21315674483776093,-4.6152024269104
1710527372729932536,8.946595191955566,-0.1293310523033142,-4.576882362365723
1710527372746658596,8.947793006896973,-0.22872436046600342,-4.518204212188721
1710527372782940520,8.938213348388672,-0.18681152164936066,-4.567302227020264
1710527372808186960,8.909472465515137,-0.21555176377296448,-4.718188285827637
1710527372822825807,8.952583312988281,-0.19639159739017487,-4.434378623962402
1710527372868955364,8.903485298156738,-0.20357665419578552,-4.373305797576904
1710527372883669031,8.916657447814941,-0.12573853135108948,-4.530179500579834
1710527372911170408,9.016051292419434,-0.3137475550174713,-4.46790885925293
1710527372942692293,8.908275604248047,0.19040405750274658,-4.653522968292236
1710527372950919522,8.868757247924805,-0.17124389111995697,-4.566104888916016
1710527372971965460,8.938213348388672,-0.22273682057857513,-4.544549465179443
1710527373005937819,8.863966941833496,-0.1892065405845642,-4.608017444610596
1710527373033489771,8.859177589416504,-0.1640588343143463,-4.627177715301514
1710527373104780844,8.901089668273926,-0.12334350496530533,-4.580474853515625
1710527373140584589,8.91186809539795,-0.16286133229732513,-4.548141956329346
1710527373159648109,8.941805839538574,-0.15088623762130737,-4.611609935760498
1710527373218414043,8.902287483215332,-0.20237915217876434,-4.570894718170166
1710527373237322756,8.9717435836792,-0.25267454981803894,-4.487069129943848
1710527373256413495,8.947793006896973,-0.18321900069713593,-4.593647480010986
1710527373287782219,8.886719703674316,-0.1149609386920929,-4.590054988861084
1710527373294026635,8.913064956665039,-0.31135255098342896,-4.531376838684082
1710527373310879820,8.877140045166016,-0.38679563999176025,-4.502636909484863
1710527373323856392,8.915460586547852,0.04550537094473839,-4.596042633056641
1710527373348588273,8.947793006896973,-0.13891112804412842,-4.578079700469971
1710527373363232918,8.879534721374512,-0.17962646484375,-4.716990947723389
1710527373430743262,8.841214179992676,-0.19878661632537842,-4.683460712432861
1710527373437371450,9.024433135986328,-0.15088623762130737,-4.512216567993164
1710527373498159435,8.89869499206543,-0.2191442847251892,-4.594844818115234
1710527373528677528,8.956175804138184,-0.26225462555885315,-4.591252326965332
1710527373571484792,8.916657447814941,-0.19639159739017487,-4.488266468048096
1710527373582163280,8.927434921264648,-0.2299218773841858,-4.528982162475586
1710527373647315637,8.89869499206543,-0.17244140803813934,-4.544549465179443
1710527373662037182,8.928632736206055,-0.13292358815670013,-4.560117244720459
1710527373672615135,8.93102741241455,-0.16046631336212158,-4.497846603393555
1710527373685937332,8.929830551147461,-0.20357665419578552,-4.552932262420654
1710527373702039065,8.939410209655762,-0.23830443620681763,-4.603227615356445
1710527373737775873,8.938213348388672,-0.20237915217876434,-4.574487209320068
1710527373766856739,8.92144775390625,-0.24069947004318237,-4.487069129943848
1710527373798453141,8.943002700805664,-0.1748364269733429,-4.568499565124512
1710527373817435445,8.878337860107422,-0.12693603336811066,-4.58765983581543
1710527373825878278,8.959768295288086,-0.1700463891029358,-4.576882362365723
1710527373846819504,8.90707778930664,-0.1353186070919037,-4.543352127075195
1710527373878371496,8.927434921264648,-0.12573853135108948,-4.596042633056641
1710527373888744131,8.93102741241455,-0.14250366389751434,-4.566104888916016
1710527373922701083,8.988508224487305,-0.13292358815670013,-4.560117244720459
1710527373949480337,8.970545768737793,-0.10657837241888046,-4.464316368103027
1710527373976888915,8.975336074829102,-0.23590941727161407,-4.640350341796875
1710527374000854791,8.892707824707031,-0.15088623762130737,-4.576882362365723
1710527374008681951,9.032815933227539,-0.30177247524261475,-4.560117244720459
1710527374054718072,8.943002700805664,-0.21195922791957855,-4.506229400634766
1710527374075874076,8.939410209655762,-0.10059081763029099,-4.55532693862915
1710527374090412816,8.945398330688477,-0.2239343225955963,-4.540956974029541
1710527374098826034,8.941805839538574,-0.19758911430835724,-4.487069129943848
1710527374136212467,8.90707778930664,-0.13651610910892487,-4.562512397766113
1710527374149335726,8.89869499206543,-0.2191442847251892,-4.599635124206543
1710527374181349555,8.937015533447266,-0.19639159739017487,-4.546944618225098
1710527374203984427,8.932225227355957,-0.1939965784549713,-4.539759635925293
1710527374233536358,8.903485298156738,-0.17124389111995697,-4.592450141906738
1710527374338304221,8.920249938964844,-0.14609618484973907,-4.563709735870361
1710527374372041210,8.877140045166016,-0.18202148377895355,-4.566104888916016
1710527374384889126,8.947793006896973,-0.18561401963233948,-4.539759635925293
1710527374401679862,8.927434921264648,-0.21315674483776093,-4.51341438293457
1710527374435375311,8.902287483215332,-0.1293310523033142,-4.515809535980225
1710527374482553907,8.996891021728516,-0.15088623762130737,-4.525389194488525
1710527374534384069,8.916657447814941,-0.17723144590854645,-4.564907073974609
1710527374549167626,8.946595191955566,-0.15687377750873566,-4.588857650756836
1710527374570194856,8.914262771606445,-0.1448986828327179,-4.619992733001709
1710527374624949909,8.976532936096191,-0.19878661632537842,-4.493056774139404
1710527374675504103,8.962162971496582,-0.2742297351360321,-4.466711521148682
1710527374698239795,8.93102741241455,-0.15088623762130737,-4.586462497711182
1710527374729723774,8.959768295288086,-0.10418334603309631,-4.574487209320068
1710527374740476203,8.937015533447266,-0.1401086449623108,-4.546944618225098
1710527374780362645,8.925040245056152,-0.1652563512325287,-4.588857650756836
1710527374811706361,8.93581771850586,-0.089813232421875,-4.604424953460693
1710527374866412777,8.934619903564453,-0.23590941727161407,-4.487069129943848
1710527374883078270,8.94420051574707,-0.15687377750873566,-4.55532693862915
1710527374908336474,8.928632736206055,-0.11256591975688934,-4.608017444610596
1710527374931406021,8.93102741241455,-0.18202148377895355,-4.501439094543457
1710527374998706640,8.879534721374512,-0.18082398176193237,-4.564907073974609
1710527375019639879,8.859177589416504,-0.24668700993061066,-4.421205997467041
1710527375028034743,8.878337860107422,-0.23231689631938934,-4.502636909484863
1710527375044913527,8.807683944702148,-0.055085450410842896,-4.415218353271484
1710527375072046875,8.879534721374512,0.26584717631340027,-4.448748588562012
1710527375095153848,8.793313980102539,0.05748046934604645,-4.520599365234375
1710527375124306041,8.842411994934082,0.010777588002383709,-4.479884147644043
1710527375153844341,8.903485298156738,-0.20597167313098907,-4.649930477142334
1710527375208347049,8.917855262756348,-0.2802172899246216,-4.532574653625488
1710527375223003030,8.905879974365234,-0.3353027403354645,-4.614005088806152
1710527375239948698,9.02682876586914,-0.29219236969947815,-4.487069129943848
1710527375260796740,8.905879974365234,-0.07544311881065369,-4.625980377197266
1710527375284039255,8.897497177124023,-0.0646655261516571,-4.458328723907471
1710527375286782744,8.976532936096191,-0.2706372141838074,-4.544549465179443
1710527375292332221,8.926238059997559,-0.007185058668255806,-4.64753532409668
1710527375324399549,8.837621688842773,-0.3592529296875,-4.586462497711182
1710527375343130899,8.8711519241333,-0.13172607123851776,-4.576882362365723
1710527375355912035,8.830436706542969,-0.21195922791957855,-4.855902194976807
1710527375374806502,8.757389068603516,-0.021555176004767418,-4.558919906616211
1710527375391545850,8.859177589416504,-0.20118163526058197,-4.617597579956055
1710527375402190677,8.943002700805664,-0.007185058668255806,-4.64753532409668
1710527375425136172,8.886719703674316,-0.2742297351360321,-4.4954514503479
1710527375448514299,8.844806671142578,-0.20597167313098907,-4.867877006530762
1710527375456839765,8.925040245056152,-0.3580554127693176,-4.420008659362793
1710527375460939895,8.925040245056152,-0.3580554127693176,-4.420008659362793
1710527375480065553,8.933423042297363,0.13891112804412842,-4.543352127075195
1710527375505300744,9.00407600402832,-0.4179309010505676,-4.439168930053711
1710527375530425686,8.835227012634277,-0.269439697265625,-4.691843032836914
1710527375545042414,8.887917518615723,-0.08861572295427322,-4.718188285827637
1710527375583139086,8.93102741241455,0.13891112804412842,-4.400848388671875
1710527375671327151,8.867559432983398,-0.449066162109375,-4.743336200714111
1710527375688081331,9.07832145690918,-0.3652404844760895,-4.821174144744873
1710527375748802049,8.885522842407227,-0.18561401963233948,-4.713398456573486
1710527375805867511,8.835227012634277,-0.41194334626197815,-4.631967544555664
1710527375845992629,8.799302101135254,-0.13651610910892487,-4.720583438873291
1710527375873266954,8.923842430114746,-0.2634521424770355,-4.702620983123779
1710527375904719389,8.94420051574707,-0.2897973656654358,-4.732558727264404
1710527375936773007,8.849596977233887,-0.24069947004318237,-4.713398456573486
1710527375965751253,8.817264556884766,-0.18202148377895355,-4.594844818115234
1710527375988589923,8.825647354125977,-0.1999841332435608,-4.684658050537109
1710527376026534034,8.873547554016113,-0.13651610910892487,-4.663103103637695
1710527376062465714,8.841214179992676,-0.3089575171470642,-4.666695594787598
1710527376094008995,8.88432502746582,-0.09220825135707855,-4.63316535949707
1710527376100377801,8.813672065734863,-0.17124389111995697,-4.703818321228027
1710527376115078374,8.878337860107422,-0.2299218773841858,-4.755311489105225
1710527376131765026,8.896300315856934,-0.27183473110198975,-4.634362697601318
1710527376152799930,8.857979774475098,-0.14609618484973907,-4.708608627319336
1710527376161147861,8.897497177124023,-0.1245410144329071,-4.637955188751221
1710527376173879359,8.873547554016113,-0.13172607123851776,-4.716990947723389
1710527376199054591,8.8519926071167,-0.25626710057258606,-4.718188285827637
1710527376205336571,8.819659233093262,-0.08861572295427322,-4.679868221282959
1710527376257791321,8.919053077697754,-0.3580554127693176,-4.721780776977539
1710527376259875219,8.877140045166016,-0.2299218773841858,-4.768484115600586
1710527376278645636,8.868757247924805,-0.23710693418979645,-4.70741081237793
1710527376312137605,8.826844215393066,-0.17363891005516052,-4.720583438873291
1710527376326719351,8.897497177124023,-0.17962646484375,-4.659510612487793
1710527376392232160,8.896300315856934,-0.15567627549171448,-4.731360912322998
1710527376415198872,8.850794792175293,-0.27782225608825684,-4.716990947723389
1710527376461469779,8.865164756774902,-0.19758911430835724,-4.641547679901123
1710527376484291150,8.857979774475098,-0.18202148377895355,-4.684658050537109
1710527376499046641,8.880732536315918,-0.19639159739017487,-4.679868221282959
1710527376522336842,8.865164756774902,-0.3233276307582855,-4.694238185882568
1710527376543478490,8.873547554016113,-0.14849120378494263,-4.697830677032471
1710527376560492230,8.83881950378418,-0.20237915217876434,-4.732558727264404
1710527376562413512,8.869955062866211,-0.24069947004318237,-4.716990947723389
1710527376579120321,8.857979774475098,-0.239501953125,-4.750521183013916
1710527376604326506,8.842411994934082,-0.1341210901737213,-4.677473068237305
1710527376625375627,8.846004486083984,-0.22632934153079987,-4.712201118469238
1710527376656861798,8.8711519241333,-0.17244140803813934,-4.75291633605957
1710527376701130975,8.857979774475098,-0.14130614697933197,-4.706213474273682
1710527376723985486,8.861572265625,-0.21794678270816803,-4.682263374328613
1710527376782940719,8.867559432983398,-0.19160155951976776,-4.724175930023193
1710527376785144964,8.863966941833496,-0.18321900069713593,-4.659510612487793
1710527376806336764,8.886719703674316,-0.23231689631938934,-4.690645694732666
1710527376842393672,8.837621688842773,-0.12813355028629303,-4.677473068237305
1710527376867482057,8.874744415283203,-0.13651610910892487,-4.708608627319336
1710527376901007672,8.854387283325195,-0.1892065405845642,-4.6702880859375
1710527376924811982,8.893904685974121,-0.22752685844898224,-4.705015659332275
1710527376946996830,8.891510009765625,-0.19758911430835724,-4.690645694732666
1710527376970413361,8.872349739074707,-0.20357665419578552,-4.700225830078125
1710527376976813605,8.872349739074707,-0.17962646484375,-4.716990947723389
1710527377014548095,8.8711519241333,-0.22034180164337158,-4.722978591918945
1710527377037758672,8.844806671142578,-0.19279907643795013,-4.687053203582764
1710527377067232006,8.872349739074707,-0.23830443620681763,-4.6702880859375
1710527377102894656,8.854387283325195,-0.19040405750274658,-4.690645694732666
1710527377127845477,8.866362571716309,-0.1652563512325287,-4.697830677032471
1710527377151140257,8.837621688842773,-0.16884887218475342,-4.711003303527832
1710527377201578873,8.866362571716309,-0.1892065405845642,-4.705015659332275
1710527377254084928,8.862770080566406,-0.2586621046066284,-4.700225830078125
1710527377277419217,8.8519926071167,-0.14609618484973907,-4.705015659332275
1710527377294219799,8.834029197692871,-0.19040405750274658,-4.69304084777832
1710527377329635680,8.901089668273926,-0.19160155951976776,-4.651127815246582
1710527377352797121,8.840017318725586,-0.21195922791957855,-4.754113674163818
1710527377384218625,8.856781959533691,-0.14130614697933197,-4.696633338928223
1710527377417874368,8.861572265625,-0.20237915217876434,-4.671485424041748
1710527377436913885,8.868757247924805,-0.23710693418979645,-4.722978591918945
1710527377466400461,8.843609809875488,-0.17363891005516052,-4.690645694732666
1710527377481148073,8.865164756774902,-0.21315674483776093,-4.713398456573486
1710527377495761244,8.865164756774902,-0.21315674483776093,-4.713398456573486
1710527377504154367,8.848400115966797,-0.15687377750873566,-4.709805965423584
1710527377525643674,8.859177589416504,-0.15208373963832855,-4.699028491973877
