bag_timestamp_ns,accel2_x,accel2_y,accel2_z
1710525078257122618,8.321495056152344,-1.032253384590149,-5.374423980712891
1710525078279964947,8.32269287109375,-1.0466235876083374,-5.380411148071289
1710525078326386886,8.32269287109375,-1.0597960948944092,-5.368436336517334
1710525078381141826,8.325087547302246,-1.041833519935608,-5.404361724853516
1710525078385451029,8.320298194885254,-1.0130932331085205,-5.416336536407471
1710525078440021241,8.310717582702637,-1.053808569908142,-5.391189098358154
1710525078471469948,8.31311321258545,-1.0310559272766113,-5.385201454162598
1710525078517874845,8.315507888793945,-1.0190807580947876,-5.406756401062012
1710525078547333470,8.305927276611328,-1.0250684022903442,-5.381608963012695
1710525078595594092,8.31311321258545,-1.0071057081222534,-5.385201454162598
1710525078627259980,8.301137924194336,-1.0166858434677124,-5.381608963012695
1710525078639866938,8.301137924194336,-1.0514135360717773,-5.401966571807861
1710525078675479450,8.32269287109375,-1.041833519935608,-5.391189098358154
1710525078683859651,8.309520721435547,-1.032253384590149,-5.401966571807861
1710525078719554094,8.302334785461426,-1.068178653717041,-5.392386436462402
1710525078833120168,8.314310073852539,-1.0597960948944092,-5.379213809967041
1710525078887826380,8.315507888793945,-1.0214757919311523,-5.404361724853516
1710525078904422196,8.301137924194336,-1.0286608934402466,-5.403163909912109
1710525078921334095,8.320298194885254,-1.057401180267334,-5.348078727722168
1710525078931987487,8.302334785461426,-1.0286608934402466,-5.395978927612305
1710525078940176968,8.310717582702637,-1.0406359434127808,-5.380411148071289
1710525078954945844,8.298742294311523,-1.0430309772491455,-5.387596607208252
1710525078994993022,8.314310073852539,-1.0609936714172363,-5.369633674621582
1710525079032777980,8.314310073852539,-1.068178653717041,-5.38400411605835
1710525079039133910,8.305927276611328,-1.0490185022354126,-5.386398792266846
1710525079081103989,8.311915397644043,-0.987945556640625,-5.399571418762207
1710525079089533736,8.305927276611328,-1.0801538228988647,-5.362448692321777
1710525079095825691,8.315507888793945,-1.0526111125946045,-5.41154670715332
1710525079121011178,8.314310073852539,-1.038240909576416,-5.378016471862793
1710525079142106047,8.320298194885254,-1.0430309772491455,-5.369633674621582
1710525079144216385,8.307125091552734,-1.0394384860992432,-5.378016471862793
1710525079188315750,8.314310073852539,-1.0657837390899658,-5.372028827667236
1710525079226178252,8.321495056152344,-1.047821044921875,-5.378016471862793
1710525079238018356,8.31311321258545,-1.0585986375808716,-5.379213809967041
1710525079255675544,8.320298194885254,-1.0550061464309692,-5.391189098358154
1710525079293755523,8.311915397644043,-1.0526111125946045,-5.368436336517334
1710525079308409276,8.304730415344238,-1.0346484184265137,-5.394781589508057
1710525079321146588,8.304730415344238,-1.032253384590149,-5.373226165771484
1710525079352610786,8.32269287109375,-1.0526111125946045,-5.382806301116943
1710525079369305564,8.316705703735352,-1.0490185022354126,-5.372028827667236
1710525079422041141,8.319100379943848,-1.0442285537719727,-5.378016471862793
1710525079451589301,8.303532600402832,-1.0262658596038818,-5.391189098358154
1710525079472480800,8.309520721435547,-1.0466235876083374,-5.397176742553711
1710525079482797086,8.315507888793945,-1.0550061464309692,-5.379213809967041
1710525079545985943,8.325087547302246,-1.0993139743804932,-5.372028827667236
1710525079600491339,8.301137924194336,-0.9843530058860779,-5.412744045257568
1710525079632185261,8.297545433044434,-1.0693762302398682,-5.376818656921387
1710525079661449966,8.311915397644043,-1.0310559272766113,-5.375621318817139
1710525079682423455,8.320298194885254,-1.0502160787582397,-5.407954216003418
1710525079732889802,8.315507888793945,-1.041833519935608,-5.392386436462402
1710525079769780314,8.309520721435547,-1.0310559272766113,-5.417534351348877
1710525079806129863,8.32269287109375,-1.0466235876083374,-5.389991283416748
1710525079818769128,8.319100379943848,-1.0765613317489624,-5.407954216003418
1710525079858852370,8.314310073852539,-1.0705736875534058,-5.372028827667236
1710525079862981391,8.319100379943848,-1.0585986375808716,-5.382806301116943
1710525079877793222,8.328680038452148,-1.0550061464309692,-5.417534351348877
1710525079923958420,8.316705703735352,-1.047821044921875,-5.389991283416748
1710525079925972135,8.30832290649414,-1.0346484184265137,-5.39358377456665
1710525079959605389,8.316705703735352,-1.0466235876083374,-5.39358377456665
1710525079974301304,8.311915397644043,-1.0645861625671387,-5.382806301116943
1710525080003700128,8.304730415344238,-1.023870825767517,-5.41154670715332
1710525080016426469,8.327483177185059,-1.053808569908142,-5.407954216003418
1710525080035605337,8.333470344543457,-1.0130932331085205,-5.401966571807861
1710525080110926402,8.310717582702637,-1.0597960948944092,-5.380411148071289
1710525080146656138,8.311915397644043,-1.0741662979125977,-5.413941860198975
1710525080192975167,8.31311321258545,-1.0490185022354126,-5.39358377456665
1710525080228733739,8.320298194885254,-1.0394384860992432,-5.409151554107666
1710525080270701279,8.304730415344238,-1.0466235876083374,-5.381608963012695
1710525080295823202,8.320298194885254,-1.0370434522628784,-5.417534351348877
1710525080372218504,8.311915397644043,-1.0466235876083374,-5.399571418762207
1710525080379945161,8.326285362243652,-1.0430309772491455,-5.394781589508057
1710525080381959168,8.321495056152344,-1.0789562463760376,-5.3887939453125
1710525080440990437,8.31311321258545,-1.062191128730774,-5.363646030426025
1710525080481096304,8.31311321258545,-1.0645861625671387,-5.372028827667236
1710525080585972890,8.305927276611328,-1.047821044921875,-5.391189098358154
1710525080672324489,8.315507888793945,-1.0526111125946045,-5.375621318817139
1710525080691102751,8.302334785461426,-0.9783654808998108,-5.397176742553711
1710525080718633541,8.315507888793945,-1.0442285537719727,-5.391189098358154
1710525080838354466,8.321495056152344,-1.0562036037445068,-5.392386436462402
1710525080927047780,8.316705703735352,-1.0406359434127808,-5.398374080657959
1710525080977258328,8.316705703735352,-1.062191128730774,-5.376818656921387
1710525081012831324,8.320298194885254,-1.0358459949493408,-5.379213809967041
1710525081027415113,8.32269287109375,-1.0562036037445068,-5.380411148071289
1710525081071814565,8.302334785461426,-1.0286608934402466,-5.386398792266846
1710525081154062809,8.317902565002441,-1.0669811964035034,-5.415139198303223
1710525081210658362,8.309520721435547,-1.0298583507537842,-5.38400411605835
1710525081218978740,8.303532600402832,-1.0011181831359863,-5.391189098358154
1710525081250859182,8.319100379943848,-1.0370434522628784,-5.400769233703613
1710525081300917588,8.317902565002441,-1.0202783346176147,-5.386398792266846
1710525081319945357,8.311915397644043,-1.0298583507537842,-5.400769233703613
1710525081338770516,8.325087547302246,-1.053808569908142,-5.379213809967041
1710525081355750217,8.30832290649414,-1.0298583507537842,-5.397176742553711
1710525081389208015,8.317902565002441,-1.0454260110855103,-5.410348892211914
1710525081393655657,8.323890686035156,-1.0310559272766113,-5.385201454162598
1710525081429234720,8.314310073852539,-1.0490185022354126,-5.395978927612305
1710525081528433659,8.323890686035156,-1.0490185022354126,-5.400769233703613
1710525081572414245,8.315507888793945,-1.053808569908142,-5.374423980712891
1710525081612616136,8.31311321258545,-1.0394384860992432,-5.398374080657959
1710525081671427678,8.319100379943848,-1.0813512802124023,-5.340893745422363
1710525081704905402,8.320298194885254,-1.0370434522628784,-5.412744045257568
1710525081757336618,8.317902565002441,-1.062191128730774,-5.386398792266846
1710525081782335514,8.310717582702637,-1.0346484184265137,-5.424719333648682
1710525081811927426,8.316705703735352,-1.0502160787582397,-5.380411148071289
1710525081847590969,8.309520721435547,-1.0430309772491455,-5.375621318817139
1710525081942035301,8.323890686035156,-1.0502160787582397,-5.409151554107666
1710525082005116128,8.315507888793945,-1.0490185022354126,-5.389991283416748
1710525082047158503,8.319100379943848,-1.0609936714172363,-5.400769233703613
1710525082053490103,8.311915397644043,-1.053808569908142,-5.399571418762207
1710525082074691580,8.316705703735352,-1.047821044921875,-5.407954216003418
1710525082190396933,8.304730415344238,-1.0585986375808716,-5.362448692321777
1710525082217498916,8.31311321258545,-1.0430309772491455,-5.404361724853516
1710525082253316440,8.319100379943848,-1.0454260110855103,-5.382806301116943
1710525082303751701,8.307125091552734,-1.008303165435791,-5.368436336517334
1710525082362356383,8.307125091552734,-1.0130932331085205,-5.361251354217529
1710525082368727321,8.310717582702637,-1.0142908096313477,-5.401966571807861
1710525082442367994,8.310717582702637,-1.0310559272766113,-5.375621318817139
1710525082449545059,8.309520721435547,-1.047821044921875,-5.38400411605835
1710525082459170210,8.328680038452148,-1.0550061464309692,-5.41154670715332
1710525082473778607,8.320298194885254,-1.0214757919311523,-5.399571418762207
1710525082486544650,8.325087547302246,-1.041833519935608,-5.394781589508057
1710525082505491950,8.293952941894531,-1.033450961112976,-5.375621318817139
1710525082541306899,8.30832290649414,-1.0729687213897705,-5.378016471862793
1710525082640254554,8.309520721435547,-1.0562036037445068,-5.386398792266846
1710525082646601305,8.317902565002441,-1.0394384860992432,-5.389991283416748
1710525082688466676,8.309520721435547,-1.062191128730774,-5.373226165771484
1710525082707611494,8.314310073852539,-1.023870825767517,-5.395978927612305
1710525082726483243,8.309520721435547,-1.068178653717041,-5.339695930480957
1710525082749571405,8.305927276611328,-1.0262658596038818,-5.363646030426025
1710525082833565895,8.317902565002441,-1.0693762302398682,-5.36604118347168
1710525082842116790,8.303532600402832,-1.0849438905715942,-5.378016471862793
1710525082892635852,8.320298194885254,-1.033450961112976,-5.382806301116943
1710525082894646753,8.319100379943848,-1.0358459949493408,-5.392386436462402
1710525082913588513,8.311915397644043,-1.0011181831359863,-5.381608963012695
1710525082932557185,8.314310073852539,-1.0813512802124023,-5.36604118347168
1710525082971088479,8.314310073852539,-1.0430309772491455,-5.403163909912109
1710525082995665425,8.315507888793945,-1.0370434522628784,-5.394781589508057
1710525083006003185,8.314310073852539,-1.0466235876083374,-5.392386436462402
1710525083102438416,8.317902565002441,-1.041833519935608,-5.367238998413086
1710525083112649111,8.321495056152344,-1.0490185022354126,-5.389991283416748
1710525083140105953,8.325087547302246,-1.063388705253601,-5.372028827667236
1710525083148428703,8.339458465576172,-1.0466235876083374,-5.394781589508057
1710525083170840787,8.29994010925293,-1.0250684022903442,-5.399571418762207
1710525083171631401,8.303532600402832,-1.0669811964035034,-5.381608963012695
1710525083192579873,8.343050956726074,-1.0466235876083374,-5.395978927612305
1710525083295273803,8.326285362243652,-1.053808569908142,-5.394781589508057
1710525083297343780,8.314310073852539,-1.0286608934402466,-5.38400411605835
1710525083343864881,8.302334785461426,-1.053808569908142,-5.392386436462402
1710525083377316955,8.319100379943848,-1.041833519935608,-5.397176742553711
1710525083381378277,8.310717582702637,-1.0789562463760376,-5.379213809967041
1710525083425822374,8.30832290649414,-0.987945556640625,-5.39358377456665
1710525083473940106,8.305927276611328,-1.027463436126709,-5.401966571807861
1710525083478123100,8.329877853393555,-1.0466235876083374,-5.374423980712891
1710525083492908112,8.309520721435547,-0.999920666217804,-5.399571418762207
1710525083511960932,8.31311321258545,-1.0825488567352295,-5.380411148071289
1710525083560257548,8.319100379943848,-1.0059082508087158,-5.394781589508057
1710525083604221834,8.319100379943848,-1.0657837390899658,-5.374423980712891
1710525083623290493,8.309520721435547,-1.0346484184265137,-5.374423980712891
1710525083682149756,8.315507888793945,-1.0526111125946045,-5.367238998413086
1710525083749005665,8.304730415344238,-1.062191128730774,-5.373226165771484
1710525083768640966,8.291557312011719,-1.0430309772491455,-5.389991283416748
1710525083791113675,8.31311321258545,-1.0226733684539795,-5.404361724853516
1710525083816615837,8.320298194885254,-1.0454260110855103,-5.381608963012695
1710525083839370655,8.326285362243652,-1.0394384860992432,-5.345683574676514
1710525083898605082,8.311915397644043,-1.0562036037445068,-5.419929027557373
1710525083963089991,8.320298194885254,-1.0370434522628784,-5.375621318817139
1710525084003128637,8.315507888793945,-1.047821044921875,-5.423521518707275
1710525084053682937,8.320298194885254,-1.0442285537719727,-5.397176742553711
1710525084076892369,8.293952941894531,-1.0801538228988647,-5.361251354217529
1710525084114590974,8.311915397644043,-1.0394384860992432,-5.373226165771484
1710525084152569649,8.320298194885254,-1.0490185022354126,-5.394781589508057
1710525084167308228,8.291557312011719,-1.047821044921875,-5.381608963012695
1710525084209413189,8.30832290649414,-1.033450961112976,-5.376818656921387
1710525084215628299,8.317902565002441,-1.068178653717041,-5.362448692321777
1710525084253705328,8.29994010925293,-1.0454260110855103,-5.401966571807861
1710525084281073577,8.31311321258545,-1.0562036037445068,-5.363646030426025
1710525084318692832,8.311915397644043,-1.0298583507537842,-5.373226165771484
1710525084358699820,8.321495056152344,-1.047821044921875,-5.362448692321777
1710525084362795149,8.320298194885254,-1.0226733684539795,-5.407954216003418
1710525084390149475,8.305927276611328,-1.0693762302398682,-5.389991283416748
1710525084427943777,8.323890686035156,-1.0250684022903442,-5.340893745422363
1710525084436412458,8.304730415344238,-1.0550061464309692,-5.358856201171875
1710525084457228635,8.317902565002441,-0.9532177448272705,-5.403163909912109
1710525084486761273,8.315507888793945,-1.1555969715118408,-5.337301254272461
1710525084520477842,8.310717582702637,-1.0789562463760376,-5.362448692321777
1710525084560297913,8.314310073852539,-1.038240909576416,-5.398374080657959
1710525084589727373,8.311915397644043,-1.0550061464309692,-5.41154670715332
1710525084614807566,8.315507888793945,-1.087338924407959,-5.350473403930664
1710525084646565172,8.311915397644043,-1.032253384590149,-5.375621318817139
1710525084780875927,8.321495056152344,-1.0358459949493408,-5.378016471862793
1710525084833574617,8.310717582702637,-1.0562036037445068,-5.381608963012695
1710525084835799378,8.301137924194336,-1.047821044921875,-5.381608963012695
1710525084858953338,8.311915397644043,-1.041833519935608,-5.378016471862793
1710525085008596958,8.320298194885254,-1.041833519935608,-5.370831489562988
1710525085059063048,8.316705703735352,-1.0394384860992432,-5.403163909912109
1710525085075897583,8.298742294311523,-1.0370434522628784,-5.374423980712891
1710525085092543515,8.298742294311523,-1.0370434522628784,-5.374423980712891
1710525085143121171,8.321495056152344,-1.0406359434127808,-5.395978927612305
1710525085204068973,8.321495056152344,-1.053808569908142,-5.376818656921387
1710525085206036861,8.320298194885254,-1.0095007419586182,-5.423521518707275
1710525085248122142,8.315507888793945,-1.0490185022354126,-5.373226165771484
1710525085275354819,8.315507888793945,-1.0442285537719727,-5.378016471862793
1710525085335910921,8.319100379943848,-1.0490185022354126,-5.398374080657959
1710525085368777020,8.295149803161621,-1.041833519935608,-5.392386436462402
1710525085472697969,8.31311321258545,-1.0526111125946045,-5.398374080657959
1710525085481166062,8.298742294311523,-1.032253384590149,-5.375621318817139
1710525085498162943,8.29994010925293,-1.023870825767517,-5.400769233703613
1710525085525407488,8.325087547302246,-1.087338924407959,-5.415139198303223
1710525085561054671,8.314310073852539,-1.0130932331085205,-5.356461048126221
1710525085607030915,8.334668159484863,-1.0957214832305908,-5.385201454162598
1710525085666096473,8.304730415344238,-1.0059082508087158,-5.403163909912109
1710525085746082867,8.319100379943848,-1.0729687213897705,-5.381608963012695
1710525085783742614,8.310717582702637,-1.0562036037445068,-5.36604118347168
1710525085794353780,8.298742294311523,-1.0095007419586182,-5.400769233703613
1710525085815525410,8.305927276611328,-1.0550061464309692,-5.354066371917725
1710525085847097757,8.316705703735352,-1.0585986375808716,-5.39358377456665
1710525085884900374,8.309520721435547,-1.0370434522628784,-5.397176742553711
1710525085945720428,8.315507888793945,-1.0430309772491455,-5.376818656921387
1710525085977332730,8.32269287109375,-1.0777587890625,-5.369633674621582
1710525086002446144,8.302334785461426,-1.0430309772491455,-5.382806301116943
1710525086027689839,8.315507888793945,-1.0298583507537842,-5.386398792266846
1710525086036177058,8.307125091552734,-1.0562036037445068,-5.381608963012695
1710525086057131657,8.31311321258545,-1.0394384860992432,-5.406756401062012
1710525086088652755,8.298742294311523,-1.0214757919311523,-5.370831489562988
1710525086145303858,8.317902565002441,-1.062191128730774,-5.391189098358154
1710525086149572548,8.319100379943848,-1.0214757919311523,-5.409151554107666
1710525086172781844,8.315507888793945,-1.0358459949493408,-5.397176742553711
1710525086208738285,8.314310073852539,-1.0514135360717773,-5.395978927612305
1710525086216840419,8.311915397644043,-1.0502160787582397,-5.379213809967041
1710525086256955345,8.315507888793945,-1.0370434522628784,-5.406756401062012
1710525086340778850,8.33227252960205,-1.047821044921875,-5.387596607208252
1710525086351579797,8.316705703735352,-1.068178653717041,-5.389991283416748
1710525086447743611,8.293952941894531,-0.999920666217804,-5.36604118347168
1710525086460395872,8.315507888793945,-1.0957214832305908,-5.372028827667236
1710525086483689080,8.314310073852539,-1.0550061464309692,-5.386398792266846
1710525086496005884,8.311915397644043,-1.0466235876083374,-5.3887939453125
1710525086561395857,8.321495056152344,-1.0358459949493408,-5.412744045257568
1710525086573470787,8.320298194885254,-1.062191128730774,-5.381608963012695
1710525086634607119,8.334668159484863,-1.057401180267334,-5.376818656921387
1710525086651747196,8.303532600402832,-1.0154882669448853,-5.398374080657959
1710525086666188087,8.328680038452148,-1.0454260110855103,-5.39358377456665
1710525086670708141,8.311915397644043,-1.0813512802124023,-5.350473403930664
1710525086691426546,8.311915397644043,-1.0585986375808716,-5.386398792266846
1710525086718864493,8.309520721435547,-1.0298583507537842,-5.407954216003418
1710525086777687645,8.30832290649414,-1.0562036037445068,-5.381608963012695
1710525086838998383,8.321495056152344,-1.0298583507537842,-5.379213809967041
1710525086862780543,8.320298194885254,-1.0801538228988647,-5.379213809967041
1710525086889556609,8.309520721435547,-1.053808569908142,-5.39358377456665
1710525086912591445,8.316705703735352,-1.063388705253601,-5.367238998413086
1710525086929747772,8.317902565002441,-1.068178653717041,-5.368436336517334
1710525086935651107,8.315507888793945,-1.0454260110855103,-5.376818656921387
1710525086979763829,8.307125091552734,-1.0454260110855103,-5.382806301116943
1710525087002875079,8.305927276611328,-1.0394384860992432,-5.380411148071289
1710525087021941235,8.309520721435547,-1.0454260110855103,-5.398374080657959
1710525087049286154,8.303532600402832,-1.0466235876083374,-5.36604118347168
1710525087084997686,8.31311321258545,-1.047821044921875,-5.404361724853516
1710525087101807407,8.319100379943848,-1.0645861625671387,-5.356461048126221
1710525087120663755,8.319100379943848,-1.0645861625671387,-5.356461048126221
1710525087139713638,8.293952941894531,-1.023870825767517,-5.354066371917725
1710525087162608883,8.315507888793945,-1.0130932331085205,-5.405559062957764
1710525087183595495,8.30832290649414,-1.023870825767517,-5.358856201171875
1710525087205123357,8.301137924194336,-1.0741662979125977,-5.398374080657959
1710525087219685749,8.307125091552734,-1.033450961112976,-5.331313610076904
1710525087228110782,8.301137924194336,-1.0562036037445068,-5.405559062957764
1710525087248718694,8.32269287109375,-1.0705736875534058,-5.358856201171875
1710525087271921048,8.314310073852539,-1.0370434522628784,-5.382806301116943
1710525087276119659,8.317902565002441,-1.0130932331085205,-5.398374080657959
1710525087295129829,8.310717582702637,-1.0693762302398682,-5.362448692321777
1710525087305534005,8.314310073852539,-1.068178653717041,-5.344486236572266
1710525087320128112,8.30832290649414,-1.0358459949493408,-5.380411148071289
1710525087354028837,8.315507888793945,-1.068178653717041,-5.369633674621582
1710525087391751202,8.317902565002441,-1.0394384860992432,-5.375621318817139
1710525087406586303,8.305927276611328,-1.0406359434127808,-5.373226165771484
1710525087433945870,8.321495056152344,-1.0394384860992432,-5.407954216003418
1710525087459121124,8.314310073852539,-1.0490185022354126,-5.3887939453125
1710525087480051827,8.319100379943848,-1.033450961112976,-5.397176742553711
1710525087555523325,8.31311321258545,-1.0526111125946045,-5.3887939453125
1710525087616485379,8.319100379943848,-1.041833519935608,-5.386398792266846
1710525087650247411,8.311915397644043,-1.0645861625671387,-5.373226165771484
1710525087677669601,8.316705703735352,-1.041833519935608,-5.394781589508057
1710525087700830696,8.310717582702637,-1.0753637552261353,-5.370831489562988
1710525087709165507,8.303532600402832,-1.0202783346176147,-5.369633674621582
1710525087744919737,8.311915397644043,-1.0190807580947876,-5.392386436462402
1710525087774329624,8.307125091552734,-0.9735754132270813,-5.405559062957764
1710525087812441789,8.311915397644043,-1.0550061464309692,-5.379213809967041
1710525087850046822,8.31311321258545,-0.9963281154632568,-5.405559062957764
1710525087864879382,8.293952941894531,-1.0154882669448853,-5.410348892211914
1710525087909104960,8.328680038452148,-1.033450961112976,-5.36604118347168
1710525087925815502,8.317902565002441,-1.0166858434677124,-5.406756401062012
1710525087940782044,8.321495056152344,-1.0214757919311523,-5.378016471862793
1710525087999646914,8.302334785461426,-0.946032702922821,-5.472619533538818
1710525088081303930,8.290360450744629,-0.9148974418640137,-5.449866771697998
1710525088105232160,8.329877853393555,-1.1591894626617432,-5.312153339385986
1710525088135712503,8.321495056152344,-1.0657837390899658,-5.3887939453125
1710525088150394427,8.319100379943848,-1.0597960948944092,-5.3241286277771
1710525088186008402,8.325087547302246,-1.117276668548584,-5.376818656921387
1710525088202635184,8.292755126953125,-1.0202783346176147,-5.339695930480957
1710525088230105226,8.298742294311523,-1.1041040420532227,-5.389991283416748
1710525088280918133,8.331075668334961,-1.0166858434677124,-5.370831489562988
1710525088282847865,8.315507888793945,-1.1304491758346558,-5.352868556976318
1710525088331431875,8.298742294311523,-1.0154882669448853,-5.410348892211914
1710525088346131640,8.30832290649414,-1.117276668548584,-5.336103439331055
1710525088360679248,8.30832290649414,-1.0585986375808716,-5.340893745422363
1710525088390240297,8.317902565002441,-1.01788330078125,-5.427114486694336
1710525088419687854,8.304730415344238,-0.9987231492996216,-5.409151554107666
1710525088430571183,8.315507888793945,-1.0657837390899658,-5.352868556976318
1710525088464812029,8.326285362243652,-1.071771264076233,-5.397176742553711
1710525088482718783,8.326285362243652,-1.071771264076233,-5.397176742553711
1710525088484735649,8.29994010925293,-1.0250684022903442,-5.381608963012695
1710525088514005894,8.319100379943848,-1.0526111125946045,-5.364843845367432
1710525088553998639,8.30832290649414,-1.0466235876083374,-5.405559062957764
1710525088572616322,8.317902565002441,-1.0454260110855103,-5.405559062957764
1710525088623251164,8.315507888793945,-1.0705736875534058,-5.386398792266846
1710525088659194522,8.31311321258545,-1.0071057081222534,-5.379213809967041
1710525088701366975,8.317902565002441,-1.0406359434127808,-5.387596607208252
1710525088707604887,8.309520721435547,-1.0585986375808716,-5.409151554107666
1710525088747568611,8.316705703735352,-1.0502160787582397,-5.369633674621582
1710525088753663303,8.317902565002441,-1.0609936714172363,-5.364843845367432
1710525088770641333,8.301137924194336,-1.0226733684539795,-5.39358377456665
1710525088837960371,8.30832290649414,-1.0502160787582397,-5.375621318817139
1710525088863561422,8.317902565002441,-1.0609936714172363,-5.379213809967041
1710525088892640689,8.316705703735352,-1.023870825767517,-5.416336536407471
1710525088926554584,8.316705703735352,-1.038240909576416,-5.378016471862793
1710525088955758687,8.311915397644043,-1.0142908096313477,-5.410348892211914
1710525088978722127,8.321495056152344,-1.0502160787582397,-5.357658863067627
1710525088998412387,8.307125091552734,-1.0250684022903442,-5.417534351348877
1710525089018820782,8.303532600402832,-1.0250684022903442,-5.407954216003418
1710525089031530364,8.310717582702637,-1.0202783346176147,-5.397176742553711
1710525089071733081,8.320298194885254,-1.0298583507537842,-5.399571418762207
1710525089113516940,8.319100379943848,-1.033450961112976,-5.406756401062012
1710525089139107428,8.30832290649414,-1.0346484184265137,-5.387596607208252
1710525089208405562,8.321495056152344,-1.0645861625671387,-5.373226165771484
1710525089260794141,8.32269287109375,-1.0550061464309692,-5.382806301116943
1710525089273429628,8.309520721435547,-1.0777587890625,-5.362448692321777
1710525089307377987,8.302334785461426,-1.0729687213897705,-5.348078727722168
1710525089319551235,8.310717582702637,-1.0406359434127808,-5.389991283416748
1710525089348970489,8.32269287109375,-1.003513216972351,-5.394781589508057
1710525089372037368,8.298742294311523,-1.087338924407959,-5.369633674621582
1710525089403551761,8.309520721435547,-1.0490185022354126,-5.392386436462402
1710525089439099580,8.323890686035156,-1.0190807580947876,-5.399571418762207
1710525089455923633,8.321495056152344,-1.068178653717041,-5.36604118347168
1710525089485534990,8.327483177185059,-1.0502160787582397,-5.382806301116943
1710525089502318971,8.311915397644043,-1.0346484184265137,-5.401966571807861
1710525089529657546,8.31311321258545,-1.0106981992721558,-5.410348892211914
1710525089546371387,8.316705703735352,-1.041833519935608,-5.373226165771484
1710525089573622577,8.325087547302246,-1.033450961112976,-5.410348892211914
1710525089582095212,8.311915397644043,-1.0597960948944092,-5.38400411605835
1710525089596901843,8.315507888793945,-1.0370434522628784,-5.379213809967041
1710525089626370217,8.333470344543457,-1.0669811964035034,-5.375621318817139
1710525089679104017,8.310717582702637,-1.0442285537719727,-5.403163909912109
1710525089733716616,8.311915397644043,-1.0454260110855103,-5.367238998413086
1710525089813562186,8.315507888793945,-1.0514135360717773,-5.376818656921387
1710525089817650832,8.32269287109375,-1.0406359434127808,-5.403163909912109
1710525089842836170,8.325087547302246,-1.0562036037445068,-5.367238998413086
1710525089877195806,8.315507888793945,-1.053808569908142,-5.373226165771484
1710525089889120793,8.319100379943848,-1.027463436126709,-5.372028827667236
1710525089905847226,8.323890686035156,-1.0550061464309692,-5.392386436462402
1710525089939498458,8.317902565002441,-1.0370434522628784,-5.375621318817139
1710525090002517105,8.311915397644043,-1.047821044921875,-5.380411148071289
1710525090032569355,8.316705703735352,-1.057401180267334,-5.373226165771484
1710525090057319897,8.323890686035156,-1.0657837390899658,-5.397176742553711
1710525090185629531,8.311915397644043,-1.0310559272766113,-5.404361724853516
1710525090194125945,8.325087547302246,-1.0346484184265137,-5.395978927612305
1710525090236052069,8.302334785461426,-1.0585986375808716,-5.357658863067627
1710525090257065500,8.314310073852539,-1.0597960948944092,-5.379213809967041
1710525090328590004,8.326285362243652,-1.033450961112976,-5.379213809967041
1710525090361973619,8.323890686035156,-1.023870825767517,-5.415139198303223
1710525090450476169,8.29994010925293,-1.0693762302398682,-5.381608963012695
1710525090463116040,8.311915397644043,-1.0226733684539795,-5.421126842498779
1710525090503216564,8.317902565002441,-1.0550061464309692,-5.380411148071289
1710525090557405045,8.317902565002441,-1.0298583507537842,-5.386398792266846
1710525090597469590,8.315507888793945,-1.0526111125946045,-5.372028827667236
1710525090624985078,8.311915397644043,-1.0609936714172363,-5.368436336517334
1710525090694935082,8.310717582702637,-1.0202783346176147,-5.41154670715332
1710525090725811546,8.315507888793945,-1.023870825767517,-5.375621318817139
1710525090744683136,8.319100379943848,-1.0310559272766113,-5.385201454162598
1710525090771075246,8.305927276611328,-1.0609936714172363,-5.373226165771484
1710525090782527500,8.303532600402832,-1.033450961112976,-5.379213809967041
1710525090797291255,8.311915397644043,-1.0502160787582397,-5.360053539276123
1710525090828858704,8.32269287109375,-1.0370434522628784,-5.380411148071289
1710525090835333675,8.317902565002441,-1.0514135360717773,-5.382806301116943
1710525090885882312,8.310717582702637,-1.057401180267334,-5.376818656921387
1710525090908943560,8.323890686035156,-1.0597960948944092,-5.3887939453125
1710525090929964131,8.297545433044434,-1.0777587890625,-5.367238998413086
1710525090971860054,8.314310073852539,-1.033450961112976,-5.409151554107666
1710525091022520227,8.309520721435547,-1.032253384590149,-5.391189098358154
1710525091026681395,8.314310073852539,-1.0454260110855103,-5.403163909912109
1710525091066737864,8.320298194885254,-1.047821044921875,-5.392386436462402
1710525091075304630,8.319100379943848,-1.0346484184265137,-5.375621318817139
1710525091104927118,8.328680038452148,-1.0645861625671387,-5.386398792266846
1710525091136421298,8.326285362243652,-1.0214757919311523,-5.413941860198975
1710525091188883631,8.307125091552734,-1.0466235876083374,-5.374423980712891
1710525091256020410,8.314310073852539,-1.053808569908142,-5.376818656921387
1710525091285437851,8.317902565002441,-1.0286608934402466,-5.423521518707275
1710525091302205979,8.328680038452148,-1.0202783346176147,-5.401966571807861
1710525091319062517,8.325087547302246,-1.0597960948944092,-5.382806301116943
1710525091340030155,8.33227252960205,-1.0562036037445068,-5.406756401062012
1710525091352731157,8.31311321258545,-1.038240909576416,-5.405559062957764
1710525091377562133,8.32269287109375,-1.0442285537719727,-5.386398792266846
1710525091411522919,8.315507888793945,-1.027463436126709,-5.401966571807861
1710525091436625044,8.315507888793945,-1.062191128730774,-5.3887939453125
1710525091466202692,8.325087547302246,-1.0753637552261353,-5.3887939453125
1710525091478549127,8.295149803161621,-1.0861413478851318,-5.373226165771484
1710525091529078948,8.317902565002441,-1.0106981992721558,-5.391189098358154
1710525091579557035,8.32269287109375,-1.0358459949493408,-5.406756401062012
1710525091600648913,8.331075668334961,-1.0071057081222534,-5.446274280548096
1710525091615505598,8.320298194885254,-1.0789562463760376,-5.381608963012695
1710525091617586320,8.320298194885254,-1.062191128730774,-5.356461048126221
1710525091651143908,8.315507888793945,-1.0454260110855103,-5.405559062957764
1710525091714460568,8.31311321258545,-1.0154882669448853,-5.407954216003418
1710525091750173062,8.31311321258545,-1.0142908096313477,-5.415139198303223
1710525091754363305,8.320298194885254,-1.0526111125946045,-5.392386436462402
1710525091777287328,8.316705703735352,-1.0502160787582397,-5.395978927612305
1710525091790133728,8.321495056152344,-1.0406359434127808,-5.368436336517334
1710525091819663320,8.311915397644043,-1.0442285537719727,-5.394781589508057
1710525091851197844,8.320298194885254,-1.0370434522628784,-5.409151554107666
1710525091861820662,8.309520721435547,-1.0514135360717773,-5.380411148071289
1710525091884912834,8.319100379943848,-1.0466235876083374,-5.381608963012695
1710525091931226820,8.309520721435547,-1.0190807580947876,-5.398374080657959
1710525091981449154,8.316705703735352,-1.0394384860992432,-5.382806301116943
1710525092019469908,8.319100379943848,-1.0526111125946045,-5.387596607208252
1710525092029961776,8.315507888793945,-1.057401180267334,-5.360053539276123
1710525092063423708,8.297545433044434,-1.033450961112976,-5.38400411605835
1710525092115891337,8.310717582702637,-1.047821044921875,-5.378016471862793
1710525092170230706,8.31311321258545,-1.023870825767517,-5.403163909912109
1710525092210285713,8.310717582702637,-1.038240909576416,-5.375621318817139
1710525092216615508,8.329877853393555,-1.0526111125946045,-5.374423980712891
1710525092252248992,8.317902565002441,-1.0214757919311523,-5.399571418762207
1710525092269226721,8.305927276611328,-1.0454260110855103,-5.38400411605835
1710525092304917743,8.301137924194336,-1.0190807580947876,-5.401966571807861
1710525092340636320,8.315507888793945,-1.0454260110855103,-5.378016471862793
1710525092445679855,8.30832290649414,-1.0454260110855103,-5.370831489562988
1710525092464670671,8.323890686035156,-1.0214757919311523,-5.380411148071289
1710525092483734141,8.320298194885254,-1.0585986375808716,-5.373226165771484
1710525092536287002,8.314310073852539,-1.0466235876083374,-5.381608963012695
1710525092578297986,8.309520721435547,-1.0430309772491455,-5.379213809967041
1710525092613844702,8.32269287109375,-1.0597960948944092,-5.35167121887207
1710525092674821430,8.310717582702637,-1.0861413478851318,-5.343288421630859
1710525092710629254,8.32269287109375,-1.0729687213897705,-5.361251354217529
1710525092733730175,8.31311321258545,-1.0729687213897705,-5.361251354217529
1710525092786323383,8.321495056152344,-1.0514135360717773,-5.375621318817139
1710525092838774218,8.340655326843262,-1.027463436126709,-5.418731689453125
1710525092924765305,8.334668159484863,-1.0346484184265137,-5.405559062957764
1710525092958509930,8.317902565002441,-1.0693762302398682,-5.395978927612305
1710525092969918700,8.311915397644043,-1.0562036037445068,-5.362448692321777
1710525092974939472,8.327483177185059,-1.0442285537719727,-5.391189098358154
1710525093000367161,8.325087547302246,-1.0741662979125977,-5.385201454162598
1710525093019430687,8.328680038452148,-1.0526111125946045,-5.386398792266846
1710525093048628833,8.309520721435547,-1.057401180267334,-5.355263710021973
1710525093105537140,8.314310073852539,-1.0526111125946045,-5.3887939453125
1710525093130674182,8.319100379943848,-1.0202783346176147,-5.422324180603027
1710525093153742818,8.31311321258545,-1.0430309772491455,-5.39358377456665
1710525093174795889,8.32269287109375,-1.0490185022354126,-5.413941860198975
1710525093214888230,8.316705703735352,-1.0454260110855103,-5.399571418762207
1710525093218835180,8.317902565002441,-1.0490185022354126,-5.406756401062012
1710525093223265517,8.328680038452148,-1.0262658596038818,-5.429509162902832
1710525093250517013,8.302334785461426,-1.0454260110855103,-5.374423980712891
1710525093269393184,8.315507888793945,-1.0514135360717773,-5.376818656921387
1710525093371102985,8.309520721435547,-1.0526111125946045,-5.376818656921387
1710525093420526318,8.316705703735352,-1.0597960948944092,-5.38400411605835
1710525093452246095,8.320298194885254,-1.0358459949493408,-5.398374080657959
1710525093469105535,8.30832290649414,-1.038240909576416,-5.379213809967041
1710525093584396126,8.321495056152344,-1.047821044921875,-5.363646030426025
1710525093605736112,8.317902565002441,-1.0729687213897705,-5.357658863067627
1710525093645675140,8.30832290649414,-1.041833519935608,-5.399571418762207
1710525093693961902,8.328680038452148,-1.0430309772491455,-5.413941860198975
1710525093736284373,8.319100379943848,-1.0226733684539795,-5.400769233703613
1710525093746747929,8.315507888793945,-1.0526111125946045,-5.373226165771484
1710525093782575830,8.320298194885254,-1.0597960948944092,-5.375621318817139
1710525093824987253,8.321495056152344,-1.041833519935608,-5.374423980712891
1710525093845755422,8.30832290649414,-1.0514135360717773,-5.370831489562988
1710525093862619671,8.326285362243652,-1.053808569908142,-5.394781589508057
1710525093885518830,8.317902565002441,-1.0597960948944092,-5.369633674621582
1710525093950564626,8.314310073852539,-1.0801538228988647,-5.362448692321777
1710525093973693241,8.307125091552734,-1.0526111125946045,-5.370831489562988
1710525093994911533,8.305927276611328,-1.0585986375808716,-5.382806301116943
1710525094016042496,8.317902565002441,-1.053808569908142,-5.403163909912109
1710525094060004146,8.310717582702637,-1.0526111125946045,-5.373226165771484
1710525094070534079,8.314310073852539,-1.027463436126709,-5.394781589508057
1710525094087291571,8.320298194885254,-1.047821044921875,-5.397176742553711
1710525094118746615,8.31311321258545,-1.0945239067077637,-5.405559062957764
1710525094143937330,8.298742294311523,-1.161584496498108,-5.386398792266846
1710525094240762105,8.303532600402832,-1.008303165435791,-5.405559062957764
1710525094326967411,8.310717582702637,-1.0202783346176147,-5.363646030426025
1710525094372940116,8.316705703735352,-1.008303165435791,-5.354066371917725
1710525094381622914,8.301137924194336,-1.087338924407959,-5.368436336517334
1710525094383583211,8.33227252960205,-1.0394384860992432,-5.400769233703613
1710525094421714305,8.341853141784668,-1.0777587890625,-5.407954216003418
1710525094503433304,8.30832290649414,-1.0298583507537842,-5.395978927612305
1710525094512067999,8.304730415344238,-1.032253384590149,-5.410348892211914
1710525094526698493,8.316705703735352,-1.0801538228988647,-5.369633674621582
1710525094565237186,8.314310073852539,-1.0693762302398682,-5.410348892211914
1710525094621132621,8.311915397644043,-1.0885363817214966,-5.372028827667236
1710525094673863333,8.31311321258545,-1.071771264076233,-5.400769233703613
1710525094676060543,8.326285362243652,-1.0394384860992432,-5.391189098358154
1710525094724433488,8.32269287109375,-1.0849438905715942,-5.369633674621582
1710525094772633734,8.303532600402832,-1.0011181831359863,-5.370831489562988
1710525094774768368,8.346643447875977,-1.0885363817214966,-5.381608963012695
1710525094820938709,8.298742294311523,-1.0250684022903442,-5.32891845703125
1710525094829541678,8.370593070983887,-1.1244616508483887,-5.38400411605835
1710525094855076203,8.28557014465332,-1.2981005907058716,-5.287005424499512
1710525094892594051,8.351432800292969,-1.0550061464309692,-5.500162124633789
1710525094982694935,8.303532600402832,-0.928070068359375,-5.4534592628479
1710525095012151483,8.356223106384277,-1.083746314048767,-5.435496807098389
1710525095041588124,8.310717582702637,-1.0825488567352295,-5.303770542144775
1710525095098166047,8.304730415344238,-1.0885363817214966,-5.363646030426025
1710525095110845119,8.321495056152344,-1.0585986375808716,-5.368436336517334
1710525095140824306,8.319100379943848,-1.0789562463760376,-5.389991283416748
1710525095195297850,8.304730415344238,-0.9963281154632568,-5.428311824798584
1710525095203116143,8.319100379943848,-1.0047106742858887,-5.407954216003418
1710525095236438160,8.319100379943848,-1.008303165435791,-5.401966571807861
1710525095240730388,8.302334785461426,-1.0394384860992432,-5.399571418762207
1710525095274173259,8.298742294311523,-1.068178653717041,-5.387596607208252
1710525095284882264,8.319100379943848,-1.0310559272766113,-5.429509162902832
1710525095310202242,8.295149803161621,-1.123264193534851,-5.374423980712891
1710525095318552313,8.317902565002441,-1.1112890243530273,-5.370831489562988
1710525095373071762,8.317902565002441,-1.0406359434127808,-5.326523303985596
1710525095428160681,8.316705703735352,-1.0609936714172363,-5.38400411605835
1710525095447050060,8.321495056152344,-1.0430309772491455,-5.400769233703613
1710525095459656546,8.302334785461426,-1.0454260110855103,-5.36604118347168
1710525095472140749,8.321495056152344,-1.053808569908142,-5.41154670715332
1710525095499590575,8.311915397644043,-1.033450961112976,-5.417534351348877
1710525095516356145,8.31311321258545,-1.0106981992721558,-5.413941860198975
1710525095556449278,8.321495056152344,-1.0562036037445068,-5.368436336517334
1710525095596169546,8.310717582702637,-1.0454260110855103,-5.382806301116943
1710525095636122091,8.323890686035156,-1.0777587890625,-5.363646030426025
1710525095686490774,8.317902565002441,-1.0442285537719727,-5.398374080657959
1710525095690890965,8.317902565002441,-1.0657837390899658,-5.382806301116943
1710525095703488064,8.314310073852539,-1.0526111125946045,-5.378016471862793
1710525095727430562,8.309520721435547,-1.0526111125946045,-5.374423980712891
1710525095749423258,8.316705703735352,-1.057401180267334,-5.391189098358154
1710525095794393169,8.309520721435547,-1.0454260110855103,-5.368436336517334
1710525095818993873,8.319100379943848,-1.0214757919311523,-5.406756401062012
1710525095840176644,8.296347618103027,-1.047821044921875,-5.352868556976318
1710525095861200613,8.310717582702637,-1.0286608934402466,-5.409151554107666
1710525095892633970,8.309520721435547,-1.032253384590149,-5.372028827667236
1710525095913677518,8.30832290649414,-1.0370434522628784,-5.405559062957764
1710525095926184064,8.30832290649414,-1.0454260110855103,-5.356461048126221
1710525095957755703,8.33227252960205,-1.0346484184265137,-5.389991283416748
1710525095982966540,8.316705703735352,-1.0693762302398682,-5.374423980712891
1710525096012284463,8.301137924194336,-1.038240909576416,-5.38400411605835
1710525096033374827,8.327483177185059,-1.0657837390899658,-5.398374080657959
1710525096121698352,8.33227252960205,-1.033450961112976,-5.399571418762207
1710525096171359234,8.343050956726074,-1.047821044921875,-5.386398792266846
1710525096182276734,8.311915397644043,-1.0514135360717773,-5.373226165771484
1710525096214231006,8.321495056152344,-1.0597960948944092,-5.381608963012695
1710525096239230449,8.32269287109375,-1.057401180267334,-5.400769233703613
1710525096285623439,8.311915397644043,-1.0609936714172363,-5.39358377456665
1710525096312923502,8.333470344543457,-1.0466235876083374,-5.39358377456665
1710525096333992022,8.316705703735352,-1.0585986375808716,-5.3887939453125
1710525096420152805,8.321495056152344,-1.0585986375808716,-5.412744045257568
1710525096472644430,8.309520721435547,-1.0442285537719727,-5.399571418762207
1710525096519131998,8.31311321258545,-1.0106981992721558,-5.405559062957764
1710525096561068104,8.316705703735352,-1.0693762302398682,-5.357658863067627
1710525096581818048,8.315507888793945,-1.041833519935608,-5.381608963012695
1710525096611446861,8.319100379943848,-1.0310559272766113,-5.376818656921387
1710525096622056316,8.314310073852539,-1.0585986375808716,-5.36604118347168
1710525096634632013,8.320298194885254,-1.041833519935608,-5.394781589508057
1710525096699943658,8.317902565002441,-1.0609936714172363,-5.389991283416748
1710525096790466661,8.319100379943848,-1.047821044921875,-5.374423980712891
1710525096836848652,8.315507888793945,-1.0130932331085205,-5.394781589508057
1710525096972401889,8.319100379943848,-1.032253384590149,-5.35167121887207
1710525096996506001,8.317902565002441,-1.0550061464309692,-5.379213809967041
1710525097046963554,8.320298194885254,-1.0765613317489624,-5.412744045257568
1710525097074466616,8.302334785461426,-1.0430309772491455,-5.370831489562988
1710525097091195837,8.309520721435547,-1.0454260110855103,-5.392386436462402
1710525097120467834,8.326285362243652,-1.0490185022354126,-5.370831489562988
1710525097137172665,8.303532600402832,-1.0286608934402466,-5.400769233703613
1710525097172780695,8.319100379943848,-1.068178653717041,-5.361251354217529
1710525097180278326,8.304730415344238,-1.0526111125946045,-5.368436336517334
1710525097217040135,8.315507888793945,-1.038240909576416,-5.412744045257568
1710525097261368973,8.31311321258545,-1.0741662979125977,-5.362448692321777
1710525097309564882,8.316705703735352,-1.0226733684539795,-5.407954216003418
1710525097340829430,8.315507888793945,-1.063388705253601,-5.354066371917725
1710525097397646743,8.316705703735352,-1.0585986375808716,-5.375621318817139
1710525097406087140,8.310717582702637,-1.01788330078125,-5.39358377456665
1710525097418736786,8.319100379943848,-1.0597960948944092,-5.360053539276123
1710525097443909041,8.316705703735352,-1.0059082508087158,-5.404361724853516
1710525097483878804,8.317902565002441,-1.033450961112976,-5.358856201171875
1710525097509126177,8.323890686035156,-1.0526111125946045,-5.394781589508057
1710525097549155050,8.317902565002441,-1.0550061464309692,-5.387596607208252
1710525097584704631,8.317902565002441,-1.0945239067077637,-5.373226165771484
1710525097603657650,8.316705703735352,-0.9891430735588074,-5.419929027557373
1710525097622710022,8.327483177185059,-0.9963281154632568,-5.404361724853516
1710525097645841782,8.319100379943848,-1.0406359434127808,-5.381608963012695
1710525097668976587,8.320298194885254,-1.0765613317489624,-5.373226165771484
1710525097721561718,8.31311321258545,-1.0466235876083374,-5.385201454162598
1710525097757338322,8.295149803161621,-1.0657837390899658,-5.375621318817139
1710525097780599321,8.310717582702637,-1.0454260110855103,-5.368436336517334
1710525097854099581,8.319100379943848,-1.0861413478851318,-5.395978927612305
1710525097868891709,8.320298194885254,-1.0514135360717773,-5.373226165771484
1710525097925517433,8.320298194885254,-1.063388705253601,-5.403163909912109
1710525097948699454,8.333470344543457,-1.0669811964035034,-5.381608963012695
1710525097970869324,8.333470344543457,-1.0669811964035034,-5.381608963012695
1710525097997043303,8.296347618103027,-1.041833519935608,-5.387596607208252
1710525098011976086,8.328680038452148,-1.0993139743804932,-5.355263710021973
1710525098022571723,8.32269287109375,-1.0526111125946045,-5.380411148071289
1710525098043635945,8.325087547302246,-1.0801538228988647,-5.412744045257568
1710525098085650598,8.307125091552734,-0.9987231492996216,-5.406756401062012
1710525098171343358,8.315507888793945,-1.01788330078125,-5.386398792266846
1710525098230285006,8.316705703735352,-1.0346484184265137,-5.387596607208252
1710525098280864786,8.317902565002441,-1.0645861625671387,-5.357658863067627
1710525098289059826,8.304730415344238,-1.0801538228988647,-5.382806301116943
1710525098318722534,8.321495056152344,-1.0262658596038818,-5.409151554107666
1710525098324997124,8.325087547302246,-1.047821044921875,-5.379213809967041
1710525098389838481,8.323890686035156,-1.0454260110855103,-5.378016471862793
1710525098410810693,8.319100379943848,-1.0645861625671387,-5.378016471862793
1710525098440400188,8.319100379943848,-1.0346484184265137,-5.399571418762207
1710525098457275122,8.320298194885254,-1.047821044921875,-5.378016471862793
1710525098478374549,8.315507888793945,-1.0298583507537842,-5.399571418762207
1710525098486474719,8.321495056152344,-1.041833519935608,-5.381608963012695
1710525098509579047,8.311915397644043,-1.0729687213897705,-5.386398792266846
1710525098571863995,8.315507888793945,-1.0430309772491455,-5.403163909912109
1710525098587167607,8.320298194885254,-1.0466235876083374,-5.404361724853516
1710525098604108803,8.321495056152344,-1.0454260110855103,-5.392386436462402
1710525098621042242,8.31311321258545,-1.068178653717041,-5.350473403930664
1710525098642195065,8.316705703735352,-1.0394384860992432,-5.381608963012695
1710525098661153711,8.31311321258545,-1.0298583507537842,-5.375621318817139
1710525098696839827,8.320298194885254,-1.0526111125946045,-5.404361724853516
1710525098726127491,8.309520721435547,-1.0394384860992432,-5.357658863067627
1710525098755521092,8.310717582702637,-1.068178653717041,-5.391189098358154
1710525098780474130,8.317902565002441,-1.0250684022903442,-5.422324180603027
1710525098791069771,8.317902565002441,-1.0454260110855103,-5.387596607208252
1710525098824720145,8.317902565002441,-1.0490185022354126,-5.374423980712891
1710525098877127793,8.314310073852539,-1.0454260110855103,-5.369633674621582
1710525098883594055,8.30832290649414,-1.0550061464309692,-5.399571418762207
1710525098919239700,8.317902565002441,-1.0693762302398682,-5.368436336517334
1710525098946565019,8.321495056152344,-1.0346484184265137,-5.395978927612305
1710525098973965705,8.316705703735352,-1.0310559272766113,-5.376818656921387
1710525098988542716,8.323890686035156,-1.071771264076233,-5.379213809967041
1710525099018168820,8.31311321258545,-1.0310559272766113,-5.399571418762207
1710525099058845133,8.320298194885254,-1.0753637552261353,-5.356461048126221
1710525099085463694,8.31311321258545,-1.0526111125946045,-5.374423980712891
1710525099102217843,8.327483177185059,-1.0502160787582397,-5.416336536407471
1710525099110642159,8.314310073852539,-1.0789562463760376,-5.352868556976318
1710525099125250151,8.319100379943848,-1.071771264076233,-5.409151554107666
1710525099148343334,8.310717582702637,-1.0394384860992432,-5.403163909912109
1710525099169661393,8.321495056152344,-1.0550061464309692,-5.397176742553711
1710525099213472190,8.32269287109375,-1.0777587890625,-5.381608963012695
1710525099234626946,8.304730415344238,-1.0765613317489624,-5.370831489562988
1710525099253586247,8.327483177185059,-1.0166858434677124,-5.373226165771484
1710525099295460511,8.31311321258545,-1.0490185022354126,-5.363646030426025
1710525099301694684,8.315507888793945,-1.0562036037445068,-5.391189098358154
1710525099333255929,8.316705703735352,-1.0466235876083374,-5.39358377456665
1710525099407048505,8.311915397644043,-1.0442285537719727,-5.39358377456665
1710525099440567130,8.30832290649414,-1.0669811964035034,-5.391189098358154
1710525099469980446,8.319100379943848,-1.0526111125946045,-5.387596607208252
1710525099488978329,8.31311321258545,-1.0406359434127808,-5.385201454162598
1710525099527072944,8.32269287109375,-1.0502160787582397,-5.386398792266846
1710525099535337296,8.316705703735352,-1.0490185022354126,-5.373226165771484
1710525099560444597,8.321495056152344,-1.0430309772491455,-5.381608963012695
1710525099574930528,8.325087547302246,-1.0490185022354126,-5.395978927612305
1710525099602458279,8.320298194885254,-1.0370434522628784,-5.382806301116943
1710525099634222537,8.320298194885254,-1.0550061464309692,-5.370831489562988
1710525099703210919,8.32269287109375,-1.0310559272766113,-5.398374080657959
1710525099745261337,8.314310073852539,-1.0454260110855103,-5.398374080657959
1710525099770400603,8.331075668334961,-1.0801538228988647,-5.381608963012695
1710525099787437426,8.321495056152344,-1.0406359434127808,-5.399571418762207
1710525099806162222,8.320298194885254,-1.0370434522628784,-5.415139198303223
1710525099850374265,8.298742294311523,-1.0550061464309692,-5.379213809967041
1710525099905188060,8.328680038452148,-1.0657837390899658,-5.369633674621582
1710525099932593655,8.314310073852539,-1.0693762302398682,-5.361251354217529
1710525099947280305,8.326285362243652,-1.0454260110855103,-5.389991283416748
1710525099957796142,8.319100379943848,-1.0430309772491455,-5.375621318817139
1710525099999992356,8.320298194885254,-1.0490185022354126,-5.392386436462402
1710525100025181902,8.32269287109375,-1.0585986375808716,-5.367238998413086
1710525100050694531,8.31311321258545,-1.0442285537719727,-5.374423980712891
1710525100075791438,8.315507888793945,-1.038240909576416,-5.378016471862793
1710525100105435519,8.323890686035156,-1.0657837390899658,-5.385201454162598
1710525100128534686,8.317902565002441,-1.068178653717041,-5.379213809967041
1710525100174703115,8.310717582702637,-1.0358459949493408,-5.378016471862793
1710525100218896558,8.319100379943848,-1.0669811964035034,-5.364843845367432
1710525100229492370,8.307125091552734,-1.0406359434127808,-5.407954216003418
1710525100271614307,8.303532600402832,-1.0406359434127808,-5.381608963012695
1710525100294735749,8.32269287109375,-1.047821044921875,-5.357658863067627
1710525100309657200,8.315507888793945,-1.0466235876083374,-5.369633674621582
1710525100324226853,8.315507888793945,-1.0466235876083374,-5.409151554107666
1710525100336766818,8.305927276611328,-1.0358459949493408,-5.39358377456665
1710525100343119278,8.31311321258545,-1.0526111125946045,-5.380411148071289
1710525100370406454,8.326285362243652,-1.0741662979125977,-5.385201454162598
1710525100397857798,8.311915397644043,-1.0562036037445068,-5.369633674621582
1710525100437646977,8.329877853393555,-1.053808569908142,-5.405559062957764
1710525100538685899,8.309520721435547,-1.0430309772491455,-5.382806301116943
1710525100576354268,8.328680038452148,-1.0645861625671387,-5.39358377456665
1710525100591548225,8.316705703735352,-1.0466235876083374,-5.370831489562988
1710525100599573093,8.329877853393555,-1.033450961112976,-5.392386436462402
1710525100624805607,8.325087547302246,-1.0562036037445068,-5.395978927612305
1710525100645803570,8.315507888793945,-1.0502160787582397,-5.368436336517334
1710525100654386299,8.309520721435547,-1.053808569908142,-5.368436336517334
1710525100677582736,8.30832290649414,-1.0550061464309692,-5.380411148071289
1710525100692123423,8.32269287109375,-1.0442285537719727,-5.374423980712891
1710525100721676725,8.321495056152344,-1.0490185022354126,-5.378016471862793
1710525100789034485,8.317902565002441,-1.0502160787582397,-5.397176742553711
1710525100891907456,8.31311321258545,-1.0466235876083374,-5.363646030426025
1710525100915050232,8.319100379943848,-1.0346484184265137,-5.39358377456665
1710525100988911087,8.317902565002441,-1.068178653717041,-5.361251354217529
1710525101087459242,8.327483177185059,-1.071771264076233,-5.374423980712891
1710525101104376718,8.314310073852539,-1.0550061464309692,-5.410348892211914
1710525101140189311,8.32269287109375,-1.068178653717041,-5.363646030426025
1710525101186519990,8.32269287109375,-1.063388705253601,-5.364843845367432
1710525101198868488,8.321495056152344,-1.0370434522628784,-5.360053539276123
1710525101215590579,8.32269287109375,-1.071771264076233,-5.372028827667236
1710525101251460926,8.314310073852539,-1.057401180267334,-5.418731689453125
1710525101287368146,8.314310073852539,-1.0861413478851318,-5.344486236572266
1710525101297835864,8.316705703735352,-1.0370434522628784,-5.378016471862793
1710525101320940487,8.331075668334961,-1.0430309772491455,-5.391189098358154
1710525101370836397,8.31311321258545,-1.063388705253601,-5.349276065826416
1710525101434605798,8.314310073852539,-1.0154882669448853,-5.357658863067627
1710525101464088051,8.32269287109375,-1.0490185022354126,-5.364843845367432
1710525101487110944,8.307125091552734,-1.0502160787582397,-5.368436336517334
1710525101501856956,8.33706283569336,-1.0705736875534058,-5.367238998413086
1710525101529219462,8.321495056152344,-1.0825488567352295,-5.391189098358154
1710525101558577812,8.329877853393555,-1.0142908096313477,-5.385201454162598
1710525101603059750,8.297545433044434,-1.062191128730774,-5.404361724853516
1710525101704011420,8.320298194885254,-1.0059082508087158,-5.401966571807861
1710525101733525867,8.325087547302246,-1.0394384860992432,-5.404361724853516
1710525101779386980,8.33227252960205,-1.041833519935608,-5.378016471862793
1710525101798319258,8.305927276611328,-1.0262658596038818,-5.372028827667236
1710525101832160049,8.33706283569336,-1.0454260110855103,-5.374423980712891
1710525101867785126,8.325087547302246,-1.0801538228988647,-5.378016471862793
1710525101897399219,8.341853141784668,-1.1160790920257568,-5.375621318817139
1710525101913998771,8.296347618103027,-1.0130932331085205,-5.394781589508057
1710525101932869016,8.289162635803223,-1.002315640449524,-5.385201454162598
1710525101951942320,8.323890686035156,-1.0250684022903442,-5.355263710021973
1710525101989427687,8.323890686035156,-1.0130932331085205,-5.344486236572266
1710525102012717983,8.317902565002441,-1.0346484184265137,-5.380411148071289
1710525102038129918,8.298742294311523,-1.0454260110855103,-5.386398792266846
1710525102042224435,8.33706283569336,-1.0849438905715942,-5.372028827667236
1710525102056823442,8.331075668334961,-1.0526111125946045,-5.410348892211914
1710525102071486374,8.311915397644043,-1.0753637552261353,-5.36604118347168
1710525102094747194,8.30832290649414,-1.0957214832305908,-5.394781589508057
1710525102136792569,8.327483177185059,-1.0406359434127808,-5.380411148071289
1710525102143174427,8.307125091552734,-1.0286608934402466,-5.382806301116943
1710525102169626490,8.32269287109375,-1.0406359434127808,-5.364843845367432
1710525102185137874,8.315507888793945,-1.0657837390899658,-5.39358377456665
1710525102200014523,8.327483177185059,-1.0466235876083374,-5.41154670715332
1710525102208441688,8.297545433044434,-1.0442285537719727,-5.394781589508057
1710525102265286937,8.329877853393555,-1.063388705253601,-5.358856201171875
1710525102318147083,8.331075668334961,-1.032253384590149,-5.382806301116943
1710525102332711326,8.323890686035156,-1.0645861625671387,-5.385201454162598
1710525102357874424,8.328680038452148,-1.0861413478851318,-5.38400411605835
1710525102362031768,8.302334785461426,-1.0059082508087158,-5.430706977844238
1710525102393410853,8.319100379943848,-1.0526111125946045,-5.369633674621582
1710525102401827089,8.321495056152344,-1.023870825767517,-5.397176742553711
1710525102446143303,8.323890686035156,-1.0490185022354126,-5.373226165771484
1710525102454300088,8.323890686035156,-1.0346484184265137,-5.392386436462402
1710525102517608205,8.32269287109375,-1.047821044921875,-5.399571418762207
1710525102563691184,8.319100379943848,-1.0394384860992432,-5.387596607208252
1710525102584910263,8.314310073852539,-1.0609936714172363,-5.386398792266846
1710525102607896731,8.317902565002441,-1.0550061464309692,-5.372028827667236
1710525102631040586,8.323890686035156,-1.062191128730774,-5.401966571807861
1710525102653965475,8.315507888793945,-1.0346484184265137,-5.410348892211914
1710525102887471456,8.309520721435547,-1.0514135360717773,-5.403163909912109
1710525102912822047,8.350235939025879,-1.0502160787582397,-5.378016471862793
1710525103032235521,8.320298194885254,-1.0801538228988647,-5.375621318817139
1710525103091295367,8.31311321258545,-1.0609936714172363,-5.380411148071289
1710525103110195303,8.314310073852539,-1.0609936714172363,-5.380411148071289
1710525103173251461,8.325087547302246,-1.0729687213897705,-5.369633674621582
1710525103187935609,8.314310073852539,-1.0514135360717773,-5.375621318817139
1710525103257538806,8.32269287109375,-1.068178653717041,-5.381608963012695
1710525103295428419,8.323890686035156,-1.023870825767517,-5.386398792266846
1710525103329363168,8.315507888793945,-1.0526111125946045,-5.382806301116943
1710525103375570997,8.310717582702637,-1.063388705253601,-5.381608963012695
1710525103430093820,8.317902565002441,-1.0526111125946045,-5.394781589508057
1710525103468034577,8.326285362243652,-1.0490185022354126,-5.412744045257568
1710525103480629446,8.317902565002441,-1.0813512802124023,-5.373226165771484
1710525103539408957,8.311915397644043,-1.1088939905166626,-5.325325965881348
1710525103623719499,8.327483177185059,-1.053808569908142,-5.340893745422363
1710525103649072307,8.295149803161621,-1.0406359434127808,-5.418731689453125
1710525103659549770,8.329877853393555,-1.0250684022903442,-5.397176742553711
1710525103726946568,8.321495056152344,-1.041833519935608,-5.476212024688721
1710525103781340786,8.340655326843262,-1.1567944288253784,-5.339695930480957
1710525103821370996,8.339458465576172,-1.0490185022354126,-5.372028827667236
1710525103829730747,8.314310073852539,-1.0430309772491455,-5.404361724853516
1710525103833926059,8.305927276611328,-1.01788330078125,-5.370831489562988
1710525103859437572,8.327483177185059,-1.068178653717041,-5.433101654052734
1710525103882576869,8.326285362243652,-1.0789562463760376,-5.399571418762207
1710525103930947117,8.319100379943848,-1.0693762302398682,-5.39358377456665
1710525103958087528,8.311915397644043,-1.0370434522628784,-5.374423980712891
1710525103974906050,8.32269287109375,-1.0813512802124023,-5.413941860198975
1710525104000611565,8.291557312011719,-1.0059082508087158,-5.3887939453125
1710525104029872312,8.304730415344238,-1.0669811964035034,-5.430706977844238
1710525104107716642,8.327483177185059,-1.062191128730774,-5.343288421630859
1710525104147467180,8.311915397644043,-1.0490185022354126,-5.368436336517334
1710525104185134358,8.302334785461426,-1.0214757919311523,-5.395978927612305
1710525104193543260,8.32269287109375,-1.0741662979125977,-5.394781589508057
1710525104229340209,8.325087547302246,-1.063388705253601,-5.413941860198975
1710525104261187975,8.319100379943848,-1.0693762302398682,-5.3887939453125
1710525104298816253,8.326285362243652,-1.0358459949493408,-5.406756401062012
1710525104332269110,8.320298194885254,-1.0454260110855103,-5.407954216003418
1710525104388842127,8.32269287109375,-1.0514135360717773,-5.385201454162598
1710525104414064048,8.326285362243652,-1.023870825767517,-5.391189098358154
1710525104437294705,8.328680038452148,-1.047821044921875,-5.401966571807861
1710525104466636829,8.319100379943848,-1.0609936714172363,-5.368436336517334
1710525104479190932,8.32269287109375,-1.047821044921875,-5.400769233703613
1710525104534005965,8.326285362243652,-1.0753637552261353,-5.416336536407471
1710525104570274826,8.32269287109375,-1.0226733684539795,-5.370831489562988
1710525104573736911,8.317902565002441,-1.0406359434127808,-5.405559062957764
1710525104605570545,8.320298194885254,-1.0454260110855103,-5.423521518707275
1710525104628490246,8.315507888793945,-1.0597960948944092,-5.374423980712891
1710525104691505843,8.321495056152344,-1.0214757919311523,-5.394781589508057
1710525104699863070,8.325087547302246,-1.0526111125946045,-5.417534351348877
1710525104718863648,8.320298194885254,-1.0514135360717773,-5.372028827667236
1710525104731412330,8.328680038452148,-1.0454260110855103,-5.400769233703613
1710525104768548919,8.311915397644043,-1.0801538228988647,-5.386398792266846
1710525104825882546,8.314310073852539,-1.0442285537719727,-5.398374080657959
1710525104844792561,8.321495056152344,-1.0358459949493408,-5.401966571807861
1710525104861575587,8.31311321258545,-1.0286608934402466,-5.400769233703613
1710525104928873116,8.315507888793945,-1.0550061464309692,-5.403163909912109
1710525104966774617,8.317902565002441,-1.033450961112976,-5.379213809967041
1710525104981383650,8.30832290649414,-1.033450961112976,-5.397176742553711
1710525105017108539,8.329877853393555,-1.0753637552261353,-5.378016471862793
1710525105033912922,8.303532600402832,-1.0286608934402466,-5.419929027557373
1710525105086658528,8.316705703735352,-1.0514135360717773,-5.391189098358154
1710525105162282037,8.326285362243652,-1.068178653717041,-5.391189098358154
1710525105191681313,8.323890686035156,-1.0609936714172363,-5.399571418762207
1710525105214771043,8.30832290649414,-1.0346484184265137,-5.382806301116943
1710525105311403360,8.319100379943848,-1.0801538228988647,-5.374423980712891
1710525105416515002,8.32269287109375,-1.0849438905715942,-5.3887939453125
1710525105439497248,8.325087547302246,-1.0298583507537842,-5.398374080657959
1710525105492229580,8.326285362243652,-1.0609936714172363,-5.391189098358154
1710525105521534311,8.323890686035156,-1.0585986375808716,-5.370831489562988
1710525105575910429,8.320298194885254,-1.053808569908142,-5.379213809967041
1710525105588468045,8.317902565002441,-1.0442285537719727,-5.386398792266846
1710525105641399179,8.323890686035156,-1.0490185022354126,-5.385201454162598
1710525105679345124,8.302334785461426,-1.071771264076233,-5.368436336517334
1710525105717106492,8.321495056152344,-1.0358459949493408,-5.386398792266846
1710525105740186415,8.31311321258545,-1.062191128730774,-5.385201454162598
1710525105805271356,8.32269287109375,-1.062191128730774,-5.386398792266846
1710525105822176109,8.321495056152344,-1.0657837390899658,-5.392386436462402
1710525105853670803,8.319100379943848,-1.0502160787582397,-5.376818656921387
1710525105864248096,8.334668159484863,-1.0705736875534058,-5.372028827667236
1710525105902031093,8.334668159484863,-1.0430309772491455,-5.394781589508057
1710525106002739528,8.317902565002441,-1.0909314155578613,-5.386398792266846
1710525106004524045,8.310717582702637,-1.041833519935608,-5.395978927612305
1710525106031943080,8.323890686035156,-1.0394384860992432,-5.400769233703613
1710525106059280290,8.320298194885254,-1.0514135360717773,-5.398374080657959
1710525106069790669,8.323890686035156,-1.0705736875534058,-5.373226165771484
1710525106092984816,8.325087547302246,-1.0693762302398682,-5.381608963012695
1710525106137110718,8.331075668334961,-1.0502160787582397,-5.395978927612305
1710525106151686113,8.317902565002441,-1.062191128730774,-5.372028827667236
1710525106190031915,8.32269287109375,-1.0130932331085205,-5.401966571807861
1710525106225579625,8.302334785461426,-1.0705736875534058,-5.354066371917725
1710525106257186665,8.32269287109375,-1.0609936714172363,-5.375621318817139
1710525106314012367,8.317902565002441,-1.0562036037445068,-5.378016471862793
1710525106332923746,8.323890686035156,-1.053808569908142,-5.375621318817139
1710525106360375524,8.321495056152344,-1.0597960948944092,-5.375621318817139
1710525106385599786,8.305927276611328,-1.062191128730774,-5.369633674621582
1710525106402071567,8.302334785461426,-1.0358459949493408,-5.389991283416748
1710525106438431896,8.320298194885254,-1.0550061464309692,-5.364843845367432
1710525106467557580,8.310717582702637,-1.0466235876083374,-5.372028827667236
1710525106491481709,8.314310073852539,-1.033450961112976,-5.397176742553711
1710525106518150194,8.321495056152344,-1.0693762302398682,-5.369633674621582
1710525106543410126,8.316705703735352,-1.063388705253601,-5.389991283416748
1710525106583153098,8.323890686035156,-1.0562036037445068,-5.391189098358154
1710525106631656846,8.317902565002441,-1.0585986375808716,-5.372028827667236
1710525106654827438,8.31311321258545,-1.0346484184265137,-5.381608963012695
1710525106684144718,8.31311321258545,-1.0789562463760376,-5.36604118347168
1710525106787233353,8.314310073852539,-1.0753637552261353,-5.364843845367432
1710525106919470650,8.319100379943848,-1.0609936714172363,-5.380411148071289
1710525106921663573,8.317902565002441,-1.057401180267334,-5.369633674621582
1710525106942505293,8.319100379943848,-1.0765613317489624,-5.367238998413086
1710525106957197452,8.326285362243652,-1.0394384860992432,-5.386398792266846
1710525106976220767,8.30832290649414,-1.0358459949493408,-5.382806301116943
1710525106990901585,8.32269287109375,-1.0490185022354126,-5.364843845367432
1710525107020663875,8.323890686035156,-1.0226733684539795,-5.399571418762207
1710525107058568371,8.31311321258545,-1.038240909576416,-5.39358377456665
1710525107065042495,8.310717582702637,-1.063388705253601,-5.370831489562988
1710525107092182312,8.325087547302246,-1.0585986375808716,-5.36604118347168
1710525107102540646,8.326285362243652,-1.0597960948944092,-5.373226165771484
1710525107111085741,8.30832290649414,-1.0454260110855103,-5.391189098358154
1710525107144785257,8.309520721435547,-1.0741662979125977,-5.36604118347168
1710525107155445001,8.320298194885254,-1.032253384590149,-5.356461048126221
1710525107171135540,8.321495056152344,-1.0669811964035034,-5.362448692321777
1710525107207893031,8.326285362243652,-1.0430309772491455,-5.398374080657959
1710525107228696721,8.321495056152344,-1.0526111125946045,-5.360053539276123
1710525107258103152,8.316705703735352,-1.0526111125946045,-5.401966571807861
1710525107352701874,8.326285362243652,-1.053808569908142,-5.373226165771484
1710525107373343006,8.317902565002441,-1.0490185022354126,-5.36604118347168
1710525107428060893,8.321495056152344,-1.0645861625671387,-5.374423980712891
1710525107484756343,8.320298194885254,-1.063388705253601,-5.369633674621582
1710525107516169728,8.326285362243652,-1.0442285537719727,-5.385201454162598
1710525107537387401,8.317902565002441,-1.0849438905715942,-5.352868556976318
1710525107569962182,8.323890686035156,-1.047821044921875,-5.381608963012695
1710525107591729374,8.30832290649414,-1.0669811964035034,-5.363646030426025
1710525107608565723,8.32269287109375,-1.0657837390899658,-5.373226165771484
1710525107633913978,8.30832290649414,-1.047821044921875,-5.373226165771484
1710525107646757373,8.30832290649414,-1.047821044921875,-5.373226165771484
1710525107800046885,8.321495056152344,-1.0502160787582397,-5.386398792266846
1710525107888394274,8.32269287109375,-1.0741662979125977,-5.373226165771484
1710525107951304097,8.266409873962402,-1.0166858434677124,-5.389991283416748
1710525108041339958,8.329877853393555,-1.0849438905715942,-5.360053539276123
1710525108077222698,8.320298194885254,-1.0262658596038818,-5.378016471862793
1710525108115049680,8.331075668334961,-1.0813512802124023,-5.38400411605835
1710525108188771876,8.329877853393555,-1.0669811964035034,-5.362448692321777
1710525108397121197,8.325087547302246,-1.0705736875534058,-5.375621318817139
1710525108508293345,8.326285362243652,-1.0490185022354126,-5.375621318817139
1710525108570551593,8.315507888793945,-1.0597960948944092,-5.372028827667236
1710525108632843614,8.307125091552734,-1.062191128730774,-5.378016471862793
1710525108643077593,8.311915397644043,-1.0466235876083374,-5.386398792266846
1710525108678809743,8.319100379943848,-1.0454260110855103,-5.407954216003418
1710525108693421510,8.315507888793945,-1.0490185022354126,-5.375621318817139
1710525108708022241,8.32269287109375,-1.0825488567352295,-5.382806301116943
1710525108735584571,8.323890686035156,-1.0502160787582397,-5.374423980712891
1710525108775416355,8.316705703735352,-1.068178653717041,-5.399571418762207
1710525108781693578,8.316705703735352,-1.068178653717041,-5.399571418762207
1710525108815729610,8.334668159484863,-1.1100915670394897,-5.440286636352539
1710525108826220574,8.358617782592773,-1.008303165435791,-5.422324180603027
1710525108861793908,8.295149803161621,-1.511257290840149,-5.451064586639404
1710525108866034171,8.278385162353516,-1.2861255407333374,-5.277425765991211
1710525108897552966,8.278385162353516,-1.2861255407333374,-5.277425765991211
1710525108918540356,8.261619567871094,-1.0693762302398682,-5.259462833404541
1710525108943978909,8.325087547302246,-0.8322693109512329,-5.294190883636475
1710525109002829919,8.2532377243042,-0.8322693109512329,-5.467829704284668
1710525109051238157,8.355025291442871,-1.1292517185211182,-5.343288421630859
1710525109097456783,8.302334785461426,-1.0454260110855103,-5.322930812835693
1710525109114073058,8.339458465576172,-1.053808569908142,-5.339695930480957
1710525109161407679,8.323890686035156,-1.033450961112976,-5.385201454162598
1710525109194184498,8.335865020751953,-1.0993139743804932,-5.36604118347168
1710525109238428256,8.304730415344238,-1.0406359434127808,-5.399571418762207
1710525109293010197,8.321495056152344,-1.107696533203125,-5.422324180603027
1710525109314091881,8.357420921325684,-1.0406359434127808,-5.417534351348877
1710525109326699037,8.289162635803223,-1.0250684022903442,-5.394781589508057
1710525109360401804,8.320298194885254,-0.9927356243133545,-5.439089298248291
1710525109404453999,8.340655326843262,-1.033450961112976,-5.342091083526611
1710525109414910009,8.315507888793945,-1.047821044921875,-5.36604118347168
1710525109433788505,8.333470344543457,-1.0370434522628784,-5.397176742553711
1710525109446445577,8.333470344543457,-1.0358459949493408,-5.389991283416748
1710525109498857408,8.343050956726074,-1.033450961112976,-5.409151554107666
1710525109593433234,8.31311321258545,-1.0849438905715942,-5.350473403930664
1710525109610430894,8.298742294311523,-1.038240909576416,-5.469027042388916
1710525109614795276,8.349038124084473,-1.038240909576416,-5.379213809967041
1710525109639643223,8.325087547302246,-1.0741662979125977,-5.369633674621582
1710525109725901584,8.316705703735352,-1.0346484184265137,-5.355263710021973
1710525109742704967,8.317902565002441,-1.0262658596038818,-5.382806301116943
1710525109780262406,8.326285362243652,-1.047821044921875,-5.363646030426025
1710525109788978466,8.328680038452148,-1.0585986375808716,-5.356461048126221
1710525109830769570,8.323890686035156,-1.062191128730774,-5.380411148071289
1710525109885476870,8.33227252960205,-1.053808569908142,-5.367238998413086
1710525109984369259,8.331075668334961,-1.0945239067077637,-5.361251354217529
1710525110020507099,8.33706283569336,-1.0298583507537842,-5.373226165771484
1710525110049340245,8.305927276611328,-1.038240909576416,-5.364843845367432
1710525110087529996,8.317902565002441,-1.0729687213897705,-5.346880912780762
1710525110119049461,8.31311321258545,-1.0969189405441284,-5.36604118347168
1710525110207000188,8.325087547302246,-1.0346484184265137,-5.374423980712891
1710525110278725109,8.329877853393555,-1.0813512802124023,-5.373226165771484
1710525110339801236,8.335865020751953,-1.0789562463760376,-5.356461048126221
1710525110360658946,8.32269287109375,-1.0526111125946045,-5.398374080657959
1710525110411118653,8.320298194885254,-1.062191128730774,-5.38400411605835
1710525110434487276,8.326285362243652,-1.0370434522628784,-5.381608963012695
1710525110449143342,8.323890686035156,-1.063388705253601,-5.395978927612305
1710525110495432696,8.316705703735352,-1.0562036037445068,-5.386398792266846
1710525110545909610,8.326285362243652,-1.071771264076233,-5.369633674621582
1710525110558529996,8.323890686035156,-1.0106981992721558,-5.41154670715332
1710525110585831819,8.331075668334961,-1.0645861625671387,-5.361251354217529
1710525110590019573,8.315507888793945,-1.0286608934402466,-5.376818656921387
1710525110606834034,8.328680038452148,-1.0669811964035034,-5.36604118347168
1710525110629922898,8.31311321258545,-1.0502160787582397,-5.391189098358154
1710525110650880584,8.311915397644043,-1.0406359434127808,-5.392386436462402
1710525110676057350,8.327483177185059,-1.0550061464309692,-5.403163909912109
1710525110690813967,8.323890686035156,-1.087338924407959,-5.3887939453125
1710525110728594324,8.323890686035156,-1.0370434522628784,-5.385201454162598
1710525110762180929,8.33227252960205,-1.0801538228988647,-5.369633674621582
1710525110776577501,8.325087547302246,-1.071771264076233,-5.370831489562988
1710525110816721014,8.32269287109375,-1.041833519935608,-5.368436336517334
1710525110852211540,8.328680038452148,-1.0250684022903442,-5.39358377456665
1710525110858617903,8.329877853393555,-1.0657837390899658,-5.380411148071289
1710525110875469543,8.32269287109375,-1.0657837390899658,-5.400769233703613
1710525110944722141,8.325087547302246,-1.0514135360717773,-5.392386436462402
1710525110988722131,8.344247817993164,-1.041833519935608,-5.391189098358154
1710525110997380623,8.328680038452148,-1.0466235876083374,-5.389991283416748
1710525111024751231,8.316705703735352,-1.0310559272766113,-5.3887939453125
1710525111035166887,8.327483177185059,-1.0669811964035034,-5.398374080657959
1710525111050033009,8.309520721435547,-1.0490185022354126,-5.378016471862793
1710525111102701752,8.329877853393555,-1.0609936714172363,-5.373226165771484
1710525111125673419,8.326285362243652,-1.062191128730774,-5.376818656921387
1710525111144626621,8.327483177185059,-1.0454260110855103,-5.407954216003418
1710525111161211855,8.320298194885254,-1.0729687213897705,-5.360053539276123
1710525111207625296,8.323890686035156,-1.0609936714172363,-5.364843845367432
1710525111216133045,8.329877853393555,-1.0777587890625,-5.360053539276123
1710525111243612252,8.321495056152344,-1.047821044921875,-5.370831489562988
1710525111260356976,8.323890686035156,-1.0609936714172363,-5.375621318817139
1710525111270785846,8.31311321258545,-1.0454260110855103,-5.367238998413086
1710525111300227530,8.31311321258545,-1.0490185022354126,-5.381608963012695
1710525111333593537,8.326285362243652,-1.0454260110855103,-5.386398792266846
1710525111349469351,8.326285362243652,-1.0454260110855103,-5.386398792266846
1710525111421902052,8.32269287109375,-1.0454260110855103,-5.369633674621582
1710525111442994842,8.316705703735352,-1.0909314155578613,-5.3887939453125
1710525111512603646,8.323890686035156,-1.0597960948944092,-5.362448692321777
1710525111522996733,8.325087547302246,-1.0741662979125977,-5.369633674621582
1710525111550218683,8.320298194885254,-1.057401180267334,-5.401966571807861
1710525111575469716,8.314310073852539,-1.0358459949493408,-5.387596607208252
1710525111596327209,8.328680038452148,-1.071771264076233,-5.362448692321777
1710525111619445101,8.30832290649414,-1.0358459949493408,-5.374423980712891
1710525111627889344,8.30832290649414,-1.0358459949493408,-5.374423980712891
1710525111646765192,8.310717582702637,-1.0454260110855103,-5.36604118347168
1710525111699469879,8.307125091552734,-1.0214757919311523,-5.394781589508057
1710525111718364933,8.311915397644043,-1.063388705253601,-5.374423980712891
1710525111787747424,8.325087547302246,-1.0705736875534058,-5.369633674621582
1710525111810706361,8.316705703735352,-1.063388705253601,-5.375621318817139
1710525111837926993,8.309520721435547,-1.041833519935608,-5.361251354217529
1710525111844393603,8.326285362243652,-1.0789562463760376,-5.372028827667236
1710525111890462746,8.31311321258545,-1.041833519935608,-5.381608963012695
1710525111926304903,8.327483177185059,-1.0490185022354126,-5.399571418762207
1710525111956341992,8.316705703735352,-1.0645861625671387,-5.404361724853516
1710525111968607555,8.326285362243652,-1.041833519935608,-5.382806301116943
1710525111987791758,8.310717582702637,-1.0597960948944092,-5.378016471862793
1710525112017140214,8.315507888793945,-1.063388705253601,-5.373226165771484
1710525112046476156,8.320298194885254,-1.0262658596038818,-5.398374080657959
1710525112134588282,8.325087547302246,-1.0430309772491455,-5.378016471862793
1710525112291924934,8.319100379943848,-1.0310559272766113,-5.386398792266846
1710525112361379242,8.323890686035156,-1.063388705253601,-5.38400411605835
1710525112384630108,8.321495056152344,-1.068178653717041,-5.367238998413086
1710525112413771316,8.323890686035156,-1.0442285537719727,-5.382806301116943
1710525112415840143,8.310717582702637,-1.0502160787582397,-5.397176742553711
1710525112419949685,8.329877853393555,-1.047821044921875,-5.3887939453125
1710525112437638368,8.327483177185059,-1.0741662979125977,-5.379213809967041
1710525112473057364,8.326285362243652,-1.041833519935608,-5.389991283416748
1710525112495838324,8.317902565002441,-1.032253384590149,-5.391189098358154
1710525112512625161,8.321495056152344,-1.047821044921875,-5.401966571807861
1710525112516876595,8.326285362243652,-1.0514135360717773,-5.385201454162598
1710525112537675552,8.31311321258545,-1.0597960948944092,-5.386398792266846
1710525112579583423,8.309520721435547,-1.0550061464309692,-5.385201454162598
1710525112598479103,8.329877853393555,-1.057401180267334,-5.391189098358154
1710525112632307945,8.319100379943848,-1.0286608934402466,-5.406756401062012
1710525112651160989,8.331075668334961,-1.0526111125946045,-5.380411148071289
1710525112667930415,8.343050956726074,-1.0765613317489624,-5.418731689453125
1710525112705896537,8.334668159484863,-1.0801538228988647,-5.381608963012695
1710525112770081927,8.323890686035156,-1.0466235876083374,-5.413941860198975
1710525112796068526,8.326285362243652,-1.0693762302398682,-5.413941860198975
1710525112832064608,8.320298194885254,-1.0466235876083374,-5.367238998413086
1710525112836013738,8.321495056152344,-1.1053014993667603,-5.376818656921387
1710525112848703431,8.320298194885254,-1.0071057081222534,-5.385201454162598
1710525112895075574,8.314310073852539,-1.0298583507537842,-5.410348892211914
1710525112901420955,8.325087547302246,-1.0286608934402466,-5.413941860198975
1710525112922329585,8.335865020751953,-1.0609936714172363,-5.397176742553711
1710525112972012559,8.325087547302246,-1.0226733684539795,-5.415139198303223
1710525112991569615,8.316705703735352,-1.047821044921875,-5.404361724853516
1710525113027627297,8.309520721435547,-0.999920666217804,-5.398374080657959
1710525113042383637,8.316705703735352,-1.107696533203125,-5.406756401062012
1710525113054911092,8.32269287109375,-0.9939330816268921,-5.404361724853516
1710525113071665478,8.32269287109375,-1.0669811964035034,-5.401966571807861
1710525113088516601,8.327483177185059,-1.0406359434127808,-5.404361724853516
1710525113111572268,8.301137924194336,-1.0286608934402466,-5.401966571807861
1710525113202384291,8.319100379943848,-1.062191128730774,-5.409151554107666
1710525113259534114,8.343050956726074,-1.063388705253601,-5.409151554107666
1710525113267737858,8.343050956726074,-1.063388705253601,-5.409151554107666
1710525113305586615,8.335865020751953,-1.063388705253601,-5.372028827667236
1710525113374649011,8.319100379943848,-1.0597960948944092,-5.387596607208252
1710525113383119715,8.323890686035156,-1.087338924407959,-5.357658863067627
1710525113404181462,8.317902565002441,-1.0430309772491455,-5.421126842498779
1710525113419300545,8.328680038452148,-1.0945239067077637,-5.385201454162598
1710525113446239597,8.32269287109375,-1.0789562463760376,-5.409151554107666
1710525113469469046,8.319100379943848,-1.093326449394226,-5.382806301116943
1710525113517721533,8.325087547302246,-1.0669811964035034,-5.391189098358154
1710525113532521834,8.338260650634766,-1.0394384860992432,-5.409151554107666
1710525113538670915,8.323890686035156,-1.0142908096313477,-5.395978927612305
1710525113568577827,8.319100379943848,-1.0609936714172363,-5.41154670715332
1710525113580852963,8.317902565002441,-1.0226733684539795,-5.378016471862793
1710525113608173748,8.31311321258545,-1.063388705253601,-5.372028827667236
1710525113656718153,8.320298194885254,-1.011895775794983,-5.439089298248291
1710525113660776292,8.325087547302246,-1.0550061464309692,-5.417534351348877
1710525113704908087,8.320298194885254,-1.0609936714172363,-5.441484451293945
1710525113744690703,8.309520721435547,-0.999920666217804,-5.417534351348877
1710525113851727542,8.317902565002441,-1.0957214832305908,-5.369633674621582
1710525113889586061,8.321495056152344,-1.0849438905715942,-5.386398792266846
1710525113944383297,8.305927276611328,-1.032253384590149,-5.372028827667236
1710525113979983830,8.338260650634766,-1.0645861625671387,-5.413941860198975
1710525114013499918,8.317902565002441,-1.0286608934402466,-5.386398792266846
1710525114072333445,8.319100379943848,-1.0346484184265137,-5.405559062957764
1710525114099733014,8.321495056152344,-1.0657837390899658,-5.407954216003418
1710525114129117329,8.326285362243652,-1.0370434522628784,-5.379213809967041
1710525114150067469,8.317902565002441,-1.0466235876083374,-5.416336536407471
1710525114227967747,8.315507888793945,-1.0502160787582397,-5.373226165771484
1710525114244962079,8.315507888793945,-1.0394384860992432,-5.382806301116943
1710525114371117575,8.311915397644043,-1.0190807580947876,-5.423521518707275
1710525114421778358,8.328680038452148,-1.0250684022903442,-5.349276065826416
1710525114499601734,8.326285362243652,-1.0454260110855103,-5.401966571807861
1710525114501745902,8.30832290649414,-1.0454260110855103,-5.401966571807861
1710525114535396304,8.31311321258545,-1.033450961112976,-5.374423980712891
1710525114545784655,8.326285362243652,-1.0825488567352295,-5.372028827667236
1710525114587695405,8.319100379943848,-1.0849438905715942,-5.372028827667236
1710525114657201291,8.304730415344238,-1.0526111125946045,-5.363646030426025
1710525114707760164,8.325087547302246,-1.0597960948944092,-5.36604118347168
1710525114730835007,8.326285362243652,-1.057401180267334,-5.392386436462402
1710525114777017986,8.321495056152344,-1.0286608934402466,-5.399571418762207
1710525114783650753,8.320298194885254,-1.0562036037445068,-5.370831489562988
1710525114804501453,8.314310073852539,-1.027463436126709,-5.399571418762207
1710525114829728325,8.316705703735352,-1.0526111125946045,-5.382806301116943
1710525114871992764,8.33227252960205,-1.0597960948944092,-5.394781589508057
1710525114926736418,8.323890686035156,-1.0466235876083374,-5.395978927612305
1710525115073548485,8.320298194885254,-1.0394384860992432,-5.380411148071289
1710525115092569405,8.315507888793945,-1.0765613317489624,-5.386398792266846
1710525115122056650,8.326285362243652,-1.0430309772491455,-5.382806301116943
1710525115218808482,8.327483177185059,-1.0657837390899658,-5.386398792266846
1710525115252325697,8.30832290649414,-1.0490185022354126,-5.381608963012695
1710525115273241663,8.320298194885254,-1.0705736875534058,-5.379213809967041
1710525115321623859,8.320298194885254,-1.0526111125946045,-5.369633674621582
1710525115336154499,8.302334785461426,-1.0657837390899658,-5.369633674621582
1710525115369715570,8.316705703735352,-1.0514135360717773,-5.370831489562988
1710525115373899814,8.315507888793945,-1.0609936714172363,-5.386398792266846
1710525115399127575,8.325087547302246,-1.0526111125946045,-5.373226165771484
1710525115414033801,8.323890686035156,-1.0514135360717773,-5.378016471862793
1710525115428925011,8.320298194885254,-1.041833519935608,-5.374423980712891
1710525115473130834,8.311915397644043,-1.0430309772491455,-5.412744045257568
1710525115498358335,8.317902565002441,-1.0550061464309692,-5.358856201171875
1710525115523442925,8.309520721435547,-1.023870825767517,-5.405559062957764
1710525115534088534,8.329877853393555,-1.068178653717041,-5.360053539276123
1710525115573790037,8.321495056152344,-1.0406359434127808,-5.3887939453125
1710525115605468077,8.320298194885254,-1.0442285537719727,-5.403163909912109
1710525115632691354,8.307125091552734,-1.053808569908142,-5.380411148071289
1710525115664299021,8.325087547302246,-1.0442285537719727,-5.360053539276123
1710525115670391141,8.326285362243652,-1.038240909576416,-5.3887939453125
1710525115704218927,8.32269287109375,-1.0466235876083374,-5.38400411605835
1710525115792556816,8.314310073852539,-1.047821044921875,-5.36604118347168
1710525115805158979,8.320298194885254,-1.0550061464309692,-5.372028827667236
1710525115811685205,8.319100379943848,-1.0406359434127808,-5.378016471862793
1710525115838934973,8.323890686035156,-1.063388705253601,-5.391189098358154
1710525115849415023,8.315507888793945,-1.0406359434127808,-5.370831489562988
1710525115891416389,8.319100379943848,-1.0645861625671387,-5.367238998413086
1710525115935678392,8.335865020751953,-1.0394384860992432,-5.379213809967041
1710525115944374160,8.319100379943848,-1.0526111125946045,-5.372028827667236
1710525115954689497,8.32269287109375,-1.0657837390899658,-5.379213809967041
1710525116005359719,8.319100379943848,-1.0585986375808716,-5.361251354217529
1710525116045288582,8.303532600402832,-1.062191128730774,-5.401966571807861
1710525116063979079,8.33227252960205,-1.0214757919311523,-5.398374080657959
1710525116074524019,8.321495056152344,-0.9891430735588074,-5.349276065826416
1710525116093341722,8.321495056152344,-1.0394384860992432,-5.363646030426025
1710525116116443205,8.315507888793945,-1.0298583507537842,-5.348078727722168
1710525116210900429,8.334668159484863,-1.0777587890625,-5.376818656921387
1710525116221329730,8.315507888793945,-1.0358459949493408,-5.362448692321777
1710525116225647510,8.326285362243652,-1.038240909576416,-5.405559062957764
1710525116246756569,8.323890686035156,-1.092128872871399,-5.344486236572266
1710525116313905850,8.329877853393555,-1.0789562463760376,-5.372028827667236
1710525116351920113,8.315507888793945,-1.0526111125946045,-5.376818656921387
1710525116369279748,8.327483177185059,-1.053808569908142,-5.375621318817139
1710525116410800325,8.326285362243652,-1.0394384860992432,-5.36604118347168
1710525116495585152,8.316705703735352,-1.0442285537719727,-5.380411148071289
1710525116520738479,8.31311321258545,-1.0550061464309692,-5.361251354217529
1710525116534744691,8.316705703735352,-1.062191128730774,-5.362448692321777
1710525116576750618,8.321495056152344,-1.0657837390899658,-5.334906101226807
1710525116600042456,8.319100379943848,-1.053808569908142,-5.376818656921387
1710525116627586784,8.320298194885254,-1.0466235876083374,-5.360053539276123
1710525116633831406,8.326285362243652,-1.038240909576416,-5.387596607208252
1710525116650638809,8.325087547302246,-1.0741662979125977,-5.360053539276123
1710525116673609074,8.325087547302246,-1.0430309772491455,-5.375621318817139
1710525116696771517,8.325087547302246,-1.0346484184265137,-5.39358377456665
1710525116734580455,8.30832290649414,-1.0514135360717773,-5.361251354217529
1710525116761739417,8.320298194885254,-1.0609936714172363,-5.360053539276123
1710525116778976831,8.310717582702637,-1.0550061464309692,-5.368436336517334
1710525116787057225,8.329877853393555,-1.047821044921875,-5.376818656921387
1710525116814453203,8.315507888793945,-1.041833519935608,-5.369633674621582
1710525116856428769,8.316705703735352,-1.0526111125946045,-5.362448692321777
1710525116885853799,8.321495056152344,-1.0645861625671387,-5.360053539276123
1710525116906720344,8.314310073852539,-1.0645861625671387,-5.375621318817139
1710525116940432818,8.323890686035156,-1.0442285537719727,-5.373226165771484
1710525116946666483,8.321495056152344,-1.0454260110855103,-5.375621318817139
1710525116952918072,8.319100379943848,-1.057401180267334,-5.356461048126221
1710525116980255973,8.323890686035156,-1.047821044921875,-5.372028827667236
1710525117016077493,8.320298194885254,-1.0597960948944092,-5.364843845367432
1710525117041274662,8.327483177185059,-1.0454260110855103,-5.372028827667236
1710525117060419541,8.305927276611328,-1.0550061464309692,-5.345683574676514
1710525117093871634,8.323890686035156,-1.0562036037445068,-5.357658863067627
1710525117096071647,8.325087547302246,-1.0298583507537842,-5.368436336517334
1710525117114832400,8.302334785461426,-1.0765613317489624,-5.364843845367432
1710525117139934547,8.325087547302246,-1.0406359434127808,-5.380411148071289
1710525117173431909,8.314310073852539,-1.057401180267334,-5.363646030426025
1710525117251418093,8.311915397644043,-1.0645861625671387,-5.348078727722168
1710525117289515630,8.327483177185059,-1.068178653717041,-5.373226165771484
1710525117413079297,8.338260650634766,-1.063388705253601,-5.376818656921387
1710525117423646543,8.317902565002441,-1.0442285537719727,-5.375621318817139
1710525117436276175,8.327483177185059,-1.0669811964035034,-5.379213809967041
1710525117450890417,8.334668159484863,-1.0502160787582397,-5.375621318817139
1710525117476193603,8.327483177185059,-1.063388705253601,-5.373226165771484
1710525117484709642,8.315507888793945,-1.0526111125946045,-5.368436336517334
1710525117514122250,8.310717582702637,-1.0526111125946045,-5.369633674621582
1710525117522445202,8.307125091552734,-1.0394384860992432,-5.372028827667236
1710525117625307865,8.320298194885254,-1.0250684022903442,-5.389991283416748
1710525117646493957,8.325087547302246,-1.0298583507537842,-5.38400411605835
1710525117804377924,8.29994010925293,-1.0430309772491455,-5.376818656921387
1710525117823208844,8.319100379943848,-1.0502160787582397,-5.364843845367432
1710525117844546183,8.310717582702637,-1.0645861625671387,-5.372028827667236
1710525117882236132,8.320298194885254,-1.0550061464309692,-5.381608963012695
1710525117909357160,8.311915397644043,-1.062191128730774,-5.355263710021973
1710525117940909816,8.325087547302246,-1.0585986375808716,-5.364843845367432
1710525117987277660,8.319100379943848,-1.038240909576416,-5.382806301116943
1710525117991279296,8.316705703735352,-1.0430309772491455,-5.348078727722168
1710525118010350848,8.319100379943848,-1.071771264076233,-5.356461048126221
1710525118044212287,8.321495056152344,-1.0358459949493408,-5.381608963012695
1710525118063150056,8.32269287109375,-1.0777587890625,-5.36604118347168
1710525118092572466,8.32269287109375,-1.033450961112976,-5.381608963012695
1710525118113464930,8.320298194885254,-1.0466235876083374,-5.372028827667236
1710525118128185467,8.321495056152344,-1.0609936714172363,-5.36604118347168
1710525118149343475,8.323890686035156,-1.0777587890625,-5.36604118347168
1710525118159764523,8.32269287109375,-1.0597960948944092,-5.344486236572266
1710525118168578438,8.319100379943848,-1.0645861625671387,-5.354066371917725
1710525118187055520,8.323890686035156,-1.033450961112976,-5.380411148071289
1710525118191117749,8.328680038452148,-1.087338924407959,-5.326523303985596
1710525118201614916,8.319100379943848,-1.0957214832305908,-5.325325965881348
1710525118214520790,8.32269287109375,-1.047821044921875,-5.354066371917725
1710525118250070798,8.320298194885254,-1.041833519935608,-5.394781589508057
1710525118264742956,8.327483177185059,-1.062191128730774,-5.354066371917725
1710525118290549315,8.314310073852539,-1.0550061464309692,-5.346880912780762
1710525118317341059,8.321495056152344,-1.0849438905715942,-5.355263710021973
1710525118332045054,8.314310073852539,-1.0406359434127808,-5.375621318817139
1710525118344627529,8.320298194885254,-1.0490185022354126,-5.375621318817139
1710525118352936869,8.298742294311523,-1.062191128730774,-5.364843845367432
1710525118361238725,8.298742294311523,-1.062191128730774,-5.373226165771484
1710525118420406071,8.321495056152344,-1.0729687213897705,-5.362448692321777
1710525118435110343,8.314310073852539,-1.057401180267334,-5.364843845367432
1710525118451997570,8.317902565002441,-1.0657837390899658,-5.379213809967041
1710525118466793380,8.325087547302246,-1.063388705253601,-5.39358377456665
1710525118487639879,8.326285362243652,-1.0370434522628784,-5.378016471862793
1710525118496012084,8.319100379943848,-1.063388705253601,-5.373226165771484
1710525118519110383,8.326285362243652,-1.0430309772491455,-5.379213809967041
1710525118525343546,8.325087547302246,-1.0597960948944092,-5.382806301116943
1710525118546432279,8.31311321258545,-1.0609936714172363,-5.364843845367432
1710525118569951413,8.321495056152344,-1.047821044921875,-5.367238998413086
1710525118594749284,8.329877853393555,-1.0562036037445068,-5.381608963012695
1710525118611521649,8.315507888793945,-1.047821044921875,-5.380411148071289
1710525118630551075,8.315507888793945,-1.053808569908142,-5.364843845367432
1710525118641168935,8.315507888793945,-1.053808569908142,-5.380411148071289
1710525118643284268,8.325087547302246,-1.0502160787582397,-5.380411148071289
1710525118666699889,8.325087547302246,-1.057401180267334,-5.36604118347168
1710525118689714255,8.32269287109375,-1.0430309772491455,-5.379213809967041
1710525118700428278,8.317902565002441,-1.0609936714172363,-5.355263710021973
1710525118750635699,8.321495056152344,-1.0394384860992432,-5.405559062957764
1710525118770889804,8.317902565002441,-1.0298583507537842,-5.376818656921387
1710525118771519367,8.320298194885254,-1.0849438905715942,-5.350473403930664
1710525118790497505,8.32269287109375,-1.0597960948944092,-5.358856201171875
1710525118817934959,8.328680038452148,-1.047821044921875,-5.39358377456665
1710525118840929943,8.325087547302246,-1.0777587890625,-5.362448692321777
1710525118910494993,8.320298194885254,-1.0514135360717773,-5.369633674621582
1710525118931659294,8.32269287109375,-1.0406359434127808,-5.352868556976318
1710525118990180489,8.317902565002441,-1.0550061464309692,-5.357658863067627
1710525119048978681,8.319100379943848,-1.062191128730774,-5.370831489562988
1710525119080833724,8.325087547302246,-1.0645861625671387,-5.358856201171875
1710525119089013741,8.346643447875977,-1.0693762302398682,-5.364843845367432
1710525119105626112,8.327483177185059,-1.032253384590149,-5.3887939453125
1710525119133017814,8.327483177185059,-1.032253384590149,-5.3887939453125
1710525119149823973,8.341853141784668,-1.0394384860992432,-5.373226165771484
1710525119156118067,8.325087547302246,-1.0358459949493408,-5.360053539276123
1710525119179338462,8.335865020751953,-1.038240909576416,-5.39358377456665
1710525119210804809,8.31311321258545,-1.063388705253601,-5.368436336517334
1710525119240211995,8.321495056152344,-1.0729687213897705,-5.369633674621582
1710525119242199631,8.320298194885254,-1.0705736875534058,-5.363646030426025
1710525119257130626,8.311915397644043,-1.057401180267334,-5.381608963012695
1710525119282221793,8.32269287109375,-1.0298583507537842,-5.410348892211914
1710525119370947504,8.310717582702637,-1.0705736875534058,-5.370831489562988
1710525119371451389,8.30832290649414,-1.0514135360717773,-5.360053539276123
1710525119391123855,8.303532600402832,-1.0861413478851318,-5.380411148071289
1710525119399724344,8.321495056152344,-1.0585986375808716,-5.376818656921387
1710525119425029476,8.32269287109375,-1.0490185022354126,-5.364843845367432
1710525119462846277,8.320298194885254,-1.0394384860992432,-5.372028827667236
1710525119477696886,8.329877853393555,-1.0669811964035034,-5.372028827667236
1710525119494620909,8.323890686035156,-1.0645861625671387,-5.360053539276123
1710525119507248779,8.325087547302246,-1.0490185022354126,-5.364843845367432
1710525119519671122,8.327483177185059,-1.0442285537719727,-5.367238998413086
1710525119538743637,8.319100379943848,-1.0597960948944092,-5.352868556976318
1710525119540643722,8.316705703735352,-1.0585986375808716,-5.369633674621582
1710525119582609617,8.321495056152344,-1.0502160787582397,-5.382806301116943
1710525119597502152,8.323890686035156,-1.0514135360717773,-5.373226165771484
1710525119620551502,8.321495056152344,-1.0502160787582397,-5.379213809967041
1710525119643721056,8.307125091552734,-1.0550061464309692,-5.369633674621582
1710525119673046058,8.326285362243652,-1.062191128730774,-5.361251354217529
1710525119704624650,8.316705703735352,-1.0490185022354126,-5.381608963012695
1710525119771749588,8.315507888793945,-1.0466235876083374,-5.374423980712891
1710525119788897451,8.325087547302246,-1.0609936714172363,-5.36604118347168
1710525119845325356,8.317902565002441,-1.0765613317489624,-5.346880912780762
1710525119876946150,8.32269287109375,-1.0286608934402466,-5.364843845367432
1710525119900163347,8.328680038452148,-1.0490185022354126,-5.391189098358154
1710525119921052506,8.321495056152344,-1.0442285537719727,-5.361251354217529
1710525119933659105,8.329877853393555,-1.0897338390350342,-5.345683574676514
1710525119981893091,8.326285362243652,-1.0250684022903442,-5.375621318817139
1710525119994387867,8.292755126953125,-1.038240909576416,-5.397176742553711
1710525120019789188,8.31311321258545,-0.9987231492996216,-5.394781589508057
1710525120040979995,8.319100379943848,-1.0597960948944092,-5.373226165771484
1710525120072335063,8.323890686035156,-1.0526111125946045,-5.358856201171875
1710525120084935006,8.325087547302246,-1.0370434522628784,-5.36604118347168
1710525120091431727,8.315507888793945,-1.0753637552261353,-5.360053539276123
1710525120114419716,8.317902565002441,-1.0645861625671387,-5.358856201171875
1710525120129236782,8.321495056152344,-1.0550061464309692,-5.348078727722168
1710525120169086317,8.317902565002441,-1.0370434522628784,-5.387596607208252
1710525120198702392,8.320298194885254,-1.068178653717041,-5.361251354217529
1710525120242471521,8.317902565002441,-1.0669811964035034,-5.354066371917725
1710525120248954827,8.331075668334961,-1.063388705253601,-5.362448692321777
1710525120267812384,8.325087547302246,-1.053808569908142,-5.373226165771484
1710525120288767203,8.311915397644043,-1.0550061464309692,-5.375621318817139
1710525120295175464,8.323890686035156,-1.057401180267334,-5.378016471862793
1710525120332885294,8.323890686035156,-1.057401180267334,-5.378016471862793
1710525120364187799,8.310717582702637,-1.0298583507537842,-5.404361724853516
1710525120387549511,8.33227252960205,-1.0825488567352295,-5.357658863067627
1710525120440131762,8.325087547302246,-1.0454260110855103,-5.404361724853516
1710525120456867161,8.32269287109375,-1.083746314048767,-5.361251354217529
1710525120467485968,8.325087547302246,-1.063388705253601,-5.370831489562988
1710525120484190005,8.316705703735352,-1.0466235876083374,-5.375621318817139
1710525120515687464,8.325087547302246,-1.0741662979125977,-5.3887939453125
1710525120528227701,8.326285362243652,-1.0370434522628784,-5.386398792266846
1710525120530364094,8.326285362243652,-1.0370434522628784,-5.386398792266846
1710525120568305491,8.328680038452148,-1.0669811964035034,-5.378016471862793
1710525120589425868,8.321495056152344,-1.0585986375808716,-5.375621318817139
1710525120620801626,8.327483177185059,-1.0454260110855103,-5.376818656921387
1710525120641880388,8.323890686035156,-1.0502160787582397,-5.376818656921387
1710525120671587357,8.328680038452148,-1.053808569908142,-5.386398792266846
1710525120685926803,8.328680038452148,-1.033450961112976,-5.364843845367432
1710525120707119100,8.316705703735352,-1.0011181831359863,-5.369633674621582
1710525120711061122,8.339458465576172,-1.0957214832305908,-5.413941860198975
1710525120715377911,8.32269287109375,-1.0597960948944092,-5.363646030426025
1710525120743038661,8.327483177185059,-1.057401180267334,-5.379213809967041
1710525120776422781,8.320298194885254,-1.0286608934402466,-5.397176742553711
1710525120784620369,8.331075668334961,-1.0765613317489624,-5.358856201171875
1710525120852197757,8.314310073852539,-1.0693762302398682,-5.367238998413086
1710525120881380187,8.32269287109375,-1.0705736875534058,-5.382806301116943
1710525120896319492,8.317902565002441,-1.0597960948944092,-5.374423980712891
1710525120904458813,8.325087547302246,-1.033450961112976,-5.401966571807861
1710525120942538451,8.331075668334961,-1.098116397857666,-5.361251354217529
1710525120980324860,8.316705703735352,-1.0597960948944092,-5.364843845367432
1710525121037553795,8.31311321258545,-1.0550061464309692,-5.367238998413086
1710525121047753499,8.316705703735352,-1.0801538228988647,-5.357658863067627
1710525121062326683,8.326285362243652,-1.0609936714172363,-5.354066371917725
1710525121075200139,8.329877853393555,-1.0394384860992432,-5.397176742553711
1710525121091690654,8.320298194885254,-1.053808569908142,-5.382806301116943
1710525121121149553,8.323890686035156,-1.0358459949493408,-5.378016471862793
1710525121148637520,8.32269287109375,-1.041833519935608,-5.386398792266846
1710525121247450087,8.320298194885254,-1.0370434522628784,-5.394781589508057
1710525121278795461,8.32269287109375,-1.0693762302398682,-5.376818656921387
1710525121310019066,8.317902565002441,-1.0466235876083374,-5.389991283416748
1710525121371111283,8.320298194885254,-1.0430309772491455,-5.39358377456665
1710525121425939695,8.317902565002441,-1.0777587890625,-5.374423980712891
1710525121451167502,8.327483177185059,-1.0298583507537842,-5.381608963012695
1710525121474143711,8.328680038452148,-1.0645861625671387,-5.382806301116943
1710525121509856189,8.323890686035156,-1.0370434522628784,-5.395978927612305
1710525121531201870,8.315507888793945,-1.071771264076233,-5.381608963012695
1710525121549686837,8.323890686035156,-1.047821044921875,-5.381608963012695
1710525121591745658,8.323890686035156,-1.0825488567352295,-5.370831489562988
1710525121629548663,8.319100379943848,-1.057401180267334,-5.372028827667236
1710525121637953668,8.323890686035156,-1.0885363817214966,-5.345683574676514
1710525121659113417,8.314310073852539,-1.071771264076233,-5.38400411605835
1710525121667521012,8.326285362243652,-1.0609936714172363,-5.38400411605835
1710525121690616188,8.328680038452148,-1.0466235876083374,-5.370831489562988
1710525121760109762,8.316705703735352,-1.0550061464309692,-5.370831489562988
1710525121769464010,8.323890686035156,-1.053808569908142,-5.392386436462402
1710525121789435388,8.315507888793945,-1.0562036037445068,-5.360053539276123
1710525121829574880,8.32269287109375,-1.0562036037445068,-5.370831489562988
1710525121892589043,8.32269287109375,-1.0442285537719727,-5.358856201171875
1710525121936620249,8.325087547302246,-1.062191128730774,-5.381608963012695
1710525121946986516,8.328680038452148,-1.0514135360717773,-5.369633674621582
1710525121970328715,8.325087547302246,-1.057401180267334,-5.375621318817139
1710525121991551819,8.323890686035156,-1.0657837390899658,-5.350473403930664
1710525122006416707,8.32269287109375,-1.0370434522628784,-5.391189098358154
1710525122022990781,8.334668159484863,-1.087338924407959,-5.363646030426025
1710525122033601864,8.326285362243652,-1.0909314155578613,-5.380411148071289
1710525122035627271,8.309520721435547,-1.0909314155578613,-5.380411148071289
1710525122060763673,8.326285362243652,-1.0645861625671387,-5.378016471862793
1710525122111422468,8.31311321258545,-1.0526111125946045,-5.378016471862793
1710525122132544780,8.317902565002441,-1.0705736875534058,-5.354066371917725
1710525122157690924,8.329877853393555,-1.0609936714172363,-5.3887939453125
1710525122161873497,8.329877853393555,-1.0609936714172363,-5.3887939453125
1710525122170258365,8.319100379943848,-1.0669811964035034,-5.358856201171875
1710525122216463642,8.327483177185059,-1.0645861625671387,-5.367238998413086
1710525122245824910,8.331075668334961,-1.0597960948944092,-5.380411148071289
1710525122275838895,8.316705703735352,-1.0562036037445068,-5.378016471862793
1710525122330018321,8.325087547302246,-1.0514135360717773,-5.380411148071289
1710525122342616533,8.325087547302246,-1.0609936714172363,-5.368436336517334
1710525122371851723,8.325087547302246,-1.0729687213897705,-5.375621318817139
1710525122376075197,8.325087547302246,-1.0370434522628784,-5.394781589508057
1710525122435126605,8.320298194885254,-1.068178653717041,-5.374423980712891
1710525122455828235,8.33706283569336,-1.0466235876083374,-5.3887939453125
1710525122479121257,8.317902565002441,-1.057401180267334,-5.376818656921387
1710525122491834368,8.343050956726074,-1.0597960948944092,-5.387596607208252
1710525122529621109,8.327483177185059,-1.063388705253601,-5.372028827667236
1710525122533726982,8.317902565002441,-1.0550061464309692,-5.361251354217529
1710525122550437968,8.32269287109375,-1.0226733684539795,-5.378016471862793
1710525122569820408,8.325087547302246,-1.0514135360717773,-5.35167121887207
1710525122598827476,8.325087547302246,-1.0993139743804932,-5.427114486694336
1710525122607113895,8.30832290649414,-1.0370434522628784,-5.410348892211914
1710525122636736628,8.325087547302246,-1.0286608934402466,-5.3887939453125
1710525122642993971,8.325087547302246,-1.0286608934402466,-5.3887939453125
1710525122649250904,8.328680038452148,-1.053808569908142,-5.373226165771484
1710525122682900801,8.311915397644043,-1.0358459949493408,-5.403163909912109
1710525122712602932,8.329877853393555,-1.0526111125946045,-5.392386436462402
1710525122744156248,8.316705703735352,-1.0454260110855103,-5.395978927612305
1710525122756772650,8.325087547302246,-1.0430309772491455,-5.375621318817139
1710525122786189625,8.323890686035156,-1.053808569908142,-5.398374080657959
1710525122838820078,8.319100379943848,-1.0597960948944092,-5.382806301116943
1710525122874546881,8.32269287109375,-1.0645861625671387,-5.374423980712891
1710525122895429718,8.315507888793945,-1.062191128730774,-5.386398792266846
1710525122937331357,8.327483177185059,-1.0585986375808716,-5.373226165771484
1710525122977167721,8.321495056152344,-1.071771264076233,-5.389991283416748
1710525123019137995,8.326285362243652,-1.0502160787582397,-5.380411148071289
1710525123035955183,8.311915397644043,-1.0514135360717773,-5.387596607208252
1710525123065208176,8.314310073852539,-1.0490185022354126,-5.373226165771484
1710525123069340589,8.317902565002441,-1.0585986375808716,-5.372028827667236
1710525123109278137,8.319100379943848,-1.0406359434127808,-5.3887939453125
1710525123170139452,8.351432800292969,-1.0957214832305908,-5.346880912780762
1710525123206043877,8.323890686035156,-1.047821044921875,-5.419929027557373
1710525123233089696,8.331075668334961,-1.087338924407959,-5.378016471862793
1710525123283601563,8.309520721435547,-1.057401180267334,-5.374423980712891
1710525123334281258,8.328680038452148,-1.0825488567352295,-5.398374080657959
1710525123351130734,8.310717582702637,-1.0993139743804932,-5.3241286277771
1710525123382583347,8.33227252960205,-1.0562036037445068,-5.382806301116943
1710525123454615989,8.317902565002441,-1.0346484184265137,-5.403163909912109
1710525123519004482,8.311915397644043,-1.0825488567352295,-5.437891960144043
1710525123571170303,8.334668159484863,-1.041833519935608,-5.395978927612305
1710525123590458189,8.321495056152344,-1.0346484184265137,-5.394781589508057
1710525123630445030,8.321495056152344,-1.0562036037445068,-5.381608963012695
1710525123655625301,8.316705703735352,-1.0406359434127808,-5.380411148071289
1710525123702526079,8.325087547302246,-1.047821044921875,-5.413941860198975
1710525123725129758,8.338260650634766,-1.071771264076233,-5.361251354217529
1710525123731544037,8.329877853393555,-1.0454260110855103,-5.376818656921387
1710525123746060298,8.316705703735352,-1.0526111125946045,-5.39358377456665
1710525123802916447,8.31311321258545,-1.057401180267334,-5.376818656921387
1710525123844705399,8.333470344543457,-1.063388705253601,-5.389991283416748
1710525123865764703,8.323890686035156,-1.063388705253601,-5.382806301116943
1710525123890935995,8.334668159484863,-1.032253384590149,-5.378016471862793
1710525123931060593,8.325087547302246,-1.0705736875534058,-5.394781589508057
1710525123956341072,8.325087547302246,-1.0430309772491455,-5.374423980712891
1710525124027747190,8.331075668334961,-1.0514135360717773,-5.391189098358154
1710525124074195547,8.314310073852539,-1.0550061464309692,-5.380411148071289
1710525124171533974,8.327483177185059,-1.053808569908142,-5.375621318817139
1710525124172753447,8.320298194885254,-1.0765613317489624,-5.367238998413086
1710525124234412436,8.325087547302246,-1.0741662979125977,-5.370831489562988
1710525124256944663,8.333470344543457,-1.053808569908142,-5.386398792266846
1710525124276122502,8.321495056152344,-1.0657837390899658,-5.376818656921387
1710525124315932898,8.323890686035156,-1.0645861625671387,-5.394781589508057
1710525124347318502,8.320298194885254,-1.0286608934402466,-5.376818656921387
1710525124370758585,8.31311321258545,-1.1112890243530273,-5.378016471862793
1710525124376789534,8.31311321258545,-1.1112890243530273,-5.378016471862793
1710525124418949653,8.315507888793945,-1.0657837390899658,-5.363646030426025
1710525124450667430,8.315507888793945,-1.107696533203125,-5.367238998413086
1710525124458899565,8.32269287109375,-1.0394384860992432,-5.367238998413086
1710525124499121715,8.321495056152344,-1.0526111125946045,-5.374423980712891
1710525124526472476,8.323890686035156,-1.0693762302398682,-5.378016471862793
1710525124600724428,8.323890686035156,-1.053808569908142,-5.380411148071289
1710525124627387705,8.325087547302246,-1.038240909576416,-5.374423980712891
1710525124650463225,8.31311321258545,-1.057401180267334,-5.382806301116943
1710525124670105135,8.32269287109375,-1.0502160787582397,-5.374423980712891
1710525124690531106,8.321495056152344,-1.0454260110855103,-5.374423980712891
1710525124703375519,8.323890686035156,-1.057401180267334,-5.372028827667236
1710525124741028645,8.321495056152344,-1.0502160787582397,-5.419929027557373
1710525124747421512,8.326285362243652,-1.0609936714172363,-5.399571418762207
1710525124771857915,8.327483177185059,-1.0777587890625,-5.362448692321777
1710525124810454995,8.314310073852539,-1.0490185022354126,-5.363646030426025
1710525124831443595,8.323890686035156,-1.0550061464309692,-5.3887939453125
1710525124854661589,8.317902565002441,-1.0454260110855103,-5.38400411605835
1710525124865102775,8.323890686035156,-1.062191128730774,-5.3887939453125
1710525124894674200,8.32269287109375,-1.0406359434127808,-5.376818656921387
1710525124934329317,8.323890686035156,-1.038240909576416,-5.379213809967041
1710525124959829883,8.327483177185059,-1.033450961112976,-5.378016471862793
1710525125003744624,8.319100379943848,-1.0741662979125977,-5.369633674621582
1710525125022853279,8.321495056152344,-1.0490185022354126,-5.3887939453125
1710525125092268665,8.31311321258545,-1.057401180267334,-5.387596607208252
1710525125117627942,8.320298194885254,-1.0514135360717773,-5.364843845367432
1710525125142717000,8.326285362243652,-1.0693762302398682,-5.350473403930664
1710525125176294666,8.317902565002441,-1.0705736875534058,-5.376818656921387
1710525125201667653,8.321495056152344,-1.0705736875534058,-5.370831489562988
1710525125252314923,8.323890686035156,-1.0597960948944092,-5.368436336517334
1710525125266829956,8.325087547302246,-1.068178653717041,-5.369633674621582
1710525125277455634,8.310717582702637,-1.038240909576416,-5.394781589508057
1710525125290145154,8.329877853393555,-1.0957214832305908,-5.367238998413086
1710525125338360153,8.323890686035156,-1.0669811964035034,-5.36604118347168
1710525125371979352,8.325087547302246,-1.0358459949493408,-5.399571418762207
1710525125395281929,8.323890686035156,-1.0442285537719727,-5.381608963012695
1710525125424834373,8.305927276611328,-1.0454260110855103,-5.387596607208252
1710525125449911836,8.327483177185059,-1.0669811964035034,-5.386398792266846
1710525125508450804,8.314310073852539,-1.0370434522628784,-5.374423980712891
1710525125529710735,8.319100379943848,-1.053808569908142,-5.358856201171875
1710525125540117066,8.325087547302246,-1.0585986375808716,-5.361251354217529
1710525125568158227,8.333470344543457,-1.0585986375808716,-5.379213809967041
1710525125581988335,8.320298194885254,-1.053808569908142,-5.373226165771484
1710525125598731502,8.311915397644043,-1.0645861625671387,-5.356461048126221
1710525125615845948,8.32269287109375,-1.041833519935608,-5.385201454162598
1710525125636994532,8.323890686035156,-1.0394384860992432,-5.368436336517334
1710525125685313128,8.325087547302246,-1.0585986375808716,-5.369633674621582
1710525125706578810,8.317902565002441,-1.0645861625671387,-5.376818656921387
1710525125710908511,8.327483177185059,-1.053808569908142,-5.374423980712891
1710525125737905043,8.325087547302246,-1.0442285537719727,-5.372028827667236
1710525125788324642,8.323890686035156,-1.0442285537719727,-5.386398792266846
1710525125838747336,8.329877853393555,-1.0609936714172363,-5.368436336517334
1710525125884986450,8.315507888793945,-1.0454260110855103,-5.375621318817139
1710525125935434328,8.44244384765625,-1.1627819538116455,-5.179229736328125
1710525125948093324,8.109536170959473,-1.2537927627563477,-5.133724212646484
1710525125975194210,8.425678253173828,-1.5376025438308716,-5.47142219543457
1710525125996298318,8.290360450744629,-0.23351439833641052,-5.8127121925354
1710525126027865861,8.459209442138672,-1.2022998332977295,-5.439089298248291
1710525126063637018,8.200547218322754,-0.17363891005516052,-5.952821254730225
1710525126076269499,8.532257080078125,-0.8466393947601318,-5.501359939575195
1710525126078313950,8.04606819152832,-1.1244616508483887,-5.067861557006836
1710525126105574059,8.309520721435547,-0.9735754132270813,-5.809119701385498
1710525126135132525,8.273594856262207,-0.8550219535827637,-5.338498592376709
1710525126214785211,8.389753341674805,-1.392703890800476,-5.5732102394104
1710525126267314175,8.335865020751953,-0.8059240579605103,-5.562432765960693
1710525126298877684,8.315507888793945,-0.6813830733299255,-5.713319301605225
1710525126319845214,8.32269287109375,-1.0609936714172363,-5.645061016082764
1710525126344956008,8.33706283569336,-1.2262500524520874,-5.152884483337402
1710525126355465338,8.344247817993164,-1.2789404392242432,-5.237907886505127
1710525126395472771,8.295149803161621,-1.247805118560791,-5.312153339385986
1710525126429238259,8.31311321258545,-0.6861730813980103,-5.514532566070557
1710525126454499229,8.334668159484863,-1.068178653717041,-5.369633674621582
1710525126498589657,8.351432800292969,-1.0645861625671387,-5.338498592376709
1710525126530106124,8.298742294311523,-1.2082873582839966,-5.143304347991943
1710525126588997937,8.317902565002441,-1.0909314155578613,-5.346880912780762
1710525126713579426,8.316705703735352,-0.9448351860046387,-5.490582466125488
1710525126721860472,8.326285362243652,-0.9616003632545471,-5.382806301116943
1710525126778197843,8.335865020751953,-1.0693762302398682,-5.289400577545166
1710525126799567200,8.29994010925293,-0.7352709770202637,-5.079836368560791
1710525126828869775,8.192164421081543,-0.8131091594696045,-5.372028827667236
1710525126858494414,8.291557312011719,-0.9148974418640137,-5.502557277679443
1710525126867431644,8.291557312011719,-0.9148974418640137,-5.502557277679443
1710525126887947638,8.284372329711914,-1.3292357921600342,-5.372028827667236
1710525126932002500,8.298742294311523,-0.8909472823143005,-5.514532566070557
1710525126982315791,8.370593070983887,-1.233435034751892,-5.516927719116211
1710525127001469345,8.301137924194336,-0.9651928544044495,-5.427114486694336
1710525127047553428,8.325087547302246,-1.2250524759292603,-5.230722427368164
1710525127056034433,8.261619567871094,-1.1364368200302124,-5.289400577545166
1710525127070627534,8.399333953857422,-1.251397728919983,-5.322930812835693
1710525127114752204,8.321495056152344,-1.1484118700027466,-5.348078727722168
1710525127218321524,8.302334785461426,-1.0490185022354126,-5.3337082862854
1710525127270234479,8.29994010925293,-1.0358459949493408,-5.430706977844238
1710525127286994592,8.310717582702637,-1.0047106742858887,-5.401966571807861
1710525127310185612,8.317902565002441,-1.0059082508087158,-5.445076942443848
1710525127352311681,8.316705703735352,-1.0789562463760376,-5.357658863067627
1710525127356507196,8.311915397644043,-1.063388705253601,-5.327721118927002
1710525127377181482,8.325087547302246,-1.0442285537719727,-5.326523303985596
1710525127393108148,8.320298194885254,-1.0669811964035034,-5.35167121887207
1710525127410881841,8.311915397644043,-1.0957214832305908,-5.372028827667236
1710525127448904709,8.311915397644043,-1.0741662979125977,-5.322930812835693
1710525127457241149,8.327483177185059,-1.053808569908142,-5.373226165771484
1710525127474293002,8.31311321258545,-1.0801538228988647,-5.369633674621582
1710525127503537728,8.321495056152344,-1.041833519935608,-5.398374080657959
1710525127553998524,8.316705703735352,-0.9735754132270813,-5.422324180603027
1710525127558096435,8.311915397644043,-1.0154882669448853,-5.413941860198975
1710525127608724889,8.33227252960205,-1.0562036037445068,-5.397176742553711
1710525127627683569,8.30832290649414,-1.0166858434677124,-5.42591667175293
1710525127647109752,8.334668159484863,-1.1100915670394897,-5.362448692321777
1710525127665279740,8.325087547302246,-1.0909314155578613,-5.394781589508057
1710525127690597742,8.307125091552734,-1.0885363817214966,-5.379213809967041
1710525127736722091,8.32269287109375,-1.0813512802124023,-5.344486236572266
1710525127743122339,8.302334785461426,-1.047821044921875,-5.367238998413086
1710525127769190741,8.309520721435547,-1.0406359434127808,-5.380411148071289
1710525127789341015,8.316705703735352,-1.057401180267334,-5.379213809967041
1710525127810452017,8.304730415344238,-1.0514135360717773,-5.373226165771484
1710525127839792640,8.296347618103027,-1.0310559272766113,-5.400769233703613
1710525127886118131,8.32269287109375,-1.0298583507537842,-5.4534592628479
1710525127942704956,8.304730415344238,-1.0442285537719727,-5.385201454162598
1710525127950935757,8.325087547302246,-1.0550061464309692,-5.358856201171875
1710525127970487302,8.319100379943848,-1.0801538228988647,-5.379213809967041
1710525127976379302,8.298742294311523,-1.0777587890625,-5.348078727722168
1710525128014309945,8.305927276611328,-1.0550061464309692,-5.368436336517334
1710525128051974690,8.31311321258545,-1.0693762302398682,-5.369633674621582
1710525128062726506,8.316705703735352,-1.0729687213897705,-5.399571418762207
1710525128077294172,8.301137924194336,-1.0430309772491455,-5.372028827667236
1710525128104460709,8.315507888793945,-1.0130932331085205,-5.447472095489502
1710525128127754604,8.319100379943848,-1.033450961112976,-5.419929027557373
1710525128136168206,8.307125091552734,-1.0370434522628784,-5.387596607208252
1710525128209608263,8.304730415344238,-1.0071057081222534,-5.427114486694336
1710525128270810862,8.304730415344238,-1.0597960948944092,-5.363646030426025
1710525128281449278,8.32269287109375,-1.0562036037445068,-5.395978927612305
1710525128298117426,8.31311321258545,-1.0454260110855103,-5.36604118347168
1710525128334018456,8.307125091552734,-1.0550061464309692,-5.376818656921387
1710525128342583314,8.314310073852539,-1.0502160787582397,-5.352868556976318
1710525128371827497,8.323890686035156,-1.0490185022354126,-5.401966571807861
1710525128382296330,8.317902565002441,-1.033450961112976,-5.375621318817139
1710525128443376953,8.32269287109375,-1.0298583507537842,-5.406756401062012
1710525128464507448,8.304730415344238,-1.011895775794983,-5.419929027557373
1710525128472706285,8.309520721435547,-1.0226733684539795,-5.409151554107666
1710525128487502490,8.305927276611328,-1.0466235876083374,-5.398374080657959
1710525128516960530,8.303532600402832,-1.038240909576416,-5.385201454162598
1710525128529483400,8.311915397644043,-1.0250684022903442,-5.406756401062012
1710525128568155595,8.307125091552734,-1.0190807580947876,-5.404361724853516
1710525128607336402,8.303532600402832,-1.057401180267334,-5.364843845367432
1710525128659911351,8.307125091552734,-1.0430309772491455,-5.395978927612305
1710525128680737098,8.32269287109375,-1.053808569908142,-5.385201454162598
1710525128693274094,8.321495056152344,-1.041833519935608,-5.403163909912109
1710525128710239142,8.321495056152344,-1.041833519935608,-5.403163909912109
1710525128735461216,8.310717582702637,-1.0358459949493408,-5.392386436462402
1710525128785653961,8.326285362243652,-1.0406359434127808,-5.406756401062012
1710525128788002368,8.325087547302246,-1.0310559272766113,-5.405559062957764
