bag_timestamp_ns,accel1_x,accel1_y,accel1_z
1710534975549726340,8.192164421081543,0.8119116425514221,-5.613925933837891
1710534975579197437,8.150251388549805,0.7149133086204529,-5.655838489532471
1710534975583424183,8.150251388549805,0.7149133086204529,-5.655838489532471
1710534975621337658,8.139473915100098,0.7448510527610779,-5.72529411315918
1710534975669680220,8.200547218322754,0.7256909012794495,-5.560037612915039
1710534975673942999,8.15743637084961,0.718505859375,-5.767207145690918
1710534975690804851,8.132288932800293,0.7424560785293579,-5.763614654541016
1710534975722232371,8.14306640625,0.7771838307380676,-5.718109130859375
1710534975743387334,8.141868591308594,0.7735912799835205,-5.773194789886475
1710534975789679173,8.153843879699707,0.7759863138198853,-5.71092414855957
1710534975796252110,8.178991317749023,0.7592211961746216,-5.691763877868652
1710534975819196933,8.189769744873047,0.8442443609237671,-5.588778018951416
1710534975840003717,8.116721153259277,0.8586145043373108,-5.788762092590332
1710534975886550699,8.126300811767578,0.8813672065734863,-5.720504283905029
1710534975894912734,8.190966606140137,0.5544469952583313,-5.641468524932861
1710534975913722078,8.156238555908203,0.6921606659889221,-5.738466739654541
1710534975945307086,8.150251388549805,0.8286767601966858,-5.737269401550293
1710534975974753354,8.16581916809082,0.6694079637527466,-5.698948860168457
1710534976014721549,8.182583808898926,0.736468493938446,-5.606740951538086
1710534976052525439,8.18857192993164,0.8119116425514221,-5.727689266204834
1710534976056720643,8.127498626708984,0.568817138671875,-5.745651721954346
1710534976078166785,8.12869644165039,0.670605480670929,-5.847440242767334
1710534976107503364,8.168213844299316,0.8789721727371216,-5.749244213104248
1710534976116166605,8.201744079589844,0.8777746558189392,-5.589975357055664
1710534976153922221,8.10594367980957,0.7676037549972534,-5.934858322143555
1710534976179229033,8.208929061889648,0.5412744283676147,-5.423521518707275
1710534976193921760,8.171806335449219,0.7137157917022705,-5.679788589477539
1710534976222953937,8.139473915100098,0.7388635277748108,-5.727689266204834
1710534976238182982,8.101153373718262,0.7723938226699829,-5.822292327880859
1710534976267438684,8.169411659240723,0.826281726360321,-5.597160816192627
1710534976275887766,8.196954727172852,0.7029382586479187,-5.574408054351807
1710534976288519558,8.129894256591797,0.6430627703666687,-5.842649936676025
1710534976309392663,8.159832000732422,0.7496411204338074,-5.763614654541016
1710534976334565292,8.190966606140137,0.7951464653015137,-5.648653507232666
1710534976370508425,8.146658897399902,0.6813830733299255,-5.783972263336182
1710534976389450032,8.163424491882324,0.8490344285964966,-5.793552398681641
1710534976399703225,8.150251388549805,0.7496411204338074,-5.750442028045654
1710534976434177319,8.159832000732422,0.7292834520339966,-5.715713977813721
1710534976468824227,8.173004150390625,0.8035290241241455,-5.695356369018555
1710534976483483405,8.147856712341309,0.6933581829071045,-5.661826133728027
1710534976496937787,8.162226676940918,0.706530749797821,-5.704936504364014
1710534976534086093,8.163424491882324,0.7232959270477295,-5.742059230804443
1710534976559347335,8.184979438781738,0.7089257836341858,-5.674998760223389
1710534976565674003,8.141868591308594,0.7723938226699829,-5.742059230804443
1710534976576214754,8.151449203491211,0.7771838307380676,-5.739664077758789
1710534976635871840,8.156238555908203,0.8071215748786926,-5.75283670425415
1710534976637035412,8.156238555908203,0.8071215748786926,-5.75283670425415
1710534976645297688,8.149053573608398,0.7556286454200745,-5.771996974945068
1710534976660257830,8.129894256591797,0.6574328541755676,-5.780379772186279
1710534976681359006,8.091573715209961,0.7652087211608887,-5.813910007476807
1710534976717114138,8.145461082458496,0.7137157917022705,-5.594765663146973
1710534976731821498,8.090375900268555,0.7352709770202637,-5.87258768081665
1710534976755076693,8.110733985900879,0.796343982219696,-5.827082633972168
1710534976784758187,8.167016983032227,0.7436535358428955,-5.686974048614502
1710534976807756644,8.21252155303955,0.7568261623382568,-5.604345798492432
1710534976822257182,8.127498626708984,0.7137157917022705,-5.860612869262695
1710534976845417640,8.159832000732422,0.7688012719154358,-5.764811992645264
1710534976868439951,8.161028861999512,0.7580236792564392,-5.704936504364014
1710534976889481374,8.181386947631836,0.6861730813980103,-5.684578895568848
1710534976904152923,8.176596641540527,0.7352709770202637,-5.696554183959961
1710534976912622485,8.198151588439941,0.808319091796875,-5.645061016082764
1710534976944446656,8.161028861999512,0.8741821050643921,-5.672603607177734
1710534976965196624,8.139473915100098,0.5712121725082397,-5.763614654541016
1710534976988347848,8.220904350280762,0.7867639064788818,-5.639073371887207
1710534977013676241,8.150251388549805,0.730480968952179,-5.787564754486084
1710534977033708129,8.134683609008789,0.6478527784347534,-5.761219501495361
1710534977047120406,8.18857192993164,0.808319091796875,-5.661826133728027
1710534977064188253,8.137079238891602,0.6694079637527466,-5.738466739654541
1710534977108139033,8.140671730041504,0.718505859375,-5.779181957244873
1710534977139497015,8.141868591308594,0.7173083424568176,-5.709726333618164
1710534977158449572,8.156238555908203,0.7891589403152466,-5.71092414855957
1710534977164917806,8.177794456481934,0.7831714153289795,-5.724096775054932
1710534977198496259,8.161028861999512,0.7747887969017029,-5.768404483795166
1710534977211124257,8.151449203491211,0.7699987888336182,-5.716911792755127
1710534977233327178,7.987390041351318,0.7328760027885437,-5.90492057800293
1710534977238380008,8.177794456481934,0.7328760027885437,-5.90492057800293
1710534977242811340,8.228089332580566,0.7556286454200745,-5.417534351348877
1710534977265849695,8.365802764892578,0.7795788645744324,-5.497767448425293
1710534977291154160,8.168213844299316,0.700543224811554,-5.4534592628479
1710534977314449549,8.06882095336914,0.8155041337013245,-5.928870677947998
1710534977335261667,8.171806335449219,0.7316784858703613,-5.646258354187012
1710534977345979719,8.078400611877441,0.6969506740570068,-5.754034519195557
1710534977392141509,8.190966606140137,0.8190966844558716,-5.78516960144043
1710534977396262672,8.182583808898926,0.7652087211608887,-5.636678695678711
1710534977406572229,8.218509674072266,0.7400610446929932,-5.718109130859375
1710534977421215849,8.150251388549805,0.5316943526268005,-5.616320610046387
1710534977448827522,8.145461082458496,0.6274951100349426,-5.715713977813721
1710534977455047014,8.175398826599121,0.9556127786636353,-5.783972263336182
1710534977480002215,8.174201965332031,0.8717871308326721,-5.695356369018555
1710534977486548317,8.174201965332031,0.8717871308326721,-5.695356369018555
1710534977494845043,8.167016983032227,0.6322851777076721,-5.754034519195557
1710534977509434769,8.107141494750977,0.5951623320579529,-5.756429672241211
1710534977515669418,8.208929061889648,0.820294201374054,-5.754034519195557
1710534977545144679,8.192164421081543,0.706530749797821,-5.695356369018555
1710534977564107349,8.135881423950195,0.7280859351158142,-5.749244213104248
1710534977603722306,8.16581916809082,0.65863037109375,-5.757627010345459
1710534977624819172,8.174201965332031,0.8634045124053955,-5.689368724822998
1710534977637285113,8.16581916809082,0.7867639064788818,-5.698948860168457
1710534977642054506,8.155041694641113,0.7819738984107971,-5.764811992645264
1710534977660495120,8.144264221191406,0.706530749797821,-5.732479095458984
1710534977687869004,8.173004150390625,0.7628137469291687,-5.709726333618164
1710534977715337793,8.163424491882324,0.6969506740570068,-5.751639366149902
1710534977740775081,8.144264221191406,0.7328760027885437,-5.762416839599609
1710534977753274891,8.139473915100098,0.6777905225753784,-6.01030158996582
1710534977803916482,8.41969108581543,0.7855663895606995,-5.562432765960693
1710534977812423137,8.198151588439941,0.7640112042427063,-5.806725025177002
1710534977841810948,8.099956512451172,0.7867639064788818,-5.767207145690918
1710534977848281360,8.093968391418457,0.9256750345230103,-5.78516960144043
1710534977873292018,8.235274314880371,0.8143066167831421,-5.530099868774414
1710534977959849656,8.170609474182129,0.5915698409080505,-5.460644721984863
1710534978022671174,8.175398826599121,1.0394384860992432,-5.593568325042725
1710534978045818017,8.194559097290039,0.6418652534484863,-5.694159030914307
1710534978100654654,8.19336223602295,0.6897656321525574,-5.694159030914307
1710534978140648923,8.155041694641113,0.7424560785293579,-5.707331657409668
1710534978167946903,8.183781623840332,0.7795788645744324,-5.652245998382568
1710534978174349183,8.164621353149414,0.8095166087150574,-5.701344013214111
1710534978195262146,8.134683609008789,0.8334667682647705,-5.817502498626709
1710534978214275990,8.1334867477417,0.7520361542701721,-5.794749736785889
1710534978222706804,8.167016983032227,0.7041357159614563,-5.607938289642334
1710534978315386718,8.163424491882324,0.7244933843612671,-5.661826133728027
1710534978326012256,8.309520721435547,0.6622229218482971,-5.877377986907959
1710534978355264632,8.284372329711914,0.8466393947601318,-5.424719333648682
1710534978388761521,8.20294189453125,0.8346642851829529,-5.754034519195557
1710534978414149591,8.121511459350586,0.760418713092804,-5.821094989776611
1710534978494218407,8.108338356018066,0.8873547315597534,-5.835464954376221
1710534978519319225,8.198151588439941,0.520916759967804,-5.704936504364014
1710534978555159815,8.139473915100098,0.766406238079071,-5.6833815574646
1710534978578260555,8.161028861999512,0.9987231492996216,-5.787564754486084
1710534978643219990,8.175398826599121,0.7316784858703613,-5.65104866027832
1710534978659889193,8.171806335449219,0.826281726360321,-5.780379772186279
1710534978697848368,8.175398826599121,0.6658154129981995,-5.748046875
1710534978702005068,8.175398826599121,0.7580236792564392,-5.676196098327637
1710534978716794805,8.194559097290039,0.8322693109512329,-5.769601821899414
1710534978754673719,8.16581916809082,0.8190966844558716,-5.859415054321289
1710534978780125926,8.176596641540527,0.7173083424568176,-5.567223072052002
1710534978813752763,8.164621353149414,0.7340734601020813,-5.703739166259766
1710534978824796573,8.168213844299316,0.6634204387664795,-6.072572231292725
1710534978852066055,8.137079238891602,0.730480968952179,-5.924080848693848
1710534978862611769,8.002957344055176,0.790356457233429,-5.354066371917725
1710534978875414588,8.260422706604004,0.8921447992324829,-5.3887939453125
1710534978890212575,8.213719367980957,0.700543224811554,-5.718109130859375
1710534978907128602,8.036487579345703,0.6562353372573853,-5.738466739654541
1710534978927894956,8.101153373718262,0.7759863138198853,-5.800737380981445
1710534978951238619,8.183781623840332,0.6741979718208313,-5.564827919006348
1710534978974180882,8.246051788330078,0.6981481909751892,-5.507347583770752
1710534979005576001,8.087981224060059,0.7592211961746216,-5.969586372375488
1710534979032971163,8.151449203491211,0.9113049507141113,-5.813910007476807
1710534979051689093,8.18857192993164,0.5580395460128784,-5.6282958984375
1710534979081387896,8.169411659240723,0.6047424077987671,-5.714516639709473
1710534979104345215,8.181386947631836,0.8634045124053955,-5.797144889831543
1710534979127532001,8.174201965332031,0.7819738984107971,-5.706133842468262
1710534979178086042,8.19336223602295,0.7352709770202637,-5.5636305809021
1710534979213894298,8.129894256591797,0.6933581829071045,-5.732479095458984
1710534979234886731,8.171806335449219,0.7244933843612671,-5.65104866027832
1710534979239122690,8.198151588439941,0.6825805902481079,-5.617518424987793
1710534979260258579,8.15743637084961,0.8155041337013245,-5.873785495758057
1710534979283450680,8.1526460647583,0.8382568359375,-5.658233642578125
1710534979309005443,8.18018913269043,0.6514453291893005,-5.65104866027832
1710534979319109311,8.207732200622559,0.6993457078933716,-5.763614654541016
1710534979348274170,8.141868591308594,0.7652087211608887,-5.771996974945068
1710534979373494787,8.169411659240723,0.7568261623382568,-5.800737380981445
1710534979381981051,8.184979438781738,0.700543224811554,-6.094127178192139
1710534979388271166,7.98619270324707,0.5676196217536926,-5.686974048614502
1710534979413357924,7.98619270324707,0.5676196217536926,-5.686974048614502
1710534979453491386,8.218509674072266,0.7436535358428955,-5.380411148071289
1710534979482921307,8.134683609008789,0.8538244366645813,-5.703739166259766
1710534979491970100,8.190966606140137,0.946032702922821,-5.837860107421875
1710534979510406577,8.189769744873047,0.6789880394935608,-5.6833815574646
1710534979535534567,8.291557312011719,0.676593005657196,-5.336103439331055
1710534979539868023,8.131091117858887,0.5448669195175171,-5.648653507232666
1710534979559249855,8.122708320617676,0.5915698409080505,-5.954018592834473
1710534979580006373,8.21731185913086,0.7927514910697937,-5.435496807098389
1710534979605187622,8.243657112121582,0.6646178960800171,-5.751639366149902
1710534979634107782,8.169411659240723,0.586779773235321,-5.586382865905762
1710534979640653229,8.205336570739746,0.8741821050643921,-5.730084419250488
1710534979697283308,8.194559097290039,0.5029541254043579,-5.59117317199707
1710534979707967439,8.213719367980957,0.7017407417297363,-5.855822563171387
1710534979726869223,8.178991317749023,0.8346642851829529,-5.755231857299805
1710534979747953151,8.12869644165039,0.7340734601020813,-5.636678695678711
1710534979760404508,8.122708320617676,0.7232959270477295,-5.653443813323975
1710534979781615004,8.190966606140137,0.6945556402206421,-5.817502498626709
1710534979804779920,8.173004150390625,0.5676196217536926,-5.593568325042725
1710534979878275970,8.199349403381348,0.7400610446929932,-5.524112701416016
1710534979882521334,8.207732200622559,0.7089257836341858,-5.797144889831543
1710534979905800472,8.177794456481934,0.7017407417297363,-5.598358154296875
1710534979981495853,8.416098594665527,0.7508386373519897,-5.715713977813721
1710534980019134133,8.271200180053711,0.5221142768859863,-5.583988189697266
1710534980027404604,8.208929061889648,0.8490344285964966,-5.871390342712402
1710534980048582945,8.214917182922363,0.9592053294181824,-5.700146675109863
1710534980080825086,8.229287147521973,0.5640270709991455,-5.409151554107666
1710534980126298128,8.260422706604004,0.7041357159614563,-5.761219501495361
1710534980149662838,8.260422706604004,0.7041357159614563,-5.761219501495361
1710534980214751613,8.19336223602295,0.7891589403152466,-5.843847751617432
1710534980248506080,8.237669944763184,0.7268884181976318,-5.847440242767334
1710534980357218577,8.20294189453125,0.7089257836341858,-5.604345798492432
1710534980377026805,8.168213844299316,0.8406518697738647,-5.672603607177734
1710534980417071526,8.182583808898926,0.700543224811554,-5.515729904174805
1710534980446599260,8.153843879699707,0.7209008932113647,-5.707331657409668
1710534980486502963,8.14306640625,0.6622229218482971,-5.587580680847168
1710534980507649668,8.558602333068848,0.8789721727371216,-5.027145862579346
1710534980524320098,8.280779838562012,0.9244775176048279,-5.133724212646484
1710534980541174319,8.309520721435547,0.7616162300109863,-5.478607177734375
1710534980568373328,8.086783409118652,0.8669970631599426,-5.837860107421875
1710534980574960041,8.205336570739746,0.9376501441001892,-5.815107345581055
1710534980598246990,8.21252155303955,0.766406238079071,-5.740861892700195
1710534980610770350,8.297545433044434,0.6191125512123108,-5.442681789398193
1710534980640085206,8.195756912231445,0.5448669195175171,-5.594765663146973
1710534980642255663,8.115523338317871,0.5532495379447937,-5.895340442657471
1710534980663294487,8.175398826599121,0.9041198492050171,-5.789959907531738
1710534980699126451,8.195756912231445,0.6346801519393921,-5.525310039520264
1710534980703230348,8.170609474182129,0.5448669195175171,-5.731281757354736
1710534980724333717,8.14306640625,0.8657995462417603,-5.467829704284668
1710534980760140907,8.211324691772461,0.8167016506195068,-5.837860107421875
1710534980768536167,8.164621353149414,0.6095324754714966,-5.496569633483887
1710534980801209903,8.177794456481934,0.5771996974945068,-5.501359939575195
1710534980829352146,8.184979438781738,0.7747887969017029,-5.925278186798096
1710534980850573966,8.168213844299316,0.796343982219696,-5.642665863037109
1710534980872532236,8.171806335449219,0.5879772901535034,-5.599555492401123
1710534980883984930,8.181386947631836,0.6682104468345642,-5.492977142333984
1710534980913403367,8.171806335449219,0.9017248749732971,-5.581593036651611
1710534980978717784,8.151449203491211,0.6215075850486755,-5.684578895568848
1710534980982630538,8.20294189453125,0.6933581829071045,-5.919290542602539
1710534981026607325,8.116721153259277,0.6574328541755676,-5.631888389587402
1710534981085172661,8.12031364440918,0.5245092511177063,-5.828279972076416
1710534981104295050,8.267607688903809,0.946032702922821,-5.483397006988525
1710534981125463795,8.187374114990234,0.8334667682647705,-5.696554183959961
1710534981159098883,8.183781623840332,0.5736072063446045,-5.548062801361084
1710534981186333880,8.158634185791016,0.7939489483833313,-5.930068492889404
1710534981221912936,8.147856712341309,0.850231945514679,-5.490582466125488
1710534981261817135,8.190966606140137,0.520916759967804,-5.822292327880859
1710534981297435056,8.194559097290039,1.023870825767517,-5.629493236541748
1710534981314199285,8.110733985900879,0.8131091594696045,-5.787564754486084
1710534981343808214,8.158634185791016,0.6346801519393921,-5.506149768829346
1710534981375266294,8.21731185913086,0.6741979718208313,-5.780379772186279
1710534981402492677,8.155041694641113,0.8178991675376892,-5.604345798492432
1710534981433319254,8.216114044189453,0.65863037109375,-5.733676910400391
1710534981438445051,8.174201965332031,0.640667736530304,-5.536087512969971
1710534981476538062,8.169411659240723,0.7616162300109863,-5.746849536895752
1710534981487033517,8.198151588439941,0.868194580078125,-5.6929612159729
1710534981494928661,8.207732200622559,0.7256909012794495,-5.828279972076416
1710534981509770789,8.175398826599121,0.6035449504852295,-5.682183742523193
1710534981525129743,8.232879638671875,0.730480968952179,-5.680986404418945
1710534981537008201,8.15743637084961,0.6262975931167603,-5.542075157165527
1710534981560266345,8.22569465637207,0.7220984101295471,-5.794749736785889
1710534981574774632,8.139473915100098,0.6730005145072937,-5.828279972076416
1710534981608522111,7.893984317779541,0.9220825433731079,-5.648653507232666
1710534981633944132,8.058043479919434,0.5843847393989563,-5.689368724822998
1710534981648153719,8.09756088256836,1.002315640449524,-6.40667724609375
1710534981671323528,8.15743637084961,0.7400610446929932,-5.764811992645264
1710534981690425535,8.283175468444824,1.033450961112976,-5.655838489532471
1710534981698675480,8.183781623840332,0.42631348967552185,-5.508544921875
1710534981722040518,8.232879638671875,0.7556286454200745,-5.594765663146973
1710534981732520611,8.181386947631836,0.6694079637527466,-5.8677978515625
1710534981751421977,8.135881423950195,0.6825805902481079,-5.933660984039307
1710534981770276928,8.260422706604004,0.9125024676322937,-5.552852630615234
1710534981806159453,8.234077453613281,0.5197192430496216,-5.742059230804443
1710534981818519051,8.232879638671875,0.7927514910697937,-5.346880912780762
1710534981833124130,8.121511459350586,0.8933422565460205,-5.824687480926514
1710534981877309933,8.18857192993164,0.6825805902481079,-5.544470310211182
1710534981946571457,8.16581916809082,0.6718029975891113,-5.557642936706543
1710534981978314153,8.223299980163574,0.6622229218482971,-5.714516639709473
1710534982002901109,8.206534385681152,0.7939489483833313,-5.607938289642334
1710534982023714169,8.192164421081543,0.8274792432785034,-5.660628795623779
1710534982049108302,8.201744079589844,0.6981481909751892,-5.690566539764404
1710534982059525143,8.199349403381348,0.5927673578262329,-5.745651721954346
1710534982078754373,8.210126876831055,0.7580236792564392,-5.56842041015625
1710534982091164356,8.181386947631836,0.7676037549972534,-5.755231857299805
1710534982116455579,8.12031364440918,0.7220984101295471,-5.956413745880127
1710534982143906377,8.256830215454102,0.7676037549972534,-4.746928691864014
1710534982154241433,8.759783744812012,0.7795788645744324,-4.731360912322998
1710534982166719933,8.416098594665527,0.8550219535827637,-4.90500020980835
1710534982198210365,7.955057144165039,0.4586462378501892,-6.462960243225098
1710534982223456486,8.077203750610352,0.8322693109512329,-6.239026069641113
1710534982233697630,8.317902565002441,0.5245092511177063,-5.339695930480957
1710534982263289368,8.365802764892578,0.6718029975891113,-5.075046539306641
1710534982278151524,8.149053573608398,0.9220825433731079,-5.96479606628418
1710534982288638804,8.196954727172852,1.032253384590149,-5.429509162902832
1710534982297022035,8.170609474182129,0.4203259348869324,-5.800737380981445
1710534982339221984,8.140671730041504,0.4382885694503784,-5.652245998382568
1710534982358065944,8.21731185913086,0.880169689655304,-5.576803207397461
1710534982410476045,8.1526460647583,0.7436535358428955,-5.601950645446777
1710534982437531226,8.170609474182129,0.6346801519393921,-5.670208930969238
1710534982459288065,8.20294189453125,0.7125183343887329,-5.854625225067139
1710534982494477330,8.182583808898926,0.8490344285964966,-5.736071586608887
1710534982528176497,8.183781623840332,0.5664221048355103,-5.469027042388916
1710534982549122021,8.184979438781738,0.8322693109512329,-5.746849536895752
1710534982580607323,8.184979438781738,0.760418713092804,-5.4438796043396
1710534982635066315,8.249645233154297,0.7053332328796387,-5.719306468963623
1710534982654113767,8.189769744873047,0.850231945514679,-5.758824348449707
1710534982681192941,8.3729887008667,0.6298901438713074,-6.186335563659668
1710534982695924344,7.98619270324707,0.6694079637527466,-4.7900390625
1710534982746237683,8.183781623840332,0.6035449504852295,-5.5636305809021
1710534982794655370,8.080796241760254,0.6011499166488647,-5.937253475189209
1710534982835260980,8.104745864868164,0.9903405904769897,-6.077362060546875
1710534982853596543,8.275989532470703,0.808319091796875,-5.539680004119873
1710534982872519005,8.167016983032227,0.4837939441204071,-5.708528995513916
1710534982889319891,8.242459297180176,0.5604345798492432,-5.736071586608887
1710534982910259729,8.170609474182129,0.5736072063446045,-5.460644721984863
1710534982933275186,8.14306640625,0.6897656321525574,-5.669011116027832
1710534982950229535,8.231681823730469,0.7592211961746216,-5.467829704284668
1710534982973345573,8.246051788330078,0.6310876607894897,-5.635480880737305
1710534982994371116,8.200547218322754,0.6370751857757568,-5.87258768081665
1710534983026280051,8.231681823730469,0.7460485696792603,-5.682183742523193
1710534983040764164,8.206534385681152,0.5628296136856079,-5.781577110290527
1710534983072340156,8.211324691772461,0.6502478122711182,-5.733676910400391
1710534983103854237,8.169411659240723,0.7831714153289795,-5.524112701416016
1710534983122725439,8.183781623840332,0.6394702196121216,-5.822292327880859
1710534983223816428,8.235274314880371,0.766406238079071,-5.956413745880127
1710534983249205991,8.480764389038086,0.8119116425514221,-5.241500377655029
1710534983268035108,8.110733985900879,0.33769774436950684,-5.87258768081665
1710534983318351893,8.2532377243042,0.987945556640625,-5.530099868774414
1710534983339107670,8.321495056152344,0.5748046636581421,-5.285808086395264
1710534983356693458,8.265212059020996,0.580792248249054,-5.423521518707275
1710534983375016550,8.06882095336914,0.8167016506195068,-6.1623854637146
1710534983417176280,8.266409873962402,0.6490502953529358,-5.454657077789307
1710534983421162473,8.211324691772461,0.46223875880241394,-5.865402698516846
1710534983438059193,8.211324691772461,0.46223875880241394,-5.865402698516846
1710534983461179435,8.127498626708984,0.8322693109512329,-5.566025257110596
1710534983480036672,8.103549003601074,0.670605480670929,-5.611530780792236
1710534983486569670,8.229287147521973,0.7628137469291687,-5.864205360412598
1710534983503281351,8.246051788330078,0.7652087211608887,-5.39358377456665
1710534983528456565,8.244854927062988,0.628692626953125,-5.680986404418945
1710534983574886905,8.21731185913086,0.8514294624328613,-5.771996974945068
1710534983610567839,8.214917182922363,0.7328760027885437,-5.582790374755859
1710534983631433159,8.255632400512695,0.7939489483833313,-5.755231857299805
1710534983646505898,8.168213844299316,0.8466393947601318,-5.445076942443848
1710534983669459519,8.2628173828125,0.8657995462417603,-5.773194789886475
1710534983680145731,8.182583808898926,0.6813830733299255,-5.564827919006348
1710534983705357881,8.174201965332031,0.6023474335670471,-5.469027042388916
1710534983726447081,8.182583808898926,0.6969506740570068,-5.630691051483154
1710534983781321455,7.974217414855957,0.5460644364356995,-5.731281757354736
1710534983823018580,8.091573715209961,0.6849755644798279,-5.787564754486084
1710534983841802706,8.249645233154297,0.820294201374054,-5.53129768371582
1710534983860599624,8.141868591308594,0.748443603515625,-5.861810207366943
1710534983905127314,8.29994010925293,0.5963598489761353,-5.42591667175293
1710534983934265796,8.081993103027344,0.77838134765625,-5.730084419250488
1710534983959552208,8.224496841430664,0.700543224811554,-5.823490142822266
1710534983965850175,8.110733985900879,0.5029541254043579,-6.126460075378418
1710534983980428952,8.200547218322754,0.5185217261314392,-5.454657077789307
1710534984001484873,8.235274314880371,0.7879614233970642,-5.552852630615234
1710534984034934926,8.33227252960205,1.0214757919311523,-5.434299468994141
1710534984043557889,8.09756088256836,0.7101233005523682,-5.671406269073486
1710534984062313739,8.243657112121582,0.6358776688575745,-5.588778018951416
1710534984091636497,8.147856712341309,0.5436694622039795,-5.645061016082764
1710534984176028080,8.18018913269043,0.6334826946258545,-5.421126842498779
1710534984190540160,8.206534385681152,0.7975414991378784,-5.429509162902832
1710534984207299747,8.20294189453125,0.670605480670929,-5.849835395812988
1710534984213532280,8.200547218322754,0.8131091594696045,-5.63308572769165
1710534984226346059,8.22569465637207,0.7173083424568176,-5.640271186828613
1710534984234691810,8.236472129821777,0.7292834520339966,-5.695356369018555
1710534984249292668,8.207732200622559,0.5712121725082397,-5.514532566070557
1710534984312360980,8.125103950500488,0.8550219535827637,-5.967191219329834
1710534984333191546,8.250842094421387,0.6251000761985779,-5.224735260009766
1710534984364893671,8.216114044189453,0.5197192430496216,-5.667813777923584
1710534984394150200,8.290360450744629,0.8669970631599426,-5.361251354217529
1710534984398348733,8.171806335449219,0.8490344285964966,-5.748046875
1710534984446703907,8.194559097290039,0.6442602276802063,-5.588778018951416
1710534984463417280,8.04606819152832,0.7220984101295471,-5.773194789886475
1710534984474426419,8.230484962463379,1.0298583507537842,-5.908513069152832
1710534984522577078,8.178991317749023,0.4885839819908142,-5.528902530670166
1710534984547958076,8.249645233154297,0.9053173661231995,-5.404361724853516
1710534984568794510,8.232879638671875,0.8849596977233887,-5.653443813323975
1710534984593962711,8.220904350280762,0.8155041337013245,-5.868995189666748
1710534984690650125,8.186176300048828,0.6442602276802063,-5.51333475112915
1710534984703467647,8.194559097290039,0.7101233005523682,-5.504952430725098
1710534984707396288,8.24844741821289,0.6598278880119324,-5.718109130859375
1710534984741309571,8.208929061889648,0.7077282667160034,-5.5636305809021
1710534984781286054,8.196954727172852,0.766406238079071,-5.561235427856445
1710534984810786835,8.242459297180176,0.670605480670929,-5.774392127990723
1710534984821254776,8.186176300048828,0.7448510527610779,-5.634283542633057
1710534984840029685,8.214917182922363,0.8023315668106079,-5.732479095458984
1710534984861143972,8.135881423950195,0.8849596977233887,-6.015091419219971
1710534984892955957,7.716753005981445,0.9747729301452637,-5.613925933837891
1710534984915997005,8.242459297180176,0.4933740198612213,-5.282215595245361
1710534984919927154,8.199349403381348,0.7688012719154358,-5.36604118347168
1710534984940942789,8.250842094421387,0.9651928544044495,-5.677393913269043
1710534984953512023,8.085585594177246,0.7244933843612671,-5.695356369018555
1710534984964026366,8.102351188659668,0.5245092511177063,-5.569617748260498
1710534984984967372,8.333470344543457,0.7747887969017029,-5.550457954406738
1710534985018428643,8.146658897399902,0.7077282667160034,-5.797144889831543
1710534985024903155,8.28557014465332,0.7747887969017029,-5.479804515838623
1710534985052256033,8.256830215454102,0.7197033762931824,-5.484594821929932
1710534985056432222,8.15743637084961,0.4634362757205963,-5.837860107421875
1710534985092741515,8.270002365112305,0.880169689655304,-5.544470310211182
1710534985127588632,8.167016983032227,0.8143066167831421,-5.776787281036377
1710534985170388309,8.229287147521973,0.4682263135910034,-5.726491928100586
1710534985184429143,8.201744079589844,0.6682104468345642,-5.680986404418945
1710534985199163198,8.177794456481934,0.7316784858703613,-5.609135627746582
1710534985220179359,8.194559097290039,0.6538403034210205,-5.700146675109863
1710534985245154484,8.24844741821289,0.6131250262260437,-5.694159030914307
1710534985266422792,8.183781623840332,0.6478527784347534,-5.631888389587402
1710534985272759897,8.271200180053711,0.8442443609237671,-5.658233642578125
1710534985295788948,8.24006462097168,0.7544311285018921,-5.748046875
1710534985317016782,8.237669944763184,0.7101233005523682,-5.587580680847168
1710534985331839642,8.205336570739746,0.5903723239898682,-5.592370510101318
1710534985344458731,8.246051788330078,0.7113208174705505,-5.664221286773682
1710534985369432972,8.218509674072266,0.6909631490707397,-5.739664077758789
1710534985371607890,8.186176300048828,0.7053332328796387,-5.754034519195557
1710534985380057593,8.162226676940918,0.6813830733299255,-5.846242904663086
1710534985398939699,8.356223106384277,0.5101391673088074,-5.738466739654541
1710534985415718018,7.993377685546875,0.7987390160560608,-5.625900745391846
1710534985455534675,8.189769744873047,0.736468493938446,-5.02475118637085
1710534985516552302,8.290360450744629,0.6023474335670471,-5.157674789428711
1710534985535881086,8.307125091552734,0.5245092511177063,-5.458249568939209
1710534985541765103,8.131091117858887,0.7197033762931824,-5.768404483795166
1710534985579698391,8.235274314880371,0.9292675852775574,-5.451064586639404
1710534985602580839,8.139473915100098,0.5233117938041687,-5.866600513458252
1710534985619555683,8.243657112121582,0.8454418778419495,-5.436694145202637
1710534985642436059,8.275989532470703,0.9268725514411926,-5.597160816192627
1710534985707987488,8.21252155303955,0.6562353372573853,-5.570815563201904
1710534985714088918,8.24006462097168,0.6670129299163818,-5.4438796043396
1710534985756171735,8.186176300048828,0.670605480670929,-5.455854415893555
1710534985789741328,8.204139709472656,0.7987390160560608,-5.538482666015625
1710534985840350456,8.243657112121582,0.796343982219696,-5.733676910400391
1710534985855202647,8.206534385681152,0.7244933843612671,-5.787564754486084
1710534985874274881,8.249645233154297,0.6670129299163818,-5.647456169128418
1710534985888689075,8.204139709472656,0.5328918695449829,-5.538482666015625
1710534985909634255,8.206534385681152,0.6119275093078613,-5.824687480926514
1710534985939144839,8.214917182922363,0.8753796219825745,-6.347999095916748
1710534985951731670,8.301137924194336,0.8382568359375,-5.360053539276123
1710534985974815257,8.311915397644043,0.53887939453125,-4.875062465667725
1710534985981015250,8.311915397644043,0.53887939453125,-4.875062465667725
1710534986008313207,8.135881423950195,0.46104127168655396,-6.074966907501221
1710534986061128268,8.389753341674805,0.8095166087150574,-5.358856201171875
1710534986100996592,8.190966606140137,0.586779773235321,-5.669011116027832
1710534986130445175,8.21731185913086,0.7077282667160034,-5.374423980712891
1710534986149246850,8.195756912231445,0.46104127168655396,-5.769601821899414
1710534986191094054,8.204139709472656,0.9208850264549255,-5.501359939575195
1710534986218249743,8.242459297180176,0.6969506740570068,-5.698948860168457
1710534986249879161,8.236472129821777,0.6933581829071045,-5.657036304473877
1710534986266727653,8.250842094421387,0.7544311285018921,-5.726491928100586
1710534986279341654,8.238866806030273,0.7352709770202637,-5.708528995513916
1710534986287791023,8.20294189453125,0.7556286454200745,-5.736071586608887
1710534986323589389,8.242459297180176,0.7592211961746216,-5.670208930969238
1710534986338273498,8.24006462097168,0.7376660108566284,-5.540877819061279
1710534986359314453,8.21731185913086,0.6526428461074829,-5.642665863037109
1710534986371897864,8.237669944763184,0.8238866925239563,-5.748046875
1710534986407667255,8.208929061889648,0.7879614233970642,-5.536087512969971
1710534986476935592,8.252039909362793,0.8035290241241455,-5.583988189697266
1710534986510494855,8.040081024169922,0.7149133086204529,-5.906118392944336
1710534986529339872,8.311915397644043,0.48259642720222473,-5.363646030426025
1710534986544190318,8.242459297180176,0.6981481909751892,-5.834267616271973
1710534986560961418,8.374185562133789,1.0346484184265137,-5.470224380493164
1710534986638555331,8.164621353149414,0.6274951100349426,-6.029461860656738
1710534986655257011,8.116721153259277,0.8011340498924255,-5.6929612159729
1710534986689061907,8.284372329711914,0.6526428461074829,-5.599555492401123
1710534986695852787,8.131091117858887,0.45265868306159973,-5.806725025177002
1710534986716410596,8.18018913269043,0.5915698409080505,-5.457052230834961
1710534986752154409,8.264015197753906,0.8657995462417603,-5.660628795623779
1710534986758835869,8.159832000732422,0.6478527784347534,-5.619913101196289
1710534986764705508,8.159832000732422,0.6478527784347534,-5.619913101196289
1710534986798488148,8.249645233154297,0.6825805902481079,-5.594765663146973
1710534986884374627,8.258027076721191,0.7723938226699829,-5.540877819061279
1710534986937020036,8.255632400512695,0.8514294624328613,-5.732479095458984
1710534986945501718,8.210126876831055,0.7999365329742432,-5.516927719116211
1710534986985271211,8.213719367980957,0.7951464653015137,-5.764811992645264
1710534987018677499,8.219707489013672,0.6298901438713074,-5.781577110290527
1710534987033948014,8.208929061889648,0.7628137469291687,-5.564827919006348
1710534987065051407,8.053253173828125,0.7448510527610779,-5.975573539733887
1710534987067245175,8.264015197753906,0.7532336711883545,-5.51333475112915
1710534987140557671,8.034092903137207,0.9663903713226318,-6.193520545959473
1710534987176197932,8.22569465637207,0.33769774436950684,-5.283412933349609
1710534987205718122,8.184979438781738,0.7652087211608887,-5.787564754486084
1710534987218189985,8.218509674072266,0.6610254049301147,-5.779181957244873
1710534987253834498,8.320298194885254,0.6921606659889221,-5.44866943359375
1710534987281341864,8.169411659240723,0.6634204387664795,-5.621110916137695
1710534987285509153,8.169411659240723,1.0166858434677124,-5.613925933837891
1710534987306533477,8.232879638671875,0.7077282667160034,-5.858217716217041
1710534987321820716,8.279582977294922,0.6909631490707397,-5.369633674621582
1710534987335885559,8.24006462097168,0.5077441334724426,-5.560037612915039
1710534987346501324,8.232879638671875,0.8119116425514221,-5.763614654541016
1710534987378012443,8.21252155303955,0.6909631490707397,-5.421126842498779
1710534987390627230,8.196954727172852,0.5113366842269897,-5.574408054351807
1710534987405341033,8.287964820861816,0.6813830733299255,-5.657036304473877
1710534987411557484,8.295149803161621,0.7711963057518005,-5.362448692321777
1710534987431366257,8.232879638671875,0.736468493938446,-5.588778018951416
1710534987493403579,8.222102165222168,0.7520361542701721,-5.824687480926514
1710534987506678057,8.24844741821289,0.5628296136856079,-5.536087512969971
1710534987516851544,8.275989532470703,0.7113208174705505,-5.652245998382568
1710534987518699345,8.241262435913086,0.748443603515625,-5.47142219543457
1710534987533270935,8.21731185913086,0.6191125512123108,-5.465434551239014
1710534987541821998,8.24006462097168,0.8765771389007568,-5.59117317199707
1710534987571354111,8.238866806030273,0.8095166087150574,-5.782774448394775
1710534987609396806,8.168213844299316,0.8993298411369324,-6.230643272399902
1710534987636696490,8.028105735778809,0.31255003809928894,-5.580395698547363
1710534987649232547,8.28557014465332,0.6382727026939392,-5.164859771728516
1710534987657804535,8.370593070983887,0.8466393947601318,-5.59117317199707
1710534987672528262,8.287964820861816,1.027463436126709,-5.589975357055664
1710534987678690556,8.138276100158691,0.7771838307380676,-5.612728118896484
1710534987683103165,8.206534385681152,0.5736072063446045,-5.303770542144775
1710534987723323898,8.206534385681152,0.5736072063446045,-5.303770542144775
1710534987729382589,8.295149803161621,0.40116578340530396,-5.580395698547363
1710534987783968778,8.3729887008667,0.89813232421875,-5.276227951049805
1710534987794562608,8.219707489013672,0.5233117938041687,-5.417534351348877
1710534987817321214,8.200547218322754,0.5975573658943176,-5.510940074920654
1710534987882657359,8.246051788330078,0.6131250262260437,-5.679788589477539
1710534987889052369,8.249645233154297,0.6502478122711182,-5.853427886962891
1710534987905915008,8.252039909362793,0.7532336711883545,-5.368436336517334
1710534987925898226,8.252039909362793,0.6262975931167603,-5.625900745391846
1710534987943906016,8.21731185913086,0.6801855564117432,-5.387596607208252
1710534987958589943,8.249645233154297,0.5652245879173279,-5.795947074890137
1710534987992063059,8.255632400512695,0.6095324754714966,-5.613925933837891
1710534988013145583,8.235274314880371,0.8011340498924255,-5.364843845367432
1710534988032260970,8.249645233154297,0.8598120212554932,-5.528902530670166
1710534988050956458,8.290360450744629,0.7041357159614563,-5.643863677978516
1710534988078270087,8.255632400512695,0.5652245879173279,-5.840255260467529
1710534988099623370,8.230484962463379,0.676593005657196,-5.469027042388916
1710534988118610030,8.216114044189453,0.5424719452857971,-5.817502498626709
1710534988131041935,8.21252155303955,0.7711963057518005,-6.392307281494141
1710534988135250910,8.491541862487793,0.6239025592803955,-5.792354583740234
1710534988162765474,8.340655326843262,0.7161108255386353,-4.859494686126709
1710534988175415606,8.235274314880371,0.449066162109375,-6.14442253112793
1710534988194156314,8.273594856262207,0.8358618021011353,-5.516927719116211
1710534988200286234,8.250842094421387,0.7843688726425171,-5.239105224609375
1710534988227525447,8.171806335449219,0.7747887969017029,-5.302573204040527
1710534988273852349,8.270002365112305,0.6502478122711182,-5.877377986907959
1710534988292905277,8.168213844299316,0.670605480670929,-5.562432765960693
1710534988314009027,8.298742294311523,0.9735754132270813,-5.421126842498779
1710534988324616069,8.264015197753906,0.7256909012794495,-5.619913101196289
1710534988326735805,8.244854927062988,0.6131250262260437,-5.580395698547363
1710534988356332172,8.178991317749023,0.5328918695449829,-5.518125057220459
1710534988375229605,8.268804550170898,0.7424560785293579,-5.619913101196289
1710534988413146804,8.259224891662598,0.7699987888336182,-5.900130748748779
1710534988434319200,8.216114044189453,0.6394702196121216,-5.481002330780029
1710534988452901674,8.287964820861816,0.6442602276802063,-5.787564754486084
1710534988461426663,8.279582977294922,0.8849596977233887,-5.564827919006348
1710534988482407040,8.279582977294922,0.8849596977233887,-5.564827919006348
1710534988503556419,8.284372329711914,0.7448510527610779,-5.763614654541016
1710534988532978381,8.298742294311523,0.7831714153289795,-5.537285327911377
1710534988539258321,8.247249603271484,0.7735912799835205,-5.381608963012695
1710534988570738283,8.208929061889648,0.6598278880119324,-5.8677978515625
1710534988575018526,8.208929061889648,0.6598278880119324,-5.419929027557373
1710534988591678533,8.213719367980957,0.6562353372573853,-5.464237213134766
1710534988610771405,8.281977653503418,0.5676196217536926,-5.841452598571777
1710534988656829016,8.198151588439941,0.7520361542701721,-6.318061351776123
1710534988682786101,8.177794456481934,0.8753796219825745,-6.045029163360596
1710534988701183224,7.344327449798584,1.1687694787979126,-4.358935356140137
1710534988726431586,8.708291053771973,0.8574169874191284,-5.41154670715332
1710534988747436028,8.339458465576172,0.9687854051589966,-5.888155460357666
1710534988770873644,8.327483177185059,0.7376660108566284,-5.75283670425415
1710534988789568442,8.147856712341309,0.42152345180511475,-5.624703407287598
1710534988797949098,8.335865020751953,0.6598278880119324,-5.540877819061279
1710534988810527838,8.378975868225098,0.6909631490707397,-5.047503471374512
1710534988844324969,8.234077453613281,0.9029223918914795,-5.512137413024902
1710534988867220087,8.349038124084473,0.7161108255386353,-5.288203239440918
1710534988884114903,8.246051788330078,0.47660887241363525,-5.933660984039307
1710534988909386671,8.326285362243652,0.9268725514411926,-5.520520210266113
1710534988938719539,8.184979438781738,0.6682104468345642,-5.512137413024902
1710534988949384836,8.279582977294922,0.5556445121765137,-5.709726333618164
1710534988972462570,8.246051788330078,0.6298901438713074,-5.502557277679443
1710534988982703104,8.201744079589844,0.6274951100349426,-5.486989974975586
1710534989003803631,8.266409873962402,0.5795947313308716,-5.866600513458252
1710534989037537695,8.281977653503418,0.7616162300109863,-5.674998760223389
1710534989066794111,8.247249603271484,0.7220984101295471,-5.472619533538818
1710534989090144213,8.252039909362793,0.7436535358428955,-5.813910007476807
1710534989113278490,8.279582977294922,0.8298742771148682,-5.437891960144043
1710534989134253369,8.252039909362793,0.7089257836341858,-5.407954216003418
1710534989142692857,8.280779838562012,0.5017566084861755,-5.756429672241211
1710534989167827301,8.255632400512695,0.5412744283676147,-5.374423980712891
1710534989193275427,8.27718734741211,0.796343982219696,-5.702541351318359
1710534989203631536,8.241262435913086,0.7412585616111755,-6.031856536865234
1710534989213971736,8.326285362243652,0.8813672065734863,-6.188730239868164
1710534989235184558,8.058043479919434,0.7975414991378784,-5.216352462768555
1710534989253898762,8.404123306274414,0.7472460865974426,-5.143304347991943
1710534989283528297,8.053253173828125,0.4346960484981537,-5.986351490020752
1710534989298325903,8.243657112121582,0.8466393947601318,-5.749244213104248
1710534989374136961,8.131091117858887,0.796343982219696,-5.8677978515625
1710534989395097376,8.229287147521973,0.7029382586479187,-5.4438796043396
1710534989403616469,8.284372329711914,0.6682104468345642,-5.90492057800293
1710534989433414054,8.259224891662598,0.4586462378501892,-5.773194789886475
1710534989443545435,8.247249603271484,0.6921606659889221,-5.454657077789307
1710534989460494486,8.339458465576172,0.8657995462417603,-5.582790374755859
1710534989496212842,8.219707489013672,0.6454577445983887,-5.763614654541016
1710534989517182113,8.28557014465332,0.6251000761985779,-5.649850845336914
1710534989521365034,8.243657112121582,0.6777905225753784,-5.490582466125488
1710534989540276039,8.2628173828125,0.6550378203392029,-5.424719333648682
1710534989555155610,8.237669944763184,0.49576905369758606,-5.698948860168457
1710534989578290614,8.232879638671875,0.5352868437767029,-5.835464954376221
1710534989615821100,8.309520721435547,0.7340734601020813,-5.530099868774414
1710534989647253890,8.252039909362793,0.6777905225753784,-5.465434551239014
1710534989655942843,8.256830215454102,0.7316784858703613,-5.763614654541016
1710534989687331160,8.256830215454102,0.6430627703666687,-5.399571418762207
1710534989698001002,8.2628173828125,0.6801855564117432,-5.619913101196289
1710534989721168359,8.210126876831055,0.5999523997306824,-5.564827919006348
1710534989742470514,8.24844741821289,0.7077282667160034,-5.810317516326904
1710534989769688272,8.123906135559082,0.706530749797821,-6.271358489990234
1710534989782152066,7.194638729095459,0.7771838307380676,-5.103786468505859
1710534989803152859,8.786128997802734,0.8382568359375,-4.748126029968262
1710534989836827251,8.443641662597656,1.0813512802124023,-5.18641471862793
1710534989851971859,8.222102165222168,0.7747887969017029,-5.799539566040039
1710534989868278719,8.139473915100098,0.706530749797821,-6.076164722442627
1710534989887007224,8.349038124084473,0.5053490996360779,-5.120551586151123
1710534989893608194,8.484356880187988,0.6658154129981995,-5.26904296875
1710534989920917769,8.201744079589844,0.5664221048355103,-5.504952430725098
1710534989925087670,8.135881423950195,0.586779773235321,-6.216273307800293
1710534989960635157,8.254434585571289,0.610729992389679,-5.236710071563721
1710534989992107060,8.279582977294922,0.5304968357086182,-5.457052230834961
1710534989998416097,8.350235939025879,0.8514294624328613,-5.506149768829346
1710534990013166234,8.228089332580566,0.718505859375,-5.500162124633789
1710534990021504042,8.229287147521973,0.5748046636581421,-5.811514854431152
1710534990032824961,8.297545433044434,0.7843688726425171,-5.490582466125488
1710534990041176247,8.361013412475586,0.7496411204338074,-5.537285327911377
1710534990053108503,8.247249603271484,0.6634204387664795,-5.391189098358154
1710534990061322947,8.235274314880371,0.5185217261314392,-5.884562969207764
1710534990093093097,8.258027076721191,0.586779773235321,-5.672603607177734
1710534990118428173,8.222102165222168,0.7939489483833313,-5.489384651184082
1710534990183508286,8.230484962463379,0.6909631490707397,-5.406756401062012
1710534990217129211,8.280779838562012,0.808319091796875,-5.671406269073486
1710534990240919185,8.32269287109375,0.6370751857757568,-5.661826133728027
1710534990261159411,8.19336223602295,0.5724096894264221,-5.649850845336914
1710534990276137866,8.316705703735352,0.7747887969017029,-5.643863677978516
1710534990299101225,8.265212059020996,0.7927514910697937,-5.318140983581543
1710534990326398296,8.236472129821777,0.3448828160762787,-6.062992095947266
1710534990351506248,8.656798362731934,0.8095166087150574,-4.696633338928223
1710534990370592982,8.084388732910156,0.3101550340652466,-6.298901557922363
1710534990385291342,8.177794456481934,0.7101233005523682,-5.768404483795166
1710534990423252846,8.10594367980957,0.7209008932113647,-6.224655628204346
1710534990446104157,8.21731185913086,0.586779773235321,-5.806725025177002
1710534990488656320,8.448431015014648,0.8789721727371216,-5.18641471862793
1710534990500895303,8.338260650634766,0.7268884181976318,-5.093008995056152
1710534990547210474,8.297545433044434,0.45265868306159973,-5.405559062957764
1710534990570320195,8.2532377243042,0.736468493938446,-5.415139198303223
1710534990595350492,8.362210273742676,0.7735912799835205,-5.475014686584473
1710534990610035202,8.274792671203613,0.53887939453125,-5.792354583740234
1710534990654361696,8.33706283569336,0.8933422565460205,-5.572012901306152
1710534990696360049,8.346643447875977,0.7436535358428955,-5.407954216003418
1710534990717206221,8.286767959594727,0.7125183343887329,-5.736071586608887
1710534990725635229,8.296347618103027,0.8059240579605103,-5.316943168640137
1710534990769581697,8.241262435913086,0.6909631490707397,-5.636678695678711
1710534990773694444,8.292755126953125,0.8909472823143005,-5.612728118896484
1710534990801325791,8.270002365112305,0.6682104468345642,-5.554050445556641
1710534990833984544,8.281977653503418,0.7077282667160034,-5.654641151428223
1710534990843084772,8.298742294311523,0.7352709770202637,-5.318140983581543
1710534990873280255,8.204139709472656,0.6478527784347534,-6.124064922332764
1710534990876760917,8.521479606628418,0.4083508253097534,-5.690566539764404
1710534990885365413,8.323890686035156,0.6718029975891113,-5.259462833404541
1710534990895873114,8.455615997314453,0.7316784858703613,-5.39358377456665
1710534990925271541,8.229287147521973,0.6562353372573853,-5.912105560302734
1710534990956664169,8.24006462097168,0.9675878882408142,-5.478607177734375
1710534990962942324,8.085585594177246,0.7676037549972534,-6.298901557922363
1710534990967221001,8.309520721435547,0.3832031190395355,-5.297783374786377
1710534990983918921,8.340655326843262,0.7220984101295471,-5.15408182144165
1710534991025689347,8.145461082458496,0.7688012719154358,-5.871390342712402
1710534991082765675,8.256830215454102,0.7628137469291687,-5.290597915649414
1710534991099274712,8.316705703735352,0.6718029975891113,-5.663023471832275
1710534991111940460,8.250842094421387,0.820294201374054,-5.514532566070557
1710534991120392021,8.321495056152344,0.7879614233970642,-5.521717548370361
1710534991135046819,8.321495056152344,0.7041357159614563,-5.307363510131836
1710534991154945427,8.236472129821777,0.5077441334724426,-5.815107345581055
1710534991179341638,8.311915397644043,0.7268884181976318,-5.439089298248291
1710534991185552578,8.241262435913086,0.8873547315597534,-5.509742259979248
1710534991227534128,8.226892471313477,0.6562353372573853,-5.47142219543457
1710534991244170957,8.237669944763184,0.6203100681304932,-5.578000545501709
1710534991265274783,8.305927276611328,0.7747887969017029,-5.691763877868652
1710534991294868456,8.319100379943848,0.7855663895606995,-5.292993068695068
1710534991317899951,8.309520721435547,0.6741979718208313,-5.679788589477539
1710534991385574713,8.27718734741211,0.6933581829071045,-5.655838489532471
1710534991446531367,8.259224891662598,0.8274792432785034,-5.370831489562988
1710534991482246548,8.626860618591309,0.043110352009534836,-6.454577445983887
1710534991494796413,7.890391826629639,0.4550537168979645,-5.840255260467529
1710534991501299672,8.387358665466309,0.8382568359375,-5.795947074890137
1710534991509668652,8.349038124084473,0.6083349585533142,-5.429509162902832
1710534991534833078,8.455615997314453,0.6694079637527466,-5.271438121795654
1710534991547348195,8.196954727172852,0.5963598489761353,-5.680986404418945
1710534991577121418,8.06882095336914,0.4538561999797821,-6.312074184417725
1710534991591419953,8.289162635803223,0.6933581829071045,-5.240302562713623
1710534991599573519,8.177794456481934,0.46223875880241394,-5.861810207366943
1710534991636489443,8.1334867477417,0.18321900069713593,-5.938450813293457
1710534991675082209,8.198151588439941,0.6849755644798279,-5.607938289642334
1710534991696449727,8.328680038452148,0.826281726360321,-5.522914886474609
1710534991717884479,8.194559097290039,0.44188109040260315,-5.401966571807861
1710534991747033584,8.281977653503418,0.9424402117729187,-5.279820442199707
1710534991772097474,8.232879638671875,0.45146119594573975,-5.8031325340271
1710534991788966137,8.304730415344238,0.6274951100349426,-5.548062801361084
1710534991805536176,8.238866806030273,0.5460644364356995,-5.416336536407471
1710534991847907383,8.244854927062988,0.6981481909751892,-5.728886604309082
1710534991902727561,8.341853141784668,0.5472619533538818,-5.629493236541748
1710534991944604508,8.222102165222168,0.7556286454200745,-5.921685695648193
1710534991986832176,8.689130783081055,-0.21794678270816803,-5.454657077789307
1710534991995222300,8.65919303894043,0.6227051019668579,-5.276227951049805
1710534992003671690,8.231681823730469,0.49097901582717896,-4.972060680389404
1710534992033124839,8.45202350616455,1.43701171875,-5.566025257110596
1710534992060674298,8.171806335449219,0.5424719452857971,-5.773194789886475
1710534992087728139,8.6316499710083,0.6035449504852295,-5.001998424530029
1710534992108862565,8.159832000732422,0.6191125512123108,-6.080954551696777
1710534992112923211,8.327483177185059,0.8598120212554932,-5.607938289642334
1710534992165551009,8.301137924194336,0.9747729301452637,-5.176834583282471
1710534992231000337,8.237669944763184,0.508941650390625,-5.604345798492432
1710534992234911607,8.243657112121582,0.4538561999797821,-5.548062801361084
1710534992268633404,8.301137924194336,0.7053332328796387,-5.661826133728027
1710534992302168139,8.201744079589844,0.5544469952583313,-5.667813777923584
1710534992360988343,8.327483177185059,0.5927673578262329,-5.516927719116211
1710534992405099188,8.27718734741211,0.6071374416351318,-5.522914886474609
1710534992434477227,8.2628173828125,0.7268884181976318,-5.368436336517334
1710534992502120171,8.234077453613281,0.6418652534484863,-5.509742259979248
1710534992556553810,8.207732200622559,0.7843688726425171,-5.607938289642334
1710534992588034998,8.375383377075195,0.8538244366645813,-5.667813777923584
1710534992615321949,8.31311321258545,0.7316784858703613,-5.874982833862305
1710534992663737954,8.24006462097168,0.46104127168655396,-5.788762092590332
1710534992706214915,8.21731185913086,0.21674926578998566,-5.983956336975098
1710534992733227252,8.231681823730469,0.4299060106277466,-5.609135627746582
1710534992745829529,8.388555526733398,0.6873705983161926,-5.490582466125488
1710534992747854873,8.406518936157227,0.975970447063446,-5.640271186828613
1710534992792053868,8.355025291442871,0.5304968357086182,-5.653443813323975
1710534992808902360,8.297545433044434,0.47541138529777527,-5.840255260467529
1710534992831903583,8.343050956726074,0.9496252536773682,-5.777984619140625
1710534992840182700,8.271200180053711,0.4694238305091858,-5.874982833862305
1710534992867727694,8.247249603271484,0.49097901582717896,-5.4534592628479
1710534992884707594,8.29994010925293,0.646655261516571,-5.318140983581543
1710534992926956480,8.223299980163574,0.6574328541755676,-5.389991283416748
1710534992947566305,8.295149803161621,0.7232959270477295,-5.595963001251221
1710534992960384229,8.302334785461426,0.6682104468345642,-5.858217716217041
1710534992967517700,8.2628173828125,0.586779773235321,-5.376818656921387
1710534992983272040,8.346643447875977,0.47900390625,-5.607938289642334
1710534993006499786,8.30832290649414,0.6670129299163818,-5.694159030914307
1710534993025374986,8.380173683166504,0.41912841796875,-6.421047210693359
1710534993035895450,8.219707489013672,0.30177247524261475,-6.01030158996582
1710534993050817781,7.8484787940979,0.3688330054283142,-5.3337082862854
1710534993071717874,8.575366973876953,0.9939330816268921,-4.921765327453613
1710534993080332239,8.030500411987305,0.3951782286167145,-5.446274280548096
1710534993097039873,8.072413444519043,0.16884887218475342,-5.913303375244141
1710534993113767326,8.167016983032227,0.34727782011032104,-5.697751522064209
1710534993136821409,8.399333953857422,0.9220825433731079,-5.433101654052734
1710534993187202141,8.327483177185059,0.49217650294303894,-5.713319301605225
1710534993203737548,8.319100379943848,0.7244933843612671,-5.424719333648682
1710534993216379977,8.298742294311523,0.6071374416351318,-5.478607177734375
1710534993239241397,8.301137924194336,0.5221142768859863,-5.303770542144775
1710534993262382342,8.278385162353516,0.44188109040260315,-5.739664077758789
1710534993300784306,8.293952941894531,0.688568115234375,-5.77079963684082
1710534993331597026,8.279582977294922,0.3592529296875,-5.479804515838623
1710534993361251489,8.295149803161621,0.5185217261314392,-5.686974048614502
1710534993436623591,8.33227252960205,0.6921606659889221,-5.592370510101318
1710534993457685109,8.259224891662598,0.6382727026939392,-5.423521518707275
1710534993470887398,8.2723970413208,0.7532336711883545,-5.332510948181152
1710534993487223706,8.30832290649414,0.7688012719154358,-5.459446907043457
1710534993508349320,8.325087547302246,0.6358776688575745,-5.697751522064209
1710534993531481888,8.321495056152344,0.4143383800983429,-5.760022163391113
1710534993548337598,8.290360450744629,0.6502478122711182,-5.491779804229736
1710534993592392765,8.198151588439941,0.5951623320579529,-5.521717548370361
1710534993632332490,8.448431015014648,0.6358776688575745,-5.051095962524414
1710534993632824902,8.503517150878906,0.9939330816268921,-4.570894718170166
1710534993640685949,8.187374114990234,0.6227051019668579,-5.901328086853027
1710534993659673035,8.244854927062988,0.5364843606948853,-5.234315395355225
1710534993682590254,8.314310073852539,0.6969506740570068,-5.197192192077637
1710534993724900212,8.463998794555664,0.5951623320579529,-5.478607177734375
1710534993729041013,8.370593070983887,0.38080811500549316,-5.732479095458984
1710534993747703440,8.314310073852539,0.7340734601020813,-5.472619533538818
1710534993760436290,8.443641662597656,0.6957531571388245,-5.416336536407471
1710534993785590118,8.383766174316406,0.47900390625,-5.726491928100586
1710534993817246051,8.334668159484863,0.5939648151397705,-5.382806301116943
1710534993873824866,8.287964820861816,0.5544469952583313,-5.696554183959961
1710534993878359977,8.246051788330078,0.4694238305091858,-5.484594821929932
1710534993895129656,8.268804550170898,0.5640270709991455,-5.457052230834961
1710534993932620214,8.305927276611328,0.5173242092132568,-5.536087512969971
1710534993949574117,8.304730415344238,0.3796105980873108,-5.713319301605225
1710534993968486159,8.346643447875977,0.508941650390625,-5.344486236572266
1710534993983275153,8.286767959594727,0.41074585914611816,-5.476212024688721
1710534993998029722,8.349038124084473,0.6813830733299255,-5.570815563201904
1710534994012712120,8.310717582702637,0.6610254049301147,-5.78516960144043
1710534994063265486,8.343050956726074,0.7328760027885437,-5.469027042388916
1710534994094807232,8.27718734741211,0.5484594702720642,-5.478607177734375
1710534994107276987,8.250842094421387,0.616717517375946,-5.437891960144043
1710534994128363810,8.256830215454102,0.5544469952583313,-6.045029163360596
1710534994155948678,8.4927396774292,0.4179309010505676,-5.498964786529541
1710534994178909792,8.437653541564941,0.29937744140625,-5.660628795623779
1710534994212567418,7.945477485656738,0.5221142768859863,-5.193599700927734
1710534994216769919,8.414900779724121,0.8226892352104187,-5.215155124664307
1710534994238718679,8.335865020751953,0.9807605147361755,-5.795947074890137
1710534994267657126,8.231681823730469,0.3436852991580963,-5.379213809967041
1710534994298928432,8.219707489013672,0.7472460865974426,-5.691763877868652
1710534994334822309,8.365802764892578,0.7759863138198853,-5.586382865905762
1710534994345223289,8.331075668334961,0.4299060106277466,-5.441484451293945
1710534994408243156,8.296347618103027,0.6646178960800171,-5.461842060089111
1710534994414489142,8.307125091552734,0.46104127168655396,-5.428311824798584
1710534994422999039,8.347840309143066,0.48139894008636475,-5.696554183959961
1710534994441874603,8.344247817993164,0.3939807116985321,-5.742059230804443
1710534994458591429,8.287964820861816,0.5245092511177063,-5.583988189697266
1710534994477423193,8.350235939025879,0.7244933843612671,-5.829477310180664
1710534994498161617,8.296347618103027,0.46104127168655396,-5.766009330749512
1710534994523479834,8.280779838562012,0.449066162109375,-5.451064586639404
1710534994542428695,8.260422706604004,0.6011499166488647,-5.407954216003418
1710534994571866297,8.314310073852539,0.6646178960800171,-5.44866943359375
1710534994597218524,8.261619567871094,0.5041515827178955,-5.407954216003418
1710534994641465794,8.259224891662598,0.670605480670929,-5.415139198303223
1710534994677240441,8.104745864868164,0.27303221821784973,-5.952821254730225
1710534994691679644,8.449628829956055,0.4203259348869324,-5.910908222198486
1710534994725515282,8.679551124572754,0.9963281154632568,-4.96966552734375
1710534994738186221,8.423283576965332,0.5736072063446045,-6.022276401519775
1710534994746633139,8.298742294311523,0.5927673578262329,-5.374423980712891
1710534994755651272,8.406518936157227,0.6526428461074829,-5.275030612945557
1710534994780120640,8.311915397644043,0.7867639064788818,-5.761219501495361
1710534994798997581,8.230484962463379,0.4730163514614105,-5.310956001281738
1710534994815861602,8.2628173828125,0.2442919909954071,-5.423521518707275
1710534994878744608,8.15743637084961,0.6574328541755676,-5.72529411315918
1710534994899734038,8.356223106384277,0.6155200004577637,-5.508544921875
1710534994920982164,8.411308288574219,0.826281726360321,-5.739664077758789
1710534994935556137,8.34544563293457,0.8358618021011353,-5.700146675109863
1710534994965236862,8.31311321258545,0.9017248749732971,-5.381608963012695
1710534995031300141,8.350235939025879,0.7592211961746216,-5.669011116027832
1710534995071964745,8.317902565002441,0.556842029094696,-5.372028827667236
1710534995076206217,8.321495056152344,0.45146119594573975,-5.640271186828613
1710534995088907501,8.33227252960205,0.6131250262260437,-5.782774448394775
1710534995122290630,8.230484962463379,0.7580236792564392,-5.424719333648682
1710534995130692156,8.329877853393555,0.6909631490707397,-5.532495021820068
1710534995160186606,8.279582977294922,0.5783972144126892,-5.502557277679443
1710534995176967251,8.260422706604004,0.5664221048355103,-5.734874248504639
1710534995195773141,8.429271697998047,0.45744872093200684,-5.926476001739502
1710534995206267047,8.204139709472656,0.28620484471321106,-5.970783710479736
1710534995225056979,8.029302597045898,0.4299060106277466,-5.610333442687988
1710534995254680484,8.339458465576172,0.39158570766448975,-5.313350677490234
1710534995265695966,8.242459297180176,0.3844006359577179,-5.762416839599609
1710534995279937458,8.281977653503418,0.3185375928878784,-5.974376201629639
1710534995300892291,8.102351188659668,0.5161266922950745,-5.549260139465332
1710534995311257405,8.232879638671875,0.5855822563171387,-5.703739166259766
1710534995326473487,8.303532600402832,0.6239025592803955,-5.470224380493164
1710534995345099447,8.358617782592773,0.670605480670929,-5.316943168640137
1710534995378688358,8.249645233154297,0.41194334626197815,-5.95042610168457
1710534995399579388,8.238866806030273,0.5185217261314392,-5.654641151428223
1710534995401598164,8.256830215454102,0.5053490996360779,-5.613925933837891
1710534995427019300,8.295149803161621,0.5113366842269897,-5.792354583740234
1710534995479391571,8.331075668334961,0.49576905369758606,-5.646258354187012
1710534995489658325,8.329877853393555,0.6849755644798279,-5.774392127990723
1710534995523511063,8.271200180053711,0.5604345798492432,-5.354066371917725
1710534995546750616,8.319100379943848,0.6550378203392029,-5.508544921875
1710534995580447743,8.297545433044434,0.6562353372573853,-5.795947074890137
1710534995594956844,8.29994010925293,0.43709105253219604,-5.779181957244873
1710534995624294772,8.329877853393555,0.5101391673088074,-5.502557277679443
1710534995660223090,8.301137924194336,0.646655261516571,-5.44866943359375
1710534995724199178,8.356223106384277,0.6083349585533142,-5.766009330749512
1710534995753528010,8.273594856262207,0.5257067680358887,-5.738466739654541
1710534995877807611,8.254434585571289,0.6430627703666687,-6.11208963394165
1710534995898489004,8.304730415344238,0.44188109040260315,-5.254673004150391
1710534995932311063,8.220904350280762,0.5316943526268005,-5.801934719085693
1710534995955360950,8.353828430175781,0.7029382586479187,-5.166057109832764
1710534995984771764,8.33706283569336,0.5005590915679932,-5.508544921875
1710534995986679029,8.242459297180176,0.26105713844299316,-5.580395698547363
1710534996028635840,8.316705703735352,0.7017407417297363,-5.737269401550293
1710534996035242751,8.334668159484863,0.910107433795929,-5.267845630645752
1710534996057014232,8.279582977294922,0.5903723239898682,-5.295388221740723
1710534996075485020,8.33227252960205,0.6634204387664795,-5.810317516326904
1710534996096354680,8.29994010925293,0.3999682664871216,-5.554050445556641
1710534996114745439,8.284372329711914,0.6526428461074829,-5.334906101226807
1710534996141907036,8.339458465576172,0.6634204387664795,-5.521717548370361
1710534996167243123,8.399333953857422,0.7580236792564392,-5.587580680847168
1710534996175657674,8.283175468444824,0.6095324754714966,-5.325325965881348
1710534996190541296,8.283175468444824,0.4550537168979645,-5.514532566070557
1710534996207004588,8.369396209716797,0.6981481909751892,-5.619913101196289
1710534996251140014,8.326285362243652,0.47900390625,-5.357658863067627
1710534996287408785,8.364605903625488,0.5544469952583313,-5.777984619140625
1710534996349480312,8.404123306274414,0.6251000761985779,-5.275030612945557
1710534996366322431,8.361013412475586,0.8586145043373108,-4.61041259765625
1710534996383104860,8.493936538696289,0.7220984101295471,-5.874982833862305
1710534996412564254,8.231681823730469,0.5053490996360779,-5.423521518707275
1710534996462711423,8.333470344543457,0.6418652534484863,-5.617518424987793
1710534996470980485,8.495134353637695,0.6083349585533142,-5.538482666015625
1710534996485566257,8.315507888793945,0.5915698409080505,-5.330115795135498
1710534996572664529,8.320298194885254,0.6502478122711182,-5.556445121765137
1710534996602246834,8.341853141784668,0.4849914610385895,-5.734874248504639
1710534996608603234,8.298742294311523,0.40595582127571106,-5.397176742553711
1710534996621202135,8.283175468444824,0.43230101466178894,-5.490582466125488
1710534996642933055,8.307125091552734,0.3939807116985321,-5.386398792266846
1710534996669583529,8.39693832397461,0.6777905225753784,-5.610333442687988
1710534996688647889,8.341853141784668,0.5915698409080505,-5.63308572769165
1710534996737326872,8.290360450744629,0.4179309010505676,-5.50375509262085
1710534996755970474,8.298742294311523,0.6059399247169495,-5.792354583740234
1710534996773009710,8.283175468444824,0.6119275093078613,-5.679788589477539
1710534996791459022,8.283175468444824,0.6119275093078613,-5.679788589477539
1710534996795793580,8.34544563293457,0.526904284954071,-5.404361724853516
1710534996814905275,8.344247817993164,0.5424719452857971,-5.5732102394104
1710534996850328150,8.321495056152344,0.5077441334724426,-5.962400913238525
1710534996877523177,8.532257080078125,0.8837621808052063,-4.888235092163086
1710534996883978221,8.173004150390625,0.3903881907463074,-5.406756401062012
1710534996911466682,8.173004150390625,0.3903881907463074,-5.406756401062012
1710534996942016479,8.198151588439941,0.7256909012794495,-5.368436336517334
1710534996946158537,8.326285362243652,0.7316784858703613,-5.684578895568848
1710534996965551917,8.344247817993164,0.5113366842269897,-5.66541862487793
1710534997031718338,8.296347618103027,0.43110352754592896,-5.458249568939209
1710534997091727367,8.365802764892578,0.5771996974945068,-5.29179573059082
1710534997104406858,8.2628173828125,0.7220984101295471,-5.504952430725098
1710534997142261284,8.407715797424316,0.8777746558189392,-5.54566764831543
1710534997158941216,8.307125091552734,0.676593005657196,-5.294190883636475
1710534997198956885,8.15743637084961,0.6442602276802063,-5.363646030426025
1710534997234415090,8.279582977294922,0.7017407417297363,-5.461842060089111
1710534997293476823,8.289162635803223,0.4682263135910034,-5.3241286277771
1710534997360593935,8.320298194885254,0.6083349585533142,-5.65104866027832
1710534997400436438,8.256830215454102,0.5041515827178955,-5.74325704574585
1710534997480317668,8.219707489013672,0.4933740198612213,-6.049819469451904
1710534997499069285,8.414900779724121,0.7041357159614563,-5.442681789398193
1710534997511765755,8.274792671203613,0.676593005657196,-5.415139198303223
1710534997557778410,8.304730415344238,0.3341052234172821,-5.387596607208252
1710534997608374197,8.370593070983887,0.45625123381614685,-5.550457954406738
1710534997656556602,8.437653541564941,0.5819897651672363,-5.524112701416016
1710534997679875411,8.29994010925293,0.6059399247169495,-5.237907886505127
1710534997717654335,8.296347618103027,0.4502636790275574,-5.362448692321777
1710534997749045922,8.267607688903809,0.6370751857757568,-5.330115795135498
1710534997774291562,8.291557312011719,0.3987707495689392,-5.674998760223389
1710534997847807274,8.327483177185059,0.5843847393989563,-5.676196098327637
1710534997860234133,8.363408088684082,0.6430627703666687,-5.321733474731445
1710534997887482213,8.298742294311523,0.5712121725082397,-5.627098560333252
1710534997915382725,8.364605903625488,0.5963598489761353,-5.616320610046387
1710534997965174729,8.271200180053711,0.4239184558391571,-6.023474216461182
1710534998025778196,8.378975868225098,0.5855822563171387,-5.346880912780762
1710534998065936045,8.339458465576172,0.7089257836341858,-5.615123271942139
1710534998093205583,8.291557312011719,0.2897973656654358,-5.629493236541748
1710534998122891720,8.291557312011719,0.2897973656654358,-5.629493236541748
1710534998161559709,8.278385162353516,0.2885998487472534,-5.472619533538818
1710534998182730974,8.350235939025879,0.46702879667282104,-5.522914886474609
1710534998205711033,8.367000579833984,0.8346642851829529,-5.567223072052002
1710534998214149587,8.39693832397461,0.7161108255386353,-5.542075157165527
1710534998233163971,8.362210273742676,0.5628296136856079,-5.473817348480225
1710534998243459743,8.362210273742676,0.5628296136856079,-5.631888389587402
1710534998262344443,8.256830215454102,0.31135255098342896,-5.631888389587402
1710534998283508317,8.303532600402832,0.6095324754714966,-5.663023471832275
1710534998310766622,8.298742294311523,0.5185217261314392,-5.712121486663818
1710534998317400736,8.314310073852539,0.6933581829071045,-5.495372295379639
1710534998327583327,8.361013412475586,0.4131408631801605,-5.587580680847168
1710534998348792828,8.30832290649414,0.6131250262260437,-5.587580680847168
1710534998365591668,8.2723970413208,0.5292993187904358,-5.454657077789307
1710534998394892953,8.295149803161621,0.7448510527610779,-5.446274280548096
1710534998420068256,8.387358665466309,0.6837780475616455,-5.496569633483887
1710534998441635095,8.400530815124512,0.508941650390625,-5.574408054351807
1710534998462750404,8.339458465576172,0.5245092511177063,-5.407954216003418
1710534998488235582,8.331075668334961,0.6909631490707397,-5.768404483795166
1710534998527933049,8.698711395263672,0.7220984101295471,-4.61041259765625
1710534998536427490,8.084388732910156,0.2347119152545929,-6.155200004577637
1710534998555343618,8.401728630065918,0.580792248249054,-5.458249568939209
1710534998580779298,8.443641662597656,0.8190966844558716,-5.187612533569336
1710534998593373908,8.281977653503418,0.790356457233429,-5.920488357543945
1710534998614080916,8.264015197753906,0.6658154129981995,-5.363646030426025
1710534998631238739,8.279582977294922,0.41912841796875,-5.458249568939209
1710534998639165702,8.436456680297852,0.40715330839157104,-5.756429672241211
1710534998653853247,8.071215629577637,0.46223875880241394,-5.801934719085693
1710534998662400158,8.507109642028809,0.7340734601020813,-5.319338321685791
1710534998668820616,8.39693832397461,0.6945556402206421,-5.245092868804932
1710534998704982708,8.236472129821777,0.3245251476764679,-5.555247783660889
1710534998721246843,8.460406303405762,0.5987548828125,-5.155279636383057
1710534998744281998,8.28557014465332,0.6801855564117432,-5.342091083526611
1710534998782275823,8.151449203491211,0.628692626953125,-5.59117317199707
1710534998807320798,8.295149803161621,0.37242552638053894,-5.4438796043396
1710534998831951625,8.370593070983887,0.36763548851013184,-5.639073371887207
1710534998864030751,8.271200180053711,0.6430627703666687,-5.585185527801514
1710534998868324091,8.327483177185059,0.568817138671875,-5.726491928100586
1710534998895540817,8.358617782592773,0.6215075850486755,-5.430706977844238
1710534998916749126,8.416098594665527,0.6646178960800171,-5.465434551239014
1710534998954359933,8.413703918457031,0.5616320967674255,-5.612728118896484
1710534998975365651,8.369396209716797,0.5676196217536926,-5.59117317199707
1710534998994246712,8.3921480178833,0.6550378203392029,-5.472619533538818
1710534999019475402,8.3921480178833,0.6550378203392029,-5.472619533538818
1710534999078091060,8.329877853393555,0.11256591975688934,-6.28692626953125
1710534999099582153,8.46519660949707,0.41673338413238525,-5.945635795593262
1710534999129039131,8.390951156616211,0.7376660108566284,-5.457052230834961
1710534999135322528,8.10594367980957,0.5664221048355103,-5.588778018951416
1710534999154071345,8.187374114990234,0.5544469952583313,-5.634283542633057
1710534999185508560,8.384963035583496,0.4586462378501892,-5.629493236541748
1710534999189667973,8.27718734741211,0.44188109040260315,-5.766009330749512
1710534999232752972,8.508306503295898,0.6682104468345642,-5.394781589508057
1710534999254857620,8.21252155303955,0.2442919909954071,-5.734874248504639
1710534999282551443,8.47956657409668,0.718505859375,-5.265450477600098
1710534999301151642,8.250842094421387,0.7915539741516113,-5.3887939453125
1710534999322434946,8.570577621459961,0.7472460865974426,-5.279820442199707
1710534999347672608,8.423283576965332,0.44188109040260315,-5.558840274810791
1710534999372903955,8.422085762023926,0.5999523997306824,-5.39358377456665
1710534999403881161,8.311915397644043,0.6298901438713074,-5.686974048614502
1710534999435656553,8.356223106384277,0.49696654081344604,-5.506149768829346
1710534999466631148,8.339458465576172,0.6538403034210205,-5.62350606918335
1710534999470958161,8.301137924194336,0.5424719452857971,-5.318140983581543
1710534999498177944,8.287964820861816,0.7747887969017029,-5.551655292510986
1710534999510766335,8.475974082946777,0.6753954887390137,-5.5732102394104
1710534999527704552,8.352630615234375,0.4334985315799713,-5.558840274810791
1710534999557040274,8.378975868225098,0.5173242092132568,-5.399571418762207
1710534999584996773,8.414900779724121,0.45265868306159973,-6.358777046203613
1710534999590750142,7.829319000244141,0.42152345180511475,-5.615123271942139
1710534999620139188,7.829319000244141,0.42152345180511475,-5.615123271942139
1710534999651458837,7.951464653015137,0.14609618484973907,-5.889352798461914
1710534999704229820,8.219707489013672,0.6298901438713074,-5.586382865905762
1710534999756653617,8.383766174316406,0.7424560785293579,-5.330115795135498
1710534999769319839,8.327483177185059,0.616717517375946,-5.369633674621582
1710534999790342454,8.190966606140137,0.2442919909954071,-5.789959907531738
1710534999819895605,8.410111427307129,0.6873705983161926,-5.277425765991211
1710534999853195529,8.281977653503418,0.5855822563171387,-5.428311824798584
1710534999874211604,8.429271697998047,0.3005749583244324,-5.581593036651611
1710534999888963577,8.16581916809082,0.2550695836544037,-5.5732102394104
1710534999897494145,8.349038124084473,0.2442919909954071,-5.674998760223389
1710534999912268879,8.344247817993164,0.5197192430496216,-5.367238998413086
1710534999935216239,8.45202350616455,0.6945556402206421,-5.424719333648682
1710534999945625369,8.255632400512695,0.5161266922950745,-5.54566764831543
1710534999966709811,8.310717582702637,0.4538561999797821,-5.59117317199707
1710535000034268746,8.467591285705566,0.5676196217536926,-5.575605392456055
1710535000068066273,8.376581192016602,0.5161266922950745,-5.59117317199707
1710535000084833770,8.325087547302246,0.3604504466056824,-5.483397006988525
1710535000139577505,8.414900779724121,0.43709105253219604,-6.177952766418457
1710535000164628000,8.477171897888184,0.8969348073005676,-4.721780776977539
1710535000206749461,8.09277057647705,0.21195922791957855,-6.131249904632568
1710535000238148008,8.134683609008789,0.8634045124053955,-5.888155460357666
1710535000263524309,8.661587715148926,0.4143383800983429,-5.073848724365234
1710535000278216900,8.475974082946777,0.2742297351360321,-5.981561183929443
1710535000376894770,8.577762603759766,0.6622229218482971,-5.249882698059082
1710535000440215893,8.22569465637207,0.39637574553489685,-5.655838489532471
1710535000501161776,8.283175468444824,0.7268884181976318,-5.544470310211182
1710535000524299640,8.574170112609863,0.6418652534484863,-5.287005424499512
1710535000534746911,8.565787315368652,0.42751097679138184,-5.395978927612305
1710535000549466351,8.18018913269043,0.3748205602169037,-5.478607177734375
1710535000597776998,8.274792671203613,0.8107141256332397,-5.479804515838623
1710535000606183148,8.333470344543457,0.6430627703666687,-5.663023471832275
1710535000644286537,8.355025291442871,0.4203259348869324,-5.615123271942139
1710535000652491763,8.242459297180176,0.5197192430496216,-5.484594821929932
1710535000671515232,7.913144588470459,0.65863037109375,-5.514532566070557
1710535000686216369,8.400530815124512,0.7843688726425171,-4.696633338928223
1710535000724138425,8.541836738586426,-0.30177247524261475,-6.128854751586914
1710535000745011446,7.939489841461182,0.03592529147863388,-5.758824348449707
1710535000753335700,7.885601997375488,0.4778063893318176,-5.464237213134766
1710535000783531072,7.951464653015137,1.0059082508087158,-5.162464618682861
1710535000827328213,8.763376235961914,0.28740233182907104,-5.194797515869141
1710535000879380603,8.684340476989746,0.7568261623382568,-5.47142219543457
1710535000892150577,8.443641662597656,0.946032702922821,-5.634283542633057
1710535000907100175,8.690328598022461,0.38200560212135315,-5.109774112701416
1710535000919391315,8.320298194885254,0.4849914610385895,-4.954097747802734
1710535000940671545,8.395740509033203,0.43709105253219604,-5.610333442687988
1710535000951140226,7.89877462387085,0.65863037109375,-5.811514854431152
1710535000967930863,8.447234153747559,0.987945556640625,-5.403163909912109
1710535001014270640,8.264015197753906,0.21674926578998566,-5.350473403930664
1710535001035263432,8.328680038452148,0.7448510527610779,-5.556445121765137
1710535001047990057,8.328680038452148,0.7448510527610779,-5.750442028045654
1710535001079477847,8.343050956726074,0.6035449504852295,-5.451064586639404
1710535001083801132,8.46519660949707,0.49576905369758606,-5.356461048126221
1710535001115198738,8.296347618103027,0.25267454981803894,-5.413941860198975
1710535001167891693,8.450826644897461,0.8993298411369324,-5.525310039520264
1710535001193123757,8.287964820861816,0.28740233182907104,-5.524112701416016
1710535001205710702,8.559800148010254,0.8286767601966858,-6.017486572265625
1710535001247577292,8.048462867736816,0.706530749797821,-5.68817138671875
1710535001279351497,8.305927276611328,0.808319091796875,-4.96966552734375
1710535001281482920,8.82444953918457,0.4694238305091858,-4.549339771270752
1710535001300448364,8.30832290649414,1.083746314048767,-5.546865463256836
1710535001321162919,8.401728630065918,1.122066617012024,-5.939648628234863
1710535001329519747,8.364605903625488,1.0969189405441284,-5.549260139465332
1710535001346333590,8.103549003601074,0.5664221048355103,-5.39358377456665
1710535001369363503,8.431666374206543,0.22153930366039276,-5.29179573059082
1710535001390465915,8.080796241760254,-0.05149291828274727,-5.562432765960693
1710535001420001138,8.489147186279297,0.9041198492050171,-5.514532566070557
1710535001440778502,8.346643447875977,0.27782225608825684,-5.398374080657959
1710535001462008999,8.478368759155273,0.30296996235847473,-5.203179836273193
1710535001468232771,8.416098594665527,0.3987707495689392,-5.203179836273193
1710535001486780777,8.254434585571289,0.6574328541755676,-5.435496807098389
1710535001508184133,8.434061050415039,0.44068360328674316,-5.417534351348877
1710535001524984897,8.343050956726074,0.19160155951976776,-5.654641151428223
1710535001552084022,8.29994010925293,-0.040715333074331284,-5.702541351318359
1710535001594227000,8.27718734741211,0.8885522484779358,-5.877377986907959
1710535001625624192,8.475974082946777,0.4251159727573395,-5.174439907073975
1710535001642632250,8.264015197753906,0.4646337926387787,-5.685776233673096
1710535001665976773,8.447234153747559,0.9795629978179932,-5.532495021820068
1710535001680408733,8.2628173828125,0.9520202875137329,-5.578000545501709
1710535001701775978,8.338260650634766,0.13292358815670013,-5.562432765960693
1710535001724676514,8.264015197753906,0.2550695836544037,-5.50375509262085
1710535001745695139,8.390951156616211,0.8334667682647705,-5.859415054321289
1710535001750059699,8.31311321258545,0.9220825433731079,-6.370751857757568
1710535001781772554,7.854466438293457,0.9077123999595642,-5.726491928100586
1710535001787834564,8.246051788330078,0.7580236792564392,-5.647456169128418
1710535001807129672,8.034092903137207,-0.2682421803474426,-6.358777046203613
1710535001833694887,8.18018913269043,0.8322693109512329,-5.288203239440918
1710535001842261129,8.211324691772461,1.2537927627563477,-5.20916748046875
1710535001859159025,8.042475700378418,1.1352392435073853,-5.631888389587402
1710535001876130398,8.570577621459961,1.068178653717041,-5.661826133728027
1710535001884554803,8.370593070983887,0.2742297351360321,-5.185217380523682
1710535001909609922,8.307125091552734,-0.027542725205421448,-5.551655292510986
1710535001960265765,8.307125091552734,1.093326449394226,-5.346880912780762
1710535002012558488,8.387358665466309,0.5604345798492432,-5.357658863067627
1710535002039916887,8.171806335449219,0.7999365329742432,-5.854625225067139
1710535002065157640,8.375383377075195,0.5077441334724426,-5.242697715759277
1710535002082022471,8.265212059020996,0.18321900069713593,-5.595963001251221
1710535002115565769,8.334668159484863,0.9927356243133545,-5.500162124633789
1710535002136587375,8.200547218322754,0.9232800006866455,-5.834267616271973
1710535002159494202,8.462801933288574,0.49217650294303894,-5.271438121795654
1710535002186922669,8.252039909362793,0.33650025725364685,-5.691763877868652
1710535002205825018,8.350235939025879,0.9568102955818176,-5.386398792266846
1710535002218258314,8.350235939025879,0.9568102955818176,-5.386398792266846
1710535002236951390,8.211324691772461,0.748443603515625,-5.831872463226318
1710535002258442945,8.305927276611328,0.28620484471321106,-5.649850845336914
1710535002279401948,8.34544563293457,0.30296996235847473,-5.455854415893555
1710535002298413176,8.265212059020996,0.8131091594696045,-5.721701622009277
1710535002313129984,8.486751556396484,0.9687854051589966,-6.474935531616211
1710535002323814448,8.297545433044434,0.9855505228042603,-4.018842697143555
1710535002357159311,9.104666709899902,0.40116578340530396,-4.837939262390137
1710535002396950881,8.041277885437012,0.580792248249054,-5.26425313949585
1710535002413818541,8.481961250305176,0.8825647234916687,-5.570815563201904
1710535002420182143,8.096363067626953,0.8238866925239563,-5.44866943359375
1710535002453786292,8.657995223999023,0.049097899347543716,-5.079836368560791
1710535002483220655,8.523874282836914,-0.08861572295427322,-5.646258354187012
1710535002520890418,8.483159065246582,1.0550061464309692,-5.187612533569336
1710535002542093289,8.307125091552734,0.0011975098168477416,-5.775589466094971
1710535002567367123,8.349038124084473,0.7352709770202637,-5.841452598571777
1710535002590358024,8.261619567871094,0.9867480397224426,-5.667813777923584
1710535002602772096,8.411308288574219,0.9915381073951721,-5.526507377624512
1710535002638653185,8.44244384765625,-0.07664062827825546,-5.607938289642334
1710535002659317339,8.370593070983887,0.049097899347543716,-5.225932598114014
1710535002666508192,8.335865020751953,0.8430469036102295,-5.4534592628479
1710535002693211665,8.44244384765625,0.6993457078933716,-5.257067680358887
1710535002714161222,8.430468559265137,0.4897814989089966,-5.245092868804932
1710535002775144765,8.242459297180176,0.8071215748786926,-5.748046875
1710535002800369334,8.435258865356445,0.2191442847251892,-5.201982498168945
1710535002832012149,8.437653541564941,0.089813232421875,-5.297783374786377
1710535002863282750,8.430468559265137,0.7532336711883545,-6.389912128448486
1710535002878132632,7.840096473693848,0.7161108255386353,-5.494174957275391
1710535002894935569,8.578960418701172,0.946032702922821,-4.270319938659668
1710535002920302718,8.723858833312988,0.18321900069713593,-4.699028491973877
1710535002951728747,8.800498962402344,1.0693762302398682,-5.392386436462402
1710535002968530395,7.877219200134277,1.032253384590149,-5.392386436462402
1710535002993769908,8.223299980163574,0.5783972144126892,-5.451064586639404
1710535003025381636,8.279582977294922,0.4394860863685608,-5.617518424987793
1710535003039944802,8.460406303405762,0.9580078125,-5.155279636383057
1710535003048643440,8.343050956726074,1.0849438905715942,-5.095404148101807
1710535003109379997,8.468789100646973,0.3233276307582855,-5.229525089263916
1710535003120141344,8.407715797424316,0.6119275093078613,-5.77079963684082
1710535003149434632,8.19336223602295,0.9819580316543579,-5.731281757354736
1710535003166371379,8.35981559753418,0.46223875880241394,-5.476212024688721
1710535003179153227,8.390951156616211,-0.12334350496530533,-5.387596607208252
1710535003193740008,8.444838523864746,0.5831872820854187,-5.440286636352539
1710535003210642614,8.275989532470703,0.9604028463363647,-5.766009330749512
1710535003239807053,8.425678253173828,0.6143224835395813,-5.327721118927002
1710535003252474653,8.334668159484863,0.1245410144329071,-5.260660171508789
1710535003271354080,8.357420921325684,0.2933898866176605,-5.410348892211914
1710535003277718718,8.477171897888184,0.8969348073005676,-5.283412933349609
1710535003303159189,8.394543647766113,1.0897338390350342,-5.287005424499512
1710535003393551841,8.463998794555664,0.14250366389751434,-5.228327751159668
1710535003421102558,8.261619567871094,0.7951464653015137,-6.076164722442627
1710535003435745579,9.029223442077637,0.27303221821784973,-4.403243541717529
1710535003461009274,8.182583808898926,-0.21555176377296448,-5.252277851104736
1710535003498933752,8.2532377243042,0.6909631490707397,-5.852230072021484
1710535003524176283,8.733438491821289,0.06825805455446243,-5.460644721984863
1710535003547210110,8.404123306274414,-0.008382568135857582,-5.284610748291016
1710535003559960841,8.242459297180176,-0.17842894792556763,-5.657036304473877
1710535003599772187,8.307125091552734,0.002395019633695483,-5.544470310211182
1710535003635545891,8.458011627197266,0.21555176377296448,-5.161267280578613
1710535003675668521,8.170609474182129,0.8394543528556824,-5.472619533538818
1710535003698732824,8.389753341674805,0.9520202875137329,-5.370831489562988
1710535003744893332,8.441246032714844,0.3281176686286926,-5.342091083526611
1710535003776395291,8.249645233154297,1.0262658596038818,-5.497767448425293
1710535003789085027,8.400530815124512,0.6933581829071045,-5.307363510131836
1710535003799701800,8.453221321105957,0.5197192430496216,-5.290597915649414
1710535003808056544,8.400530815124512,0.1892065405845642,-5.287005424499512
1710535003839278112,8.280779838562012,0.24189697206020355,-5.375621318817139
1710535003862445400,8.319100379943848,0.8238866925239563,-5.421126842498779
1710535003881470731,8.310717582702637,0.5628296136856079,-5.828279972076416
1710535003913087731,8.28557014465332,0.4538561999797821,-5.363646030426025
1710535003936162395,8.436456680297852,0.1844165027141571,-5.227129936218262
1710535003942320891,8.315507888793945,0.6143224835395813,-5.876180648803711
1710535003953341369,7.891589164733887,0.6262975931167603,-5.575605392456055
1710535003978239760,8.473579406738281,0.6598278880119324,-5.091811656951904
1710535003997029867,8.555009841918945,0.7867639064788818,-4.406836032867432
1710535004003352714,8.441246032714844,0.1341210901737213,-4.9097900390625
1710535004032904120,8.805289268493652,0.9484277367591858,-5.854625225067139
1710535004058967013,8.4927396774292,1.0095007419586182,-5.819897651672363
1710535004080173695,8.376581192016602,0.32692015171051025,-5.241500377655029
1710535004147439272,8.28557014465332,-0.08023315668106079,-5.572012901306152
1710535004193602734,8.461604118347168,0.040715333074331284,-5.200784683227539
1710535004200053619,8.51668930053711,0.3245251476764679,-4.957690238952637
1710535004225075545,8.183781623840332,0.9053173661231995,-5.816305160522461
1710535004256735660,8.446036338806152,0.45265868306159973,-5.206772327423096
1710535004271287009,8.401728630065918,0.0850231945514679,-5.597160816192627
1710535004321513601,8.384963035583496,0.526904284954071,-5.276227951049805
1710535004323895758,8.374185562133789,0.7807763814926147,-5.669011116027832
1710535004399527544,8.351432800292969,0.07065307348966599,-5.35167121887207
1710535004433576691,8.289162635803223,0.4742138683795929,-5.44866943359375
1710535004473233837,8.32269287109375,0.8226892352104187,-5.880970478057861
1710535004508828470,7.817343711853027,0.7424560785293579,-5.939648628234863
1710535004513081210,8.219707489013672,0.6334826946258545,-5.382806301116943
1710535004521461761,8.79211711883545,0.8011340498924255,-4.750521183013916
1710535004527641586,8.555009841918945,0.7053332328796387,-4.386478424072266
1710535004551030773,8.195756912231445,-0.09101074188947678,-4.893024921417236
1710535004569434153,8.173004150390625,-0.1844165027141571,-6.148015022277832
1710535004578005276,9.084308624267578,1.0406359434127808,-5.883365631103516
1710535004600975624,8.205336570739746,1.1160790920257568,-5.025948524475098
1710535004653572610,8.295149803161621,0.2586621046066284,-5.277425765991211
1710535004666255137,8.187374114990234,0.034727782011032104,-5.564827919006348
1710535004670285363,8.364605903625488,0.5712121725082397,-5.516927719116211
1710535004693681892,8.483159065246582,0.999920666217804,-5.242697715759277
1710535004702115491,8.249645233154297,0.5352868437767029,-5.804329872131348
1710535004735665581,8.43286418914795,0.09580077975988388,-5.542075157165527
1710535004750904740,8.441246032714844,0.5292993187904358,-5.415139198303223
1710535004758942414,8.137079238891602,0.7352709770202637,-5.763614654541016
1710535004779762201,8.33706283569336,1.0693762302398682,-5.469027042388916
1710535004788308010,8.39693832397461,0.5987548828125,-5.156476974487305
1710535004804999506,8.429271697998047,-0.049097899347543716,-5.385201454162598
1710535004827677505,8.422085762023926,-0.004790039267390966,-5.423521518707275
1710535004832619922,8.434061050415039,0.3987707495689392,-5.176834583282471
1710535004840759558,8.402926445007324,0.7149133086204529,-5.581593036651611
1710535004854049599,8.178991317749023,0.9292675852775574,-5.813910007476807
1710535004895585349,8.485553741455078,0.23351439833641052,-5.100193977355957
1710535004916621299,8.24844741821289,0.23231689631938934,-5.663023471832275
1710535004925020146,8.3921480178833,0.4897814989089966,-5.330115795135498
1710535004929170007,8.41969108581543,0.8119116425514221,-5.26904296875
1710535004952371097,8.305927276611328,1.057401180267334,-5.301375865936279
1710535004964850749,8.291557312011719,0.3388952612876892,-5.54566764831543
1710535004977422806,8.291557312011719,0.3388952612876892,-5.54566764831543
1710535005021501794,8.493936538696289,0.04430786147713661,-5.322930812835693
1710535005044645009,8.466394424438477,0.9220825433731079,-6.211483001708984
1710535005071979013,8.69152545928955,0.8610095381736755,-4.28828239440918
1710535005095255227,8.048462867736816,-0.089813232421875,-5.667813777923584
1710535005103588110,8.150251388549805,0.3544628918170929,-5.225932598114014
1710535005139152037,8.880732536315918,1.2226574420928955,-5.395978927612305
1710535005147529128,8.072413444519043,1.0490185022354126,-5.24629020690918
1710535005151747324,8.304730415344238,0.8957372903823853,-5.742059230804443
1710535005172738514,8.729846000671387,0.10418334603309631,-4.943320274353027
1710535005197846830,8.21731185913086,0.10538086295127869,-5.54566764831543
1710535005244093506,8.393345832824707,0.9412426948547363,-5.421126842498779
1710535005292357206,8.557404518127441,0.6454577445983887,-5.267845630645752
1710535005317722642,8.255632400512695,0.790356457233429,-5.640271186828613
1710535005368281578,8.378975868225098,-0.13651610910892487,-5.413941860198975
1710535005372443629,8.331075668334961,0.586779773235321,-5.47142219543457
1710535005385348497,8.459209442138672,0.8765771389007568,-5.360053539276123
1710535005408123557,8.314310073852539,0.8717871308326721,-5.646258354187012
1710535005420627787,8.289162635803223,0.706530749797821,-5.4534592628479
1710535005448111330,8.493936538696289,0.4586462378501892,-5.085824012756348
1710535005462666702,8.291557312011719,0.13771362602710724,-5.606740951538086
1710535005466889085,8.388555526733398,0.2981799244880676,-5.510940074920654
1710535005502634873,8.338260650634766,0.5963598489761353,-5.175637245178223
1710535005506779244,8.51668930053711,0.8729846477508545,-5.466631889343262
1710535005536405503,8.455615997314453,0.26584717631340027,-5.495372295379639
1710535005568143621,8.21731185913086,0.32213011384010315,-5.65104866027832
1710535005606181512,8.333470344543457,0.7616162300109863,-5.952821254730225
1710535005639803324,8.307125091552734,-0.12693603336811066,-5.181624889373779
1710535005648318900,8.254434585571289,0.03233276307582855,-5.607938289642334
1710535005673417013,8.066425323486328,0.6035449504852295,-5.494174957275391
1710535005702988151,8.474776268005371,0.9220825433731079,-5.624703407287598
1710535005722051880,8.18857192993164,0.6622229218482971,-5.649850845336914
1710535005735291012,8.474776268005371,-0.02634521573781967,-5.397176742553711
1710535005766133764,8.441246032714844,0.7089257836341858,-5.48579216003418
1710535005785077042,8.408913612365723,0.5065466165542603,-5.599555492401123
1710535005806044383,8.122708320617676,0.10298583656549454,-5.502557277679443
1710535005812378264,8.448431015014648,0.007185058668255806,-5.696554183959961
1710535005832664363,8.563392639160156,0.5281018018722534,-5.216352462768555
1710535005845716157,8.347840309143066,0.7939489483833313,-5.389991283416748
1710535005873399985,8.305927276611328,0.8526269793510437,-5.719306468963623
1710535005879460239,8.887917518615723,0.8646020293235779,-5.304968357086182
1710535005894500397,8.47956657409668,0.07304809242486954,-5.407954216003418
1710535005919754890,8.504714012145996,0.07065307348966599,-5.210364818572998
1710535005949095287,8.329877853393555,0.9987231492996216,-5.771996974945068
1710535005991211301,8.449628829956055,0.209564208984375,-5.285808086395264
1710535005999402227,8.291557312011719,-0.004790039267390966,-5.502557277679443
1710535006018476081,8.351432800292969,0.4885839819908142,-5.300178050994873
1710535006060584360,8.219707489013672,1.122066617012024,-5.549260139465332
1710535006064502599,8.3921480178833,0.9065148830413818,-5.600753307342529
1710535006094173176,8.455615997314453,-0.04191284254193306,-5.321733474731445
1710535006122622738,8.252039909362793,0.6634204387664795,-5.65104866027832
1710535006144867493,7.987390041351318,0.6658154129981995,-5.65104866027832
1710535006171980381,8.653205871582031,0.9412426948547363,-4.396058559417725
1710535006173734266,8.653205871582031,0.9412426948547363,-4.396058559417725
1710535006190521422,8.158634185791016,-0.22872436046600342,-5.871390342712402
1710535006197221905,8.256830215454102,-0.08382568508386612,-6.161187648773193
1710535006224803136,8.600515365600586,0.9196875095367432,-5.290597915649414
1710535006272696948,8.252039909362793,0.0,-5.354066371917725
1710535006329761873,8.5023193359375,1.0154882669448853,-5.167254447937012
1710535006334016972,8.14306640625,0.22632934153079987,-5.540877819061279
1710535006357105447,8.652008056640625,0.049097899347543716,-5.27383279800415
1710535006376080688,8.36819839477539,0.7268884181976318,-5.297783374786377
1710535006401063256,8.2532377243042,0.8789721727371216,-5.6282958984375
1710535006416068250,8.198151588439941,1.003513216972351,-5.697751522064209
1710535006449614995,8.566985130310059,0.9663903713226318,-5.345683574676514
1710535006466421046,8.344247817993164,-0.08143066614866257,-5.362448692321777
1710535006478915678,8.363408088684082,0.3041674792766571,-5.404361724853516
1710535006493486504,8.304730415344238,0.9891430735588074,-5.536087512969971
1710535006512546748,8.195756912231445,0.9208850264549255,-5.621110916137695
1710535006542116152,8.316705703735352,-0.021555176004767418,-5.446274280548096
1710535006558923438,8.316705703735352,-0.021555176004767418,-5.446274280548096
1710535006581941140,8.365802764892578,0.688568115234375,-5.14450216293335
1710535006592429252,8.598119735717773,1.0166858434677124,-5.14450216293335
1710535006621917018,8.310717582702637,0.41673338413238525,-5.682183742523193
1710535006638587104,8.598119735717773,-0.022752685472369194,-5.055886268615723
1710535006662034427,8.401728630065918,0.31135255098342896,-5.587580680847168
1710535006685306030,7.893984317779541,0.748443603515625,-5.846242904663086
1710535006737982912,8.268804550170898,0.6059399247169495,-5.354066371917725
1710535006758880917,8.828042030334473,1.2645703554153442,-4.951703071594238
1710535006775723185,8.329877853393555,1.0130932331085205,-5.464237213134766
1710535006790475508,8.267607688903809,1.0645861625671387,-5.555247783660889
1710535006843082301,8.159832000732422,0.28141480684280396,-5.677393913269043
1710535006847810833,8.208929061889648,0.7244933843612671,-5.558840274810791
1710535006853576740,8.80169677734375,1.0765613317489624,-5.301375865936279
1710535006870288363,8.399333953857422,0.8490344285964966,-5.348078727722168
1710535006895655947,8.182583808898926,0.1197509765625,-5.840255260467529
1710535006914597772,8.329877853393555,-0.002395019633695483,-5.241500377655029
1710535006956613302,8.347840309143066,0.6921606659889221,-5.491779804229736
1710535006962872291,8.213719367980957,1.0202783346176147,-5.750442028045654
1710535006973529610,8.377778053283691,1.0741662979125977,-5.440286636352539
1710535006988177439,8.361013412475586,0.0059875487349927425,-5.314548492431641
1710535007009268700,8.383766174316406,0.10298583656549454,-5.346880912780762
1710535007033364798,8.383766174316406,0.10298583656549454,-5.346880912780762
1710535007053279766,8.247249603271484,0.9927356243133545,-5.689368724822998
1710535007080859031,8.703500747680664,0.14370116591453552,-5.134922027587891
1710535007103886574,8.358617782592773,0.02634521573781967,-5.666616439819336
1710535007137745679,8.232879638671875,0.7819738984107971,-5.601950645446777
1710535007152331816,8.388555526733398,0.2251318395137787,-5.360053539276123
1710535007158755860,8.41969108581543,-0.04191284254193306,-5.394781589508057
1710535007164942627,8.63644027709961,0.025147704407572746,-5.095404148101807
1710535007185952846,8.393345832824707,0.16046631336212158,-5.322930812835693
1710535007202645634,8.393345832824707,0.16046631336212158,-5.489384651184082
1710535007206985371,8.190966606140137,0.5676196217536926,-5.469027042388916
1710535007221781680,8.553812026977539,0.9089099168777466,-6.046226978302002
1710535007246889286,8.132288932800293,0.6011499166488647,-4.63316535949707
1710535007259578729,9.378896713256836,0.5376818776130676,-4.379293441772461
1710535007270229777,8.131091117858887,-0.4778063893318176,-5.672603607177734
1710535007287225313,8.192164421081543,0.8286767601966858,-6.030659198760986
1710535007303963475,8.384963035583496,1.071771264076233,-5.057083606719971
1710535007312317978,8.81127643585205,1.1292517185211182,-5.060676097869873
1710535007331373078,8.07361125946045,0.9412426948547363,-5.611530780792236
1710535007347886416,8.475974082946777,0.2885998487472534,-5.48579216003418
1710535007381926243,8.434061050415039,-0.03592529147863388,-5.624703407287598
1710535007390373864,8.141868591308594,0.25746458768844604,-5.664221286773682
1710535007419724616,8.434061050415039,0.7197033762931824,-5.398374080657959
1710535007436479704,8.349038124084473,0.29219236969947815,-5.874982833862305
1710535007438528721,8.22569465637207,-0.2191442847251892,-5.557642936706543
1710535007459684652,8.243657112121582,-0.17962646484375,-5.387596607208252
1710535007474191869,8.837621688842773,0.32093262672424316,-5.064268589019775
1710535007493288423,8.298742294311523,1.0166858434677124,-5.483397006988525
1710535007508039394,8.638835906982422,0.790356457233429,-5.230722427368164
1710535007531060154,8.369396209716797,-0.18800903856754303,-5.51333475112915
1710535007571598144,8.413703918457031,-0.1245410144329071,-5.416336536407471
1710535007575331713,8.600515365600586,0.33650025725364685,-5.157674789428711
1710535007583646602,8.414900779724121,0.9711804389953613,-5.494174957275391
1710535007602723131,8.214917182922363,0.8490344285964966,-5.908513069152832
1710535007613155645,8.340655326843262,0.5963598489761353,-5.249882698059082
1710535007646393465,8.7322416305542,0.4478686451911926,-5.010380744934082
1710535007671694577,8.281977653503418,0.6921606659889221,-5.187612533569336
1710535007684418092,8.600515365600586,1.038240909576416,-5.18641471862793
1710535007709358867,8.388555526733398,0.11735595762729645,-5.486989974975586
1710535007730726384,8.47956657409668,0.149688720703125,-5.131329536437988
1710535007755567251,8.230484962463379,0.43230101466178894,-5.508544921875
1710535007782896394,8.255632400512695,0.4203259348869324,-5.470224380493164
1710535007808359400,8.255632400512695,0.4203259348869324,-5.470224380493164
1710535007814256617,9.061556816101074,0.34248778223991394,-4.380490779876709
1710535007843887639,8.266409873962402,0.6095324754714966,-5.885760307312012
1710535007868957280,8.410111427307129,1.3424084186553955,-5.270240306854248
1710535007921608922,8.286767959594727,0.3987707495689392,-5.582790374755859
1710535007923769473,8.630453109741211,0.22273682057857513,-5.076243877410889
1710535007968091168,8.509504318237305,1.2346326112747192,-5.364843845367432
1710535007982647921,8.219707489013672,-0.3041674792766571,-5.452261924743652
1710535008010091710,8.66757583618164,0.03592529147863388,-5.127737045288086
1710535008020502312,8.281977653503418,0.9232800006866455,-5.8031325340271
1710535008056152310,8.6220703125,0.8298742771148682,-5.289400577545166
1710535008106690612,8.416098594665527,-0.16884887218475342,-5.342091083526611
1710535008110762682,8.416098594665527,-0.09580077975988388,-5.458249568939209
1710535008132095596,8.623268127441406,0.10777588188648224,-5.252277851104736
1710535008140261013,8.30832290649414,0.7735912799835205,-5.433101654052734
1710535008163497594,8.331075668334961,0.5939648151397705,-5.434299468994141
1710535008194927223,8.344247817993164,0.10059081763029099,-5.430706977844238
1710535008211803546,8.6316499710083,0.9424402117729187,-5.29179573059082
1710535008216022633,8.243657112121582,0.8322693109512329,-5.397176742553711
1710535008234961297,8.361013412475586,0.44068360328674316,-5.500162124633789
1710535008253283054,8.355025291442871,0.2682421803474426,-5.534890174865723
1710535008284905677,8.2532377243042,0.449066162109375,-5.667813777923584
1710535008297337176,8.3921480178833,0.6789880394935608,-5.690566539764404
1710535008301598277,8.395740509033203,0.8418493866920471,-6.290518760681152
1710535008328387924,8.41969108581543,0.6730005145072937,-6.183940410614014
1710535008351204233,7.882009506225586,-0.41912841796875,-6.090534687042236
1710535008366151508,8.305927276611328,0.15088623762130737,-6.251000881195068
1710535008383120631,7.929909706115723,0.850231945514679,-5.439089298248291
1710535008412581334,8.902287483215332,1.2238550186157227,-5.360053539276123
1710535008441966074,8.271200180053711,0.808319091796875,-5.649850845336914
1710535008454406423,8.643625259399414,-0.06706054508686066,-5.308560848236084
1710535008463496236,8.517887115478516,0.07424560189247131,-5.536087512969971
1710535008475591889,8.316705703735352,0.6310876607894897,-5.464237213134766
1710535008484241348,8.65919303894043,1.1100915670394897,-5.08941650390625
1710535008519903472,8.382568359375,0.4885839819908142,-5.750442028045654
1710535008540988452,8.10594367980957,-0.11136841028928757,-5.597160816192627
1710535008560118824,8.608898162841797,0.40116578340530396,-5.010380744934082
1710535008589397536,8.204139709472656,0.8298742771148682,-5.516927719116211
1710535008602255247,8.593330383300781,0.766406238079071,-5.290597915649414
1710535008634006043,8.458011627197266,0.6310876607894897,-5.206772327423096
1710535008637805856,8.356223106384277,-0.010777588002383709,-5.398374080657959
1710535008652899100,8.646020889282227,0.39637574553489685,-5.228327751159668
1710535008688465048,8.328680038452148,0.5137317180633545,-5.455854415893555
1710535008701069672,8.628057479858398,0.4945715367794037,-5.033133506774902
1710535008736857066,8.250842094421387,0.09699828922748566,-5.429509162902832
1710535008760088286,8.304730415344238,0.8430469036102295,-5.175637245178223
1710535008766460209,8.298742294311523,0.6262975931167603,-5.756429672241211
1710535008802082290,8.274792671203613,0.38200560212135315,-5.721701622009277
1710535008816807769,8.668773651123047,0.22872436046600342,-5.030738353729248
1710535008831445572,8.329877853393555,0.3748205602169037,-5.629493236541748
1710535008858513008,8.329877853393555,0.3748205602169037,-5.629493236541748
1710535008862920302,8.314310073852539,0.6251000761985779,-5.600753307342529
1710535008882053488,8.897497177124023,0.7987390160560608,-4.145778656005859
1710535008900728235,8.64482307434082,0.09699828922748566,-4.308640003204346
1710535008928360988,8.323890686035156,0.002395019633695483,-6.376739501953125
1710535008943035714,8.293952941894531,1.167572021484375,-5.427114486694336
1710535008974624729,8.406518936157227,0.2299218773841858,-5.554050445556641
1710535008985218382,8.161028861999512,0.5221142768859863,-4.922962665557861
1710535009006357981,8.637638092041016,1.0741662979125977,-4.681065559387207
1710535009054402849,8.352630615234375,0.16884887218475342,-5.89055061340332
1710535009126236379,8.846004486083984,0.11376342922449112,-5.198390007019043
1710535009178584065,8.243657112121582,0.508941650390625,-6.228248119354248
1710535009232023184,8.440049171447754,0.4802014231681824,-5.277425765991211
1710535009245924082,8.440049171447754,0.4802014231681824,-5.277425765991211
1710535009319907112,8.6220703125,0.6430627703666687,-5.116959095001221
1710535009340519253,8.505911827087402,0.27662476897239685,-5.360053539276123
1710535009378185761,8.546627044677734,0.09101074188947678,-5.395978927612305
1710535009395045873,8.39693832397461,0.5316943526268005,-5.755231857299805
1710535009418161169,8.059240341186523,0.5616320967674255,-5.809119701385498
1710535009432241460,8.740623474121094,0.9041198492050171,-4.602029800415039
1710535009483243198,8.446036338806152,-0.2742297351360321,-6.605463981628418
1710535009500059130,8.861572265625,1.0585986375808716,-4.711003303527832
1710535009523258706,8.57177448272705,0.7915539741516113,-5.658233642578125
1710535009550456927,8.020920753479004,-0.05748046934604645,-6.028264045715332
1710535009580153110,8.586145401000977,0.8430469036102295,-5.152884483337402
1710535009634559611,8.273594856262207,0.05388794094324112,-5.490582466125488
1710535009670474553,8.297545433044434,1.0154882669448853,-5.445076942443848
1710535009744904154,8.481961250305176,0.5748046636581421,-5.170846939086914
1710535009763888642,8.481961250305176,0.5748046636581421,-5.170846939086914
1710535009786985700,8.176596641540527,0.7244933843612671,-5.77079963684082
1710535009816208432,8.436456680297852,0.25147706270217896,-5.275030612945557
1710535009845836807,8.472381591796875,0.5795947313308716,-5.387596607208252
1710535009915152919,8.654402732849121,0.44188109040260315,-5.169649600982666
1710535009919423775,8.443641662597656,0.6310876607894897,-5.227129936218262
1710535009946850890,8.765771865844727,0.6191125512123108,-6.067781925201416
1710535009971954417,8.096363067626953,0.4502636790275574,-5.65104866027832
1710535010002878599,9.035211563110352,0.7101233005523682,-4.234394550323486
1710535010055308657,8.520281791687012,1.131646752357483,-5.163661956787109
1710535010070229530,8.39693832397461,0.6670129299163818,-5.336103439331055
1710535010118378777,8.371790885925293,0.09220825135707855,-5.332510948181152
1710535010122479033,8.371790885925293,0.09220825135707855,-5.332510948181152
1710535010143656462,8.122708320617676,0.670605480670929,-5.569617748260498
1710535010149984215,8.29994010925293,0.2502795457839966,-5.348078727722168
1710535010177355371,8.477171897888184,0.3796105980873108,-5.265450477600098
1710535010202339707,8.513096809387207,0.31135255098342896,-5.292993068695068
1710535010242067140,8.471183776855469,0.7520361542701721,-5.307363510131836
1710535010266916441,8.343050956726074,0.26225462555885315,-5.457052230834961
1710535010315312187,8.320298194885254,0.5855822563171387,-5.488187313079834
1710535010342745207,8.4927396774292,0.5939648151397705,-5.282215595245361
1710535010374179491,8.484356880187988,0.32213011384010315,-5.275030612945557
1710535010389003704,8.363408088684082,0.5005590915679932,-5.430706977844238
1710535010405685923,8.331075668334961,0.8574169874191284,-5.452261924743652
1710535010412224836,8.355025291442871,0.7544311285018921,-5.407954216003418
1710535010433571943,8.51668930053711,0.23590941727161407,-5.337301254272461
1710535010443505887,8.327483177185059,0.1197509765625,-5.497767448425293
1710535010464689417,8.400530815124512,0.2933898866176605,-5.382806301116943
1710535010473390406,8.416098594665527,0.730480968952179,-5.403163909912109
1710535010527946701,7.907156944274902,0.47660887241363525,-5.579197883605957
1710535010549062499,8.486751556396484,-0.14370116591453552,-5.301375865936279
1710535010563603503,8.162226676940918,0.33290770649909973,-6.158792495727539
1710535010574190421,8.560997009277344,0.9268725514411926,-5.064268589019775
1710535010607799118,8.109536170959473,0.4993615746498108,-5.564827919006348
1710535010624752205,8.307125091552734,0.2802172899246216,-5.680986404418945
1710535010656153140,8.54782485961914,1.0945239067077637,-5.234315395355225
1710535010677073493,8.523874282836914,0.38559815287590027,-5.578000545501709
1710535010685462976,8.402926445007324,0.32213011384010315,-5.459446907043457
1710535010702219978,8.454419136047363,0.4179309010505676,-5.137316703796387
1710535010723057014,8.513096809387207,0.45146119594573975,-5.230722427368164
1710535010733606083,8.380173683166504,0.39278319478034973,-5.434299468994141
1710535010756830193,8.471183776855469,1.0262658596038818,-5.346880912780762
1710535010780091313,8.570577621459961,0.6191125512123108,-5.340893745422363
1710535010794708008,8.474776268005371,0.4287084937095642,-5.342091083526611
1710535010811364070,8.519084930419922,0.08382568508386612,-5.310956001281738
1710535010832259640,8.570577621459961,0.38080811500549316,-5.257067680358887
1710535010849219669,8.471183776855469,0.8143066167831421,-5.460644721984863
1710535010868247602,8.394543647766113,0.5496569871902466,-5.39358377456665
1710535010893536631,8.490344047546387,0.616717517375946,-5.271438121795654
1710535010901763494,8.438851356506348,0.48259642720222473,-5.287005424499512
1710535010910186621,8.5118989944458,0.3688330054283142,-5.249882698059082
1710535010960817531,8.436456680297852,0.8418493866920471,-5.527705192565918
1710535010983873928,8.412506103515625,0.41912841796875,-5.297783374786377
1710535010994407225,8.376581192016602,0.30656251311302185,-5.482199668884277
1710535011027721285,8.376581192016602,0.30656251311302185,-5.482199668884277
1710535011063660558,7.883206844329834,0.4299060106277466,-5.234315395355225
1710535011072244676,8.832832336425781,0.5951623320579529,-4.181704044342041
1710535011099267710,8.145461082458496,0.3580554127693176,-6.001918792724609
1710535011126655218,8.310717582702637,0.5520520210266113,-5.909710884094238
1710535011154077414,8.569379806518555,0.8813672065734863,-5.15408182144165
1710535011195904573,8.381370544433594,0.65863037109375,-5.219944953918457
1710535011223111312,8.769364356994629,1.098116397857666,-5.119354248046875
1710535011246387851,8.295149803161621,0.9005273580551147,-5.473817348480225
1710535011288580372,8.453221321105957,0.4694238305091858,-5.184019565582275
1710535011294660630,8.443641662597656,0.5580395460128784,-5.437891960144043
1710535011313646148,8.478368759155273,1.1005114316940308,-5.24629020690918
1710535011332465477,8.358617782592773,1.0526111125946045,-5.313350677490234
1710535011347277898,8.41969108581543,0.09939330816268921,-5.364843845367432
1710535011370462248,8.56219482421875,0.26584717631340027,-5.219944953918457
1710535011399686692,8.460406303405762,0.760418713092804,-5.279820442199707
1710535011405893996,8.390951156616211,0.8693920969963074,-5.582790374755859
1710535011433151655,8.364605903625488,0.5065466165542603,-5.409151554107666
1710535011471011953,8.42807388305664,0.5652245879173279,-5.314548492431641
1710535011515333871,8.520281791687012,0.6047424077987671,-5.20916748046875
1710535011532132864,8.517887115478516,0.3700305223464966,-5.236710071563721
1710535011550874236,8.327483177185059,0.18202148377895355,-5.442681789398193
1710535011559325380,8.414900779724121,0.3688330054283142,-5.392386436462402
1710535011578156790,8.535849571228027,0.6610254049301147,-5.276227951049805
1710535011588494466,7.799381256103516,0.42272093892097473,-5.66541862487793
1710535011617775470,8.541836738586426,0.6334826946258545,-5.279820442199707
1710535011638849424,8.750204086303711,0.7244933843612671,-4.15416145324707
1710535011674924158,8.915460586547852,1.0154882669448853,-4.902605056762695
1710535011687671217,8.841214179992676,0.8143066167831421,-5.132526874542236
1710535011761110338,8.34544563293457,0.058677978813648224,-5.133724212646484
1710535011801109419,8.437653541564941,0.3580554127693176,-5.218747615814209
1710535011819916730,8.317902565002441,0.3137475550174713,-5.557642936706543
1710535011851195354,8.361013412475586,1.1400293111801147,-5.389991283416748
1710535011878791003,8.531059265136719,0.5963598489761353,-5.272635459899902
1710535011885280416,8.508306503295898,0.3053649961948395,-5.373226165771484
1710535011903863367,8.349038124084473,0.18800903856754303,-5.409151554107666
1710535011924900805,8.493936538696289,0.17723144590854645,-5.294190883636475
1710535011956435120,8.449628829956055,0.7268884181976318,-5.41154670715332
1710535011964914249,8.304730415344238,0.5185217261314392,-5.53129768371582
1710535011992243779,8.383766174316406,0.6622229218482971,-5.38400411605835
1710535012019616829,8.410111427307129,0.5855822563171387,-5.427114486694336
1710535012034080821,8.463998794555664,0.7735912799835205,-5.331313610076904
1710535012042439782,8.320298194885254,0.7951464653015137,-5.519322395324707
1710535012063644936,8.423283576965332,0.6957531571388245,-5.423521518707275
1710535012093028879,8.54782485961914,0.43589356541633606,-5.199587345123291
1710535012105690358,8.472381591796875,0.6262975931167603,-5.193599700927734
1710535012120321053,8.478368759155273,0.6262975931167603,-5.78516960144043
1710535012137163715,8.596922874450684,0.5999523997306824,-6.029461860656738
1710535012156175860,8.323890686035156,0.47062134742736816,-5.676196098327637
1710535012168731314,8.720266342163086,0.9352551102638245,-4.440366268157959
1710535012185487561,8.010143280029297,0.08622070401906967,-4.993615627288818
1710535012221198010,9.322613716125488,1.0106981992721558,-5.407954216003418
1710535012231453290,8.473579406738281,0.8382568359375,-5.836662769317627
1710535012244338843,8.222102165222168,0.8849596977233887,-5.556445121765137
1710535012256858120,8.29994010925293,0.3281176686286926,-5.4438796043396
1710535012299085397,8.577762603759766,0.19878661632537842,-5.270240306854248
1710535012332702663,8.333470344543457,0.6394702196121216,-5.461842060089111
1710535012342990174,8.59931755065918,0.46583130955696106,-5.389991283416748
1710535012383071085,8.515491485595703,0.22153930366039276,-5.249882698059082
1710535012412545494,8.361013412475586,0.8945397734642029,-5.362448692321777
1710535012418825305,8.498726844787598,0.9771679639816284,-5.327721118927002
1710535012456635557,8.400530815124512,0.12693603336811066,-5.464237213134766
1710535012460903149,8.527466773986816,0.23111937940120697,-5.228327751159668
1710535012527987166,8.5118989944458,0.7987390160560608,-5.455854415893555
1710535012551585317,8.497529029846191,0.4083508253097534,-5.265450477600098
1710535012574092344,8.374185562133789,0.5556445121765137,-5.343288421630859
1710535012578318326,8.344247817993164,0.850231945514679,-5.509742259979248
1710535012605592207,8.388555526733398,0.6622229218482971,-5.342091083526611
1710535012616310583,8.475974082946777,0.17842894792556763,-5.296585559844971
1710535012634991221,8.486751556396484,0.5364843606948853,-5.378016471862793
1710535012643426500,8.380173683166504,0.6442602276802063,-5.206772327423096
1710535012668653285,8.717870712280273,0.7795788645744324,-5.99233865737915
1710535012689798461,8.504714012145996,0.6909631490707397,-5.192402362823486
1710535012746587722,8.762179374694824,0.9987231492996216,-4.254752159118652
1710535012767593341,8.469986915588379,0.7951464653015137,-4.853507041931152
1710535012786631397,8.595725059509277,0.6897656321525574,-5.48579216003418
1710535012811661382,8.173004150390625,0.41194334626197815,-5.682183742523193
1710535012831454334,8.608898162841797,0.4742138683795929,-5.039121150970459
1710535012856078973,8.443641662597656,0.7640112042427063,-5.433101654052734
1710535012874889048,8.189769744873047,0.6945556402206421,-5.555247783660889
1710535012896059829,8.555009841918945,0.48259642720222473,-5.313350677490234
1710535012919261154,8.507109642028809,0.2490820288658142,-5.205574989318848
1710535012940375413,8.39693832397461,0.31614258885383606,-5.348078727722168
1710535012954892700,8.425678253173828,0.6753954887390137,-5.355263710021973
1710535013007351329,8.588540077209473,0.4538561999797821,-5.166057109832764
1710535013038708387,8.358617782592773,0.5676196217536926,-5.349276065826416
1710535013057866041,8.484356880187988,0.628692626953125,-5.24629020690918
1710535013074511068,8.412506103515625,0.5580395460128784,-5.422324180603027
1710535013099792954,8.522677421569824,0.3688330054283142,-5.201982498168945
1710535013120998916,8.5118989944458,0.6670129299163818,-5.182822227478027
1710535013135414732,8.33706283569336,0.8418493866920471,-5.521717548370361
1710535013163140527,8.436456680297852,0.2838098108768463,-5.389991283416748
1710535013198663064,8.5118989944458,0.27782225608825684,-5.356461048126221
1710535013249395452,7.928712368011475,0.6789880394935608,-5.477409839630127
1710535013302107433,8.219707489013672,0.4382885694503784,-5.267845630645752
1710535013327493068,8.880732536315918,0.7831714153289795,-5.198390007019043
1710535013356435210,8.541836738586426,1.1148816347122192,-4.833149433135986
1710535013360640770,8.648415565490723,0.8382568359375,-5.3241286277771
1710535013373352693,8.328680038452148,0.03951782360672951,-5.259462833404541
1710535013390024678,8.710685729980469,0.32692015171051025,-5.012775897979736
1710535013404758722,8.317902565002441,0.6574328541755676,-5.463039398193359
1710535013419442756,8.5118989944458,0.35206785798072815,-5.489384651184082
1710535013461491416,8.531059265136719,0.5640270709991455,-5.191205024719238
1710535013491000445,8.422085762023926,0.6394702196121216,-5.399571418762207
1710535013507849697,8.57656478881836,0.9795629978179932,-5.155279636383057
1710535013522743634,8.395740509033203,0.32692015171051025,-5.331313610076904
1710535013543505668,8.453221321105957,0.27662476897239685,-5.406756401062012
1710535013575143516,8.33706283569336,0.6861730813980103,-5.281018257141113
1710535013593895023,8.33706283569336,0.6861730813980103,-5.281018257141113
1710535013604465857,8.408913612365723,0.4730163514614105,-5.349276065826416
1710535013635924980,8.353828430175781,0.5436694622039795,-5.278623104095459
1710535013690844538,8.486751556396484,0.6143224835395813,-5.373226165771484
1710535013718128170,8.589737892150879,0.30776000022888184,-5.287005424499512
1710535013747974847,8.429271697998047,0.5316943526268005,-5.225932598114014
1710535013785391277,8.557404518127441,0.5951623320579529,-6.296506404876709
1710535013831485132,7.836503982543945,0.12334350496530533,-5.861810207366943
1710535013842084088,8.42807388305664,0.09939330816268921,-6.431825160980225
1710535013867343647,8.515491485595703,0.7867639064788818,-5.061873912811279
1710535013888453074,8.158634185791016,0.8813672065734863,-5.636678695678711
1710535013932569613,8.486751556396484,0.4802014231681824,-5.399571418762207
1710535013949235935,8.490344047546387,0.6562353372573853,-5.442681789398193
1710535013981507318,8.496332168579102,0.7029382586479187,-5.310956001281738
1710535013993572550,8.679551124572754,0.41074585914611816,-5.212759971618652
1710535013997824481,8.358617782592773,0.21794678270816803,-5.260660171508789
1710535014030972305,8.29994010925293,0.8107141256332397,-5.436694145202637
1710535014081982371,8.5118989944458,0.9352551102638245,-5.294190883636475
1710535014119606654,8.620872497558594,0.4239184558391571,-5.251080513000488
1710535014149351305,8.507109642028809,0.5748046636581421,-5.217550277709961
1710535014172390649,8.335865020751953,0.5748046636581421,-5.339695930480957
1710535014191302026,8.493936538696289,0.49696654081344604,-5.348078727722168
1710535014203941027,8.582552909851074,0.5340893268585205,-5.113366603851318
1710535014220705229,8.543034553527832,0.6322851777076721,-5.4438796043396
1710535014256347969,8.388555526733398,0.47541138529777527,-5.240302562713623
1710535014275095391,8.467591285705566,0.4203259348869324,-5.484594821929932
1710535014348979983,8.458011627197266,0.4945715367794037,-6.307283878326416
1710535014374205961,8.135881423950195,0.17723144590854645,-5.554050445556641
1710535014451809413,8.414900779724121,0.28261229395866394,-5.363646030426025
1710535014514826932,8.523874282836914,0.3532653748989105,-5.587580680847168
1710535014529598298,8.75619125366211,0.6071374416351318,-5.181624889373779
1710535014540114897,8.420888900756836,0.5257067680358887,-5.081033706665039
1710535014588506961,8.566985130310059,0.7735912799835205,-5.345683574676514
1710535014605302958,8.533454895019531,0.5628296136856079,-5.340893745422363
1710535014619777996,8.47956657409668,0.1892065405845642,-5.346880912780762
1710535014632390831,8.650810241699219,0.4083508253097534,-5.121749401092529
1710535014674442920,8.399333953857422,0.5831872820854187,-5.297783374786377
1710535014693338821,8.43286418914795,0.6574328541755676,-5.519322395324707
1710535014712262946,8.349038124084473,0.6897656321525574,-5.352868556976318
1710535014737555618,8.430468559265137,0.4933740198612213,-5.137316703796387
1710535014762986079,8.302334785461426,0.7101233005523682,-5.442681789398193
1710535014792217826,8.504714012145996,0.640667736530304,-5.424719333648682
1710535014819604418,8.243657112121582,0.37721556425094604,-5.492977142333984
1710535014849120688,8.624464988708496,0.47541138529777527,-5.124144077301025
1710535014863575532,8.309520721435547,0.5185217261314392,-5.642665863037109
1710535014884833975,8.091573715209961,0.4239184558391571,-5.540877819061279
1710535014907821089,8.744215965270996,1.0657837390899658,-3.992497444152832
1710535014949835305,8.729846000671387,0.9029223918914795,-4.642745494842529
1710535014970765603,8.303532600402832,0.4251159727573395,-5.412744045257568
1710535014985489812,8.602910041809082,0.08622070401906967,-5.26904296875
1710535014998156817,8.565787315368652,0.14250366389751434,-4.976850509643555
1710535015014992905,8.462801933288574,0.3700305223464966,-5.362448692321777
1710535015078060387,8.402926445007324,0.33290770649909973,-5.506149768829346
1710535015084254431,8.632847785949707,0.5855822563171387,-5.173242092132568
1710535015098888545,8.543034553527832,0.46104127168655396,-5.235512733459473
1710535015117964665,8.517887115478516,0.6777905225753784,-5.322930812835693
1710535015130444875,8.517887115478516,0.6777905225753784,-5.322930812835693
1710535015143089060,8.393345832824707,0.7927514910697937,-5.26425313949585
1710535015185083393,8.453221321105957,0.35087037086486816,-5.423521518707275
1710535015243738693,8.357420921325684,0.449066162109375,-5.319338321685791
1710535015256467385,8.377778053283691,0.808319091796875,-5.278623104095459
1710535015294285642,8.531059265136719,0.49696654081344604,-5.301375865936279
1710535015321877739,8.45202350616455,0.389190673828125,-5.3241286277771
1710535015353425883,8.657995223999023,0.616717517375946,-5.192402362823486
1710535015357441985,8.271200180053711,0.5173242092132568,-5.47142219543457
1710535015382881269,8.605304718017578,0.4981640577316284,-5.025948524475098
1710535015403868252,8.159832000732422,0.4095483422279358,-6.290518760681152
1710535015422792327,8.183781623840332,0.26225462555885315,-6.01030158996582
1710535015433109623,8.207732200622559,0.5628296136856079,-4.804409027099609
1710535015460669669,9.338181495666504,0.9927356243133545,-4.202061653137207
1710535015494550155,8.604107856750488,0.6203100681304932,-4.749323844909668
1710535015498651992,7.892786979675293,0.003592529334127903,-6.375542163848877
1710535015530514568,8.434061050415039,0.856219470500946,-5.707331657409668
1710535015542903516,8.52507209777832,0.18082398176193237,-5.340893745422363
1710535015568148922,8.697513580322266,-0.011975097469985485,-5.065466403961182
1710535015597529469,8.423283576965332,0.11376342922449112,-5.191205024719238
1710535015601634652,8.632847785949707,0.5616320967674255,-5.394781589508057
1710535015633132445,8.545429229736328,0.6526428461074829,-5.319338321685791
1710535015671124931,8.260422706604004,0.4849914610385895,-5.492977142333984
1710535015692109908,8.505911827087402,0.7101233005523682,-5.316943168640137
1710535015717455270,8.557404518127441,0.2945874035358429,-5.308560848236084
1710535015734012934,8.384963035583496,0.31734007596969604,-5.162464618682861
1710535015740465321,8.389753341674805,0.5843847393989563,-5.338498592376709
1710535015748886216,8.350235939025879,0.6526428461074829,-5.457052230834961
1710535015774171535,8.515491485595703,0.5544469952583313,-5.373226165771484
1710535015807759295,8.394543647766113,0.5915698409080505,-5.261857986450195
1710535015824640471,8.493936538696289,0.40116578340530396,-5.190007209777832
1710535015883523936,8.656798362731934,0.4897814989089966,-5.078639030456543
1710535015898346500,8.486751556396484,0.3592529296875,-5.469027042388916
1710535015906681223,8.304730415344238,0.37122803926467896,-5.466631889343262
1710535015923867513,8.304730415344238,0.37122803926467896,-5.321733474731445
1710535015935831892,8.593330383300781,0.5125342011451721,-5.021158218383789
1710535015948499006,8.635242462158203,0.568817138671875,-5.540877819061279
1710535016015692662,8.384963035583496,0.28620484471321106,-5.255870342254639
1710535016032644699,8.566985130310059,0.7125183343887329,-4.865482330322266
1710535016049280727,8.929830551147461,0.8945397734642029,-4.737348556518555
1710535016063961840,8.395740509033203,1.087338924407959,-5.116959095001221
1710535016124799210,8.447234153747559,0.22034180164337158,-5.229525089263916
1710535016128994781,8.182583808898926,0.7640112042427063,-5.350473403930664
1710535016166994965,8.353828430175781,0.29219236969947815,-5.407954216003418
1710535016213188964,8.153843879699707,0.4538561999797821,-5.239105224609375
1710535016221548819,8.440049171447754,0.7352709770202637,-5.190007209777832
1710535016236238084,8.53944206237793,0.4993615746498108,-5.5732102394104
1710535016252973614,8.346643447875977,0.5963598489761353,-5.195994853973389
1710535016267787998,8.663983345031738,0.4945715367794037,-5.06666374206543
1710535016284568173,8.660390853881836,0.32213011384010315,-5.288203239440918
1710535016293544289,8.317902565002441,0.5700146555900574,-5.617518424987793
1710535016310040988,8.400530815124512,0.7197033762931824,-5.288203239440918
1710535016333160599,8.43286418914795,0.6741979718208313,-5.288203239440918
1710535016360367190,8.590934753417969,0.6059399247169495,-5.322930812835693
1710535016383367350,8.777746200561523,0.5879772901535034,-5.02475118637085
1710535016398090592,8.544232368469238,0.6334826946258545,-5.431904315948486
1710535016414920535,8.323890686035156,0.640667736530304,-5.519322395324707
1710535016432706147,8.655600547790527,0.5592370629310608,-5.260660171508789
1710535016457124044,8.663983345031738,0.4131408631801605,-5.181624889373779
1710535016473834009,8.455615997314453,0.5316943526268005,-5.330115795135498
1710535016482332757,8.618477821350098,0.5400769114494324,-5.225932598114014
1710535016505346624,8.480764389038086,0.449066162109375,-5.886958122253418
1710535016537048660,8.881930351257324,1.0885363817214966,-3.993695020675659
1710535016555859773,8.010143280029297,-0.209564208984375,-6.664141654968262
1710535016570665799,8.378975868225098,0.6981481909751892,-4.922962665557861
1710535016579117899,8.972940444946289,0.8598120212554932,-4.64753532409668
1710535016604213414,8.305927276611328,0.4143383800983429,-5.587580680847168
1710535016623069418,8.568181991577148,0.09101074188947678,-5.252277851104736
1710535016640342953,8.623268127441406,0.17723144590854645,-5.169649600982666
1710535016663389022,8.54782485961914,0.5879772901535034,-5.392386436462402
1710535016678165852,8.387358665466309,0.42631348967552185,-5.589975357055664
1710535016697255851,8.643625259399414,0.6131250262260437,-5.288203239440918
1710535016722412815,8.643625259399414,0.6131250262260437,-4.981640815734863
1710535016753851850,8.6316499710083,0.4885839819908142,-5.040318489074707
1710535016757927170,8.563392639160156,0.39158570766448975,-5.452261924743652
1710535016760027011,8.4927396774292,0.3688330054283142,-5.440286636352539
1710535016791669471,8.390951156616211,0.8358618021011353,-5.106181621551514
1710535016827372896,8.660390853881836,0.2191442847251892,-4.999603271484375
1710535016850424614,8.401728630065918,0.8095166087150574,-5.445076942443848
1710535016869265094,8.32269287109375,0.5292993187904358,-5.282215595245361
1710535016911535409,8.344247817993164,0.7568261623382568,-5.309758186340332
1710535016932478746,8.555009841918945,0.5783972144126892,-5.356461048126221
1710535016957849043,8.327483177185059,0.718505859375,-5.410348892211914
1710535016976900800,8.407715797424316,0.8478369116783142,-5.540877819061279
1710535016997705490,8.321495056152344,0.43230101466178894,-5.434299468994141
1710535017010473600,8.387358665466309,0.4346960484981537,-5.303770542144775
1710535017029289822,8.498726844787598,0.5376818776130676,-5.207970142364502
1710535017050398157,8.503517150878906,0.5616320967674255,-6.296506404876709
1710535017058496485,8.086783409118652,0.4598437547683716,-5.986351490020752
1710535017083921851,8.735834121704102,0.9556127786636353,-4.149371147155762
1710535017108950094,8.267607688903809,-0.1353186070919037,-6.453380107879639
1710535017151298307,8.34544563293457,1.0442285537719727,-5.253475189208984
1710535017161718753,8.351432800292969,0.7268884181976318,-5.791157245635986
1710535017182848005,8.351432800292969,0.550854504108429,-5.540877819061279
1710535017209910426,8.544232368469238,0.9268725514411926,-5.100193977355957
1710535017220480805,8.746611595153809,0.6670129299163818,-5.161267280578613
1710535017230862615,8.331075668334961,0.39278319478034973,-5.197192192077637
1710535017302558467,8.261619567871094,0.5951623320579529,-5.362448692321777
1710535017340204807,8.517887115478516,0.6813830733299255,-5.116959095001221
1710535017373914684,8.69631576538086,0.4251159727573395,-5.061873912811279
1710535017382358268,8.444838523864746,0.6119275093078613,-5.2139573097229
1710535017411957652,8.3729887008667,0.5125342011451721,-5.331313610076904
1710535017434962609,8.39693832397461,0.6981481909751892,-5.298980712890625
1710535017443408359,8.581355094909668,0.7340734601020813,-5.346880912780762
1710535017472792743,8.3921480178833,0.3137475550174713,-5.292993068695068
1710535017497574532,8.36819839477539,0.5376818776130676,-5.233117580413818
1710535017503777316,8.626860618591309,0.5724096894264221,-5.316943168640137
1710535017524771536,8.711883544921875,0.49576905369758606,-5.252277851104736
1710535017550458436,8.280779838562012,0.47062134742736816,-5.434299468994141
1710535017575502493,8.517887115478516,0.46104127168655396,-5.201982498168945
1710535017588125019,8.637638092041016,0.46583130955696106,-5.103786468505859
1710535017640774904,8.814868927001953,0.8011340498924255,-4.305047512054443
1710535017661553359,8.340655326843262,0.4047583043575287,-5.321733474731445
1710535017686883641,8.517887115478516,0.8885522484779358,-5.057083606719971
1710535017707853985,8.582552909851074,0.7424560785293579,-5.380411148071289
1710535017720565914,8.211324691772461,0.3245251476764679,-4.986430644989014
1710535017735232411,8.687932968139648,0.28261229395866394,-5.23192024230957
1710535017762651575,8.178991317749023,0.28141480684280396,-5.507347583770752
1710535017783562765,8.447234153747559,0.47541138529777527,-5.455854415893555
1710535017937050337,8.529862403869629,0.4550537168979645,-5.343288421630859
1710535017962286834,8.505911827087402,0.49576905369758606,-5.257067680358887
1710535017981207349,8.369396209716797,0.6550378203392029,-5.321733474731445
1710535017997921495,8.590934753417969,0.6598278880119324,-5.3241286277771
1710535018006278773,8.440049171447754,0.38679563999176025,-5.26904296875
1710535018020995206,8.628057479858398,0.48259642720222473,-5.104984283447266
1710535018039826405,8.594527244567871,0.5760021805763245,-5.289400577545166
1710535018063006650,8.507109642028809,0.6382727026939392,-5.370831489562988
1710535018071426236,8.418493270874023,0.5915698409080505,-5.258265495300293
1710535018088164026,8.565787315368652,0.3580554127693176,-5.292993068695068
1710535018107012041,8.565787315368652,0.3580554127693176,-5.292993068695068
1710535018134470678,8.234077453613281,0.46702879667282104,-5.318140983581543
1710535018149194124,8.799302101135254,1.0226733684539795,-4.230802059173584
1710535018174596724,8.793313980102539,0.9196875095367432,-4.363725662231445
1710535018181002195,8.480764389038086,0.42631348967552185,-5.639073371887207
1710535018222914412,8.338260650634766,0.16645385324954987,-5.931265830993652
1710535018233360620,8.260422706604004,0.4287084937095642,-5.38400411605835
1710535018246350847,8.467591285705566,0.7592211961746216,-5.612728118896484
1710535018281926582,8.116721153259277,0.4143383800983429,-5.316943168640137
1710535018294580509,8.611292839050293,0.6538403034210205,-5.310956001281738
1710535018302864179,8.677155494689941,0.6047424077987671,-5.313350677490234
1710535018326050750,8.53944206237793,0.49097901582717896,-5.249882698059082
1710535018353444240,8.869955062866211,0.5149291753768921,-5.313350677490234
1710535018372341274,8.581355094909668,0.45265868306159973,-5.120551586151123
1710535018376436475,8.551417350769043,0.53887939453125,-5.15408182144165
1710535018391240654,8.60770034790039,0.6131250262260437,-5.310956001281738
1710535018410259230,8.594527244567871,0.7053332328796387,-5.146896839141846
1710535018433220147,8.375383377075195,0.6251000761985779,-5.173242092132568
1710535018447847590,8.375383377075195,0.3185375928878784,-5.184019565582275
1710535018468803314,8.436456680297852,0.45146119594573975,-5.259462833404541
1710535018477216920,8.606502532958984,0.6131250262260437,-5.125341892242432
1710535018481448484,8.406518936157227,0.6682104468345642,-5.258265495300293
1710535018498588147,8.491541862487793,0.4550537168979645,-5.297783374786377
1710535018528014857,8.630453109741211,0.5664221048355103,-5.188809871673584
1710535018536453429,8.440049171447754,0.6095324754714966,-5.23192024230957
1710535018568010478,8.369396209716797,0.5185217261314392,-5.378016471862793
1710535018588991397,8.338260650634766,0.6191125512123108,-5.309758186340332
1710535018612201483,8.652008056640625,0.5448669195175171,-5.272635459899902
1710535018622776060,8.290360450744629,0.49097901582717896,-5.397176742553711
1710535018645727751,8.400530815124512,0.35087037086486816,-5.32891845703125
1710535018664622536,8.532257080078125,0.4993615746498108,-5.192402362823486
1710535018687887715,8.247249603271484,0.5340893268585205,-5.672603607177734
1710535018715532441,8.55261516571045,1.0430309772491455,-4.338577747344971
1710535018731986801,8.980125427246094,0.6203100681304932,-4.834346771240234
1710535018751036285,8.255632400512695,0.03951782360672951,-5.761219501495361
1710535018767747391,8.45202350616455,0.5556445121765137,-5.200784683227539
1710535018776109469,8.842411994934082,0.9089099168777466,-4.853507041931152
1710535018816056367,8.697513580322266,0.688568115234375,-5.556445121765137
1710535018839126623,8.364605903625488,0.7400610446929932,-5.326523303985596
1710535018853866011,8.57656478881836,0.7532336711883545,-5.121749401092529
1710535018877100392,8.555009841918945,0.43589356541633606,-5.368436336517334
1710535018889532611,8.448431015014648,0.48139894008636475,-5.113366603851318
1710535018914864483,8.472381591796875,0.5628296136856079,-5.277425765991211
1710535018923353847,8.434061050415039,0.46223875880241394,-5.197192192077637
1710535018942048525,8.351432800292969,0.6957531571388245,-5.363646030426025
1710535018988390838,8.620872497558594,0.7149133086204529,-5.24629020690918
1710535019013542903,8.459209442138672,0.4442761242389679,-5.247488021850586
1710535019017590169,8.459209442138672,0.4442761242389679,-5.247488021850586
1710535019036643323,8.43286418914795,0.6813830733299255,-5.303770542144775
1710535019066303423,8.570577621459961,0.6442602276802063,-5.254673004150391
1710535019080933240,8.410111427307129,0.586779773235321,-5.302573204040527
1710535019106059794,8.45681381225586,0.5544469952583313,-5.255870342254639
1710535019133479780,8.334668159484863,0.6346801519393921,-5.340893745422363
1710535019194475595,8.646020889282227,0.53887939453125,-5.211562633514404
1710535019215114785,8.531059265136719,0.6730005145072937,-5.346880912780762
1710535019231999580,8.199349403381348,0.5520520210266113,-6.034251689910889
1710535019246772431,8.216114044189453,0.45146119594573975,-5.494174957275391
1710535019276337337,8.598119735717773,0.6119275093078613,-4.848717212677002
1710535019288945879,8.408913612365723,0.508941650390625,-5.035528659820557
1710535019301484879,8.319100379943848,0.24189697206020355,-4.764891147613525
1710535019314121572,8.796906471252441,0.8382568359375,-5.248685359954834
1710535019349744896,8.426876068115234,0.4394860863685608,-4.831952095031738
1710535019367566472,8.40532112121582,0.46702879667282104,-5.312153339385986
1710535019392508986,8.549022674560547,0.5065466165542603,-5.176834583282471
1710535019415690733,8.550219535827637,0.6071374416351318,-5.271438121795654
1710535019423818120,8.364605903625488,0.4981640577316284,-5.560037612915039
1710535019463779285,8.557404518127441,0.5436694622039795,-5.355263710021973
1710535019486976661,8.653205871582031,0.7125183343887329,-5.32891845703125
1710535019507849697,8.475974082946777,0.8095166087150574,-5.140909194946289
1710535019527033228,8.566985130310059,0.5927673578262329,-5.05229377746582
1710535019539655344,8.449628829956055,0.32213011384010315,-5.287005424499512
1710535019579596340,8.434061050415039,0.5448669195175171,-5.173242092132568
1710535019599070207,8.400530815124512,0.5245092511177063,-5.379213809967041
1710535019611062391,8.386160850524902,0.5724096894264221,-5.326523303985596
1710535019633107614,8.568181991577148,0.37122803926467896,-5.276227951049805
1710535019636302792,8.466394424438477,0.43230101466178894,-5.195994853973389
1710535019663520884,8.550219535827637,0.7831714153289795,-5.199587345123291
1710535019678275110,8.535849571228027,0.8669970631599426,-5.358856201171875
1710535019680206951,8.370593070983887,0.8430469036102295,-5.243895053863525
1710535019698699892,8.316705703735352,0.6227051019668579,-5.32891845703125
1710535019719782496,8.6124906539917,0.13771362602710724,-5.36604118347168
1710535019736583134,8.592132568359375,0.28740233182907104,-5.134922027587891
1710535019757583007,8.483159065246582,0.6945556402206421,-5.175637245178223
1710535019766261796,8.510702133178711,0.6658154129981995,-5.934858322143555
1710535019816634308,8.087981224060059,0.4131408631801605,-5.465434551239014
1710535019835474627,8.339458465576172,0.27782225608825684,-5.42591667175293
1710535019863096763,8.219707489013672,0.5125342011451721,-5.635480880737305
1710535019880040165,8.375383377075195,0.6119275093078613,-5.684578895568848
1710535019898721620,8.641230583190918,0.5664221048355103,-5.007986068725586
1710535019905180636,8.617280006408691,0.526904284954071,-5.070256233215332
1710535019942941465,8.446036338806152,0.550854504108429,-5.275030612945557
1710535019999536303,8.578960418701172,0.45744872093200684,-5.355263710021973
1710535020020661372,8.638835906982422,0.4143383800983429,-5.070256233215332
1710535020022688262,8.515491485595703,0.3939807116985321,-5.222340106964111
1710535020037200118,8.378975868225098,0.6239025592803955,-5.358856201171875
1710535020066720565,8.493936538696289,0.7388635277748108,-5.361251354217529
1710535020085800802,8.47956657409668,0.6981481909751892,-5.373226165771484
1710535020087970480,8.47956657409668,0.6981481909751892,-5.373226165771484
1710535020094159536,8.606502532958984,0.31734007596969604,-5.029541015625
1710535020113211081,8.623268127441406,0.43110352754592896,-5.265450477600098
1710535020157291304,8.731043815612793,0.7699987888336182,-4.936135292053223
1710535020197391132,8.537047386169434,0.48259642720222473,-5.255870342254639
1710535020214223620,8.614885330200195,0.7328760027885437,-5.205574989318848
1710535020237199533,8.416098594665527,0.5412744283676147,-5.356461048126221
1710535020250060145,8.647217750549316,0.6442602276802063,-5.085824012756348
1710535020277266883,8.52507209777832,0.35206785798072815,-5.148094654083252
1710535020298464696,8.619675636291504,0.5436694622039795,-5.120551586151123
1710535020338411037,7.903564453125,0.5736072063446045,-5.848637580871582
1710535020361436147,8.137079238891602,0.37721556425094604,-5.294190883636475
1710535020386734653,8.328680038452148,0.10897339135408401,-5.782774448394775
1710535020420435611,8.395740509033203,0.9783654808998108,-4.99241828918457
1710535020432500768,8.339458465576172,0.5676196217536926,-5.308560848236084
1710535020445722503,8.339458465576172,0.5676196217536926,-5.308560848236084
1710535020456431052,8.55261516571045,0.37122803926467896,-5.263055324554443
1710535020479122732,8.526269912719727,0.6789880394935608,-5.344486236572266
1710535020514911858,8.498726844787598,0.5352868437767029,-5.27383279800415
1710535020561182332,8.471183776855469,0.5460644364356995,-5.188809871673584
1710535020579999232,8.431666374206543,0.586779773235321,-5.424719333648682
1710535020599047090,8.581355094909668,0.6251000761985779,-5.088219165802002
1710535020611576980,8.474776268005371,0.6658154129981995,-5.11216926574707
1710535020634655126,8.402926445007324,0.4682263135910034,-5.292993068695068
1710535020666267541,8.64482307434082,0.5712121725082397,-5.102589130401611
1710535020697869429,8.463998794555664,0.46223875880241394,-5.296585559844971
1710535020716739369,8.630453109741211,0.6981481909751892,-5.294190883636475
1710535020725147910,8.437653541564941,0.5065466165542603,-5.138514518737793
1710535020731418119,8.519084930419922,0.4682263135910034,-5.164859771728516
1710535020742027198,8.429271697998047,0.568817138671875,-5.373226165771484
1710535020804960820,8.551417350769043,0.36643800139427185,-5.260660171508789
1710535020842855114,8.412506103515625,0.5448669195175171,-5.198390007019043
1710535020846842949,8.528664588928223,0.6262975931167603,-5.005590915679932
1710535020874234610,8.499924659729004,0.5245092511177063,-5.327721118927002
1710535020880461506,8.137079238891602,0.45625123381614685,-6.128854751586914
1710535020901565371,8.790919303894043,0.7400610446929932,-4.257147312164307
1710535020931035259,8.543034553527832,0.9077123999595642,-5.083428859710693
1710535020971155461,8.648415565490723,1.0789562463760376,-4.920567512512207
1710535020989988225,8.493936538696289,0.5472619533538818,-4.875062465667725
1710535021010977161,8.60770034790039,0.8622070550918579,-5.192402362823486
1710535021048967628,8.356223106384277,0.3736230432987213,-5.282215595245361
1710535021061517681,8.606502532958984,0.4837939441204071,-5.170846939086914
1710535021073853741,8.425678253173828,0.4287084937095642,-5.17204475402832
1710535021082333241,8.55261516571045,0.3640429675579071,-5.3241286277771
1710535021107717805,8.508306503295898,0.5328918695449829,-5.295388221740723
1710535021113938787,8.828042030334473,0.5448669195175171,-5.36604118347168
1710535021122444632,8.24844741821289,0.6622229218482971,-5.230722427368164
1710535021175243816,8.504714012145996,0.3197351098060608,-5.270240306854248
1710535021223605313,8.510702133178711,0.4837939441204071,-5.193599700927734
1710535021247001086,8.595725059509277,0.5592370629310608,-5.093008995056152
1710535021269723347,8.527466773986816,0.4382885694503784,-5.342091083526611
1710535021276383817,8.504714012145996,0.5352868437767029,-5.114564418792725
1710535021295225302,8.499924659729004,0.5029541254043579,-5.300178050994873
1710535021316097141,8.449628829956055,0.5436694622039795,-5.235512733459473
1710535021345588167,8.514294624328613,0.4897814989089966,-5.078639030456543
1710535021351955536,8.469986915588379,0.5245092511177063,-5.380411148071289
1710535021370834612,8.578960418701172,0.34608033299446106,-5.241500377655029
1710535021392058280,8.596922874450684,0.6418652534484863,-5.475014686584473
1710535021412950132,8.486751556396484,0.3400927782058716,-4.848717212677002
1710535021440317652,8.565787315368652,1.0801538228988647,-4.505031585693359
1710535021461248123,8.466394424438477,0.28261229395866394,-5.337301254272461
1710535021482591895,8.376581192016602,0.3796105980873108,-5.345683574676514
1710535021507904396,8.602910041809082,0.4682263135910034,-5.368436336517334
1710535021520570246,8.287964820861816,0.44547364115715027,-5.374423980712891
1710535021545755025,8.509504318237305,0.5340893268585205,-4.864284515380859
1710535021564825508,8.563392639160156,0.7412585616111755,-5.175637245178223
1710535021587874971,8.655600547790527,0.4095483422279358,-5.457052230834961
1710535021613034446,8.399333953857422,0.6227051019668579,-5.506149768829346
1710535021630262360,8.683143615722656,0.5412744283676147,-5.081033706665039
1710535021648600212,8.503517150878906,0.7077282667160034,-5.075046539306641
1710535021657408861,8.522677421569824,0.5879772901535034,-5.187612533569336
1710535021671878484,8.440049171447754,0.5304968357086182,-5.433101654052734
1710535021703448213,8.469986915588379,0.5245092511177063,-5.090613842010498
1710535021722407090,8.499924659729004,0.43230101466178894,-5.190007209777832
1710535021743479753,8.497529029846191,0.5724096894264221,-5.199587345123291
1710535021762280197,8.507109642028809,0.4095483422279358,-5.331313610076904
1710535021772937303,8.499924659729004,0.4502636790275574,-5.168452262878418
1710535021793834628,8.4927396774292,0.6239025592803955,-5.215155124664307
1710535021800194694,8.471183776855469,0.5005590915679932,-5.326523303985596
1710535021819254095,8.4927396774292,0.30656251311302185,-5.326523303985596
1710535021831660183,8.513096809387207,0.4849914610385895,-5.115761756896973
1710535021844567511,8.463998794555664,0.5400769114494324,-5.240302562713623
1710535021861320593,8.560997009277344,0.5304968357086182,-5.342091083526611
1710535021888831326,8.558602333068848,0.48738646507263184,-5.362448692321777
1710535021909475159,8.395740509033203,0.4442761242389679,-5.200784683227539
1710535021930544730,8.51668930053711,0.4802014231681824,-5.199587345123291
1710535021941049187,8.543034553527832,0.5628296136856079,-5.852230072021484
1710535021972616161,8.325087547302246,0.4742138683795929,-5.926476001739502
1710535021976760199,8.357420921325684,0.28740233182907104,-4.652325630187988
1710535021989224386,8.725055694580078,0.9807605147361755,-4.13140869140625
1710535022012643825,8.497529029846191,0.040715333074331284,-5.569617748260498
1710535022034967394,8.564589500427246,0.49576905369758606,-5.199587345123291
1710535022044202326,8.860374450683594,0.7652087211608887,-5.063071250915527
1710535022069177244,8.746611595153809,0.6131250262260437,-5.352868556976318
1710535022130367411,8.461604118347168,0.41194334626197815,-5.156476974487305
1710535022140645572,8.402926445007324,0.5005590915679932,-5.352868556976318
1710535022155386895,8.596922874450684,0.4550537168979645,-5.330115795135498
1710535022184751390,8.665180206298828,0.4981640577316284,-5.096601486206055
1710535022193152054,8.557404518127441,0.6095324754714966,-5.194797515869141
1710535022205610402,8.557404518127441,0.6095324754714966,-5.194797515869141
1710535022222570473,8.45681381225586,0.5221142768859863,-5.290597915649414
1710535022232755143,8.447234153747559,0.5855822563171387,-5.103786468505859
1710535022241587997,8.48794937133789,0.48139894008636475,-5.416336536407471
1710535022287716441,8.481961250305176,0.47062134742736816,-5.180427074432373
1710535022340593921,8.484356880187988,0.5077441334724426,-5.446274280548096
1710535022361533248,8.4927396774292,0.5197192430496216,-5.065466403961182
1710535022374320609,8.606502532958984,0.5855822563171387,-5.133724212646484
1710535022386921594,8.436456680297852,0.616717517375946,-5.223537445068359
1710535022420548214,8.46519660949707,0.5496569871902466,-5.057083606719971
1710535022432357814,8.441246032714844,0.65863037109375,-5.253475189208984
1710535022449584636,8.60770034790039,0.48259642720222473,-5.253475189208984
1710535022456166369,8.575366973876953,0.39278319478034973,-5.339695930480957
1710535022496142806,8.501121520996094,0.5304968357086182,-5.304968357086182
1710535022519218444,8.82444953918457,0.7496411204338074,-4.302652359008789
1710535022546440794,8.589737892150879,0.9687854051589966,-4.568499565124512
1710535022584337493,8.781338691711426,0.7352709770202637,-5.125341892242432
1710535022609555300,8.665180206298828,0.6298901438713074,-5.224735260009766
1710535022636961793,8.435258865356445,0.4442761242389679,-5.463039398193359
1710535022638854621,8.557404518127441,0.5460644364356995,-5.016368389129639
1710535022677113207,8.596922874450684,0.6730005145072937,-5.110971450805664
1710535022763207741,8.53944206237793,0.4885839819908142,-5.279820442199707
1710535022779925855,8.447234153747559,0.5340893268585205,-5.051095962524414
1710535022796596247,8.52507209777832,0.6753954887390137,-5.115761756896973
1710535022807202374,8.558602333068848,0.5185217261314392,-5.212759971618652
1710535022817658776,8.466394424438477,0.4742138683795929,-5.181624889373779
1710535022872156844,8.623268127441406,0.670605480670929,-5.095404148101807
1710535022901637612,8.541836738586426,0.4682263135910034,-5.397176742553711
1710535022954440146,8.45681381225586,0.5987548828125,-5.155279636383057
1710535022960892862,8.46519660949707,0.5400769114494324,-5.113366603851318
1710535022983727636,8.614885330200195,0.5412744283676147,-5.302573204040527
1710535023002737790,8.580157279968262,0.3592529296875,-5.325325965881348
1710535023019677552,8.570577621459961,0.6346801519393921,-5.133724212646484
1710535023038390747,8.66757583618164,0.5460644364356995,-5.849835395812988
1710535023053296017,8.4927396774292,0.3245251476764679,-5.447472095489502
1710535023061665358,8.690328598022461,0.9448351860046387,-4.272714614868164
1710535023076512690,8.660390853881836,0.7400610446929932,-4.9648756980896
1710535023099608994,8.303532600402832,0.3197351098060608,-5.254673004150391
1710535023118615597,8.668773651123047,0.7688012719154358,-4.772076606750488
1710535023129090565,8.582552909851074,0.6646178960800171,-4.928950309753418
1710535023145955968,8.499924659729004,0.6191125512123108,-5.257067680358887
1710535023175606443,8.425678253173828,0.5113366842269897,-5.325325965881348
1710535023192500023,8.574170112609863,0.5484594702720642,-5.031936168670654
1710535023202716781,8.471183776855469,0.5736072063446045,-5.35167121887207
1710535023236351212,8.505911827087402,0.4550537168979645,-5.430706977844238
1710535023259557219,8.459209442138672,0.5843847393989563,-5.36604118347168
1710535023267958559,8.535849571228027,0.5544469952583313,-5.242697715759277
1710535023278569171,8.56219482421875,0.6526428461074829,-5.218747615814209
1710535023288867092,8.60770034790039,0.5041515827178955,-5.119354248046875
1710535023309857688,8.563392639160156,0.5903723239898682,-5.23192024230957
1710535023324605244,8.513096809387207,0.6741979718208313,-5.035528659820557
1710535023360185157,8.556207656860352,0.5760021805763245,-5.248685359954834
1710535023364443674,8.648415565490723,0.520916759967804,-5.113366603851318
1710535023389641868,8.589737892150879,0.5292993187904358,-5.337301254272461
1710535023404458094,8.624464988708496,0.646655261516571,-5.225932598114014
1710535023421243353,8.519084930419922,0.4203259348869324,-5.368436336517334
1710535023435824700,8.55261516571045,0.5927673578262329,-5.104984283447266
1710535023456960542,8.535849571228027,0.5077441334724426,-5.181624889373779
1710535023482937743,8.503517150878906,0.6191125512123108,-5.167254447937012
1710535023499111644,8.549022674560547,0.4849914610385895,-5.312153339385986
1710535023511447449,8.483159065246582,0.586779773235321,-5.205574989318848
1710535023532850320,8.618477821350098,0.610729992389679,-5.259462833404541
1710535023537106736,8.440049171447754,0.526904284954071,-5.203179836273193
1710535023549773615,8.543034553527832,0.550854504108429,-5.047503471374512
1710535023560917634,8.533454895019531,0.5544469952583313,-5.24629020690918
1710535023579403744,8.44244384765625,0.49097901582717896,-5.195994853973389
1710535023581524117,8.57656478881836,0.5436694622039795,-4.945715427398682
1710535023587804400,8.678353309631348,0.8023315668106079,-4.711003303527832
1710535023612997364,8.210126876831055,0.6694079637527466,-4.778063774108887
1710535023619056491,8.455615997314453,0.36164796352386475,-5.049898624420166
1710535023633991781,8.480764389038086,0.8514294624328613,-4.616400241851807
1710535023642498145,8.480764389038086,0.8514294624328613,-4.616400241851807
1710535023656842997,8.544232368469238,0.23830443620681763,-5.131329536437988
1710535023669674985,8.544232368469238,0.23830443620681763,-5.131329536437988
1710535023688795460,8.647217750549316,0.6574328541755676,-5.560037612915039
1710535023703344645,8.192164421081543,0.6526428461074829,-5.057083606719971
1710535023722627621,8.30832290649414,-0.13771362602710724,-5.318140983581543
1710535023745741753,8.30832290649414,-0.13771362602710724,-5.318140983581543
1710535023766510850,8.535849571228027,0.48618897795677185,-5.354066371917725
1710535023775148738,8.483159065246582,0.6526428461074829,-5.399571418762207
1710535023796342525,8.365802764892578,0.3987707495689392,-5.275030612945557
1710535023808930743,8.7418212890625,0.5496569871902466,-5.155279636383057
1710535023829280855,8.471183776855469,0.6945556402206421,-5.397176742553711
1710535023850709462,8.352630615234375,0.6741979718208313,-5.325325965881348
1710535023867750037,8.534651756286621,0.3592529296875,-5.357658863067627
1710535023874101557,8.625662803649902,0.2646496593952179,-5.538482666015625
1710535023880177559,8.425678253173828,0.4299060106277466,-5.26425313949585
1710535023892817252,8.570577621459961,0.23351439833641052,-5.137316703796387
1710535023901228473,8.486751556396484,0.14250366389751434,-5.055886268615723
1710535023918180660,8.514294624328613,0.38679563999176025,-5.576803207397461
1710535023933108486,8.626860618591309,0.4035607874393463,-5.649850845336914
1710535023955845187,8.39693832397461,0.7232959270477295,-5.375621318817139
1710535023962167242,8.471183776855469,0.7688012719154358,-5.641468524932861
1710535023981050865,8.09277057647705,0.850231945514679,-5.484594821929932
1710535024033437771,8.16581916809082,0.34608033299446106,-5.555247783660889
1710535024060690167,8.45202350616455,0.7759863138198853,-5.097799301147461
1710535024069125072,8.311915397644043,0.3987707495689392,-5.854625225067139
1710535024088399024,8.224496841430664,0.4346960484981537,-5.797144889831543
1710535024109568653,8.347840309143066,0.3939807116985321,-5.467829704284668
1710535024115512773,8.135881423950195,-0.22632934153079987,-5.236710071563721
1710535024134612032,8.66757583618164,0.45265868306159973,-5.490582466125488
1710535024153522665,8.119115829467773,0.748443603515625,-5.537285327911377
1710535024164048483,8.214917182922363,0.7244933843612671,-5.760022163391113
1710535024180840688,8.214917182922363,0.7244933843612671,-5.760022163391113
1710535024193538117,8.167016983032227,0.5185217261314392,-5.2043776512146
1710535024260731375,8.218509674072266,0.020357666537165642,-5.868995189666748
1710535024281971517,8.346643447875977,0.12334350496530533,-5.987548828125
1710535024300849756,7.962242603302002,0.3640429675579071,-5.255870342254639
1710535024307119695,8.363408088684082,0.5340893268585205,-5.465434551239014
1710535024332242717,8.270002365112305,0.2933898866176605,-5.809119701385498
1710535024349828212,8.386160850524902,0.20597167313098907,-5.522914886474609
1710535024363982505,8.455615997314453,-0.24668700993061066,-5.965993881225586
1710535024380786037,8.434061050415039,-0.24668700993061066,-5.965993881225586
1710535024412498392,8.155041694641113,-0.021555176004767418,-5.991141319274902
1710535024437535011,8.029302597045898,0.06706054508686066,-6.013894081115723
1710535024466936890,8.001760482788086,0.07783813774585724,-5.988746166229248
1710535024473148668,8.304730415344238,0.089813232421875,-5.434299468994141
1710535024498462998,8.250842094421387,0.31614258885383606,-5.908513069152832
1710535024519498164,8.14306640625,0.19639159739017487,-6.097719669342041
1710535024532089484,8.14306640625,0.19639159739017487,-6.097719669342041
1710535024548753474,8.388555526733398,0.02634521573781967,-5.648653507232666
1710535024566029630,8.125103950500488,0.1245410144329071,-6.006709098815918
1710535024607932158,8.283175468444824,0.1892065405845642,-5.484594821929932
1710535024624732328,8.295149803161621,0.020357666537165642,-5.512137413024902
1710535024682143739,8.200547218322754,0.1293310523033142,-5.829477310180664
1710535024700645185,8.192164421081543,0.11855346709489822,-5.817502498626709
1710535024715239539,8.192164421081543,0.11855346709489822,-5.817502498626709
1710535024729868101,8.231681823730469,0.15687377750873566,-5.754034519195557
1710535024771893366,8.236472129821777,0.11615844815969467,-5.625900745391846
1710535024778164316,8.295149803161621,0.18561401963233948,-5.528902530670166
1710535024796933784,8.246051788330078,0.26105713844299316,-5.663023471832275
1710535024813686649,8.24844741821289,0.2143542468547821,-5.722898960113525
1710535024853682461,8.234077453613281,0.17603392899036407,-5.794749736785889
1710535024857718860,8.192164421081543,0.05029540881514549,-5.870193004608154
1710535024881179718,8.266409873962402,0.520916759967804,-5.715713977813721
1710535024898216502,8.199349403381348,0.44667112827301025,-5.751639366149902
1710535024939998825,8.266409873962402,0.20597167313098907,-5.794749736785889
1710535024990374311,8.27718734741211,0.18202148377895355,-5.678591251373291
1710535025019833882,8.214917182922363,0.16645385324954987,-5.779181957244873
1710535025063817243,8.258027076721191,0.2347119152545929,-5.718109130859375
1710535025091208138,8.250842094421387,0.16765137016773224,-5.702541351318359
1710535025116582631,8.192164421081543,0.2191442847251892,-5.842649936676025
1710535025145934577,8.24006462097168,0.08382568508386612,-5.636678695678711
1710535025183753253,8.237669944763184,0.239501953125,-5.719306468963623
1710535025213292691,8.177794456481934,0.3005749583244324,-5.821094989776611
1710535025251232221,8.237669944763184,0.16765137016773224,-5.642665863037109
1710535025261730297,8.220904350280762,0.05987548828125,-5.682183742523193
1710535025274567669,8.186176300048828,0.1341210901737213,-5.8031325340271
1710535025293501303,8.238866806030273,0.2251318395137787,-5.71092414855957
1710535025316465682,8.220904350280762,0.10777588188648224,-5.724096775054932
1710535025339673528,8.24006462097168,0.1951940953731537,-5.715713977813721
1710535025354463627,8.213719367980957,0.24788452684879303,-5.742059230804443
1710535025375476627,8.234077453613281,0.2933898866176605,-5.685776233673096
1710535025392277816,8.224496841430664,0.22872436046600342,-5.793552398681641
1710535025415382683,8.18018913269043,0.21195922791957855,-5.809119701385498
1710535025425779851,8.18018913269043,0.21195922791957855,-5.809119701385498
1710535025459488288,8.247249603271484,0.20237915217876434,-5.6929612159729
1710535025484580543,8.231681823730469,0.3149450719356537,-5.75283670425415
1710535025493082498,8.229287147521973,0.18561401963233948,-5.736071586608887
1710535025509972595,8.241262435913086,0.18321900069713593,-5.760022163391113
1710535025524709151,8.244854927062988,0.23590941727161407,-5.746849536895752
1710535025564510033,8.205336570739746,0.209564208984375,-5.702541351318359
1710535025585587886,8.201744079589844,0.13052856922149658,-5.748046875
1710535025652990579,8.220904350280762,0.16286133229732513,-5.708528995513916
1710535025688529290,8.20294189453125,0.2239343225955963,-5.737269401550293
1710535025707641293,8.271200180053711,0.2538720667362213,-5.719306468963623
1710535025772965913,8.287964820861816,0.32093262672424316,-5.72529411315918
1710535025801682474,8.200547218322754,0.09939330816268921,-5.72529411315918
1710535025814170713,8.236472129821777,0.20357665419578552,-5.680986404418945
1710535025835717170,8.170609474182129,0.19878661632537842,-5.75283670425415
1710535025852236169,8.192164421081543,0.04430786147713661,-5.652245998382568
1710535025879637195,8.186176300048828,0.28261229395866394,-5.78516960144043
1710535025909035036,8.2532377243042,0.17244140803813934,-5.642665863037109
1710535025967829750,8.218509674072266,0.21195922791957855,-5.767207145690918
1710535025982669159,8.243657112121582,0.10059081763029099,-5.588778018951416
1710535026003593583,8.18018913269043,0.3544628918170929,-5.846242904663086
1710535026032579154,8.243657112121582,0.20716919004917145,-5.689368724822998
1710535026043566796,8.241262435913086,0.2047741711139679,-5.716911792755127
1710535026066576717,8.223299980163574,0.1353186070919037,-5.724096775054932
1710535026089941099,8.235274314880371,0.12334350496530533,-5.727689266204834
1710535026096345458,8.216114044189453,0.19758911430835724,-5.719306468963623
1710535026106570506,8.204139709472656,0.17723144590854645,-5.767207145690918
1710535026115022984,8.228089332580566,0.10657837241888046,-5.677393913269043
1710535026125480846,8.210126876831055,0.24189697206020355,-5.780379772186279
